Color,BT_Score
blue,0.2611575109367479
purple,0.089850495469598
green,0.025045417995592345
red,0.02504449803701192
yellow,-0.40109792243895726
