Color,BT_Score
blue,0.2630055313396866
red,0.09918332167524824
purple,0.07475549143172344
green,0.05035466244297737
yellow,-0.4872990068896357
