Color,BT_Score
Meta,0.04576065650217487
Google,0.045738916963387055
Apple,0.011455832167406754
Microsoft,-0.005733521982421053
Tesla,-0.017139815677424508
Amazon,-0.01714595788228479
Nvidia,-0.06293611009088096
