Color,BT_Score
Google,0.09738410492219884
Meta,0.05155644625105538
Apple,0.0515413978713255
Amazon,-0.005695887356189644
Microsoft,-0.017131154911254498
Tesla,-0.022871887762768495
Nvidia,-0.15478301901436708
