template_idx,score_a,score_b,a_brand,a_screen,a_ram,b_brand,b_screen,b_ram
0,-12.625,9.5,ASUS,13-inch,4GB,ASUS,13-inch,8GB
0,-13.125,9.5,ASUS,13-inch,4GB,ASUS,13-inch,16GB
0,-4.03125,9.5,ASUS,13-inch,4GB,ASUS,14-inch,4GB
0,-13.875,9.5,ASUS,13-inch,4GB,ASUS,14-inch,8GB
0,-12.625,9.5,ASUS,13-inch,4GB,ASUS,14-inch,16GB
0,-1.703125,9.3125,ASUS,13-inch,4GB,ASUS,16-inch,4GB
0,-11.125,9.5,ASUS,13-inch,4GB,ASUS,16-inch,8GB
0,-7.25,9.5,ASUS,13-inch,4GB,ASUS,16-inch,16GB
0,-0.0007171630859375,2.875,ASUS,13-inch,4GB,Lenovo,13-inch,4GB
0,-12.5,9.5,ASUS,13-inch,4GB,Lenovo,13-inch,8GB
0,-12.0,9.5,ASUS,13-inch,4GB,Lenovo,13-inch,16GB
0,-0.00041961669921875,2.625,ASUS,13-inch,4GB,Lenovo,14-inch,4GB
0,-12.5,9.5,ASUS,13-inch,4GB,Lenovo,14-inch,8GB
0,-11.125,9.5,ASUS,13-inch,4GB,Lenovo,14-inch,16GB
0,-0.0135498046875,5.25,ASUS,13-inch,4GB,Lenovo,16-inch,4GB
0,-10.5,9.5,ASUS,13-inch,4GB,Lenovo,16-inch,8GB
0,-8.625,9.5,ASUS,13-inch,4GB,Lenovo,16-inch,16GB
0,0.0001220703125,1.875,ASUS,13-inch,4GB,HP,13-inch,4GB
0,-12.5,9.5,ASUS,13-inch,4GB,HP,13-inch,8GB
0,-11.875,9.5,ASUS,13-inch,4GB,HP,13-inch,16GB
0,-0.000301361083984375,2.5,ASUS,13-inch,4GB,HP,14-inch,4GB
0,-12.625,9.5,ASUS,13-inch,4GB,HP,14-inch,8GB
0,-11.125,9.5,ASUS,13-inch,4GB,HP,14-inch,16GB
0,-0.015380859375,5.34375,ASUS,13-inch,4GB,HP,16-inch,4GB
0,-10.125,9.5,ASUS,13-inch,4GB,HP,16-inch,8GB
0,-8.5,9.5,ASUS,13-inch,4GB,HP,16-inch,16GB
0,-0.000194549560546875,2.375,ASUS,13-inch,4GB,Dell,13-inch,4GB
0,-12.125,9.5,ASUS,13-inch,4GB,Dell,13-inch,8GB
0,-11.25,9.5,ASUS,13-inch,4GB,Dell,13-inch,16GB
0,-0.00041961669921875,2.625,ASUS,13-inch,4GB,Dell,14-inch,4GB
0,-12.0,9.5,ASUS,13-inch,4GB,Dell,14-inch,8GB
0,-10.125,9.5,ASUS,13-inch,4GB,Dell,14-inch,16GB
0,-0.003997802734375,4.125,ASUS,13-inch,4GB,Dell,16-inch,4GB
0,-10.25,9.5,ASUS,13-inch,4GB,Dell,16-inch,8GB
0,-7.5,9.5,ASUS,13-inch,4GB,Dell,16-inch,16GB
0,0.000274658203125,1.5,ASUS,13-inch,4GB,Apple,13-inch,4GB
0,-11.25,9.5,ASUS,13-inch,4GB,Apple,13-inch,8GB
0,-9.5,9.5,ASUS,13-inch,4GB,Apple,13-inch,16GB
0,0.0003795623779296875,1.125,ASUS,13-inch,4GB,Apple,14-inch,4GB
0,-10.875,9.5,ASUS,13-inch,4GB,Apple,14-inch,8GB
0,-8.75,9.5,ASUS,13-inch,4GB,Apple,14-inch,16GB
0,0.000576019287109375,-0.75,ASUS,13-inch,4GB,Apple,16-inch,4GB
0,-10.25,9.5,ASUS,13-inch,4GB,Apple,16-inch,8GB
0,-0.017578125,5.46875,ASUS,13-inch,4GB,Apple,16-inch,16GB
0,0.0003490447998046875,1.25,ASUS,13-inch,8GB,ASUS,13-inch,4GB
0,-5.75,9.5,ASUS,13-inch,8GB,ASUS,13-inch,16GB
0,-8.0,9.5,ASUS,13-inch,8GB,ASUS,14-inch,4GB
0,-2.34375,9.375,ASUS,13-inch,8GB,ASUS,14-inch,8GB
0,-0.005340576171875,4.375,ASUS,13-inch,8GB,ASUS,14-inch,16GB
0,-0.57421875,8.6875,ASUS,13-inch,8GB,ASUS,16-inch,4GB
0,-0.0225830078125,5.75,ASUS,13-inch,8GB,ASUS,16-inch,8GB
0,-0.00531005859375,4.375,ASUS,13-inch,8GB,ASUS,16-inch,16GB
0,0.0002307891845703125,1.625,ASUS,13-inch,8GB,Lenovo,13-inch,4GB
0,-6.0,9.5,ASUS,13-inch,8GB,Lenovo,13-inch,8GB
0,-0.006103515625,4.5,ASUS,13-inch,8GB,Lenovo,13-inch,16GB
0,-10.375,9.5,ASUS,13-inch,8GB,Lenovo,14-inch,4GB
0,-4.75,9.5,ASUS,13-inch,8GB,Lenovo,14-inch,8GB
0,-0.0015869140625,3.375,ASUS,13-inch,8GB,Lenovo,14-inch,16GB
0,-8.125,9.5,ASUS,13-inch,8GB,Lenovo,16-inch,4GB
0,-0.1591796875,7.59375,ASUS,13-inch,8GB,Lenovo,16-inch,8GB
0,-0.00131988525390625,3.25,ASUS,13-inch,8GB,Lenovo,16-inch,16GB
0,0.0003147125244140625,1.375,ASUS,13-inch,8GB,HP,13-inch,4GB
0,-5.875,9.5,ASUS,13-inch,8GB,HP,13-inch,8GB
0,-0.00701904296875,4.625,ASUS,13-inch,8GB,HP,13-inch,16GB
0,-8.625,9.5,ASUS,13-inch,8GB,HP,14-inch,4GB
0,-3.765625,9.5,ASUS,13-inch,8GB,HP,14-inch,8GB
0,-0.0015869140625,3.375,ASUS,13-inch,8GB,HP,14-inch,16GB
0,-6.75,9.5,ASUS,13-inch,8GB,HP,16-inch,4GB
0,-0.0478515625,6.4375,ASUS,13-inch,8GB,HP,16-inch,8GB
0,-0.0025787353515625,3.75,ASUS,13-inch,8GB,HP,16-inch,16GB
0,0.0003490447998046875,1.25,ASUS,13-inch,8GB,Dell,13-inch,4GB
0,-5.75,9.5,ASUS,13-inch,8GB,Dell,13-inch,8GB
0,-0.002197265625,3.625,ASUS,13-inch,8GB,Dell,13-inch,16GB
0,-8.75,9.5,ASUS,13-inch,8GB,Dell,14-inch,4GB
0,-3.765625,9.5,ASUS,13-inch,8GB,Dell,14-inch,8GB
0,-0.00072479248046875,2.875,ASUS,13-inch,8GB,Dell,14-inch,16GB
0,-7.0,9.5,ASUS,13-inch,8GB,Dell,16-inch,4GB
0,-0.033203125,6.09375,ASUS,13-inch,8GB,Dell,16-inch,8GB
0,-0.00131988525390625,3.25,ASUS,13-inch,8GB,Dell,16-inch,16GB
0,-9.125,9.5,ASUS,13-inch,8GB,Apple,13-inch,4GB
0,-5.625,9.5,ASUS,13-inch,8GB,Apple,13-inch,8GB
0,-0.00299072265625,3.875,ASUS,13-inch,8GB,Apple,13-inch,16GB
0,-10.125,9.5,ASUS,13-inch,8GB,Apple,14-inch,4GB
0,-6.375,9.5,ASUS,13-inch,8GB,Apple,14-inch,8GB
0,-0.00089263916015625,3.0,ASUS,13-inch,8GB,Apple,14-inch,16GB
0,-0.3125,8.1875,ASUS,13-inch,8GB,Apple,16-inch,4GB
0,-0.1591796875,7.59375,ASUS,13-inch,8GB,Apple,16-inch,8GB
0,-0.00089263916015625,3.0,ASUS,13-inch,8GB,Apple,16-inch,16GB
0,-0.00109100341796875,3.125,ASUS,13-inch,16GB,ASUS,13-inch,4GB
0,-9.375,9.5,ASUS,13-inch,16GB,ASUS,13-inch,8GB
0,-17.5,9.5,ASUS,13-inch,16GB,ASUS,14-inch,4GB
0,-7.125,9.5,ASUS,13-inch,16GB,ASUS,14-inch,8GB
0,-0.1787109375,7.6875,ASUS,13-inch,16GB,ASUS,14-inch,16GB
0,-8.0,9.5,ASUS,13-inch,16GB,ASUS,16-inch,4GB
0,-6.5,9.5,ASUS,13-inch,16GB,ASUS,16-inch,8GB
0,-0.01190185546875,5.125,ASUS,13-inch,16GB,ASUS,16-inch,16GB
0,-9.25,9.5,ASUS,13-inch,16GB,Lenovo,13-inch,4GB
0,-7.5,9.5,ASUS,13-inch,16GB,Lenovo,13-inch,8GB
0,-4.375,9.5,ASUS,13-inch,16GB,Lenovo,13-inch,16GB
0,-19.125,9.5,ASUS,13-inch,16GB,Lenovo,14-inch,4GB
0,-5.75,9.5,ASUS,13-inch,16GB,Lenovo,14-inch,8GB
0,-5.625,9.5,ASUS,13-inch,16GB,Lenovo,14-inch,16GB
0,-14.375,9.5,ASUS,13-inch,16GB,Lenovo,16-inch,4GB
0,-5.625,9.5,ASUS,13-inch,16GB,Lenovo,16-inch,8GB
0,-0.3125,8.1875,ASUS,13-inch,16GB,Lenovo,16-inch,16GB
0,-6.5,9.5,ASUS,13-inch,16GB,HP,13-inch,4GB
0,-7.375,9.5,ASUS,13-inch,16GB,HP,13-inch,8GB
0,-4.75,9.5,ASUS,13-inch,16GB,HP,13-inch,16GB
0,-17.5,9.5,ASUS,13-inch,16GB,HP,14-inch,4GB
0,-6.25,9.5,ASUS,13-inch,16GB,HP,14-inch,8GB
0,-5.5,9.5,ASUS,13-inch,16GB,HP,14-inch,16GB
0,-11.25,9.5,ASUS,13-inch,16GB,HP,16-inch,4GB
0,-5.75,9.5,ASUS,13-inch,16GB,HP,16-inch,8GB
0,-0.2001953125,7.8125,ASUS,13-inch,16GB,HP,16-inch,16GB
0,-6.25,9.5,ASUS,13-inch,16GB,Dell,13-inch,4GB
0,-7.375,9.5,ASUS,13-inch,16GB,Dell,13-inch,8GB
0,-4.75,9.5,ASUS,13-inch,16GB,Dell,13-inch,16GB
0,-17.875,9.5,ASUS,13-inch,16GB,Dell,14-inch,4GB
0,-5.375,9.5,ASUS,13-inch,16GB,Dell,14-inch,8GB
0,-5.75,9.5,ASUS,13-inch,16GB,Dell,14-inch,16GB
0,-12.5,9.5,ASUS,13-inch,16GB,Dell,16-inch,4GB
0,-4.5,9.5,ASUS,13-inch,16GB,Dell,16-inch,8GB
0,-0.2001953125,7.8125,ASUS,13-inch,16GB,Dell,16-inch,16GB
0,-15.125,9.5,ASUS,13-inch,16GB,Apple,13-inch,4GB
0,-6.0,9.5,ASUS,13-inch,16GB,Apple,13-inch,8GB
0,-3.171875,9.4375,ASUS,13-inch,16GB,Apple,13-inch,16GB
0,-15.875,9.5,ASUS,13-inch,16GB,Apple,14-inch,4GB
0,-5.75,9.5,ASUS,13-inch,16GB,Apple,14-inch,8GB
0,-5.75,9.5,ASUS,13-inch,16GB,Apple,14-inch,16GB
0,-9.25,9.5,ASUS,13-inch,16GB,Apple,16-inch,4GB
0,-3.046875,9.4375,ASUS,13-inch,16GB,Apple,16-inch,8GB
0,-2.578125,9.4375,ASUS,13-inch,16GB,Apple,16-inch,16GB
0,0.00060272216796875,-2.25,ASUS,14-inch,4GB,ASUS,13-inch,4GB
0,-13.875,9.5,ASUS,14-inch,4GB,ASUS,13-inch,8GB
0,-13.75,9.5,ASUS,14-inch,4GB,ASUS,13-inch,16GB
0,-14.125,9.5,ASUS,14-inch,4GB,ASUS,14-inch,8GB
0,-14.875,9.5,ASUS,14-inch,4GB,ASUS,14-inch,16GB
0,-0.01043701171875,5.0,ASUS,14-inch,4GB,ASUS,16-inch,4GB
0,-12.625,9.5,ASUS,14-inch,4GB,ASUS,16-inch,8GB
0,-8.75,9.5,ASUS,14-inch,4GB,ASUS,16-inch,16GB
0,0.0004520416259765625,0.75,ASUS,14-inch,4GB,Lenovo,13-inch,4GB
0,-11.875,9.5,ASUS,14-inch,4GB,Lenovo,13-inch,8GB
0,-11.75,9.5,ASUS,14-inch,4GB,Lenovo,13-inch,16GB
0,-0.00041961669921875,2.625,ASUS,14-inch,4GB,Lenovo,14-inch,4GB
0,-13.125,9.5,ASUS,14-inch,4GB,Lenovo,14-inch,8GB
0,-13.25,9.5,ASUS,14-inch,4GB,Lenovo,14-inch,16GB
0,-0.00299072265625,3.875,ASUS,14-inch,4GB,Lenovo,16-inch,4GB
0,-11.25,9.5,ASUS,14-inch,4GB,Lenovo,16-inch,8GB
0,-9.375,9.5,ASUS,14-inch,4GB,Lenovo,16-inch,16GB
0,0.000545501708984375,-0.125,ASUS,14-inch,4GB,HP,13-inch,4GB
0,-12.0,9.5,ASUS,14-inch,4GB,HP,13-inch,8GB
0,-11.375,9.5,ASUS,14-inch,4GB,HP,13-inch,16GB
0,0.0001220703125,1.875,ASUS,14-inch,4GB,HP,14-inch,4GB
0,-13.5,9.5,ASUS,14-inch,4GB,HP,14-inch,8GB
0,-12.75,9.5,ASUS,14-inch,4GB,HP,14-inch,16GB
0,-0.00347900390625,4.0,ASUS,14-inch,4GB,HP,16-inch,4GB
0,-11.5,9.5,ASUS,14-inch,4GB,HP,16-inch,8GB
0,-9.25,9.5,ASUS,14-inch,4GB,HP,16-inch,16GB
0,0.00048828125,0.5,ASUS,14-inch,4GB,Dell,13-inch,4GB
0,-11.75,9.5,ASUS,14-inch,4GB,Dell,13-inch,8GB
0,-11.375,9.5,ASUS,14-inch,4GB,Dell,13-inch,16GB
0,-0.000301361083984375,2.5,ASUS,14-inch,4GB,Dell,14-inch,4GB
0,-13.25,9.5,ASUS,14-inch,4GB,Dell,14-inch,8GB
0,-12.25,9.5,ASUS,14-inch,4GB,Dell,14-inch,16GB
0,-0.001861572265625,3.5,ASUS,14-inch,4GB,Dell,16-inch,4GB
0,-11.5,9.5,ASUS,14-inch,4GB,Dell,16-inch,8GB
0,-8.75,9.5,ASUS,14-inch,4GB,Dell,16-inch,16GB
0,0.0003795623779296875,1.125,ASUS,14-inch,4GB,Apple,13-inch,4GB
0,-10.75,9.5,ASUS,14-inch,4GB,Apple,13-inch,8GB
0,-10.0,9.5,ASUS,14-inch,4GB,Apple,13-inch,16GB
0,0.00048828125,0.5,ASUS,14-inch,4GB,Apple,14-inch,4GB
0,-11.75,9.5,ASUS,14-inch,4GB,Apple,14-inch,8GB
0,-10.0,9.5,ASUS,14-inch,4GB,Apple,14-inch,16GB
0,0.0005340576171875,0.0,ASUS,14-inch,4GB,Apple,16-inch,4GB
0,-10.5,9.5,ASUS,14-inch,4GB,Apple,16-inch,8GB
0,-7.125,9.5,ASUS,14-inch,4GB,Apple,16-inch,16GB
0,-0.017578125,5.46875,ASUS,14-inch,8GB,ASUS,13-inch,4GB
0,-3.765625,9.5,ASUS,14-inch,8GB,ASUS,13-inch,8GB
0,-5.5,9.5,ASUS,14-inch,8GB,ASUS,13-inch,16GB
0,0.0003490447998046875,1.25,ASUS,14-inch,8GB,ASUS,14-inch,4GB
0,-6.25,9.5,ASUS,14-inch,8GB,ASUS,14-inch,16GB
0,-0.00041961669921875,2.625,ASUS,14-inch,8GB,ASUS,16-inch,4GB
0,-0.0135498046875,5.25,ASUS,14-inch,8GB,ASUS,16-inch,8GB
0,-0.00531005859375,4.375,ASUS,14-inch,8GB,ASUS,16-inch,16GB
0,-3.765625,9.5,ASUS,14-inch,8GB,Lenovo,13-inch,4GB
0,-5.125,9.5,ASUS,14-inch,8GB,Lenovo,13-inch,8GB
0,-0.0225830078125,5.75,ASUS,14-inch,8GB,Lenovo,13-inch,16GB
0,0.000431060791015625,0.875,ASUS,14-inch,8GB,Lenovo,14-inch,4GB
0,-6.0,9.5,ASUS,14-inch,8GB,Lenovo,14-inch,8GB
0,-0.0225830078125,5.75,ASUS,14-inch,8GB,Lenovo,14-inch,16GB
0,-2.578125,9.4375,ASUS,14-inch,8GB,Lenovo,16-inch,4GB
0,-0.1259765625,7.375,ASUS,14-inch,8GB,Lenovo,16-inch,8GB
0,-0.00131988525390625,3.25,ASUS,14-inch,8GB,Lenovo,16-inch,16GB
0,-0.0615234375,6.6875,ASUS,14-inch,8GB,HP,13-inch,4GB
0,-4.03125,9.5,ASUS,14-inch,8GB,HP,13-inch,8GB
0,-0.0135498046875,5.25,ASUS,14-inch,8GB,HP,13-inch,16GB
0,0.0004520416259765625,0.75,ASUS,14-inch,8GB,HP,14-inch,4GB
0,-5.5,9.5,ASUS,14-inch,8GB,HP,14-inch,8GB
0,-0.025634765625,5.84375,ASUS,14-inch,8GB,HP,14-inch,16GB
0,-0.07861328125,6.9375,ASUS,14-inch,8GB,HP,16-inch,4GB
0,-0.033203125,6.09375,ASUS,14-inch,8GB,HP,16-inch,8GB
0,-0.002197265625,3.625,ASUS,14-inch,8GB,HP,16-inch,16GB
0,-6.25,9.5,ASUS,14-inch,8GB,Dell,13-inch,4GB
0,-3.765625,9.5,ASUS,14-inch,8GB,Dell,13-inch,8GB
0,-0.00347900390625,4.0,ASUS,14-inch,8GB,Dell,13-inch,16GB
0,0.000431060791015625,0.875,ASUS,14-inch,8GB,Dell,14-inch,4GB
0,-5.875,9.5,ASUS,14-inch,8GB,Dell,14-inch,8GB
0,-0.00799560546875,4.75,ASUS,14-inch,8GB,Dell,14-inch,16GB
0,-0.01043701171875,5.0,ASUS,14-inch,8GB,Dell,16-inch,4GB
0,-0.0225830078125,5.75,ASUS,14-inch,8GB,Dell,16-inch,8GB
0,-0.0007171630859375,2.875,ASUS,14-inch,8GB,Dell,16-inch,16GB
0,-10.375,9.5,ASUS,14-inch,8GB,Apple,13-inch,4GB
0,-6.125,9.5,ASUS,14-inch,8GB,Apple,13-inch,8GB
0,-0.0005645751953125,2.75,ASUS,14-inch,8GB,Apple,13-inch,16GB
0,-8.625,9.5,ASUS,14-inch,8GB,Apple,14-inch,4GB
0,-6.0,9.5,ASUS,14-inch,8GB,Apple,14-inch,8GB
0,-0.00299072265625,3.875,ASUS,14-inch,8GB,Apple,14-inch,16GB
0,-0.0225830078125,5.75,ASUS,14-inch,8GB,Apple,16-inch,4GB
0,-0.099609375,7.15625,ASUS,14-inch,8GB,Apple,16-inch,8GB
0,-0.000301361083984375,2.5,ASUS,14-inch,8GB,Apple,16-inch,16GB
0,-15.625,9.5,ASUS,14-inch,16GB,ASUS,13-inch,4GB
0,-4.5,9.5,ASUS,14-inch,16GB,ASUS,13-inch,8GB
0,-1.140625,9.125,ASUS,14-inch,16GB,ASUS,13-inch,16GB
0,0.0002307891845703125,1.625,ASUS,14-inch,16GB,ASUS,14-inch,4GB
0,-8.75,9.5,ASUS,14-inch,16GB,ASUS,14-inch,8GB
0,-4.25,9.5,ASUS,14-inch,16GB,ASUS,16-inch,4GB
0,-6.125,9.5,ASUS,14-inch,16GB,ASUS,16-inch,8GB
0,-0.004638671875,4.25,ASUS,14-inch,16GB,ASUS,16-inch,16GB
0,-17.625,9.5,ASUS,14-inch,16GB,Lenovo,13-inch,4GB
0,-0.0615234375,6.6875,ASUS,14-inch,16GB,Lenovo,13-inch,8GB
0,-4.5,9.5,ASUS,14-inch,16GB,Lenovo,13-inch,16GB
0,-0.0225830078125,5.75,ASUS,14-inch,16GB,Lenovo,14-inch,4GB
0,-6.5,9.5,ASUS,14-inch,16GB,Lenovo,14-inch,8GB
0,-4.375,9.5,ASUS,14-inch,16GB,Lenovo,14-inch,16GB
0,-11.375,9.5,ASUS,14-inch,16GB,Lenovo,16-inch,4GB
0,-3.53125,9.5,ASUS,14-inch,16GB,Lenovo,16-inch,8GB
0,-0.0225830078125,5.75,ASUS,14-inch,16GB,Lenovo,16-inch,16GB
0,-17.125,9.5,ASUS,14-inch,16GB,HP,13-inch,4GB
0,-1.140625,9.125,ASUS,14-inch,16GB,HP,13-inch,8GB
0,-2.8125,9.4375,ASUS,14-inch,16GB,HP,13-inch,16GB
0,-0.0025634765625,3.75,ASUS,14-inch,16GB,HP,14-inch,4GB
0,-6.625,9.5,ASUS,14-inch,16GB,HP,14-inch,8GB
0,-4.5,9.5,ASUS,14-inch,16GB,HP,14-inch,16GB
0,-9.25,9.5,ASUS,14-inch,16GB,HP,16-inch,4GB
0,-4.5,9.5,ASUS,14-inch,16GB,HP,16-inch,8GB
0,-0.033203125,6.09375,ASUS,14-inch,16GB,HP,16-inch,16GB
0,-17.875,9.5,ASUS,14-inch,16GB,Dell,13-inch,4GB
0,-0.017578125,5.46875,ASUS,14-inch,16GB,Dell,13-inch,8GB
0,-3.890625,9.5,ASUS,14-inch,16GB,Dell,13-inch,16GB
0,-0.0025634765625,3.75,ASUS,14-inch,16GB,Dell,14-inch,4GB
0,-6.25,9.5,ASUS,14-inch,16GB,Dell,14-inch,8GB
0,-4.375,9.5,ASUS,14-inch,16GB,Dell,14-inch,16GB
0,-9.75,9.5,ASUS,14-inch,16GB,Dell,16-inch,4GB
0,-0.025634765625,5.84375,ASUS,14-inch,16GB,Dell,16-inch,8GB
0,-0.04248046875,6.3125,ASUS,14-inch,16GB,Dell,16-inch,16GB
0,-15.625,9.5,ASUS,14-inch,16GB,Apple,13-inch,4GB
0,-0.015380859375,5.34375,ASUS,14-inch,16GB,Apple,13-inch,8GB
0,-5.75,9.5,ASUS,14-inch,16GB,Apple,13-inch,16GB
0,-12.625,9.5,ASUS,14-inch,16GB,Apple,14-inch,4GB
0,-2.34375,9.375,ASUS,14-inch,16GB,Apple,14-inch,8GB
0,-5.0,9.5,ASUS,14-inch,16GB,Apple,14-inch,16GB
0,-8.875,9.5,ASUS,14-inch,16GB,Apple,16-inch,4GB
0,-0.0091552734375,4.875,ASUS,14-inch,16GB,Apple,16-inch,8GB
0,-3.046875,9.4375,ASUS,14-inch,16GB,Apple,16-inch,16GB
0,-4.375,9.5,ASUS,16-inch,4GB,ASUS,13-inch,4GB
0,-13.75,9.5,ASUS,16-inch,4GB,ASUS,13-inch,8GB
0,-13.125,9.5,ASUS,16-inch,4GB,ASUS,13-inch,16GB
0,-5.625,9.5,ASUS,16-inch,4GB,ASUS,14-inch,4GB
0,-14.375,9.5,ASUS,16-inch,4GB,ASUS,14-inch,8GB
0,-14.125,9.5,ASUS,16-inch,4GB,ASUS,14-inch,16GB
0,-14.75,9.5,ASUS,16-inch,4GB,ASUS,16-inch,8GB
0,-13.375,9.5,ASUS,16-inch,4GB,ASUS,16-inch,16GB
0,-6.75,9.5,ASUS,16-inch,4GB,Lenovo,13-inch,4GB
0,-11.375,9.5,ASUS,16-inch,4GB,Lenovo,13-inch,8GB
0,-11.75,9.5,ASUS,16-inch,4GB,Lenovo,13-inch,16GB
0,-7.5,9.5,ASUS,16-inch,4GB,Lenovo,14-inch,4GB
0,-11.875,9.5,ASUS,16-inch,4GB,Lenovo,14-inch,8GB
0,-12.25,9.5,ASUS,16-inch,4GB,Lenovo,14-inch,16GB
0,-1.9140625,9.3125,ASUS,16-inch,4GB,Lenovo,16-inch,4GB
0,-14.625,9.5,ASUS,16-inch,4GB,Lenovo,16-inch,8GB
0,-12.375,9.5,ASUS,16-inch,4GB,Lenovo,16-inch,16GB
0,-6.0,9.5,ASUS,16-inch,4GB,HP,13-inch,4GB
0,-11.0,9.5,ASUS,16-inch,4GB,HP,13-inch,8GB
0,-11.375,9.5,ASUS,16-inch,4GB,HP,13-inch,16GB
0,-6.625,9.5,ASUS,16-inch,4GB,HP,14-inch,4GB
0,-11.5,9.5,ASUS,16-inch,4GB,HP,14-inch,8GB
0,-12.0,9.5,ASUS,16-inch,4GB,HP,14-inch,16GB
0,-0.57421875,8.6875,ASUS,16-inch,4GB,HP,16-inch,4GB
0,-14.5,9.5,ASUS,16-inch,4GB,HP,16-inch,8GB
0,-11.875,9.5,ASUS,16-inch,4GB,HP,16-inch,16GB
0,-5.625,9.5,ASUS,16-inch,4GB,Dell,13-inch,4GB
0,-11.25,9.5,ASUS,16-inch,4GB,Dell,13-inch,8GB
0,-11.375,9.5,ASUS,16-inch,4GB,Dell,13-inch,16GB
0,-7.0,9.5,ASUS,16-inch,4GB,Dell,14-inch,4GB
0,-11.375,9.5,ASUS,16-inch,4GB,Dell,14-inch,8GB
0,-11.625,9.5,ASUS,16-inch,4GB,Dell,14-inch,16GB
0,-1.703125,9.3125,ASUS,16-inch,4GB,Dell,16-inch,4GB
0,-14.125,9.5,ASUS,16-inch,4GB,Dell,16-inch,8GB
0,-11.625,9.5,ASUS,16-inch,4GB,Dell,16-inch,16GB
0,-5.875,9.5,ASUS,16-inch,4GB,Apple,13-inch,4GB
0,-11.125,9.5,ASUS,16-inch,4GB,Apple,13-inch,8GB
0,-10.25,9.5,ASUS,16-inch,4GB,Apple,13-inch,16GB
0,-5.625,9.5,ASUS,16-inch,4GB,Apple,14-inch,4GB
0,-11.625,9.5,ASUS,16-inch,4GB,Apple,14-inch,8GB
0,-10.5,9.5,ASUS,16-inch,4GB,Apple,14-inch,16GB
0,-0.0291748046875,5.96875,ASUS,16-inch,4GB,Apple,16-inch,4GB
0,-14.0,9.5,ASUS,16-inch,4GB,Apple,16-inch,8GB
0,-9.875,9.5,ASUS,16-inch,4GB,Apple,16-inch,16GB
0,-8.0,9.5,ASUS,16-inch,8GB,ASUS,13-inch,4GB
0,-5.875,9.5,ASUS,16-inch,8GB,ASUS,13-inch,8GB
0,-0.2001953125,7.8125,ASUS,16-inch,8GB,ASUS,13-inch,16GB
0,-8.25,9.5,ASUS,16-inch,8GB,ASUS,14-inch,4GB
0,-5.875,9.5,ASUS,16-inch,8GB,ASUS,14-inch,8GB
0,-5.75,9.5,ASUS,16-inch,8GB,ASUS,14-inch,16GB
0,0.000514984130859375,0.25,ASUS,16-inch,8GB,ASUS,16-inch,4GB
0,-5.625,9.5,ASUS,16-inch,8GB,ASUS,16-inch,16GB
0,-10.25,9.5,ASUS,16-inch,8GB,Lenovo,13-inch,4GB
0,-5.375,9.5,ASUS,16-inch,8GB,Lenovo,13-inch,8GB
0,-0.00299072265625,3.875,ASUS,16-inch,8GB,Lenovo,13-inch,16GB
0,-10.5,9.5,ASUS,16-inch,8GB,Lenovo,14-inch,4GB
0,-5.5,9.5,ASUS,16-inch,8GB,Lenovo,14-inch,8GB
0,-0.0091552734375,4.875,ASUS,16-inch,8GB,Lenovo,14-inch,16GB
0,0.000553131103515625,-0.25,ASUS,16-inch,8GB,Lenovo,16-inch,4GB
0,-5.5,9.5,ASUS,16-inch,8GB,Lenovo,16-inch,8GB
0,-0.00042724609375,2.625,ASUS,16-inch,8GB,Lenovo,16-inch,16GB
0,-9.375,9.5,ASUS,16-inch,8GB,HP,13-inch,4GB
0,-4.875,9.5,ASUS,16-inch,8GB,HP,13-inch,8GB
0,-0.0025634765625,3.75,ASUS,16-inch,8GB,HP,13-inch,16GB
0,-9.5,9.5,ASUS,16-inch,8GB,HP,14-inch,4GB
0,-4.625,9.5,ASUS,16-inch,8GB,HP,14-inch,8GB
0,-0.004638671875,4.25,ASUS,16-inch,8GB,HP,14-inch,16GB
0,0.000545501708984375,-0.125,ASUS,16-inch,8GB,HP,16-inch,4GB
0,-5.25,9.5,ASUS,16-inch,8GB,HP,16-inch,8GB
0,-0.0005645751953125,2.75,ASUS,16-inch,8GB,HP,16-inch,16GB
0,-10.0,9.5,ASUS,16-inch,8GB,Dell,13-inch,4GB
0,-3.890625,9.5,ASUS,16-inch,8GB,Dell,13-inch,8GB
0,-0.0015716552734375,3.375,ASUS,16-inch,8GB,Dell,13-inch,16GB
0,-10.25,9.5,ASUS,16-inch,8GB,Dell,14-inch,4GB
0,-3.765625,9.5,ASUS,16-inch,8GB,Dell,14-inch,8GB
0,-0.0025634765625,3.75,ASUS,16-inch,8GB,Dell,14-inch,16GB
0,0.0005645751953125,-0.5,ASUS,16-inch,8GB,Dell,16-inch,4GB
0,-5.5,9.5,ASUS,16-inch,8GB,Dell,16-inch,8GB
0,-9.918212890625e-05,2.25,ASUS,16-inch,8GB,Dell,16-inch,16GB
0,-11.5,9.5,ASUS,16-inch,8GB,Apple,13-inch,4GB
0,-4.875,9.5,ASUS,16-inch,8GB,Apple,13-inch,8GB
0,-1.52587890625e-05,2.125,ASUS,16-inch,8GB,Apple,13-inch,16GB
0,-13.375,9.5,ASUS,16-inch,8GB,Apple,14-inch,4GB
0,-5.25,9.5,ASUS,16-inch,8GB,Apple,14-inch,8GB
0,-9.918212890625e-05,2.25,ASUS,16-inch,8GB,Apple,14-inch,16GB
0,-0.00299072265625,3.875,ASUS,16-inch,8GB,Apple,16-inch,4GB
0,-0.1259765625,7.375,ASUS,16-inch,8GB,Apple,16-inch,8GB
0,0.000274658203125,1.5,ASUS,16-inch,8GB,Apple,16-inch,16GB
0,-16.625,9.5,ASUS,16-inch,16GB,ASUS,13-inch,4GB
0,-0.38671875,8.375,ASUS,16-inch,16GB,ASUS,13-inch,8GB
0,-5.375,9.5,ASUS,16-inch,16GB,ASUS,13-inch,16GB
0,-16.25,9.5,ASUS,16-inch,16GB,ASUS,14-inch,4GB
0,-2.125,9.375,ASUS,16-inch,16GB,ASUS,14-inch,8GB
0,-5.5,9.5,ASUS,16-inch,16GB,ASUS,14-inch,16GB
0,0.0002307891845703125,1.625,ASUS,16-inch,16GB,ASUS,16-inch,4GB
0,-8.5,9.5,ASUS,16-inch,16GB,ASUS,16-inch,8GB
0,-17.375,9.5,ASUS,16-inch,16GB,Lenovo,13-inch,4GB
0,-0.025634765625,5.84375,ASUS,16-inch,16GB,Lenovo,13-inch,8GB
0,-5.5,9.5,ASUS,16-inch,16GB,Lenovo,13-inch,16GB
0,-17.25,9.5,ASUS,16-inch,16GB,Lenovo,14-inch,4GB
0,-0.03759765625,6.21875,ASUS,16-inch,16GB,Lenovo,14-inch,8GB
0,-5.125,9.5,ASUS,16-inch,16GB,Lenovo,14-inch,16GB
0,-0.001861572265625,3.5,ASUS,16-inch,16GB,Lenovo,16-inch,4GB
0,-6.625,9.5,ASUS,16-inch,16GB,Lenovo,16-inch,8GB
0,-4.5,9.5,ASUS,16-inch,16GB,Lenovo,16-inch,16GB
0,-16.875,9.5,ASUS,16-inch,16GB,HP,13-inch,4GB
0,-0.08837890625,7.03125,ASUS,16-inch,16GB,HP,13-inch,8GB
0,-5.125,9.5,ASUS,16-inch,16GB,HP,13-inch,16GB
0,-16.875,9.5,ASUS,16-inch,16GB,HP,14-inch,4GB
0,-0.1259765625,7.375,ASUS,16-inch,16GB,HP,14-inch,8GB
0,-4.625,9.5,ASUS,16-inch,16GB,HP,14-inch,16GB
0,-0.0015716552734375,3.375,ASUS,16-inch,16GB,HP,16-inch,4GB
0,-6.25,9.5,ASUS,16-inch,16GB,HP,16-inch,8GB
0,-5.25,9.5,ASUS,16-inch,16GB,HP,16-inch,16GB
0,-17.375,9.5,ASUS,16-inch,16GB,Dell,13-inch,4GB
0,-0.0225830078125,5.75,ASUS,16-inch,16GB,Dell,13-inch,8GB
0,-5.125,9.5,ASUS,16-inch,16GB,Dell,13-inch,16GB
0,-17.375,9.5,ASUS,16-inch,16GB,Dell,14-inch,4GB
0,-0.033203125,6.09375,ASUS,16-inch,16GB,Dell,14-inch,8GB
0,-4.75,9.5,ASUS,16-inch,16GB,Dell,14-inch,16GB
0,-9.918212890625e-05,2.25,ASUS,16-inch,16GB,Dell,16-inch,4GB
0,-6.375,9.5,ASUS,16-inch,16GB,Dell,16-inch,8GB
0,-4.75,9.5,ASUS,16-inch,16GB,Dell,16-inch,16GB
0,-16.125,9.5,ASUS,16-inch,16GB,Apple,13-inch,4GB
0,-0.0225830078125,5.75,ASUS,16-inch,16GB,Apple,13-inch,8GB
0,-0.03759765625,6.21875,ASUS,16-inch,16GB,Apple,13-inch,16GB
0,-17.0,9.5,ASUS,16-inch,16GB,Apple,14-inch,4GB
0,-0.05419921875,6.5625,ASUS,16-inch,16GB,Apple,14-inch,8GB
0,-0.0198974609375,5.625,ASUS,16-inch,16GB,Apple,14-inch,16GB
0,-9.125,9.5,ASUS,16-inch,16GB,Apple,16-inch,4GB
0,-4.5,9.5,ASUS,16-inch,16GB,Apple,16-inch,8GB
0,-0.003997802734375,4.125,ASUS,16-inch,16GB,Apple,16-inch,16GB
0,-0.000194549560546875,2.375,Lenovo,13-inch,4GB,ASUS,13-inch,4GB
0,-13.0,9.5,Lenovo,13-inch,4GB,ASUS,13-inch,8GB
0,-11.25,9.5,Lenovo,13-inch,4GB,ASUS,13-inch,16GB
0,-0.00041961669921875,2.625,Lenovo,13-inch,4GB,ASUS,14-inch,4GB
0,-12.875,9.5,Lenovo,13-inch,4GB,ASUS,14-inch,8GB
0,-12.25,9.5,Lenovo,13-inch,4GB,ASUS,14-inch,16GB
0,-0.00299072265625,3.875,Lenovo,13-inch,4GB,ASUS,16-inch,4GB
0,-10.75,9.5,Lenovo,13-inch,4GB,ASUS,16-inch,8GB
0,-8.75,9.5,Lenovo,13-inch,4GB,ASUS,16-inch,16GB
0,-12.625,9.5,Lenovo,13-inch,4GB,Lenovo,13-inch,8GB
0,-12.5,9.5,Lenovo,13-inch,4GB,Lenovo,13-inch,16GB
0,-3.765625,9.5,Lenovo,13-inch,4GB,Lenovo,14-inch,4GB
0,-14.0,9.5,Lenovo,13-inch,4GB,Lenovo,14-inch,8GB
0,-13.0,9.5,Lenovo,13-inch,4GB,Lenovo,14-inch,16GB
0,-0.69140625,8.8125,Lenovo,13-inch,4GB,Lenovo,16-inch,4GB
0,-10.875,9.5,Lenovo,13-inch,4GB,Lenovo,16-inch,8GB
0,-7.875,9.5,Lenovo,13-inch,4GB,Lenovo,16-inch,16GB
0,0.0002307891845703125,1.625,Lenovo,13-inch,4GB,HP,13-inch,4GB
0,-12.375,9.5,Lenovo,13-inch,4GB,HP,13-inch,8GB
0,-11.25,9.5,Lenovo,13-inch,4GB,HP,13-inch,16GB
0,-9.918212890625e-05,2.25,Lenovo,13-inch,4GB,HP,14-inch,4GB
0,-12.5,9.5,Lenovo,13-inch,4GB,HP,14-inch,8GB
0,-11.875,9.5,Lenovo,13-inch,4GB,HP,14-inch,16GB
0,-0.0025634765625,3.75,Lenovo,13-inch,4GB,HP,16-inch,4GB
0,-10.125,9.5,Lenovo,13-inch,4GB,HP,16-inch,8GB
0,-8.0,9.5,Lenovo,13-inch,4GB,HP,16-inch,16GB
0,5.7220458984375e-05,2.0,Lenovo,13-inch,4GB,Dell,13-inch,4GB
0,-11.75,9.5,Lenovo,13-inch,4GB,Dell,13-inch,8GB
0,-10.875,9.5,Lenovo,13-inch,4GB,Dell,13-inch,16GB
0,-0.000194549560546875,2.375,Lenovo,13-inch,4GB,Dell,14-inch,4GB
0,-12.5,9.5,Lenovo,13-inch,4GB,Dell,14-inch,8GB
0,-10.75,9.5,Lenovo,13-inch,4GB,Dell,14-inch,16GB
0,-0.0015716552734375,3.375,Lenovo,13-inch,4GB,Dell,16-inch,4GB
0,-10.0,9.5,Lenovo,13-inch,4GB,Dell,16-inch,8GB
0,-7.125,9.5,Lenovo,13-inch,4GB,Dell,16-inch,16GB
0,0.0003795623779296875,1.125,Lenovo,13-inch,4GB,Apple,13-inch,4GB
0,-10.875,9.5,Lenovo,13-inch,4GB,Apple,13-inch,8GB
0,-8.875,9.5,Lenovo,13-inch,4GB,Apple,13-inch,16GB
0,0.000469207763671875,0.625,Lenovo,13-inch,4GB,Apple,14-inch,4GB
0,-11.0,9.5,Lenovo,13-inch,4GB,Apple,14-inch,8GB
0,-8.625,9.5,Lenovo,13-inch,4GB,Apple,14-inch,16GB
0,0.00057220458984375,-0.625,Lenovo,13-inch,4GB,Apple,16-inch,4GB
0,-10.375,9.5,Lenovo,13-inch,4GB,Apple,16-inch,8GB
0,-0.57421875,8.6875,Lenovo,13-inch,4GB,Apple,16-inch,16GB
0,-0.00299072265625,3.875,Lenovo,13-inch,8GB,ASUS,13-inch,4GB
0,-5.0,9.5,Lenovo,13-inch,8GB,ASUS,13-inch,8GB
0,-0.00531005859375,4.375,Lenovo,13-inch,8GB,ASUS,13-inch,16GB
0,-11.75,9.5,Lenovo,13-inch,8GB,ASUS,14-inch,4GB
0,-2.8125,9.4375,Lenovo,13-inch,8GB,ASUS,14-inch,8GB
0,-0.00131988525390625,3.25,Lenovo,13-inch,8GB,ASUS,14-inch,16GB
0,-9.375,9.5,Lenovo,13-inch,8GB,ASUS,16-inch,4GB
0,-0.1259765625,7.375,Lenovo,13-inch,8GB,ASUS,16-inch,8GB
0,-0.00299072265625,3.875,Lenovo,13-inch,8GB,ASUS,16-inch,16GB
0,5.7220458984375e-05,2.0,Lenovo,13-inch,8GB,Lenovo,13-inch,4GB
0,-5.125,9.5,Lenovo,13-inch,8GB,Lenovo,13-inch,16GB
0,-9.5,9.5,Lenovo,13-inch,8GB,Lenovo,14-inch,4GB
0,-0.69140625,8.8125,Lenovo,13-inch,8GB,Lenovo,14-inch,8GB
0,-0.00531005859375,4.375,Lenovo,13-inch,8GB,Lenovo,14-inch,16GB
0,-5.25,9.5,Lenovo,13-inch,8GB,Lenovo,16-inch,4GB
0,-0.0198974609375,5.625,Lenovo,13-inch,8GB,Lenovo,16-inch,8GB
0,-0.004638671875,4.25,Lenovo,13-inch,8GB,Lenovo,16-inch,16GB
0,-0.00055694580078125,2.75,Lenovo,13-inch,8GB,HP,13-inch,4GB
0,-5.125,9.5,Lenovo,13-inch,8GB,HP,13-inch,8GB
0,-0.0025634765625,3.75,Lenovo,13-inch,8GB,HP,13-inch,16GB
0,-10.875,9.5,Lenovo,13-inch,8GB,HP,14-inch,4GB
0,-0.82421875,8.9375,Lenovo,13-inch,8GB,HP,14-inch,8GB
0,-0.0010986328125,3.125,Lenovo,13-inch,8GB,HP,14-inch,16GB
0,-8.125,9.5,Lenovo,13-inch,8GB,HP,16-inch,4GB
0,-0.025634765625,5.84375,Lenovo,13-inch,8GB,HP,16-inch,8GB
0,-0.001861572265625,3.5,Lenovo,13-inch,8GB,HP,16-inch,16GB
0,-0.00131988525390625,3.25,Lenovo,13-inch,8GB,Dell,13-inch,4GB
0,-4.75,9.5,Lenovo,13-inch,8GB,Dell,13-inch,8GB
0,-0.00131988525390625,3.25,Lenovo,13-inch,8GB,Dell,13-inch,16GB
0,-11.25,9.5,Lenovo,13-inch,8GB,Dell,14-inch,4GB
0,-0.2001953125,7.8125,Lenovo,13-inch,8GB,Dell,14-inch,8GB
0,-0.0005645751953125,2.75,Lenovo,13-inch,8GB,Dell,14-inch,16GB
0,-9.0,9.5,Lenovo,13-inch,8GB,Dell,16-inch,4GB
0,-0.017578125,5.46875,Lenovo,13-inch,8GB,Dell,16-inch,8GB
0,-0.00089263916015625,3.0,Lenovo,13-inch,8GB,Dell,16-inch,16GB
0,-9.375,9.5,Lenovo,13-inch,8GB,Apple,13-inch,4GB
0,-2.125,9.375,Lenovo,13-inch,8GB,Apple,13-inch,8GB
0,-0.00299072265625,3.875,Lenovo,13-inch,8GB,Apple,13-inch,16GB
0,-10.875,9.5,Lenovo,13-inch,8GB,Apple,14-inch,4GB
0,-5.0,9.5,Lenovo,13-inch,8GB,Apple,14-inch,8GB
0,-0.00109100341796875,3.125,Lenovo,13-inch,8GB,Apple,14-inch,16GB
0,-6.125,9.5,Lenovo,13-inch,8GB,Apple,16-inch,4GB
0,-0.0478515625,6.4375,Lenovo,13-inch,8GB,Apple,16-inch,8GB
0,-0.00089263916015625,3.0,Lenovo,13-inch,8GB,Apple,16-inch,16GB
0,-9.125,9.5,Lenovo,13-inch,16GB,ASUS,13-inch,4GB
0,-7.625,9.5,Lenovo,13-inch,16GB,ASUS,13-inch,8GB
0,-3.171875,9.4375,Lenovo,13-inch,16GB,ASUS,13-inch,16GB
0,-19.125,9.5,Lenovo,13-inch,16GB,ASUS,14-inch,4GB
0,-6.75,9.5,Lenovo,13-inch,16GB,ASUS,14-inch,8GB
0,-5.5,9.5,Lenovo,13-inch,16GB,ASUS,14-inch,16GB
0,-13.625,9.5,Lenovo,13-inch,16GB,ASUS,16-inch,4GB
0,-6.125,9.5,Lenovo,13-inch,16GB,ASUS,16-inch,8GB
0,-0.3125,8.1875,Lenovo,13-inch,16GB,ASUS,16-inch,16GB
0,-0.0015716552734375,3.375,Lenovo,13-inch,16GB,Lenovo,13-inch,4GB
0,-9.25,9.5,Lenovo,13-inch,16GB,Lenovo,13-inch,8GB
0,-16.625,9.5,Lenovo,13-inch,16GB,Lenovo,14-inch,4GB
0,-7.25,9.5,Lenovo,13-inch,16GB,Lenovo,14-inch,8GB
0,-0.0478515625,6.4375,Lenovo,13-inch,16GB,Lenovo,14-inch,16GB
0,-7.875,9.5,Lenovo,13-inch,16GB,Lenovo,16-inch,4GB
0,-7.125,9.5,Lenovo,13-inch,16GB,Lenovo,16-inch,8GB
0,-0.0198974609375,5.625,Lenovo,13-inch,16GB,Lenovo,16-inch,16GB
0,-6.875,9.5,Lenovo,13-inch,16GB,HP,13-inch,4GB
0,-7.375,9.5,Lenovo,13-inch,16GB,HP,13-inch,8GB
0,-3.28125,9.4375,Lenovo,13-inch,16GB,HP,13-inch,16GB
0,-17.75,9.5,Lenovo,13-inch,16GB,HP,14-inch,4GB
0,-6.25,9.5,Lenovo,13-inch,16GB,HP,14-inch,8GB
0,-4.5,9.5,Lenovo,13-inch,16GB,HP,14-inch,16GB
0,-11.5,9.5,Lenovo,13-inch,16GB,HP,16-inch,4GB
0,-6.375,9.5,Lenovo,13-inch,16GB,HP,16-inch,8GB
0,-0.474609375,8.5,Lenovo,13-inch,16GB,HP,16-inch,16GB
0,-7.5,9.5,Lenovo,13-inch,16GB,Dell,13-inch,4GB
0,-7.5,9.5,Lenovo,13-inch,16GB,Dell,13-inch,8GB
0,-3.171875,9.4375,Lenovo,13-inch,16GB,Dell,13-inch,16GB
0,-18.0,9.5,Lenovo,13-inch,16GB,Dell,14-inch,4GB
0,-6.25,9.5,Lenovo,13-inch,16GB,Dell,14-inch,8GB
0,-4.75,9.5,Lenovo,13-inch,16GB,Dell,14-inch,16GB
0,-13.0,9.5,Lenovo,13-inch,16GB,Dell,16-inch,4GB
0,-6.0,9.5,Lenovo,13-inch,16GB,Dell,16-inch,8GB
0,-0.0693359375,6.8125,Lenovo,13-inch,16GB,Dell,16-inch,16GB
0,-13.875,9.5,Lenovo,13-inch,16GB,Apple,13-inch,4GB
0,-5.5,9.5,Lenovo,13-inch,16GB,Apple,13-inch,8GB
0,-5.625,9.5,Lenovo,13-inch,16GB,Apple,13-inch,16GB
0,-15.125,9.5,Lenovo,13-inch,16GB,Apple,14-inch,4GB
0,-6.0,9.5,Lenovo,13-inch,16GB,Apple,14-inch,8GB
0,-5.5,9.5,Lenovo,13-inch,16GB,Apple,14-inch,16GB
0,-8.75,9.5,Lenovo,13-inch,16GB,Apple,16-inch,4GB
0,-4.25,9.5,Lenovo,13-inch,16GB,Apple,16-inch,8GB
0,-3.53125,9.5,Lenovo,13-inch,16GB,Apple,16-inch,16GB
0,0.00052642822265625,0.125,Lenovo,14-inch,4GB,ASUS,13-inch,4GB
0,-11.875,9.5,Lenovo,14-inch,4GB,ASUS,13-inch,8GB
0,-11.25,9.5,Lenovo,14-inch,4GB,ASUS,13-inch,16GB
0,-1.52587890625e-05,2.125,Lenovo,14-inch,4GB,ASUS,14-inch,4GB
0,-13.75,9.5,Lenovo,14-inch,4GB,ASUS,14-inch,8GB
0,-12.125,9.5,Lenovo,14-inch,4GB,ASUS,14-inch,16GB
0,-0.00131988525390625,3.25,Lenovo,14-inch,4GB,ASUS,16-inch,4GB
0,-12.0,9.5,Lenovo,14-inch,4GB,ASUS,16-inch,8GB
0,-9.375,9.5,Lenovo,14-inch,4GB,ASUS,16-inch,16GB
0,0.00058746337890625,-1.125,Lenovo,14-inch,4GB,Lenovo,13-inch,4GB
0,-13.375,9.5,Lenovo,14-inch,4GB,Lenovo,13-inch,8GB
0,-13.125,9.5,Lenovo,14-inch,4GB,Lenovo,13-inch,16GB
0,-13.375,9.5,Lenovo,14-inch,4GB,Lenovo,14-inch,8GB
0,-13.375,9.5,Lenovo,14-inch,4GB,Lenovo,14-inch,16GB
0,-0.006988525390625,4.625,Lenovo,14-inch,4GB,Lenovo,16-inch,4GB
0,-12.375,9.5,Lenovo,14-inch,4GB,Lenovo,16-inch,8GB
0,-9.0,9.5,Lenovo,14-inch,4GB,Lenovo,16-inch,16GB
0,0.000576019287109375,-0.75,Lenovo,14-inch,4GB,HP,13-inch,4GB
0,-11.375,9.5,Lenovo,14-inch,4GB,HP,13-inch,8GB
0,-11.0,9.5,Lenovo,14-inch,4GB,HP,13-inch,16GB
0,0.0002307891845703125,1.625,Lenovo,14-inch,4GB,HP,14-inch,4GB
0,-13.0,9.5,Lenovo,14-inch,4GB,HP,14-inch,8GB
0,-12.125,9.5,Lenovo,14-inch,4GB,HP,14-inch,16GB
0,-0.00089263916015625,3.0,Lenovo,14-inch,4GB,HP,16-inch,4GB
0,-11.25,9.5,Lenovo,14-inch,4GB,HP,16-inch,8GB
0,-9.0,9.5,Lenovo,14-inch,4GB,HP,16-inch,16GB
0,0.000545501708984375,-0.125,Lenovo,14-inch,4GB,Dell,13-inch,4GB
0,-11.125,9.5,Lenovo,14-inch,4GB,Dell,13-inch,8GB
0,-10.875,9.5,Lenovo,14-inch,4GB,Dell,13-inch,16GB
0,-1.52587890625e-05,2.125,Lenovo,14-inch,4GB,Dell,14-inch,4GB
0,-12.375,9.5,Lenovo,14-inch,4GB,Dell,14-inch,8GB
0,-11.625,9.5,Lenovo,14-inch,4GB,Dell,14-inch,16GB
0,-0.000301361083984375,2.5,Lenovo,14-inch,4GB,Dell,16-inch,4GB
0,-11.125,9.5,Lenovo,14-inch,4GB,Dell,16-inch,8GB
0,-8.125,9.5,Lenovo,14-inch,4GB,Dell,16-inch,16GB
0,0.000469207763671875,0.625,Lenovo,14-inch,4GB,Apple,13-inch,4GB
0,-9.875,9.5,Lenovo,14-inch,4GB,Apple,13-inch,8GB
0,-9.125,9.5,Lenovo,14-inch,4GB,Apple,13-inch,16GB
0,0.000514984130859375,0.25,Lenovo,14-inch,4GB,Apple,14-inch,4GB
0,-11.0,9.5,Lenovo,14-inch,4GB,Apple,14-inch,8GB
0,-9.0,9.5,Lenovo,14-inch,4GB,Apple,14-inch,16GB
0,0.00055694580078125,-0.375,Lenovo,14-inch,4GB,Apple,16-inch,4GB
0,-10.125,9.5,Lenovo,14-inch,4GB,Apple,16-inch,8GB
0,-5.5,9.5,Lenovo,14-inch,4GB,Apple,16-inch,16GB
0,-8.625,9.5,Lenovo,14-inch,8GB,ASUS,13-inch,4GB
0,-4.375,9.5,Lenovo,14-inch,8GB,ASUS,13-inch,8GB
0,-0.006103515625,4.5,Lenovo,14-inch,8GB,ASUS,13-inch,16GB
0,-0.0007171630859375,2.875,Lenovo,14-inch,8GB,ASUS,14-inch,4GB
0,-4.625,9.5,Lenovo,14-inch,8GB,ASUS,14-inch,8GB
0,-0.0091552734375,4.875,Lenovo,14-inch,8GB,ASUS,14-inch,16GB
0,-7.75,9.5,Lenovo,14-inch,8GB,ASUS,16-inch,4GB
0,-0.0615234375,6.6875,Lenovo,14-inch,8GB,ASUS,16-inch,8GB
0,-0.001861572265625,3.5,Lenovo,14-inch,8GB,ASUS,16-inch,16GB
0,-6.0,9.5,Lenovo,14-inch,8GB,Lenovo,13-inch,4GB
0,-5.25,9.5,Lenovo,14-inch,8GB,Lenovo,13-inch,8GB
0,-5.375,9.5,Lenovo,14-inch,8GB,Lenovo,13-inch,16GB
0,-9.918212890625e-05,2.25,Lenovo,14-inch,8GB,Lenovo,14-inch,4GB
0,-6.0,9.5,Lenovo,14-inch,8GB,Lenovo,14-inch,16GB
0,-1.3125,9.1875,Lenovo,14-inch,8GB,Lenovo,16-inch,4GB
0,-0.01043701171875,5.0,Lenovo,14-inch,8GB,Lenovo,16-inch,8GB
0,-0.003997802734375,4.125,Lenovo,14-inch,8GB,Lenovo,16-inch,16GB
0,-8.125,9.5,Lenovo,14-inch,8GB,HP,13-inch,4GB
0,-2.34375,9.375,Lenovo,14-inch,8GB,HP,13-inch,8GB
0,-0.0040283203125,4.125,Lenovo,14-inch,8GB,HP,13-inch,16GB
0,-1.52587890625e-05,2.125,Lenovo,14-inch,8GB,HP,14-inch,4GB
0,-4.75,9.5,Lenovo,14-inch,8GB,HP,14-inch,8GB
0,-0.00799560546875,4.75,Lenovo,14-inch,8GB,HP,14-inch,16GB
0,-7.375,9.5,Lenovo,14-inch,8GB,HP,16-inch,4GB
0,-0.015380859375,5.34375,Lenovo,14-inch,8GB,HP,16-inch,8GB
0,-0.00109100341796875,3.125,Lenovo,14-inch,8GB,HP,16-inch,16GB
0,-10.0,9.5,Lenovo,14-inch,8GB,Dell,13-inch,4GB
0,-1.703125,9.3125,Lenovo,14-inch,8GB,Dell,13-inch,8GB
0,-0.001861572265625,3.5,Lenovo,14-inch,8GB,Dell,13-inch,16GB
0,-0.0007171630859375,2.875,Lenovo,14-inch,8GB,Dell,14-inch,4GB
0,-4.75,9.5,Lenovo,14-inch,8GB,Dell,14-inch,8GB
0,-0.00299072265625,3.875,Lenovo,14-inch,8GB,Dell,14-inch,16GB
0,-7.75,9.5,Lenovo,14-inch,8GB,Dell,16-inch,4GB
0,-0.0135498046875,5.25,Lenovo,14-inch,8GB,Dell,16-inch,8GB
0,-0.0005645751953125,2.75,Lenovo,14-inch,8GB,Dell,16-inch,16GB
0,-11.25,9.5,Lenovo,14-inch,8GB,Apple,13-inch,4GB
0,-4.75,9.5,Lenovo,14-inch,8GB,Apple,13-inch,8GB
0,-0.0007171630859375,2.875,Lenovo,14-inch,8GB,Apple,13-inch,16GB
0,-9.875,9.5,Lenovo,14-inch,8GB,Apple,14-inch,4GB
0,-3.53125,9.5,Lenovo,14-inch,8GB,Apple,14-inch,8GB
0,-0.00299072265625,3.875,Lenovo,14-inch,8GB,Apple,14-inch,16GB
0,-5.875,9.5,Lenovo,14-inch,8GB,Apple,16-inch,4GB
0,-0.0225830078125,5.75,Lenovo,14-inch,8GB,Apple,16-inch,8GB
0,-0.0007171630859375,2.875,Lenovo,14-inch,8GB,Apple,16-inch,16GB
0,-17.375,9.5,Lenovo,14-inch,16GB,ASUS,13-inch,4GB
0,-2.8125,9.4375,Lenovo,14-inch,16GB,ASUS,13-inch,8GB
0,-4.875,9.5,Lenovo,14-inch,16GB,ASUS,13-inch,16GB
0,-0.01043701171875,5.0,Lenovo,14-inch,16GB,ASUS,14-inch,4GB
0,-6.75,9.5,Lenovo,14-inch,16GB,ASUS,14-inch,8GB
0,-2.34375,9.375,Lenovo,14-inch,16GB,ASUS,14-inch,16GB
0,-11.0,9.5,Lenovo,14-inch,16GB,ASUS,16-inch,4GB
0,-4.5,9.5,Lenovo,14-inch,16GB,ASUS,16-inch,8GB
0,-0.0225830078125,5.75,Lenovo,14-inch,16GB,ASUS,16-inch,16GB
0,-14.0,9.5,Lenovo,14-inch,16GB,Lenovo,13-inch,4GB
0,-5.25,9.5,Lenovo,14-inch,16GB,Lenovo,13-inch,8GB
0,-0.38671875,8.375,Lenovo,14-inch,16GB,Lenovo,13-inch,16GB
0,0.000179290771484375,1.75,Lenovo,14-inch,16GB,Lenovo,14-inch,4GB
0,-8.625,9.5,Lenovo,14-inch,16GB,Lenovo,14-inch,8GB
0,-0.2001953125,7.8125,Lenovo,14-inch,16GB,Lenovo,16-inch,4GB
0,-6.875,9.5,Lenovo,14-inch,16GB,Lenovo,16-inch,8GB
0,-0.006988525390625,4.625,Lenovo,14-inch,16GB,Lenovo,16-inch,16GB
0,-16.25,9.5,Lenovo,14-inch,16GB,HP,13-inch,4GB
0,-3.046875,9.4375,Lenovo,14-inch,16GB,HP,13-inch,8GB
0,-1.9140625,9.3125,Lenovo,14-inch,16GB,HP,13-inch,16GB
0,-0.00109100341796875,3.125,Lenovo,14-inch,16GB,HP,14-inch,4GB
0,-6.5,9.5,Lenovo,14-inch,16GB,HP,14-inch,8GB
0,-2.125,9.375,Lenovo,14-inch,16GB,HP,14-inch,16GB
0,-9.25,9.5,Lenovo,14-inch,16GB,HP,16-inch,4GB
0,-5.375,9.5,Lenovo,14-inch,16GB,HP,16-inch,8GB
0,-0.017578125,5.46875,Lenovo,14-inch,16GB,HP,16-inch,16GB
0,-17.5,9.5,Lenovo,14-inch,16GB,Dell,13-inch,4GB
0,-0.07861328125,6.9375,Lenovo,14-inch,16GB,Dell,13-inch,8GB
0,-2.578125,9.4375,Lenovo,14-inch,16GB,Dell,13-inch,16GB
0,-0.002197265625,3.625,Lenovo,14-inch,16GB,Dell,14-inch,4GB
0,-6.625,9.5,Lenovo,14-inch,16GB,Dell,14-inch,8GB
0,-2.578125,9.4375,Lenovo,14-inch,16GB,Dell,14-inch,16GB
0,-10.0,9.5,Lenovo,14-inch,16GB,Dell,16-inch,4GB
0,-2.34375,9.375,Lenovo,14-inch,16GB,Dell,16-inch,8GB
0,-0.01190185546875,5.125,Lenovo,14-inch,16GB,Dell,16-inch,16GB
0,-15.25,9.5,Lenovo,14-inch,16GB,Apple,13-inch,4GB
0,-0.0198974609375,5.625,Lenovo,14-inch,16GB,Apple,13-inch,8GB
0,-5.5,9.5,Lenovo,14-inch,16GB,Apple,13-inch,16GB
0,-10.75,9.5,Lenovo,14-inch,16GB,Apple,14-inch,4GB
0,-1.3125,9.1875,Lenovo,14-inch,16GB,Apple,14-inch,8GB
0,-5.75,9.5,Lenovo,14-inch,16GB,Apple,14-inch,16GB
0,-8.125,9.5,Lenovo,14-inch,16GB,Apple,16-inch,4GB
0,-0.0135498046875,5.25,Lenovo,14-inch,16GB,Apple,16-inch,8GB
0,-2.34375,9.375,Lenovo,14-inch,16GB,Apple,16-inch,16GB
0,-5.0,9.5,Lenovo,16-inch,4GB,ASUS,13-inch,4GB
0,-11.75,9.5,Lenovo,16-inch,4GB,ASUS,13-inch,8GB
0,-11.625,9.5,Lenovo,16-inch,4GB,ASUS,13-inch,16GB
0,-6.75,9.5,Lenovo,16-inch,4GB,ASUS,14-inch,4GB
0,-12.375,9.5,Lenovo,16-inch,4GB,ASUS,14-inch,8GB
0,-12.25,9.5,Lenovo,16-inch,4GB,ASUS,14-inch,16GB
0,-2.6875,9.4375,Lenovo,16-inch,4GB,ASUS,16-inch,4GB
0,-14.875,9.5,Lenovo,16-inch,4GB,ASUS,16-inch,8GB
0,-12.125,9.5,Lenovo,16-inch,4GB,ASUS,16-inch,16GB
0,-1.3125,9.1875,Lenovo,16-inch,4GB,Lenovo,13-inch,4GB
0,-13.375,9.5,Lenovo,16-inch,4GB,Lenovo,13-inch,8GB
0,-13.0,9.5,Lenovo,16-inch,4GB,Lenovo,13-inch,16GB
0,-5.25,9.5,Lenovo,16-inch,4GB,Lenovo,14-inch,4GB
0,-14.0,9.5,Lenovo,16-inch,4GB,Lenovo,14-inch,8GB
0,-13.875,9.5,Lenovo,16-inch,4GB,Lenovo,14-inch,16GB
0,-14.625,9.5,Lenovo,16-inch,4GB,Lenovo,16-inch,8GB
0,-12.5,9.5,Lenovo,16-inch,4GB,Lenovo,16-inch,16GB
0,-4.25,9.5,Lenovo,16-inch,4GB,HP,13-inch,4GB
0,-11.0,9.5,Lenovo,16-inch,4GB,HP,13-inch,8GB
0,-11.25,9.5,Lenovo,16-inch,4GB,HP,13-inch,16GB
0,-6.0,9.5,Lenovo,16-inch,4GB,HP,14-inch,4GB
0,-11.5,9.5,Lenovo,16-inch,4GB,HP,14-inch,8GB
0,-11.875,9.5,Lenovo,16-inch,4GB,HP,14-inch,16GB
0,-0.251953125,8.0,Lenovo,16-inch,4GB,HP,16-inch,4GB
0,-13.875,9.5,Lenovo,16-inch,4GB,HP,16-inch,8GB
0,-11.875,9.5,Lenovo,16-inch,4GB,HP,16-inch,16GB
0,-4.03125,9.5,Lenovo,16-inch,4GB,Dell,13-inch,4GB
0,-11.125,9.5,Lenovo,16-inch,4GB,Dell,13-inch,8GB
0,-11.25,9.5,Lenovo,16-inch,4GB,Dell,13-inch,16GB
0,-6.375,9.5,Lenovo,16-inch,4GB,Dell,14-inch,4GB
0,-11.375,9.5,Lenovo,16-inch,4GB,Dell,14-inch,8GB
0,-11.875,9.5,Lenovo,16-inch,4GB,Dell,14-inch,16GB
0,-1.0546875,9.0625,Lenovo,16-inch,4GB,Dell,16-inch,4GB
0,-13.5,9.5,Lenovo,16-inch,4GB,Dell,16-inch,8GB
0,-11.375,9.5,Lenovo,16-inch,4GB,Dell,16-inch,16GB
0,-5.25,9.5,Lenovo,16-inch,4GB,Apple,13-inch,4GB
0,-10.875,9.5,Lenovo,16-inch,4GB,Apple,13-inch,8GB
0,-10.0,9.5,Lenovo,16-inch,4GB,Apple,13-inch,16GB
0,-4.875,9.5,Lenovo,16-inch,4GB,Apple,14-inch,4GB
0,-11.5,9.5,Lenovo,16-inch,4GB,Apple,14-inch,8GB
0,-10.5,9.5,Lenovo,16-inch,4GB,Apple,14-inch,16GB
0,-0.00799560546875,4.75,Lenovo,16-inch,4GB,Apple,16-inch,4GB
0,-13.125,9.5,Lenovo,16-inch,4GB,Apple,16-inch,8GB
0,-8.5,9.5,Lenovo,16-inch,4GB,Apple,16-inch,16GB
0,-10.75,9.5,Lenovo,16-inch,8GB,ASUS,13-inch,4GB
0,-5.125,9.5,Lenovo,16-inch,8GB,ASUS,13-inch,8GB
0,-0.003997802734375,4.125,Lenovo,16-inch,8GB,ASUS,13-inch,16GB
0,-11.25,9.5,Lenovo,16-inch,8GB,ASUS,14-inch,4GB
0,-4.625,9.5,Lenovo,16-inch,8GB,ASUS,14-inch,8GB
0,-0.01190185546875,5.125,Lenovo,16-inch,8GB,ASUS,14-inch,16GB
0,0.000469207763671875,0.625,Lenovo,16-inch,8GB,ASUS,16-inch,4GB
0,-5.125,9.5,Lenovo,16-inch,8GB,ASUS,16-inch,8GB
0,-0.0015716552734375,3.375,Lenovo,16-inch,8GB,ASUS,16-inch,16GB
0,-8.625,9.5,Lenovo,16-inch,8GB,Lenovo,13-inch,4GB
0,-5.875,9.5,Lenovo,16-inch,8GB,Lenovo,13-inch,8GB
0,-1.703125,9.3125,Lenovo,16-inch,8GB,Lenovo,13-inch,16GB
0,-8.5,9.5,Lenovo,16-inch,8GB,Lenovo,14-inch,4GB
0,-5.875,9.5,Lenovo,16-inch,8GB,Lenovo,14-inch,8GB
0,-6.375,9.5,Lenovo,16-inch,8GB,Lenovo,14-inch,16GB
0,0.0004520416259765625,0.75,Lenovo,16-inch,8GB,Lenovo,16-inch,4GB
0,-5.625,9.5,Lenovo,16-inch,8GB,Lenovo,16-inch,16GB
0,-10.125,9.5,Lenovo,16-inch,8GB,HP,13-inch,4GB
0,-3.171875,9.4375,Lenovo,16-inch,8GB,HP,13-inch,8GB
0,-0.002197265625,3.625,Lenovo,16-inch,8GB,HP,13-inch,16GB
0,-10.625,9.5,Lenovo,16-inch,8GB,HP,14-inch,4GB
0,-3.53125,9.5,Lenovo,16-inch,8GB,HP,14-inch,8GB
0,-0.00531005859375,4.375,Lenovo,16-inch,8GB,HP,14-inch,16GB
0,0.00048828125,0.5,Lenovo,16-inch,8GB,HP,16-inch,4GB
0,-4.875,9.5,Lenovo,16-inch,8GB,HP,16-inch,8GB
0,-0.00055694580078125,2.75,Lenovo,16-inch,8GB,HP,16-inch,16GB
0,-11.0,9.5,Lenovo,16-inch,8GB,Dell,13-inch,4GB
0,-0.97265625,9.0,Lenovo,16-inch,8GB,Dell,13-inch,8GB
0,-0.001861572265625,3.5,Lenovo,16-inch,8GB,Dell,13-inch,16GB
0,-11.25,9.5,Lenovo,16-inch,8GB,Dell,14-inch,4GB
0,-1.140625,9.125,Lenovo,16-inch,8GB,Dell,14-inch,8GB
0,-0.004638671875,4.25,Lenovo,16-inch,8GB,Dell,14-inch,16GB
0,0.00052642822265625,0.125,Lenovo,16-inch,8GB,Dell,16-inch,4GB
0,-5.125,9.5,Lenovo,16-inch,8GB,Dell,16-inch,8GB
0,-0.00055694580078125,2.75,Lenovo,16-inch,8GB,Dell,16-inch,16GB
0,-12.625,9.5,Lenovo,16-inch,8GB,Apple,13-inch,4GB
0,-3.53125,9.5,Lenovo,16-inch,8GB,Apple,13-inch,8GB
0,-0.000194549560546875,2.375,Lenovo,16-inch,8GB,Apple,13-inch,16GB
0,-14.25,9.5,Lenovo,16-inch,8GB,Apple,14-inch,4GB
0,-4.375,9.5,Lenovo,16-inch,8GB,Apple,14-inch,8GB
0,-0.00041961669921875,2.625,Lenovo,16-inch,8GB,Apple,14-inch,16GB
0,-0.03759765625,6.21875,Lenovo,16-inch,8GB,Apple,16-inch,4GB
0,-0.0615234375,6.6875,Lenovo,16-inch,8GB,Apple,16-inch,8GB
0,-9.918212890625e-05,2.25,Lenovo,16-inch,8GB,Apple,16-inch,16GB
0,-16.875,9.5,Lenovo,16-inch,16GB,ASUS,13-inch,4GB
0,-1.9140625,9.3125,Lenovo,16-inch,16GB,ASUS,13-inch,8GB
0,-5.625,9.5,Lenovo,16-inch,16GB,ASUS,13-inch,16GB
0,-17.125,9.5,Lenovo,16-inch,16GB,ASUS,14-inch,4GB
0,-2.8125,9.4375,Lenovo,16-inch,16GB,ASUS,14-inch,8GB
0,-5.125,9.5,Lenovo,16-inch,16GB,ASUS,14-inch,16GB
0,-0.00131988525390625,3.25,Lenovo,16-inch,16GB,ASUS,16-inch,4GB
0,-7.0,9.5,Lenovo,16-inch,16GB,ASUS,16-inch,8GB
0,-3.890625,9.5,Lenovo,16-inch,16GB,ASUS,16-inch,16GB
0,-15.75,9.5,Lenovo,16-inch,16GB,Lenovo,13-inch,4GB
0,-0.474609375,8.5,Lenovo,16-inch,16GB,Lenovo,13-inch,8GB
0,-5.125,9.5,Lenovo,16-inch,16GB,Lenovo,13-inch,16GB
0,-14.75,9.5,Lenovo,16-inch,16GB,Lenovo,14-inch,4GB
0,-2.8125,9.4375,Lenovo,16-inch,16GB,Lenovo,14-inch,8GB
0,-4.75,9.5,Lenovo,16-inch,16GB,Lenovo,14-inch,16GB
0,0.0001220703125,1.875,Lenovo,16-inch,16GB,Lenovo,16-inch,4GB
0,-8.625,9.5,Lenovo,16-inch,16GB,Lenovo,16-inch,8GB
0,-16.125,9.5,Lenovo,16-inch,16GB,HP,13-inch,4GB
0,-0.38671875,8.375,Lenovo,16-inch,16GB,HP,13-inch,8GB
0,-5.0,9.5,Lenovo,16-inch,16GB,HP,13-inch,16GB
0,-16.875,9.5,Lenovo,16-inch,16GB,HP,14-inch,4GB
0,-0.97265625,9.0,Lenovo,16-inch,16GB,HP,14-inch,8GB
0,-4.15625,9.5,Lenovo,16-inch,16GB,HP,14-inch,16GB
0,-0.00041961669921875,2.625,Lenovo,16-inch,16GB,HP,16-inch,4GB
0,-6.5,9.5,Lenovo,16-inch,16GB,HP,16-inch,8GB
0,-4.03125,9.5,Lenovo,16-inch,16GB,HP,16-inch,16GB
0,-17.0,9.5,Lenovo,16-inch,16GB,Dell,13-inch,4GB
0,-0.07861328125,6.9375,Lenovo,16-inch,16GB,Dell,13-inch,8GB
0,-4.5,9.5,Lenovo,16-inch,16GB,Dell,13-inch,16GB
0,-16.875,9.5,Lenovo,16-inch,16GB,Dell,14-inch,4GB
0,-0.2001953125,7.8125,Lenovo,16-inch,16GB,Dell,14-inch,8GB
0,-3.53125,9.5,Lenovo,16-inch,16GB,Dell,14-inch,16GB
0,-1.52587890625e-05,2.125,Lenovo,16-inch,16GB,Dell,16-inch,4GB
0,-6.875,9.5,Lenovo,16-inch,16GB,Dell,16-inch,8GB
0,-3.65625,9.5,Lenovo,16-inch,16GB,Dell,16-inch,16GB
0,-15.75,9.5,Lenovo,16-inch,16GB,Apple,13-inch,4GB
0,-0.03759765625,6.21875,Lenovo,16-inch,16GB,Apple,13-inch,8GB
0,-0.099609375,7.15625,Lenovo,16-inch,16GB,Apple,13-inch,16GB
0,-16.375,9.5,Lenovo,16-inch,16GB,Apple,14-inch,4GB
0,-0.3125,8.1875,Lenovo,16-inch,16GB,Apple,14-inch,8GB
0,-0.099609375,7.15625,Lenovo,16-inch,16GB,Apple,14-inch,16GB
0,-8.125,9.5,Lenovo,16-inch,16GB,Apple,16-inch,4GB
0,-4.03125,9.5,Lenovo,16-inch,16GB,Apple,16-inch,8GB
0,-0.004638671875,4.25,Lenovo,16-inch,16GB,Apple,16-inch,16GB
0,-0.001861572265625,3.5,HP,13-inch,4GB,ASUS,13-inch,4GB
0,-13.25,9.5,HP,13-inch,4GB,ASUS,13-inch,8GB
0,-11.5,9.5,HP,13-inch,4GB,ASUS,13-inch,16GB
0,-0.01190185546875,5.125,HP,13-inch,4GB,ASUS,14-inch,4GB
0,-13.25,9.5,HP,13-inch,4GB,ASUS,14-inch,8GB
0,-11.5,9.5,HP,13-inch,4GB,ASUS,14-inch,16GB
0,-0.0478515625,6.4375,HP,13-inch,4GB,ASUS,16-inch,4GB
0,-11.0,9.5,HP,13-inch,4GB,ASUS,16-inch,8GB
0,-8.375,9.5,HP,13-inch,4GB,ASUS,16-inch,16GB
0,-0.003997802734375,4.125,HP,13-inch,4GB,Lenovo,13-inch,4GB
0,-12.625,9.5,HP,13-inch,4GB,Lenovo,13-inch,8GB
0,-11.5,9.5,HP,13-inch,4GB,Lenovo,13-inch,16GB
0,-0.003997802734375,4.125,HP,13-inch,4GB,Lenovo,14-inch,4GB
0,-12.875,9.5,HP,13-inch,4GB,Lenovo,14-inch,8GB
0,-11.375,9.5,HP,13-inch,4GB,Lenovo,14-inch,16GB
0,-0.01043701171875,5.0,HP,13-inch,4GB,Lenovo,16-inch,4GB
0,-10.25,9.5,HP,13-inch,4GB,Lenovo,16-inch,8GB
0,-8.25,9.5,HP,13-inch,4GB,Lenovo,16-inch,16GB
0,-13.125,9.5,HP,13-inch,4GB,HP,13-inch,8GB
0,-12.875,9.5,HP,13-inch,4GB,HP,13-inch,16GB
0,-4.75,9.5,HP,13-inch,4GB,HP,14-inch,4GB
0,-13.75,9.5,HP,13-inch,4GB,HP,14-inch,8GB
0,-13.125,9.5,HP,13-inch,4GB,HP,14-inch,16GB
0,-0.82421875,8.9375,HP,13-inch,4GB,HP,16-inch,4GB
0,-10.625,9.5,HP,13-inch,4GB,HP,16-inch,8GB
0,-8.125,9.5,HP,13-inch,4GB,HP,16-inch,16GB
0,-9.918212890625e-05,2.25,HP,13-inch,4GB,Dell,13-inch,4GB
0,-12.25,9.5,HP,13-inch,4GB,Dell,13-inch,8GB
0,-11.0,9.5,HP,13-inch,4GB,Dell,13-inch,16GB
0,-0.0007171630859375,2.875,HP,13-inch,4GB,Dell,14-inch,4GB
0,-12.5,9.5,HP,13-inch,4GB,Dell,14-inch,8GB
0,-10.25,9.5,HP,13-inch,4GB,Dell,14-inch,16GB
0,-0.00531005859375,4.375,HP,13-inch,4GB,Dell,16-inch,4GB
0,-10.0,9.5,HP,13-inch,4GB,Dell,16-inch,8GB
0,-6.75,9.5,HP,13-inch,4GB,Dell,16-inch,16GB
0,0.0003490447998046875,1.25,HP,13-inch,4GB,Apple,13-inch,4GB
0,-10.875,9.5,HP,13-inch,4GB,Apple,13-inch,8GB
0,-8.875,9.5,HP,13-inch,4GB,Apple,13-inch,16GB
0,0.0002307891845703125,1.625,HP,13-inch,4GB,Apple,14-inch,4GB
0,-10.625,9.5,HP,13-inch,4GB,Apple,14-inch,8GB
0,-9.125,9.5,HP,13-inch,4GB,Apple,14-inch,16GB
0,0.00052642822265625,0.125,HP,13-inch,4GB,Apple,16-inch,4GB
0,-10.375,9.5,HP,13-inch,4GB,Apple,16-inch,8GB
0,-3.53125,9.5,HP,13-inch,4GB,Apple,16-inch,16GB
0,-0.00799560546875,4.75,HP,13-inch,8GB,ASUS,13-inch,4GB
0,-4.375,9.5,HP,13-inch,8GB,ASUS,13-inch,8GB
0,-0.006103515625,4.5,HP,13-inch,8GB,ASUS,13-inch,16GB
0,-11.75,9.5,HP,13-inch,8GB,ASUS,14-inch,4GB
0,-4.5,9.5,HP,13-inch,8GB,ASUS,14-inch,8GB
0,-0.0022125244140625,3.625,HP,13-inch,8GB,ASUS,14-inch,16GB
0,-9.625,9.5,HP,13-inch,8GB,ASUS,16-inch,4GB
0,-0.69140625,8.8125,HP,13-inch,8GB,ASUS,16-inch,8GB
0,-0.0025787353515625,3.75,HP,13-inch,8GB,ASUS,16-inch,16GB
0,-0.0025634765625,3.75,HP,13-inch,8GB,Lenovo,13-inch,4GB
0,-5.125,9.5,HP,13-inch,8GB,Lenovo,13-inch,8GB
0,-0.00347900390625,4.0,HP,13-inch,8GB,Lenovo,13-inch,16GB
0,-12.125,9.5,HP,13-inch,8GB,Lenovo,14-inch,4GB
0,-4.625,9.5,HP,13-inch,8GB,Lenovo,14-inch,8GB
0,-0.0015869140625,3.375,HP,13-inch,8GB,Lenovo,14-inch,16GB
0,-10.125,9.5,HP,13-inch,8GB,Lenovo,16-inch,4GB
0,-0.38671875,8.375,HP,13-inch,8GB,Lenovo,16-inch,8GB
0,-0.00131988525390625,3.25,HP,13-inch,8GB,Lenovo,16-inch,16GB
0,-0.00055694580078125,2.75,HP,13-inch,8GB,HP,13-inch,4GB
0,-5.375,9.5,HP,13-inch,8GB,HP,13-inch,16GB
0,-9.625,9.5,HP,13-inch,8GB,HP,14-inch,4GB
0,-1.5,9.25,HP,13-inch,8GB,HP,14-inch,8GB
0,-0.006103515625,4.5,HP,13-inch,8GB,HP,14-inch,16GB
0,-6.5,9.5,HP,13-inch,8GB,HP,16-inch,4GB
0,-0.04248046875,6.3125,HP,13-inch,8GB,HP,16-inch,8GB
0,-0.00531005859375,4.375,HP,13-inch,8GB,HP,16-inch,16GB
0,-0.004608154296875,4.25,HP,13-inch,8GB,Dell,13-inch,4GB
0,-4.625,9.5,HP,13-inch,8GB,Dell,13-inch,8GB
0,-0.00131988525390625,3.25,HP,13-inch,8GB,Dell,13-inch,16GB
0,-11.625,9.5,HP,13-inch,8GB,Dell,14-inch,4GB
0,-1.3125,9.1875,HP,13-inch,8GB,Dell,14-inch,8GB
0,-0.0009002685546875,3.0,HP,13-inch,8GB,Dell,14-inch,16GB
0,-9.5,9.5,HP,13-inch,8GB,Dell,16-inch,4GB
0,-0.025634765625,5.84375,HP,13-inch,8GB,Dell,16-inch,8GB
0,-0.00089263916015625,3.0,HP,13-inch,8GB,Dell,16-inch,16GB
0,-9.875,9.5,HP,13-inch,8GB,Apple,13-inch,4GB
0,-4.03125,9.5,HP,13-inch,8GB,Apple,13-inch,8GB
0,-0.0025634765625,3.75,HP,13-inch,8GB,Apple,13-inch,16GB
0,-11.5,9.5,HP,13-inch,8GB,Apple,14-inch,4GB
0,-5.625,9.5,HP,13-inch,8GB,Apple,14-inch,8GB
0,-0.00131988525390625,3.25,HP,13-inch,8GB,Apple,14-inch,16GB
0,-6.125,9.5,HP,13-inch,8GB,Apple,16-inch,4GB
0,-0.099609375,7.15625,HP,13-inch,8GB,Apple,16-inch,8GB
0,-0.00109100341796875,3.125,HP,13-inch,8GB,Apple,16-inch,16GB
0,-10.375,9.5,HP,13-inch,16GB,ASUS,13-inch,4GB
0,-7.125,9.5,HP,13-inch,16GB,ASUS,13-inch,8GB
0,-0.97265625,9.0,HP,13-inch,16GB,ASUS,13-inch,16GB
0,-18.875,9.5,HP,13-inch,16GB,ASUS,14-inch,4GB
0,-6.5,9.5,HP,13-inch,16GB,ASUS,14-inch,8GB
0,-5.75,9.5,HP,13-inch,16GB,ASUS,14-inch,16GB
0,-13.375,9.5,HP,13-inch,16GB,ASUS,16-inch,4GB
0,-6.0,9.5,HP,13-inch,16GB,ASUS,16-inch,8GB
0,-1.703125,9.3125,HP,13-inch,16GB,ASUS,16-inch,16GB
0,-10.25,9.5,HP,13-inch,16GB,Lenovo,13-inch,4GB
0,-7.375,9.5,HP,13-inch,16GB,Lenovo,13-inch,8GB
0,-2.46875,9.4375,HP,13-inch,16GB,Lenovo,13-inch,16GB
0,-18.75,9.5,HP,13-inch,16GB,Lenovo,14-inch,4GB
0,-6.0,9.5,HP,13-inch,16GB,Lenovo,14-inch,8GB
0,-5.5,9.5,HP,13-inch,16GB,Lenovo,14-inch,16GB
0,-14.375,9.5,HP,13-inch,16GB,Lenovo,16-inch,4GB
0,-6.5,9.5,HP,13-inch,16GB,Lenovo,16-inch,8GB
0,-2.578125,9.4375,HP,13-inch,16GB,Lenovo,16-inch,16GB
0,-0.07861328125,6.9375,HP,13-inch,16GB,HP,13-inch,4GB
0,-9.5,9.5,HP,13-inch,16GB,HP,13-inch,8GB
0,-17.125,9.5,HP,13-inch,16GB,HP,14-inch,4GB
0,-7.125,9.5,HP,13-inch,16GB,HP,14-inch,8GB
0,-0.1259765625,7.375,HP,13-inch,16GB,HP,14-inch,16GB
0,-8.125,9.5,HP,13-inch,16GB,HP,16-inch,4GB
0,-7.0,9.5,HP,13-inch,16GB,HP,16-inch,8GB
0,-0.0198974609375,5.625,HP,13-inch,16GB,HP,16-inch,16GB
0,-9.125,9.5,HP,13-inch,16GB,Dell,13-inch,4GB
0,-7.25,9.5,HP,13-inch,16GB,Dell,13-inch,8GB
0,-0.97265625,9.0,HP,13-inch,16GB,Dell,13-inch,16GB
0,-18.25,9.5,HP,13-inch,16GB,Dell,14-inch,4GB
0,-6.25,9.5,HP,13-inch,16GB,Dell,14-inch,8GB
0,-5.125,9.5,HP,13-inch,16GB,Dell,14-inch,16GB
0,-13.75,9.5,HP,13-inch,16GB,Dell,16-inch,4GB
0,-6.25,9.5,HP,13-inch,16GB,Dell,16-inch,8GB
0,-1.703125,9.3125,HP,13-inch,16GB,Dell,16-inch,16GB
0,-14.625,9.5,HP,13-inch,16GB,Apple,13-inch,4GB
0,-6.0,9.5,HP,13-inch,16GB,Apple,13-inch,8GB
0,-5.875,9.5,HP,13-inch,16GB,Apple,13-inch,16GB
0,-15.5,9.5,HP,13-inch,16GB,Apple,14-inch,4GB
0,-6.0,9.5,HP,13-inch,16GB,Apple,14-inch,8GB
0,-5.625,9.5,HP,13-inch,16GB,Apple,14-inch,16GB
0,-8.75,9.5,HP,13-inch,16GB,Apple,16-inch,4GB
0,-4.5,9.5,HP,13-inch,16GB,Apple,16-inch,8GB
0,-3.53125,9.5,HP,13-inch,16GB,Apple,16-inch,16GB
0,0.0001220703125,1.875,HP,14-inch,4GB,ASUS,13-inch,4GB
0,-12.25,9.5,HP,14-inch,4GB,ASUS,13-inch,8GB
0,-11.125,9.5,HP,14-inch,4GB,ASUS,13-inch,16GB
0,-0.00131988525390625,3.25,HP,14-inch,4GB,ASUS,14-inch,4GB
0,-13.875,9.5,HP,14-inch,4GB,ASUS,14-inch,8GB
0,-12.5,9.5,HP,14-inch,4GB,ASUS,14-inch,16GB
0,-0.01043701171875,5.0,HP,14-inch,4GB,ASUS,16-inch,4GB
0,-12.0,9.5,HP,14-inch,4GB,ASUS,16-inch,8GB
0,-9.125,9.5,HP,14-inch,4GB,ASUS,16-inch,16GB
0,5.7220458984375e-05,2.0,HP,14-inch,4GB,Lenovo,13-inch,4GB
0,-12.25,9.5,HP,14-inch,4GB,Lenovo,13-inch,8GB
0,-11.375,9.5,HP,14-inch,4GB,Lenovo,13-inch,16GB
0,-0.002197265625,3.625,HP,14-inch,4GB,Lenovo,14-inch,4GB
0,-13.5,9.5,HP,14-inch,4GB,Lenovo,14-inch,8GB
0,-12.5,9.5,HP,14-inch,4GB,Lenovo,14-inch,16GB
0,-0.00531005859375,4.375,HP,14-inch,4GB,Lenovo,16-inch,4GB
0,-11.125,9.5,HP,14-inch,4GB,Lenovo,16-inch,8GB
0,-9.0,9.5,HP,14-inch,4GB,Lenovo,16-inch,16GB
0,0.000469207763671875,0.625,HP,14-inch,4GB,HP,13-inch,4GB
0,-13.25,9.5,HP,14-inch,4GB,HP,13-inch,8GB
0,-13.625,9.5,HP,14-inch,4GB,HP,13-inch,16GB
0,-14.375,9.5,HP,14-inch,4GB,HP,14-inch,8GB
0,-14.25,9.5,HP,14-inch,4GB,HP,14-inch,16GB
0,-0.0478515625,6.4375,HP,14-inch,4GB,HP,16-inch,4GB
0,-12.125,9.5,HP,14-inch,4GB,HP,16-inch,8GB
0,-9.0,9.5,HP,14-inch,4GB,HP,16-inch,16GB
0,0.0002307891845703125,1.625,HP,14-inch,4GB,Dell,13-inch,4GB
0,-11.875,9.5,HP,14-inch,4GB,Dell,13-inch,8GB
0,-10.875,9.5,HP,14-inch,4GB,Dell,13-inch,16GB
0,-0.000194549560546875,2.375,HP,14-inch,4GB,Dell,14-inch,4GB
0,-13.25,9.5,HP,14-inch,4GB,Dell,14-inch,8GB
0,-12.0,9.5,HP,14-inch,4GB,Dell,14-inch,16GB
0,-0.0025634765625,3.75,HP,14-inch,4GB,Dell,16-inch,4GB
0,-11.125,9.5,HP,14-inch,4GB,Dell,16-inch,8GB
0,-8.125,9.5,HP,14-inch,4GB,Dell,16-inch,16GB
0,0.000274658203125,1.5,HP,14-inch,4GB,Apple,13-inch,4GB
0,-11.0,9.5,HP,14-inch,4GB,Apple,13-inch,8GB
0,-9.625,9.5,HP,14-inch,4GB,Apple,13-inch,16GB
0,0.00048828125,0.5,HP,14-inch,4GB,Apple,14-inch,4GB
0,-11.5,9.5,HP,14-inch,4GB,Apple,14-inch,8GB
0,-9.125,9.5,HP,14-inch,4GB,Apple,14-inch,16GB
0,0.000514984130859375,0.25,HP,14-inch,4GB,Apple,16-inch,4GB
0,-10.5,9.5,HP,14-inch,4GB,Apple,16-inch,8GB
0,-6.375,9.5,HP,14-inch,4GB,Apple,16-inch,16GB
0,-9.25,9.5,HP,14-inch,8GB,ASUS,13-inch,4GB
0,-5.375,9.5,HP,14-inch,8GB,ASUS,13-inch,8GB
0,-0.00799560546875,4.75,HP,14-inch,8GB,ASUS,13-inch,16GB
0,-0.000301361083984375,2.5,HP,14-inch,8GB,ASUS,14-inch,4GB
0,-4.25,9.5,HP,14-inch,8GB,ASUS,14-inch,8GB
0,-0.0091552734375,4.875,HP,14-inch,8GB,ASUS,14-inch,16GB
0,-8.25,9.5,HP,14-inch,8GB,ASUS,16-inch,4GB
0,-0.82421875,8.9375,HP,14-inch,8GB,ASUS,16-inch,8GB
0,-0.00299072265625,3.875,HP,14-inch,8GB,ASUS,16-inch,16GB
0,-9.375,9.5,HP,14-inch,8GB,Lenovo,13-inch,4GB
0,-5.0,9.5,HP,14-inch,8GB,Lenovo,13-inch,8GB
0,-0.01190185546875,5.125,HP,14-inch,8GB,Lenovo,13-inch,16GB
0,-9.918212890625e-05,2.25,HP,14-inch,8GB,Lenovo,14-inch,4GB
0,-4.75,9.5,HP,14-inch,8GB,Lenovo,14-inch,8GB
0,-0.01043701171875,5.0,HP,14-inch,8GB,Lenovo,14-inch,16GB
0,-8.125,9.5,HP,14-inch,8GB,Lenovo,16-inch,4GB
0,-0.3125,8.1875,HP,14-inch,8GB,Lenovo,16-inch,8GB
0,-0.00109100341796875,3.125,HP,14-inch,8GB,Lenovo,16-inch,16GB
0,-6.875,9.5,HP,14-inch,8GB,HP,13-inch,4GB
0,-5.625,9.5,HP,14-inch,8GB,HP,13-inch,8GB
0,-5.75,9.5,HP,14-inch,8GB,HP,13-inch,16GB
0,-9.918212890625e-05,2.25,HP,14-inch,8GB,HP,14-inch,4GB
0,-6.0,9.5,HP,14-inch,8GB,HP,14-inch,16GB
0,-0.1259765625,7.375,HP,14-inch,8GB,HP,16-inch,4GB
0,-0.025634765625,5.84375,HP,14-inch,8GB,HP,16-inch,8GB
0,-0.00799560546875,4.75,HP,14-inch,8GB,HP,16-inch,16GB
0,-10.25,9.5,HP,14-inch,8GB,Dell,13-inch,4GB
0,-3.890625,9.5,HP,14-inch,8GB,Dell,13-inch,8GB
0,-0.00347900390625,4.0,HP,14-inch,8GB,Dell,13-inch,16GB
0,-9.918212890625e-05,2.25,HP,14-inch,8GB,Dell,14-inch,4GB
0,-4.15625,9.5,HP,14-inch,8GB,Dell,14-inch,8GB
0,-0.004638671875,4.25,HP,14-inch,8GB,Dell,14-inch,16GB
0,-7.375,9.5,HP,14-inch,8GB,Dell,16-inch,4GB
0,-0.0291748046875,5.96875,HP,14-inch,8GB,Dell,16-inch,8GB
0,-0.00089263916015625,3.0,HP,14-inch,8GB,Dell,16-inch,16GB
0,-11.5,9.5,HP,14-inch,8GB,Apple,13-inch,4GB
0,-5.5,9.5,HP,14-inch,8GB,Apple,13-inch,8GB
0,-0.00089263916015625,3.0,HP,14-inch,8GB,Apple,13-inch,16GB
0,-9.5,9.5,HP,14-inch,8GB,Apple,14-inch,4GB
0,-4.25,9.5,HP,14-inch,8GB,Apple,14-inch,8GB
0,-0.004638671875,4.25,HP,14-inch,8GB,Apple,14-inch,16GB
0,-5.125,9.5,HP,14-inch,8GB,Apple,16-inch,4GB
0,-0.03759765625,6.21875,HP,14-inch,8GB,Apple,16-inch,8GB
0,-0.0007171630859375,2.875,HP,14-inch,8GB,Apple,16-inch,16GB
0,-17.25,9.5,HP,14-inch,16GB,ASUS,13-inch,4GB
0,-0.38671875,8.375,HP,14-inch,16GB,ASUS,13-inch,8GB
0,-5.0,9.5,HP,14-inch,16GB,ASUS,13-inch,16GB
0,-0.0615234375,6.6875,HP,14-inch,16GB,ASUS,14-inch,4GB
0,-6.625,9.5,HP,14-inch,16GB,ASUS,14-inch,8GB
0,-0.251953125,8.0,HP,14-inch,16GB,ASUS,14-inch,16GB
0,-10.125,9.5,HP,14-inch,16GB,ASUS,16-inch,4GB
0,-4.5,9.5,HP,14-inch,16GB,ASUS,16-inch,8GB
0,-0.025634765625,5.84375,HP,14-inch,16GB,ASUS,16-inch,16GB
0,-17.5,9.5,HP,14-inch,16GB,Lenovo,13-inch,4GB
0,-0.099609375,7.15625,HP,14-inch,16GB,Lenovo,13-inch,8GB
0,-4.875,9.5,HP,14-inch,16GB,Lenovo,13-inch,16GB
0,-0.0615234375,6.6875,HP,14-inch,16GB,Lenovo,14-inch,4GB
0,-6.125,9.5,HP,14-inch,16GB,Lenovo,14-inch,8GB
0,-0.97265625,9.0,HP,14-inch,16GB,Lenovo,14-inch,16GB
0,-11.25,9.5,HP,14-inch,16GB,Lenovo,16-inch,4GB
0,-5.5,9.5,HP,14-inch,16GB,Lenovo,16-inch,8GB
0,-0.05419921875,6.5625,HP,14-inch,16GB,Lenovo,16-inch,16GB
0,-16.0,9.5,HP,14-inch,16GB,HP,13-inch,4GB
0,-3.28125,9.4375,HP,14-inch,16GB,HP,13-inch,8GB
0,-2.8125,9.4375,HP,14-inch,16GB,HP,13-inch,16GB
0,-9.918212890625e-05,2.25,HP,14-inch,16GB,HP,14-inch,4GB
0,-9.125,9.5,HP,14-inch,16GB,HP,14-inch,8GB
0,-0.38671875,8.375,HP,14-inch,16GB,HP,16-inch,4GB
0,-6.75,9.5,HP,14-inch,16GB,HP,16-inch,8GB
0,-0.004638671875,4.25,HP,14-inch,16GB,HP,16-inch,16GB
0,-17.875,9.5,HP,14-inch,16GB,Dell,13-inch,4GB
0,-0.01043701171875,5.0,HP,14-inch,16GB,Dell,13-inch,8GB
0,-3.65625,9.5,HP,14-inch,16GB,Dell,13-inch,16GB
0,-0.0225830078125,5.75,HP,14-inch,16GB,Dell,14-inch,4GB
0,-6.25,9.5,HP,14-inch,16GB,Dell,14-inch,8GB
0,-0.97265625,9.0,HP,14-inch,16GB,Dell,14-inch,16GB
0,-10.875,9.5,HP,14-inch,16GB,Dell,16-inch,4GB
0,-1.3125,9.1875,HP,14-inch,16GB,Dell,16-inch,8GB
0,-0.0478515625,6.4375,HP,14-inch,16GB,Dell,16-inch,16GB
0,-15.625,9.5,HP,14-inch,16GB,Apple,13-inch,4GB
0,-0.0091552734375,4.875,HP,14-inch,16GB,Apple,13-inch,8GB
0,-4.375,9.5,HP,14-inch,16GB,Apple,13-inch,16GB
0,-11.0,9.5,HP,14-inch,16GB,Apple,14-inch,4GB
0,-0.1591796875,7.59375,HP,14-inch,16GB,Apple,14-inch,8GB
0,-5.625,9.5,HP,14-inch,16GB,Apple,14-inch,16GB
0,-7.625,9.5,HP,14-inch,16GB,Apple,16-inch,4GB
0,-0.00531005859375,4.375,HP,14-inch,16GB,Apple,16-inch,8GB
0,-2.34375,9.375,HP,14-inch,16GB,Apple,16-inch,16GB
0,-6.75,9.5,HP,16-inch,4GB,ASUS,13-inch,4GB
0,-12.25,9.5,HP,16-inch,4GB,ASUS,13-inch,8GB
0,-11.375,9.5,HP,16-inch,4GB,ASUS,13-inch,16GB
0,-7.375,9.5,HP,16-inch,4GB,ASUS,14-inch,4GB
0,-12.625,9.5,HP,16-inch,4GB,ASUS,14-inch,8GB
0,-12.375,9.5,HP,16-inch,4GB,ASUS,14-inch,16GB
0,-4.25,9.5,HP,16-inch,4GB,ASUS,16-inch,4GB
0,-15.25,9.5,HP,16-inch,4GB,ASUS,16-inch,8GB
0,-12.0,9.5,HP,16-inch,4GB,ASUS,16-inch,16GB
0,-7.25,9.5,HP,16-inch,4GB,Lenovo,13-inch,4GB
0,-11.875,9.5,HP,16-inch,4GB,Lenovo,13-inch,8GB
0,-11.625,9.5,HP,16-inch,4GB,Lenovo,13-inch,16GB
0,-7.625,9.5,HP,16-inch,4GB,Lenovo,14-inch,4GB
0,-12.25,9.5,HP,16-inch,4GB,Lenovo,14-inch,8GB
0,-12.125,9.5,HP,16-inch,4GB,Lenovo,14-inch,16GB
0,-4.25,9.5,HP,16-inch,4GB,Lenovo,16-inch,4GB
0,-14.5,9.5,HP,16-inch,4GB,Lenovo,16-inch,8GB
0,-12.125,9.5,HP,16-inch,4GB,Lenovo,16-inch,16GB
0,-5.625,9.5,HP,16-inch,4GB,HP,13-inch,4GB
0,-13.875,9.5,HP,16-inch,4GB,HP,13-inch,8GB
0,-13.375,9.5,HP,16-inch,4GB,HP,13-inch,16GB
0,-6.0,9.5,HP,16-inch,4GB,HP,14-inch,4GB
0,-14.75,9.5,HP,16-inch,4GB,HP,14-inch,8GB
0,-14.75,9.5,HP,16-inch,4GB,HP,14-inch,16GB
0,-15.0,9.5,HP,16-inch,4GB,HP,16-inch,8GB
0,-13.125,9.5,HP,16-inch,4GB,HP,16-inch,16GB
0,-6.5,9.5,HP,16-inch,4GB,Dell,13-inch,4GB
0,-11.5,9.5,HP,16-inch,4GB,Dell,13-inch,8GB
0,-11.25,9.5,HP,16-inch,4GB,Dell,13-inch,16GB
0,-7.25,9.5,HP,16-inch,4GB,Dell,14-inch,4GB
0,-12.125,9.5,HP,16-inch,4GB,Dell,14-inch,8GB
0,-11.5,9.5,HP,16-inch,4GB,Dell,14-inch,16GB
0,-2.234375,9.375,HP,16-inch,4GB,Dell,16-inch,4GB
0,-14.75,9.5,HP,16-inch,4GB,Dell,16-inch,8GB
0,-11.875,9.5,HP,16-inch,4GB,Dell,16-inch,16GB
0,-6.375,9.5,HP,16-inch,4GB,Apple,13-inch,4GB
0,-11.625,9.5,HP,16-inch,4GB,Apple,13-inch,8GB
0,-10.25,9.5,HP,16-inch,4GB,Apple,13-inch,16GB
0,-5.625,9.5,HP,16-inch,4GB,Apple,14-inch,4GB
0,-11.875,9.5,HP,16-inch,4GB,Apple,14-inch,8GB
0,-10.875,9.5,HP,16-inch,4GB,Apple,14-inch,16GB
0,-0.00799560546875,4.75,HP,16-inch,4GB,Apple,16-inch,4GB
0,-14.125,9.5,HP,16-inch,4GB,Apple,16-inch,8GB
0,-9.5,9.5,HP,16-inch,4GB,Apple,16-inch,16GB
0,-10.0,9.5,HP,16-inch,8GB,ASUS,13-inch,4GB
0,-5.25,9.5,HP,16-inch,8GB,ASUS,13-inch,8GB
0,-0.003997802734375,4.125,HP,16-inch,8GB,ASUS,13-inch,16GB
0,-9.875,9.5,HP,16-inch,8GB,ASUS,14-inch,4GB
0,-5.25,9.5,HP,16-inch,8GB,ASUS,14-inch,8GB
0,-0.01190185546875,5.125,HP,16-inch,8GB,ASUS,14-inch,16GB
0,0.000514984130859375,0.25,HP,16-inch,8GB,ASUS,16-inch,4GB
0,-4.75,9.5,HP,16-inch,8GB,ASUS,16-inch,8GB
0,-0.0015716552734375,3.375,HP,16-inch,8GB,ASUS,16-inch,16GB
0,-10.0,9.5,HP,16-inch,8GB,Lenovo,13-inch,4GB
0,-5.125,9.5,HP,16-inch,8GB,Lenovo,13-inch,8GB
0,-0.00347900390625,4.0,HP,16-inch,8GB,Lenovo,13-inch,16GB
0,-10.0,9.5,HP,16-inch,8GB,Lenovo,14-inch,4GB
0,-5.0,9.5,HP,16-inch,8GB,Lenovo,14-inch,8GB
0,-0.01190185546875,5.125,HP,16-inch,8GB,Lenovo,14-inch,16GB
0,0.000545501708984375,-0.125,HP,16-inch,8GB,Lenovo,16-inch,4GB
0,-5.125,9.5,HP,16-inch,8GB,Lenovo,16-inch,8GB
0,-0.0007171630859375,2.875,HP,16-inch,8GB,Lenovo,16-inch,16GB
0,-8.75,9.5,HP,16-inch,8GB,HP,13-inch,4GB
0,-5.5,9.5,HP,16-inch,8GB,HP,13-inch,8GB
0,-0.251953125,8.0,HP,16-inch,8GB,HP,13-inch,16GB
0,-8.375,9.5,HP,16-inch,8GB,HP,14-inch,4GB
0,-5.5,9.5,HP,16-inch,8GB,HP,14-inch,8GB
0,-6.0,9.5,HP,16-inch,8GB,HP,14-inch,16GB
0,0.000408172607421875,1.0,HP,16-inch,8GB,HP,16-inch,4GB
0,-5.875,9.5,HP,16-inch,8GB,HP,16-inch,16GB
0,-10.375,9.5,HP,16-inch,8GB,Dell,13-inch,4GB
0,-1.3125,9.1875,HP,16-inch,8GB,Dell,13-inch,8GB
0,-0.001861572265625,3.5,HP,16-inch,8GB,Dell,13-inch,16GB
0,-10.0,9.5,HP,16-inch,8GB,Dell,14-inch,4GB
0,-2.34375,9.375,HP,16-inch,8GB,Dell,14-inch,8GB
0,-0.006103515625,4.5,HP,16-inch,8GB,Dell,14-inch,16GB
0,0.0005645751953125,-0.5,HP,16-inch,8GB,Dell,16-inch,4GB
0,-4.75,9.5,HP,16-inch,8GB,Dell,16-inch,8GB
0,-0.0005645751953125,2.75,HP,16-inch,8GB,Dell,16-inch,16GB
0,-11.375,9.5,HP,16-inch,8GB,Apple,13-inch,4GB
0,-4.03125,9.5,HP,16-inch,8GB,Apple,13-inch,8GB
0,-9.918212890625e-05,2.25,HP,16-inch,8GB,Apple,13-inch,16GB
0,-12.75,9.5,HP,16-inch,8GB,Apple,14-inch,4GB
0,-4.875,9.5,HP,16-inch,8GB,Apple,14-inch,8GB
0,-0.000194549560546875,2.375,HP,16-inch,8GB,Apple,14-inch,16GB
0,-0.0015716552734375,3.375,HP,16-inch,8GB,Apple,16-inch,4GB
0,-0.38671875,8.375,HP,16-inch,8GB,Apple,16-inch,8GB
0,-0.000194549560546875,2.375,HP,16-inch,8GB,Apple,16-inch,16GB
0,-17.125,9.5,HP,16-inch,16GB,ASUS,13-inch,4GB
0,-0.97265625,9.0,HP,16-inch,16GB,ASUS,13-inch,8GB
0,-5.75,9.5,HP,16-inch,16GB,ASUS,13-inch,16GB
0,-17.0,9.5,HP,16-inch,16GB,ASUS,14-inch,4GB
0,-2.125,9.375,HP,16-inch,16GB,ASUS,14-inch,8GB
0,-5.375,9.5,HP,16-inch,16GB,ASUS,14-inch,16GB
0,-0.00131988525390625,3.25,HP,16-inch,16GB,ASUS,16-inch,4GB
0,-6.875,9.5,HP,16-inch,16GB,ASUS,16-inch,8GB
0,-3.53125,9.5,HP,16-inch,16GB,ASUS,16-inch,16GB
0,-16.75,9.5,HP,16-inch,16GB,Lenovo,13-inch,4GB
0,-0.05419921875,6.5625,HP,16-inch,16GB,Lenovo,13-inch,8GB
0,-5.625,9.5,HP,16-inch,16GB,Lenovo,13-inch,16GB
0,-16.875,9.5,HP,16-inch,16GB,Lenovo,14-inch,4GB
0,-0.04248046875,6.3125,HP,16-inch,16GB,Lenovo,14-inch,8GB
0,-5.25,9.5,HP,16-inch,16GB,Lenovo,14-inch,16GB
0,-0.0025634765625,3.75,HP,16-inch,16GB,Lenovo,16-inch,4GB
0,-7.0,9.5,HP,16-inch,16GB,Lenovo,16-inch,8GB
0,-4.03125,9.5,HP,16-inch,16GB,Lenovo,16-inch,16GB
0,-17.25,9.5,HP,16-inch,16GB,HP,13-inch,4GB
0,-0.3125,8.1875,HP,16-inch,16GB,HP,13-inch,8GB
0,-5.5,9.5,HP,16-inch,16GB,HP,13-inch,16GB
0,-16.0,9.5,HP,16-inch,16GB,HP,14-inch,4GB
0,-3.28125,9.4375,HP,16-inch,16GB,HP,14-inch,8GB
0,-5.375,9.5,HP,16-inch,16GB,HP,14-inch,16GB
0,-0.000194549560546875,2.375,HP,16-inch,16GB,HP,16-inch,4GB
0,-9.0,9.5,HP,16-inch,16GB,HP,16-inch,8GB
0,-17.125,9.5,HP,16-inch,16GB,Dell,13-inch,4GB
0,-0.0478515625,6.4375,HP,16-inch,16GB,Dell,13-inch,8GB
0,-5.125,9.5,HP,16-inch,16GB,Dell,13-inch,16GB
0,-17.0,9.5,HP,16-inch,16GB,Dell,14-inch,4GB
0,-0.099609375,7.15625,HP,16-inch,16GB,Dell,14-inch,8GB
0,-4.875,9.5,HP,16-inch,16GB,Dell,14-inch,16GB
0,-1.52587890625e-05,2.125,HP,16-inch,16GB,Dell,16-inch,4GB
0,-7.125,9.5,HP,16-inch,16GB,Dell,16-inch,8GB
0,-3.765625,9.5,HP,16-inch,16GB,Dell,16-inch,16GB
0,-15.625,9.5,HP,16-inch,16GB,Apple,13-inch,4GB
0,-0.03759765625,6.21875,HP,16-inch,16GB,Apple,13-inch,8GB
0,-0.2001953125,7.8125,HP,16-inch,16GB,Apple,13-inch,16GB
0,-16.0,9.5,HP,16-inch,16GB,Apple,14-inch,4GB
0,-0.1591796875,7.59375,HP,16-inch,16GB,Apple,14-inch,8GB
0,-0.474609375,8.5,HP,16-inch,16GB,Apple,14-inch,16GB
0,-7.5,9.5,HP,16-inch,16GB,Apple,16-inch,4GB
0,-5.0,9.5,HP,16-inch,16GB,Apple,16-inch,8GB
0,-0.00799560546875,4.75,HP,16-inch,16GB,Apple,16-inch,16GB
0,-0.0015716552734375,3.375,Dell,13-inch,4GB,ASUS,13-inch,4GB
0,-13.5,9.5,Dell,13-inch,4GB,ASUS,13-inch,8GB
0,-11.875,9.5,Dell,13-inch,4GB,ASUS,13-inch,16GB
0,-0.0025634765625,3.75,Dell,13-inch,4GB,ASUS,14-inch,4GB
0,-13.375,9.5,Dell,13-inch,4GB,ASUS,14-inch,8GB
0,-11.5,9.5,Dell,13-inch,4GB,ASUS,14-inch,16GB
0,-0.006988525390625,4.625,Dell,13-inch,4GB,ASUS,16-inch,4GB
0,-11.0,9.5,Dell,13-inch,4GB,ASUS,16-inch,8GB
0,-8.5,9.5,Dell,13-inch,4GB,ASUS,16-inch,16GB
0,-0.00531005859375,4.375,Dell,13-inch,4GB,Lenovo,13-inch,4GB
0,-13.0,9.5,Dell,13-inch,4GB,Lenovo,13-inch,8GB
0,-11.5,9.5,Dell,13-inch,4GB,Lenovo,13-inch,16GB
0,-0.0025634765625,3.75,Dell,13-inch,4GB,Lenovo,14-inch,4GB
0,-13.125,9.5,Dell,13-inch,4GB,Lenovo,14-inch,8GB
0,-11.625,9.5,Dell,13-inch,4GB,Lenovo,14-inch,16GB
0,-0.00531005859375,4.375,Dell,13-inch,4GB,Lenovo,16-inch,4GB
0,-10.25,9.5,Dell,13-inch,4GB,Lenovo,16-inch,8GB
0,-8.25,9.5,Dell,13-inch,4GB,Lenovo,16-inch,16GB
0,-1.52587890625e-05,2.125,Dell,13-inch,4GB,HP,13-inch,4GB
0,-12.875,9.5,Dell,13-inch,4GB,HP,13-inch,8GB
0,-11.625,9.5,Dell,13-inch,4GB,HP,13-inch,16GB
0,-0.000301361083984375,2.5,Dell,13-inch,4GB,HP,14-inch,4GB
0,-12.875,9.5,Dell,13-inch,4GB,HP,14-inch,8GB
0,-11.5,9.5,Dell,13-inch,4GB,HP,14-inch,16GB
0,-0.00531005859375,4.375,Dell,13-inch,4GB,HP,16-inch,4GB
0,-10.25,9.5,Dell,13-inch,4GB,HP,16-inch,8GB
0,-8.25,9.5,Dell,13-inch,4GB,HP,16-inch,16GB
0,-12.75,9.5,Dell,13-inch,4GB,Dell,13-inch,8GB
0,-12.125,9.5,Dell,13-inch,4GB,Dell,13-inch,16GB
0,-4.25,9.5,Dell,13-inch,4GB,Dell,14-inch,4GB
0,-13.5,9.5,Dell,13-inch,4GB,Dell,14-inch,8GB
0,-12.875,9.5,Dell,13-inch,4GB,Dell,14-inch,16GB
0,-0.0291748046875,5.96875,Dell,13-inch,4GB,Dell,16-inch,4GB
0,-10.375,9.5,Dell,13-inch,4GB,Dell,16-inch,8GB
0,-7.875,9.5,Dell,13-inch,4GB,Dell,16-inch,16GB
0,0.0003490447998046875,1.25,Dell,13-inch,4GB,Apple,13-inch,4GB
0,-11.375,9.5,Dell,13-inch,4GB,Apple,13-inch,8GB
0,-8.875,9.5,Dell,13-inch,4GB,Apple,13-inch,16GB
0,0.0003147125244140625,1.375,Dell,13-inch,4GB,Apple,14-inch,4GB
0,-11.25,9.5,Dell,13-inch,4GB,Apple,14-inch,8GB
0,-8.5,9.5,Dell,13-inch,4GB,Apple,14-inch,16GB
0,0.00052642822265625,0.125,Dell,13-inch,4GB,Apple,16-inch,4GB
0,-10.125,9.5,Dell,13-inch,4GB,Apple,16-inch,8GB
0,-2.578125,9.4375,Dell,13-inch,4GB,Apple,16-inch,16GB
0,-0.00347900390625,4.0,Dell,13-inch,8GB,ASUS,13-inch,4GB
0,-5.625,9.5,Dell,13-inch,8GB,ASUS,13-inch,8GB
0,-0.00531005859375,4.375,Dell,13-inch,8GB,ASUS,13-inch,16GB
0,-12.0,9.5,Dell,13-inch,8GB,ASUS,14-inch,4GB
0,-4.75,9.5,Dell,13-inch,8GB,ASUS,14-inch,8GB
0,-0.002197265625,3.625,Dell,13-inch,8GB,ASUS,14-inch,16GB
0,-9.75,9.5,Dell,13-inch,8GB,ASUS,16-inch,4GB
0,-0.474609375,8.5,Dell,13-inch,8GB,ASUS,16-inch,8GB
0,-0.00347900390625,4.0,Dell,13-inch,8GB,ASUS,16-inch,16GB
0,-0.004608154296875,4.25,Dell,13-inch,8GB,Lenovo,13-inch,4GB
0,-5.625,9.5,Dell,13-inch,8GB,Lenovo,13-inch,8GB
0,-0.004638671875,4.25,Dell,13-inch,8GB,Lenovo,13-inch,16GB
0,-12.625,9.5,Dell,13-inch,8GB,Lenovo,14-inch,4GB
0,-4.25,9.5,Dell,13-inch,8GB,Lenovo,14-inch,8GB
0,-0.0025787353515625,3.75,Dell,13-inch,8GB,Lenovo,14-inch,16GB
0,-10.0,9.5,Dell,13-inch,8GB,Lenovo,16-inch,4GB
0,-0.251953125,8.0,Dell,13-inch,8GB,Lenovo,16-inch,8GB
0,-0.002197265625,3.625,Dell,13-inch,8GB,Lenovo,16-inch,16GB
0,-0.00055694580078125,2.75,Dell,13-inch,8GB,HP,13-inch,4GB
0,-5.625,9.5,Dell,13-inch,8GB,HP,13-inch,8GB
0,-0.0040283203125,4.125,Dell,13-inch,8GB,HP,13-inch,16GB
0,-10.5,9.5,Dell,13-inch,8GB,HP,14-inch,4GB
0,-2.578125,9.4375,Dell,13-inch,8GB,HP,14-inch,8GB
0,-0.002197265625,3.625,Dell,13-inch,8GB,HP,14-inch,16GB
0,-8.875,9.5,Dell,13-inch,8GB,HP,16-inch,4GB
0,-0.0225830078125,5.75,Dell,13-inch,8GB,HP,16-inch,8GB
0,-0.0025787353515625,3.75,Dell,13-inch,8GB,HP,16-inch,16GB
0,-0.00041961669921875,2.625,Dell,13-inch,8GB,Dell,13-inch,4GB
0,-4.75,9.5,Dell,13-inch,8GB,Dell,13-inch,16GB
0,-9.375,9.5,Dell,13-inch,8GB,Dell,14-inch,4GB
0,-0.474609375,8.5,Dell,13-inch,8GB,Dell,14-inch,8GB
0,-0.006103515625,4.5,Dell,13-inch,8GB,Dell,14-inch,16GB
0,-3.765625,9.5,Dell,13-inch,8GB,Dell,16-inch,4GB
0,-0.017578125,5.46875,Dell,13-inch,8GB,Dell,16-inch,8GB
0,-0.00531005859375,4.375,Dell,13-inch,8GB,Dell,16-inch,16GB
0,-11.5,9.5,Dell,13-inch,8GB,Apple,13-inch,4GB
0,-5.125,9.5,Dell,13-inch,8GB,Apple,13-inch,8GB
0,-0.00299072265625,3.875,Dell,13-inch,8GB,Apple,13-inch,16GB
0,-12.375,9.5,Dell,13-inch,8GB,Apple,14-inch,4GB
0,-6.0,9.5,Dell,13-inch,8GB,Apple,14-inch,8GB
0,-0.002197265625,3.625,Dell,13-inch,8GB,Apple,14-inch,16GB
0,-6.875,9.5,Dell,13-inch,8GB,Apple,16-inch,4GB
0,-0.38671875,8.375,Dell,13-inch,8GB,Apple,16-inch,8GB
0,-0.002197265625,3.625,Dell,13-inch,8GB,Apple,16-inch,16GB
0,-10.0,9.5,Dell,13-inch,16GB,ASUS,13-inch,4GB
0,-7.0,9.5,Dell,13-inch,16GB,ASUS,13-inch,8GB
0,-4.375,9.5,Dell,13-inch,16GB,ASUS,13-inch,16GB
0,-19.125,9.5,Dell,13-inch,16GB,ASUS,14-inch,4GB
0,-6.375,9.5,Dell,13-inch,16GB,ASUS,14-inch,8GB
0,-6.0,9.5,Dell,13-inch,16GB,ASUS,14-inch,16GB
0,-14.0,9.5,Dell,13-inch,16GB,ASUS,16-inch,4GB
0,-6.0,9.5,Dell,13-inch,16GB,ASUS,16-inch,8GB
0,-2.34375,9.375,Dell,13-inch,16GB,ASUS,16-inch,16GB
0,-10.0,9.5,Dell,13-inch,16GB,Lenovo,13-inch,4GB
0,-7.125,9.5,Dell,13-inch,16GB,Lenovo,13-inch,8GB
0,-4.5,9.5,Dell,13-inch,16GB,Lenovo,13-inch,16GB
0,-19.375,9.5,Dell,13-inch,16GB,Lenovo,14-inch,4GB
0,-5.75,9.5,Dell,13-inch,16GB,Lenovo,14-inch,8GB
0,-5.5,9.5,Dell,13-inch,16GB,Lenovo,14-inch,16GB
0,-14.75,9.5,Dell,13-inch,16GB,Lenovo,16-inch,4GB
0,-6.25,9.5,Dell,13-inch,16GB,Lenovo,16-inch,8GB
0,-1.140625,9.125,Dell,13-inch,16GB,Lenovo,16-inch,16GB
0,-7.625,9.5,Dell,13-inch,16GB,HP,13-inch,4GB
0,-7.125,9.5,Dell,13-inch,16GB,HP,13-inch,8GB
0,-4.15625,9.5,Dell,13-inch,16GB,HP,13-inch,16GB
0,-18.375,9.5,Dell,13-inch,16GB,HP,14-inch,4GB
0,-6.375,9.5,Dell,13-inch,16GB,HP,14-inch,8GB
0,-4.75,9.5,Dell,13-inch,16GB,HP,14-inch,16GB
0,-12.625,9.5,Dell,13-inch,16GB,HP,16-inch,4GB
0,-6.25,9.5,Dell,13-inch,16GB,HP,16-inch,8GB
0,-0.97265625,9.0,Dell,13-inch,16GB,HP,16-inch,16GB
0,-0.0135498046875,5.25,Dell,13-inch,16GB,Dell,13-inch,4GB
0,-9.0,9.5,Dell,13-inch,16GB,Dell,13-inch,8GB
0,-16.875,9.5,Dell,13-inch,16GB,Dell,14-inch,4GB
0,-7.25,9.5,Dell,13-inch,16GB,Dell,14-inch,8GB
0,-0.08837890625,7.03125,Dell,13-inch,16GB,Dell,14-inch,16GB
0,-7.75,9.5,Dell,13-inch,16GB,Dell,16-inch,4GB
0,-6.75,9.5,Dell,13-inch,16GB,Dell,16-inch,8GB
0,-0.0225830078125,5.75,Dell,13-inch,16GB,Dell,16-inch,16GB
0,-16.25,9.5,Dell,13-inch,16GB,Apple,13-inch,4GB
0,-5.5,9.5,Dell,13-inch,16GB,Apple,13-inch,8GB
0,-5.875,9.5,Dell,13-inch,16GB,Apple,13-inch,16GB
0,-17.5,9.5,Dell,13-inch,16GB,Apple,14-inch,4GB
0,-5.625,9.5,Dell,13-inch,16GB,Apple,14-inch,8GB
0,-5.5,9.5,Dell,13-inch,16GB,Apple,14-inch,16GB
0,-10.375,9.5,Dell,13-inch,16GB,Apple,16-inch,4GB
0,-5.0,9.5,Dell,13-inch,16GB,Apple,16-inch,8GB
0,-3.046875,9.4375,Dell,13-inch,16GB,Apple,16-inch,16GB
0,0.0003795623779296875,1.125,Dell,14-inch,4GB,ASUS,13-inch,4GB
0,-12.375,9.5,Dell,14-inch,4GB,ASUS,13-inch,8GB
0,-11.25,9.5,Dell,14-inch,4GB,ASUS,13-inch,16GB
0,-0.00131988525390625,3.25,Dell,14-inch,4GB,ASUS,14-inch,4GB
0,-14.0,9.5,Dell,14-inch,4GB,ASUS,14-inch,8GB
0,-12.5,9.5,Dell,14-inch,4GB,ASUS,14-inch,16GB
0,-0.00531005859375,4.375,Dell,14-inch,4GB,ASUS,16-inch,4GB
0,-11.625,9.5,Dell,14-inch,4GB,ASUS,16-inch,8GB
0,-9.375,9.5,Dell,14-inch,4GB,ASUS,16-inch,16GB
0,0.000274658203125,1.5,Dell,14-inch,4GB,Lenovo,13-inch,4GB
0,-11.875,9.5,Dell,14-inch,4GB,Lenovo,13-inch,8GB
0,-11.375,9.5,Dell,14-inch,4GB,Lenovo,13-inch,16GB
0,-0.00299072265625,3.875,Dell,14-inch,4GB,Lenovo,14-inch,4GB
0,-13.25,9.5,Dell,14-inch,4GB,Lenovo,14-inch,8GB
0,-12.25,9.5,Dell,14-inch,4GB,Lenovo,14-inch,16GB
0,-0.003997802734375,4.125,Dell,14-inch,4GB,Lenovo,16-inch,4GB
0,-11.125,9.5,Dell,14-inch,4GB,Lenovo,16-inch,8GB
0,-9.0,9.5,Dell,14-inch,4GB,Lenovo,16-inch,16GB
0,0.000545501708984375,-0.125,Dell,14-inch,4GB,HP,13-inch,4GB
0,-11.875,9.5,Dell,14-inch,4GB,HP,13-inch,8GB
0,-11.25,9.5,Dell,14-inch,4GB,HP,13-inch,16GB
0,5.7220458984375e-05,2.0,Dell,14-inch,4GB,HP,14-inch,4GB
0,-13.625,9.5,Dell,14-inch,4GB,HP,14-inch,8GB
0,-12.375,9.5,Dell,14-inch,4GB,HP,14-inch,16GB
0,-0.0025634765625,3.75,Dell,14-inch,4GB,HP,16-inch,4GB
0,-11.25,9.5,Dell,14-inch,4GB,HP,16-inch,8GB
0,-9.125,9.5,Dell,14-inch,4GB,HP,16-inch,16GB
0,0.00057220458984375,-0.625,Dell,14-inch,4GB,Dell,13-inch,4GB
0,-13.125,9.5,Dell,14-inch,4GB,Dell,13-inch,8GB
0,-13.75,9.5,Dell,14-inch,4GB,Dell,13-inch,16GB
0,-13.125,9.5,Dell,14-inch,4GB,Dell,14-inch,8GB
0,-13.125,9.5,Dell,14-inch,4GB,Dell,14-inch,16GB
0,-0.0225830078125,5.75,Dell,14-inch,4GB,Dell,16-inch,4GB
0,-11.625,9.5,Dell,14-inch,4GB,Dell,16-inch,8GB
0,-8.5,9.5,Dell,14-inch,4GB,Dell,16-inch,16GB
0,0.0003147125244140625,1.375,Dell,14-inch,4GB,Apple,13-inch,4GB
0,-10.5,9.5,Dell,14-inch,4GB,Apple,13-inch,8GB
0,-9.25,9.5,Dell,14-inch,4GB,Apple,13-inch,16GB
0,0.000431060791015625,0.875,Dell,14-inch,4GB,Apple,14-inch,4GB
0,-11.25,9.5,Dell,14-inch,4GB,Apple,14-inch,8GB
0,-9.0,9.5,Dell,14-inch,4GB,Apple,14-inch,16GB
0,0.000499725341796875,0.375,Dell,14-inch,4GB,Apple,16-inch,4GB
0,-10.5,9.5,Dell,14-inch,4GB,Apple,16-inch,8GB
0,-6.125,9.5,Dell,14-inch,4GB,Apple,16-inch,16GB
0,-9.25,9.5,Dell,14-inch,8GB,ASUS,13-inch,4GB
0,-5.5,9.5,Dell,14-inch,8GB,ASUS,13-inch,8GB
0,-0.00799560546875,4.75,Dell,14-inch,8GB,ASUS,13-inch,16GB
0,-0.000194549560546875,2.375,Dell,14-inch,8GB,ASUS,14-inch,4GB
0,-5.25,9.5,Dell,14-inch,8GB,ASUS,14-inch,8GB
0,-0.0091552734375,4.875,Dell,14-inch,8GB,ASUS,14-inch,16GB
0,-8.625,9.5,Dell,14-inch,8GB,ASUS,16-inch,4GB
0,-2.578125,9.4375,Dell,14-inch,8GB,ASUS,16-inch,8GB
0,-0.00347900390625,4.0,Dell,14-inch,8GB,ASUS,16-inch,16GB
0,-9.25,9.5,Dell,14-inch,8GB,Lenovo,13-inch,4GB
0,-5.25,9.5,Dell,14-inch,8GB,Lenovo,13-inch,8GB
0,-0.00799560546875,4.75,Dell,14-inch,8GB,Lenovo,13-inch,16GB
0,-0.000194549560546875,2.375,Dell,14-inch,8GB,Lenovo,14-inch,4GB
0,-5.375,9.5,Dell,14-inch,8GB,Lenovo,14-inch,8GB
0,-0.01043701171875,5.0,Dell,14-inch,8GB,Lenovo,14-inch,16GB
0,-9.25,9.5,Dell,14-inch,8GB,Lenovo,16-inch,4GB
0,-1.5,9.25,Dell,14-inch,8GB,Lenovo,16-inch,8GB
0,-0.0025634765625,3.75,Dell,14-inch,8GB,Lenovo,16-inch,16GB
0,-8.25,9.5,Dell,14-inch,8GB,HP,13-inch,4GB
0,-4.25,9.5,Dell,14-inch,8GB,HP,13-inch,8GB
0,-0.006988525390625,4.625,Dell,14-inch,8GB,HP,13-inch,16GB
0,0.0003490447998046875,1.25,Dell,14-inch,8GB,HP,14-inch,4GB
0,-5.375,9.5,Dell,14-inch,8GB,HP,14-inch,8GB
0,-0.006988525390625,4.625,Dell,14-inch,8GB,HP,14-inch,16GB
0,-7.75,9.5,Dell,14-inch,8GB,HP,16-inch,4GB
0,-0.2001953125,7.8125,Dell,14-inch,8GB,HP,16-inch,8GB
0,-0.00347900390625,4.0,Dell,14-inch,8GB,HP,16-inch,16GB
0,-4.75,9.5,Dell,14-inch,8GB,Dell,13-inch,4GB
0,-4.875,9.5,Dell,14-inch,8GB,Dell,13-inch,8GB
0,-5.875,9.5,Dell,14-inch,8GB,Dell,13-inch,16GB
0,0.0002307891845703125,1.625,Dell,14-inch,8GB,Dell,14-inch,4GB
0,-5.625,9.5,Dell,14-inch,8GB,Dell,14-inch,16GB
0,-0.00347900390625,4.0,Dell,14-inch,8GB,Dell,16-inch,4GB
0,-0.03759765625,6.21875,Dell,14-inch,8GB,Dell,16-inch,8GB
0,-0.006988525390625,4.625,Dell,14-inch,8GB,Dell,16-inch,16GB
0,-12.5,9.5,Dell,14-inch,8GB,Apple,13-inch,4GB
0,-6.0,9.5,Dell,14-inch,8GB,Apple,13-inch,8GB
0,-0.001861572265625,3.5,Dell,14-inch,8GB,Apple,13-inch,16GB
0,-11.0,9.5,Dell,14-inch,8GB,Apple,14-inch,4GB
0,-5.5,9.5,Dell,14-inch,8GB,Apple,14-inch,8GB
0,-0.006988525390625,4.625,Dell,14-inch,8GB,Apple,14-inch,16GB
0,-7.0,9.5,Dell,14-inch,8GB,Apple,16-inch,4GB
0,-2.125,9.375,Dell,14-inch,8GB,Apple,16-inch,8GB
0,-0.001861572265625,3.5,Dell,14-inch,8GB,Apple,16-inch,16GB
0,-19.125,9.5,Dell,14-inch,16GB,ASUS,13-inch,4GB
0,-3.28125,9.4375,Dell,14-inch,16GB,ASUS,13-inch,8GB
0,-5.875,9.5,Dell,14-inch,16GB,ASUS,13-inch,16GB
0,-1.5,9.25,Dell,14-inch,16GB,ASUS,14-inch,4GB
0,-6.625,9.5,Dell,14-inch,16GB,ASUS,14-inch,8GB
0,-3.53125,9.5,Dell,14-inch,16GB,ASUS,14-inch,16GB
0,-12.0,9.5,Dell,14-inch,16GB,ASUS,16-inch,4GB
0,-5.625,9.5,Dell,14-inch,16GB,ASUS,16-inch,8GB
0,-1.40625,9.25,Dell,14-inch,16GB,ASUS,16-inch,16GB
0,-19.0,9.5,Dell,14-inch,16GB,Lenovo,13-inch,4GB
0,-0.69140625,8.8125,Dell,14-inch,16GB,Lenovo,13-inch,8GB
0,-5.25,9.5,Dell,14-inch,16GB,Lenovo,13-inch,16GB
0,-2.125,9.375,Dell,14-inch,16GB,Lenovo,14-inch,4GB
0,-6.5,9.5,Dell,14-inch,16GB,Lenovo,14-inch,8GB
0,-4.15625,9.5,Dell,14-inch,16GB,Lenovo,14-inch,16GB
0,-13.125,9.5,Dell,14-inch,16GB,Lenovo,16-inch,4GB
0,-6.125,9.5,Dell,14-inch,16GB,Lenovo,16-inch,8GB
0,-0.97265625,9.0,Dell,14-inch,16GB,Lenovo,16-inch,16GB
0,-18.5,9.5,Dell,14-inch,16GB,HP,13-inch,4GB
0,-3.53125,9.5,Dell,14-inch,16GB,HP,13-inch,8GB
0,-4.375,9.5,Dell,14-inch,16GB,HP,13-inch,16GB
0,-0.006103515625,4.5,Dell,14-inch,16GB,HP,14-inch,4GB
0,-6.625,9.5,Dell,14-inch,16GB,HP,14-inch,8GB
0,-3.65625,9.5,Dell,14-inch,16GB,HP,14-inch,16GB
0,-10.5,9.5,Dell,14-inch,16GB,HP,16-inch,4GB
0,-6.25,9.5,Dell,14-inch,16GB,HP,16-inch,8GB
0,-0.251953125,8.0,Dell,14-inch,16GB,HP,16-inch,16GB
0,-17.375,9.5,Dell,14-inch,16GB,Dell,13-inch,4GB
0,-5.0,9.5,Dell,14-inch,16GB,Dell,13-inch,8GB
0,-3.890625,9.5,Dell,14-inch,16GB,Dell,13-inch,16GB
0,-0.000194549560546875,2.375,Dell,14-inch,16GB,Dell,14-inch,4GB
0,-8.875,9.5,Dell,14-inch,16GB,Dell,14-inch,8GB
0,-2.8125,9.4375,Dell,14-inch,16GB,Dell,16-inch,4GB
0,-6.375,9.5,Dell,14-inch,16GB,Dell,16-inch,8GB
0,-0.01043701171875,5.0,Dell,14-inch,16GB,Dell,16-inch,16GB
0,-17.125,9.5,Dell,14-inch,16GB,Apple,13-inch,4GB
0,-0.0198974609375,5.625,Dell,14-inch,16GB,Apple,13-inch,8GB
0,-5.0,9.5,Dell,14-inch,16GB,Apple,13-inch,16GB
0,-13.625,9.5,Dell,14-inch,16GB,Apple,14-inch,4GB
0,-1.9140625,9.3125,Dell,14-inch,16GB,Apple,14-inch,8GB
0,-5.5,9.5,Dell,14-inch,16GB,Apple,14-inch,16GB
0,-10.375,9.5,Dell,14-inch,16GB,Apple,16-inch,4GB
0,-0.0478515625,6.4375,Dell,14-inch,16GB,Apple,16-inch,8GB
0,-4.875,9.5,Dell,14-inch,16GB,Apple,16-inch,16GB
0,-7.0,9.5,Dell,16-inch,4GB,ASUS,13-inch,4GB
0,-12.5,9.5,Dell,16-inch,4GB,ASUS,13-inch,8GB
0,-11.75,9.5,Dell,16-inch,4GB,ASUS,13-inch,16GB
0,-7.625,9.5,Dell,16-inch,4GB,ASUS,14-inch,4GB
0,-12.5,9.5,Dell,16-inch,4GB,ASUS,14-inch,8GB
0,-12.5,9.5,Dell,16-inch,4GB,ASUS,14-inch,16GB
0,-4.75,9.5,Dell,16-inch,4GB,ASUS,16-inch,4GB
0,-15.625,9.5,Dell,16-inch,4GB,ASUS,16-inch,8GB
0,-12.0,9.5,Dell,16-inch,4GB,ASUS,16-inch,16GB
0,-7.25,9.5,Dell,16-inch,4GB,Lenovo,13-inch,4GB
0,-11.875,9.5,Dell,16-inch,4GB,Lenovo,13-inch,8GB
0,-11.625,9.5,Dell,16-inch,4GB,Lenovo,13-inch,16GB
0,-8.0,9.5,Dell,16-inch,4GB,Lenovo,14-inch,4GB
0,-11.875,9.5,Dell,16-inch,4GB,Lenovo,14-inch,8GB
0,-11.875,9.5,Dell,16-inch,4GB,Lenovo,14-inch,16GB
0,-4.75,9.5,Dell,16-inch,4GB,Lenovo,16-inch,4GB
0,-14.625,9.5,Dell,16-inch,4GB,Lenovo,16-inch,8GB
0,-12.375,9.5,Dell,16-inch,4GB,Lenovo,16-inch,16GB
0,-6.625,9.5,Dell,16-inch,4GB,HP,13-inch,4GB
0,-11.5,9.5,Dell,16-inch,4GB,HP,13-inch,8GB
0,-11.75,9.5,Dell,16-inch,4GB,HP,13-inch,16GB
0,-6.875,9.5,Dell,16-inch,4GB,HP,14-inch,4GB
0,-11.875,9.5,Dell,16-inch,4GB,HP,14-inch,8GB
0,-12.125,9.5,Dell,16-inch,4GB,HP,14-inch,16GB
0,-3.046875,9.4375,Dell,16-inch,4GB,HP,16-inch,4GB
0,-14.75,9.5,Dell,16-inch,4GB,HP,16-inch,8GB
0,-11.875,9.5,Dell,16-inch,4GB,HP,16-inch,16GB
0,-5.125,9.5,Dell,16-inch,4GB,Dell,13-inch,4GB
0,-13.375,9.5,Dell,16-inch,4GB,Dell,13-inch,8GB
0,-13.5,9.5,Dell,16-inch,4GB,Dell,13-inch,16GB
0,-6.25,9.5,Dell,16-inch,4GB,Dell,14-inch,4GB
0,-14.25,9.5,Dell,16-inch,4GB,Dell,14-inch,8GB
0,-14.125,9.5,Dell,16-inch,4GB,Dell,14-inch,16GB
0,-14.0,9.5,Dell,16-inch,4GB,Dell,16-inch,8GB
0,-12.75,9.5,Dell,16-inch,4GB,Dell,16-inch,16GB
0,-6.5,9.5,Dell,16-inch,4GB,Apple,13-inch,4GB
0,-11.5,9.5,Dell,16-inch,4GB,Apple,13-inch,8GB
0,-10.125,9.5,Dell,16-inch,4GB,Apple,13-inch,16GB
0,-6.25,9.5,Dell,16-inch,4GB,Apple,14-inch,4GB
0,-11.625,9.5,Dell,16-inch,4GB,Apple,14-inch,8GB
0,-10.0,9.5,Dell,16-inch,4GB,Apple,14-inch,16GB
0,-0.0478515625,6.4375,Dell,16-inch,4GB,Apple,16-inch,4GB
0,-13.875,9.5,Dell,16-inch,4GB,Apple,16-inch,8GB
0,-9.75,9.5,Dell,16-inch,4GB,Apple,16-inch,16GB
0,-10.625,9.5,Dell,16-inch,8GB,ASUS,13-inch,4GB
0,-5.625,9.5,Dell,16-inch,8GB,ASUS,13-inch,8GB
0,-0.006988525390625,4.625,Dell,16-inch,8GB,ASUS,13-inch,16GB
0,-11.5,9.5,Dell,16-inch,8GB,ASUS,14-inch,4GB
0,-5.375,9.5,Dell,16-inch,8GB,ASUS,14-inch,8GB
0,-0.0198974609375,5.625,Dell,16-inch,8GB,ASUS,14-inch,16GB
0,0.0004863739013671875,0.5,Dell,16-inch,8GB,ASUS,16-inch,4GB
0,-5.5,9.5,Dell,16-inch,8GB,ASUS,16-inch,8GB
0,-0.001861572265625,3.5,Dell,16-inch,8GB,ASUS,16-inch,16GB
0,-10.75,9.5,Dell,16-inch,8GB,Lenovo,13-inch,4GB
0,-5.25,9.5,Dell,16-inch,8GB,Lenovo,13-inch,8GB
0,-0.004638671875,4.25,Dell,16-inch,8GB,Lenovo,13-inch,16GB
0,-11.125,9.5,Dell,16-inch,8GB,Lenovo,14-inch,4GB
0,-4.875,9.5,Dell,16-inch,8GB,Lenovo,14-inch,8GB
0,-0.0135498046875,5.25,Dell,16-inch,8GB,Lenovo,14-inch,16GB
0,0.000469207763671875,0.625,Dell,16-inch,8GB,Lenovo,16-inch,4GB
0,-5.375,9.5,Dell,16-inch,8GB,Lenovo,16-inch,8GB
0,-0.00131988525390625,3.25,Dell,16-inch,8GB,Lenovo,16-inch,16GB
0,-9.375,9.5,Dell,16-inch,8GB,HP,13-inch,4GB
0,-4.15625,9.5,Dell,16-inch,8GB,HP,13-inch,8GB
0,-0.00299072265625,3.875,Dell,16-inch,8GB,HP,13-inch,16GB
0,-10.125,9.5,Dell,16-inch,8GB,HP,14-inch,4GB
0,-3.65625,9.5,Dell,16-inch,8GB,HP,14-inch,8GB
0,-0.01043701171875,5.0,Dell,16-inch,8GB,HP,14-inch,16GB
0,0.000499725341796875,0.375,Dell,16-inch,8GB,HP,16-inch,4GB
0,-5.25,9.5,Dell,16-inch,8GB,HP,16-inch,8GB
0,-0.0015716552734375,3.375,Dell,16-inch,8GB,HP,16-inch,16GB
0,-8.875,9.5,Dell,16-inch,8GB,Dell,13-inch,4GB
0,-5.625,9.5,Dell,16-inch,8GB,Dell,13-inch,8GB
0,-3.765625,9.5,Dell,16-inch,8GB,Dell,13-inch,16GB
0,-9.625,9.5,Dell,16-inch,8GB,Dell,14-inch,4GB
0,-5.625,9.5,Dell,16-inch,8GB,Dell,14-inch,8GB
0,-6.375,9.5,Dell,16-inch,8GB,Dell,14-inch,16GB
0,0.0003795623779296875,1.125,Dell,16-inch,8GB,Dell,16-inch,4GB
0,-5.875,9.5,Dell,16-inch,8GB,Dell,16-inch,16GB
0,-13.125,9.5,Dell,16-inch,8GB,Apple,13-inch,4GB
0,-4.75,9.5,Dell,16-inch,8GB,Apple,13-inch,8GB
0,-0.00041961669921875,2.625,Dell,16-inch,8GB,Apple,13-inch,16GB
0,-14.5,9.5,Dell,16-inch,8GB,Apple,14-inch,4GB
0,-5.0,9.5,Dell,16-inch,8GB,Apple,14-inch,8GB
0,-0.00055694580078125,2.75,Dell,16-inch,8GB,Apple,14-inch,16GB
0,-3.28125,9.4375,Dell,16-inch,8GB,Apple,16-inch,4GB
0,-0.69140625,8.8125,Dell,16-inch,8GB,Apple,16-inch,8GB
0,-0.00055694580078125,2.75,Dell,16-inch,8GB,Apple,16-inch,16GB
0,-17.875,9.5,Dell,16-inch,16GB,ASUS,13-inch,4GB
0,-0.69140625,8.8125,Dell,16-inch,16GB,ASUS,13-inch,8GB
0,-5.5,9.5,Dell,16-inch,16GB,ASUS,13-inch,16GB
0,-17.75,9.5,Dell,16-inch,16GB,ASUS,14-inch,4GB
0,-0.82421875,8.9375,Dell,16-inch,16GB,ASUS,14-inch,8GB
0,-5.0,9.5,Dell,16-inch,16GB,ASUS,14-inch,16GB
0,-0.00347900390625,4.0,Dell,16-inch,16GB,ASUS,16-inch,4GB
0,-6.75,9.5,Dell,16-inch,16GB,ASUS,16-inch,8GB
0,-3.890625,9.5,Dell,16-inch,16GB,ASUS,16-inch,16GB
0,-17.25,9.5,Dell,16-inch,16GB,Lenovo,13-inch,4GB
0,-0.04248046875,6.3125,Dell,16-inch,16GB,Lenovo,13-inch,8GB
0,-5.25,9.5,Dell,16-inch,16GB,Lenovo,13-inch,16GB
0,-17.125,9.5,Dell,16-inch,16GB,Lenovo,14-inch,4GB
0,-0.05419921875,6.5625,Dell,16-inch,16GB,Lenovo,14-inch,8GB
0,-4.5,9.5,Dell,16-inch,16GB,Lenovo,14-inch,16GB
0,-0.01043701171875,5.0,Dell,16-inch,16GB,Lenovo,16-inch,4GB
0,-6.75,9.5,Dell,16-inch,16GB,Lenovo,16-inch,8GB
0,-4.15625,9.5,Dell,16-inch,16GB,Lenovo,16-inch,16GB
0,-17.0,9.5,Dell,16-inch,16GB,HP,13-inch,4GB
0,-0.1123046875,7.25,Dell,16-inch,16GB,HP,13-inch,8GB
0,-4.625,9.5,Dell,16-inch,16GB,HP,13-inch,16GB
0,-17.625,9.5,Dell,16-inch,16GB,HP,14-inch,4GB
0,-0.2001953125,7.8125,Dell,16-inch,16GB,HP,14-inch,8GB
0,-3.40625,9.4375,Dell,16-inch,16GB,HP,14-inch,16GB
0,-0.002197265625,3.625,Dell,16-inch,16GB,HP,16-inch,4GB
0,-6.5,9.5,Dell,16-inch,16GB,HP,16-inch,8GB
0,-4.25,9.5,Dell,16-inch,16GB,HP,16-inch,16GB
0,-17.0,9.5,Dell,16-inch,16GB,Dell,13-inch,4GB
0,-0.474609375,8.5,Dell,16-inch,16GB,Dell,13-inch,8GB
0,-5.25,9.5,Dell,16-inch,16GB,Dell,13-inch,16GB
0,-16.125,9.5,Dell,16-inch,16GB,Dell,14-inch,4GB
0,-2.125,9.375,Dell,16-inch,16GB,Dell,14-inch,8GB
0,-4.875,9.5,Dell,16-inch,16GB,Dell,14-inch,16GB
0,5.7220458984375e-05,2.0,Dell,16-inch,16GB,Dell,16-inch,4GB
0,-8.75,9.5,Dell,16-inch,16GB,Dell,16-inch,8GB
0,-17.5,9.5,Dell,16-inch,16GB,Apple,13-inch,4GB
0,-0.0198974609375,5.625,Dell,16-inch,16GB,Apple,13-inch,8GB
0,-0.1591796875,7.59375,Dell,16-inch,16GB,Apple,13-inch,16GB
0,-17.875,9.5,Dell,16-inch,16GB,Apple,14-inch,4GB
0,-0.0291748046875,5.96875,Dell,16-inch,16GB,Apple,14-inch,8GB
0,-0.099609375,7.15625,Dell,16-inch,16GB,Apple,14-inch,16GB
0,-9.625,9.5,Dell,16-inch,16GB,Apple,16-inch,4GB
0,-4.5,9.5,Dell,16-inch,16GB,Apple,16-inch,8GB
0,-0.01043701171875,5.0,Dell,16-inch,16GB,Apple,16-inch,16GB
0,-8.25,9.5,Apple,13-inch,4GB,ASUS,13-inch,4GB
0,-15.875,9.5,Apple,13-inch,4GB,ASUS,13-inch,8GB
0,-14.875,9.5,Apple,13-inch,4GB,ASUS,13-inch,16GB
0,-7.25,9.5,Apple,13-inch,4GB,ASUS,14-inch,4GB
0,-14.875,9.5,Apple,13-inch,4GB,ASUS,14-inch,8GB
0,-13.625,9.5,Apple,13-inch,4GB,ASUS,14-inch,16GB
0,-6.875,9.5,Apple,13-inch,4GB,ASUS,16-inch,4GB
0,-13.875,9.5,Apple,13-inch,4GB,ASUS,16-inch,8GB
0,-12.25,9.5,Apple,13-inch,4GB,ASUS,16-inch,16GB
0,-8.125,9.5,Apple,13-inch,4GB,Lenovo,13-inch,4GB
0,-15.5,9.5,Apple,13-inch,4GB,Lenovo,13-inch,8GB
0,-14.5,9.5,Apple,13-inch,4GB,Lenovo,13-inch,16GB
0,-6.875,9.5,Apple,13-inch,4GB,Lenovo,14-inch,4GB
0,-14.125,9.5,Apple,13-inch,4GB,Lenovo,14-inch,8GB
0,-13.5,9.5,Apple,13-inch,4GB,Lenovo,14-inch,16GB
0,-6.125,9.5,Apple,13-inch,4GB,Lenovo,16-inch,4GB
0,-13.625,9.5,Apple,13-inch,4GB,Lenovo,16-inch,8GB
0,-11.625,9.5,Apple,13-inch,4GB,Lenovo,16-inch,16GB
0,-7.875,9.5,Apple,13-inch,4GB,HP,13-inch,4GB
0,-15.125,9.5,Apple,13-inch,4GB,HP,13-inch,8GB
0,-14.25,9.5,Apple,13-inch,4GB,HP,13-inch,16GB
0,-6.75,9.5,Apple,13-inch,4GB,HP,14-inch,4GB
0,-14.25,9.5,Apple,13-inch,4GB,HP,14-inch,8GB
0,-13.375,9.5,Apple,13-inch,4GB,HP,14-inch,16GB
0,-6.25,9.5,Apple,13-inch,4GB,HP,16-inch,4GB
0,-13.375,9.5,Apple,13-inch,4GB,HP,16-inch,8GB
0,-11.5,9.5,Apple,13-inch,4GB,HP,16-inch,16GB
0,-8.625,9.5,Apple,13-inch,4GB,Dell,13-inch,4GB
0,-14.5,9.5,Apple,13-inch,4GB,Dell,13-inch,8GB
0,-13.5,9.5,Apple,13-inch,4GB,Dell,13-inch,16GB
0,-7.625,9.5,Apple,13-inch,4GB,Dell,14-inch,4GB
0,-13.625,9.5,Apple,13-inch,4GB,Dell,14-inch,8GB
0,-12.375,9.5,Apple,13-inch,4GB,Dell,14-inch,16GB
0,-5.75,9.5,Apple,13-inch,4GB,Dell,16-inch,4GB
0,-13.375,9.5,Apple,13-inch,4GB,Dell,16-inch,8GB
0,-11.0,9.5,Apple,13-inch,4GB,Dell,16-inch,16GB
0,-11.75,9.5,Apple,13-inch,4GB,Apple,13-inch,8GB
0,-11.5,9.5,Apple,13-inch,4GB,Apple,13-inch,16GB
0,-6.125,9.5,Apple,13-inch,4GB,Apple,14-inch,4GB
0,-12.125,9.5,Apple,13-inch,4GB,Apple,14-inch,8GB
0,-12.75,9.5,Apple,13-inch,4GB,Apple,14-inch,16GB
0,-4.25,9.5,Apple,13-inch,4GB,Apple,16-inch,4GB
0,-12.25,9.5,Apple,13-inch,4GB,Apple,16-inch,8GB
0,-9.125,9.5,Apple,13-inch,4GB,Apple,16-inch,16GB
0,-0.0291748046875,5.96875,Apple,13-inch,8GB,ASUS,13-inch,4GB
0,-7.875,9.5,Apple,13-inch,8GB,ASUS,13-inch,8GB
0,-5.625,9.5,Apple,13-inch,8GB,ASUS,13-inch,16GB
0,-7.875,9.5,Apple,13-inch,8GB,ASUS,14-inch,4GB
0,-7.375,9.5,Apple,13-inch,8GB,ASUS,14-inch,8GB
0,-1.703125,9.3125,Apple,13-inch,8GB,ASUS,14-inch,16GB
0,-2.34375,9.375,Apple,13-inch,8GB,ASUS,16-inch,4GB
0,-6.5,9.5,Apple,13-inch,8GB,ASUS,16-inch,8GB
0,-0.0693359375,6.8125,Apple,13-inch,8GB,ASUS,16-inch,16GB
0,-0.57421875,8.6875,Apple,13-inch,8GB,Lenovo,13-inch,4GB
0,-7.625,9.5,Apple,13-inch,8GB,Lenovo,13-inch,8GB
0,-5.125,9.5,Apple,13-inch,8GB,Lenovo,13-inch,16GB
0,-8.75,9.5,Apple,13-inch,8GB,Lenovo,14-inch,4GB
0,-7.25,9.5,Apple,13-inch,8GB,Lenovo,14-inch,8GB
0,-3.53125,9.5,Apple,13-inch,8GB,Lenovo,14-inch,16GB
0,-5.625,9.5,Apple,13-inch,8GB,Lenovo,16-inch,4GB
0,-6.625,9.5,Apple,13-inch,8GB,Lenovo,16-inch,8GB
0,-0.099609375,7.15625,Apple,13-inch,8GB,Lenovo,16-inch,16GB
0,-0.002197265625,3.625,Apple,13-inch,8GB,HP,13-inch,4GB
0,-7.5,9.5,Apple,13-inch,8GB,HP,13-inch,8GB
0,-4.625,9.5,Apple,13-inch,8GB,HP,13-inch,16GB
0,-6.125,9.5,Apple,13-inch,8GB,HP,14-inch,4GB
0,-7.25,9.5,Apple,13-inch,8GB,HP,14-inch,8GB
0,-2.34375,9.375,Apple,13-inch,8GB,HP,14-inch,16GB
0,-0.0478515625,6.4375,Apple,13-inch,8GB,HP,16-inch,4GB
0,-6.25,9.5,Apple,13-inch,8GB,HP,16-inch,8GB
0,-0.1259765625,7.375,Apple,13-inch,8GB,HP,16-inch,16GB
0,-3.046875,9.4375,Apple,13-inch,8GB,Dell,13-inch,4GB
0,-7.625,9.5,Apple,13-inch,8GB,Dell,13-inch,8GB
0,-3.28125,9.4375,Apple,13-inch,8GB,Dell,13-inch,16GB
0,-7.5,9.5,Apple,13-inch,8GB,Dell,14-inch,4GB
0,-7.25,9.5,Apple,13-inch,8GB,Dell,14-inch,8GB
0,-0.0291748046875,5.96875,Apple,13-inch,8GB,Dell,14-inch,16GB
0,-0.57421875,8.6875,Apple,13-inch,8GB,Dell,16-inch,4GB
0,-6.125,9.5,Apple,13-inch,8GB,Dell,16-inch,8GB
0,-0.025634765625,5.84375,Apple,13-inch,8GB,Dell,16-inch,16GB
0,-0.00041961669921875,2.625,Apple,13-inch,8GB,Apple,13-inch,4GB
0,-3.28125,9.4375,Apple,13-inch,8GB,Apple,13-inch,16GB
0,-5.75,9.5,Apple,13-inch,8GB,Apple,14-inch,4GB
0,-4.625,9.5,Apple,13-inch,8GB,Apple,14-inch,8GB
0,-0.00531005859375,4.375,Apple,13-inch,8GB,Apple,14-inch,16GB
0,-0.0007171630859375,2.875,Apple,13-inch,8GB,Apple,16-inch,4GB
0,-0.00347900390625,4.0,Apple,13-inch,8GB,Apple,16-inch,8GB
0,-0.00299072265625,3.875,Apple,13-inch,8GB,Apple,16-inch,16GB
0,-15.25,9.5,Apple,13-inch,16GB,ASUS,13-inch,4GB
0,-8.5,9.5,Apple,13-inch,16GB,ASUS,13-inch,8GB
0,-7.375,9.5,Apple,13-inch,16GB,ASUS,13-inch,16GB
0,-17.625,9.5,Apple,13-inch,16GB,ASUS,14-inch,4GB
0,-7.625,9.5,Apple,13-inch,16GB,ASUS,14-inch,8GB
0,-7.875,9.5,Apple,13-inch,16GB,ASUS,14-inch,16GB
0,-12.125,9.5,Apple,13-inch,16GB,ASUS,16-inch,4GB
0,-7.375,9.5,Apple,13-inch,16GB,ASUS,16-inch,8GB
0,-7.0,9.5,Apple,13-inch,16GB,ASUS,16-inch,16GB
0,-15.25,9.5,Apple,13-inch,16GB,Lenovo,13-inch,4GB
0,-8.0,9.5,Apple,13-inch,16GB,Lenovo,13-inch,8GB
0,-6.75,9.5,Apple,13-inch,16GB,Lenovo,13-inch,16GB
0,-18.0,9.5,Apple,13-inch,16GB,Lenovo,14-inch,4GB
0,-7.125,9.5,Apple,13-inch,16GB,Lenovo,14-inch,8GB
0,-7.625,9.5,Apple,13-inch,16GB,Lenovo,14-inch,16GB
0,-13.75,9.5,Apple,13-inch,16GB,Lenovo,16-inch,4GB
0,-7.25,9.5,Apple,13-inch,16GB,Lenovo,16-inch,8GB
0,-6.625,9.5,Apple,13-inch,16GB,Lenovo,16-inch,16GB
0,-12.75,9.5,Apple,13-inch,16GB,HP,13-inch,4GB
0,-8.0,9.5,Apple,13-inch,16GB,HP,13-inch,8GB
0,-6.375,9.5,Apple,13-inch,16GB,HP,13-inch,16GB
0,-16.25,9.5,Apple,13-inch,16GB,HP,14-inch,4GB
0,-7.0,9.5,Apple,13-inch,16GB,HP,14-inch,8GB
0,-7.125,9.5,Apple,13-inch,16GB,HP,14-inch,16GB
0,-10.875,9.5,Apple,13-inch,16GB,HP,16-inch,4GB
0,-7.125,9.5,Apple,13-inch,16GB,HP,16-inch,8GB
0,-6.625,9.5,Apple,13-inch,16GB,HP,16-inch,16GB
0,-15.5,9.5,Apple,13-inch,16GB,Dell,13-inch,4GB
0,-8.0,9.5,Apple,13-inch,16GB,Dell,13-inch,8GB
0,-6.875,9.5,Apple,13-inch,16GB,Dell,13-inch,16GB
0,-17.75,9.5,Apple,13-inch,16GB,Dell,14-inch,4GB
0,-7.25,9.5,Apple,13-inch,16GB,Dell,14-inch,8GB
0,-7.625,9.5,Apple,13-inch,16GB,Dell,14-inch,16GB
0,-13.0,9.5,Apple,13-inch,16GB,Dell,16-inch,4GB
0,-7.25,9.5,Apple,13-inch,16GB,Dell,16-inch,8GB
0,-6.5,9.5,Apple,13-inch,16GB,Dell,16-inch,16GB
0,-5.5,9.5,Apple,13-inch,16GB,Apple,13-inch,4GB
0,-10.0,9.5,Apple,13-inch,16GB,Apple,13-inch,8GB
0,-15.375,9.5,Apple,13-inch,16GB,Apple,14-inch,4GB
0,-9.625,9.5,Apple,13-inch,16GB,Apple,14-inch,8GB
0,-0.82421875,8.9375,Apple,13-inch,16GB,Apple,14-inch,16GB
0,-6.75,9.5,Apple,13-inch,16GB,Apple,16-inch,4GB
0,-7.625,9.5,Apple,13-inch,16GB,Apple,16-inch,8GB
0,-0.0135498046875,5.25,Apple,13-inch,16GB,Apple,16-inch,16GB
0,-8.375,9.5,Apple,14-inch,4GB,ASUS,13-inch,4GB
0,-15.375,9.5,Apple,14-inch,4GB,ASUS,13-inch,8GB
0,-15.0,9.5,Apple,14-inch,4GB,ASUS,13-inch,16GB
0,-8.5,9.5,Apple,14-inch,4GB,ASUS,14-inch,4GB
0,-16.625,9.5,Apple,14-inch,4GB,ASUS,14-inch,8GB
0,-15.5,9.5,Apple,14-inch,4GB,ASUS,14-inch,16GB
0,-7.0,9.5,Apple,14-inch,4GB,ASUS,16-inch,4GB
0,-14.5,9.5,Apple,14-inch,4GB,ASUS,16-inch,8GB
0,-13.0,9.5,Apple,14-inch,4GB,ASUS,16-inch,16GB
0,-8.375,9.5,Apple,14-inch,4GB,Lenovo,13-inch,4GB
0,-15.0,9.5,Apple,14-inch,4GB,Lenovo,13-inch,8GB
0,-15.0,9.5,Apple,14-inch,4GB,Lenovo,13-inch,16GB
0,-8.375,9.5,Apple,14-inch,4GB,Lenovo,14-inch,4GB
0,-16.375,9.5,Apple,14-inch,4GB,Lenovo,14-inch,8GB
0,-15.5,9.5,Apple,14-inch,4GB,Lenovo,14-inch,16GB
0,-6.625,9.5,Apple,14-inch,4GB,Lenovo,16-inch,4GB
0,-13.875,9.5,Apple,14-inch,4GB,Lenovo,16-inch,8GB
0,-12.625,9.5,Apple,14-inch,4GB,Lenovo,16-inch,16GB
0,-7.75,9.5,Apple,14-inch,4GB,HP,13-inch,4GB
0,-14.375,9.5,Apple,14-inch,4GB,HP,13-inch,8GB
0,-14.875,9.5,Apple,14-inch,4GB,HP,13-inch,16GB
0,-8.125,9.5,Apple,14-inch,4GB,HP,14-inch,4GB
0,-16.25,9.5,Apple,14-inch,4GB,HP,14-inch,8GB
0,-15.375,9.5,Apple,14-inch,4GB,HP,14-inch,16GB
0,-6.5,9.5,Apple,14-inch,4GB,HP,16-inch,4GB
0,-13.625,9.5,Apple,14-inch,4GB,HP,16-inch,8GB
0,-12.75,9.5,Apple,14-inch,4GB,HP,16-inch,16GB
0,-8.375,9.5,Apple,14-inch,4GB,Dell,13-inch,4GB
0,-14.125,9.5,Apple,14-inch,4GB,Dell,13-inch,8GB
0,-14.0,9.5,Apple,14-inch,4GB,Dell,13-inch,16GB
0,-8.75,9.5,Apple,14-inch,4GB,Dell,14-inch,4GB
0,-15.5,9.5,Apple,14-inch,4GB,Dell,14-inch,8GB
0,-14.0,9.5,Apple,14-inch,4GB,Dell,14-inch,16GB
0,-6.5,9.5,Apple,14-inch,4GB,Dell,16-inch,4GB
0,-14.0,9.5,Apple,14-inch,4GB,Dell,16-inch,8GB
0,-11.625,9.5,Apple,14-inch,4GB,Dell,16-inch,16GB
0,-0.004608154296875,4.25,Apple,14-inch,4GB,Apple,13-inch,4GB
0,-13.75,9.5,Apple,14-inch,4GB,Apple,13-inch,8GB
0,-13.75,9.5,Apple,14-inch,4GB,Apple,13-inch,16GB
0,-12.25,9.5,Apple,14-inch,4GB,Apple,14-inch,8GB
0,-12.0,9.5,Apple,14-inch,4GB,Apple,14-inch,16GB
0,-4.25,9.5,Apple,14-inch,4GB,Apple,16-inch,4GB
0,-13.0,9.5,Apple,14-inch,4GB,Apple,16-inch,8GB
0,-10.375,9.5,Apple,14-inch,4GB,Apple,16-inch,16GB
0,-0.099609375,7.15625,Apple,14-inch,8GB,ASUS,13-inch,4GB
0,-7.625,9.5,Apple,14-inch,8GB,ASUS,13-inch,8GB
0,-6.375,9.5,Apple,14-inch,8GB,ASUS,13-inch,16GB
0,-0.00109100341796875,3.125,Apple,14-inch,8GB,ASUS,14-inch,4GB
0,-7.375,9.5,Apple,14-inch,8GB,ASUS,14-inch,8GB
0,-5.75,9.5,Apple,14-inch,8GB,ASUS,14-inch,16GB
0,-9.918212890625e-05,2.25,Apple,14-inch,8GB,ASUS,16-inch,4GB
0,-5.75,9.5,Apple,14-inch,8GB,ASUS,16-inch,8GB
0,-0.0693359375,6.8125,Apple,14-inch,8GB,ASUS,16-inch,16GB
0,-4.75,9.5,Apple,14-inch,8GB,Lenovo,13-inch,4GB
0,-7.5,9.5,Apple,14-inch,8GB,Lenovo,13-inch,8GB
0,-6.0,9.5,Apple,14-inch,8GB,Lenovo,13-inch,16GB
0,-0.0025634765625,3.75,Apple,14-inch,8GB,Lenovo,14-inch,4GB
0,-7.125,9.5,Apple,14-inch,8GB,Lenovo,14-inch,8GB
0,-5.375,9.5,Apple,14-inch,8GB,Lenovo,14-inch,16GB
0,-0.00131988525390625,3.25,Apple,14-inch,8GB,Lenovo,16-inch,4GB
0,-6.125,9.5,Apple,14-inch,8GB,Lenovo,16-inch,8GB
0,-0.0615234375,6.6875,Apple,14-inch,8GB,Lenovo,16-inch,16GB
0,-0.00799560546875,4.75,Apple,14-inch,8GB,HP,13-inch,4GB
0,-7.0,9.5,Apple,14-inch,8GB,HP,13-inch,8GB
0,-6.125,9.5,Apple,14-inch,8GB,HP,13-inch,16GB
0,-0.00041961669921875,2.625,Apple,14-inch,8GB,HP,14-inch,4GB
0,-6.75,9.5,Apple,14-inch,8GB,HP,14-inch,8GB
0,-5.5,9.5,Apple,14-inch,8GB,HP,14-inch,16GB
0,5.7220458984375e-05,2.0,Apple,14-inch,8GB,HP,16-inch,4GB
0,-5.5,9.5,Apple,14-inch,8GB,HP,16-inch,8GB
0,-0.38671875,8.375,Apple,14-inch,8GB,HP,16-inch,16GB
0,-4.25,9.5,Apple,14-inch,8GB,Dell,13-inch,4GB
0,-7.375,9.5,Apple,14-inch,8GB,Dell,13-inch,8GB
0,-5.125,9.5,Apple,14-inch,8GB,Dell,13-inch,16GB
0,-0.0025634765625,3.75,Apple,14-inch,8GB,Dell,14-inch,4GB
0,-7.25,9.5,Apple,14-inch,8GB,Dell,14-inch,8GB
0,-4.25,9.5,Apple,14-inch,8GB,Dell,14-inch,16GB
0,5.7220458984375e-05,2.0,Apple,14-inch,8GB,Dell,16-inch,4GB
0,-5.5,9.5,Apple,14-inch,8GB,Dell,16-inch,8GB
0,-0.017578125,5.46875,Apple,14-inch,8GB,Dell,16-inch,16GB
0,-8.125,9.5,Apple,14-inch,8GB,Apple,13-inch,4GB
0,-4.625,9.5,Apple,14-inch,8GB,Apple,13-inch,8GB
0,-5.25,9.5,Apple,14-inch,8GB,Apple,13-inch,16GB
0,-0.000194549560546875,2.375,Apple,14-inch,8GB,Apple,14-inch,4GB
0,-5.375,9.5,Apple,14-inch,8GB,Apple,14-inch,16GB
0,0.0001220703125,1.875,Apple,14-inch,8GB,Apple,16-inch,4GB
0,-0.002197265625,3.625,Apple,14-inch,8GB,Apple,16-inch,8GB
0,-0.00299072265625,3.875,Apple,14-inch,8GB,Apple,16-inch,16GB
0,-17.625,9.5,Apple,14-inch,16GB,ASUS,13-inch,4GB
0,-7.25,9.5,Apple,14-inch,16GB,ASUS,13-inch,8GB
0,-7.5,9.5,Apple,14-inch,16GB,ASUS,13-inch,16GB
0,-10.375,9.5,Apple,14-inch,16GB,ASUS,14-inch,4GB
0,-7.875,9.5,Apple,14-inch,16GB,ASUS,14-inch,8GB
0,-6.75,9.5,Apple,14-inch,16GB,ASUS,14-inch,16GB
0,-11.625,9.5,Apple,14-inch,16GB,ASUS,16-inch,4GB
0,-6.75,9.5,Apple,14-inch,16GB,ASUS,16-inch,8GB
0,-6.0,9.5,Apple,14-inch,16GB,ASUS,16-inch,16GB
0,-17.875,9.5,Apple,14-inch,16GB,Lenovo,13-inch,4GB
0,-7.25,9.5,Apple,14-inch,16GB,Lenovo,13-inch,8GB
0,-7.625,9.5,Apple,14-inch,16GB,Lenovo,13-inch,16GB
0,-11.0,9.5,Apple,14-inch,16GB,Lenovo,14-inch,4GB
0,-7.25,9.5,Apple,14-inch,16GB,Lenovo,14-inch,8GB
0,-6.75,9.5,Apple,14-inch,16GB,Lenovo,14-inch,16GB
0,-13.125,9.5,Apple,14-inch,16GB,Lenovo,16-inch,4GB
0,-6.625,9.5,Apple,14-inch,16GB,Lenovo,16-inch,8GB
0,-6.25,9.5,Apple,14-inch,16GB,Lenovo,16-inch,16GB
0,-16.5,9.5,Apple,14-inch,16GB,HP,13-inch,4GB
0,-7.0,9.5,Apple,14-inch,16GB,HP,13-inch,8GB
0,-7.125,9.5,Apple,14-inch,16GB,HP,13-inch,16GB
0,-8.75,9.5,Apple,14-inch,16GB,HP,14-inch,4GB
0,-7.125,9.5,Apple,14-inch,16GB,HP,14-inch,8GB
0,-6.5,9.5,Apple,14-inch,16GB,HP,14-inch,16GB
0,-10.625,9.5,Apple,14-inch,16GB,HP,16-inch,4GB
0,-6.375,9.5,Apple,14-inch,16GB,HP,16-inch,8GB
0,-6.0,9.5,Apple,14-inch,16GB,HP,16-inch,16GB
0,-18.0,9.5,Apple,14-inch,16GB,Dell,13-inch,4GB
0,-7.0,9.5,Apple,14-inch,16GB,Dell,13-inch,8GB
0,-7.625,9.5,Apple,14-inch,16GB,Dell,13-inch,16GB
0,-11.75,9.5,Apple,14-inch,16GB,Dell,14-inch,4GB
0,-7.0,9.5,Apple,14-inch,16GB,Dell,14-inch,8GB
0,-6.875,9.5,Apple,14-inch,16GB,Dell,14-inch,16GB
0,-12.0,9.5,Apple,14-inch,16GB,Dell,16-inch,4GB
0,-6.125,9.5,Apple,14-inch,16GB,Dell,16-inch,8GB
0,-5.875,9.5,Apple,14-inch,16GB,Dell,16-inch,16GB
0,-18.875,9.5,Apple,14-inch,16GB,Apple,13-inch,4GB
0,-7.5,9.5,Apple,14-inch,16GB,Apple,13-inch,8GB
0,-1.703125,9.3125,Apple,14-inch,16GB,Apple,13-inch,16GB
0,-0.00799560546875,4.75,Apple,14-inch,16GB,Apple,14-inch,4GB
0,-10.5,9.5,Apple,14-inch,16GB,Apple,14-inch,8GB
0,-6.25,9.5,Apple,14-inch,16GB,Apple,16-inch,4GB
0,-6.625,9.5,Apple,14-inch,16GB,Apple,16-inch,8GB
0,-0.004638671875,4.25,Apple,14-inch,16GB,Apple,16-inch,16GB
0,-10.5,9.5,Apple,16-inch,4GB,ASUS,13-inch,4GB
0,-14.125,9.5,Apple,16-inch,4GB,ASUS,13-inch,8GB
0,-13.875,9.5,Apple,16-inch,4GB,ASUS,13-inch,16GB
0,-10.875,9.5,Apple,16-inch,4GB,ASUS,14-inch,4GB
0,-15.25,9.5,Apple,16-inch,4GB,ASUS,14-inch,8GB
0,-14.125,9.5,Apple,16-inch,4GB,ASUS,14-inch,16GB
0,-10.0,9.5,Apple,16-inch,4GB,ASUS,16-inch,4GB
0,-17.5,9.5,Apple,16-inch,4GB,ASUS,16-inch,8GB
0,-14.5,9.5,Apple,16-inch,4GB,ASUS,16-inch,16GB
0,-10.625,9.5,Apple,16-inch,4GB,Lenovo,13-inch,4GB
0,-13.625,9.5,Apple,16-inch,4GB,Lenovo,13-inch,8GB
0,-14.125,9.5,Apple,16-inch,4GB,Lenovo,13-inch,16GB
0,-10.375,9.5,Apple,16-inch,4GB,Lenovo,14-inch,4GB
0,-14.125,9.5,Apple,16-inch,4GB,Lenovo,14-inch,8GB
0,-14.375,9.5,Apple,16-inch,4GB,Lenovo,14-inch,16GB
0,-10.125,9.5,Apple,16-inch,4GB,Lenovo,16-inch,4GB
0,-16.375,9.5,Apple,16-inch,4GB,Lenovo,16-inch,8GB
0,-15.0,9.5,Apple,16-inch,4GB,Lenovo,16-inch,16GB
0,-10.125,9.5,Apple,16-inch,4GB,HP,13-inch,4GB
0,-12.875,9.5,Apple,16-inch,4GB,HP,13-inch,8GB
0,-13.625,9.5,Apple,16-inch,4GB,HP,13-inch,16GB
0,-10.25,9.5,Apple,16-inch,4GB,HP,14-inch,4GB
0,-13.875,9.5,Apple,16-inch,4GB,HP,14-inch,8GB
0,-13.75,9.5,Apple,16-inch,4GB,HP,14-inch,16GB
0,-10.0,9.5,Apple,16-inch,4GB,HP,16-inch,4GB
0,-15.875,9.5,Apple,16-inch,4GB,HP,16-inch,8GB
0,-14.5,9.5,Apple,16-inch,4GB,HP,16-inch,16GB
0,-10.25,9.5,Apple,16-inch,4GB,Dell,13-inch,4GB
0,-13.125,9.5,Apple,16-inch,4GB,Dell,13-inch,8GB
0,-13.125,9.5,Apple,16-inch,4GB,Dell,13-inch,16GB
0,-10.625,9.5,Apple,16-inch,4GB,Dell,14-inch,4GB
0,-14.0,9.5,Apple,16-inch,4GB,Dell,14-inch,8GB
0,-13.25,9.5,Apple,16-inch,4GB,Dell,14-inch,16GB
0,-10.5,9.5,Apple,16-inch,4GB,Dell,16-inch,4GB
0,-16.5,9.5,Apple,16-inch,4GB,Dell,16-inch,8GB
0,-13.75,9.5,Apple,16-inch,4GB,Dell,16-inch,16GB
0,-7.0,9.5,Apple,16-inch,4GB,Apple,13-inch,4GB
0,-14.625,9.5,Apple,16-inch,4GB,Apple,13-inch,8GB
0,-13.875,9.5,Apple,16-inch,4GB,Apple,13-inch,16GB
0,-7.625,9.5,Apple,16-inch,4GB,Apple,14-inch,4GB
0,-15.875,9.5,Apple,16-inch,4GB,Apple,14-inch,8GB
0,-15.25,9.5,Apple,16-inch,4GB,Apple,14-inch,16GB
0,-14.25,9.5,Apple,16-inch,4GB,Apple,16-inch,8GB
0,-12.875,9.5,Apple,16-inch,4GB,Apple,16-inch,16GB
0,-9.625,9.5,Apple,16-inch,8GB,ASUS,13-inch,4GB
0,-7.75,9.5,Apple,16-inch,8GB,ASUS,13-inch,8GB
0,-2.8125,9.4375,Apple,16-inch,8GB,ASUS,13-inch,16GB
0,-9.875,9.5,Apple,16-inch,8GB,ASUS,14-inch,4GB
0,-7.75,9.5,Apple,16-inch,8GB,ASUS,14-inch,8GB
0,-5.375,9.5,Apple,16-inch,8GB,ASUS,14-inch,16GB
0,0.0003147125244140625,1.375,Apple,16-inch,8GB,ASUS,16-inch,4GB
0,-7.875,9.5,Apple,16-inch,8GB,ASUS,16-inch,8GB
0,-0.025634765625,5.84375,Apple,16-inch,8GB,ASUS,16-inch,16GB
0,-9.875,9.5,Apple,16-inch,8GB,Lenovo,13-inch,4GB
0,-7.375,9.5,Apple,16-inch,8GB,Lenovo,13-inch,8GB
0,-2.125,9.375,Apple,16-inch,8GB,Lenovo,13-inch,16GB
0,-10.125,9.5,Apple,16-inch,8GB,Lenovo,14-inch,4GB
0,-7.5,9.5,Apple,16-inch,8GB,Lenovo,14-inch,8GB
0,-5.0,9.5,Apple,16-inch,8GB,Lenovo,14-inch,16GB
0,5.7220458984375e-05,2.0,Apple,16-inch,8GB,Lenovo,16-inch,4GB
0,-7.5,9.5,Apple,16-inch,8GB,Lenovo,16-inch,8GB
0,-0.025634765625,5.84375,Apple,16-inch,8GB,Lenovo,16-inch,16GB
0,-8.625,9.5,Apple,16-inch,8GB,HP,13-inch,4GB
0,-7.125,9.5,Apple,16-inch,8GB,HP,13-inch,8GB
0,-0.0291748046875,5.96875,Apple,16-inch,8GB,HP,13-inch,16GB
0,-9.0,9.5,Apple,16-inch,8GB,HP,14-inch,4GB
0,-7.0,9.5,Apple,16-inch,8GB,HP,14-inch,8GB
0,-3.046875,9.4375,Apple,16-inch,8GB,HP,14-inch,16GB
0,0.0002307891845703125,1.625,Apple,16-inch,8GB,HP,16-inch,4GB
0,-7.375,9.5,Apple,16-inch,8GB,HP,16-inch,8GB
0,-0.3125,8.1875,Apple,16-inch,8GB,HP,16-inch,16GB
0,-9.5,9.5,Apple,16-inch,8GB,Dell,13-inch,4GB
0,-7.5,9.5,Apple,16-inch,8GB,Dell,13-inch,8GB
0,-0.015380859375,5.34375,Apple,16-inch,8GB,Dell,13-inch,16GB
0,-9.25,9.5,Apple,16-inch,8GB,Dell,14-inch,4GB
0,-7.5,9.5,Apple,16-inch,8GB,Dell,14-inch,8GB
0,-0.07861328125,6.9375,Apple,16-inch,8GB,Dell,14-inch,16GB
0,0.0002307891845703125,1.625,Apple,16-inch,8GB,Dell,16-inch,4GB
0,-7.875,9.5,Apple,16-inch,8GB,Dell,16-inch,8GB
0,-0.00799560546875,4.75,Apple,16-inch,8GB,Dell,16-inch,16GB
0,-9.625,9.5,Apple,16-inch,8GB,Apple,13-inch,4GB
0,-6.625,9.5,Apple,16-inch,8GB,Apple,13-inch,8GB
0,-5.125,9.5,Apple,16-inch,8GB,Apple,13-inch,16GB
0,-9.5,9.5,Apple,16-inch,8GB,Apple,14-inch,4GB
0,-6.625,9.5,Apple,16-inch,8GB,Apple,14-inch,8GB
0,-6.375,9.5,Apple,16-inch,8GB,Apple,14-inch,16GB
0,0.0004520416259765625,0.75,Apple,16-inch,8GB,Apple,16-inch,4GB
0,-5.75,9.5,Apple,16-inch,8GB,Apple,16-inch,16GB
0,-16.625,9.5,Apple,16-inch,16GB,ASUS,13-inch,4GB
0,-7.5,9.5,Apple,16-inch,16GB,ASUS,13-inch,8GB
0,-7.375,9.5,Apple,16-inch,16GB,ASUS,13-inch,16GB
0,-16.5,9.5,Apple,16-inch,16GB,ASUS,14-inch,4GB
0,-7.5,9.5,Apple,16-inch,16GB,ASUS,14-inch,8GB
0,-6.75,9.5,Apple,16-inch,16GB,ASUS,14-inch,16GB
0,-7.0,9.5,Apple,16-inch,16GB,ASUS,16-inch,4GB
0,-8.125,9.5,Apple,16-inch,16GB,ASUS,16-inch,8GB
0,-6.625,9.5,Apple,16-inch,16GB,ASUS,16-inch,16GB
0,-16.875,9.5,Apple,16-inch,16GB,Lenovo,13-inch,4GB
0,-7.25,9.5,Apple,16-inch,16GB,Lenovo,13-inch,8GB
0,-7.125,9.5,Apple,16-inch,16GB,Lenovo,13-inch,16GB
0,-16.25,9.5,Apple,16-inch,16GB,Lenovo,14-inch,4GB
0,-7.125,9.5,Apple,16-inch,16GB,Lenovo,14-inch,8GB
0,-6.875,9.5,Apple,16-inch,16GB,Lenovo,14-inch,16GB
0,-7.625,9.5,Apple,16-inch,16GB,Lenovo,16-inch,4GB
0,-7.875,9.5,Apple,16-inch,16GB,Lenovo,16-inch,8GB
0,-6.25,9.5,Apple,16-inch,16GB,Lenovo,16-inch,16GB
0,-15.5,9.5,Apple,16-inch,16GB,HP,13-inch,4GB
0,-7.125,9.5,Apple,16-inch,16GB,HP,13-inch,8GB
0,-6.625,9.5,Apple,16-inch,16GB,HP,13-inch,16GB
0,-15.75,9.5,Apple,16-inch,16GB,HP,14-inch,4GB
0,-7.125,9.5,Apple,16-inch,16GB,HP,14-inch,8GB
0,-6.25,9.5,Apple,16-inch,16GB,HP,14-inch,16GB
0,-6.5,9.5,Apple,16-inch,16GB,HP,16-inch,4GB
0,-7.5,9.5,Apple,16-inch,16GB,HP,16-inch,8GB
0,-6.125,9.5,Apple,16-inch,16GB,HP,16-inch,16GB
0,-16.5,9.5,Apple,16-inch,16GB,Dell,13-inch,4GB
0,-7.25,9.5,Apple,16-inch,16GB,Dell,13-inch,8GB
0,-6.875,9.5,Apple,16-inch,16GB,Dell,13-inch,16GB
0,-16.125,9.5,Apple,16-inch,16GB,Dell,14-inch,4GB
0,-7.125,9.5,Apple,16-inch,16GB,Dell,14-inch,8GB
0,-6.375,9.5,Apple,16-inch,16GB,Dell,14-inch,16GB
0,-7.0,9.5,Apple,16-inch,16GB,Dell,16-inch,4GB
0,-7.875,9.5,Apple,16-inch,16GB,Dell,16-inch,8GB
0,-6.25,9.5,Apple,16-inch,16GB,Dell,16-inch,16GB
0,-18.125,9.5,Apple,16-inch,16GB,Apple,13-inch,4GB
0,-7.0,9.5,Apple,16-inch,16GB,Apple,13-inch,8GB
0,-5.375,9.5,Apple,16-inch,16GB,Apple,13-inch,16GB
0,-17.5,9.5,Apple,16-inch,16GB,Apple,14-inch,4GB
0,-7.625,9.5,Apple,16-inch,16GB,Apple,14-inch,8GB
0,-4.625,9.5,Apple,16-inch,16GB,Apple,14-inch,16GB
0,-9.918212890625e-05,2.25,Apple,16-inch,16GB,Apple,16-inch,4GB
0,-9.25,9.5,Apple,16-inch,16GB,Apple,16-inch,8GB
1,-14.0,9.5,ASUS,13-inch,4GB,ASUS,13-inch,8GB
1,-13.5,9.5,ASUS,13-inch,4GB,ASUS,13-inch,16GB
1,-0.03759765625,6.21875,ASUS,13-inch,4GB,ASUS,14-inch,4GB
1,-15.125,9.5,ASUS,13-inch,4GB,ASUS,14-inch,8GB
1,-14.5,9.5,ASUS,13-inch,4GB,ASUS,14-inch,16GB
1,0.000598907470703125,-2.0,ASUS,13-inch,4GB,ASUS,16-inch,4GB
1,-14.25,9.5,ASUS,13-inch,4GB,ASUS,16-inch,8GB
1,-11.75,9.5,ASUS,13-inch,4GB,ASUS,16-inch,16GB
1,0.000431060791015625,0.875,ASUS,13-inch,4GB,Lenovo,13-inch,4GB
1,-14.75,9.5,ASUS,13-inch,4GB,Lenovo,13-inch,8GB
1,-13.875,9.5,ASUS,13-inch,4GB,Lenovo,13-inch,16GB
1,-6.875,9.5,ASUS,13-inch,4GB,Lenovo,14-inch,4GB
1,-14.125,9.5,ASUS,13-inch,4GB,Lenovo,14-inch,8GB
1,-13.5,9.5,ASUS,13-inch,4GB,Lenovo,14-inch,16GB
1,0.0003147125244140625,1.375,ASUS,13-inch,4GB,Lenovo,16-inch,4GB
1,-13.375,9.5,ASUS,13-inch,4GB,Lenovo,16-inch,8GB
1,-12.5,9.5,ASUS,13-inch,4GB,Lenovo,16-inch,16GB
1,0.00060272216796875,-2.5,ASUS,13-inch,4GB,HP,13-inch,4GB
1,-14.375,9.5,ASUS,13-inch,4GB,HP,13-inch,8GB
1,-13.625,9.5,ASUS,13-inch,4GB,HP,13-inch,16GB
1,-5.75,9.5,ASUS,13-inch,4GB,HP,14-inch,4GB
1,-14.25,9.5,ASUS,13-inch,4GB,HP,14-inch,8GB
1,-13.5,9.5,ASUS,13-inch,4GB,HP,14-inch,16GB
1,0.000576019287109375,-0.75,ASUS,13-inch,4GB,HP,16-inch,4GB
1,-13.625,9.5,ASUS,13-inch,4GB,HP,16-inch,8GB
1,-12.375,9.5,ASUS,13-inch,4GB,HP,16-inch,16GB
1,0.000583648681640625,-1.0,ASUS,13-inch,4GB,Dell,13-inch,4GB
1,-14.125,9.5,ASUS,13-inch,4GB,Dell,13-inch,8GB
1,-13.5,9.5,ASUS,13-inch,4GB,Dell,13-inch,16GB
1,-5.375,9.5,ASUS,13-inch,4GB,Dell,14-inch,4GB
1,-13.75,9.5,ASUS,13-inch,4GB,Dell,14-inch,8GB
1,-13.25,9.5,ASUS,13-inch,4GB,Dell,14-inch,16GB
1,0.000583648681640625,-1.0,ASUS,13-inch,4GB,Dell,16-inch,4GB
1,-13.625,9.5,ASUS,13-inch,4GB,Dell,16-inch,8GB
1,-11.875,9.5,ASUS,13-inch,4GB,Dell,16-inch,16GB
1,0.0006103515625,-5.0,ASUS,13-inch,4GB,Apple,13-inch,4GB
1,-13.5,9.5,ASUS,13-inch,4GB,Apple,13-inch,8GB
1,-12.125,9.5,ASUS,13-inch,4GB,Apple,13-inch,16GB
1,0.0005950927734375,-1.5,ASUS,13-inch,4GB,Apple,14-inch,4GB
1,-13.625,9.5,ASUS,13-inch,4GB,Apple,14-inch,8GB
1,-12.625,9.5,ASUS,13-inch,4GB,Apple,14-inch,16GB
1,0.0006103515625,-7.25,ASUS,13-inch,4GB,Apple,16-inch,4GB
1,-12.5,9.5,ASUS,13-inch,4GB,Apple,16-inch,8GB
1,-10.25,9.5,ASUS,13-inch,4GB,Apple,16-inch,16GB
1,-0.57421875,8.6875,ASUS,13-inch,8GB,ASUS,13-inch,4GB
1,-7.5,9.5,ASUS,13-inch,8GB,ASUS,13-inch,16GB
1,-5.625,9.5,ASUS,13-inch,8GB,ASUS,14-inch,4GB
1,-0.00089263916015625,3.0,ASUS,13-inch,8GB,ASUS,14-inch,8GB
1,-5.5,9.5,ASUS,13-inch,8GB,ASUS,14-inch,16GB
1,0.0003147125244140625,1.375,ASUS,13-inch,8GB,ASUS,16-inch,4GB
1,0.000545501708984375,-0.125,ASUS,13-inch,8GB,ASUS,16-inch,8GB
1,-3.28125,9.4375,ASUS,13-inch,8GB,ASUS,16-inch,16GB
1,-1.3125,9.1875,ASUS,13-inch,8GB,Lenovo,13-inch,4GB
1,-5.75,9.5,ASUS,13-inch,8GB,Lenovo,13-inch,8GB
1,-6.5,9.5,ASUS,13-inch,8GB,Lenovo,13-inch,16GB
1,-7.125,9.5,ASUS,13-inch,8GB,Lenovo,14-inch,4GB
1,-4.875,9.5,ASUS,13-inch,8GB,Lenovo,14-inch,8GB
1,-5.625,9.5,ASUS,13-inch,8GB,Lenovo,14-inch,16GB
1,-2.8125,9.4375,ASUS,13-inch,8GB,Lenovo,16-inch,4GB
1,0.00057220458984375,-0.625,ASUS,13-inch,8GB,Lenovo,16-inch,8GB
1,-0.1259765625,7.375,ASUS,13-inch,8GB,Lenovo,16-inch,16GB
1,-0.57421875,8.6875,ASUS,13-inch,8GB,HP,13-inch,4GB
1,-5.0,9.5,ASUS,13-inch,8GB,HP,13-inch,8GB
1,-6.5,9.5,ASUS,13-inch,8GB,HP,13-inch,16GB
1,-5.0,9.5,ASUS,13-inch,8GB,HP,14-inch,4GB
1,-0.474609375,8.5,ASUS,13-inch,8GB,HP,14-inch,8GB
1,-5.125,9.5,ASUS,13-inch,8GB,HP,14-inch,16GB
1,-1.3125,9.1875,ASUS,13-inch,8GB,HP,16-inch,4GB
1,0.0005645751953125,-0.5,ASUS,13-inch,8GB,HP,16-inch,8GB
1,-2.8125,9.4375,ASUS,13-inch,8GB,HP,16-inch,16GB
1,-0.474609375,8.5,ASUS,13-inch,8GB,Dell,13-inch,4GB
1,-5.375,9.5,ASUS,13-inch,8GB,Dell,13-inch,8GB
1,-5.0,9.5,ASUS,13-inch,8GB,Dell,13-inch,16GB
1,-4.03125,9.5,ASUS,13-inch,8GB,Dell,14-inch,4GB
1,-0.427734375,8.4375,ASUS,13-inch,8GB,Dell,14-inch,8GB
1,-3.28125,9.4375,ASUS,13-inch,8GB,Dell,14-inch,16GB
1,-0.0135498046875,5.25,ASUS,13-inch,8GB,Dell,16-inch,4GB
1,0.000576019287109375,-0.75,ASUS,13-inch,8GB,Dell,16-inch,8GB
1,-0.03759765625,6.21875,ASUS,13-inch,8GB,Dell,16-inch,16GB
1,-0.0135498046875,5.25,ASUS,13-inch,8GB,Apple,13-inch,4GB
1,0.000179290771484375,1.75,ASUS,13-inch,8GB,Apple,13-inch,8GB
1,-0.69140625,8.8125,ASUS,13-inch,8GB,Apple,13-inch,16GB
1,-0.00347900390625,4.0,ASUS,13-inch,8GB,Apple,14-inch,4GB
1,-0.000194549560546875,2.375,ASUS,13-inch,8GB,Apple,14-inch,8GB
1,-0.0015716552734375,3.375,ASUS,13-inch,8GB,Apple,14-inch,16GB
1,0.00058746337890625,-1.25,ASUS,13-inch,8GB,Apple,16-inch,4GB
1,0.00057220458984375,-0.625,ASUS,13-inch,8GB,Apple,16-inch,8GB
1,-0.000301361083984375,2.5,ASUS,13-inch,8GB,Apple,16-inch,16GB
1,-10.5,9.5,ASUS,13-inch,16GB,ASUS,13-inch,4GB
1,-8.0,9.5,ASUS,13-inch,16GB,ASUS,13-inch,8GB
1,-13.25,9.5,ASUS,13-inch,16GB,ASUS,14-inch,4GB
1,-5.625,9.5,ASUS,13-inch,16GB,ASUS,14-inch,8GB
1,-0.00041961669921875,2.625,ASUS,13-inch,16GB,ASUS,14-inch,16GB
1,-7.875,9.5,ASUS,13-inch,16GB,ASUS,16-inch,4GB
1,-0.00109100341796875,3.125,ASUS,13-inch,16GB,ASUS,16-inch,8GB
1,0.00060272216796875,-2.125,ASUS,13-inch,16GB,ASUS,16-inch,16GB
1,-11.25,9.5,ASUS,13-inch,16GB,Lenovo,13-inch,4GB
1,-4.5,9.5,ASUS,13-inch,16GB,Lenovo,13-inch,8GB
1,-4.5,9.5,ASUS,13-inch,16GB,Lenovo,13-inch,16GB
1,-13.625,9.5,ASUS,13-inch,16GB,Lenovo,14-inch,4GB
1,-0.00531005859375,4.375,ASUS,13-inch,16GB,Lenovo,14-inch,8GB
1,-3.28125,9.4375,ASUS,13-inch,16GB,Lenovo,14-inch,16GB
1,-10.625,9.5,ASUS,13-inch,16GB,Lenovo,16-inch,4GB
1,-0.00055694580078125,2.75,ASUS,13-inch,16GB,Lenovo,16-inch,8GB
1,0.00055694580078125,-0.375,ASUS,13-inch,16GB,Lenovo,16-inch,16GB
1,-10.75,9.5,ASUS,13-inch,16GB,HP,13-inch,4GB
1,-4.25,9.5,ASUS,13-inch,16GB,HP,13-inch,8GB
1,-1.0546875,9.0625,ASUS,13-inch,16GB,HP,13-inch,16GB
1,-13.0,9.5,ASUS,13-inch,16GB,HP,14-inch,4GB
1,-0.0091552734375,4.875,ASUS,13-inch,16GB,HP,14-inch,8GB
1,-0.0291748046875,5.96875,ASUS,13-inch,16GB,HP,14-inch,16GB
1,-9.25,9.5,ASUS,13-inch,16GB,HP,16-inch,4GB
1,-0.0007171630859375,2.875,ASUS,13-inch,16GB,HP,16-inch,8GB
1,0.00052642822265625,0.125,ASUS,13-inch,16GB,HP,16-inch,16GB
1,-10.375,9.5,ASUS,13-inch,16GB,Dell,13-inch,4GB
1,-0.2001953125,7.8125,ASUS,13-inch,16GB,Dell,13-inch,8GB
1,-3.171875,9.4375,ASUS,13-inch,16GB,Dell,13-inch,16GB
1,-12.625,9.5,ASUS,13-inch,16GB,Dell,14-inch,4GB
1,-0.00089263916015625,3.0,ASUS,13-inch,16GB,Dell,14-inch,8GB
1,-0.033203125,6.09375,ASUS,13-inch,16GB,Dell,14-inch,16GB
1,-9.375,9.5,ASUS,13-inch,16GB,Dell,16-inch,4GB
1,0.0001220703125,1.875,ASUS,13-inch,16GB,Dell,16-inch,8GB
1,0.000545501708984375,-0.125,ASUS,13-inch,16GB,Dell,16-inch,16GB
1,-12.25,9.5,ASUS,13-inch,16GB,Apple,13-inch,4GB
1,0.00048828125,0.5,ASUS,13-inch,16GB,Apple,13-inch,8GB
1,0.000469207763671875,0.625,ASUS,13-inch,16GB,Apple,13-inch,16GB
1,-11.125,9.5,ASUS,13-inch,16GB,Apple,14-inch,4GB
1,0.0003490447998046875,1.25,ASUS,13-inch,16GB,Apple,14-inch,8GB
1,0.000274658203125,1.5,ASUS,13-inch,16GB,Apple,14-inch,16GB
1,-0.07861328125,6.9375,ASUS,13-inch,16GB,Apple,16-inch,4GB
1,0.0005340576171875,0.0,ASUS,13-inch,16GB,Apple,16-inch,8GB
1,0.0004520416259765625,0.75,ASUS,13-inch,16GB,Apple,16-inch,16GB
1,0.0006103515625,-6.125,ASUS,14-inch,4GB,ASUS,13-inch,4GB
1,-15.25,9.5,ASUS,14-inch,4GB,ASUS,13-inch,8GB
1,-15.375,9.5,ASUS,14-inch,4GB,ASUS,13-inch,16GB
1,-15.25,9.5,ASUS,14-inch,4GB,ASUS,14-inch,8GB
1,-14.25,9.5,ASUS,14-inch,4GB,ASUS,14-inch,16GB
1,0.000606536865234375,-2.625,ASUS,14-inch,4GB,ASUS,16-inch,4GB
1,-14.875,9.5,ASUS,14-inch,4GB,ASUS,16-inch,8GB
1,-12.375,9.5,ASUS,14-inch,4GB,ASUS,16-inch,16GB
1,0.0005950927734375,-1.5,ASUS,14-inch,4GB,Lenovo,13-inch,4GB
1,-14.0,9.5,ASUS,14-inch,4GB,Lenovo,13-inch,8GB
1,-13.875,9.5,ASUS,14-inch,4GB,Lenovo,13-inch,16GB
1,0.000545501708984375,-0.125,ASUS,14-inch,4GB,Lenovo,14-inch,4GB
1,-15.125,9.5,ASUS,14-inch,4GB,Lenovo,14-inch,8GB
1,-14.25,9.5,ASUS,14-inch,4GB,Lenovo,14-inch,16GB
1,-0.00041961669921875,2.625,ASUS,14-inch,4GB,Lenovo,16-inch,4GB
1,-14.0,9.5,ASUS,14-inch,4GB,Lenovo,16-inch,8GB
1,-12.75,9.5,ASUS,14-inch,4GB,Lenovo,16-inch,16GB
1,0.000606536865234375,-2.875,ASUS,14-inch,4GB,HP,13-inch,4GB
1,-13.875,9.5,ASUS,14-inch,4GB,HP,13-inch,8GB
1,-13.75,9.5,ASUS,14-inch,4GB,HP,13-inch,16GB
1,0.000606536865234375,-2.75,ASUS,14-inch,4GB,HP,14-inch,4GB
1,-15.125,9.5,ASUS,14-inch,4GB,HP,14-inch,8GB
1,-14.0,9.5,ASUS,14-inch,4GB,HP,14-inch,16GB
1,0.00048828125,0.5,ASUS,14-inch,4GB,HP,16-inch,4GB
1,-14.125,9.5,ASUS,14-inch,4GB,HP,16-inch,8GB
1,-13.125,9.5,ASUS,14-inch,4GB,HP,16-inch,16GB
1,0.00060272216796875,-2.375,ASUS,14-inch,4GB,Dell,13-inch,4GB
1,-14.0,9.5,ASUS,14-inch,4GB,Dell,13-inch,8GB
1,-13.75,9.5,ASUS,14-inch,4GB,Dell,13-inch,16GB
1,0.0005950927734375,-1.625,ASUS,14-inch,4GB,Dell,14-inch,4GB
1,-14.75,9.5,ASUS,14-inch,4GB,Dell,14-inch,8GB
1,-13.625,9.5,ASUS,14-inch,4GB,Dell,14-inch,16GB
1,0.000553131103515625,-0.25,ASUS,14-inch,4GB,Dell,16-inch,4GB
1,-13.75,9.5,ASUS,14-inch,4GB,Dell,16-inch,8GB
1,-12.5,9.5,ASUS,14-inch,4GB,Dell,16-inch,16GB
1,0.0006103515625,-3.875,ASUS,14-inch,4GB,Apple,13-inch,4GB
1,-13.75,9.5,ASUS,14-inch,4GB,Apple,13-inch,8GB
1,-12.375,9.5,ASUS,14-inch,4GB,Apple,13-inch,16GB
1,0.0006103515625,-5.75,ASUS,14-inch,4GB,Apple,14-inch,4GB
1,-14.125,9.5,ASUS,14-inch,4GB,Apple,14-inch,8GB
1,-12.125,9.5,ASUS,14-inch,4GB,Apple,14-inch,16GB
1,0.0006103515625,-7.25,ASUS,14-inch,4GB,Apple,16-inch,4GB
1,-12.625,9.5,ASUS,14-inch,4GB,Apple,16-inch,8GB
1,-10.875,9.5,ASUS,14-inch,4GB,Apple,16-inch,16GB
1,-8.375,9.5,ASUS,14-inch,8GB,ASUS,13-inch,4GB
1,-0.04248046875,6.3125,ASUS,14-inch,8GB,ASUS,13-inch,8GB
1,-7.5,9.5,ASUS,14-inch,8GB,ASUS,13-inch,16GB
1,-0.0025634765625,3.75,ASUS,14-inch,8GB,ASUS,14-inch,4GB
1,-8.25,9.5,ASUS,14-inch,8GB,ASUS,14-inch,16GB
1,0.00057220458984375,-0.625,ASUS,14-inch,8GB,ASUS,16-inch,4GB
1,0.000545501708984375,-0.125,ASUS,14-inch,8GB,ASUS,16-inch,8GB
1,-4.875,9.5,ASUS,14-inch,8GB,ASUS,16-inch,16GB
1,-5.625,9.5,ASUS,14-inch,8GB,Lenovo,13-inch,4GB
1,-3.53125,9.5,ASUS,14-inch,8GB,Lenovo,13-inch,8GB
1,-6.625,9.5,ASUS,14-inch,8GB,Lenovo,13-inch,16GB
1,-0.000301361083984375,2.5,ASUS,14-inch,8GB,Lenovo,14-inch,4GB
1,-6.25,9.5,ASUS,14-inch,8GB,Lenovo,14-inch,8GB
1,-7.25,9.5,ASUS,14-inch,8GB,Lenovo,14-inch,16GB
1,-0.01043701171875,5.0,ASUS,14-inch,8GB,Lenovo,16-inch,4GB
1,0.000545501708984375,-0.125,ASUS,14-inch,8GB,Lenovo,16-inch,8GB
1,-3.53125,9.5,ASUS,14-inch,8GB,Lenovo,16-inch,16GB
1,-0.1591796875,7.59375,ASUS,14-inch,8GB,HP,13-inch,4GB
1,-0.224609375,7.90625,ASUS,14-inch,8GB,HP,13-inch,8GB
1,-6.375,9.5,ASUS,14-inch,8GB,HP,13-inch,16GB
1,-0.00041961669921875,2.625,ASUS,14-inch,8GB,HP,14-inch,4GB
1,-5.0,9.5,ASUS,14-inch,8GB,HP,14-inch,8GB
1,-7.125,9.5,ASUS,14-inch,8GB,HP,14-inch,16GB
1,-9.918212890625e-05,2.25,ASUS,14-inch,8GB,HP,16-inch,4GB
1,0.000545501708984375,-0.125,ASUS,14-inch,8GB,HP,16-inch,8GB
1,-5.25,9.5,ASUS,14-inch,8GB,HP,16-inch,16GB
1,-5.0,9.5,ASUS,14-inch,8GB,Dell,13-inch,4GB
1,-0.1259765625,7.375,ASUS,14-inch,8GB,Dell,13-inch,8GB
1,-5.125,9.5,ASUS,14-inch,8GB,Dell,13-inch,16GB
1,5.7220458984375e-05,2.0,ASUS,14-inch,8GB,Dell,14-inch,4GB
1,-5.875,9.5,ASUS,14-inch,8GB,Dell,14-inch,8GB
1,-6.75,9.5,ASUS,14-inch,8GB,Dell,14-inch,16GB
1,-1.52587890625e-05,2.125,ASUS,14-inch,8GB,Dell,16-inch,4GB
1,0.00058746337890625,-1.125,ASUS,14-inch,8GB,Dell,16-inch,8GB
1,-2.34375,9.375,ASUS,14-inch,8GB,Dell,16-inch,16GB
1,-7.125,9.5,ASUS,14-inch,8GB,Apple,13-inch,4GB
1,0.0003795623779296875,1.125,ASUS,14-inch,8GB,Apple,13-inch,8GB
1,-0.0007171630859375,2.875,ASUS,14-inch,8GB,Apple,13-inch,16GB
1,0.00052642822265625,0.125,ASUS,14-inch,8GB,Apple,14-inch,4GB
1,0.0003147125244140625,1.375,ASUS,14-inch,8GB,Apple,14-inch,8GB
1,-5.25,9.5,ASUS,14-inch,8GB,Apple,14-inch,16GB
1,0.00058746337890625,-1.25,ASUS,14-inch,8GB,Apple,16-inch,4GB
1,0.0005645751953125,-0.5,ASUS,14-inch,8GB,Apple,16-inch,8GB
1,-0.00089263916015625,3.0,ASUS,14-inch,8GB,Apple,16-inch,16GB
1,-14.25,9.5,ASUS,14-inch,16GB,ASUS,13-inch,4GB
1,-0.003997802734375,4.125,ASUS,14-inch,16GB,ASUS,13-inch,8GB
1,-0.38671875,8.375,ASUS,14-inch,16GB,ASUS,13-inch,16GB
1,-8.375,9.5,ASUS,14-inch,16GB,ASUS,14-inch,4GB
1,-7.375,9.5,ASUS,14-inch,16GB,ASUS,14-inch,8GB
1,-0.1259765625,7.375,ASUS,14-inch,16GB,ASUS,16-inch,4GB
1,0.000274658203125,1.5,ASUS,14-inch,16GB,ASUS,16-inch,8GB
1,0.000606536865234375,-3.5,ASUS,14-inch,16GB,ASUS,16-inch,16GB
1,-13.375,9.5,ASUS,14-inch,16GB,Lenovo,13-inch,4GB
1,-0.00131988525390625,3.25,ASUS,14-inch,16GB,Lenovo,13-inch,8GB
1,-3.65625,9.5,ASUS,14-inch,16GB,Lenovo,13-inch,16GB
1,-8.625,9.5,ASUS,14-inch,16GB,Lenovo,14-inch,4GB
1,-0.001861572265625,3.5,ASUS,14-inch,16GB,Lenovo,14-inch,8GB
1,-5.0,9.5,ASUS,14-inch,16GB,Lenovo,14-inch,16GB
1,-9.375,9.5,ASUS,14-inch,16GB,Lenovo,16-inch,4GB
1,0.0004520416259765625,0.75,ASUS,14-inch,16GB,Lenovo,16-inch,8GB
1,0.000598907470703125,-1.875,ASUS,14-inch,16GB,Lenovo,16-inch,16GB
1,-13.125,9.5,ASUS,14-inch,16GB,HP,13-inch,4GB
1,-0.00131988525390625,3.25,ASUS,14-inch,16GB,HP,13-inch,8GB
1,-0.38671875,8.375,ASUS,14-inch,16GB,HP,13-inch,16GB
1,-8.25,9.5,ASUS,14-inch,16GB,HP,14-inch,4GB
1,-0.0015716552734375,3.375,ASUS,14-inch,16GB,HP,14-inch,8GB
1,-2.34375,9.375,ASUS,14-inch,16GB,HP,14-inch,16GB
1,-7.875,9.5,ASUS,14-inch,16GB,HP,16-inch,4GB
1,0.000408172607421875,1.0,ASUS,14-inch,16GB,HP,16-inch,8GB
1,0.0005950927734375,-1.5,ASUS,14-inch,16GB,HP,16-inch,16GB
1,-13.25,9.5,ASUS,14-inch,16GB,Dell,13-inch,4GB
1,-0.000194549560546875,2.375,ASUS,14-inch,16GB,Dell,13-inch,8GB
1,-0.82421875,8.9375,ASUS,14-inch,16GB,Dell,13-inch,16GB
1,-8.5,9.5,ASUS,14-inch,16GB,Dell,14-inch,4GB
1,-9.918212890625e-05,2.25,ASUS,14-inch,16GB,Dell,14-inch,8GB
1,-3.890625,9.5,ASUS,14-inch,16GB,Dell,14-inch,16GB
1,-7.5,9.5,ASUS,14-inch,16GB,Dell,16-inch,4GB
1,0.00048828125,0.5,ASUS,14-inch,16GB,Dell,16-inch,8GB
1,0.000591278076171875,-1.375,ASUS,14-inch,16GB,Dell,16-inch,16GB
1,-12.25,9.5,ASUS,14-inch,16GB,Apple,13-inch,4GB
1,0.0005340576171875,0.0,ASUS,14-inch,16GB,Apple,13-inch,8GB
1,0.000408172607421875,1.0,ASUS,14-inch,16GB,Apple,13-inch,16GB
1,-9.0,9.5,ASUS,14-inch,16GB,Apple,14-inch,4GB
1,0.00058746337890625,-1.125,ASUS,14-inch,16GB,Apple,14-inch,8GB
1,0.0004520416259765625,0.75,ASUS,14-inch,16GB,Apple,14-inch,16GB
1,0.000179290771484375,1.75,ASUS,14-inch,16GB,Apple,16-inch,4GB
1,0.0005950927734375,-1.5,ASUS,14-inch,16GB,Apple,16-inch,8GB
1,0.000545501708984375,-0.125,ASUS,14-inch,16GB,Apple,16-inch,16GB
1,0.0006103515625,-6.5,ASUS,16-inch,4GB,ASUS,13-inch,4GB
1,-16.375,9.5,ASUS,16-inch,4GB,ASUS,13-inch,8GB
1,-15.375,9.5,ASUS,16-inch,4GB,ASUS,13-inch,16GB
1,0.0006103515625,-4.625,ASUS,16-inch,4GB,ASUS,14-inch,4GB
1,-16.5,9.5,ASUS,16-inch,4GB,ASUS,14-inch,8GB
1,-16.25,9.5,ASUS,16-inch,4GB,ASUS,14-inch,16GB
1,-15.125,9.5,ASUS,16-inch,4GB,ASUS,16-inch,8GB
1,-12.75,9.5,ASUS,16-inch,4GB,ASUS,16-inch,16GB
1,0.000606536865234375,-3.0,ASUS,16-inch,4GB,Lenovo,13-inch,4GB
1,-14.75,9.5,ASUS,16-inch,4GB,Lenovo,13-inch,8GB
1,-14.0,9.5,ASUS,16-inch,4GB,Lenovo,13-inch,16GB
1,0.000553131103515625,-0.25,ASUS,16-inch,4GB,Lenovo,14-inch,4GB
1,-15.25,9.5,ASUS,16-inch,4GB,Lenovo,14-inch,8GB
1,-14.375,9.5,ASUS,16-inch,4GB,Lenovo,14-inch,16GB
1,0.000576019287109375,-0.75,ASUS,16-inch,4GB,Lenovo,16-inch,4GB
1,-15.75,9.5,ASUS,16-inch,4GB,Lenovo,16-inch,8GB
1,-14.0,9.5,ASUS,16-inch,4GB,Lenovo,16-inch,16GB
1,0.0006103515625,-4.625,ASUS,16-inch,4GB,HP,13-inch,4GB
1,-14.5,9.5,ASUS,16-inch,4GB,HP,13-inch,8GB
1,-14.0,9.5,ASUS,16-inch,4GB,HP,13-inch,16GB
1,0.00060272216796875,-2.25,ASUS,16-inch,4GB,HP,14-inch,4GB
1,-14.875,9.5,ASUS,16-inch,4GB,HP,14-inch,8GB
1,-14.5,9.5,ASUS,16-inch,4GB,HP,14-inch,16GB
1,0.000606536865234375,-2.875,ASUS,16-inch,4GB,HP,16-inch,4GB
1,-15.5,9.5,ASUS,16-inch,4GB,HP,16-inch,8GB
1,-13.625,9.5,ASUS,16-inch,4GB,HP,16-inch,16GB
1,0.0006103515625,-4.875,ASUS,16-inch,4GB,Dell,13-inch,4GB
1,-14.75,9.5,ASUS,16-inch,4GB,Dell,13-inch,8GB
1,-13.75,9.5,ASUS,16-inch,4GB,Dell,13-inch,16GB
1,0.00060272216796875,-2.25,ASUS,16-inch,4GB,Dell,14-inch,4GB
1,-14.875,9.5,ASUS,16-inch,4GB,Dell,14-inch,8GB
1,-14.25,9.5,ASUS,16-inch,4GB,Dell,14-inch,16GB
1,0.00060272216796875,-2.25,ASUS,16-inch,4GB,Dell,16-inch,4GB
1,-15.25,9.5,ASUS,16-inch,4GB,Dell,16-inch,8GB
1,-13.375,9.5,ASUS,16-inch,4GB,Dell,16-inch,16GB
1,0.000598907470703125,-1.75,ASUS,16-inch,4GB,Apple,13-inch,4GB
1,-13.5,9.5,ASUS,16-inch,4GB,Apple,13-inch,8GB
1,-11.625,9.5,ASUS,16-inch,4GB,Apple,13-inch,16GB
1,0.00058746337890625,-1.125,ASUS,16-inch,4GB,Apple,14-inch,4GB
1,-13.375,9.5,ASUS,16-inch,4GB,Apple,14-inch,8GB
1,-12.375,9.5,ASUS,16-inch,4GB,Apple,14-inch,16GB
1,0.0006103515625,-5.875,ASUS,16-inch,4GB,Apple,16-inch,4GB
1,-14.25,9.5,ASUS,16-inch,4GB,Apple,16-inch,8GB
1,-11.875,9.5,ASUS,16-inch,4GB,Apple,16-inch,16GB
1,-11.375,9.5,ASUS,16-inch,8GB,ASUS,13-inch,4GB
1,-4.5,9.5,ASUS,16-inch,8GB,ASUS,13-inch,8GB
1,-3.171875,9.4375,ASUS,16-inch,8GB,ASUS,13-inch,16GB
1,-11.0,9.5,ASUS,16-inch,8GB,ASUS,14-inch,4GB
1,-5.125,9.5,ASUS,16-inch,8GB,ASUS,14-inch,8GB
1,-7.25,9.5,ASUS,16-inch,8GB,ASUS,14-inch,16GB
1,0.000408172607421875,1.0,ASUS,16-inch,8GB,ASUS,16-inch,4GB
1,-7.5,9.5,ASUS,16-inch,8GB,ASUS,16-inch,16GB
1,-9.625,9.5,ASUS,16-inch,8GB,Lenovo,13-inch,4GB
1,-3.65625,9.5,ASUS,16-inch,8GB,Lenovo,13-inch,8GB
1,-0.0015716552734375,3.375,ASUS,16-inch,8GB,Lenovo,13-inch,16GB
1,-9.625,9.5,ASUS,16-inch,8GB,Lenovo,14-inch,4GB
1,-5.375,9.5,ASUS,16-inch,8GB,Lenovo,14-inch,8GB
1,-1.9140625,9.3125,ASUS,16-inch,8GB,Lenovo,14-inch,16GB
1,0.000469207763671875,0.625,ASUS,16-inch,8GB,Lenovo,16-inch,4GB
1,-6.875,9.5,ASUS,16-inch,8GB,Lenovo,16-inch,8GB
1,-1.3125,9.1875,ASUS,16-inch,8GB,Lenovo,16-inch,16GB
1,-9.125,9.5,ASUS,16-inch,8GB,HP,13-inch,4GB
1,-1.2265625,9.125,ASUS,16-inch,8GB,HP,13-inch,8GB
1,-0.00131988525390625,3.25,ASUS,16-inch,8GB,HP,13-inch,16GB
1,-9.125,9.5,ASUS,16-inch,8GB,HP,14-inch,4GB
1,-4.5,9.5,ASUS,16-inch,8GB,HP,14-inch,8GB
1,-0.033203125,6.09375,ASUS,16-inch,8GB,HP,14-inch,16GB
1,0.000408172607421875,1.0,ASUS,16-inch,8GB,HP,16-inch,4GB
1,-6.375,9.5,ASUS,16-inch,8GB,HP,16-inch,8GB
1,-4.5,9.5,ASUS,16-inch,8GB,HP,16-inch,16GB
1,-9.5,9.5,ASUS,16-inch,8GB,Dell,13-inch,4GB
1,-0.01043701171875,5.0,ASUS,16-inch,8GB,Dell,13-inch,8GB
1,-0.00109100341796875,3.125,ASUS,16-inch,8GB,Dell,13-inch,16GB
1,-9.25,9.5,ASUS,16-inch,8GB,Dell,14-inch,4GB
1,-3.40625,9.4375,ASUS,16-inch,8GB,Dell,14-inch,8GB
1,-0.01043701171875,5.0,ASUS,16-inch,8GB,Dell,14-inch,16GB
1,0.00048828125,0.5,ASUS,16-inch,8GB,Dell,16-inch,4GB
1,-6.5,9.5,ASUS,16-inch,8GB,Dell,16-inch,8GB
1,-0.69140625,8.8125,ASUS,16-inch,8GB,Dell,16-inch,16GB
1,-9.375,9.5,ASUS,16-inch,8GB,Apple,13-inch,4GB
1,0.000274658203125,1.5,ASUS,16-inch,8GB,Apple,13-inch,8GB
1,0.000545501708984375,-0.125,ASUS,16-inch,8GB,Apple,13-inch,16GB
1,-9.625,9.5,ASUS,16-inch,8GB,Apple,14-inch,4GB
1,0.0003795623779296875,1.125,ASUS,16-inch,8GB,Apple,14-inch,8GB
1,0.0005340576171875,0.0,ASUS,16-inch,8GB,Apple,14-inch,16GB
1,0.0005950927734375,-1.625,ASUS,16-inch,8GB,Apple,16-inch,4GB
1,0.000545501708984375,-0.125,ASUS,16-inch,8GB,Apple,16-inch,8GB
1,-0.00299072265625,3.875,ASUS,16-inch,8GB,Apple,16-inch,16GB
1,-15.5,9.5,ASUS,16-inch,16GB,ASUS,13-inch,4GB
1,-1.5,9.25,ASUS,16-inch,16GB,ASUS,13-inch,8GB
1,-5.875,9.5,ASUS,16-inch,16GB,ASUS,13-inch,16GB
1,-14.75,9.5,ASUS,16-inch,16GB,ASUS,14-inch,4GB
1,-3.171875,9.4375,ASUS,16-inch,16GB,ASUS,14-inch,8GB
1,-6.5,9.5,ASUS,16-inch,16GB,ASUS,14-inch,16GB
1,-0.017578125,5.46875,ASUS,16-inch,16GB,ASUS,16-inch,4GB
1,-6.625,9.5,ASUS,16-inch,16GB,ASUS,16-inch,8GB
1,-14.0,9.5,ASUS,16-inch,16GB,Lenovo,13-inch,4GB
1,-0.01043701171875,5.0,ASUS,16-inch,16GB,Lenovo,13-inch,8GB
1,-5.75,9.5,ASUS,16-inch,16GB,Lenovo,13-inch,16GB
1,-13.75,9.5,ASUS,16-inch,16GB,Lenovo,14-inch,4GB
1,-0.01190185546875,5.125,ASUS,16-inch,16GB,Lenovo,14-inch,8GB
1,-6.125,9.5,ASUS,16-inch,16GB,Lenovo,14-inch,16GB
1,-3.53125,9.5,ASUS,16-inch,16GB,Lenovo,16-inch,4GB
1,-0.00299072265625,3.875,ASUS,16-inch,16GB,Lenovo,16-inch,8GB
1,-5.625,9.5,ASUS,16-inch,16GB,Lenovo,16-inch,16GB
1,-14.0,9.5,ASUS,16-inch,16GB,HP,13-inch,4GB
1,-0.01190185546875,5.125,ASUS,16-inch,16GB,HP,13-inch,8GB
1,-5.125,9.5,ASUS,16-inch,16GB,HP,13-inch,16GB
1,-13.375,9.5,ASUS,16-inch,16GB,HP,14-inch,4GB
1,-0.015380859375,5.34375,ASUS,16-inch,16GB,HP,14-inch,8GB
1,-5.625,9.5,ASUS,16-inch,16GB,HP,14-inch,16GB
1,-4.5,9.5,ASUS,16-inch,16GB,HP,16-inch,4GB
1,-0.00109100341796875,3.125,ASUS,16-inch,16GB,HP,16-inch,8GB
1,-3.53125,9.5,ASUS,16-inch,16GB,HP,16-inch,16GB
1,-13.875,9.5,ASUS,16-inch,16GB,Dell,13-inch,4GB
1,-0.00347900390625,4.0,ASUS,16-inch,16GB,Dell,13-inch,8GB
1,-4.75,9.5,ASUS,16-inch,16GB,Dell,13-inch,16GB
1,-13.25,9.5,ASUS,16-inch,16GB,Dell,14-inch,4GB
1,-0.003997802734375,4.125,ASUS,16-inch,16GB,Dell,14-inch,8GB
1,-5.375,9.5,ASUS,16-inch,16GB,Dell,14-inch,16GB
1,-0.099609375,7.15625,ASUS,16-inch,16GB,Dell,16-inch,4GB
1,-0.00109100341796875,3.125,ASUS,16-inch,16GB,Dell,16-inch,8GB
1,-5.0,9.5,ASUS,16-inch,16GB,Dell,16-inch,16GB
1,-12.625,9.5,ASUS,16-inch,16GB,Apple,13-inch,4GB
1,0.00057220458984375,-0.625,ASUS,16-inch,16GB,Apple,13-inch,8GB
1,0.000469207763671875,0.625,ASUS,16-inch,16GB,Apple,13-inch,16GB
1,-12.0,9.5,ASUS,16-inch,16GB,Apple,14-inch,4GB
1,0.000591278076171875,-1.375,ASUS,16-inch,16GB,Apple,14-inch,8GB
1,0.00048828125,0.5,ASUS,16-inch,16GB,Apple,14-inch,16GB
1,-0.006103515625,4.5,ASUS,16-inch,16GB,Apple,16-inch,4GB
1,0.000606536865234375,-3.0,ASUS,16-inch,16GB,Apple,16-inch,8GB
1,0.0005645751953125,-0.5,ASUS,16-inch,16GB,Apple,16-inch,16GB
1,0.000576019287109375,-0.75,Lenovo,13-inch,4GB,ASUS,13-inch,4GB
1,-15.0,9.5,Lenovo,13-inch,4GB,ASUS,13-inch,8GB
1,-13.625,9.5,Lenovo,13-inch,4GB,ASUS,13-inch,16GB
1,-6.25,9.5,Lenovo,13-inch,4GB,ASUS,14-inch,4GB
1,-14.75,9.5,Lenovo,13-inch,4GB,ASUS,14-inch,8GB
1,-14.125,9.5,Lenovo,13-inch,4GB,ASUS,14-inch,16GB
1,-0.00299072265625,3.875,Lenovo,13-inch,4GB,ASUS,16-inch,4GB
1,-14.375,9.5,Lenovo,13-inch,4GB,ASUS,16-inch,8GB
1,-12.625,9.5,Lenovo,13-inch,4GB,ASUS,16-inch,16GB
1,-13.875,9.5,Lenovo,13-inch,4GB,Lenovo,13-inch,8GB
1,-13.375,9.5,Lenovo,13-inch,4GB,Lenovo,13-inch,16GB
1,-0.03759765625,6.21875,Lenovo,13-inch,4GB,Lenovo,14-inch,4GB
1,-14.75,9.5,Lenovo,13-inch,4GB,Lenovo,14-inch,8GB
1,-14.25,9.5,Lenovo,13-inch,4GB,Lenovo,14-inch,16GB
1,0.00060272216796875,-2.375,Lenovo,13-inch,4GB,Lenovo,16-inch,4GB
1,-14.375,9.5,Lenovo,13-inch,4GB,Lenovo,16-inch,8GB
1,-12.125,9.5,Lenovo,13-inch,4GB,Lenovo,16-inch,16GB
1,0.000606536865234375,-3.125,Lenovo,13-inch,4GB,HP,13-inch,4GB
1,-14.5,9.5,Lenovo,13-inch,4GB,HP,13-inch,8GB
1,-13.75,9.5,Lenovo,13-inch,4GB,HP,13-inch,16GB
1,-4.03125,9.5,Lenovo,13-inch,4GB,HP,14-inch,4GB
1,-14.25,9.5,Lenovo,13-inch,4GB,HP,14-inch,8GB
1,-14.125,9.5,Lenovo,13-inch,4GB,HP,14-inch,16GB
1,0.00055694580078125,-0.375,Lenovo,13-inch,4GB,HP,16-inch,4GB
1,-13.75,9.5,Lenovo,13-inch,4GB,HP,16-inch,8GB
1,-12.625,9.5,Lenovo,13-inch,4GB,HP,16-inch,16GB
1,0.00060272216796875,-2.125,Lenovo,13-inch,4GB,Dell,13-inch,4GB
1,-14.375,9.5,Lenovo,13-inch,4GB,Dell,13-inch,8GB
1,-13.0,9.5,Lenovo,13-inch,4GB,Dell,13-inch,16GB
1,-4.03125,9.5,Lenovo,13-inch,4GB,Dell,14-inch,4GB
1,-14.375,9.5,Lenovo,13-inch,4GB,Dell,14-inch,8GB
1,-13.125,9.5,Lenovo,13-inch,4GB,Dell,14-inch,16GB
1,0.0005950927734375,-1.625,Lenovo,13-inch,4GB,Dell,16-inch,4GB
1,-13.75,9.5,Lenovo,13-inch,4GB,Dell,16-inch,8GB
1,-12.125,9.5,Lenovo,13-inch,4GB,Dell,16-inch,16GB
1,0.0006103515625,-4.625,Lenovo,13-inch,4GB,Apple,13-inch,4GB
1,-13.375,9.5,Lenovo,13-inch,4GB,Apple,13-inch,8GB
1,-11.375,9.5,Lenovo,13-inch,4GB,Apple,13-inch,16GB
1,0.00060272216796875,-2.25,Lenovo,13-inch,4GB,Apple,14-inch,4GB
1,-13.625,9.5,Lenovo,13-inch,4GB,Apple,14-inch,8GB
1,-12.375,9.5,Lenovo,13-inch,4GB,Apple,14-inch,16GB
1,0.0006103515625,-6.875,Lenovo,13-inch,4GB,Apple,16-inch,4GB
1,-13.0,9.5,Lenovo,13-inch,4GB,Apple,16-inch,8GB
1,-10.75,9.5,Lenovo,13-inch,4GB,Apple,16-inch,16GB
1,-3.765625,9.5,Lenovo,13-inch,8GB,ASUS,13-inch,4GB
1,-5.0,9.5,Lenovo,13-inch,8GB,ASUS,13-inch,8GB
1,-6.125,9.5,Lenovo,13-inch,8GB,ASUS,13-inch,16GB
1,-6.375,9.5,Lenovo,13-inch,8GB,ASUS,14-inch,4GB
1,-1.5,9.25,Lenovo,13-inch,8GB,ASUS,14-inch,8GB
1,-5.25,9.5,Lenovo,13-inch,8GB,ASUS,14-inch,16GB
1,-0.251953125,8.0,Lenovo,13-inch,8GB,ASUS,16-inch,4GB
1,0.0005340576171875,0.0,Lenovo,13-inch,8GB,ASUS,16-inch,8GB
1,-0.82421875,8.9375,Lenovo,13-inch,8GB,ASUS,16-inch,16GB
1,-1.140625,9.125,Lenovo,13-inch,8GB,Lenovo,13-inch,4GB
1,-7.625,9.5,Lenovo,13-inch,8GB,Lenovo,13-inch,16GB
1,-6.75,9.5,Lenovo,13-inch,8GB,Lenovo,14-inch,4GB
1,-0.000301361083984375,2.5,Lenovo,13-inch,8GB,Lenovo,14-inch,8GB
1,-5.5,9.5,Lenovo,13-inch,8GB,Lenovo,14-inch,16GB
1,0.0002307891845703125,1.625,Lenovo,13-inch,8GB,Lenovo,16-inch,4GB
1,0.000598907470703125,-1.75,Lenovo,13-inch,8GB,Lenovo,16-inch,8GB
1,-3.53125,9.5,Lenovo,13-inch,8GB,Lenovo,16-inch,16GB
1,-1.703125,9.3125,Lenovo,13-inch,8GB,HP,13-inch,4GB
1,-4.75,9.5,Lenovo,13-inch,8GB,HP,13-inch,8GB
1,-6.375,9.5,Lenovo,13-inch,8GB,HP,13-inch,16GB
1,-5.625,9.5,Lenovo,13-inch,8GB,HP,14-inch,4GB
1,-0.015380859375,5.34375,Lenovo,13-inch,8GB,HP,14-inch,8GB
1,-5.375,9.5,Lenovo,13-inch,8GB,HP,14-inch,16GB
1,-0.57421875,8.6875,Lenovo,13-inch,8GB,HP,16-inch,4GB
1,0.00058746337890625,-1.25,Lenovo,13-inch,8GB,HP,16-inch,8GB
1,-1.140625,9.125,Lenovo,13-inch,8GB,HP,16-inch,16GB
1,-5.25,9.5,Lenovo,13-inch,8GB,Dell,13-inch,4GB
1,-5.0,9.5,Lenovo,13-inch,8GB,Dell,13-inch,8GB
1,-5.0,9.5,Lenovo,13-inch,8GB,Dell,13-inch,16GB
1,-6.5,9.5,Lenovo,13-inch,8GB,Dell,14-inch,4GB
1,-0.00799560546875,4.75,Lenovo,13-inch,8GB,Dell,14-inch,8GB
1,-3.28125,9.4375,Lenovo,13-inch,8GB,Dell,14-inch,16GB
1,-0.0225830078125,5.75,Lenovo,13-inch,8GB,Dell,16-inch,4GB
1,0.000598907470703125,-1.875,Lenovo,13-inch,8GB,Dell,16-inch,8GB
1,-0.0615234375,6.6875,Lenovo,13-inch,8GB,Dell,16-inch,16GB
1,-0.00089263916015625,3.0,Lenovo,13-inch,8GB,Apple,13-inch,4GB
1,0.000274658203125,1.5,Lenovo,13-inch,8GB,Apple,13-inch,8GB
1,-0.474609375,8.5,Lenovo,13-inch,8GB,Apple,13-inch,16GB
1,-0.000301361083984375,2.5,Lenovo,13-inch,8GB,Apple,14-inch,4GB
1,-1.52587890625e-05,2.125,Lenovo,13-inch,8GB,Apple,14-inch,8GB
1,-0.0025634765625,3.75,Lenovo,13-inch,8GB,Apple,14-inch,16GB
1,0.0005950927734375,-1.5,Lenovo,13-inch,8GB,Apple,16-inch,4GB
1,0.000545501708984375,-0.125,Lenovo,13-inch,8GB,Apple,16-inch,8GB
1,-0.0015716552734375,3.375,Lenovo,13-inch,8GB,Apple,16-inch,16GB
1,-9.875,9.5,Lenovo,13-inch,16GB,ASUS,13-inch,4GB
1,-5.375,9.5,Lenovo,13-inch,16GB,ASUS,13-inch,8GB
1,-2.125,9.375,Lenovo,13-inch,16GB,ASUS,13-inch,16GB
1,-12.25,9.5,Lenovo,13-inch,16GB,ASUS,14-inch,4GB
1,-2.234375,9.375,Lenovo,13-inch,16GB,ASUS,14-inch,8GB
1,-0.224609375,7.90625,Lenovo,13-inch,16GB,ASUS,14-inch,16GB
1,-9.625,9.5,Lenovo,13-inch,16GB,ASUS,16-inch,4GB
1,-0.001861572265625,3.5,Lenovo,13-inch,16GB,ASUS,16-inch,8GB
1,0.00048828125,0.5,Lenovo,13-inch,16GB,ASUS,16-inch,16GB
1,-9.875,9.5,Lenovo,13-inch,16GB,Lenovo,13-inch,4GB
1,-8.0,9.5,Lenovo,13-inch,16GB,Lenovo,13-inch,8GB
1,-12.875,9.5,Lenovo,13-inch,16GB,Lenovo,14-inch,4GB
1,-5.375,9.5,Lenovo,13-inch,16GB,Lenovo,14-inch,8GB
1,-9.918212890625e-05,2.25,Lenovo,13-inch,16GB,Lenovo,14-inch,16GB
1,-8.5,9.5,Lenovo,13-inch,16GB,Lenovo,16-inch,4GB
1,-0.07861328125,6.9375,Lenovo,13-inch,16GB,Lenovo,16-inch,8GB
1,0.00060272216796875,-2.375,Lenovo,13-inch,16GB,Lenovo,16-inch,16GB
1,-9.375,9.5,Lenovo,13-inch,16GB,HP,13-inch,4GB
1,-4.75,9.5,Lenovo,13-inch,16GB,HP,13-inch,8GB
1,-0.38671875,8.375,Lenovo,13-inch,16GB,HP,13-inch,16GB
1,-12.375,9.5,Lenovo,13-inch,16GB,HP,14-inch,4GB
1,-0.57421875,8.6875,Lenovo,13-inch,16GB,HP,14-inch,8GB
1,-0.003997802734375,4.125,Lenovo,13-inch,16GB,HP,14-inch,16GB
1,-9.5,9.5,Lenovo,13-inch,16GB,HP,16-inch,4GB
1,-0.00299072265625,3.875,Lenovo,13-inch,16GB,HP,16-inch,8GB
1,0.000553131103515625,-0.25,Lenovo,13-inch,16GB,HP,16-inch,16GB
1,-9.875,9.5,Lenovo,13-inch,16GB,Dell,13-inch,4GB
1,-3.765625,9.5,Lenovo,13-inch,16GB,Dell,13-inch,8GB
1,-1.5,9.25,Lenovo,13-inch,16GB,Dell,13-inch,16GB
1,-12.375,9.5,Lenovo,13-inch,16GB,Dell,14-inch,4GB
1,-0.003997802734375,4.125,Lenovo,13-inch,16GB,Dell,14-inch,8GB
1,-0.003997802734375,4.125,Lenovo,13-inch,16GB,Dell,14-inch,16GB
1,-9.25,9.5,Lenovo,13-inch,16GB,Dell,16-inch,4GB
1,-0.00055694580078125,2.75,Lenovo,13-inch,16GB,Dell,16-inch,8GB
1,0.00057220458984375,-0.625,Lenovo,13-inch,16GB,Dell,16-inch,16GB
1,-10.375,9.5,Lenovo,13-inch,16GB,Apple,13-inch,4GB
1,0.000431060791015625,0.875,Lenovo,13-inch,16GB,Apple,13-inch,8GB
1,0.0003490447998046875,1.25,Lenovo,13-inch,16GB,Apple,13-inch,16GB
1,-10.0,9.5,Lenovo,13-inch,16GB,Apple,14-inch,4GB
1,0.0002307891845703125,1.625,Lenovo,13-inch,16GB,Apple,14-inch,8GB
1,0.0002307891845703125,1.625,Lenovo,13-inch,16GB,Apple,14-inch,16GB
1,0.000179290771484375,1.75,Lenovo,13-inch,16GB,Apple,16-inch,4GB
1,0.000408172607421875,1.0,Lenovo,13-inch,16GB,Apple,16-inch,8GB
1,0.0003795623779296875,1.125,Lenovo,13-inch,16GB,Apple,16-inch,16GB
1,0.0005950927734375,-1.625,Lenovo,14-inch,4GB,ASUS,13-inch,4GB
1,-14.5,9.5,Lenovo,14-inch,4GB,ASUS,13-inch,8GB
1,-14.375,9.5,Lenovo,14-inch,4GB,ASUS,13-inch,16GB
1,0.000583648681640625,-1.0,Lenovo,14-inch,4GB,ASUS,14-inch,4GB
1,-15.625,9.5,Lenovo,14-inch,4GB,ASUS,14-inch,8GB
1,-13.75,9.5,Lenovo,14-inch,4GB,ASUS,14-inch,16GB
1,-0.0007171630859375,2.875,Lenovo,14-inch,4GB,ASUS,16-inch,4GB
1,-14.625,9.5,Lenovo,14-inch,4GB,ASUS,16-inch,8GB
1,-13.125,9.5,Lenovo,14-inch,4GB,ASUS,16-inch,16GB
1,0.0006103515625,-5.0,Lenovo,14-inch,4GB,Lenovo,13-inch,4GB
1,-15.0,9.5,Lenovo,14-inch,4GB,Lenovo,13-inch,8GB
1,-15.25,9.5,Lenovo,14-inch,4GB,Lenovo,13-inch,16GB
1,-14.75,9.5,Lenovo,14-inch,4GB,Lenovo,14-inch,8GB
1,-14.25,9.5,Lenovo,14-inch,4GB,Lenovo,14-inch,16GB
1,0.000606536865234375,-2.75,Lenovo,14-inch,4GB,Lenovo,16-inch,4GB
1,-14.875,9.5,Lenovo,14-inch,4GB,Lenovo,16-inch,8GB
1,-12.625,9.5,Lenovo,14-inch,4GB,Lenovo,16-inch,16GB
1,0.000606536865234375,-3.375,Lenovo,14-inch,4GB,HP,13-inch,4GB
1,-14.5,9.5,Lenovo,14-inch,4GB,HP,13-inch,8GB
1,-14.375,9.5,Lenovo,14-inch,4GB,HP,13-inch,16GB
1,0.000606536865234375,-3.375,Lenovo,14-inch,4GB,HP,14-inch,4GB
1,-15.125,9.5,Lenovo,14-inch,4GB,HP,14-inch,8GB
1,-13.875,9.5,Lenovo,14-inch,4GB,HP,14-inch,16GB
1,0.000576019287109375,-0.75,Lenovo,14-inch,4GB,HP,16-inch,4GB
1,-14.25,9.5,Lenovo,14-inch,4GB,HP,16-inch,8GB
1,-13.125,9.5,Lenovo,14-inch,4GB,HP,16-inch,16GB
1,0.000606536865234375,-2.75,Lenovo,14-inch,4GB,Dell,13-inch,4GB
1,-14.375,9.5,Lenovo,14-inch,4GB,Dell,13-inch,8GB
1,-14.0,9.5,Lenovo,14-inch,4GB,Dell,13-inch,16GB
1,0.00060272216796875,-2.375,Lenovo,14-inch,4GB,Dell,14-inch,4GB
1,-14.875,9.5,Lenovo,14-inch,4GB,Dell,14-inch,8GB
1,-13.125,9.5,Lenovo,14-inch,4GB,Dell,14-inch,16GB
1,0.00058746337890625,-1.25,Lenovo,14-inch,4GB,Dell,16-inch,4GB
1,-14.0,9.5,Lenovo,14-inch,4GB,Dell,16-inch,8GB
1,-12.375,9.5,Lenovo,14-inch,4GB,Dell,16-inch,16GB
1,0.0006103515625,-4.125,Lenovo,14-inch,4GB,Apple,13-inch,4GB
1,-13.875,9.5,Lenovo,14-inch,4GB,Apple,13-inch,8GB
1,-12.125,9.5,Lenovo,14-inch,4GB,Apple,13-inch,16GB
1,0.0006103515625,-5.875,Lenovo,14-inch,4GB,Apple,14-inch,4GB
1,-14.125,9.5,Lenovo,14-inch,4GB,Apple,14-inch,8GB
1,-11.75,9.5,Lenovo,14-inch,4GB,Apple,14-inch,16GB
1,0.0006103515625,-6.875,Lenovo,14-inch,4GB,Apple,16-inch,4GB
1,-13.375,9.5,Lenovo,14-inch,4GB,Apple,16-inch,8GB
1,-11.125,9.5,Lenovo,14-inch,4GB,Apple,16-inch,16GB
1,-7.75,9.5,Lenovo,14-inch,8GB,ASUS,13-inch,4GB
1,-3.046875,9.4375,Lenovo,14-inch,8GB,ASUS,13-inch,8GB
1,-5.875,9.5,Lenovo,14-inch,8GB,ASUS,13-inch,16GB
1,-0.00347900390625,4.0,Lenovo,14-inch,8GB,ASUS,14-inch,4GB
1,-5.5,9.5,Lenovo,14-inch,8GB,ASUS,14-inch,8GB
1,-7.25,9.5,Lenovo,14-inch,8GB,ASUS,14-inch,16GB
1,-0.00131988525390625,3.25,Lenovo,14-inch,8GB,ASUS,16-inch,4GB
1,0.000469207763671875,0.625,Lenovo,14-inch,8GB,ASUS,16-inch,8GB
1,-3.28125,9.4375,Lenovo,14-inch,8GB,ASUS,16-inch,16GB
1,-9.25,9.5,Lenovo,14-inch,8GB,Lenovo,13-inch,4GB
1,-4.25,9.5,Lenovo,14-inch,8GB,Lenovo,13-inch,8GB
1,-7.75,9.5,Lenovo,14-inch,8GB,Lenovo,13-inch,16GB
1,-0.006103515625,4.5,Lenovo,14-inch,8GB,Lenovo,14-inch,4GB
1,-8.125,9.5,Lenovo,14-inch,8GB,Lenovo,14-inch,16GB
1,0.00052642822265625,0.125,Lenovo,14-inch,8GB,Lenovo,16-inch,4GB
1,0.0005950927734375,-1.5,Lenovo,14-inch,8GB,Lenovo,16-inch,8GB
1,-3.890625,9.5,Lenovo,14-inch,8GB,Lenovo,16-inch,16GB
1,-7.125,9.5,Lenovo,14-inch,8GB,HP,13-inch,4GB
1,-0.025634765625,5.84375,Lenovo,14-inch,8GB,HP,13-inch,8GB
1,-5.5,9.5,Lenovo,14-inch,8GB,HP,13-inch,16GB
1,-0.00055694580078125,2.75,Lenovo,14-inch,8GB,HP,14-inch,4GB
1,-4.75,9.5,Lenovo,14-inch,8GB,HP,14-inch,8GB
1,-6.875,9.5,Lenovo,14-inch,8GB,HP,14-inch,16GB
1,-0.00089263916015625,3.0,Lenovo,14-inch,8GB,HP,16-inch,4GB
1,0.00058746337890625,-1.125,Lenovo,14-inch,8GB,HP,16-inch,8GB
1,-3.53125,9.5,Lenovo,14-inch,8GB,HP,16-inch,16GB
1,-8.5,9.5,Lenovo,14-inch,8GB,Dell,13-inch,4GB
1,-0.0135498046875,5.25,Lenovo,14-inch,8GB,Dell,13-inch,8GB
1,-2.578125,9.4375,Lenovo,14-inch,8GB,Dell,13-inch,16GB
1,-0.0225830078125,5.75,Lenovo,14-inch,8GB,Dell,14-inch,4GB
1,-5.375,9.5,Lenovo,14-inch,8GB,Dell,14-inch,8GB
1,-6.125,9.5,Lenovo,14-inch,8GB,Dell,14-inch,16GB
1,-0.0025634765625,3.75,Lenovo,14-inch,8GB,Dell,16-inch,4GB
1,0.000598907470703125,-1.75,Lenovo,14-inch,8GB,Dell,16-inch,8GB
1,-1.5,9.25,Lenovo,14-inch,8GB,Dell,16-inch,16GB
1,-7.375,9.5,Lenovo,14-inch,8GB,Apple,13-inch,4GB
1,0.0004520416259765625,0.75,Lenovo,14-inch,8GB,Apple,13-inch,8GB
1,-0.0007171630859375,2.875,Lenovo,14-inch,8GB,Apple,13-inch,16GB
1,0.0004520416259765625,0.75,Lenovo,14-inch,8GB,Apple,14-inch,4GB
1,0.0003795623779296875,1.125,Lenovo,14-inch,8GB,Apple,14-inch,8GB
1,-3.046875,9.4375,Lenovo,14-inch,8GB,Apple,14-inch,16GB
1,0.000598907470703125,-1.75,Lenovo,14-inch,8GB,Apple,16-inch,4GB
1,0.00057220458984375,-0.625,Lenovo,14-inch,8GB,Apple,16-inch,8GB
1,-0.00799560546875,4.75,Lenovo,14-inch,8GB,Apple,16-inch,16GB
1,-12.5,9.5,Lenovo,14-inch,16GB,ASUS,13-inch,4GB
1,-0.01190185546875,5.125,Lenovo,14-inch,16GB,ASUS,13-inch,8GB
1,-4.5,9.5,Lenovo,14-inch,16GB,ASUS,13-inch,16GB
1,-7.875,9.5,Lenovo,14-inch,16GB,ASUS,14-inch,4GB
1,-0.0198974609375,5.625,Lenovo,14-inch,16GB,ASUS,14-inch,8GB
1,-2.125,9.375,Lenovo,14-inch,16GB,ASUS,14-inch,16GB
1,-8.875,9.5,Lenovo,14-inch,16GB,ASUS,16-inch,4GB
1,0.000274658203125,1.5,Lenovo,14-inch,16GB,ASUS,16-inch,8GB
1,0.000576019287109375,-0.75,Lenovo,14-inch,16GB,ASUS,16-inch,16GB
1,-13.875,9.5,Lenovo,14-inch,16GB,Lenovo,13-inch,4GB
1,-0.0225830078125,5.75,Lenovo,14-inch,16GB,Lenovo,13-inch,8GB
1,-3.890625,9.5,Lenovo,14-inch,16GB,Lenovo,13-inch,16GB
1,-7.875,9.5,Lenovo,14-inch,16GB,Lenovo,14-inch,4GB
1,-7.375,9.5,Lenovo,14-inch,16GB,Lenovo,14-inch,8GB
1,-0.00131988525390625,3.25,Lenovo,14-inch,16GB,Lenovo,16-inch,4GB
1,-0.00041961669921875,2.625,Lenovo,14-inch,16GB,Lenovo,16-inch,8GB
1,0.000606536865234375,-3.375,Lenovo,14-inch,16GB,Lenovo,16-inch,16GB
1,-13.0,9.5,Lenovo,14-inch,16GB,HP,13-inch,4GB
1,-0.006988525390625,4.625,Lenovo,14-inch,16GB,HP,13-inch,8GB
1,-0.05419921875,6.5625,Lenovo,14-inch,16GB,HP,13-inch,16GB
1,-7.75,9.5,Lenovo,14-inch,16GB,HP,14-inch,4GB
1,-0.00531005859375,4.375,Lenovo,14-inch,16GB,HP,14-inch,8GB
1,-0.1259765625,7.375,Lenovo,14-inch,16GB,HP,14-inch,16GB
1,-8.0,9.5,Lenovo,14-inch,16GB,HP,16-inch,4GB
1,0.0002307891845703125,1.625,Lenovo,14-inch,16GB,HP,16-inch,8GB
1,0.00060272216796875,-2.125,Lenovo,14-inch,16GB,HP,16-inch,16GB
1,-13.5,9.5,Lenovo,14-inch,16GB,Dell,13-inch,4GB
1,-0.00131988525390625,3.25,Lenovo,14-inch,16GB,Dell,13-inch,8GB
1,-0.099609375,7.15625,Lenovo,14-inch,16GB,Dell,13-inch,16GB
1,-8.375,9.5,Lenovo,14-inch,16GB,Dell,14-inch,4GB
1,-0.0015716552734375,3.375,Lenovo,14-inch,16GB,Dell,14-inch,8GB
1,-1.8046875,9.3125,Lenovo,14-inch,16GB,Dell,14-inch,16GB
1,-8.5,9.5,Lenovo,14-inch,16GB,Dell,16-inch,4GB
1,0.000469207763671875,0.625,Lenovo,14-inch,16GB,Dell,16-inch,8GB
1,0.00060272216796875,-2.25,Lenovo,14-inch,16GB,Dell,16-inch,16GB
1,-12.125,9.5,Lenovo,14-inch,16GB,Apple,13-inch,4GB
1,0.0005340576171875,0.0,Lenovo,14-inch,16GB,Apple,13-inch,8GB
1,0.000469207763671875,0.625,Lenovo,14-inch,16GB,Apple,13-inch,16GB
1,-5.25,9.5,Lenovo,14-inch,16GB,Apple,14-inch,4GB
1,0.000598907470703125,-1.75,Lenovo,14-inch,16GB,Apple,14-inch,8GB
1,0.0003795623779296875,1.125,Lenovo,14-inch,16GB,Apple,14-inch,16GB
1,0.0005340576171875,0.0,Lenovo,14-inch,16GB,Apple,16-inch,4GB
1,0.000576019287109375,-0.75,Lenovo,14-inch,16GB,Apple,16-inch,8GB
1,0.000514984130859375,0.25,Lenovo,14-inch,16GB,Apple,16-inch,16GB
1,0.000598907470703125,-2.0,Lenovo,16-inch,4GB,ASUS,13-inch,4GB
1,-15.25,9.5,Lenovo,16-inch,4GB,ASUS,13-inch,8GB
1,-14.375,9.5,Lenovo,16-inch,4GB,ASUS,13-inch,16GB
1,0.000553131103515625,-0.25,Lenovo,16-inch,4GB,ASUS,14-inch,4GB
1,-15.5,9.5,Lenovo,16-inch,4GB,ASUS,14-inch,8GB
1,-15.0,9.5,Lenovo,16-inch,4GB,ASUS,14-inch,16GB
1,0.00058746337890625,-1.25,Lenovo,16-inch,4GB,ASUS,16-inch,4GB
1,-15.875,9.5,Lenovo,16-inch,4GB,ASUS,16-inch,8GB
1,-14.0,9.5,Lenovo,16-inch,4GB,ASUS,16-inch,16GB
1,0.0006103515625,-5.5,Lenovo,16-inch,4GB,Lenovo,13-inch,4GB
1,-16.375,9.5,Lenovo,16-inch,4GB,Lenovo,13-inch,8GB
1,-15.625,9.5,Lenovo,16-inch,4GB,Lenovo,13-inch,16GB
1,0.0006103515625,-5.0,Lenovo,16-inch,4GB,Lenovo,14-inch,4GB
1,-16.75,9.5,Lenovo,16-inch,4GB,Lenovo,14-inch,8GB
1,-16.125,9.5,Lenovo,16-inch,4GB,Lenovo,14-inch,16GB
1,-15.125,9.5,Lenovo,16-inch,4GB,Lenovo,16-inch,8GB
1,-13.0,9.5,Lenovo,16-inch,4GB,Lenovo,16-inch,16GB
1,0.0006103515625,-5.125,Lenovo,16-inch,4GB,HP,13-inch,4GB
1,-14.875,9.5,Lenovo,16-inch,4GB,HP,13-inch,8GB
1,-14.25,9.5,Lenovo,16-inch,4GB,HP,13-inch,16GB
1,0.000606536865234375,-3.375,Lenovo,16-inch,4GB,HP,14-inch,4GB
1,-15.0,9.5,Lenovo,16-inch,4GB,HP,14-inch,8GB
1,-14.875,9.5,Lenovo,16-inch,4GB,HP,14-inch,16GB
1,0.0006103515625,-4.0,Lenovo,16-inch,4GB,HP,16-inch,4GB
1,-15.375,9.5,Lenovo,16-inch,4GB,HP,16-inch,8GB
1,-13.625,9.5,Lenovo,16-inch,4GB,HP,16-inch,16GB
1,0.0006103515625,-5.0,Lenovo,16-inch,4GB,Dell,13-inch,4GB
1,-14.875,9.5,Lenovo,16-inch,4GB,Dell,13-inch,8GB
1,-14.125,9.5,Lenovo,16-inch,4GB,Dell,13-inch,16GB
1,0.000606536865234375,-3.5,Lenovo,16-inch,4GB,Dell,14-inch,4GB
1,-15.25,9.5,Lenovo,16-inch,4GB,Dell,14-inch,8GB
1,-14.5,9.5,Lenovo,16-inch,4GB,Dell,14-inch,16GB
1,0.000606536865234375,-2.875,Lenovo,16-inch,4GB,Dell,16-inch,4GB
1,-15.375,9.5,Lenovo,16-inch,4GB,Dell,16-inch,8GB
1,-13.375,9.5,Lenovo,16-inch,4GB,Dell,16-inch,16GB
1,0.000606536865234375,-2.875,Lenovo,16-inch,4GB,Apple,13-inch,4GB
1,-13.625,9.5,Lenovo,16-inch,4GB,Apple,13-inch,8GB
1,-11.875,9.5,Lenovo,16-inch,4GB,Apple,13-inch,16GB
1,0.00060272216796875,-2.125,Lenovo,16-inch,4GB,Apple,14-inch,4GB
1,-14.0,9.5,Lenovo,16-inch,4GB,Apple,14-inch,8GB
1,-12.625,9.5,Lenovo,16-inch,4GB,Apple,14-inch,16GB
1,0.0006103515625,-6.25,Lenovo,16-inch,4GB,Apple,16-inch,4GB
1,-14.375,9.5,Lenovo,16-inch,4GB,Apple,16-inch,8GB
1,-12.25,9.5,Lenovo,16-inch,4GB,Apple,16-inch,16GB
1,-9.625,9.5,Lenovo,16-inch,8GB,ASUS,13-inch,4GB
1,-5.0,9.5,Lenovo,16-inch,8GB,ASUS,13-inch,8GB
1,-0.00109100341796875,3.125,Lenovo,16-inch,8GB,ASUS,13-inch,16GB
1,-9.5,9.5,Lenovo,16-inch,8GB,ASUS,14-inch,4GB
1,-5.625,9.5,Lenovo,16-inch,8GB,ASUS,14-inch,8GB
1,-0.033203125,6.09375,Lenovo,16-inch,8GB,ASUS,14-inch,16GB
1,0.000514984130859375,0.25,Lenovo,16-inch,8GB,ASUS,16-inch,4GB
1,-6.25,9.5,Lenovo,16-inch,8GB,ASUS,16-inch,8GB
1,-4.5,9.5,Lenovo,16-inch,8GB,ASUS,16-inch,16GB
1,-11.125,9.5,Lenovo,16-inch,8GB,Lenovo,13-inch,4GB
1,-5.375,9.5,Lenovo,16-inch,8GB,Lenovo,13-inch,8GB
1,-4.875,9.5,Lenovo,16-inch,8GB,Lenovo,13-inch,16GB
1,-10.75,9.5,Lenovo,16-inch,8GB,Lenovo,14-inch,4GB
1,-5.375,9.5,Lenovo,16-inch,8GB,Lenovo,14-inch,8GB
1,-7.25,9.5,Lenovo,16-inch,8GB,Lenovo,14-inch,16GB
1,0.000408172607421875,1.0,Lenovo,16-inch,8GB,Lenovo,16-inch,4GB
1,-7.25,9.5,Lenovo,16-inch,8GB,Lenovo,16-inch,16GB
1,-9.375,9.5,Lenovo,16-inch,8GB,HP,13-inch,4GB
1,-0.69140625,8.8125,Lenovo,16-inch,8GB,HP,13-inch,8GB
1,-0.00089263916015625,3.0,Lenovo,16-inch,8GB,HP,13-inch,16GB
1,-9.375,9.5,Lenovo,16-inch,8GB,HP,14-inch,4GB
1,-3.765625,9.5,Lenovo,16-inch,8GB,HP,14-inch,8GB
1,-0.015380859375,5.34375,Lenovo,16-inch,8GB,HP,14-inch,16GB
1,0.0004520416259765625,0.75,Lenovo,16-inch,8GB,HP,16-inch,4GB
1,-5.875,9.5,Lenovo,16-inch,8GB,HP,16-inch,8GB
1,-5.25,9.5,Lenovo,16-inch,8GB,HP,16-inch,16GB
1,-10.0,9.5,Lenovo,16-inch,8GB,Dell,13-inch,4GB
1,-0.015380859375,5.34375,Lenovo,16-inch,8GB,Dell,13-inch,8GB
1,-0.00131988525390625,3.25,Lenovo,16-inch,8GB,Dell,13-inch,16GB
1,-9.375,9.5,Lenovo,16-inch,8GB,Dell,14-inch,4GB
1,-0.97265625,9.0,Lenovo,16-inch,8GB,Dell,14-inch,8GB
1,-0.0135498046875,5.25,Lenovo,16-inch,8GB,Dell,14-inch,16GB
1,0.0005035400390625,0.375,Lenovo,16-inch,8GB,Dell,16-inch,4GB
1,-6.125,9.5,Lenovo,16-inch,8GB,Dell,16-inch,8GB
1,-4.03125,9.5,Lenovo,16-inch,8GB,Dell,16-inch,16GB
1,-9.25,9.5,Lenovo,16-inch,8GB,Apple,13-inch,4GB
1,0.000408172607421875,1.0,Lenovo,16-inch,8GB,Apple,13-inch,8GB
1,0.0005340576171875,0.0,Lenovo,16-inch,8GB,Apple,13-inch,16GB
1,-9.125,9.5,Lenovo,16-inch,8GB,Apple,14-inch,4GB
1,0.0003147125244140625,1.375,Lenovo,16-inch,8GB,Apple,14-inch,8GB
1,0.000431060791015625,0.875,Lenovo,16-inch,8GB,Apple,14-inch,16GB
1,0.00060272216796875,-2.375,Lenovo,16-inch,8GB,Apple,16-inch,4GB
1,0.00048828125,0.5,Lenovo,16-inch,8GB,Apple,16-inch,8GB
1,-0.3125,8.1875,Lenovo,16-inch,8GB,Apple,16-inch,16GB
1,-12.125,9.5,Lenovo,16-inch,16GB,ASUS,13-inch,4GB
1,-0.57421875,8.6875,Lenovo,16-inch,16GB,ASUS,13-inch,8GB
1,-6.25,9.5,Lenovo,16-inch,16GB,ASUS,13-inch,16GB
1,-11.875,9.5,Lenovo,16-inch,16GB,ASUS,14-inch,4GB
1,-0.1259765625,7.375,Lenovo,16-inch,16GB,ASUS,14-inch,8GB
1,-6.375,9.5,Lenovo,16-inch,16GB,ASUS,14-inch,16GB
1,-0.0225830078125,5.75,Lenovo,16-inch,16GB,ASUS,16-inch,4GB
1,-0.0225830078125,5.75,Lenovo,16-inch,16GB,ASUS,16-inch,8GB
1,-3.65625,9.5,Lenovo,16-inch,16GB,ASUS,16-inch,16GB
1,-14.5,9.5,Lenovo,16-inch,16GB,Lenovo,13-inch,4GB
1,-0.97265625,9.0,Lenovo,16-inch,16GB,Lenovo,13-inch,8GB
1,-5.875,9.5,Lenovo,16-inch,16GB,Lenovo,13-inch,16GB
1,-14.0,9.5,Lenovo,16-inch,16GB,Lenovo,14-inch,4GB
1,-2.234375,9.375,Lenovo,16-inch,16GB,Lenovo,14-inch,8GB
1,-6.375,9.5,Lenovo,16-inch,16GB,Lenovo,14-inch,16GB
1,-0.01043701171875,5.0,Lenovo,16-inch,16GB,Lenovo,16-inch,4GB
1,-7.0,9.5,Lenovo,16-inch,16GB,Lenovo,16-inch,8GB
1,-12.875,9.5,Lenovo,16-inch,16GB,HP,13-inch,4GB
1,-0.04248046875,6.3125,Lenovo,16-inch,16GB,HP,13-inch,8GB
1,-4.625,9.5,Lenovo,16-inch,16GB,HP,13-inch,16GB
1,-12.0,9.5,Lenovo,16-inch,16GB,HP,14-inch,4GB
1,-0.08837890625,7.03125,Lenovo,16-inch,16GB,HP,14-inch,8GB
1,-4.875,9.5,Lenovo,16-inch,16GB,HP,14-inch,16GB
1,-0.01043701171875,5.0,Lenovo,16-inch,16GB,HP,16-inch,4GB
1,-0.00347900390625,4.0,Lenovo,16-inch,16GB,HP,16-inch,8GB
1,-1.8046875,9.3125,Lenovo,16-inch,16GB,HP,16-inch,16GB
1,-13.0,9.5,Lenovo,16-inch,16GB,Dell,13-inch,4GB
1,-0.00799560546875,4.75,Lenovo,16-inch,16GB,Dell,13-inch,8GB
1,-4.375,9.5,Lenovo,16-inch,16GB,Dell,13-inch,16GB
1,-12.25,9.5,Lenovo,16-inch,16GB,Dell,14-inch,4GB
1,-0.0091552734375,4.875,Lenovo,16-inch,16GB,Dell,14-inch,8GB
1,-4.75,9.5,Lenovo,16-inch,16GB,Dell,14-inch,16GB
1,-0.001861572265625,3.5,Lenovo,16-inch,16GB,Dell,16-inch,4GB
1,-0.00299072265625,3.875,Lenovo,16-inch,16GB,Dell,16-inch,8GB
1,-3.65625,9.5,Lenovo,16-inch,16GB,Dell,16-inch,16GB
1,-11.25,9.5,Lenovo,16-inch,16GB,Apple,13-inch,4GB
1,0.000576019287109375,-0.75,Lenovo,16-inch,16GB,Apple,13-inch,8GB
1,0.0004520416259765625,0.75,Lenovo,16-inch,16GB,Apple,13-inch,16GB
1,-10.75,9.5,Lenovo,16-inch,16GB,Apple,14-inch,4GB
1,0.00058746337890625,-1.25,Lenovo,16-inch,16GB,Apple,14-inch,8GB
1,0.000408172607421875,1.0,Lenovo,16-inch,16GB,Apple,14-inch,16GB
1,0.0005950927734375,-1.625,Lenovo,16-inch,16GB,Apple,16-inch,4GB
1,0.000606536865234375,-2.75,Lenovo,16-inch,16GB,Apple,16-inch,8GB
1,0.00052642822265625,0.125,Lenovo,16-inch,16GB,Apple,16-inch,16GB
1,-0.099609375,7.15625,HP,13-inch,4GB,ASUS,13-inch,4GB
1,-14.875,9.5,HP,13-inch,4GB,ASUS,13-inch,8GB
1,-13.75,9.5,HP,13-inch,4GB,ASUS,13-inch,16GB
1,-7.5,9.5,HP,13-inch,4GB,ASUS,14-inch,4GB
1,-14.75,9.5,HP,13-inch,4GB,ASUS,14-inch,8GB
1,-14.125,9.5,HP,13-inch,4GB,ASUS,14-inch,16GB
1,-0.1259765625,7.375,HP,13-inch,4GB,ASUS,16-inch,4GB
1,-14.25,9.5,HP,13-inch,4GB,ASUS,16-inch,8GB
1,-12.625,9.5,HP,13-inch,4GB,ASUS,16-inch,16GB
1,-0.1259765625,7.375,HP,13-inch,4GB,Lenovo,13-inch,4GB
1,-14.75,9.5,HP,13-inch,4GB,Lenovo,13-inch,8GB
1,-14.0,9.5,HP,13-inch,4GB,Lenovo,13-inch,16GB
1,-7.75,9.5,HP,13-inch,4GB,Lenovo,14-inch,4GB
1,-14.375,9.5,HP,13-inch,4GB,Lenovo,14-inch,8GB
1,-13.625,9.5,HP,13-inch,4GB,Lenovo,14-inch,16GB
1,-0.0007171630859375,2.875,HP,13-inch,4GB,Lenovo,16-inch,4GB
1,-14.0,9.5,HP,13-inch,4GB,Lenovo,16-inch,8GB
1,-12.625,9.5,HP,13-inch,4GB,Lenovo,16-inch,16GB
1,-14.125,9.5,HP,13-inch,4GB,HP,13-inch,8GB
1,-13.5,9.5,HP,13-inch,4GB,HP,13-inch,16GB
1,-0.003997802734375,4.125,HP,13-inch,4GB,HP,14-inch,4GB
1,-15.0,9.5,HP,13-inch,4GB,HP,14-inch,8GB
1,-14.5,9.5,HP,13-inch,4GB,HP,14-inch,16GB
1,0.000606536865234375,-2.875,HP,13-inch,4GB,HP,16-inch,4GB
1,-14.25,9.5,HP,13-inch,4GB,HP,16-inch,8GB
1,-11.25,9.5,HP,13-inch,4GB,HP,16-inch,16GB
1,0.0003147125244140625,1.375,HP,13-inch,4GB,Dell,13-inch,4GB
1,-14.625,9.5,HP,13-inch,4GB,Dell,13-inch,8GB
1,-13.375,9.5,HP,13-inch,4GB,Dell,13-inch,16GB
1,-6.375,9.5,HP,13-inch,4GB,Dell,14-inch,4GB
1,-14.25,9.5,HP,13-inch,4GB,Dell,14-inch,8GB
1,-13.375,9.5,HP,13-inch,4GB,Dell,14-inch,16GB
1,0.000576019287109375,-0.75,HP,13-inch,4GB,Dell,16-inch,4GB
1,-13.75,9.5,HP,13-inch,4GB,Dell,16-inch,8GB
1,-11.75,9.5,HP,13-inch,4GB,Dell,16-inch,16GB
1,0.000606536865234375,-2.75,HP,13-inch,4GB,Apple,13-inch,4GB
1,-13.5,9.5,HP,13-inch,4GB,Apple,13-inch,8GB
1,-11.75,9.5,HP,13-inch,4GB,Apple,13-inch,16GB
1,0.000545501708984375,-0.125,HP,13-inch,4GB,Apple,14-inch,4GB
1,-13.625,9.5,HP,13-inch,4GB,Apple,14-inch,8GB
1,-12.625,9.5,HP,13-inch,4GB,Apple,14-inch,16GB
1,0.0006103515625,-6.375,HP,13-inch,4GB,Apple,16-inch,4GB
1,-12.875,9.5,HP,13-inch,4GB,Apple,16-inch,8GB
1,-10.625,9.5,HP,13-inch,4GB,Apple,16-inch,16GB
1,-1.3125,9.1875,HP,13-inch,8GB,ASUS,13-inch,4GB
1,-5.875,9.5,HP,13-inch,8GB,ASUS,13-inch,8GB
1,-6.125,9.5,HP,13-inch,8GB,ASUS,13-inch,16GB
1,-7.875,9.5,HP,13-inch,8GB,ASUS,14-inch,4GB
1,-5.625,9.5,HP,13-inch,8GB,ASUS,14-inch,8GB
1,-6.125,9.5,HP,13-inch,8GB,ASUS,14-inch,16GB
1,-4.25,9.5,HP,13-inch,8GB,ASUS,16-inch,4GB
1,0.0003795623779296875,1.125,HP,13-inch,8GB,ASUS,16-inch,8GB
1,-0.69140625,8.8125,HP,13-inch,8GB,ASUS,16-inch,16GB
1,-2.125,9.375,HP,13-inch,8GB,Lenovo,13-inch,4GB
1,-6.25,9.5,HP,13-inch,8GB,Lenovo,13-inch,8GB
1,-6.125,9.5,HP,13-inch,8GB,Lenovo,13-inch,16GB
1,-7.375,9.5,HP,13-inch,8GB,Lenovo,14-inch,4GB
1,-6.0,9.5,HP,13-inch,8GB,Lenovo,14-inch,8GB
1,-6.125,9.5,HP,13-inch,8GB,Lenovo,14-inch,16GB
1,-4.5,9.5,HP,13-inch,8GB,Lenovo,16-inch,4GB
1,0.0005340576171875,0.0,HP,13-inch,8GB,Lenovo,16-inch,8GB
1,-0.033203125,6.09375,HP,13-inch,8GB,Lenovo,16-inch,16GB
1,-4.5,9.5,HP,13-inch,8GB,HP,13-inch,4GB
1,-7.5,9.5,HP,13-inch,8GB,HP,13-inch,16GB
1,-7.375,9.5,HP,13-inch,8GB,HP,14-inch,4GB
1,0.0001220703125,1.875,HP,13-inch,8GB,HP,14-inch,8GB
1,-5.0,9.5,HP,13-inch,8GB,HP,14-inch,16GB
1,-9.918212890625e-05,2.25,HP,13-inch,8GB,HP,16-inch,4GB
1,0.0005950927734375,-1.625,HP,13-inch,8GB,HP,16-inch,8GB
1,-0.57421875,8.6875,HP,13-inch,8GB,HP,16-inch,16GB
1,-4.5,9.5,HP,13-inch,8GB,Dell,13-inch,4GB
1,-5.75,9.5,HP,13-inch,8GB,Dell,13-inch,8GB
1,-4.875,9.5,HP,13-inch,8GB,Dell,13-inch,16GB
1,-6.75,9.5,HP,13-inch,8GB,Dell,14-inch,4GB
1,-3.765625,9.5,HP,13-inch,8GB,Dell,14-inch,8GB
1,-4.375,9.5,HP,13-inch,8GB,Dell,14-inch,16GB
1,-1.9140625,9.3125,HP,13-inch,8GB,Dell,16-inch,4GB
1,0.000591278076171875,-1.375,HP,13-inch,8GB,Dell,16-inch,8GB
1,-0.0291748046875,5.96875,HP,13-inch,8GB,Dell,16-inch,16GB
1,-0.251953125,8.0,HP,13-inch,8GB,Apple,13-inch,4GB
1,-0.000301361083984375,2.5,HP,13-inch,8GB,Apple,13-inch,8GB
1,-0.003997802734375,4.125,HP,13-inch,8GB,Apple,13-inch,16GB
1,-0.01043701171875,5.0,HP,13-inch,8GB,Apple,14-inch,4GB
1,-0.00131988525390625,3.25,HP,13-inch,8GB,Apple,14-inch,8GB
1,-0.00131988525390625,3.25,HP,13-inch,8GB,Apple,14-inch,16GB
1,0.0005950927734375,-1.5,HP,13-inch,8GB,Apple,16-inch,4GB
1,0.000408172607421875,1.0,HP,13-inch,8GB,Apple,16-inch,8GB
1,-0.000301361083984375,2.5,HP,13-inch,8GB,Apple,16-inch,16GB
1,-9.875,9.5,HP,13-inch,16GB,ASUS,13-inch,4GB
1,-5.625,9.5,HP,13-inch,16GB,ASUS,13-inch,8GB
1,-4.25,9.5,HP,13-inch,16GB,ASUS,13-inch,16GB
1,-12.5,9.5,HP,13-inch,16GB,ASUS,14-inch,4GB
1,-3.890625,9.5,HP,13-inch,16GB,ASUS,14-inch,8GB
1,-4.15625,9.5,HP,13-inch,16GB,ASUS,14-inch,16GB
1,-10.0,9.5,HP,13-inch,16GB,ASUS,16-inch,4GB
1,-0.0025634765625,3.75,HP,13-inch,16GB,ASUS,16-inch,8GB
1,0.0003795623779296875,1.125,HP,13-inch,16GB,ASUS,16-inch,16GB
1,-10.375,9.5,HP,13-inch,16GB,Lenovo,13-inch,4GB
1,-6.0,9.5,HP,13-inch,16GB,Lenovo,13-inch,8GB
1,-5.0,9.5,HP,13-inch,16GB,Lenovo,13-inch,16GB
1,-13.125,9.5,HP,13-inch,16GB,Lenovo,14-inch,4GB
1,-1.5,9.25,HP,13-inch,16GB,Lenovo,14-inch,8GB
1,-3.40625,9.4375,HP,13-inch,16GB,Lenovo,14-inch,16GB
1,-10.625,9.5,HP,13-inch,16GB,Lenovo,16-inch,4GB
1,-0.0091552734375,4.875,HP,13-inch,16GB,Lenovo,16-inch,8GB
1,0.000514984130859375,0.25,HP,13-inch,16GB,Lenovo,16-inch,16GB
1,-10.5,9.5,HP,13-inch,16GB,HP,13-inch,4GB
1,-8.375,9.5,HP,13-inch,16GB,HP,13-inch,8GB
1,-13.125,9.5,HP,13-inch,16GB,HP,14-inch,4GB
1,-5.25,9.5,HP,13-inch,16GB,HP,14-inch,8GB
1,-0.000301361083984375,2.5,HP,13-inch,16GB,HP,14-inch,16GB
1,-8.5,9.5,HP,13-inch,16GB,HP,16-inch,4GB
1,-0.251953125,8.0,HP,13-inch,16GB,HP,16-inch,8GB
1,0.000606536865234375,-2.625,HP,13-inch,16GB,HP,16-inch,16GB
1,-10.125,9.5,HP,13-inch,16GB,Dell,13-inch,4GB
1,-4.5,9.5,HP,13-inch,16GB,Dell,13-inch,8GB
1,-3.65625,9.5,HP,13-inch,16GB,Dell,13-inch,16GB
1,-12.75,9.5,HP,13-inch,16GB,Dell,14-inch,4GB
1,-0.0091552734375,4.875,HP,13-inch,16GB,Dell,14-inch,8GB
1,-0.025634765625,5.84375,HP,13-inch,16GB,Dell,14-inch,16GB
1,-10.0,9.5,HP,13-inch,16GB,Dell,16-inch,4GB
1,-0.00089263916015625,3.0,HP,13-inch,16GB,Dell,16-inch,8GB
1,0.000553131103515625,-0.25,HP,13-inch,16GB,Dell,16-inch,16GB
1,-11.875,9.5,HP,13-inch,16GB,Apple,13-inch,4GB
1,0.0002307891845703125,1.625,HP,13-inch,16GB,Apple,13-inch,8GB
1,0.0003147125244140625,1.375,HP,13-inch,16GB,Apple,13-inch,16GB
1,-11.375,9.5,HP,13-inch,16GB,Apple,14-inch,4GB
1,5.7220458984375e-05,2.0,HP,13-inch,16GB,Apple,14-inch,8GB
1,0.000431060791015625,0.875,HP,13-inch,16GB,Apple,14-inch,16GB
1,-0.00347900390625,4.0,HP,13-inch,16GB,Apple,16-inch,4GB
1,0.000431060791015625,0.875,HP,13-inch,16GB,Apple,16-inch,8GB
1,0.000408172607421875,1.0,HP,13-inch,16GB,Apple,16-inch,16GB
1,-0.0007171630859375,2.875,HP,14-inch,4GB,ASUS,13-inch,4GB
1,-14.5,9.5,HP,14-inch,4GB,ASUS,13-inch,8GB
1,-14.375,9.5,HP,14-inch,4GB,ASUS,13-inch,16GB
1,-0.025634765625,5.84375,HP,14-inch,4GB,ASUS,14-inch,4GB
1,-15.375,9.5,HP,14-inch,4GB,ASUS,14-inch,8GB
1,-14.25,9.5,HP,14-inch,4GB,ASUS,14-inch,16GB
1,-0.00299072265625,3.875,HP,14-inch,4GB,ASUS,16-inch,4GB
1,-14.625,9.5,HP,14-inch,4GB,ASUS,16-inch,8GB
1,-12.875,9.5,HP,14-inch,4GB,ASUS,16-inch,16GB
1,-0.000301361083984375,2.5,HP,14-inch,4GB,Lenovo,13-inch,4GB
1,-14.5,9.5,HP,14-inch,4GB,Lenovo,13-inch,8GB
1,-14.125,9.5,HP,14-inch,4GB,Lenovo,13-inch,16GB
1,-0.004608154296875,4.25,HP,14-inch,4GB,Lenovo,14-inch,4GB
1,-15.25,9.5,HP,14-inch,4GB,Lenovo,14-inch,8GB
1,-14.25,9.5,HP,14-inch,4GB,Lenovo,14-inch,16GB
1,-0.00109100341796875,3.125,HP,14-inch,4GB,Lenovo,16-inch,4GB
1,-14.25,9.5,HP,14-inch,4GB,Lenovo,16-inch,8GB
1,-13.25,9.5,HP,14-inch,4GB,Lenovo,16-inch,16GB
1,0.00060272216796875,-2.5,HP,14-inch,4GB,HP,13-inch,4GB
1,-15.25,9.5,HP,14-inch,4GB,HP,13-inch,8GB
1,-15.375,9.5,HP,14-inch,4GB,HP,13-inch,16GB
1,-15.0,9.5,HP,14-inch,4GB,HP,14-inch,8GB
1,-14.125,9.5,HP,14-inch,4GB,HP,14-inch,16GB
1,0.0006103515625,-4.25,HP,14-inch,4GB,HP,16-inch,4GB
1,-14.875,9.5,HP,14-inch,4GB,HP,16-inch,8GB
1,-12.5,9.5,HP,14-inch,4GB,HP,16-inch,16GB
1,0.00048828125,0.5,HP,14-inch,4GB,Dell,13-inch,4GB
1,-14.375,9.5,HP,14-inch,4GB,Dell,13-inch,8GB
1,-14.25,9.5,HP,14-inch,4GB,Dell,13-inch,16GB
1,0.000431060791015625,0.875,HP,14-inch,4GB,Dell,14-inch,4GB
1,-15.0,9.5,HP,14-inch,4GB,Dell,14-inch,8GB
1,-13.375,9.5,HP,14-inch,4GB,Dell,14-inch,16GB
1,0.000553131103515625,-0.25,HP,14-inch,4GB,Dell,16-inch,4GB
1,-14.0,9.5,HP,14-inch,4GB,Dell,16-inch,8GB
1,-12.375,9.5,HP,14-inch,4GB,Dell,16-inch,16GB
1,0.00060272216796875,-2.5,HP,14-inch,4GB,Apple,13-inch,4GB
1,-14.25,9.5,HP,14-inch,4GB,Apple,13-inch,8GB
1,-12.0,9.5,HP,14-inch,4GB,Apple,13-inch,16GB
1,0.0006103515625,-4.0,HP,14-inch,4GB,Apple,14-inch,4GB
1,-14.125,9.5,HP,14-inch,4GB,Apple,14-inch,8GB
1,-11.625,9.5,HP,14-inch,4GB,Apple,14-inch,16GB
1,0.0006103515625,-6.25,HP,14-inch,4GB,Apple,16-inch,4GB
1,-13.5,9.5,HP,14-inch,4GB,Apple,16-inch,8GB
1,-11.125,9.5,HP,14-inch,4GB,Apple,16-inch,16GB
1,-5.875,9.5,HP,14-inch,8GB,ASUS,13-inch,4GB
1,-6.25,9.5,HP,14-inch,8GB,ASUS,13-inch,8GB
1,-6.375,9.5,HP,14-inch,8GB,ASUS,13-inch,16GB
1,-0.00055694580078125,2.75,HP,14-inch,8GB,ASUS,14-inch,4GB
1,-6.5,9.5,HP,14-inch,8GB,ASUS,14-inch,8GB
1,-7.0,9.5,HP,14-inch,8GB,ASUS,14-inch,16GB
1,-0.00041961669921875,2.625,HP,14-inch,8GB,ASUS,16-inch,4GB
1,0.000179290771484375,1.75,HP,14-inch,8GB,ASUS,16-inch,8GB
1,-3.65625,9.5,HP,14-inch,8GB,ASUS,16-inch,16GB
1,-6.375,9.5,HP,14-inch,8GB,Lenovo,13-inch,4GB
1,-6.0,9.5,HP,14-inch,8GB,Lenovo,13-inch,8GB
1,-6.75,9.5,HP,14-inch,8GB,Lenovo,13-inch,16GB
1,0.0001220703125,1.875,HP,14-inch,8GB,Lenovo,14-inch,4GB
1,-6.75,9.5,HP,14-inch,8GB,Lenovo,14-inch,8GB
1,-7.0,9.5,HP,14-inch,8GB,Lenovo,14-inch,16GB
1,-0.00131988525390625,3.25,HP,14-inch,8GB,Lenovo,16-inch,4GB
1,0.0005035400390625,0.375,HP,14-inch,8GB,Lenovo,16-inch,8GB
1,-2.578125,9.4375,HP,14-inch,8GB,Lenovo,16-inch,16GB
1,-9.375,9.5,HP,14-inch,8GB,HP,13-inch,4GB
1,-5.0,9.5,HP,14-inch,8GB,HP,13-inch,8GB
1,-7.625,9.5,HP,14-inch,8GB,HP,13-inch,16GB
1,-0.004608154296875,4.25,HP,14-inch,8GB,HP,14-inch,4GB
1,-8.25,9.5,HP,14-inch,8GB,HP,14-inch,16GB
1,0.000579833984375,-0.875,HP,14-inch,8GB,HP,16-inch,4GB
1,0.000598907470703125,-1.875,HP,14-inch,8GB,HP,16-inch,8GB
1,-3.171875,9.4375,HP,14-inch,8GB,HP,16-inch,16GB
1,-7.625,9.5,HP,14-inch,8GB,Dell,13-inch,4GB
1,-4.625,9.5,HP,14-inch,8GB,Dell,13-inch,8GB
1,-5.625,9.5,HP,14-inch,8GB,Dell,13-inch,16GB
1,-0.000301361083984375,2.5,HP,14-inch,8GB,Dell,14-inch,4GB
1,-6.25,9.5,HP,14-inch,8GB,Dell,14-inch,8GB
1,-6.5,9.5,HP,14-inch,8GB,Dell,14-inch,16GB
1,5.7220458984375e-05,2.0,HP,14-inch,8GB,Dell,16-inch,4GB
1,0.00058746337890625,-1.25,HP,14-inch,8GB,Dell,16-inch,8GB
1,-3.046875,9.4375,HP,14-inch,8GB,Dell,16-inch,16GB
1,-7.625,9.5,HP,14-inch,8GB,Apple,13-inch,4GB
1,-0.000194549560546875,2.375,HP,14-inch,8GB,Apple,13-inch,8GB
1,-0.00131988525390625,3.25,HP,14-inch,8GB,Apple,13-inch,16GB
1,0.00057220458984375,-0.625,HP,14-inch,8GB,Apple,14-inch,4GB
1,-0.00041961669921875,2.625,HP,14-inch,8GB,Apple,14-inch,8GB
1,-0.38671875,8.375,HP,14-inch,8GB,Apple,14-inch,16GB
1,0.00060272216796875,-2.375,HP,14-inch,8GB,Apple,16-inch,4GB
1,0.00048828125,0.5,HP,14-inch,8GB,Apple,16-inch,8GB
1,-0.0025634765625,3.75,HP,14-inch,8GB,Apple,16-inch,16GB
1,-12.5,9.5,HP,14-inch,16GB,ASUS,13-inch,4GB
1,-0.0091552734375,4.875,HP,14-inch,16GB,ASUS,13-inch,8GB
1,-5.875,9.5,HP,14-inch,16GB,ASUS,13-inch,16GB
1,-7.25,9.5,HP,14-inch,16GB,ASUS,14-inch,4GB
1,-0.033203125,6.09375,HP,14-inch,16GB,ASUS,14-inch,8GB
1,-3.65625,9.5,HP,14-inch,16GB,ASUS,14-inch,16GB
1,-8.25,9.5,HP,14-inch,16GB,ASUS,16-inch,4GB
1,0.000179290771484375,1.75,HP,14-inch,16GB,ASUS,16-inch,8GB
1,0.000553131103515625,-0.25,HP,14-inch,16GB,ASUS,16-inch,16GB
1,-12.375,9.5,HP,14-inch,16GB,Lenovo,13-inch,4GB
1,-0.003997802734375,4.125,HP,14-inch,16GB,Lenovo,13-inch,8GB
1,-5.375,9.5,HP,14-inch,16GB,Lenovo,13-inch,16GB
1,-7.5,9.5,HP,14-inch,16GB,Lenovo,14-inch,4GB
1,-0.0135498046875,5.25,HP,14-inch,16GB,Lenovo,14-inch,8GB
1,-5.375,9.5,HP,14-inch,16GB,Lenovo,14-inch,16GB
1,-9.0,9.5,HP,14-inch,16GB,Lenovo,16-inch,4GB
1,0.000274658203125,1.5,HP,14-inch,16GB,Lenovo,16-inch,8GB
1,0.000591278076171875,-1.375,HP,14-inch,16GB,Lenovo,16-inch,16GB
1,-13.625,9.5,HP,14-inch,16GB,HP,13-inch,4GB
1,-0.00799560546875,4.75,HP,14-inch,16GB,HP,13-inch,8GB
1,-4.625,9.5,HP,14-inch,16GB,HP,13-inch,16GB
1,-8.5,9.5,HP,14-inch,16GB,HP,14-inch,4GB
1,-8.0,9.5,HP,14-inch,16GB,HP,14-inch,8GB
1,-0.0225830078125,5.75,HP,14-inch,16GB,HP,16-inch,4GB
1,-0.00041961669921875,2.625,HP,14-inch,16GB,HP,16-inch,8GB
1,0.000606536865234375,-3.5,HP,14-inch,16GB,HP,16-inch,16GB
1,-12.625,9.5,HP,14-inch,16GB,Dell,13-inch,4GB
1,-0.00109100341796875,3.125,HP,14-inch,16GB,Dell,13-inch,8GB
1,-3.53125,9.5,HP,14-inch,16GB,Dell,13-inch,16GB
1,-7.5,9.5,HP,14-inch,16GB,Dell,14-inch,4GB
1,-0.00109100341796875,3.125,HP,14-inch,16GB,Dell,14-inch,8GB
1,-4.15625,9.5,HP,14-inch,16GB,Dell,14-inch,16GB
1,-7.875,9.5,HP,14-inch,16GB,Dell,16-inch,4GB
1,0.000408172607421875,1.0,HP,14-inch,16GB,Dell,16-inch,8GB
1,0.00058746337890625,-1.125,HP,14-inch,16GB,Dell,16-inch,16GB
1,-11.75,9.5,HP,14-inch,16GB,Apple,13-inch,4GB
1,0.0005035400390625,0.375,HP,14-inch,16GB,Apple,13-inch,8GB
1,0.0003490447998046875,1.25,HP,14-inch,16GB,Apple,13-inch,16GB
1,-7.375,9.5,HP,14-inch,16GB,Apple,14-inch,4GB
1,0.00058746337890625,-1.125,HP,14-inch,16GB,Apple,14-inch,8GB
1,5.7220458984375e-05,2.0,HP,14-inch,16GB,Apple,14-inch,16GB
1,0.00057220458984375,-0.625,HP,14-inch,16GB,Apple,16-inch,4GB
1,0.000579833984375,-0.875,HP,14-inch,16GB,Apple,16-inch,8GB
1,0.000431060791015625,0.875,HP,14-inch,16GB,Apple,16-inch,16GB
1,-0.000301361083984375,2.5,HP,16-inch,4GB,ASUS,13-inch,4GB
1,-15.25,9.5,HP,16-inch,4GB,ASUS,13-inch,8GB
1,-14.625,9.5,HP,16-inch,4GB,ASUS,13-inch,16GB
1,-0.00531005859375,4.375,HP,16-inch,4GB,ASUS,14-inch,4GB
1,-15.75,9.5,HP,16-inch,4GB,ASUS,14-inch,8GB
1,-15.125,9.5,HP,16-inch,4GB,ASUS,14-inch,16GB
1,-0.00055694580078125,2.75,HP,16-inch,4GB,ASUS,16-inch,4GB
1,-16.25,9.5,HP,16-inch,4GB,ASUS,16-inch,8GB
1,-14.25,9.5,HP,16-inch,4GB,ASUS,16-inch,16GB
1,0.0004520416259765625,0.75,HP,16-inch,4GB,Lenovo,13-inch,4GB
1,-15.125,9.5,HP,16-inch,4GB,Lenovo,13-inch,8GB
1,-14.5,9.5,HP,16-inch,4GB,Lenovo,13-inch,16GB
1,-1.52587890625e-05,2.125,HP,16-inch,4GB,Lenovo,14-inch,4GB
1,-15.625,9.5,HP,16-inch,4GB,Lenovo,14-inch,8GB
1,-14.75,9.5,HP,16-inch,4GB,Lenovo,14-inch,16GB
1,-0.00041961669921875,2.625,HP,16-inch,4GB,Lenovo,16-inch,4GB
1,-16.0,9.5,HP,16-inch,4GB,Lenovo,16-inch,8GB
1,-14.25,9.5,HP,16-inch,4GB,Lenovo,16-inch,16GB
1,0.0006103515625,-4.625,HP,16-inch,4GB,HP,13-inch,4GB
1,-16.5,9.5,HP,16-inch,4GB,HP,13-inch,8GB
1,-15.75,9.5,HP,16-inch,4GB,HP,13-inch,16GB
1,0.000606536865234375,-3.25,HP,16-inch,4GB,HP,14-inch,4GB
1,-16.625,9.5,HP,16-inch,4GB,HP,14-inch,8GB
1,-16.5,9.5,HP,16-inch,4GB,HP,14-inch,16GB
1,-15.0,9.5,HP,16-inch,4GB,HP,16-inch,8GB
1,-13.25,9.5,HP,16-inch,4GB,HP,16-inch,16GB
1,0.000598907470703125,-1.875,HP,16-inch,4GB,Dell,13-inch,4GB
1,-15.125,9.5,HP,16-inch,4GB,Dell,13-inch,8GB
1,-14.125,9.5,HP,16-inch,4GB,Dell,13-inch,16GB
1,0.000545501708984375,-0.125,HP,16-inch,4GB,Dell,14-inch,4GB
1,-15.25,9.5,HP,16-inch,4GB,Dell,14-inch,8GB
1,-14.75,9.5,HP,16-inch,4GB,Dell,14-inch,16GB
1,0.0005340576171875,0.0,HP,16-inch,4GB,Dell,16-inch,4GB
1,-15.375,9.5,HP,16-inch,4GB,Dell,16-inch,8GB
1,-13.5,9.5,HP,16-inch,4GB,Dell,16-inch,16GB
1,0.000576019287109375,-0.75,HP,16-inch,4GB,Apple,13-inch,4GB
1,-14.25,9.5,HP,16-inch,4GB,Apple,13-inch,8GB
1,-12.125,9.5,HP,16-inch,4GB,Apple,13-inch,16GB
1,0.00055694580078125,-0.375,HP,16-inch,4GB,Apple,14-inch,4GB
1,-14.375,9.5,HP,16-inch,4GB,Apple,14-inch,8GB
1,-12.75,9.5,HP,16-inch,4GB,Apple,14-inch,16GB
1,0.0006103515625,-5.375,HP,16-inch,4GB,Apple,16-inch,4GB
1,-14.75,9.5,HP,16-inch,4GB,Apple,16-inch,8GB
1,-12.125,9.5,HP,16-inch,4GB,Apple,16-inch,16GB
1,-9.25,9.5,HP,16-inch,8GB,ASUS,13-inch,4GB
1,-6.375,9.5,HP,16-inch,8GB,ASUS,13-inch,8GB
1,-0.003997802734375,4.125,HP,16-inch,8GB,ASUS,13-inch,16GB
1,-8.875,9.5,HP,16-inch,8GB,ASUS,14-inch,4GB
1,-6.875,9.5,HP,16-inch,8GB,ASUS,14-inch,8GB
1,-4.5,9.5,HP,16-inch,8GB,ASUS,14-inch,16GB
1,0.0005645751953125,-0.5,HP,16-inch,8GB,ASUS,16-inch,4GB
1,-7.125,9.5,HP,16-inch,8GB,ASUS,16-inch,8GB
1,-5.125,9.5,HP,16-inch,8GB,ASUS,16-inch,16GB
1,-9.375,9.5,HP,16-inch,8GB,Lenovo,13-inch,4GB
1,-5.625,9.5,HP,16-inch,8GB,Lenovo,13-inch,8GB
1,-0.006988525390625,4.625,HP,16-inch,8GB,Lenovo,13-inch,16GB
1,-8.625,9.5,HP,16-inch,8GB,Lenovo,14-inch,4GB
1,-6.0,9.5,HP,16-inch,8GB,Lenovo,14-inch,8GB
1,-4.15625,9.5,HP,16-inch,8GB,Lenovo,14-inch,16GB
1,0.00057220458984375,-0.625,HP,16-inch,8GB,Lenovo,16-inch,4GB
1,-7.125,9.5,HP,16-inch,8GB,Lenovo,16-inch,8GB
1,-3.890625,9.5,HP,16-inch,8GB,Lenovo,16-inch,16GB
1,-11.5,9.5,HP,16-inch,8GB,HP,13-inch,4GB
1,-5.125,9.5,HP,16-inch,8GB,HP,13-inch,8GB
1,-4.625,9.5,HP,16-inch,8GB,HP,13-inch,16GB
1,-11.375,9.5,HP,16-inch,8GB,HP,14-inch,4GB
1,-5.125,9.5,HP,16-inch,8GB,HP,14-inch,8GB
1,-7.375,9.5,HP,16-inch,8GB,HP,14-inch,16GB
1,0.000408172607421875,1.0,HP,16-inch,8GB,HP,16-inch,4GB
1,-7.0,9.5,HP,16-inch,8GB,HP,16-inch,16GB
1,-9.5,9.5,HP,16-inch,8GB,Dell,13-inch,4GB
1,-2.8125,9.4375,HP,16-inch,8GB,Dell,13-inch,8GB
1,-0.00299072265625,3.875,HP,16-inch,8GB,Dell,13-inch,16GB
1,-9.0,9.5,HP,16-inch,8GB,Dell,14-inch,4GB
1,-4.75,9.5,HP,16-inch,8GB,Dell,14-inch,8GB
1,-0.38671875,8.375,HP,16-inch,8GB,Dell,14-inch,16GB
1,0.000583648681640625,-1.0,HP,16-inch,8GB,Dell,16-inch,4GB
1,-7.0,9.5,HP,16-inch,8GB,Dell,16-inch,8GB
1,-4.75,9.5,HP,16-inch,8GB,Dell,16-inch,16GB
1,-8.5,9.5,HP,16-inch,8GB,Apple,13-inch,4GB
1,-0.000301361083984375,2.5,HP,16-inch,8GB,Apple,13-inch,8GB
1,0.000431060791015625,0.875,HP,16-inch,8GB,Apple,13-inch,16GB
1,-8.125,9.5,HP,16-inch,8GB,Apple,14-inch,4GB
1,-0.000194549560546875,2.375,HP,16-inch,8GB,Apple,14-inch,8GB
1,0.000274658203125,1.5,HP,16-inch,8GB,Apple,14-inch,16GB
1,0.0006103515625,-3.75,HP,16-inch,8GB,Apple,16-inch,4GB
1,0.0003147125244140625,1.375,HP,16-inch,8GB,Apple,16-inch,8GB
1,-2.125,9.375,HP,16-inch,8GB,Apple,16-inch,16GB
1,-12.75,9.5,HP,16-inch,16GB,ASUS,13-inch,4GB
1,-0.474609375,8.5,HP,16-inch,16GB,ASUS,13-inch,8GB
1,-6.875,9.5,HP,16-inch,16GB,ASUS,13-inch,16GB
1,-12.375,9.5,HP,16-inch,16GB,ASUS,14-inch,4GB
1,-0.0693359375,6.8125,HP,16-inch,16GB,ASUS,14-inch,8GB
1,-7.0,9.5,HP,16-inch,16GB,ASUS,14-inch,16GB
1,-0.00131988525390625,3.25,HP,16-inch,16GB,ASUS,16-inch,4GB
1,-0.0135498046875,5.25,HP,16-inch,16GB,ASUS,16-inch,8GB
1,-5.0,9.5,HP,16-inch,16GB,ASUS,16-inch,16GB
1,-13.0,9.5,HP,16-inch,16GB,Lenovo,13-inch,4GB
1,-0.01043701171875,5.0,HP,16-inch,16GB,Lenovo,13-inch,8GB
1,-6.375,9.5,HP,16-inch,16GB,Lenovo,13-inch,16GB
1,-12.625,9.5,HP,16-inch,16GB,Lenovo,14-inch,4GB
1,-0.01190185546875,5.125,HP,16-inch,16GB,Lenovo,14-inch,8GB
1,-6.5,9.5,HP,16-inch,16GB,Lenovo,14-inch,16GB
1,-0.006103515625,4.5,HP,16-inch,16GB,Lenovo,16-inch,4GB
1,-0.01190185546875,5.125,HP,16-inch,16GB,Lenovo,16-inch,8GB
1,-5.75,9.5,HP,16-inch,16GB,Lenovo,16-inch,16GB
1,-15.125,9.5,HP,16-inch,16GB,HP,13-inch,4GB
1,-0.251953125,8.0,HP,16-inch,16GB,HP,13-inch,8GB
1,-5.875,9.5,HP,16-inch,16GB,HP,13-inch,16GB
1,-14.625,9.5,HP,16-inch,16GB,HP,14-inch,4GB
1,-2.8125,9.4375,HP,16-inch,16GB,HP,14-inch,8GB
1,-6.125,9.5,HP,16-inch,16GB,HP,14-inch,16GB
1,-0.006103515625,4.5,HP,16-inch,16GB,HP,16-inch,4GB
1,-7.125,9.5,HP,16-inch,16GB,HP,16-inch,8GB
1,-13.0,9.5,HP,16-inch,16GB,Dell,13-inch,4GB
1,-0.006103515625,4.5,HP,16-inch,16GB,Dell,13-inch,8GB
1,-5.375,9.5,HP,16-inch,16GB,Dell,13-inch,16GB
1,-12.25,9.5,HP,16-inch,16GB,Dell,14-inch,4GB
1,-0.006103515625,4.5,HP,16-inch,16GB,Dell,14-inch,8GB
1,-5.125,9.5,HP,16-inch,16GB,Dell,14-inch,16GB
1,0.0001220703125,1.875,HP,16-inch,16GB,Dell,16-inch,4GB
1,-0.00347900390625,4.0,HP,16-inch,16GB,Dell,16-inch,8GB
1,-5.125,9.5,HP,16-inch,16GB,Dell,16-inch,16GB
1,-11.75,9.5,HP,16-inch,16GB,Apple,13-inch,4GB
1,0.000553131103515625,-0.25,HP,16-inch,16GB,Apple,13-inch,8GB
1,0.000274658203125,1.5,HP,16-inch,16GB,Apple,13-inch,16GB
1,-10.75,9.5,HP,16-inch,16GB,Apple,14-inch,4GB
1,0.00057220458984375,-0.625,HP,16-inch,16GB,Apple,14-inch,8GB
1,0.0003147125244140625,1.375,HP,16-inch,16GB,Apple,14-inch,16GB
1,0.000606536865234375,-3.0,HP,16-inch,16GB,Apple,16-inch,4GB
1,0.000606536865234375,-2.875,HP,16-inch,16GB,Apple,16-inch,8GB
1,0.0004863739013671875,0.5,HP,16-inch,16GB,Apple,16-inch,16GB
1,-0.00109100341796875,3.125,Dell,13-inch,4GB,ASUS,13-inch,4GB
1,-15.0,9.5,Dell,13-inch,4GB,ASUS,13-inch,8GB
1,-14.0,9.5,Dell,13-inch,4GB,ASUS,13-inch,16GB
1,-7.125,9.5,Dell,13-inch,4GB,ASUS,14-inch,4GB
1,-15.0,9.5,Dell,13-inch,4GB,ASUS,14-inch,8GB
1,-14.0,9.5,Dell,13-inch,4GB,ASUS,14-inch,16GB
1,-0.001861572265625,3.5,Dell,13-inch,4GB,ASUS,16-inch,4GB
1,-14.25,9.5,Dell,13-inch,4GB,ASUS,16-inch,8GB
1,-12.75,9.5,Dell,13-inch,4GB,ASUS,16-inch,16GB
1,-0.00131988525390625,3.25,Dell,13-inch,4GB,Lenovo,13-inch,4GB
1,-15.0,9.5,Dell,13-inch,4GB,Lenovo,13-inch,8GB
1,-14.0,9.5,Dell,13-inch,4GB,Lenovo,13-inch,16GB
1,-6.875,9.5,Dell,13-inch,4GB,Lenovo,14-inch,4GB
1,-14.625,9.5,Dell,13-inch,4GB,Lenovo,14-inch,8GB
1,-14.0,9.5,Dell,13-inch,4GB,Lenovo,14-inch,16GB
1,0.000274658203125,1.5,Dell,13-inch,4GB,Lenovo,16-inch,4GB
1,-13.875,9.5,Dell,13-inch,4GB,Lenovo,16-inch,8GB
1,-12.75,9.5,Dell,13-inch,4GB,Lenovo,16-inch,16GB
1,0.0005950927734375,-1.5,Dell,13-inch,4GB,HP,13-inch,4GB
1,-14.75,9.5,Dell,13-inch,4GB,HP,13-inch,8GB
1,-13.875,9.5,Dell,13-inch,4GB,HP,13-inch,16GB
1,-3.53125,9.5,Dell,13-inch,4GB,HP,14-inch,4GB
1,-14.25,9.5,Dell,13-inch,4GB,HP,14-inch,8GB
1,-14.125,9.5,Dell,13-inch,4GB,HP,14-inch,16GB
1,0.000583648681640625,-1.0,Dell,13-inch,4GB,HP,16-inch,4GB
1,-14.125,9.5,Dell,13-inch,4GB,HP,16-inch,8GB
1,-12.75,9.5,Dell,13-inch,4GB,HP,16-inch,16GB
1,-13.5,9.5,Dell,13-inch,4GB,Dell,13-inch,8GB
1,-13.0,9.5,Dell,13-inch,4GB,Dell,13-inch,16GB
1,5.7220458984375e-05,2.0,Dell,13-inch,4GB,Dell,14-inch,4GB
1,-14.75,9.5,Dell,13-inch,4GB,Dell,14-inch,8GB
1,-14.375,9.5,Dell,13-inch,4GB,Dell,14-inch,16GB
1,0.0006103515625,-4.375,Dell,13-inch,4GB,Dell,16-inch,4GB
1,-13.875,9.5,Dell,13-inch,4GB,Dell,16-inch,8GB
1,-11.625,9.5,Dell,13-inch,4GB,Dell,16-inch,16GB
1,0.0006103515625,-3.75,Dell,13-inch,4GB,Apple,13-inch,4GB
1,-13.75,9.5,Dell,13-inch,4GB,Apple,13-inch,8GB
1,-12.125,9.5,Dell,13-inch,4GB,Apple,13-inch,16GB
1,0.0005645751953125,-0.5,Dell,13-inch,4GB,Apple,14-inch,4GB
1,-14.0,9.5,Dell,13-inch,4GB,Apple,14-inch,8GB
1,-12.625,9.5,Dell,13-inch,4GB,Apple,14-inch,16GB
1,0.0006103515625,-6.25,Dell,13-inch,4GB,Apple,16-inch,4GB
1,-13.125,9.5,Dell,13-inch,4GB,Apple,16-inch,8GB
1,-11.0,9.5,Dell,13-inch,4GB,Apple,16-inch,16GB
1,-0.69140625,8.8125,Dell,13-inch,8GB,ASUS,13-inch,4GB
1,-6.0,9.5,Dell,13-inch,8GB,ASUS,13-inch,8GB
1,-6.375,9.5,Dell,13-inch,8GB,ASUS,13-inch,16GB
1,-6.375,9.5,Dell,13-inch,8GB,ASUS,14-inch,4GB
1,-5.625,9.5,Dell,13-inch,8GB,ASUS,14-inch,8GB
1,-5.5,9.5,Dell,13-inch,8GB,ASUS,14-inch,16GB
1,-0.0615234375,6.6875,Dell,13-inch,8GB,ASUS,16-inch,4GB
1,0.0003147125244140625,1.375,Dell,13-inch,8GB,ASUS,16-inch,8GB
1,-0.1591796875,7.59375,Dell,13-inch,8GB,ASUS,16-inch,16GB
1,-0.1591796875,7.59375,Dell,13-inch,8GB,Lenovo,13-inch,4GB
1,-6.375,9.5,Dell,13-inch,8GB,Lenovo,13-inch,8GB
1,-5.5,9.5,Dell,13-inch,8GB,Lenovo,13-inch,16GB
1,-6.75,9.5,Dell,13-inch,8GB,Lenovo,14-inch,4GB
1,-5.0,9.5,Dell,13-inch,8GB,Lenovo,14-inch,8GB
1,-5.125,9.5,Dell,13-inch,8GB,Lenovo,14-inch,16GB
1,-3.53125,9.5,Dell,13-inch,8GB,Lenovo,16-inch,4GB
1,0.000553131103515625,-0.25,Dell,13-inch,8GB,Lenovo,16-inch,8GB
1,-0.0291748046875,5.96875,Dell,13-inch,8GB,Lenovo,16-inch,16GB
1,-0.0135498046875,5.25,Dell,13-inch,8GB,HP,13-inch,4GB
1,-5.5,9.5,Dell,13-inch,8GB,HP,13-inch,8GB
1,-5.75,9.5,Dell,13-inch,8GB,HP,13-inch,16GB
1,-4.5,9.5,Dell,13-inch,8GB,HP,14-inch,4GB
1,-1.703125,9.3125,Dell,13-inch,8GB,HP,14-inch,8GB
1,-4.875,9.5,Dell,13-inch,8GB,HP,14-inch,16GB
1,-0.0225830078125,5.75,Dell,13-inch,8GB,HP,16-inch,4GB
1,0.00058746337890625,-1.125,Dell,13-inch,8GB,HP,16-inch,8GB
1,-0.0478515625,6.4375,Dell,13-inch,8GB,HP,16-inch,16GB
1,-1.140625,9.125,Dell,13-inch,8GB,Dell,13-inch,4GB
1,-7.375,9.5,Dell,13-inch,8GB,Dell,13-inch,16GB
1,-5.75,9.5,Dell,13-inch,8GB,Dell,14-inch,4GB
1,0.000274658203125,1.5,Dell,13-inch,8GB,Dell,14-inch,8GB
1,-4.15625,9.5,Dell,13-inch,8GB,Dell,14-inch,16GB
1,0.0003490447998046875,1.25,Dell,13-inch,8GB,Dell,16-inch,4GB
1,0.000598907470703125,-2.0,Dell,13-inch,8GB,Dell,16-inch,8GB
1,-2.578125,9.4375,Dell,13-inch,8GB,Dell,16-inch,16GB
1,-0.017578125,5.46875,Dell,13-inch,8GB,Apple,13-inch,4GB
1,-0.00089263916015625,3.0,Dell,13-inch,8GB,Apple,13-inch,8GB
1,-0.01043701171875,5.0,Dell,13-inch,8GB,Apple,13-inch,16GB
1,-0.3125,8.1875,Dell,13-inch,8GB,Apple,14-inch,4GB
1,-0.0007171630859375,2.875,Dell,13-inch,8GB,Apple,14-inch,8GB
1,-0.00109100341796875,3.125,Dell,13-inch,8GB,Apple,14-inch,16GB
1,0.000576019287109375,-0.75,Dell,13-inch,8GB,Apple,16-inch,4GB
1,0.0003795623779296875,1.125,Dell,13-inch,8GB,Apple,16-inch,8GB
1,-0.002197265625,3.625,Dell,13-inch,8GB,Apple,16-inch,16GB
1,-10.25,9.5,Dell,13-inch,16GB,ASUS,13-inch,4GB
1,-4.875,9.5,Dell,13-inch,16GB,ASUS,13-inch,8GB
1,-4.875,9.5,Dell,13-inch,16GB,ASUS,13-inch,16GB
1,-12.75,9.5,Dell,13-inch,16GB,ASUS,14-inch,4GB
1,-2.46875,9.4375,Dell,13-inch,16GB,ASUS,14-inch,8GB
1,-4.03125,9.5,Dell,13-inch,16GB,ASUS,14-inch,16GB
1,-10.0,9.5,Dell,13-inch,16GB,ASUS,16-inch,4GB
1,-0.002197265625,3.625,Dell,13-inch,16GB,ASUS,16-inch,8GB
1,0.0004520416259765625,0.75,Dell,13-inch,16GB,ASUS,16-inch,16GB
1,-10.5,9.5,Dell,13-inch,16GB,Lenovo,13-inch,4GB
1,-5.125,9.5,Dell,13-inch,16GB,Lenovo,13-inch,8GB
1,-4.875,9.5,Dell,13-inch,16GB,Lenovo,13-inch,16GB
1,-13.125,9.5,Dell,13-inch,16GB,Lenovo,14-inch,4GB
1,-1.5,9.25,Dell,13-inch,16GB,Lenovo,14-inch,8GB
1,-2.015625,9.375,Dell,13-inch,16GB,Lenovo,14-inch,16GB
1,-10.5,9.5,Dell,13-inch,16GB,Lenovo,16-inch,4GB
1,-0.0025634765625,3.75,Dell,13-inch,16GB,Lenovo,16-inch,8GB
1,0.000576019287109375,-0.75,Dell,13-inch,16GB,Lenovo,16-inch,16GB
1,-9.625,9.5,Dell,13-inch,16GB,HP,13-inch,4GB
1,-4.5,9.5,Dell,13-inch,16GB,HP,13-inch,8GB
1,-3.53125,9.5,Dell,13-inch,16GB,HP,13-inch,16GB
1,-12.375,9.5,Dell,13-inch,16GB,HP,14-inch,4GB
1,-0.69140625,8.8125,Dell,13-inch,16GB,HP,14-inch,8GB
1,-0.01043701171875,5.0,Dell,13-inch,16GB,HP,14-inch,16GB
1,-9.75,9.5,Dell,13-inch,16GB,HP,16-inch,4GB
1,-0.0025634765625,3.75,Dell,13-inch,16GB,HP,16-inch,8GB
1,0.00055694580078125,-0.375,Dell,13-inch,16GB,HP,16-inch,16GB
1,-10.125,9.5,Dell,13-inch,16GB,Dell,13-inch,4GB
1,-8.375,9.5,Dell,13-inch,16GB,Dell,13-inch,8GB
1,-12.5,9.5,Dell,13-inch,16GB,Dell,14-inch,4GB
1,-5.5,9.5,Dell,13-inch,16GB,Dell,14-inch,8GB
1,5.7220458984375e-05,2.0,Dell,13-inch,16GB,Dell,14-inch,16GB
1,-8.125,9.5,Dell,13-inch,16GB,Dell,16-inch,4GB
1,-0.0225830078125,5.75,Dell,13-inch,16GB,Dell,16-inch,8GB
1,0.000606536865234375,-2.625,Dell,13-inch,16GB,Dell,16-inch,16GB
1,-12.625,9.5,Dell,13-inch,16GB,Apple,13-inch,4GB
1,0.0003795623779296875,1.125,Dell,13-inch,16GB,Apple,13-inch,8GB
1,0.0002307891845703125,1.625,Dell,13-inch,16GB,Apple,13-inch,16GB
1,-11.625,9.5,Dell,13-inch,16GB,Apple,14-inch,4GB
1,0.000179290771484375,1.75,Dell,13-inch,16GB,Apple,14-inch,8GB
1,0.0004520416259765625,0.75,Dell,13-inch,16GB,Apple,14-inch,16GB
1,-0.97265625,9.0,Dell,13-inch,16GB,Apple,16-inch,4GB
1,0.000408172607421875,1.0,Dell,13-inch,16GB,Apple,16-inch,8GB
1,0.0003490447998046875,1.25,Dell,13-inch,16GB,Apple,16-inch,16GB
1,0.0004520416259765625,0.75,Dell,14-inch,4GB,ASUS,13-inch,4GB
1,-14.75,9.5,Dell,14-inch,4GB,ASUS,13-inch,8GB
1,-14.5,9.5,Dell,14-inch,4GB,ASUS,13-inch,16GB
1,-0.000301361083984375,2.5,Dell,14-inch,4GB,ASUS,14-inch,4GB
1,-15.5,9.5,Dell,14-inch,4GB,ASUS,14-inch,8GB
1,-13.625,9.5,Dell,14-inch,4GB,ASUS,14-inch,16GB
1,-0.00299072265625,3.875,Dell,14-inch,4GB,ASUS,16-inch,4GB
1,-14.5,9.5,Dell,14-inch,4GB,ASUS,16-inch,8GB
1,-13.0,9.5,Dell,14-inch,4GB,ASUS,16-inch,16GB
1,0.00052642822265625,0.125,Dell,14-inch,4GB,Lenovo,13-inch,4GB
1,-14.625,9.5,Dell,14-inch,4GB,Lenovo,13-inch,8GB
1,-14.5,9.5,Dell,14-inch,4GB,Lenovo,13-inch,16GB
1,-0.000301361083984375,2.5,Dell,14-inch,4GB,Lenovo,14-inch,4GB
1,-15.5,9.5,Dell,14-inch,4GB,Lenovo,14-inch,8GB
1,-13.875,9.5,Dell,14-inch,4GB,Lenovo,14-inch,16GB
1,-0.000301361083984375,2.5,Dell,14-inch,4GB,Lenovo,16-inch,4GB
1,-14.5,9.5,Dell,14-inch,4GB,Lenovo,16-inch,8GB
1,-13.0,9.5,Dell,14-inch,4GB,Lenovo,16-inch,16GB
1,0.000598907470703125,-1.75,Dell,14-inch,4GB,HP,13-inch,4GB
1,-14.25,9.5,Dell,14-inch,4GB,HP,13-inch,8GB
1,-14.375,9.5,Dell,14-inch,4GB,HP,13-inch,16GB
1,0.000598907470703125,-2.0,Dell,14-inch,4GB,HP,14-inch,4GB
1,-15.125,9.5,Dell,14-inch,4GB,HP,14-inch,8GB
1,-13.75,9.5,Dell,14-inch,4GB,HP,14-inch,16GB
1,0.0005645751953125,-0.5,Dell,14-inch,4GB,HP,16-inch,4GB
1,-14.0,9.5,Dell,14-inch,4GB,HP,16-inch,8GB
1,-13.0,9.5,Dell,14-inch,4GB,HP,16-inch,16GB
1,0.0006103515625,-4.75,Dell,14-inch,4GB,Dell,13-inch,4GB
1,-15.5,9.5,Dell,14-inch,4GB,Dell,13-inch,8GB
1,-15.625,9.5,Dell,14-inch,4GB,Dell,13-inch,16GB
1,-14.375,9.5,Dell,14-inch,4GB,Dell,14-inch,8GB
1,-13.125,9.5,Dell,14-inch,4GB,Dell,14-inch,16GB
1,0.0006103515625,-4.625,Dell,14-inch,4GB,Dell,16-inch,4GB
1,-14.625,9.5,Dell,14-inch,4GB,Dell,16-inch,8GB
1,-12.25,9.5,Dell,14-inch,4GB,Dell,16-inch,16GB
1,0.000606536865234375,-2.875,Dell,14-inch,4GB,Apple,13-inch,4GB
1,-14.375,9.5,Dell,14-inch,4GB,Apple,13-inch,8GB
1,-12.125,9.5,Dell,14-inch,4GB,Apple,13-inch,16GB
1,0.0006103515625,-4.625,Dell,14-inch,4GB,Apple,14-inch,4GB
1,-14.125,9.5,Dell,14-inch,4GB,Apple,14-inch,8GB
1,-11.75,9.5,Dell,14-inch,4GB,Apple,14-inch,16GB
1,0.0006103515625,-6.5,Dell,14-inch,4GB,Apple,16-inch,4GB
1,-13.5,9.5,Dell,14-inch,4GB,Apple,16-inch,8GB
1,-10.875,9.5,Dell,14-inch,4GB,Apple,16-inch,16GB
1,-0.004608154296875,4.25,Dell,14-inch,8GB,ASUS,13-inch,4GB
1,-6.25,9.5,Dell,14-inch,8GB,ASUS,13-inch,8GB
1,-7.0,9.5,Dell,14-inch,8GB,ASUS,13-inch,16GB
1,0.0003490447998046875,1.25,Dell,14-inch,8GB,ASUS,14-inch,4GB
1,-6.625,9.5,Dell,14-inch,8GB,ASUS,14-inch,8GB
1,-6.875,9.5,Dell,14-inch,8GB,ASUS,14-inch,16GB
1,0.000274658203125,1.5,Dell,14-inch,8GB,ASUS,16-inch,4GB
1,0.000274658203125,1.5,Dell,14-inch,8GB,ASUS,16-inch,8GB
1,-5.25,9.5,Dell,14-inch,8GB,ASUS,16-inch,16GB
1,-0.004608154296875,4.25,Dell,14-inch,8GB,Lenovo,13-inch,4GB
1,-5.5,9.5,Dell,14-inch,8GB,Lenovo,13-inch,8GB
1,-6.75,9.5,Dell,14-inch,8GB,Lenovo,13-inch,16GB
1,0.000408172607421875,1.0,Dell,14-inch,8GB,Lenovo,14-inch,4GB
1,-6.75,9.5,Dell,14-inch,8GB,Lenovo,14-inch,8GB
1,-7.0,9.5,Dell,14-inch,8GB,Lenovo,14-inch,16GB
1,-0.000301361083984375,2.5,Dell,14-inch,8GB,Lenovo,16-inch,4GB
1,0.000545501708984375,-0.125,Dell,14-inch,8GB,Lenovo,16-inch,8GB
1,-4.15625,9.5,Dell,14-inch,8GB,Lenovo,16-inch,16GB
1,-1.52587890625e-05,2.125,Dell,14-inch,8GB,HP,13-inch,4GB
1,-3.171875,9.4375,Dell,14-inch,8GB,HP,13-inch,8GB
1,-6.625,9.5,Dell,14-inch,8GB,HP,13-inch,16GB
1,0.000514984130859375,0.25,Dell,14-inch,8GB,HP,14-inch,4GB
1,-5.625,9.5,Dell,14-inch,8GB,HP,14-inch,8GB
1,-6.875,9.5,Dell,14-inch,8GB,HP,14-inch,16GB
1,0.000408172607421875,1.0,Dell,14-inch,8GB,HP,16-inch,4GB
1,0.000583648681640625,-1.0,Dell,14-inch,8GB,HP,16-inch,8GB
1,-5.375,9.5,Dell,14-inch,8GB,HP,16-inch,16GB
1,-6.75,9.5,Dell,14-inch,8GB,Dell,13-inch,4GB
1,-0.099609375,7.15625,Dell,14-inch,8GB,Dell,13-inch,8GB
1,-7.75,9.5,Dell,14-inch,8GB,Dell,13-inch,16GB
1,-0.00089263916015625,3.0,Dell,14-inch,8GB,Dell,14-inch,4GB
1,-8.125,9.5,Dell,14-inch,8GB,Dell,14-inch,16GB
1,0.00060272216796875,-2.25,Dell,14-inch,8GB,Dell,16-inch,4GB
1,0.00060272216796875,-2.25,Dell,14-inch,8GB,Dell,16-inch,8GB
1,-5.625,9.5,Dell,14-inch,8GB,Dell,16-inch,16GB
1,-2.578125,9.4375,Dell,14-inch,8GB,Apple,13-inch,4GB
1,-0.000194549560546875,2.375,Dell,14-inch,8GB,Apple,13-inch,8GB
1,-0.003997802734375,4.125,Dell,14-inch,8GB,Apple,13-inch,16GB
1,0.00058746337890625,-1.25,Dell,14-inch,8GB,Apple,14-inch,4GB
1,-0.00055694580078125,2.75,Dell,14-inch,8GB,Apple,14-inch,8GB
1,-0.3125,8.1875,Dell,14-inch,8GB,Apple,14-inch,16GB
1,0.00060272216796875,-2.375,Dell,14-inch,8GB,Apple,16-inch,4GB
1,0.0005035400390625,0.375,Dell,14-inch,8GB,Apple,16-inch,8GB
1,-0.3125,8.1875,Dell,14-inch,8GB,Apple,16-inch,16GB
1,-12.875,9.5,Dell,14-inch,16GB,ASUS,13-inch,4GB
1,-0.01043701171875,5.0,Dell,14-inch,16GB,ASUS,13-inch,8GB
1,-6.625,9.5,Dell,14-inch,16GB,ASUS,13-inch,16GB
1,-8.625,9.5,Dell,14-inch,16GB,ASUS,14-inch,4GB
1,-0.03759765625,6.21875,Dell,14-inch,16GB,ASUS,14-inch,8GB
1,-4.25,9.5,Dell,14-inch,16GB,ASUS,14-inch,16GB
1,-9.75,9.5,Dell,14-inch,16GB,ASUS,16-inch,4GB
1,-0.00041961669921875,2.625,Dell,14-inch,16GB,ASUS,16-inch,8GB
1,0.0005645751953125,-0.5,Dell,14-inch,16GB,ASUS,16-inch,16GB
1,-13.25,9.5,Dell,14-inch,16GB,Lenovo,13-inch,4GB
1,-0.004638671875,4.25,Dell,14-inch,16GB,Lenovo,13-inch,8GB
1,-5.5,9.5,Dell,14-inch,16GB,Lenovo,13-inch,16GB
1,-8.125,9.5,Dell,14-inch,16GB,Lenovo,14-inch,4GB
1,-0.00799560546875,4.75,Dell,14-inch,16GB,Lenovo,14-inch,8GB
1,-4.875,9.5,Dell,14-inch,16GB,Lenovo,14-inch,16GB
1,-10.0,9.5,Dell,14-inch,16GB,Lenovo,16-inch,4GB
1,-9.918212890625e-05,2.25,Dell,14-inch,16GB,Lenovo,16-inch,8GB
1,0.000598907470703125,-2.0,Dell,14-inch,16GB,Lenovo,16-inch,16GB
1,-12.625,9.5,Dell,14-inch,16GB,HP,13-inch,4GB
1,-0.003997802734375,4.125,Dell,14-inch,16GB,HP,13-inch,8GB
1,-3.765625,9.5,Dell,14-inch,16GB,HP,13-inch,16GB
1,-7.375,9.5,Dell,14-inch,16GB,HP,14-inch,4GB
1,-0.00347900390625,4.0,Dell,14-inch,16GB,HP,14-inch,8GB
1,-1.8046875,9.3125,Dell,14-inch,16GB,HP,14-inch,16GB
1,-9.0,9.5,Dell,14-inch,16GB,HP,16-inch,4GB
1,-0.00041961669921875,2.625,Dell,14-inch,16GB,HP,16-inch,8GB
1,0.0005950927734375,-1.5,Dell,14-inch,16GB,HP,16-inch,16GB
1,-13.875,9.5,Dell,14-inch,16GB,Dell,13-inch,4GB
1,-0.0091552734375,4.875,Dell,14-inch,16GB,Dell,13-inch,8GB
1,-5.0,9.5,Dell,14-inch,16GB,Dell,13-inch,16GB
1,-9.25,9.5,Dell,14-inch,16GB,Dell,14-inch,4GB
1,-7.625,9.5,Dell,14-inch,16GB,Dell,14-inch,8GB
1,-0.1259765625,7.375,Dell,14-inch,16GB,Dell,16-inch,4GB
1,-0.00109100341796875,3.125,Dell,14-inch,16GB,Dell,16-inch,8GB
1,0.0006103515625,-4.0,Dell,14-inch,16GB,Dell,16-inch,16GB
1,-12.5,9.5,Dell,14-inch,16GB,Apple,13-inch,4GB
1,0.00048828125,0.5,Dell,14-inch,16GB,Apple,13-inch,8GB
1,0.0003147125244140625,1.375,Dell,14-inch,16GB,Apple,13-inch,16GB
1,-9.0,9.5,Dell,14-inch,16GB,Apple,14-inch,4GB
1,0.000591278076171875,-1.375,Dell,14-inch,16GB,Apple,14-inch,8GB
1,0.0002307891845703125,1.625,Dell,14-inch,16GB,Apple,14-inch,16GB
1,-0.001861572265625,3.5,Dell,14-inch,16GB,Apple,16-inch,4GB
1,0.0005645751953125,-0.5,Dell,14-inch,16GB,Apple,16-inch,8GB
1,0.0004520416259765625,0.75,Dell,14-inch,16GB,Apple,16-inch,16GB
1,0.0003147125244140625,1.375,Dell,16-inch,4GB,ASUS,13-inch,4GB
1,-15.625,9.5,Dell,16-inch,4GB,ASUS,13-inch,8GB
1,-14.875,9.5,Dell,16-inch,4GB,ASUS,13-inch,16GB
1,-0.0225830078125,5.75,Dell,16-inch,4GB,ASUS,14-inch,4GB
1,-15.875,9.5,Dell,16-inch,4GB,ASUS,14-inch,8GB
1,-15.375,9.5,Dell,16-inch,4GB,ASUS,14-inch,16GB
1,0.0003795623779296875,1.125,Dell,16-inch,4GB,ASUS,16-inch,4GB
1,-16.125,9.5,Dell,16-inch,4GB,ASUS,16-inch,8GB
1,-14.375,9.5,Dell,16-inch,4GB,ASUS,16-inch,16GB
1,0.00052642822265625,0.125,Dell,16-inch,4GB,Lenovo,13-inch,4GB
1,-15.25,9.5,Dell,16-inch,4GB,Lenovo,13-inch,8GB
1,-14.625,9.5,Dell,16-inch,4GB,Lenovo,13-inch,16GB
1,0.0002307891845703125,1.625,Dell,16-inch,4GB,Lenovo,14-inch,4GB
1,-15.75,9.5,Dell,16-inch,4GB,Lenovo,14-inch,8GB
1,-14.875,9.5,Dell,16-inch,4GB,Lenovo,14-inch,16GB
1,0.0003490447998046875,1.25,Dell,16-inch,4GB,Lenovo,16-inch,4GB
1,-16.375,9.5,Dell,16-inch,4GB,Lenovo,16-inch,8GB
1,-14.5,9.5,Dell,16-inch,4GB,Lenovo,16-inch,16GB
1,0.000606536865234375,-2.625,Dell,16-inch,4GB,HP,13-inch,4GB
1,-15.5,9.5,Dell,16-inch,4GB,HP,13-inch,8GB
1,-14.625,9.5,Dell,16-inch,4GB,HP,13-inch,16GB
1,0.000545501708984375,-0.125,Dell,16-inch,4GB,HP,14-inch,4GB
1,-15.5,9.5,Dell,16-inch,4GB,HP,14-inch,8GB
1,-15.0,9.5,Dell,16-inch,4GB,HP,14-inch,16GB
1,0.00060272216796875,-2.25,Dell,16-inch,4GB,HP,16-inch,4GB
1,-15.75,9.5,Dell,16-inch,4GB,HP,16-inch,8GB
1,-14.5,9.5,Dell,16-inch,4GB,HP,16-inch,16GB
1,0.0006103515625,-4.5,Dell,16-inch,4GB,Dell,13-inch,4GB
1,-16.5,9.5,Dell,16-inch,4GB,Dell,13-inch,8GB
1,-16.0,9.5,Dell,16-inch,4GB,Dell,13-inch,16GB
1,0.000606536865234375,-3.625,Dell,16-inch,4GB,Dell,14-inch,4GB
1,-16.625,9.5,Dell,16-inch,4GB,Dell,14-inch,8GB
1,-16.25,9.5,Dell,16-inch,4GB,Dell,14-inch,16GB
1,-14.875,9.5,Dell,16-inch,4GB,Dell,16-inch,8GB
1,-13.0,9.5,Dell,16-inch,4GB,Dell,16-inch,16GB
1,0.000583648681640625,-1.0,Dell,16-inch,4GB,Apple,13-inch,4GB
1,-14.5,9.5,Dell,16-inch,4GB,Apple,13-inch,8GB
1,-12.75,9.5,Dell,16-inch,4GB,Apple,13-inch,16GB
1,0.000545501708984375,-0.125,Dell,16-inch,4GB,Apple,14-inch,4GB
1,-14.375,9.5,Dell,16-inch,4GB,Apple,14-inch,8GB
1,-12.875,9.5,Dell,16-inch,4GB,Apple,14-inch,16GB
1,0.0006103515625,-5.375,Dell,16-inch,4GB,Apple,16-inch,4GB
1,-15.25,9.5,Dell,16-inch,4GB,Apple,16-inch,8GB
1,-12.875,9.5,Dell,16-inch,4GB,Apple,16-inch,16GB
1,-9.5,9.5,Dell,16-inch,8GB,ASUS,13-inch,4GB
1,-5.375,9.5,Dell,16-inch,8GB,ASUS,13-inch,8GB
1,-0.0025634765625,3.75,Dell,16-inch,8GB,ASUS,13-inch,16GB
1,-9.375,9.5,Dell,16-inch,8GB,ASUS,14-inch,4GB
1,-6.5,9.5,Dell,16-inch,8GB,ASUS,14-inch,8GB
1,-4.375,9.5,Dell,16-inch,8GB,ASUS,14-inch,16GB
1,0.0005645751953125,-0.5,Dell,16-inch,8GB,ASUS,16-inch,4GB
1,-7.0,9.5,Dell,16-inch,8GB,ASUS,16-inch,8GB
1,-3.28125,9.4375,Dell,16-inch,8GB,ASUS,16-inch,16GB
1,-9.375,9.5,Dell,16-inch,8GB,Lenovo,13-inch,4GB
1,-4.875,9.5,Dell,16-inch,8GB,Lenovo,13-inch,8GB
1,-0.003997802734375,4.125,Dell,16-inch,8GB,Lenovo,13-inch,16GB
1,-9.0,9.5,Dell,16-inch,8GB,Lenovo,14-inch,4GB
1,-5.75,9.5,Dell,16-inch,8GB,Lenovo,14-inch,8GB
1,-4.15625,9.5,Dell,16-inch,8GB,Lenovo,14-inch,16GB
1,0.0005340576171875,0.0,Dell,16-inch,8GB,Lenovo,16-inch,4GB
1,-7.0,9.5,Dell,16-inch,8GB,Lenovo,16-inch,8GB
1,-2.125,9.375,Dell,16-inch,8GB,Lenovo,16-inch,16GB
1,-8.875,9.5,Dell,16-inch,8GB,HP,13-inch,4GB
1,-2.578125,9.4375,Dell,16-inch,8GB,HP,13-inch,8GB
1,-0.00131988525390625,3.25,Dell,16-inch,8GB,HP,13-inch,16GB
1,-8.75,9.5,Dell,16-inch,8GB,HP,14-inch,4GB
1,-4.875,9.5,Dell,16-inch,8GB,HP,14-inch,8GB
1,-0.3125,8.1875,Dell,16-inch,8GB,HP,14-inch,16GB
1,0.000553131103515625,-0.25,Dell,16-inch,8GB,HP,16-inch,4GB
1,-6.375,9.5,Dell,16-inch,8GB,HP,16-inch,8GB
1,-3.765625,9.5,Dell,16-inch,8GB,HP,16-inch,16GB
1,-12.125,9.5,Dell,16-inch,8GB,Dell,13-inch,4GB
1,-4.625,9.5,Dell,16-inch,8GB,Dell,13-inch,8GB
1,-5.625,9.5,Dell,16-inch,8GB,Dell,13-inch,16GB
1,-11.875,9.5,Dell,16-inch,8GB,Dell,14-inch,4GB
1,-5.125,9.5,Dell,16-inch,8GB,Dell,14-inch,8GB
1,-7.75,9.5,Dell,16-inch,8GB,Dell,14-inch,16GB
1,0.0003490447998046875,1.25,Dell,16-inch,8GB,Dell,16-inch,4GB
1,-7.25,9.5,Dell,16-inch,8GB,Dell,16-inch,16GB
1,-8.875,9.5,Dell,16-inch,8GB,Apple,13-inch,4GB
1,-9.918212890625e-05,2.25,Dell,16-inch,8GB,Apple,13-inch,8GB
1,0.0004520416259765625,0.75,Dell,16-inch,8GB,Apple,13-inch,16GB
1,-9.625,9.5,Dell,16-inch,8GB,Apple,14-inch,4GB
1,-1.52587890625e-05,2.125,Dell,16-inch,8GB,Apple,14-inch,8GB
1,0.000274658203125,1.5,Dell,16-inch,8GB,Apple,14-inch,16GB
1,0.00060272216796875,-2.375,Dell,16-inch,8GB,Apple,16-inch,4GB
1,0.000274658203125,1.5,Dell,16-inch,8GB,Apple,16-inch,8GB
1,-0.82421875,8.9375,Dell,16-inch,8GB,Apple,16-inch,16GB
1,-12.875,9.5,Dell,16-inch,16GB,ASUS,13-inch,4GB
1,-0.82421875,8.9375,Dell,16-inch,16GB,ASUS,13-inch,8GB
1,-6.625,9.5,Dell,16-inch,16GB,ASUS,13-inch,16GB
1,-12.875,9.5,Dell,16-inch,16GB,ASUS,14-inch,4GB
1,-1.2265625,9.125,Dell,16-inch,16GB,ASUS,14-inch,8GB
1,-7.0,9.5,Dell,16-inch,16GB,ASUS,14-inch,16GB
1,-0.07861328125,6.9375,Dell,16-inch,16GB,ASUS,16-inch,4GB
1,-0.0091552734375,4.875,Dell,16-inch,16GB,ASUS,16-inch,8GB
1,-5.25,9.5,Dell,16-inch,16GB,ASUS,16-inch,16GB
1,-13.375,9.5,Dell,16-inch,16GB,Lenovo,13-inch,4GB
1,-0.0291748046875,5.96875,Dell,16-inch,16GB,Lenovo,13-inch,8GB
1,-6.0,9.5,Dell,16-inch,16GB,Lenovo,13-inch,16GB
1,-13.0,9.5,Dell,16-inch,16GB,Lenovo,14-inch,4GB
1,-0.1416015625,7.5,Dell,16-inch,16GB,Lenovo,14-inch,8GB
1,-6.25,9.5,Dell,16-inch,16GB,Lenovo,14-inch,16GB
1,-0.38671875,8.375,Dell,16-inch,16GB,Lenovo,16-inch,4GB
1,-0.006988525390625,4.625,Dell,16-inch,16GB,Lenovo,16-inch,8GB
1,-5.25,9.5,Dell,16-inch,16GB,Lenovo,16-inch,16GB
1,-12.875,9.5,Dell,16-inch,16GB,HP,13-inch,4GB
1,-0.08837890625,7.03125,Dell,16-inch,16GB,HP,13-inch,8GB
1,-5.625,9.5,Dell,16-inch,16GB,HP,13-inch,16GB
1,-12.75,9.5,Dell,16-inch,16GB,HP,14-inch,4GB
1,-0.0693359375,6.8125,Dell,16-inch,16GB,HP,14-inch,8GB
1,-5.5,9.5,Dell,16-inch,16GB,HP,14-inch,16GB
1,-0.07861328125,6.9375,Dell,16-inch,16GB,HP,16-inch,4GB
1,-0.001861572265625,3.5,Dell,16-inch,16GB,HP,16-inch,8GB
1,-3.890625,9.5,Dell,16-inch,16GB,HP,16-inch,16GB
1,-15.0,9.5,Dell,16-inch,16GB,Dell,13-inch,4GB
1,-2.8125,9.4375,Dell,16-inch,16GB,Dell,13-inch,8GB
1,-6.125,9.5,Dell,16-inch,16GB,Dell,13-inch,16GB
1,-14.5,9.5,Dell,16-inch,16GB,Dell,14-inch,4GB
1,-3.53125,9.5,Dell,16-inch,16GB,Dell,14-inch,8GB
1,-6.5,9.5,Dell,16-inch,16GB,Dell,14-inch,16GB
1,-0.0007171630859375,2.875,Dell,16-inch,16GB,Dell,16-inch,4GB
1,-6.875,9.5,Dell,16-inch,16GB,Dell,16-inch,8GB
1,-11.875,9.5,Dell,16-inch,16GB,Apple,13-inch,4GB
1,0.00057220458984375,-0.625,Dell,16-inch,16GB,Apple,13-inch,8GB
1,0.0003795623779296875,1.125,Dell,16-inch,16GB,Apple,13-inch,16GB
1,-11.75,9.5,Dell,16-inch,16GB,Apple,14-inch,4GB
1,0.000583648681640625,-1.0,Dell,16-inch,16GB,Apple,14-inch,8GB
1,0.0003490447998046875,1.25,Dell,16-inch,16GB,Apple,14-inch,16GB
1,0.00058746337890625,-1.125,Dell,16-inch,16GB,Apple,16-inch,4GB
1,0.00060272216796875,-2.5,Dell,16-inch,16GB,Apple,16-inch,8GB
1,0.000514984130859375,0.25,Dell,16-inch,16GB,Apple,16-inch,16GB
1,-7.375,9.5,Apple,13-inch,4GB,ASUS,13-inch,4GB
1,-17.5,9.5,Apple,13-inch,4GB,ASUS,13-inch,8GB
1,-16.125,9.5,Apple,13-inch,4GB,ASUS,13-inch,16GB
1,-6.875,9.5,Apple,13-inch,4GB,ASUS,14-inch,4GB
1,-16.75,9.5,Apple,13-inch,4GB,ASUS,14-inch,8GB
1,-15.5,9.5,Apple,13-inch,4GB,ASUS,14-inch,16GB
1,-0.00531005859375,4.375,Apple,13-inch,4GB,ASUS,16-inch,4GB
1,-16.875,9.5,Apple,13-inch,4GB,ASUS,16-inch,8GB
1,-14.875,9.5,Apple,13-inch,4GB,ASUS,16-inch,16GB
1,-7.625,9.5,Apple,13-inch,4GB,Lenovo,13-inch,4GB
1,-17.375,9.5,Apple,13-inch,4GB,Lenovo,13-inch,8GB
1,-16.5,9.5,Apple,13-inch,4GB,Lenovo,13-inch,16GB
1,-7.25,9.5,Apple,13-inch,4GB,Lenovo,14-inch,4GB
1,-16.5,9.5,Apple,13-inch,4GB,Lenovo,14-inch,8GB
1,-15.5,9.5,Apple,13-inch,4GB,Lenovo,14-inch,16GB
1,-0.00299072265625,3.875,Apple,13-inch,4GB,Lenovo,16-inch,4GB
1,-16.625,9.5,Apple,13-inch,4GB,Lenovo,16-inch,8GB
1,-14.75,9.5,Apple,13-inch,4GB,Lenovo,16-inch,16GB
1,-0.004608154296875,4.25,Apple,13-inch,4GB,HP,13-inch,4GB
1,-17.0,9.5,Apple,13-inch,4GB,HP,13-inch,8GB
1,-16.25,9.5,Apple,13-inch,4GB,HP,13-inch,16GB
1,-0.0478515625,6.4375,Apple,13-inch,4GB,HP,14-inch,4GB
1,-16.25,9.5,Apple,13-inch,4GB,HP,14-inch,8GB
1,-15.5,9.5,Apple,13-inch,4GB,HP,14-inch,16GB
1,0.000514984130859375,0.25,Apple,13-inch,4GB,HP,16-inch,4GB
1,-16.375,9.5,Apple,13-inch,4GB,HP,16-inch,8GB
1,-15.125,9.5,Apple,13-inch,4GB,HP,16-inch,16GB
1,-0.97265625,9.0,Apple,13-inch,4GB,Dell,13-inch,4GB
1,-16.875,9.5,Apple,13-inch,4GB,Dell,13-inch,8GB
1,-15.75,9.5,Apple,13-inch,4GB,Dell,13-inch,16GB
1,-4.375,9.5,Apple,13-inch,4GB,Dell,14-inch,4GB
1,-16.125,9.5,Apple,13-inch,4GB,Dell,14-inch,8GB
1,-15.0,9.5,Apple,13-inch,4GB,Dell,14-inch,16GB
1,0.000469207763671875,0.625,Apple,13-inch,4GB,Dell,16-inch,4GB
1,-16.375,9.5,Apple,13-inch,4GB,Dell,16-inch,8GB
1,-14.375,9.5,Apple,13-inch,4GB,Dell,16-inch,16GB
1,-12.125,9.5,Apple,13-inch,4GB,Apple,13-inch,8GB
1,-11.125,9.5,Apple,13-inch,4GB,Apple,13-inch,16GB
1,0.000579833984375,-0.875,Apple,13-inch,4GB,Apple,14-inch,4GB
1,-13.875,9.5,Apple,13-inch,4GB,Apple,14-inch,8GB
1,-12.875,9.5,Apple,13-inch,4GB,Apple,14-inch,16GB
1,0.0006103515625,-8.0,Apple,13-inch,4GB,Apple,16-inch,4GB
1,-14.375,9.5,Apple,13-inch,4GB,Apple,16-inch,8GB
1,-11.0,9.5,Apple,13-inch,4GB,Apple,16-inch,16GB
1,-0.017578125,5.46875,Apple,13-inch,8GB,ASUS,13-inch,4GB
1,-8.0,9.5,Apple,13-inch,8GB,ASUS,13-inch,8GB
1,-8.375,9.5,Apple,13-inch,8GB,ASUS,13-inch,16GB
1,-0.017578125,5.46875,Apple,13-inch,8GB,ASUS,14-inch,4GB
1,-7.625,9.5,Apple,13-inch,8GB,ASUS,14-inch,8GB
1,-8.375,9.5,Apple,13-inch,8GB,ASUS,14-inch,16GB
1,0.000274658203125,1.5,Apple,13-inch,8GB,ASUS,16-inch,4GB
1,-0.38671875,8.375,Apple,13-inch,8GB,ASUS,16-inch,8GB
1,-7.25,9.5,Apple,13-inch,8GB,ASUS,16-inch,16GB
1,-0.017578125,5.46875,Apple,13-inch,8GB,Lenovo,13-inch,4GB
1,-8.0,9.5,Apple,13-inch,8GB,Lenovo,13-inch,8GB
1,-8.5,9.5,Apple,13-inch,8GB,Lenovo,13-inch,16GB
1,-0.474609375,8.5,Apple,13-inch,8GB,Lenovo,14-inch,4GB
1,-8.375,9.5,Apple,13-inch,8GB,Lenovo,14-inch,8GB
1,-8.375,9.5,Apple,13-inch,8GB,Lenovo,14-inch,16GB
1,-0.000301361083984375,2.5,Apple,13-inch,8GB,Lenovo,16-inch,4GB
1,-5.0,9.5,Apple,13-inch,8GB,Lenovo,16-inch,8GB
1,-7.25,9.5,Apple,13-inch,8GB,Lenovo,16-inch,16GB
1,0.0001220703125,1.875,Apple,13-inch,8GB,HP,13-inch,4GB
1,-7.75,9.5,Apple,13-inch,8GB,HP,13-inch,8GB
1,-8.125,9.5,Apple,13-inch,8GB,HP,13-inch,16GB
1,-0.00109100341796875,3.125,Apple,13-inch,8GB,HP,14-inch,4GB
1,-7.625,9.5,Apple,13-inch,8GB,HP,14-inch,8GB
1,-8.125,9.5,Apple,13-inch,8GB,HP,14-inch,16GB
1,0.0002307891845703125,1.625,Apple,13-inch,8GB,HP,16-inch,4GB
1,-0.1591796875,7.59375,Apple,13-inch,8GB,HP,16-inch,8GB
1,-7.25,9.5,Apple,13-inch,8GB,HP,16-inch,16GB
1,-0.00347900390625,4.0,Apple,13-inch,8GB,Dell,13-inch,4GB
1,-7.875,9.5,Apple,13-inch,8GB,Dell,13-inch,8GB
1,-8.0,9.5,Apple,13-inch,8GB,Dell,13-inch,16GB
1,-0.004608154296875,4.25,Apple,13-inch,8GB,Dell,14-inch,4GB
1,-7.875,9.5,Apple,13-inch,8GB,Dell,14-inch,8GB
1,-7.75,9.5,Apple,13-inch,8GB,Dell,14-inch,16GB
1,0.000274658203125,1.5,Apple,13-inch,8GB,Dell,16-inch,4GB
1,-4.5,9.5,Apple,13-inch,8GB,Dell,16-inch,8GB
1,-6.75,9.5,Apple,13-inch,8GB,Dell,16-inch,16GB
1,-6.0,9.5,Apple,13-inch,8GB,Apple,13-inch,4GB
1,-5.0,9.5,Apple,13-inch,8GB,Apple,13-inch,16GB
1,0.0001220703125,1.875,Apple,13-inch,8GB,Apple,14-inch,4GB
1,-0.0007171630859375,2.875,Apple,13-inch,8GB,Apple,14-inch,8GB
1,-0.0025634765625,3.75,Apple,13-inch,8GB,Apple,14-inch,16GB
1,0.00060272216796875,-2.375,Apple,13-inch,8GB,Apple,16-inch,4GB
1,0.000606536865234375,-3.625,Apple,13-inch,8GB,Apple,16-inch,8GB
1,0.000179290771484375,1.75,Apple,13-inch,8GB,Apple,16-inch,16GB
1,-11.125,9.5,Apple,13-inch,16GB,ASUS,13-inch,4GB
1,-7.125,9.5,Apple,13-inch,16GB,ASUS,13-inch,8GB
1,-8.0,9.5,Apple,13-inch,16GB,ASUS,13-inch,16GB
1,-12.25,9.5,Apple,13-inch,16GB,ASUS,14-inch,4GB
1,-7.25,9.5,Apple,13-inch,16GB,ASUS,14-inch,8GB
1,-7.75,9.5,Apple,13-inch,16GB,ASUS,14-inch,16GB
1,-8.125,9.5,Apple,13-inch,16GB,ASUS,16-inch,4GB
1,-6.625,9.5,Apple,13-inch,16GB,ASUS,16-inch,8GB
1,-2.015625,9.375,Apple,13-inch,16GB,ASUS,16-inch,16GB
1,-11.5,9.5,Apple,13-inch,16GB,Lenovo,13-inch,4GB
1,-7.375,9.5,Apple,13-inch,16GB,Lenovo,13-inch,8GB
1,-8.125,9.5,Apple,13-inch,16GB,Lenovo,13-inch,16GB
1,-12.75,9.5,Apple,13-inch,16GB,Lenovo,14-inch,4GB
1,-7.0,9.5,Apple,13-inch,16GB,Lenovo,14-inch,8GB
1,-8.0,9.5,Apple,13-inch,16GB,Lenovo,14-inch,16GB
1,-9.75,9.5,Apple,13-inch,16GB,Lenovo,16-inch,4GB
1,-7.0,9.5,Apple,13-inch,16GB,Lenovo,16-inch,8GB
1,-3.65625,9.5,Apple,13-inch,16GB,Lenovo,16-inch,16GB
1,-10.0,9.5,Apple,13-inch,16GB,HP,13-inch,4GB
1,-7.125,9.5,Apple,13-inch,16GB,HP,13-inch,8GB
1,-7.375,9.5,Apple,13-inch,16GB,HP,13-inch,16GB
1,-11.625,9.5,Apple,13-inch,16GB,HP,14-inch,4GB
1,-6.75,9.5,Apple,13-inch,16GB,HP,14-inch,8GB
1,-7.25,9.5,Apple,13-inch,16GB,HP,14-inch,16GB
1,-8.375,9.5,Apple,13-inch,16GB,HP,16-inch,4GB
1,-6.375,9.5,Apple,13-inch,16GB,HP,16-inch,8GB
1,-0.38671875,8.375,Apple,13-inch,16GB,HP,16-inch,16GB
1,-11.125,9.5,Apple,13-inch,16GB,Dell,13-inch,4GB
1,-6.75,9.5,Apple,13-inch,16GB,Dell,13-inch,8GB
1,-7.75,9.5,Apple,13-inch,16GB,Dell,13-inch,16GB
1,-12.0,9.5,Apple,13-inch,16GB,Dell,14-inch,4GB
1,-6.5,9.5,Apple,13-inch,16GB,Dell,14-inch,8GB
1,-7.375,9.5,Apple,13-inch,16GB,Dell,14-inch,16GB
1,-9.125,9.5,Apple,13-inch,16GB,Dell,16-inch,4GB
1,-6.25,9.5,Apple,13-inch,16GB,Dell,16-inch,8GB
1,-1.5,9.25,Apple,13-inch,16GB,Dell,16-inch,16GB
1,-12.375,9.5,Apple,13-inch,16GB,Apple,13-inch,4GB
1,-9.875,9.5,Apple,13-inch,16GB,Apple,13-inch,8GB
1,-12.625,9.5,Apple,13-inch,16GB,Apple,14-inch,4GB
1,-9.125,9.5,Apple,13-inch,16GB,Apple,14-inch,8GB
1,-0.000301361083984375,2.5,Apple,13-inch,16GB,Apple,14-inch,16GB
1,-3.765625,9.5,Apple,13-inch,16GB,Apple,16-inch,4GB
1,-5.875,9.5,Apple,13-inch,16GB,Apple,16-inch,8GB
1,0.000606536865234375,-3.25,Apple,13-inch,16GB,Apple,16-inch,16GB
1,-7.0,9.5,Apple,14-inch,4GB,ASUS,13-inch,4GB
1,-16.75,9.5,Apple,14-inch,4GB,ASUS,13-inch,8GB
1,-16.75,9.5,Apple,14-inch,4GB,ASUS,13-inch,16GB
1,-8.125,9.5,Apple,14-inch,4GB,ASUS,14-inch,4GB
1,-17.625,9.5,Apple,14-inch,4GB,ASUS,14-inch,8GB
1,-16.75,9.5,Apple,14-inch,4GB,ASUS,14-inch,16GB
1,-0.00299072265625,3.875,Apple,14-inch,4GB,ASUS,16-inch,4GB
1,-16.75,9.5,Apple,14-inch,4GB,ASUS,16-inch,8GB
1,-15.375,9.5,Apple,14-inch,4GB,ASUS,16-inch,16GB
1,-7.25,9.5,Apple,14-inch,4GB,Lenovo,13-inch,4GB
1,-16.875,9.5,Apple,14-inch,4GB,Lenovo,13-inch,8GB
1,-16.25,9.5,Apple,14-inch,4GB,Lenovo,13-inch,16GB
1,-8.125,9.5,Apple,14-inch,4GB,Lenovo,14-inch,4GB
1,-17.875,9.5,Apple,14-inch,4GB,Lenovo,14-inch,8GB
1,-16.875,9.5,Apple,14-inch,4GB,Lenovo,14-inch,16GB
1,-0.001861572265625,3.5,Apple,14-inch,4GB,Lenovo,16-inch,4GB
1,-16.625,9.5,Apple,14-inch,4GB,Lenovo,16-inch,8GB
1,-15.25,9.5,Apple,14-inch,4GB,Lenovo,16-inch,16GB
1,-0.0225830078125,5.75,Apple,14-inch,4GB,HP,13-inch,4GB
1,-16.5,9.5,Apple,14-inch,4GB,HP,13-inch,8GB
1,-16.25,9.5,Apple,14-inch,4GB,HP,13-inch,16GB
1,-0.38671875,8.375,Apple,14-inch,4GB,HP,14-inch,4GB
1,-17.625,9.5,Apple,14-inch,4GB,HP,14-inch,8GB
1,-16.625,9.5,Apple,14-inch,4GB,HP,14-inch,16GB
1,0.000408172607421875,1.0,Apple,14-inch,4GB,HP,16-inch,4GB
1,-16.25,9.5,Apple,14-inch,4GB,HP,16-inch,8GB
1,-15.5,9.5,Apple,14-inch,4GB,HP,16-inch,16GB
1,-0.099609375,7.15625,Apple,14-inch,4GB,Dell,13-inch,4GB
1,-16.625,9.5,Apple,14-inch,4GB,Dell,13-inch,8GB
1,-16.0,9.5,Apple,14-inch,4GB,Dell,13-inch,16GB
1,-3.65625,9.5,Apple,14-inch,4GB,Dell,14-inch,4GB
1,-17.625,9.5,Apple,14-inch,4GB,Dell,14-inch,8GB
1,-16.25,9.5,Apple,14-inch,4GB,Dell,14-inch,16GB
1,0.0004520416259765625,0.75,Apple,14-inch,4GB,Dell,16-inch,4GB
1,-16.375,9.5,Apple,14-inch,4GB,Dell,16-inch,8GB
1,-14.625,9.5,Apple,14-inch,4GB,Dell,16-inch,16GB
1,0.000606536865234375,-3.0,Apple,14-inch,4GB,Apple,13-inch,4GB
1,-15.625,9.5,Apple,14-inch,4GB,Apple,13-inch,8GB
1,-15.375,9.5,Apple,14-inch,4GB,Apple,13-inch,16GB
1,-13.0,9.5,Apple,14-inch,4GB,Apple,14-inch,8GB
1,-12.125,9.5,Apple,14-inch,4GB,Apple,14-inch,16GB
1,0.0006103515625,-6.25,Apple,14-inch,4GB,Apple,16-inch,4GB
1,-14.875,9.5,Apple,14-inch,4GB,Apple,16-inch,8GB
1,-11.75,9.5,Apple,14-inch,4GB,Apple,16-inch,16GB
1,-0.00131988525390625,3.25,Apple,14-inch,8GB,ASUS,13-inch,4GB
1,-7.125,9.5,Apple,14-inch,8GB,ASUS,13-inch,8GB
1,-8.5,9.5,Apple,14-inch,8GB,ASUS,13-inch,16GB
1,0.000514984130859375,0.25,Apple,14-inch,8GB,ASUS,14-inch,4GB
1,-8.0,9.5,Apple,14-inch,8GB,ASUS,14-inch,8GB
1,-9.125,9.5,Apple,14-inch,8GB,ASUS,14-inch,16GB
1,0.0005340576171875,0.0,Apple,14-inch,8GB,ASUS,16-inch,4GB
1,5.7220458984375e-05,2.0,Apple,14-inch,8GB,ASUS,16-inch,8GB
1,-7.75,9.5,Apple,14-inch,8GB,ASUS,16-inch,16GB
1,-0.00131988525390625,3.25,Apple,14-inch,8GB,Lenovo,13-inch,4GB
1,-7.625,9.5,Apple,14-inch,8GB,Lenovo,13-inch,8GB
1,-8.5,9.5,Apple,14-inch,8GB,Lenovo,13-inch,16GB
1,0.00048828125,0.5,Apple,14-inch,8GB,Lenovo,14-inch,4GB
1,-8.5,9.5,Apple,14-inch,8GB,Lenovo,14-inch,8GB
1,-9.25,9.5,Apple,14-inch,8GB,Lenovo,14-inch,16GB
1,0.000514984130859375,0.25,Apple,14-inch,8GB,Lenovo,16-inch,4GB
1,-1.52587890625e-05,2.125,Apple,14-inch,8GB,Lenovo,16-inch,8GB
1,-7.75,9.5,Apple,14-inch,8GB,Lenovo,16-inch,16GB
1,0.0002307891845703125,1.625,Apple,14-inch,8GB,HP,13-inch,4GB
1,-6.25,9.5,Apple,14-inch,8GB,HP,13-inch,8GB
1,-8.375,9.5,Apple,14-inch,8GB,HP,13-inch,16GB
1,0.000553131103515625,-0.25,Apple,14-inch,8GB,HP,14-inch,4GB
1,-8.0,9.5,Apple,14-inch,8GB,HP,14-inch,8GB
1,-9.0,9.5,Apple,14-inch,8GB,HP,14-inch,16GB
1,0.00057220458984375,-0.625,Apple,14-inch,8GB,HP,16-inch,4GB
1,0.0004520416259765625,0.75,Apple,14-inch,8GB,HP,16-inch,8GB
1,-8.0,9.5,Apple,14-inch,8GB,HP,16-inch,16GB
1,-0.000194549560546875,2.375,Apple,14-inch,8GB,Dell,13-inch,4GB
1,-6.875,9.5,Apple,14-inch,8GB,Dell,13-inch,8GB
1,-7.875,9.5,Apple,14-inch,8GB,Dell,13-inch,16GB
1,0.00048828125,0.5,Apple,14-inch,8GB,Dell,14-inch,4GB
1,-8.0,9.5,Apple,14-inch,8GB,Dell,14-inch,8GB
1,-8.75,9.5,Apple,14-inch,8GB,Dell,14-inch,16GB
1,0.000553131103515625,-0.25,Apple,14-inch,8GB,Dell,16-inch,4GB
1,0.0002307891845703125,1.625,Apple,14-inch,8GB,Dell,16-inch,8GB
1,-7.25,9.5,Apple,14-inch,8GB,Dell,16-inch,16GB
1,-11.25,9.5,Apple,14-inch,8GB,Apple,13-inch,4GB
1,-6.0,9.5,Apple,14-inch,8GB,Apple,13-inch,8GB
1,-6.5,9.5,Apple,14-inch,8GB,Apple,13-inch,16GB
1,-0.00089263916015625,3.0,Apple,14-inch,8GB,Apple,14-inch,4GB
1,-7.75,9.5,Apple,14-inch,8GB,Apple,14-inch,16GB
1,0.0006103515625,-3.75,Apple,14-inch,8GB,Apple,16-inch,4GB
1,0.0006103515625,-3.875,Apple,14-inch,8GB,Apple,16-inch,8GB
1,-0.00799560546875,4.75,Apple,14-inch,8GB,Apple,16-inch,16GB
1,-12.625,9.5,Apple,14-inch,16GB,ASUS,13-inch,4GB
1,-7.375,9.5,Apple,14-inch,16GB,ASUS,13-inch,8GB
1,-7.75,9.5,Apple,14-inch,16GB,ASUS,13-inch,16GB
1,-9.125,9.5,Apple,14-inch,16GB,ASUS,14-inch,4GB
1,-6.375,9.5,Apple,14-inch,16GB,ASUS,14-inch,8GB
1,-8.25,9.5,Apple,14-inch,16GB,ASUS,14-inch,16GB
1,-8.625,9.5,Apple,14-inch,16GB,ASUS,16-inch,4GB
1,-5.5,9.5,Apple,14-inch,16GB,ASUS,16-inch,8GB
1,-0.00089263916015625,3.0,Apple,14-inch,16GB,ASUS,16-inch,16GB
1,-12.5,9.5,Apple,14-inch,16GB,Lenovo,13-inch,4GB
1,-7.125,9.5,Apple,14-inch,16GB,Lenovo,13-inch,8GB
1,-7.625,9.5,Apple,14-inch,16GB,Lenovo,13-inch,16GB
1,-9.875,9.5,Apple,14-inch,16GB,Lenovo,14-inch,4GB
1,-6.5,9.5,Apple,14-inch,16GB,Lenovo,14-inch,8GB
1,-8.25,9.5,Apple,14-inch,16GB,Lenovo,14-inch,16GB
1,-9.75,9.5,Apple,14-inch,16GB,Lenovo,16-inch,4GB
1,-5.25,9.5,Apple,14-inch,16GB,Lenovo,16-inch,8GB
1,-0.001861572265625,3.5,Apple,14-inch,16GB,Lenovo,16-inch,16GB
1,-11.625,9.5,Apple,14-inch,16GB,HP,13-inch,4GB
1,-6.875,9.5,Apple,14-inch,16GB,HP,13-inch,8GB
1,-6.625,9.5,Apple,14-inch,16GB,HP,13-inch,16GB
1,-8.0,9.5,Apple,14-inch,16GB,HP,14-inch,4GB
1,-5.875,9.5,Apple,14-inch,16GB,HP,14-inch,8GB
1,-7.75,9.5,Apple,14-inch,16GB,HP,14-inch,16GB
1,-8.25,9.5,Apple,14-inch,16GB,HP,16-inch,4GB
1,-2.578125,9.4375,Apple,14-inch,16GB,HP,16-inch,8GB
1,-0.00041961669921875,2.625,Apple,14-inch,16GB,HP,16-inch,16GB
1,-12.375,9.5,Apple,14-inch,16GB,Dell,13-inch,4GB
1,-6.5,9.5,Apple,14-inch,16GB,Dell,13-inch,8GB
1,-6.875,9.5,Apple,14-inch,16GB,Dell,13-inch,16GB
1,-9.125,9.5,Apple,14-inch,16GB,Dell,14-inch,4GB
1,-5.75,9.5,Apple,14-inch,16GB,Dell,14-inch,8GB
1,-8.125,9.5,Apple,14-inch,16GB,Dell,14-inch,16GB
1,-8.875,9.5,Apple,14-inch,16GB,Dell,16-inch,4GB
1,-3.40625,9.4375,Apple,14-inch,16GB,Dell,16-inch,8GB
1,-0.00109100341796875,3.125,Apple,14-inch,16GB,Dell,16-inch,16GB
1,-17.0,9.5,Apple,14-inch,16GB,Apple,13-inch,4GB
1,-7.875,9.5,Apple,14-inch,16GB,Apple,13-inch,8GB
1,-5.5,9.5,Apple,14-inch,16GB,Apple,13-inch,16GB
1,-9.75,9.5,Apple,14-inch,16GB,Apple,14-inch,4GB
1,-9.625,9.5,Apple,14-inch,16GB,Apple,14-inch,8GB
1,-1.9140625,9.3125,Apple,14-inch,16GB,Apple,16-inch,4GB
1,-0.1259765625,7.375,Apple,14-inch,16GB,Apple,16-inch,8GB
1,0.0006103515625,-4.375,Apple,14-inch,16GB,Apple,16-inch,16GB
1,-8.125,9.5,Apple,16-inch,4GB,ASUS,13-inch,4GB
1,-17.125,9.5,Apple,16-inch,4GB,ASUS,13-inch,8GB
1,-16.0,9.5,Apple,16-inch,4GB,ASUS,13-inch,16GB
1,-9.625,9.5,Apple,16-inch,4GB,ASUS,14-inch,4GB
1,-17.625,9.5,Apple,16-inch,4GB,ASUS,14-inch,8GB
1,-16.5,9.5,Apple,16-inch,4GB,ASUS,14-inch,16GB
1,-8.0,9.5,Apple,16-inch,4GB,ASUS,16-inch,4GB
1,-19.125,9.5,Apple,16-inch,4GB,ASUS,16-inch,8GB
1,-16.625,9.5,Apple,16-inch,4GB,ASUS,16-inch,16GB
1,-7.625,9.5,Apple,16-inch,4GB,Lenovo,13-inch,4GB
1,-16.625,9.5,Apple,16-inch,4GB,Lenovo,13-inch,8GB
1,-16.125,9.5,Apple,16-inch,4GB,Lenovo,13-inch,16GB
1,-9.125,9.5,Apple,16-inch,4GB,Lenovo,14-inch,4GB
1,-17.375,9.5,Apple,16-inch,4GB,Lenovo,14-inch,8GB
1,-16.5,9.5,Apple,16-inch,4GB,Lenovo,14-inch,16GB
1,-7.875,9.5,Apple,16-inch,4GB,Lenovo,16-inch,4GB
1,-18.5,9.5,Apple,16-inch,4GB,Lenovo,16-inch,8GB
1,-17.0,9.5,Apple,16-inch,4GB,Lenovo,16-inch,16GB
1,-6.0,9.5,Apple,16-inch,4GB,HP,13-inch,4GB
1,-16.375,9.5,Apple,16-inch,4GB,HP,13-inch,8GB
1,-15.75,9.5,Apple,16-inch,4GB,HP,13-inch,16GB
1,-8.25,9.5,Apple,16-inch,4GB,HP,14-inch,4GB
1,-17.5,9.5,Apple,16-inch,4GB,HP,14-inch,8GB
1,-16.5,9.5,Apple,16-inch,4GB,HP,14-inch,16GB
1,-5.375,9.5,Apple,16-inch,4GB,HP,16-inch,4GB
1,-18.375,9.5,Apple,16-inch,4GB,HP,16-inch,8GB
1,-16.75,9.5,Apple,16-inch,4GB,HP,16-inch,16GB
1,-5.375,9.5,Apple,16-inch,4GB,Dell,13-inch,4GB
1,-16.25,9.5,Apple,16-inch,4GB,Dell,13-inch,8GB
1,-15.625,9.5,Apple,16-inch,4GB,Dell,13-inch,16GB
1,-8.375,9.5,Apple,16-inch,4GB,Dell,14-inch,4GB
1,-17.25,9.5,Apple,16-inch,4GB,Dell,14-inch,8GB
1,-16.125,9.5,Apple,16-inch,4GB,Dell,14-inch,16GB
1,-4.5,9.5,Apple,16-inch,4GB,Dell,16-inch,4GB
1,-19.125,9.5,Apple,16-inch,4GB,Dell,16-inch,8GB
1,-16.625,9.5,Apple,16-inch,4GB,Dell,16-inch,16GB
1,0.0005950927734375,-1.625,Apple,16-inch,4GB,Apple,13-inch,4GB
1,-17.0,9.5,Apple,16-inch,4GB,Apple,13-inch,8GB
1,-15.375,9.5,Apple,16-inch,4GB,Apple,13-inch,16GB
1,0.00048828125,0.5,Apple,16-inch,4GB,Apple,14-inch,4GB
1,-17.625,9.5,Apple,16-inch,4GB,Apple,14-inch,8GB
1,-16.25,9.5,Apple,16-inch,4GB,Apple,14-inch,16GB
1,-13.25,9.5,Apple,16-inch,4GB,Apple,16-inch,8GB
1,-11.75,9.5,Apple,16-inch,4GB,Apple,16-inch,16GB
1,-8.875,9.5,Apple,16-inch,8GB,ASUS,13-inch,4GB
1,-7.625,9.5,Apple,16-inch,8GB,ASUS,13-inch,8GB
1,-6.875,9.5,Apple,16-inch,8GB,ASUS,13-inch,16GB
1,-6.75,9.5,Apple,16-inch,8GB,ASUS,14-inch,4GB
1,-7.875,9.5,Apple,16-inch,8GB,ASUS,14-inch,8GB
1,-7.875,9.5,Apple,16-inch,8GB,ASUS,14-inch,16GB
1,0.00052642822265625,0.125,Apple,16-inch,8GB,ASUS,16-inch,4GB
1,-9.375,9.5,Apple,16-inch,8GB,ASUS,16-inch,8GB
1,-8.375,9.5,Apple,16-inch,8GB,ASUS,16-inch,16GB
1,-8.5,9.5,Apple,16-inch,8GB,Lenovo,13-inch,4GB
1,-7.75,9.5,Apple,16-inch,8GB,Lenovo,13-inch,8GB
1,-6.75,9.5,Apple,16-inch,8GB,Lenovo,13-inch,16GB
1,-7.75,9.5,Apple,16-inch,8GB,Lenovo,14-inch,4GB
1,-8.25,9.5,Apple,16-inch,8GB,Lenovo,14-inch,8GB
1,-7.5,9.5,Apple,16-inch,8GB,Lenovo,14-inch,16GB
1,0.00052642822265625,0.125,Apple,16-inch,8GB,Lenovo,16-inch,4GB
1,-9.25,9.5,Apple,16-inch,8GB,Lenovo,16-inch,8GB
1,-8.5,9.5,Apple,16-inch,8GB,Lenovo,16-inch,16GB
1,-7.875,9.5,Apple,16-inch,8GB,HP,13-inch,4GB
1,-6.875,9.5,Apple,16-inch,8GB,HP,13-inch,8GB
1,-6.0,9.5,Apple,16-inch,8GB,HP,13-inch,16GB
1,-3.28125,9.4375,Apple,16-inch,8GB,HP,14-inch,4GB
1,-7.5,9.5,Apple,16-inch,8GB,HP,14-inch,8GB
1,-7.25,9.5,Apple,16-inch,8GB,HP,14-inch,16GB
1,0.00055694580078125,-0.375,Apple,16-inch,8GB,HP,16-inch,4GB
1,-9.0,9.5,Apple,16-inch,8GB,HP,16-inch,8GB
1,-8.375,9.5,Apple,16-inch,8GB,HP,16-inch,16GB
1,-7.5,9.5,Apple,16-inch,8GB,Dell,13-inch,4GB
1,-7.125,9.5,Apple,16-inch,8GB,Dell,13-inch,8GB
1,-5.75,9.5,Apple,16-inch,8GB,Dell,13-inch,16GB
1,-3.53125,9.5,Apple,16-inch,8GB,Dell,14-inch,4GB
1,-8.0,9.5,Apple,16-inch,8GB,Dell,14-inch,8GB
1,-6.75,9.5,Apple,16-inch,8GB,Dell,14-inch,16GB
1,0.0005645751953125,-0.5,Apple,16-inch,8GB,Dell,16-inch,4GB
1,-9.25,9.5,Apple,16-inch,8GB,Dell,16-inch,8GB
1,-7.875,9.5,Apple,16-inch,8GB,Dell,16-inch,16GB
1,-13.25,9.5,Apple,16-inch,8GB,Apple,13-inch,4GB
1,-6.75,9.5,Apple,16-inch,8GB,Apple,13-inch,8GB
1,-6.125,9.5,Apple,16-inch,8GB,Apple,13-inch,16GB
1,-12.125,9.5,Apple,16-inch,8GB,Apple,14-inch,4GB
1,-7.125,9.5,Apple,16-inch,8GB,Apple,14-inch,8GB
1,-7.625,9.5,Apple,16-inch,8GB,Apple,14-inch,16GB
1,0.0003490447998046875,1.25,Apple,16-inch,8GB,Apple,16-inch,4GB
1,-6.75,9.5,Apple,16-inch,8GB,Apple,16-inch,16GB
1,-12.375,9.5,Apple,16-inch,16GB,ASUS,13-inch,4GB
1,-6.75,9.5,Apple,16-inch,16GB,ASUS,13-inch,8GB
1,-8.5,9.5,Apple,16-inch,16GB,ASUS,13-inch,16GB
1,-11.5,9.5,Apple,16-inch,16GB,ASUS,14-inch,4GB
1,-6.625,9.5,Apple,16-inch,16GB,ASUS,14-inch,8GB
1,-8.625,9.5,Apple,16-inch,16GB,ASUS,14-inch,16GB
1,-3.046875,9.4375,Apple,16-inch,16GB,ASUS,16-inch,4GB
1,-6.0,9.5,Apple,16-inch,16GB,ASUS,16-inch,8GB
1,-8.75,9.5,Apple,16-inch,16GB,ASUS,16-inch,16GB
1,-12.75,9.5,Apple,16-inch,16GB,Lenovo,13-inch,4GB
1,-7.0,9.5,Apple,16-inch,16GB,Lenovo,13-inch,8GB
1,-8.375,9.5,Apple,16-inch,16GB,Lenovo,13-inch,16GB
1,-11.75,9.5,Apple,16-inch,16GB,Lenovo,14-inch,4GB
1,-6.75,9.5,Apple,16-inch,16GB,Lenovo,14-inch,8GB
1,-9.0,9.5,Apple,16-inch,16GB,Lenovo,14-inch,16GB
1,-3.765625,9.5,Apple,16-inch,16GB,Lenovo,16-inch,4GB
1,-5.75,9.5,Apple,16-inch,16GB,Lenovo,16-inch,8GB
1,-9.0,9.5,Apple,16-inch,16GB,Lenovo,16-inch,16GB
1,-12.25,9.5,Apple,16-inch,16GB,HP,13-inch,4GB
1,-6.625,9.5,Apple,16-inch,16GB,HP,13-inch,8GB
1,-7.75,9.5,Apple,16-inch,16GB,HP,13-inch,16GB
1,-11.125,9.5,Apple,16-inch,16GB,HP,14-inch,4GB
1,-6.0,9.5,Apple,16-inch,16GB,HP,14-inch,8GB
1,-8.25,9.5,Apple,16-inch,16GB,HP,14-inch,16GB
1,-0.69140625,8.8125,Apple,16-inch,16GB,HP,16-inch,4GB
1,-3.890625,9.5,Apple,16-inch,16GB,HP,16-inch,8GB
1,-8.25,9.5,Apple,16-inch,16GB,HP,16-inch,16GB
1,-12.125,9.5,Apple,16-inch,16GB,Dell,13-inch,4GB
1,-6.25,9.5,Apple,16-inch,16GB,Dell,13-inch,8GB
1,-8.125,9.5,Apple,16-inch,16GB,Dell,13-inch,16GB
1,-11.0,9.5,Apple,16-inch,16GB,Dell,14-inch,4GB
1,-5.875,9.5,Apple,16-inch,16GB,Dell,14-inch,8GB
1,-8.5,9.5,Apple,16-inch,16GB,Dell,14-inch,16GB
1,-3.046875,9.4375,Apple,16-inch,16GB,Dell,16-inch,4GB
1,-5.0,9.5,Apple,16-inch,16GB,Dell,16-inch,8GB
1,-8.5,9.5,Apple,16-inch,16GB,Dell,16-inch,16GB
1,-16.875,9.5,Apple,16-inch,16GB,Apple,13-inch,4GB
1,-6.625,9.5,Apple,16-inch,16GB,Apple,13-inch,8GB
1,-6.5,9.5,Apple,16-inch,16GB,Apple,13-inch,16GB
1,-16.25,9.5,Apple,16-inch,16GB,Apple,14-inch,4GB
1,-6.625,9.5,Apple,16-inch,16GB,Apple,14-inch,8GB
1,-7.125,9.5,Apple,16-inch,16GB,Apple,14-inch,16GB
1,-1.140625,9.125,Apple,16-inch,16GB,Apple,16-inch,4GB
1,-8.375,9.5,Apple,16-inch,16GB,Apple,16-inch,8GB
2,-11.0,9.5,ASUS,13-inch,4GB,ASUS,13-inch,8GB
2,-10.625,9.5,ASUS,13-inch,4GB,ASUS,13-inch,16GB
2,-3.046875,9.4375,ASUS,13-inch,4GB,ASUS,14-inch,4GB
2,-11.75,9.5,ASUS,13-inch,4GB,ASUS,14-inch,8GB
2,-10.625,9.5,ASUS,13-inch,4GB,ASUS,14-inch,16GB
2,-0.004608154296875,4.25,ASUS,13-inch,4GB,ASUS,16-inch,4GB
2,-11.0,9.5,ASUS,13-inch,4GB,ASUS,16-inch,8GB
2,-8.25,9.5,ASUS,13-inch,4GB,ASUS,16-inch,16GB
2,-9.918212890625e-05,2.25,ASUS,13-inch,4GB,Lenovo,13-inch,4GB
2,-10.375,9.5,ASUS,13-inch,4GB,Lenovo,13-inch,8GB
2,-9.625,9.5,ASUS,13-inch,4GB,Lenovo,13-inch,16GB
2,-0.000194549560546875,2.375,ASUS,13-inch,4GB,Lenovo,14-inch,4GB
2,-10.625,9.5,ASUS,13-inch,4GB,Lenovo,14-inch,8GB
2,-10.0,9.5,ASUS,13-inch,4GB,Lenovo,14-inch,16GB
2,-0.00131988525390625,3.25,ASUS,13-inch,4GB,Lenovo,16-inch,4GB
2,-10.25,9.5,ASUS,13-inch,4GB,Lenovo,16-inch,8GB
2,-9.0,9.5,ASUS,13-inch,4GB,Lenovo,16-inch,16GB
2,0.0002307891845703125,1.625,ASUS,13-inch,4GB,HP,13-inch,4GB
2,-10.5,9.5,ASUS,13-inch,4GB,HP,13-inch,8GB
2,-9.625,9.5,ASUS,13-inch,4GB,HP,13-inch,16GB
2,-0.000194549560546875,2.375,ASUS,13-inch,4GB,HP,14-inch,4GB
2,-10.625,9.5,ASUS,13-inch,4GB,HP,14-inch,8GB
2,-10.0,9.5,ASUS,13-inch,4GB,HP,14-inch,16GB
2,-0.0015716552734375,3.375,ASUS,13-inch,4GB,HP,16-inch,4GB
2,-10.125,9.5,ASUS,13-inch,4GB,HP,16-inch,8GB
2,-8.75,9.5,ASUS,13-inch,4GB,HP,16-inch,16GB
2,5.7220458984375e-05,2.0,ASUS,13-inch,4GB,Dell,13-inch,4GB
2,-10.25,9.5,ASUS,13-inch,4GB,Dell,13-inch,8GB
2,-9.375,9.5,ASUS,13-inch,4GB,Dell,13-inch,16GB
2,-9.918212890625e-05,2.25,ASUS,13-inch,4GB,Dell,14-inch,4GB
2,-10.375,9.5,ASUS,13-inch,4GB,Dell,14-inch,8GB
2,-9.5,9.5,ASUS,13-inch,4GB,Dell,14-inch,16GB
2,-0.000194549560546875,2.375,ASUS,13-inch,4GB,Dell,16-inch,4GB
2,-10.0,9.5,ASUS,13-inch,4GB,Dell,16-inch,8GB
2,-8.375,9.5,ASUS,13-inch,4GB,Dell,16-inch,16GB
2,0.0003147125244140625,1.375,ASUS,13-inch,4GB,Apple,13-inch,4GB
2,-10.75,9.5,ASUS,13-inch,4GB,Apple,13-inch,8GB
2,-9.375,9.5,ASUS,13-inch,4GB,Apple,13-inch,16GB
2,0.0003147125244140625,1.375,ASUS,13-inch,4GB,Apple,14-inch,4GB
2,-10.125,9.5,ASUS,13-inch,4GB,Apple,14-inch,8GB
2,-9.0,9.5,ASUS,13-inch,4GB,Apple,14-inch,16GB
2,0.00055694580078125,-0.375,ASUS,13-inch,4GB,Apple,16-inch,4GB
2,-10.125,9.5,ASUS,13-inch,4GB,Apple,16-inch,8GB
2,-5.125,9.5,ASUS,13-inch,4GB,Apple,16-inch,16GB
2,-0.00089263916015625,3.0,ASUS,13-inch,8GB,ASUS,13-inch,4GB
2,-5.625,9.5,ASUS,13-inch,8GB,ASUS,13-inch,16GB
2,-6.875,9.5,ASUS,13-inch,8GB,ASUS,14-inch,4GB
2,-0.0615234375,6.6875,ASUS,13-inch,8GB,ASUS,14-inch,8GB
2,-0.01190185546875,5.125,ASUS,13-inch,8GB,ASUS,14-inch,16GB
2,-2.125,9.375,ASUS,13-inch,8GB,ASUS,16-inch,4GB
2,-0.025634765625,5.84375,ASUS,13-inch,8GB,ASUS,16-inch,8GB
2,-0.0091552734375,4.875,ASUS,13-inch,8GB,ASUS,16-inch,16GB
2,-0.0025634765625,3.75,ASUS,13-inch,8GB,Lenovo,13-inch,4GB
2,-0.07861328125,6.9375,ASUS,13-inch,8GB,Lenovo,13-inch,8GB
2,-0.00799560546875,4.75,ASUS,13-inch,8GB,Lenovo,13-inch,16GB
2,-9.375,9.5,ASUS,13-inch,8GB,Lenovo,14-inch,4GB
2,-0.474609375,8.5,ASUS,13-inch,8GB,Lenovo,14-inch,8GB
2,-0.004638671875,4.25,ASUS,13-inch,8GB,Lenovo,14-inch,16GB
2,-8.375,9.5,ASUS,13-inch,8GB,Lenovo,16-inch,4GB
2,-0.0693359375,6.8125,ASUS,13-inch,8GB,Lenovo,16-inch,8GB
2,-0.0030059814453125,3.875,ASUS,13-inch,8GB,Lenovo,16-inch,16GB
2,-0.00089263916015625,3.0,ASUS,13-inch,8GB,HP,13-inch,4GB
2,-0.2001953125,7.8125,ASUS,13-inch,8GB,HP,13-inch,8GB
2,-0.01043701171875,5.0,ASUS,13-inch,8GB,HP,13-inch,16GB
2,-8.0,9.5,ASUS,13-inch,8GB,HP,14-inch,4GB
2,-0.1259765625,7.375,ASUS,13-inch,8GB,HP,14-inch,8GB
2,-0.0040283203125,4.125,ASUS,13-inch,8GB,HP,14-inch,16GB
2,-7.5,9.5,ASUS,13-inch,8GB,HP,16-inch,4GB
2,-0.03759765625,6.21875,ASUS,13-inch,8GB,HP,16-inch,8GB
2,-0.005340576171875,4.375,ASUS,13-inch,8GB,HP,16-inch,16GB
2,-0.001861572265625,3.5,ASUS,13-inch,8GB,Dell,13-inch,4GB
2,-0.69140625,8.8125,ASUS,13-inch,8GB,Dell,13-inch,8GB
2,-0.00347900390625,4.0,ASUS,13-inch,8GB,Dell,13-inch,16GB
2,-8.25,9.5,ASUS,13-inch,8GB,Dell,14-inch,4GB
2,-0.1259765625,7.375,ASUS,13-inch,8GB,Dell,14-inch,8GB
2,-0.0018768310546875,3.5,ASUS,13-inch,8GB,Dell,14-inch,16GB
2,-7.75,9.5,ASUS,13-inch,8GB,Dell,16-inch,4GB
2,-0.0291748046875,5.96875,ASUS,13-inch,8GB,Dell,16-inch,8GB
2,-0.0022125244140625,3.625,ASUS,13-inch,8GB,Dell,16-inch,16GB
2,-8.375,9.5,ASUS,13-inch,8GB,Apple,13-inch,4GB
2,-0.1259765625,7.375,ASUS,13-inch,8GB,Apple,13-inch,8GB
2,-0.006988525390625,4.625,ASUS,13-inch,8GB,Apple,13-inch,16GB
2,-9.875,9.5,ASUS,13-inch,8GB,Apple,14-inch,4GB
2,-4.5,9.5,ASUS,13-inch,8GB,Apple,14-inch,8GB
2,-0.00299072265625,3.875,ASUS,13-inch,8GB,Apple,14-inch,16GB
2,-6.0,9.5,ASUS,13-inch,8GB,Apple,16-inch,4GB
2,-0.251953125,8.0,ASUS,13-inch,8GB,Apple,16-inch,8GB
2,-0.0025787353515625,3.75,ASUS,13-inch,8GB,Apple,16-inch,16GB
2,-5.75,9.5,ASUS,13-inch,16GB,ASUS,13-inch,4GB
2,-9.125,9.5,ASUS,13-inch,16GB,ASUS,13-inch,8GB
2,-16.0,9.5,ASUS,13-inch,16GB,ASUS,14-inch,4GB
2,-7.0,9.5,ASUS,13-inch,16GB,ASUS,14-inch,8GB
2,-0.015380859375,5.34375,ASUS,13-inch,16GB,ASUS,14-inch,16GB
2,-8.5,9.5,ASUS,13-inch,16GB,ASUS,16-inch,4GB
2,-6.375,9.5,ASUS,13-inch,16GB,ASUS,16-inch,8GB
2,-0.00799560546875,4.75,ASUS,13-inch,16GB,ASUS,16-inch,16GB
2,-12.375,9.5,ASUS,13-inch,16GB,Lenovo,13-inch,4GB
2,-7.125,9.5,ASUS,13-inch,16GB,Lenovo,13-inch,8GB
2,-0.1416015625,7.5,ASUS,13-inch,16GB,Lenovo,13-inch,16GB
2,-18.625,9.5,ASUS,13-inch,16GB,Lenovo,14-inch,4GB
2,-5.875,9.5,ASUS,13-inch,16GB,Lenovo,14-inch,8GB
2,-0.38671875,8.375,ASUS,13-inch,16GB,Lenovo,14-inch,16GB
2,-14.25,9.5,ASUS,13-inch,16GB,Lenovo,16-inch,4GB
2,-6.125,9.5,ASUS,13-inch,16GB,Lenovo,16-inch,8GB
2,-0.0291748046875,5.96875,ASUS,13-inch,16GB,Lenovo,16-inch,16GB
2,-10.375,9.5,ASUS,13-inch,16GB,HP,13-inch,4GB
2,-7.25,9.5,ASUS,13-inch,16GB,HP,13-inch,8GB
2,-0.03759765625,6.21875,ASUS,13-inch,16GB,HP,13-inch,16GB
2,-17.625,9.5,ASUS,13-inch,16GB,HP,14-inch,4GB
2,-5.75,9.5,ASUS,13-inch,16GB,HP,14-inch,8GB
2,-0.07861328125,6.9375,ASUS,13-inch,16GB,HP,14-inch,16GB
2,-12.25,9.5,ASUS,13-inch,16GB,HP,16-inch,4GB
2,-6.0,9.5,ASUS,13-inch,16GB,HP,16-inch,8GB
2,-0.0198974609375,5.625,ASUS,13-inch,16GB,HP,16-inch,16GB
2,-10.75,9.5,ASUS,13-inch,16GB,Dell,13-inch,4GB
2,-7.0,9.5,ASUS,13-inch,16GB,Dell,13-inch,8GB
2,-0.1259765625,7.375,ASUS,13-inch,16GB,Dell,13-inch,16GB
2,-17.5,9.5,ASUS,13-inch,16GB,Dell,14-inch,4GB
2,-5.75,9.5,ASUS,13-inch,16GB,Dell,14-inch,8GB
2,-0.1259765625,7.375,ASUS,13-inch,16GB,Dell,14-inch,16GB
2,-13.0,9.5,ASUS,13-inch,16GB,Dell,16-inch,4GB
2,-5.5,9.5,ASUS,13-inch,16GB,Dell,16-inch,8GB
2,-0.0198974609375,5.625,ASUS,13-inch,16GB,Dell,16-inch,16GB
2,-14.375,9.5,ASUS,13-inch,16GB,Apple,13-inch,4GB
2,-5.75,9.5,ASUS,13-inch,16GB,Apple,13-inch,8GB
2,-0.0291748046875,5.96875,ASUS,13-inch,16GB,Apple,13-inch,16GB
2,-16.25,9.5,ASUS,13-inch,16GB,Apple,14-inch,4GB
2,-5.75,9.5,ASUS,13-inch,16GB,Apple,14-inch,8GB
2,-2.9375,9.4375,ASUS,13-inch,16GB,Apple,14-inch,16GB
2,-10.625,9.5,ASUS,13-inch,16GB,Apple,16-inch,4GB
2,-4.625,9.5,ASUS,13-inch,16GB,Apple,16-inch,8GB
2,-0.0225830078125,5.75,ASUS,13-inch,16GB,Apple,16-inch,16GB
2,0.0003490447998046875,1.25,ASUS,14-inch,4GB,ASUS,13-inch,4GB
2,-14.0,9.5,ASUS,14-inch,4GB,ASUS,13-inch,8GB
2,-13.5,9.5,ASUS,14-inch,4GB,ASUS,13-inch,16GB
2,-12.125,9.5,ASUS,14-inch,4GB,ASUS,14-inch,8GB
2,-11.75,9.5,ASUS,14-inch,4GB,ASUS,14-inch,16GB
2,-0.00299072265625,3.875,ASUS,14-inch,4GB,ASUS,16-inch,4GB
2,-12.25,9.5,ASUS,14-inch,4GB,ASUS,16-inch,8GB
2,-9.375,9.5,ASUS,14-inch,4GB,ASUS,16-inch,16GB
2,-9.918212890625e-05,2.25,ASUS,14-inch,4GB,Lenovo,13-inch,4GB
2,-11.75,9.5,ASUS,14-inch,4GB,Lenovo,13-inch,8GB
2,-11.625,9.5,ASUS,14-inch,4GB,Lenovo,13-inch,16GB
2,-9.918212890625e-05,2.25,ASUS,14-inch,4GB,Lenovo,14-inch,4GB
2,-11.375,9.5,ASUS,14-inch,4GB,Lenovo,14-inch,8GB
2,-10.625,9.5,ASUS,14-inch,4GB,Lenovo,14-inch,16GB
2,-0.00089263916015625,3.0,ASUS,14-inch,4GB,Lenovo,16-inch,4GB
2,-11.375,9.5,ASUS,14-inch,4GB,Lenovo,16-inch,8GB
2,-9.875,9.5,ASUS,14-inch,4GB,Lenovo,16-inch,16GB
2,0.0001220703125,1.875,ASUS,14-inch,4GB,HP,13-inch,4GB
2,-12.0,9.5,ASUS,14-inch,4GB,HP,13-inch,8GB
2,-11.625,9.5,ASUS,14-inch,4GB,HP,13-inch,16GB
2,0.0002307891845703125,1.625,ASUS,14-inch,4GB,HP,14-inch,4GB
2,-11.625,9.5,ASUS,14-inch,4GB,HP,14-inch,8GB
2,-11.0,9.5,ASUS,14-inch,4GB,HP,14-inch,16GB
2,-0.00089263916015625,3.0,ASUS,14-inch,4GB,HP,16-inch,4GB
2,-11.375,9.5,ASUS,14-inch,4GB,HP,16-inch,8GB
2,-9.625,9.5,ASUS,14-inch,4GB,HP,16-inch,16GB
2,-9.918212890625e-05,2.25,ASUS,14-inch,4GB,Dell,13-inch,4GB
2,-11.625,9.5,ASUS,14-inch,4GB,Dell,13-inch,8GB
2,-11.5,9.5,ASUS,14-inch,4GB,Dell,13-inch,16GB
2,-1.52587890625e-05,2.125,ASUS,14-inch,4GB,Dell,14-inch,4GB
2,-11.5,9.5,ASUS,14-inch,4GB,Dell,14-inch,8GB
2,-10.25,9.5,ASUS,14-inch,4GB,Dell,14-inch,16GB
2,-0.00089263916015625,3.0,ASUS,14-inch,4GB,Dell,16-inch,4GB
2,-11.125,9.5,ASUS,14-inch,4GB,Dell,16-inch,8GB
2,-9.375,9.5,ASUS,14-inch,4GB,Dell,16-inch,16GB
2,0.0001220703125,1.875,ASUS,14-inch,4GB,Apple,13-inch,4GB
2,-10.5,9.5,ASUS,14-inch,4GB,Apple,13-inch,8GB
2,-9.875,9.5,ASUS,14-inch,4GB,Apple,13-inch,16GB
2,0.0003490447998046875,1.25,ASUS,14-inch,4GB,Apple,14-inch,4GB
2,-11.25,9.5,ASUS,14-inch,4GB,Apple,14-inch,8GB
2,-10.0,9.5,ASUS,14-inch,4GB,Apple,14-inch,16GB
2,0.000499725341796875,0.375,ASUS,14-inch,4GB,Apple,16-inch,4GB
2,-10.5,9.5,ASUS,14-inch,4GB,Apple,16-inch,8GB
2,-7.875,9.5,ASUS,14-inch,4GB,Apple,16-inch,16GB
2,-0.00109100341796875,3.125,ASUS,14-inch,8GB,ASUS,13-inch,4GB
2,-0.03759765625,6.21875,ASUS,14-inch,8GB,ASUS,13-inch,8GB
2,-6.375,9.5,ASUS,14-inch,8GB,ASUS,13-inch,16GB
2,-9.918212890625e-05,2.25,ASUS,14-inch,8GB,ASUS,14-inch,4GB
2,-6.375,9.5,ASUS,14-inch,8GB,ASUS,14-inch,16GB
2,-0.001861572265625,3.5,ASUS,14-inch,8GB,ASUS,16-inch,4GB
2,-0.01043701171875,5.0,ASUS,14-inch,8GB,ASUS,16-inch,8GB
2,-0.0198974609375,5.625,ASUS,14-inch,8GB,ASUS,16-inch,16GB
2,-0.3125,8.1875,ASUS,14-inch,8GB,Lenovo,13-inch,4GB
2,-0.57421875,8.6875,ASUS,14-inch,8GB,Lenovo,13-inch,8GB
2,-2.578125,9.4375,ASUS,14-inch,8GB,Lenovo,13-inch,16GB
2,-9.918212890625e-05,2.25,ASUS,14-inch,8GB,Lenovo,14-inch,4GB
2,-0.0615234375,6.6875,ASUS,14-inch,8GB,Lenovo,14-inch,8GB
2,-0.0291748046875,5.96875,ASUS,14-inch,8GB,Lenovo,14-inch,16GB
2,-5.625,9.5,ASUS,14-inch,8GB,Lenovo,16-inch,4GB
2,-0.0291748046875,5.96875,ASUS,14-inch,8GB,Lenovo,16-inch,8GB
2,-0.0040283203125,4.125,ASUS,14-inch,8GB,Lenovo,16-inch,16GB
2,-0.01043701171875,5.0,ASUS,14-inch,8GB,HP,13-inch,4GB
2,-0.1591796875,7.59375,ASUS,14-inch,8GB,HP,13-inch,8GB
2,-1.703125,9.3125,ASUS,14-inch,8GB,HP,13-inch,16GB
2,-1.52587890625e-05,2.125,ASUS,14-inch,8GB,HP,14-inch,4GB
2,-0.03759765625,6.21875,ASUS,14-inch,8GB,HP,14-inch,8GB
2,-0.07861328125,6.9375,ASUS,14-inch,8GB,HP,14-inch,16GB
2,-4.15625,9.5,ASUS,14-inch,8GB,HP,16-inch,4GB
2,-0.0225830078125,5.75,ASUS,14-inch,8GB,HP,16-inch,8GB
2,-0.006103515625,4.5,ASUS,14-inch,8GB,HP,16-inch,16GB
2,-2.578125,9.4375,ASUS,14-inch,8GB,Dell,13-inch,4GB
2,-0.1259765625,7.375,ASUS,14-inch,8GB,Dell,13-inch,8GB
2,-0.017578125,5.46875,ASUS,14-inch,8GB,Dell,13-inch,16GB
2,-9.918212890625e-05,2.25,ASUS,14-inch,8GB,Dell,14-inch,4GB
2,-0.3125,8.1875,ASUS,14-inch,8GB,Dell,14-inch,8GB
2,-0.00799560546875,4.75,ASUS,14-inch,8GB,Dell,14-inch,16GB
2,-3.53125,9.5,ASUS,14-inch,8GB,Dell,16-inch,4GB
2,-0.017578125,5.46875,ASUS,14-inch,8GB,Dell,16-inch,8GB
2,-0.002197265625,3.625,ASUS,14-inch,8GB,Dell,16-inch,16GB
2,-9.75,9.5,ASUS,14-inch,8GB,Apple,13-inch,4GB
2,-3.53125,9.5,ASUS,14-inch,8GB,Apple,13-inch,8GB
2,-0.002197265625,3.625,ASUS,14-inch,8GB,Apple,13-inch,16GB
2,-7.125,9.5,ASUS,14-inch,8GB,Apple,14-inch,4GB
2,-2.578125,9.4375,ASUS,14-inch,8GB,Apple,14-inch,8GB
2,-0.01043701171875,5.0,ASUS,14-inch,8GB,Apple,14-inch,16GB
2,-4.875,9.5,ASUS,14-inch,8GB,Apple,16-inch,4GB
2,-0.1591796875,7.59375,ASUS,14-inch,8GB,Apple,16-inch,8GB
2,-0.002197265625,3.625,ASUS,14-inch,8GB,Apple,16-inch,16GB
2,-12.375,9.5,ASUS,14-inch,16GB,ASUS,13-inch,4GB
2,-3.765625,9.5,ASUS,14-inch,16GB,ASUS,13-inch,8GB
2,-0.03759765625,6.21875,ASUS,14-inch,16GB,ASUS,13-inch,16GB
2,-0.006103515625,4.5,ASUS,14-inch,16GB,ASUS,14-inch,4GB
2,-8.875,9.5,ASUS,14-inch,16GB,ASUS,14-inch,8GB
2,-6.875,9.5,ASUS,14-inch,16GB,ASUS,16-inch,4GB
2,-6.0,9.5,ASUS,14-inch,16GB,ASUS,16-inch,8GB
2,-0.003997802734375,4.125,ASUS,14-inch,16GB,ASUS,16-inch,16GB
2,-15.75,9.5,ASUS,14-inch,16GB,Lenovo,13-inch,4GB
2,-0.07861328125,6.9375,ASUS,14-inch,16GB,Lenovo,13-inch,8GB
2,-1.703125,9.3125,ASUS,14-inch,16GB,Lenovo,13-inch,16GB
2,-9.125,9.5,ASUS,14-inch,16GB,Lenovo,14-inch,4GB
2,-6.625,9.5,ASUS,14-inch,16GB,Lenovo,14-inch,8GB
2,-0.69140625,8.8125,ASUS,14-inch,16GB,Lenovo,14-inch,16GB
2,-12.0,9.5,ASUS,14-inch,16GB,Lenovo,16-inch,4GB
2,-5.75,9.5,ASUS,14-inch,16GB,Lenovo,16-inch,8GB
2,-0.0091552734375,4.875,ASUS,14-inch,16GB,Lenovo,16-inch,16GB
2,-14.5,9.5,ASUS,14-inch,16GB,HP,13-inch,4GB
2,-0.69140625,8.8125,ASUS,14-inch,16GB,HP,13-inch,8GB
2,-0.2001953125,7.8125,ASUS,14-inch,16GB,HP,13-inch,16GB
2,-7.75,9.5,ASUS,14-inch,16GB,HP,14-inch,4GB
2,-6.5,9.5,ASUS,14-inch,16GB,HP,14-inch,8GB
2,-0.025634765625,5.84375,ASUS,14-inch,16GB,HP,14-inch,16GB
2,-10.25,9.5,ASUS,14-inch,16GB,HP,16-inch,4GB
2,-5.5,9.5,ASUS,14-inch,16GB,HP,16-inch,8GB
2,-0.006988525390625,4.625,ASUS,14-inch,16GB,HP,16-inch,16GB
2,-15.625,9.5,ASUS,14-inch,16GB,Dell,13-inch,4GB
2,-0.0135498046875,5.25,ASUS,14-inch,16GB,Dell,13-inch,8GB
2,-0.97265625,9.0,ASUS,14-inch,16GB,Dell,13-inch,16GB
2,-9.0,9.5,ASUS,14-inch,16GB,Dell,14-inch,4GB
2,-6.125,9.5,ASUS,14-inch,16GB,Dell,14-inch,8GB
2,-0.2001953125,7.8125,ASUS,14-inch,16GB,Dell,14-inch,16GB
2,-10.375,9.5,ASUS,14-inch,16GB,Dell,16-inch,4GB
2,-1.5,9.25,ASUS,14-inch,16GB,Dell,16-inch,8GB
2,-0.006988525390625,4.625,ASUS,14-inch,16GB,Dell,16-inch,16GB
2,-14.25,9.5,ASUS,14-inch,16GB,Apple,13-inch,4GB
2,-0.033203125,6.09375,ASUS,14-inch,16GB,Apple,13-inch,8GB
2,-0.69140625,8.8125,ASUS,14-inch,16GB,Apple,13-inch,16GB
2,-12.25,9.5,ASUS,14-inch,16GB,Apple,14-inch,4GB
2,-3.28125,9.4375,ASUS,14-inch,16GB,Apple,14-inch,8GB
2,-0.1591796875,7.59375,ASUS,14-inch,16GB,Apple,14-inch,16GB
2,-10.375,9.5,ASUS,14-inch,16GB,Apple,16-inch,4GB
2,-0.07861328125,6.9375,ASUS,14-inch,16GB,Apple,16-inch,8GB
2,-0.0615234375,6.6875,ASUS,14-inch,16GB,Apple,16-inch,16GB
2,-4.75,9.5,ASUS,16-inch,4GB,ASUS,13-inch,4GB
2,-13.5,9.5,ASUS,16-inch,4GB,ASUS,13-inch,8GB
2,-12.375,9.5,ASUS,16-inch,4GB,ASUS,13-inch,16GB
2,-5.25,9.5,ASUS,16-inch,4GB,ASUS,14-inch,4GB
2,-13.25,9.5,ASUS,16-inch,4GB,ASUS,14-inch,8GB
2,-13.125,9.5,ASUS,16-inch,4GB,ASUS,14-inch,16GB
2,-12.0,9.5,ASUS,16-inch,4GB,ASUS,16-inch,8GB
2,-10.25,9.5,ASUS,16-inch,4GB,ASUS,16-inch,16GB
2,-7.625,9.5,ASUS,16-inch,4GB,Lenovo,13-inch,4GB
2,-10.875,9.5,ASUS,16-inch,4GB,Lenovo,13-inch,8GB
2,-11.375,9.5,ASUS,16-inch,4GB,Lenovo,13-inch,16GB
2,-7.75,9.5,ASUS,16-inch,4GB,Lenovo,14-inch,4GB
2,-11.0,9.5,ASUS,16-inch,4GB,Lenovo,14-inch,8GB
2,-11.625,9.5,ASUS,16-inch,4GB,Lenovo,14-inch,16GB
2,-0.57421875,8.6875,ASUS,16-inch,4GB,Lenovo,16-inch,4GB
2,-11.375,9.5,ASUS,16-inch,4GB,Lenovo,16-inch,8GB
2,-9.5,9.5,ASUS,16-inch,4GB,Lenovo,16-inch,16GB
2,-7.125,9.5,ASUS,16-inch,4GB,HP,13-inch,4GB
2,-10.75,9.5,ASUS,16-inch,4GB,HP,13-inch,8GB
2,-11.0,9.5,ASUS,16-inch,4GB,HP,13-inch,16GB
2,-7.25,9.5,ASUS,16-inch,4GB,HP,14-inch,4GB
2,-11.0,9.5,ASUS,16-inch,4GB,HP,14-inch,8GB
2,-11.5,9.5,ASUS,16-inch,4GB,HP,14-inch,16GB
2,-0.07861328125,6.9375,ASUS,16-inch,4GB,HP,16-inch,4GB
2,-11.875,9.5,ASUS,16-inch,4GB,HP,16-inch,8GB
2,-9.875,9.5,ASUS,16-inch,4GB,HP,16-inch,16GB
2,-7.0,9.5,ASUS,16-inch,4GB,Dell,13-inch,4GB
2,-10.75,9.5,ASUS,16-inch,4GB,Dell,13-inch,8GB
2,-11.25,9.5,ASUS,16-inch,4GB,Dell,13-inch,16GB
2,-7.75,9.5,ASUS,16-inch,4GB,Dell,14-inch,4GB
2,-10.875,9.5,ASUS,16-inch,4GB,Dell,14-inch,8GB
2,-11.25,9.5,ASUS,16-inch,4GB,Dell,14-inch,16GB
2,-0.97265625,9.0,ASUS,16-inch,4GB,Dell,16-inch,4GB
2,-11.5,9.5,ASUS,16-inch,4GB,Dell,16-inch,8GB
2,-9.375,9.5,ASUS,16-inch,4GB,Dell,16-inch,16GB
2,-5.75,9.5,ASUS,16-inch,4GB,Apple,13-inch,4GB
2,-10.25,9.5,ASUS,16-inch,4GB,Apple,13-inch,8GB
2,-9.5,9.5,ASUS,16-inch,4GB,Apple,13-inch,16GB
2,-5.375,9.5,ASUS,16-inch,4GB,Apple,14-inch,4GB
2,-10.625,9.5,ASUS,16-inch,4GB,Apple,14-inch,8GB
2,-9.875,9.5,ASUS,16-inch,4GB,Apple,14-inch,16GB
2,-0.00299072265625,3.875,ASUS,16-inch,4GB,Apple,16-inch,4GB
2,-12.375,9.5,ASUS,16-inch,4GB,Apple,16-inch,8GB
2,-9.25,9.5,ASUS,16-inch,4GB,Apple,16-inch,16GB
2,-7.25,9.5,ASUS,16-inch,8GB,ASUS,13-inch,4GB
2,-3.53125,9.5,ASUS,16-inch,8GB,ASUS,13-inch,8GB
2,-0.04248046875,6.3125,ASUS,16-inch,8GB,ASUS,13-inch,16GB
2,-7.25,9.5,ASUS,16-inch,8GB,ASUS,14-inch,4GB
2,-4.625,9.5,ASUS,16-inch,8GB,ASUS,14-inch,8GB
2,-5.625,9.5,ASUS,16-inch,8GB,ASUS,14-inch,16GB
2,0.0002307891845703125,1.625,ASUS,16-inch,8GB,ASUS,16-inch,4GB
2,-6.25,9.5,ASUS,16-inch,8GB,ASUS,16-inch,16GB
2,-8.75,9.5,ASUS,16-inch,8GB,Lenovo,13-inch,4GB
2,-3.28125,9.4375,ASUS,16-inch,8GB,Lenovo,13-inch,8GB
2,-0.00299072265625,3.875,ASUS,16-inch,8GB,Lenovo,13-inch,16GB
2,-8.875,9.5,ASUS,16-inch,8GB,Lenovo,14-inch,4GB
2,-3.28125,9.4375,ASUS,16-inch,8GB,Lenovo,14-inch,8GB
2,-0.01190185546875,5.125,ASUS,16-inch,8GB,Lenovo,14-inch,16GB
2,0.0002307891845703125,1.625,ASUS,16-inch,8GB,Lenovo,16-inch,4GB
2,-0.97265625,9.0,ASUS,16-inch,8GB,Lenovo,16-inch,8GB
2,-0.00089263916015625,3.0,ASUS,16-inch,8GB,Lenovo,16-inch,16GB
2,-8.25,9.5,ASUS,16-inch,8GB,HP,13-inch,4GB
2,-1.703125,9.3125,ASUS,16-inch,8GB,HP,13-inch,8GB
2,-0.00299072265625,3.875,ASUS,16-inch,8GB,HP,13-inch,16GB
2,-7.5,9.5,ASUS,16-inch,8GB,HP,14-inch,4GB
2,-2.234375,9.375,ASUS,16-inch,8GB,HP,14-inch,8GB
2,-0.00799560546875,4.75,ASUS,16-inch,8GB,HP,14-inch,16GB
2,0.000274658203125,1.5,ASUS,16-inch,8GB,HP,16-inch,4GB
2,-0.2001953125,7.8125,ASUS,16-inch,8GB,HP,16-inch,8GB
2,-0.00089263916015625,3.0,ASUS,16-inch,8GB,HP,16-inch,16GB
2,-9.0,9.5,ASUS,16-inch,8GB,Dell,13-inch,4GB
2,-0.08837890625,7.03125,ASUS,16-inch,8GB,Dell,13-inch,8GB
2,-0.00131988525390625,3.25,ASUS,16-inch,8GB,Dell,13-inch,16GB
2,-8.75,9.5,ASUS,16-inch,8GB,Dell,14-inch,4GB
2,-0.82421875,8.9375,ASUS,16-inch,8GB,Dell,14-inch,8GB
2,-0.00347900390625,4.0,ASUS,16-inch,8GB,Dell,14-inch,16GB
2,0.0003490447998046875,1.25,ASUS,16-inch,8GB,Dell,16-inch,4GB
2,-1.140625,9.125,ASUS,16-inch,8GB,Dell,16-inch,8GB
2,-0.000194549560546875,2.375,ASUS,16-inch,8GB,Dell,16-inch,16GB
2,-11.5,9.5,ASUS,16-inch,8GB,Apple,13-inch,4GB
2,-1.3125,9.1875,ASUS,16-inch,8GB,Apple,13-inch,8GB
2,-0.000194549560546875,2.375,ASUS,16-inch,8GB,Apple,13-inch,16GB
2,-12.125,9.5,ASUS,16-inch,8GB,Apple,14-inch,4GB
2,-3.765625,9.5,ASUS,16-inch,8GB,Apple,14-inch,8GB
2,-0.00041961669921875,2.625,ASUS,16-inch,8GB,Apple,14-inch,16GB
2,-0.251953125,8.0,ASUS,16-inch,8GB,Apple,16-inch,4GB
2,-0.01190185546875,5.125,ASUS,16-inch,8GB,Apple,16-inch,8GB
2,-1.52587890625e-05,2.125,ASUS,16-inch,8GB,Apple,16-inch,16GB
2,-14.5,9.5,ASUS,16-inch,16GB,ASUS,13-inch,4GB
2,-0.3125,8.1875,ASUS,16-inch,16GB,ASUS,13-inch,8GB
2,-4.5,9.5,ASUS,16-inch,16GB,ASUS,13-inch,16GB
2,-13.125,9.5,ASUS,16-inch,16GB,ASUS,14-inch,4GB
2,-1.703125,9.3125,ASUS,16-inch,16GB,ASUS,14-inch,8GB
2,-4.625,9.5,ASUS,16-inch,16GB,ASUS,14-inch,16GB
2,-0.0025634765625,3.75,ASUS,16-inch,16GB,ASUS,16-inch,4GB
2,-8.25,9.5,ASUS,16-inch,16GB,ASUS,16-inch,8GB
2,-15.75,9.5,ASUS,16-inch,16GB,Lenovo,13-inch,4GB
2,-0.0478515625,6.4375,ASUS,16-inch,16GB,Lenovo,13-inch,8GB
2,-4.875,9.5,ASUS,16-inch,16GB,Lenovo,13-inch,16GB
2,-15.5,9.5,ASUS,16-inch,16GB,Lenovo,14-inch,4GB
2,-0.1259765625,7.375,ASUS,16-inch,16GB,Lenovo,14-inch,8GB
2,-4.03125,9.5,ASUS,16-inch,16GB,Lenovo,14-inch,16GB
2,-6.875,9.5,ASUS,16-inch,16GB,Lenovo,16-inch,4GB
2,-6.75,9.5,ASUS,16-inch,16GB,Lenovo,16-inch,8GB
2,-0.82421875,8.9375,ASUS,16-inch,16GB,Lenovo,16-inch,16GB
2,-15.0,9.5,ASUS,16-inch,16GB,HP,13-inch,4GB
2,-0.1787109375,7.6875,ASUS,16-inch,16GB,HP,13-inch,8GB
2,-4.25,9.5,ASUS,16-inch,16GB,HP,13-inch,16GB
2,-15.25,9.5,ASUS,16-inch,16GB,HP,14-inch,4GB
2,-0.38671875,8.375,ASUS,16-inch,16GB,HP,14-inch,8GB
2,-2.9375,9.4375,ASUS,16-inch,16GB,HP,14-inch,16GB
2,-5.375,9.5,ASUS,16-inch,16GB,HP,16-inch,4GB
2,-6.75,9.5,ASUS,16-inch,16GB,HP,16-inch,8GB
2,-0.2001953125,7.8125,ASUS,16-inch,16GB,HP,16-inch,16GB
2,-15.875,9.5,ASUS,16-inch,16GB,Dell,13-inch,4GB
2,-0.0478515625,6.4375,ASUS,16-inch,16GB,Dell,13-inch,8GB
2,-4.625,9.5,ASUS,16-inch,16GB,Dell,13-inch,16GB
2,-15.5,9.5,ASUS,16-inch,16GB,Dell,14-inch,4GB
2,-0.0615234375,6.6875,ASUS,16-inch,16GB,Dell,14-inch,8GB
2,-3.28125,9.4375,ASUS,16-inch,16GB,Dell,14-inch,16GB
2,-4.875,9.5,ASUS,16-inch,16GB,Dell,16-inch,4GB
2,-6.75,9.5,ASUS,16-inch,16GB,Dell,16-inch,8GB
2,-0.474609375,8.5,ASUS,16-inch,16GB,Dell,16-inch,16GB
2,-14.25,9.5,ASUS,16-inch,16GB,Apple,13-inch,4GB
2,-0.05419921875,6.5625,ASUS,16-inch,16GB,Apple,13-inch,8GB
2,-0.025634765625,5.84375,ASUS,16-inch,16GB,Apple,13-inch,16GB
2,-14.875,9.5,ASUS,16-inch,16GB,Apple,14-inch,4GB
2,-0.38671875,8.375,ASUS,16-inch,16GB,Apple,14-inch,8GB
2,-0.0225830078125,5.75,ASUS,16-inch,16GB,Apple,14-inch,16GB
2,-8.875,9.5,ASUS,16-inch,16GB,Apple,16-inch,4GB
2,-5.375,9.5,ASUS,16-inch,16GB,Apple,16-inch,8GB
2,-0.00347900390625,4.0,ASUS,16-inch,16GB,Apple,16-inch,16GB
2,0.000179290771484375,1.75,Lenovo,13-inch,4GB,ASUS,13-inch,4GB
2,-10.875,9.5,Lenovo,13-inch,4GB,ASUS,13-inch,8GB
2,-9.75,9.5,Lenovo,13-inch,4GB,ASUS,13-inch,16GB
2,-0.000301361083984375,2.5,Lenovo,13-inch,4GB,ASUS,14-inch,4GB
2,-11.25,9.5,Lenovo,13-inch,4GB,ASUS,14-inch,8GB
2,-10.625,9.5,Lenovo,13-inch,4GB,ASUS,14-inch,16GB
2,-0.00055694580078125,2.75,Lenovo,13-inch,4GB,ASUS,16-inch,4GB
2,-10.875,9.5,Lenovo,13-inch,4GB,ASUS,16-inch,8GB
2,-9.125,9.5,Lenovo,13-inch,4GB,ASUS,16-inch,16GB
2,-11.125,9.5,Lenovo,13-inch,4GB,Lenovo,13-inch,8GB
2,-10.125,9.5,Lenovo,13-inch,4GB,Lenovo,13-inch,16GB
2,-1.9140625,9.3125,Lenovo,13-inch,4GB,Lenovo,14-inch,4GB
2,-11.625,9.5,Lenovo,13-inch,4GB,Lenovo,14-inch,8GB
2,-10.375,9.5,Lenovo,13-inch,4GB,Lenovo,14-inch,16GB
2,-0.0025634765625,3.75,Lenovo,13-inch,4GB,Lenovo,16-inch,4GB
2,-11.125,9.5,Lenovo,13-inch,4GB,Lenovo,16-inch,8GB
2,-8.5,9.5,Lenovo,13-inch,4GB,Lenovo,16-inch,16GB
2,0.0003147125244140625,1.375,Lenovo,13-inch,4GB,HP,13-inch,4GB
2,-10.75,9.5,Lenovo,13-inch,4GB,HP,13-inch,8GB
2,-10.0,9.5,Lenovo,13-inch,4GB,HP,13-inch,16GB
2,-1.52587890625e-05,2.125,Lenovo,13-inch,4GB,HP,14-inch,4GB
2,-10.75,9.5,Lenovo,13-inch,4GB,HP,14-inch,8GB
2,-10.0,9.5,Lenovo,13-inch,4GB,HP,14-inch,16GB
2,-0.00041961669921875,2.625,Lenovo,13-inch,4GB,HP,16-inch,4GB
2,-9.875,9.5,Lenovo,13-inch,4GB,HP,16-inch,8GB
2,-8.75,9.5,Lenovo,13-inch,4GB,HP,16-inch,16GB
2,0.000179290771484375,1.75,Lenovo,13-inch,4GB,Dell,13-inch,4GB
2,-10.375,9.5,Lenovo,13-inch,4GB,Dell,13-inch,8GB
2,-9.25,9.5,Lenovo,13-inch,4GB,Dell,13-inch,16GB
2,0.0001220703125,1.875,Lenovo,13-inch,4GB,Dell,14-inch,4GB
2,-10.5,9.5,Lenovo,13-inch,4GB,Dell,14-inch,8GB
2,-9.625,9.5,Lenovo,13-inch,4GB,Dell,14-inch,16GB
2,0.0001220703125,1.875,Lenovo,13-inch,4GB,Dell,16-inch,4GB
2,-10.0,9.5,Lenovo,13-inch,4GB,Dell,16-inch,8GB
2,-8.125,9.5,Lenovo,13-inch,4GB,Dell,16-inch,16GB
2,0.0003795623779296875,1.125,Lenovo,13-inch,4GB,Apple,13-inch,4GB
2,-10.5,9.5,Lenovo,13-inch,4GB,Apple,13-inch,8GB
2,-8.875,9.5,Lenovo,13-inch,4GB,Apple,13-inch,16GB
2,0.0003490447998046875,1.25,Lenovo,13-inch,4GB,Apple,14-inch,4GB
2,-10.125,9.5,Lenovo,13-inch,4GB,Apple,14-inch,8GB
2,-9.0,9.5,Lenovo,13-inch,4GB,Apple,14-inch,16GB
2,0.000553131103515625,-0.25,Lenovo,13-inch,4GB,Apple,16-inch,4GB
2,-10.25,9.5,Lenovo,13-inch,4GB,Apple,16-inch,8GB
2,-0.251953125,8.0,Lenovo,13-inch,4GB,Apple,16-inch,16GB
2,-4.5,9.5,Lenovo,13-inch,8GB,ASUS,13-inch,4GB
2,-0.1259765625,7.375,Lenovo,13-inch,8GB,ASUS,13-inch,8GB
2,-0.0091552734375,4.875,Lenovo,13-inch,8GB,ASUS,13-inch,16GB
2,-11.0,9.5,Lenovo,13-inch,8GB,ASUS,14-inch,4GB
2,-0.099609375,7.15625,Lenovo,13-inch,8GB,ASUS,14-inch,8GB
2,-0.004638671875,4.25,Lenovo,13-inch,8GB,ASUS,14-inch,16GB
2,-9.125,9.5,Lenovo,13-inch,8GB,ASUS,16-inch,4GB
2,-0.0693359375,6.8125,Lenovo,13-inch,8GB,ASUS,16-inch,8GB
2,-0.005340576171875,4.375,Lenovo,13-inch,8GB,ASUS,16-inch,16GB
2,-0.004608154296875,4.25,Lenovo,13-inch,8GB,Lenovo,13-inch,4GB
2,-5.25,9.5,Lenovo,13-inch,8GB,Lenovo,13-inch,16GB
2,-8.375,9.5,Lenovo,13-inch,8GB,Lenovo,14-inch,4GB
2,-0.07861328125,6.9375,Lenovo,13-inch,8GB,Lenovo,14-inch,8GB
2,-0.0135498046875,5.25,Lenovo,13-inch,8GB,Lenovo,14-inch,16GB
2,-5.125,9.5,Lenovo,13-inch,8GB,Lenovo,16-inch,4GB
2,-0.0225830078125,5.75,Lenovo,13-inch,8GB,Lenovo,16-inch,8GB
2,-0.00799560546875,4.75,Lenovo,13-inch,8GB,Lenovo,16-inch,16GB
2,-0.82421875,8.9375,Lenovo,13-inch,8GB,HP,13-inch,4GB
2,-0.1591796875,7.59375,Lenovo,13-inch,8GB,HP,13-inch,8GB
2,-0.006103515625,4.5,Lenovo,13-inch,8GB,HP,13-inch,16GB
2,-9.75,9.5,Lenovo,13-inch,8GB,HP,14-inch,4GB
2,-0.0225830078125,5.75,Lenovo,13-inch,8GB,HP,14-inch,8GB
2,-0.00299072265625,3.875,Lenovo,13-inch,8GB,HP,14-inch,16GB
2,-8.25,9.5,Lenovo,13-inch,8GB,HP,16-inch,4GB
2,-0.025634765625,5.84375,Lenovo,13-inch,8GB,HP,16-inch,8GB
2,-0.00347900390625,4.0,Lenovo,13-inch,8GB,HP,16-inch,16GB
2,-4.75,9.5,Lenovo,13-inch,8GB,Dell,13-inch,4GB
2,-0.2001953125,7.8125,Lenovo,13-inch,8GB,Dell,13-inch,8GB
2,-0.002197265625,3.625,Lenovo,13-inch,8GB,Dell,13-inch,16GB
2,-10.875,9.5,Lenovo,13-inch,8GB,Dell,14-inch,4GB
2,-0.00799560546875,4.75,Lenovo,13-inch,8GB,Dell,14-inch,8GB
2,-0.0015716552734375,3.375,Lenovo,13-inch,8GB,Dell,14-inch,16GB
2,-8.875,9.5,Lenovo,13-inch,8GB,Dell,16-inch,4GB
2,-0.017578125,5.46875,Lenovo,13-inch,8GB,Dell,16-inch,8GB
2,-0.002197265625,3.625,Lenovo,13-inch,8GB,Dell,16-inch,16GB
2,-8.5,9.5,Lenovo,13-inch,8GB,Apple,13-inch,4GB
2,-0.017578125,5.46875,Lenovo,13-inch,8GB,Apple,13-inch,8GB
2,-0.00531005859375,4.375,Lenovo,13-inch,8GB,Apple,13-inch,16GB
2,-10.5,9.5,Lenovo,13-inch,8GB,Apple,14-inch,4GB
2,-1.3125,9.1875,Lenovo,13-inch,8GB,Apple,14-inch,8GB
2,-0.00299072265625,3.875,Lenovo,13-inch,8GB,Apple,14-inch,16GB
2,-7.375,9.5,Lenovo,13-inch,8GB,Apple,16-inch,4GB
2,-0.0693359375,6.8125,Lenovo,13-inch,8GB,Apple,16-inch,8GB
2,-0.0025634765625,3.75,Lenovo,13-inch,8GB,Apple,16-inch,16GB
2,-12.375,9.5,Lenovo,13-inch,16GB,ASUS,13-inch,4GB
2,-7.125,9.5,Lenovo,13-inch,16GB,ASUS,13-inch,8GB
2,-0.57421875,8.6875,Lenovo,13-inch,16GB,ASUS,13-inch,16GB
2,-18.625,9.5,Lenovo,13-inch,16GB,ASUS,14-inch,4GB
2,-6.625,9.5,Lenovo,13-inch,16GB,ASUS,14-inch,8GB
2,-0.1591796875,7.59375,Lenovo,13-inch,16GB,ASUS,14-inch,16GB
2,-13.375,9.5,Lenovo,13-inch,16GB,ASUS,16-inch,4GB
2,-6.25,9.5,Lenovo,13-inch,16GB,ASUS,16-inch,8GB
2,-0.0478515625,6.4375,Lenovo,13-inch,16GB,ASUS,16-inch,16GB
2,-6.375,9.5,Lenovo,13-inch,16GB,Lenovo,13-inch,4GB
2,-9.0,9.5,Lenovo,13-inch,16GB,Lenovo,13-inch,8GB
2,-15.5,9.5,Lenovo,13-inch,16GB,Lenovo,14-inch,4GB
2,-7.0,9.5,Lenovo,13-inch,16GB,Lenovo,14-inch,8GB
2,-0.017578125,5.46875,Lenovo,13-inch,16GB,Lenovo,14-inch,16GB
2,-8.125,9.5,Lenovo,13-inch,16GB,Lenovo,16-inch,4GB
2,-6.75,9.5,Lenovo,13-inch,16GB,Lenovo,16-inch,8GB
2,-0.01190185546875,5.125,Lenovo,13-inch,16GB,Lenovo,16-inch,16GB
2,-10.75,9.5,Lenovo,13-inch,16GB,HP,13-inch,4GB
2,-7.0,9.5,Lenovo,13-inch,16GB,HP,13-inch,8GB
2,-0.025634765625,5.84375,Lenovo,13-inch,16GB,HP,13-inch,16GB
2,-18.0,9.5,Lenovo,13-inch,16GB,HP,14-inch,4GB
2,-6.125,9.5,Lenovo,13-inch,16GB,HP,14-inch,8GB
2,-0.017578125,5.46875,Lenovo,13-inch,16GB,HP,14-inch,16GB
2,-11.875,9.5,Lenovo,13-inch,16GB,HP,16-inch,4GB
2,-6.125,9.5,Lenovo,13-inch,16GB,HP,16-inch,8GB
2,-0.033203125,6.09375,Lenovo,13-inch,16GB,HP,16-inch,16GB
2,-11.25,9.5,Lenovo,13-inch,16GB,Dell,13-inch,4GB
2,-7.375,9.5,Lenovo,13-inch,16GB,Dell,13-inch,8GB
2,-0.05419921875,6.5625,Lenovo,13-inch,16GB,Dell,13-inch,16GB
2,-18.0,9.5,Lenovo,13-inch,16GB,Dell,14-inch,4GB
2,-6.125,9.5,Lenovo,13-inch,16GB,Dell,14-inch,8GB
2,-0.04248046875,6.3125,Lenovo,13-inch,16GB,Dell,14-inch,16GB
2,-12.75,9.5,Lenovo,13-inch,16GB,Dell,16-inch,4GB
2,-6.125,9.5,Lenovo,13-inch,16GB,Dell,16-inch,8GB
2,-0.0135498046875,5.25,Lenovo,13-inch,16GB,Dell,16-inch,16GB
2,-13.25,9.5,Lenovo,13-inch,16GB,Apple,13-inch,4GB
2,-5.75,9.5,Lenovo,13-inch,16GB,Apple,13-inch,8GB
2,-0.251953125,8.0,Lenovo,13-inch,16GB,Apple,13-inch,16GB
2,-15.625,9.5,Lenovo,13-inch,16GB,Apple,14-inch,4GB
2,-6.125,9.5,Lenovo,13-inch,16GB,Apple,14-inch,8GB
2,-1.5,9.25,Lenovo,13-inch,16GB,Apple,14-inch,16GB
2,-10.25,9.5,Lenovo,13-inch,16GB,Apple,16-inch,4GB
2,-5.0,9.5,Lenovo,13-inch,16GB,Apple,16-inch,8GB
2,-0.0693359375,6.8125,Lenovo,13-inch,16GB,Apple,16-inch,16GB
2,0.000179290771484375,1.75,Lenovo,14-inch,4GB,ASUS,13-inch,4GB
2,-12.125,9.5,Lenovo,14-inch,4GB,ASUS,13-inch,8GB
2,-11.25,9.5,Lenovo,14-inch,4GB,ASUS,13-inch,16GB
2,0.000179290771484375,1.75,Lenovo,14-inch,4GB,ASUS,14-inch,4GB
2,-11.75,9.5,Lenovo,14-inch,4GB,ASUS,14-inch,8GB
2,-10.625,9.5,Lenovo,14-inch,4GB,ASUS,14-inch,16GB
2,-0.0007171630859375,2.875,Lenovo,14-inch,4GB,ASUS,16-inch,4GB
2,-11.5,9.5,Lenovo,14-inch,4GB,ASUS,16-inch,8GB
2,-10.0,9.5,Lenovo,14-inch,4GB,ASUS,16-inch,16GB
2,0.0003147125244140625,1.375,Lenovo,14-inch,4GB,Lenovo,13-inch,4GB
2,-13.5,9.5,Lenovo,14-inch,4GB,Lenovo,13-inch,8GB
2,-13.125,9.5,Lenovo,14-inch,4GB,Lenovo,13-inch,16GB
2,-12.0,9.5,Lenovo,14-inch,4GB,Lenovo,14-inch,8GB
2,-11.125,9.5,Lenovo,14-inch,4GB,Lenovo,14-inch,16GB
2,-0.0015716552734375,3.375,Lenovo,14-inch,4GB,Lenovo,16-inch,4GB
2,-12.125,9.5,Lenovo,14-inch,4GB,Lenovo,16-inch,8GB
2,-9.625,9.5,Lenovo,14-inch,4GB,Lenovo,16-inch,16GB
2,0.0003490447998046875,1.25,Lenovo,14-inch,4GB,HP,13-inch,4GB
2,-11.625,9.5,Lenovo,14-inch,4GB,HP,13-inch,8GB
2,-11.125,9.5,Lenovo,14-inch,4GB,HP,13-inch,16GB
2,0.000274658203125,1.5,Lenovo,14-inch,4GB,HP,14-inch,4GB
2,-11.625,9.5,Lenovo,14-inch,4GB,HP,14-inch,8GB
2,-10.625,9.5,Lenovo,14-inch,4GB,HP,14-inch,16GB
2,-0.000301361083984375,2.5,Lenovo,14-inch,4GB,HP,16-inch,4GB
2,-11.0,9.5,Lenovo,14-inch,4GB,HP,16-inch,8GB
2,-9.5,9.5,Lenovo,14-inch,4GB,HP,16-inch,16GB
2,0.0002307891845703125,1.625,Lenovo,14-inch,4GB,Dell,13-inch,4GB
2,-11.25,9.5,Lenovo,14-inch,4GB,Dell,13-inch,8GB
2,-11.0,9.5,Lenovo,14-inch,4GB,Dell,13-inch,16GB
2,0.0001220703125,1.875,Lenovo,14-inch,4GB,Dell,14-inch,4GB
2,-10.75,9.5,Lenovo,14-inch,4GB,Dell,14-inch,8GB
2,-10.125,9.5,Lenovo,14-inch,4GB,Dell,14-inch,16GB
2,-1.52587890625e-05,2.125,Lenovo,14-inch,4GB,Dell,16-inch,4GB
2,-10.75,9.5,Lenovo,14-inch,4GB,Dell,16-inch,8GB
2,-8.875,9.5,Lenovo,14-inch,4GB,Dell,16-inch,16GB
2,0.0003795623779296875,1.125,Lenovo,14-inch,4GB,Apple,13-inch,4GB
2,-9.875,9.5,Lenovo,14-inch,4GB,Apple,13-inch,8GB
2,-9.25,9.5,Lenovo,14-inch,4GB,Apple,13-inch,16GB
2,0.00048828125,0.5,Lenovo,14-inch,4GB,Apple,14-inch,4GB
2,-10.875,9.5,Lenovo,14-inch,4GB,Apple,14-inch,8GB
2,-9.375,9.5,Lenovo,14-inch,4GB,Apple,14-inch,16GB
2,0.000514984130859375,0.25,Lenovo,14-inch,4GB,Apple,16-inch,4GB
2,-10.5,9.5,Lenovo,14-inch,4GB,Apple,16-inch,8GB
2,-6.875,9.5,Lenovo,14-inch,4GB,Apple,16-inch,16GB
2,-7.0,9.5,Lenovo,14-inch,8GB,ASUS,13-inch,4GB
2,-1.140625,9.125,Lenovo,14-inch,8GB,ASUS,13-inch,8GB
2,-0.03759765625,6.21875,Lenovo,14-inch,8GB,ASUS,13-inch,16GB
2,-0.251953125,8.0,Lenovo,14-inch,8GB,ASUS,14-inch,4GB
2,-0.0693359375,6.8125,Lenovo,14-inch,8GB,ASUS,14-inch,8GB
2,-0.01043701171875,5.0,Lenovo,14-inch,8GB,ASUS,14-inch,16GB
2,-7.5,9.5,Lenovo,14-inch,8GB,ASUS,16-inch,4GB
2,-0.017578125,5.46875,Lenovo,14-inch,8GB,ASUS,16-inch,8GB
2,-0.006103515625,4.5,Lenovo,14-inch,8GB,ASUS,16-inch,16GB
2,-0.0225830078125,5.75,Lenovo,14-inch,8GB,Lenovo,13-inch,4GB
2,-0.2001953125,7.8125,Lenovo,14-inch,8GB,Lenovo,13-inch,8GB
2,-6.5,9.5,Lenovo,14-inch,8GB,Lenovo,13-inch,16GB
2,-0.001861572265625,3.5,Lenovo,14-inch,8GB,Lenovo,14-inch,4GB
2,-6.125,9.5,Lenovo,14-inch,8GB,Lenovo,14-inch,16GB
2,-0.38671875,8.375,Lenovo,14-inch,8GB,Lenovo,16-inch,4GB
2,-0.0091552734375,4.875,Lenovo,14-inch,8GB,Lenovo,16-inch,8GB
2,-0.015380859375,5.34375,Lenovo,14-inch,8GB,Lenovo,16-inch,16GB
2,-5.75,9.5,Lenovo,14-inch,8GB,HP,13-inch,4GB
2,-0.07861328125,6.9375,Lenovo,14-inch,8GB,HP,13-inch,8GB
2,-0.0291748046875,5.96875,Lenovo,14-inch,8GB,HP,13-inch,16GB
2,-0.0225830078125,5.75,Lenovo,14-inch,8GB,HP,14-inch,4GB
2,-0.04248046875,6.3125,Lenovo,14-inch,8GB,HP,14-inch,8GB
2,-0.01190185546875,5.125,Lenovo,14-inch,8GB,HP,14-inch,16GB
2,-7.25,9.5,Lenovo,14-inch,8GB,HP,16-inch,4GB
2,-0.0091552734375,4.875,Lenovo,14-inch,8GB,HP,16-inch,8GB
2,-0.0040283203125,4.125,Lenovo,14-inch,8GB,HP,16-inch,16GB
2,-8.0,9.5,Lenovo,14-inch,8GB,Dell,13-inch,4GB
2,-0.0291748046875,5.96875,Lenovo,14-inch,8GB,Dell,13-inch,8GB
2,-0.006988525390625,4.625,Lenovo,14-inch,8GB,Dell,13-inch,16GB
2,-2.578125,9.4375,Lenovo,14-inch,8GB,Dell,14-inch,4GB
2,-0.1591796875,7.59375,Lenovo,14-inch,8GB,Dell,14-inch,8GB
2,-0.0040283203125,4.125,Lenovo,14-inch,8GB,Dell,14-inch,16GB
2,-7.25,9.5,Lenovo,14-inch,8GB,Dell,16-inch,4GB
2,-0.006988525390625,4.625,Lenovo,14-inch,8GB,Dell,16-inch,8GB
2,-0.002197265625,3.625,Lenovo,14-inch,8GB,Dell,16-inch,16GB
2,-9.75,9.5,Lenovo,14-inch,8GB,Apple,13-inch,4GB
2,-1.140625,9.125,Lenovo,14-inch,8GB,Apple,13-inch,8GB
2,-0.002197265625,3.625,Lenovo,14-inch,8GB,Apple,13-inch,16GB
2,-8.75,9.5,Lenovo,14-inch,8GB,Apple,14-inch,4GB
2,-0.3125,8.1875,Lenovo,14-inch,8GB,Apple,14-inch,8GB
2,-0.006103515625,4.5,Lenovo,14-inch,8GB,Apple,14-inch,16GB
2,-7.125,9.5,Lenovo,14-inch,8GB,Apple,16-inch,4GB
2,-0.0291748046875,5.96875,Lenovo,14-inch,8GB,Apple,16-inch,8GB
2,-0.0025634765625,3.75,Lenovo,14-inch,8GB,Apple,16-inch,16GB
2,-14.625,9.5,Lenovo,14-inch,16GB,ASUS,13-inch,4GB
2,-4.75,9.5,Lenovo,14-inch,16GB,ASUS,13-inch,8GB
2,-1.9140625,9.3125,Lenovo,14-inch,16GB,ASUS,13-inch,16GB
2,-8.625,9.5,Lenovo,14-inch,16GB,ASUS,14-inch,4GB
2,-6.875,9.5,Lenovo,14-inch,16GB,ASUS,14-inch,8GB
2,-0.1591796875,7.59375,Lenovo,14-inch,16GB,ASUS,14-inch,16GB
2,-11.125,9.5,Lenovo,14-inch,16GB,ASUS,16-inch,4GB
2,-5.625,9.5,Lenovo,14-inch,16GB,ASUS,16-inch,8GB
2,-0.01190185546875,5.125,Lenovo,14-inch,16GB,ASUS,16-inch,16GB
2,-10.5,9.5,Lenovo,14-inch,16GB,Lenovo,13-inch,4GB
2,-5.5,9.5,Lenovo,14-inch,16GB,Lenovo,13-inch,8GB
2,-0.0225830078125,5.75,Lenovo,14-inch,16GB,Lenovo,13-inch,16GB
2,-0.00799560546875,4.75,Lenovo,14-inch,16GB,Lenovo,14-inch,4GB
2,-8.5,9.5,Lenovo,14-inch,16GB,Lenovo,14-inch,8GB
2,-5.375,9.5,Lenovo,14-inch,16GB,Lenovo,16-inch,4GB
2,-6.5,9.5,Lenovo,14-inch,16GB,Lenovo,16-inch,8GB
2,-0.006103515625,4.5,Lenovo,14-inch,16GB,Lenovo,16-inch,16GB
2,-13.625,9.5,Lenovo,14-inch,16GB,HP,13-inch,4GB
2,-4.5,9.5,Lenovo,14-inch,16GB,HP,13-inch,8GB
2,-0.0478515625,6.4375,Lenovo,14-inch,16GB,HP,13-inch,16GB
2,-7.125,9.5,Lenovo,14-inch,16GB,HP,14-inch,4GB
2,-6.375,9.5,Lenovo,14-inch,16GB,HP,14-inch,8GB
2,-0.0135498046875,5.25,Lenovo,14-inch,16GB,HP,14-inch,16GB
2,-9.875,9.5,Lenovo,14-inch,16GB,HP,16-inch,4GB
2,-5.75,9.5,Lenovo,14-inch,16GB,HP,16-inch,8GB
2,-0.0091552734375,4.875,Lenovo,14-inch,16GB,HP,16-inch,16GB
2,-15.0,9.5,Lenovo,14-inch,16GB,Dell,13-inch,4GB
2,-0.0615234375,6.6875,Lenovo,14-inch,16GB,Dell,13-inch,8GB
2,-0.2001953125,7.8125,Lenovo,14-inch,16GB,Dell,13-inch,16GB
2,-8.5,9.5,Lenovo,14-inch,16GB,Dell,14-inch,4GB
2,-6.375,9.5,Lenovo,14-inch,16GB,Dell,14-inch,8GB
2,-0.04248046875,6.3125,Lenovo,14-inch,16GB,Dell,14-inch,16GB
2,-10.5,9.5,Lenovo,14-inch,16GB,Dell,16-inch,4GB
2,-5.25,9.5,Lenovo,14-inch,16GB,Dell,16-inch,8GB
2,-0.006988525390625,4.625,Lenovo,14-inch,16GB,Dell,16-inch,16GB
2,-13.75,9.5,Lenovo,14-inch,16GB,Apple,13-inch,4GB
2,-0.0291748046875,5.96875,Lenovo,14-inch,16GB,Apple,13-inch,8GB
2,-0.38671875,8.375,Lenovo,14-inch,16GB,Apple,13-inch,16GB
2,-10.25,9.5,Lenovo,14-inch,16GB,Apple,14-inch,4GB
2,-3.53125,9.5,Lenovo,14-inch,16GB,Apple,14-inch,8GB
2,-0.82421875,8.9375,Lenovo,14-inch,16GB,Apple,14-inch,16GB
2,-9.5,9.5,Lenovo,14-inch,16GB,Apple,16-inch,4GB
2,-0.251953125,8.0,Lenovo,14-inch,16GB,Apple,16-inch,8GB
2,-0.099609375,7.15625,Lenovo,14-inch,16GB,Apple,16-inch,16GB
2,-7.25,9.5,Lenovo,16-inch,4GB,ASUS,13-inch,4GB
2,-11.75,9.5,Lenovo,16-inch,4GB,ASUS,13-inch,8GB
2,-11.625,9.5,Lenovo,16-inch,4GB,ASUS,13-inch,16GB
2,-7.5,9.5,Lenovo,16-inch,4GB,ASUS,14-inch,4GB
2,-11.75,9.5,Lenovo,16-inch,4GB,ASUS,14-inch,8GB
2,-12.125,9.5,Lenovo,16-inch,4GB,ASUS,14-inch,16GB
2,-0.3125,8.1875,Lenovo,16-inch,4GB,ASUS,16-inch,4GB
2,-12.5,9.5,Lenovo,16-inch,4GB,ASUS,16-inch,8GB
2,-9.875,9.5,Lenovo,16-inch,4GB,ASUS,16-inch,16GB
2,-3.53125,9.5,Lenovo,16-inch,4GB,Lenovo,13-inch,4GB
2,-12.875,9.5,Lenovo,16-inch,4GB,Lenovo,13-inch,8GB
2,-12.625,9.5,Lenovo,16-inch,4GB,Lenovo,13-inch,16GB
2,-5.0,9.5,Lenovo,16-inch,4GB,Lenovo,14-inch,4GB
2,-13.25,9.5,Lenovo,16-inch,4GB,Lenovo,14-inch,8GB
2,-13.25,9.5,Lenovo,16-inch,4GB,Lenovo,14-inch,16GB
2,-11.75,9.5,Lenovo,16-inch,4GB,Lenovo,16-inch,8GB
2,-10.125,9.5,Lenovo,16-inch,4GB,Lenovo,16-inch,16GB
2,-6.625,9.5,Lenovo,16-inch,4GB,HP,13-inch,4GB
2,-10.75,9.5,Lenovo,16-inch,4GB,HP,13-inch,8GB
2,-11.125,9.5,Lenovo,16-inch,4GB,HP,13-inch,16GB
2,-7.0,9.5,Lenovo,16-inch,4GB,HP,14-inch,4GB
2,-11.0,9.5,Lenovo,16-inch,4GB,HP,14-inch,8GB
2,-11.875,9.5,Lenovo,16-inch,4GB,HP,14-inch,16GB
2,-0.015380859375,5.34375,Lenovo,16-inch,4GB,HP,16-inch,4GB
2,-11.875,9.5,Lenovo,16-inch,4GB,HP,16-inch,8GB
2,-9.75,9.5,Lenovo,16-inch,4GB,HP,16-inch,16GB
2,-6.625,9.5,Lenovo,16-inch,4GB,Dell,13-inch,4GB
2,-10.75,9.5,Lenovo,16-inch,4GB,Dell,13-inch,8GB
2,-11.25,9.5,Lenovo,16-inch,4GB,Dell,13-inch,16GB
2,-7.25,9.5,Lenovo,16-inch,4GB,Dell,14-inch,4GB
2,-11.0,9.5,Lenovo,16-inch,4GB,Dell,14-inch,8GB
2,-11.5,9.5,Lenovo,16-inch,4GB,Dell,14-inch,16GB
2,-0.099609375,7.15625,Lenovo,16-inch,4GB,Dell,16-inch,4GB
2,-11.375,9.5,Lenovo,16-inch,4GB,Dell,16-inch,8GB
2,-9.125,9.5,Lenovo,16-inch,4GB,Dell,16-inch,16GB
2,-4.875,9.5,Lenovo,16-inch,4GB,Apple,13-inch,4GB
2,-10.125,9.5,Lenovo,16-inch,4GB,Apple,13-inch,8GB
2,-9.25,9.5,Lenovo,16-inch,4GB,Apple,13-inch,16GB
2,-4.875,9.5,Lenovo,16-inch,4GB,Apple,14-inch,4GB
2,-10.625,9.5,Lenovo,16-inch,4GB,Apple,14-inch,8GB
2,-9.75,9.5,Lenovo,16-inch,4GB,Apple,14-inch,16GB
2,-0.0025634765625,3.75,Lenovo,16-inch,4GB,Apple,16-inch,4GB
2,-12.0,9.5,Lenovo,16-inch,4GB,Apple,16-inch,8GB
2,-8.625,9.5,Lenovo,16-inch,4GB,Apple,16-inch,16GB
2,-9.5,9.5,Lenovo,16-inch,8GB,ASUS,13-inch,4GB
2,-3.53125,9.5,Lenovo,16-inch,8GB,ASUS,13-inch,8GB
2,-0.004638671875,4.25,Lenovo,16-inch,8GB,ASUS,13-inch,16GB
2,-9.75,9.5,Lenovo,16-inch,8GB,ASUS,14-inch,4GB
2,-3.40625,9.4375,Lenovo,16-inch,8GB,ASUS,14-inch,8GB
2,-0.017578125,5.46875,Lenovo,16-inch,8GB,ASUS,14-inch,16GB
2,-0.00055694580078125,2.75,Lenovo,16-inch,8GB,ASUS,16-inch,4GB
2,-0.251953125,8.0,Lenovo,16-inch,8GB,ASUS,16-inch,8GB
2,-0.002197265625,3.625,Lenovo,16-inch,8GB,ASUS,16-inch,16GB
2,-7.5,9.5,Lenovo,16-inch,8GB,Lenovo,13-inch,4GB
2,-4.375,9.5,Lenovo,16-inch,8GB,Lenovo,13-inch,8GB
2,-0.251953125,8.0,Lenovo,16-inch,8GB,Lenovo,13-inch,16GB
2,-7.5,9.5,Lenovo,16-inch,8GB,Lenovo,14-inch,4GB
2,-4.75,9.5,Lenovo,16-inch,8GB,Lenovo,14-inch,8GB
2,-6.0,9.5,Lenovo,16-inch,8GB,Lenovo,14-inch,16GB
2,-0.000194549560546875,2.375,Lenovo,16-inch,8GB,Lenovo,16-inch,4GB
2,-6.0,9.5,Lenovo,16-inch,8GB,Lenovo,16-inch,16GB
2,-8.625,9.5,Lenovo,16-inch,8GB,HP,13-inch,4GB
2,-0.57421875,8.6875,Lenovo,16-inch,8GB,HP,13-inch,8GB
2,-0.002197265625,3.625,Lenovo,16-inch,8GB,HP,13-inch,16GB
2,-8.75,9.5,Lenovo,16-inch,8GB,HP,14-inch,4GB
2,-1.8046875,9.3125,Lenovo,16-inch,8GB,HP,14-inch,8GB
2,-0.0091552734375,4.875,Lenovo,16-inch,8GB,HP,14-inch,16GB
2,-1.52587890625e-05,2.125,Lenovo,16-inch,8GB,HP,16-inch,4GB
2,-0.251953125,8.0,Lenovo,16-inch,8GB,HP,16-inch,8GB
2,-0.00109100341796875,3.125,Lenovo,16-inch,8GB,HP,16-inch,16GB
2,-9.75,9.5,Lenovo,16-inch,8GB,Dell,13-inch,4GB
2,-0.033203125,6.09375,Lenovo,16-inch,8GB,Dell,13-inch,8GB
2,-0.001861572265625,3.5,Lenovo,16-inch,8GB,Dell,13-inch,16GB
2,-10.25,9.5,Lenovo,16-inch,8GB,Dell,14-inch,4GB
2,-0.251953125,8.0,Lenovo,16-inch,8GB,Dell,14-inch,8GB
2,-0.004638671875,4.25,Lenovo,16-inch,8GB,Dell,14-inch,16GB
2,0.0001220703125,1.875,Lenovo,16-inch,8GB,Dell,16-inch,4GB
2,-1.3125,9.1875,Lenovo,16-inch,8GB,Dell,16-inch,8GB
2,-0.00089263916015625,3.0,Lenovo,16-inch,8GB,Dell,16-inch,16GB
2,-12.0,9.5,Lenovo,16-inch,8GB,Apple,13-inch,4GB
2,-0.97265625,9.0,Lenovo,16-inch,8GB,Apple,13-inch,8GB
2,-0.000194549560546875,2.375,Lenovo,16-inch,8GB,Apple,13-inch,16GB
2,-12.875,9.5,Lenovo,16-inch,8GB,Apple,14-inch,4GB
2,-2.578125,9.4375,Lenovo,16-inch,8GB,Apple,14-inch,8GB
2,-0.00041961669921875,2.625,Lenovo,16-inch,8GB,Apple,14-inch,16GB
2,-2.125,9.375,Lenovo,16-inch,8GB,Apple,16-inch,4GB
2,-0.015380859375,5.34375,Lenovo,16-inch,8GB,Apple,16-inch,8GB
2,-0.0007171630859375,2.875,Lenovo,16-inch,8GB,Apple,16-inch,16GB
2,-15.375,9.5,Lenovo,16-inch,16GB,ASUS,13-inch,4GB
2,-2.8125,9.4375,Lenovo,16-inch,16GB,ASUS,13-inch,8GB
2,-5.125,9.5,Lenovo,16-inch,16GB,ASUS,13-inch,16GB
2,-15.125,9.5,Lenovo,16-inch,16GB,ASUS,14-inch,4GB
2,-4.25,9.5,Lenovo,16-inch,16GB,ASUS,14-inch,8GB
2,-4.15625,9.5,Lenovo,16-inch,16GB,ASUS,14-inch,16GB
2,-6.25,9.5,Lenovo,16-inch,16GB,ASUS,16-inch,4GB
2,-7.0,9.5,Lenovo,16-inch,16GB,ASUS,16-inch,8GB
2,-2.015625,9.375,Lenovo,16-inch,16GB,ASUS,16-inch,16GB
2,-13.25,9.5,Lenovo,16-inch,16GB,Lenovo,13-inch,4GB
2,-0.69140625,8.8125,Lenovo,16-inch,16GB,Lenovo,13-inch,8GB
2,-4.15625,9.5,Lenovo,16-inch,16GB,Lenovo,13-inch,16GB
2,-12.125,9.5,Lenovo,16-inch,16GB,Lenovo,14-inch,4GB
2,-2.578125,9.4375,Lenovo,16-inch,16GB,Lenovo,14-inch,8GB
2,-3.765625,9.5,Lenovo,16-inch,16GB,Lenovo,14-inch,16GB
2,-0.006103515625,4.5,Lenovo,16-inch,16GB,Lenovo,16-inch,4GB
2,-8.375,9.5,Lenovo,16-inch,16GB,Lenovo,16-inch,8GB
2,-14.625,9.5,Lenovo,16-inch,16GB,HP,13-inch,4GB
2,-0.69140625,8.8125,Lenovo,16-inch,16GB,HP,13-inch,8GB
2,-4.15625,9.5,Lenovo,16-inch,16GB,HP,13-inch,16GB
2,-14.5,9.5,Lenovo,16-inch,16GB,HP,14-inch,4GB
2,-2.125,9.375,Lenovo,16-inch,16GB,HP,14-inch,8GB
2,-2.6875,9.4375,Lenovo,16-inch,16GB,HP,14-inch,16GB
2,-3.765625,9.5,Lenovo,16-inch,16GB,HP,16-inch,4GB
2,-6.625,9.5,Lenovo,16-inch,16GB,HP,16-inch,8GB
2,-0.1591796875,7.59375,Lenovo,16-inch,16GB,HP,16-inch,16GB
2,-15.375,9.5,Lenovo,16-inch,16GB,Dell,13-inch,4GB
2,-0.1259765625,7.375,Lenovo,16-inch,16GB,Dell,13-inch,8GB
2,-3.890625,9.5,Lenovo,16-inch,16GB,Dell,13-inch,16GB
2,-15.625,9.5,Lenovo,16-inch,16GB,Dell,14-inch,4GB
2,-0.3125,8.1875,Lenovo,16-inch,16GB,Dell,14-inch,8GB
2,-2.015625,9.375,Lenovo,16-inch,16GB,Dell,14-inch,16GB
2,-4.25,9.5,Lenovo,16-inch,16GB,Dell,16-inch,4GB
2,-7.125,9.5,Lenovo,16-inch,16GB,Dell,16-inch,8GB
2,-0.08837890625,7.03125,Lenovo,16-inch,16GB,Dell,16-inch,16GB
2,-13.375,9.5,Lenovo,16-inch,16GB,Apple,13-inch,4GB
2,-0.2001953125,7.8125,Lenovo,16-inch,16GB,Apple,13-inch,8GB
2,-0.0615234375,6.6875,Lenovo,16-inch,16GB,Apple,13-inch,16GB
2,-14.5,9.5,Lenovo,16-inch,16GB,Apple,14-inch,4GB
2,-0.97265625,9.0,Lenovo,16-inch,16GB,Apple,14-inch,8GB
2,-0.0478515625,6.4375,Lenovo,16-inch,16GB,Apple,14-inch,16GB
2,-8.25,9.5,Lenovo,16-inch,16GB,Apple,16-inch,4GB
2,-5.0,9.5,Lenovo,16-inch,16GB,Apple,16-inch,8GB
2,-0.004638671875,4.25,Lenovo,16-inch,16GB,Apple,16-inch,16GB
2,-0.00055694580078125,2.75,HP,13-inch,4GB,ASUS,13-inch,4GB
2,-11.5,9.5,HP,13-inch,4GB,ASUS,13-inch,8GB
2,-9.625,9.5,HP,13-inch,4GB,ASUS,13-inch,16GB
2,-0.003997802734375,4.125,HP,13-inch,4GB,ASUS,14-inch,4GB
2,-11.375,9.5,HP,13-inch,4GB,ASUS,14-inch,8GB
2,-10.0,9.5,HP,13-inch,4GB,ASUS,14-inch,16GB
2,-0.00347900390625,4.0,HP,13-inch,4GB,ASUS,16-inch,4GB
2,-11.0,9.5,HP,13-inch,4GB,ASUS,16-inch,8GB
2,-9.0,9.5,HP,13-inch,4GB,ASUS,16-inch,16GB
2,-0.0007171630859375,2.875,HP,13-inch,4GB,Lenovo,13-inch,4GB
2,-10.875,9.5,HP,13-inch,4GB,Lenovo,13-inch,8GB
2,-9.5,9.5,HP,13-inch,4GB,Lenovo,13-inch,16GB
2,-0.0015716552734375,3.375,HP,13-inch,4GB,Lenovo,14-inch,4GB
2,-11.125,9.5,HP,13-inch,4GB,Lenovo,14-inch,8GB
2,-10.0,9.5,HP,13-inch,4GB,Lenovo,14-inch,16GB
2,-0.0015716552734375,3.375,HP,13-inch,4GB,Lenovo,16-inch,4GB
2,-10.625,9.5,HP,13-inch,4GB,Lenovo,16-inch,8GB
2,-8.75,9.5,HP,13-inch,4GB,Lenovo,16-inch,16GB
2,-11.25,9.5,HP,13-inch,4GB,HP,13-inch,8GB
2,-10.625,9.5,HP,13-inch,4GB,HP,13-inch,16GB
2,-3.28125,9.4375,HP,13-inch,4GB,HP,14-inch,4GB
2,-11.875,9.5,HP,13-inch,4GB,HP,14-inch,8GB
2,-10.875,9.5,HP,13-inch,4GB,HP,14-inch,16GB
2,-0.00347900390625,4.0,HP,13-inch,4GB,HP,16-inch,4GB
2,-11.125,9.5,HP,13-inch,4GB,HP,16-inch,8GB
2,-8.875,9.5,HP,13-inch,4GB,HP,16-inch,16GB
2,0.000179290771484375,1.75,HP,13-inch,4GB,Dell,13-inch,4GB
2,-10.625,9.5,HP,13-inch,4GB,Dell,13-inch,8GB
2,-9.625,9.5,HP,13-inch,4GB,Dell,13-inch,16GB
2,-0.000301361083984375,2.5,HP,13-inch,4GB,Dell,14-inch,4GB
2,-10.75,9.5,HP,13-inch,4GB,Dell,14-inch,8GB
2,-9.5,9.5,HP,13-inch,4GB,Dell,14-inch,16GB
2,-0.0007171630859375,2.875,HP,13-inch,4GB,Dell,16-inch,4GB
2,-10.25,9.5,HP,13-inch,4GB,Dell,16-inch,8GB
2,-7.875,9.5,HP,13-inch,4GB,Dell,16-inch,16GB
2,0.000274658203125,1.5,HP,13-inch,4GB,Apple,13-inch,4GB
2,-10.5,9.5,HP,13-inch,4GB,Apple,13-inch,8GB
2,-9.125,9.5,HP,13-inch,4GB,Apple,13-inch,16GB
2,0.000179290771484375,1.75,HP,13-inch,4GB,Apple,14-inch,4GB
2,-10.5,9.5,HP,13-inch,4GB,Apple,14-inch,8GB
2,-9.5,9.5,HP,13-inch,4GB,Apple,14-inch,16GB
2,0.0004863739013671875,0.5,HP,13-inch,4GB,Apple,16-inch,4GB
2,-10.375,9.5,HP,13-inch,4GB,Apple,16-inch,8GB
2,-5.875,9.5,HP,13-inch,4GB,Apple,16-inch,16GB
2,-3.046875,9.4375,HP,13-inch,8GB,ASUS,13-inch,4GB
2,-0.0291748046875,5.96875,HP,13-inch,8GB,ASUS,13-inch,8GB
2,-0.00799560546875,4.75,HP,13-inch,8GB,ASUS,13-inch,16GB
2,-10.875,9.5,HP,13-inch,8GB,ASUS,14-inch,4GB
2,-0.97265625,9.0,HP,13-inch,8GB,ASUS,14-inch,8GB
2,-0.005340576171875,4.375,HP,13-inch,8GB,ASUS,14-inch,16GB
2,-9.625,9.5,HP,13-inch,8GB,ASUS,16-inch,4GB
2,-0.38671875,8.375,HP,13-inch,8GB,ASUS,16-inch,8GB
2,-0.005340576171875,4.375,HP,13-inch,8GB,ASUS,16-inch,16GB
2,-2.34375,9.375,HP,13-inch,8GB,Lenovo,13-inch,4GB
2,-0.07861328125,6.9375,HP,13-inch,8GB,Lenovo,13-inch,8GB
2,-0.00531005859375,4.375,HP,13-inch,8GB,Lenovo,13-inch,16GB
2,-10.875,9.5,HP,13-inch,8GB,Lenovo,14-inch,4GB
2,-0.57421875,8.6875,HP,13-inch,8GB,Lenovo,14-inch,8GB
2,-0.0040283203125,4.125,HP,13-inch,8GB,Lenovo,14-inch,16GB
2,-9.75,9.5,HP,13-inch,8GB,Lenovo,16-inch,4GB
2,-0.251953125,8.0,HP,13-inch,8GB,Lenovo,16-inch,8GB
2,-0.0025787353515625,3.75,HP,13-inch,8GB,Lenovo,16-inch,16GB
2,-0.006103515625,4.5,HP,13-inch,8GB,HP,13-inch,4GB
2,-5.5,9.5,HP,13-inch,8GB,HP,13-inch,16GB
2,-8.625,9.5,HP,13-inch,8GB,HP,14-inch,4GB
2,-0.03759765625,6.21875,HP,13-inch,8GB,HP,14-inch,8GB
2,-0.017578125,5.46875,HP,13-inch,8GB,HP,14-inch,16GB
2,-5.875,9.5,HP,13-inch,8GB,HP,16-inch,4GB
2,-0.0291748046875,5.96875,HP,13-inch,8GB,HP,16-inch,8GB
2,-0.01043701171875,5.0,HP,13-inch,8GB,HP,16-inch,16GB
2,-4.75,9.5,HP,13-inch,8GB,Dell,13-inch,4GB
2,-0.099609375,7.15625,HP,13-inch,8GB,Dell,13-inch,8GB
2,-0.00299072265625,3.875,HP,13-inch,8GB,Dell,13-inch,16GB
2,-10.875,9.5,HP,13-inch,8GB,Dell,14-inch,4GB
2,-0.0478515625,6.4375,HP,13-inch,8GB,Dell,14-inch,8GB
2,-0.0018768310546875,3.5,HP,13-inch,8GB,Dell,14-inch,16GB
2,-9.0,9.5,HP,13-inch,8GB,Dell,16-inch,4GB
2,-0.025634765625,5.84375,HP,13-inch,8GB,Dell,16-inch,8GB
2,-0.0018768310546875,3.5,HP,13-inch,8GB,Dell,16-inch,16GB
2,-8.875,9.5,HP,13-inch,8GB,Apple,13-inch,4GB
2,-0.099609375,7.15625,HP,13-inch,8GB,Apple,13-inch,8GB
2,-0.004638671875,4.25,HP,13-inch,8GB,Apple,13-inch,16GB
2,-11.0,9.5,HP,13-inch,8GB,Apple,14-inch,4GB
2,-4.03125,9.5,HP,13-inch,8GB,Apple,14-inch,8GB
2,-0.00347900390625,4.0,HP,13-inch,8GB,Apple,14-inch,16GB
2,-7.5,9.5,HP,13-inch,8GB,Apple,16-inch,4GB
2,-0.474609375,8.5,HP,13-inch,8GB,Apple,16-inch,8GB
2,-0.0025634765625,3.75,HP,13-inch,8GB,Apple,16-inch,16GB
2,-12.25,9.5,HP,13-inch,16GB,ASUS,13-inch,4GB
2,-6.875,9.5,HP,13-inch,16GB,ASUS,13-inch,8GB
2,-0.0225830078125,5.75,HP,13-inch,16GB,ASUS,13-inch,16GB
2,-18.125,9.5,HP,13-inch,16GB,ASUS,14-inch,4GB
2,-6.375,9.5,HP,13-inch,16GB,ASUS,14-inch,8GB
2,-1.140625,9.125,HP,13-inch,16GB,ASUS,14-inch,16GB
2,-13.125,9.5,HP,13-inch,16GB,ASUS,16-inch,4GB
2,-6.25,9.5,HP,13-inch,16GB,ASUS,16-inch,8GB
2,-0.1123046875,7.25,HP,13-inch,16GB,ASUS,16-inch,16GB
2,-12.375,9.5,HP,13-inch,16GB,Lenovo,13-inch,4GB
2,-7.0,9.5,HP,13-inch,16GB,Lenovo,13-inch,8GB
2,-0.017578125,5.46875,HP,13-inch,16GB,Lenovo,13-inch,16GB
2,-18.375,9.5,HP,13-inch,16GB,Lenovo,14-inch,4GB
2,-5.75,9.5,HP,13-inch,16GB,Lenovo,14-inch,8GB
2,-0.38671875,8.375,HP,13-inch,16GB,Lenovo,14-inch,16GB
2,-13.5,9.5,HP,13-inch,16GB,Lenovo,16-inch,4GB
2,-6.5,9.5,HP,13-inch,16GB,Lenovo,16-inch,8GB
2,-0.099609375,7.15625,HP,13-inch,16GB,Lenovo,16-inch,16GB
2,-8.125,9.5,HP,13-inch,16GB,HP,13-inch,4GB
2,-8.625,9.5,HP,13-inch,16GB,HP,13-inch,8GB
2,-15.5,9.5,HP,13-inch,16GB,HP,14-inch,4GB
2,-7.0,9.5,HP,13-inch,16GB,HP,14-inch,8GB
2,-0.04248046875,6.3125,HP,13-inch,16GB,HP,14-inch,16GB
2,-8.375,9.5,HP,13-inch,16GB,HP,16-inch,4GB
2,-6.75,9.5,HP,13-inch,16GB,HP,16-inch,8GB
2,-0.006103515625,4.5,HP,13-inch,16GB,HP,16-inch,16GB
2,-11.625,9.5,HP,13-inch,16GB,Dell,13-inch,4GB
2,-6.875,9.5,HP,13-inch,16GB,Dell,13-inch,8GB
2,-0.0135498046875,5.25,HP,13-inch,16GB,Dell,13-inch,16GB
2,-17.75,9.5,HP,13-inch,16GB,Dell,14-inch,4GB
2,-5.875,9.5,HP,13-inch,16GB,Dell,14-inch,8GB
2,-0.0478515625,6.4375,HP,13-inch,16GB,Dell,14-inch,16GB
2,-13.25,9.5,HP,13-inch,16GB,Dell,16-inch,4GB
2,-6.25,9.5,HP,13-inch,16GB,Dell,16-inch,8GB
2,-0.03759765625,6.21875,HP,13-inch,16GB,Dell,16-inch,16GB
2,-14.25,9.5,HP,13-inch,16GB,Apple,13-inch,4GB
2,-6.125,9.5,HP,13-inch,16GB,Apple,13-inch,8GB
2,-1.703125,9.3125,HP,13-inch,16GB,Apple,13-inch,16GB
2,-15.5,9.5,HP,13-inch,16GB,Apple,14-inch,4GB
2,-6.125,9.5,HP,13-inch,16GB,Apple,14-inch,8GB
2,-1.5,9.25,HP,13-inch,16GB,Apple,14-inch,16GB
2,-10.25,9.5,HP,13-inch,16GB,Apple,16-inch,4GB
2,-5.25,9.5,HP,13-inch,16GB,Apple,16-inch,8GB
2,-0.08837890625,7.03125,HP,13-inch,16GB,Apple,16-inch,16GB
2,-0.002197265625,3.625,HP,14-inch,4GB,ASUS,13-inch,4GB
2,-12.375,9.5,HP,14-inch,4GB,ASUS,13-inch,8GB
2,-11.75,9.5,HP,14-inch,4GB,ASUS,13-inch,16GB
2,-0.0007171630859375,2.875,HP,14-inch,4GB,ASUS,14-inch,4GB
2,-12.25,9.5,HP,14-inch,4GB,ASUS,14-inch,8GB
2,-10.75,9.5,HP,14-inch,4GB,ASUS,14-inch,16GB
2,-0.003997802734375,4.125,HP,14-inch,4GB,ASUS,16-inch,4GB
2,-12.125,9.5,HP,14-inch,4GB,ASUS,16-inch,8GB
2,-9.875,9.5,HP,14-inch,4GB,ASUS,16-inch,16GB
2,-0.0015716552734375,3.375,HP,14-inch,4GB,Lenovo,13-inch,4GB
2,-12.125,9.5,HP,14-inch,4GB,Lenovo,13-inch,8GB
2,-11.25,9.5,HP,14-inch,4GB,Lenovo,13-inch,16GB
2,-0.00041961669921875,2.625,HP,14-inch,4GB,Lenovo,14-inch,4GB
2,-11.75,9.5,HP,14-inch,4GB,Lenovo,14-inch,8GB
2,-10.875,9.5,HP,14-inch,4GB,Lenovo,14-inch,16GB
2,-0.001861572265625,3.5,HP,14-inch,4GB,Lenovo,16-inch,4GB
2,-11.375,9.5,HP,14-inch,4GB,Lenovo,16-inch,8GB
2,-10.0,9.5,HP,14-inch,4GB,Lenovo,16-inch,16GB
2,-0.00055694580078125,2.75,HP,14-inch,4GB,HP,13-inch,4GB
2,-13.625,9.5,HP,14-inch,4GB,HP,13-inch,8GB
2,-13.5,9.5,HP,14-inch,4GB,HP,13-inch,16GB
2,-12.5,9.5,HP,14-inch,4GB,HP,14-inch,8GB
2,-11.875,9.5,HP,14-inch,4GB,HP,14-inch,16GB
2,-0.0025634765625,3.75,HP,14-inch,4GB,HP,16-inch,4GB
2,-12.25,9.5,HP,14-inch,4GB,HP,16-inch,8GB
2,-10.125,9.5,HP,14-inch,4GB,HP,16-inch,16GB
2,-0.00109100341796875,3.125,HP,14-inch,4GB,Dell,13-inch,4GB
2,-11.625,9.5,HP,14-inch,4GB,Dell,13-inch,8GB
2,-11.375,9.5,HP,14-inch,4GB,Dell,13-inch,16GB
2,-1.52587890625e-05,2.125,HP,14-inch,4GB,Dell,14-inch,4GB
2,-11.625,9.5,HP,14-inch,4GB,Dell,14-inch,8GB
2,-10.5,9.5,HP,14-inch,4GB,Dell,14-inch,16GB
2,-0.00089263916015625,3.0,HP,14-inch,4GB,Dell,16-inch,4GB
2,-11.0,9.5,HP,14-inch,4GB,Dell,16-inch,8GB
2,-9.375,9.5,HP,14-inch,4GB,Dell,16-inch,16GB
2,5.7220458984375e-05,2.0,HP,14-inch,4GB,Apple,13-inch,4GB
2,-10.625,9.5,HP,14-inch,4GB,Apple,13-inch,8GB
2,-10.25,9.5,HP,14-inch,4GB,Apple,13-inch,16GB
2,0.000408172607421875,1.0,HP,14-inch,4GB,Apple,14-inch,4GB
2,-11.5,9.5,HP,14-inch,4GB,Apple,14-inch,8GB
2,-9.75,9.5,HP,14-inch,4GB,Apple,14-inch,16GB
2,0.0004520416259765625,0.75,HP,14-inch,4GB,Apple,16-inch,4GB
2,-11.0,9.5,HP,14-inch,4GB,Apple,16-inch,8GB
2,-8.0,9.5,HP,14-inch,4GB,Apple,16-inch,16GB
2,-7.625,9.5,HP,14-inch,8GB,ASUS,13-inch,4GB
2,-3.53125,9.5,HP,14-inch,8GB,ASUS,13-inch,8GB
2,-0.251953125,8.0,HP,14-inch,8GB,ASUS,13-inch,16GB
2,-0.0225830078125,5.75,HP,14-inch,8GB,ASUS,14-inch,4GB
2,-0.01190185546875,5.125,HP,14-inch,8GB,ASUS,14-inch,8GB
2,-0.017578125,5.46875,HP,14-inch,8GB,ASUS,14-inch,16GB
2,-7.375,9.5,HP,14-inch,8GB,ASUS,16-inch,4GB
2,-0.0693359375,6.8125,HP,14-inch,8GB,ASUS,16-inch,8GB
2,-0.0091552734375,4.875,HP,14-inch,8GB,ASUS,16-inch,16GB
2,-7.375,9.5,HP,14-inch,8GB,Lenovo,13-inch,4GB
2,-3.046875,9.4375,HP,14-inch,8GB,Lenovo,13-inch,8GB
2,-0.474609375,8.5,HP,14-inch,8GB,Lenovo,13-inch,16GB
2,-0.017578125,5.46875,HP,14-inch,8GB,Lenovo,14-inch,4GB
2,-0.0135498046875,5.25,HP,14-inch,8GB,Lenovo,14-inch,8GB
2,-0.015380859375,5.34375,HP,14-inch,8GB,Lenovo,14-inch,16GB
2,-7.625,9.5,HP,14-inch,8GB,Lenovo,16-inch,4GB
2,-0.0693359375,6.8125,HP,14-inch,8GB,Lenovo,16-inch,8GB
2,-0.004638671875,4.25,HP,14-inch,8GB,Lenovo,16-inch,16GB
2,-0.2001953125,7.8125,HP,14-inch,8GB,HP,13-inch,4GB
2,-2.578125,9.4375,HP,14-inch,8GB,HP,13-inch,8GB
2,-6.5,9.5,HP,14-inch,8GB,HP,13-inch,16GB
2,-0.001861572265625,3.5,HP,14-inch,8GB,HP,14-inch,4GB
2,-6.125,9.5,HP,14-inch,8GB,HP,14-inch,16GB
2,-0.0225830078125,5.75,HP,14-inch,8GB,HP,16-inch,4GB
2,-0.01190185546875,5.125,HP,14-inch,8GB,HP,16-inch,8GB
2,-0.033203125,6.09375,HP,14-inch,8GB,HP,16-inch,16GB
2,-8.625,9.5,HP,14-inch,8GB,Dell,13-inch,4GB
2,-0.82421875,8.9375,HP,14-inch,8GB,Dell,13-inch,8GB
2,-0.01190185546875,5.125,HP,14-inch,8GB,Dell,13-inch,16GB
2,-0.07861328125,6.9375,HP,14-inch,8GB,Dell,14-inch,4GB
2,-0.025634765625,5.84375,HP,14-inch,8GB,Dell,14-inch,8GB
2,-0.006103515625,4.5,HP,14-inch,8GB,Dell,14-inch,16GB
2,-7.125,9.5,HP,14-inch,8GB,Dell,16-inch,4GB
2,-0.017578125,5.46875,HP,14-inch,8GB,Dell,16-inch,8GB
2,-0.00299072265625,3.875,HP,14-inch,8GB,Dell,16-inch,16GB
2,-9.75,9.5,HP,14-inch,8GB,Apple,13-inch,4GB
2,-3.046875,9.4375,HP,14-inch,8GB,Apple,13-inch,8GB
2,-0.00347900390625,4.0,HP,14-inch,8GB,Apple,13-inch,16GB
2,-8.125,9.5,HP,14-inch,8GB,Apple,14-inch,4GB
2,-0.69140625,8.8125,HP,14-inch,8GB,Apple,14-inch,8GB
2,-0.006988525390625,4.625,HP,14-inch,8GB,Apple,14-inch,16GB
2,-6.625,9.5,HP,14-inch,8GB,Apple,16-inch,4GB
2,-0.099609375,7.15625,HP,14-inch,8GB,Apple,16-inch,8GB
2,-0.00299072265625,3.875,HP,14-inch,8GB,Apple,16-inch,16GB
2,-15.125,9.5,HP,14-inch,16GB,ASUS,13-inch,4GB
2,-1.703125,9.3125,HP,14-inch,16GB,ASUS,13-inch,8GB
2,-3.53125,9.5,HP,14-inch,16GB,ASUS,13-inch,16GB
2,-8.625,9.5,HP,14-inch,16GB,ASUS,14-inch,4GB
2,-6.375,9.5,HP,14-inch,16GB,ASUS,14-inch,8GB
2,-0.01043701171875,5.0,HP,14-inch,16GB,ASUS,14-inch,16GB
2,-10.375,9.5,HP,14-inch,16GB,ASUS,16-inch,4GB
2,-5.625,9.5,HP,14-inch,16GB,ASUS,16-inch,8GB
2,-0.01043701171875,5.0,HP,14-inch,16GB,ASUS,16-inch,16GB
2,-15.25,9.5,HP,14-inch,16GB,Lenovo,13-inch,4GB
2,-0.3125,8.1875,HP,14-inch,16GB,Lenovo,13-inch,8GB
2,-3.046875,9.4375,HP,14-inch,16GB,Lenovo,13-inch,16GB
2,-8.875,9.5,HP,14-inch,16GB,Lenovo,14-inch,4GB
2,-6.125,9.5,HP,14-inch,16GB,Lenovo,14-inch,8GB
2,-0.006988525390625,4.625,HP,14-inch,16GB,Lenovo,14-inch,16GB
2,-11.0,9.5,HP,14-inch,16GB,Lenovo,16-inch,4GB
2,-5.625,9.5,HP,14-inch,16GB,Lenovo,16-inch,8GB
2,-0.0091552734375,4.875,HP,14-inch,16GB,Lenovo,16-inch,16GB
2,-12.5,9.5,HP,14-inch,16GB,HP,13-inch,4GB
2,-4.25,9.5,HP,14-inch,16GB,HP,13-inch,8GB
2,-0.224609375,7.90625,HP,14-inch,16GB,HP,13-inch,16GB
2,-0.0291748046875,5.96875,HP,14-inch,16GB,HP,14-inch,4GB
2,-8.625,9.5,HP,14-inch,16GB,HP,14-inch,8GB
2,-5.5,9.5,HP,14-inch,16GB,HP,16-inch,4GB
2,-6.5,9.5,HP,14-inch,16GB,HP,16-inch,8GB
2,-0.0025634765625,3.75,HP,14-inch,16GB,HP,16-inch,16GB
2,-16.0,9.5,HP,14-inch,16GB,Dell,13-inch,4GB
2,-0.0091552734375,4.875,HP,14-inch,16GB,Dell,13-inch,8GB
2,-1.140625,9.125,HP,14-inch,16GB,Dell,13-inch,16GB
2,-8.5,9.5,HP,14-inch,16GB,Dell,14-inch,4GB
2,-6.125,9.5,HP,14-inch,16GB,Dell,14-inch,8GB
2,-0.006988525390625,4.625,HP,14-inch,16GB,Dell,14-inch,16GB
2,-11.125,9.5,HP,14-inch,16GB,Dell,16-inch,4GB
2,-5.125,9.5,HP,14-inch,16GB,Dell,16-inch,8GB
2,-0.006988525390625,4.625,HP,14-inch,16GB,Dell,16-inch,16GB
2,-14.125,9.5,HP,14-inch,16GB,Apple,13-inch,4GB
2,-0.01190185546875,5.125,HP,14-inch,16GB,Apple,13-inch,8GB
2,-0.3125,8.1875,HP,14-inch,16GB,Apple,13-inch,16GB
2,-11.25,9.5,HP,14-inch,16GB,Apple,14-inch,4GB
2,-1.5,9.25,HP,14-inch,16GB,Apple,14-inch,8GB
2,-1.3125,9.1875,HP,14-inch,16GB,Apple,14-inch,16GB
2,-9.625,9.5,HP,14-inch,16GB,Apple,16-inch,4GB
2,-0.025634765625,5.84375,HP,14-inch,16GB,Apple,16-inch,8GB
2,-0.03759765625,6.21875,HP,14-inch,16GB,Apple,16-inch,16GB
2,-7.625,9.5,HP,16-inch,4GB,ASUS,13-inch,4GB
2,-12.0,9.5,HP,16-inch,4GB,ASUS,13-inch,8GB
2,-11.625,9.5,HP,16-inch,4GB,ASUS,13-inch,16GB
2,-7.75,9.5,HP,16-inch,4GB,ASUS,14-inch,4GB
2,-12.125,9.5,HP,16-inch,4GB,ASUS,14-inch,8GB
2,-12.125,9.5,HP,16-inch,4GB,ASUS,14-inch,16GB
2,-0.38671875,8.375,HP,16-inch,4GB,ASUS,16-inch,4GB
2,-12.875,9.5,HP,16-inch,4GB,ASUS,16-inch,8GB
2,-9.875,9.5,HP,16-inch,4GB,ASUS,16-inch,16GB
2,-7.625,9.5,HP,16-inch,4GB,Lenovo,13-inch,4GB
2,-11.75,9.5,HP,16-inch,4GB,Lenovo,13-inch,8GB
2,-11.125,9.5,HP,16-inch,4GB,Lenovo,13-inch,16GB
2,-7.875,9.5,HP,16-inch,4GB,Lenovo,14-inch,4GB
2,-11.5,9.5,HP,16-inch,4GB,Lenovo,14-inch,8GB
2,-11.875,9.5,HP,16-inch,4GB,Lenovo,14-inch,16GB
2,-0.2001953125,7.8125,HP,16-inch,4GB,Lenovo,16-inch,4GB
2,-12.0,9.5,HP,16-inch,4GB,Lenovo,16-inch,8GB
2,-9.75,9.5,HP,16-inch,4GB,Lenovo,16-inch,16GB
2,-5.375,9.5,HP,16-inch,4GB,HP,13-inch,4GB
2,-13.375,9.5,HP,16-inch,4GB,HP,13-inch,8GB
2,-13.25,9.5,HP,16-inch,4GB,HP,13-inch,16GB
2,-5.625,9.5,HP,16-inch,4GB,HP,14-inch,4GB
2,-13.5,9.5,HP,16-inch,4GB,HP,14-inch,8GB
2,-13.75,9.5,HP,16-inch,4GB,HP,14-inch,16GB
2,-12.25,9.5,HP,16-inch,4GB,HP,16-inch,8GB
2,-10.75,9.5,HP,16-inch,4GB,HP,16-inch,16GB
2,-7.375,9.5,HP,16-inch,4GB,Dell,13-inch,4GB
2,-11.25,9.5,HP,16-inch,4GB,Dell,13-inch,8GB
2,-11.125,9.5,HP,16-inch,4GB,Dell,13-inch,16GB
2,-7.625,9.5,HP,16-inch,4GB,Dell,14-inch,4GB
2,-11.375,9.5,HP,16-inch,4GB,Dell,14-inch,8GB
2,-11.625,9.5,HP,16-inch,4GB,Dell,14-inch,16GB
2,-0.017578125,5.46875,HP,16-inch,4GB,Dell,16-inch,4GB
2,-12.125,9.5,HP,16-inch,4GB,Dell,16-inch,8GB
2,-9.5,9.5,HP,16-inch,4GB,Dell,16-inch,16GB
2,-5.875,9.5,HP,16-inch,4GB,Apple,13-inch,4GB
2,-10.75,9.5,HP,16-inch,4GB,Apple,13-inch,8GB
2,-9.875,9.5,HP,16-inch,4GB,Apple,13-inch,16GB
2,-5.875,9.5,HP,16-inch,4GB,Apple,14-inch,4GB
2,-10.875,9.5,HP,16-inch,4GB,Apple,14-inch,8GB
2,-10.125,9.5,HP,16-inch,4GB,Apple,14-inch,16GB
2,-0.006988525390625,4.625,HP,16-inch,4GB,Apple,16-inch,4GB
2,-12.5,9.5,HP,16-inch,4GB,Apple,16-inch,8GB
2,-9.25,9.5,HP,16-inch,4GB,Apple,16-inch,16GB
2,-9.125,9.5,HP,16-inch,8GB,ASUS,13-inch,4GB
2,-4.625,9.5,HP,16-inch,8GB,ASUS,13-inch,8GB
2,-0.003997802734375,4.125,HP,16-inch,8GB,ASUS,13-inch,16GB
2,-8.625,9.5,HP,16-inch,8GB,ASUS,14-inch,4GB
2,-4.15625,9.5,HP,16-inch,8GB,ASUS,14-inch,8GB
2,-0.0198974609375,5.625,HP,16-inch,8GB,ASUS,14-inch,16GB
2,0.000179290771484375,1.75,HP,16-inch,8GB,ASUS,16-inch,4GB
2,-0.03759765625,6.21875,HP,16-inch,8GB,ASUS,16-inch,8GB
2,-0.002197265625,3.625,HP,16-inch,8GB,ASUS,16-inch,16GB
2,-9.125,9.5,HP,16-inch,8GB,Lenovo,13-inch,4GB
2,-3.65625,9.5,HP,16-inch,8GB,Lenovo,13-inch,8GB
2,-0.003997802734375,4.125,HP,16-inch,8GB,Lenovo,13-inch,16GB
2,-8.625,9.5,HP,16-inch,8GB,Lenovo,14-inch,4GB
2,-3.65625,9.5,HP,16-inch,8GB,Lenovo,14-inch,8GB
2,-0.017578125,5.46875,HP,16-inch,8GB,Lenovo,14-inch,16GB
2,0.0003147125244140625,1.375,HP,16-inch,8GB,Lenovo,16-inch,4GB
2,-0.3125,8.1875,HP,16-inch,8GB,Lenovo,16-inch,8GB
2,-0.00109100341796875,3.125,HP,16-inch,8GB,Lenovo,16-inch,16GB
2,-7.625,9.5,HP,16-inch,8GB,HP,13-inch,4GB
2,-4.15625,9.5,HP,16-inch,8GB,HP,13-inch,8GB
2,-0.0615234375,6.6875,HP,16-inch,8GB,HP,13-inch,16GB
2,-7.625,9.5,HP,16-inch,8GB,HP,14-inch,4GB
2,-4.5,9.5,HP,16-inch,8GB,HP,14-inch,8GB
2,-5.875,9.5,HP,16-inch,8GB,HP,14-inch,16GB
2,-9.918212890625e-05,2.25,HP,16-inch,8GB,HP,16-inch,4GB
2,-6.125,9.5,HP,16-inch,8GB,HP,16-inch,16GB
2,-9.625,9.5,HP,16-inch,8GB,Dell,13-inch,4GB
2,-0.0693359375,6.8125,HP,16-inch,8GB,Dell,13-inch,8GB
2,-0.001861572265625,3.5,HP,16-inch,8GB,Dell,13-inch,16GB
2,-8.875,9.5,HP,16-inch,8GB,Dell,14-inch,4GB
2,-0.38671875,8.375,HP,16-inch,8GB,Dell,14-inch,8GB
2,-0.00531005859375,4.375,HP,16-inch,8GB,Dell,14-inch,16GB
2,0.0003795623779296875,1.125,HP,16-inch,8GB,Dell,16-inch,4GB
2,-0.38671875,8.375,HP,16-inch,8GB,Dell,16-inch,8GB
2,-0.0005645751953125,2.75,HP,16-inch,8GB,Dell,16-inch,16GB
2,-10.5,9.5,HP,16-inch,8GB,Apple,13-inch,4GB
2,-3.28125,9.4375,HP,16-inch,8GB,Apple,13-inch,8GB
2,-0.00041961669921875,2.625,HP,16-inch,8GB,Apple,13-inch,16GB
2,-11.0,9.5,HP,16-inch,8GB,Apple,14-inch,4GB
2,-4.15625,9.5,HP,16-inch,8GB,Apple,14-inch,8GB
2,-0.0007171630859375,2.875,HP,16-inch,8GB,Apple,14-inch,16GB
2,-0.00799560546875,4.75,HP,16-inch,8GB,Apple,16-inch,4GB
2,-0.0615234375,6.6875,HP,16-inch,8GB,Apple,16-inch,8GB
2,-0.00109100341796875,3.125,HP,16-inch,8GB,Apple,16-inch,16GB
2,-15.5,9.5,HP,16-inch,16GB,ASUS,13-inch,4GB
2,-2.125,9.375,HP,16-inch,16GB,ASUS,13-inch,8GB
2,-5.125,9.5,HP,16-inch,16GB,ASUS,13-inch,16GB
2,-15.25,9.5,HP,16-inch,16GB,ASUS,14-inch,4GB
2,-3.53125,9.5,HP,16-inch,16GB,ASUS,14-inch,8GB
2,-4.75,9.5,HP,16-inch,16GB,ASUS,14-inch,16GB
2,-4.875,9.5,HP,16-inch,16GB,ASUS,16-inch,4GB
2,-7.0,9.5,HP,16-inch,16GB,ASUS,16-inch,8GB
2,-1.9140625,9.3125,HP,16-inch,16GB,ASUS,16-inch,16GB
2,-15.375,9.5,HP,16-inch,16GB,Lenovo,13-inch,4GB
2,-0.08837890625,7.03125,HP,16-inch,16GB,Lenovo,13-inch,8GB
2,-4.875,9.5,HP,16-inch,16GB,Lenovo,13-inch,16GB
2,-14.75,9.5,HP,16-inch,16GB,Lenovo,14-inch,4GB
2,-0.1259765625,7.375,HP,16-inch,16GB,Lenovo,14-inch,8GB
2,-4.5,9.5,HP,16-inch,16GB,Lenovo,14-inch,16GB
2,-5.875,9.5,HP,16-inch,16GB,Lenovo,16-inch,4GB
2,-7.125,9.5,HP,16-inch,16GB,Lenovo,16-inch,8GB
2,-0.1259765625,7.375,HP,16-inch,16GB,Lenovo,16-inch,16GB
2,-14.875,9.5,HP,16-inch,16GB,HP,13-inch,4GB
2,-0.38671875,8.375,HP,16-inch,16GB,HP,13-inch,8GB
2,-4.75,9.5,HP,16-inch,16GB,HP,13-inch,16GB
2,-13.625,9.5,HP,16-inch,16GB,HP,14-inch,4GB
2,-3.765625,9.5,HP,16-inch,16GB,HP,14-inch,8GB
2,-4.375,9.5,HP,16-inch,16GB,HP,14-inch,16GB
2,-0.00799560546875,4.75,HP,16-inch,16GB,HP,16-inch,4GB
2,-8.375,9.5,HP,16-inch,16GB,HP,16-inch,8GB
2,-16.125,9.5,HP,16-inch,16GB,Dell,13-inch,4GB
2,-0.05419921875,6.5625,HP,16-inch,16GB,Dell,13-inch,8GB
2,-4.375,9.5,HP,16-inch,16GB,Dell,13-inch,16GB
2,-15.375,9.5,HP,16-inch,16GB,Dell,14-inch,4GB
2,-0.2001953125,7.8125,HP,16-inch,16GB,Dell,14-inch,8GB
2,-3.65625,9.5,HP,16-inch,16GB,Dell,14-inch,16GB
2,-0.474609375,8.5,HP,16-inch,16GB,Dell,16-inch,4GB
2,-7.25,9.5,HP,16-inch,16GB,Dell,16-inch,8GB
2,-0.099609375,7.15625,HP,16-inch,16GB,Dell,16-inch,16GB
2,-13.375,9.5,HP,16-inch,16GB,Apple,13-inch,4GB
2,-0.1259765625,7.375,HP,16-inch,16GB,Apple,13-inch,8GB
2,-0.2001953125,7.8125,HP,16-inch,16GB,Apple,13-inch,16GB
2,-14.0,9.5,HP,16-inch,16GB,Apple,14-inch,4GB
2,-0.57421875,8.6875,HP,16-inch,16GB,Apple,14-inch,8GB
2,-0.1416015625,7.5,HP,16-inch,16GB,Apple,14-inch,16GB
2,-7.75,9.5,HP,16-inch,16GB,Apple,16-inch,4GB
2,-5.5,9.5,HP,16-inch,16GB,Apple,16-inch,8GB
2,-0.006988525390625,4.625,HP,16-inch,16GB,Apple,16-inch,16GB
2,-0.00055694580078125,2.75,Dell,13-inch,4GB,ASUS,13-inch,4GB
2,-11.125,9.5,Dell,13-inch,4GB,ASUS,13-inch,8GB
2,-9.875,9.5,Dell,13-inch,4GB,ASUS,13-inch,16GB
2,-0.001861572265625,3.5,Dell,13-inch,4GB,ASUS,14-inch,4GB
2,-11.75,9.5,Dell,13-inch,4GB,ASUS,14-inch,8GB
2,-10.125,9.5,Dell,13-inch,4GB,ASUS,14-inch,16GB
2,-0.0015716552734375,3.375,Dell,13-inch,4GB,ASUS,16-inch,4GB
2,-11.125,9.5,Dell,13-inch,4GB,ASUS,16-inch,8GB
2,-9.125,9.5,Dell,13-inch,4GB,ASUS,16-inch,16GB
2,-0.0007171630859375,2.875,Dell,13-inch,4GB,Lenovo,13-inch,4GB
2,-10.875,9.5,Dell,13-inch,4GB,Lenovo,13-inch,8GB
2,-9.25,9.5,Dell,13-inch,4GB,Lenovo,13-inch,16GB
2,-0.00131988525390625,3.25,Dell,13-inch,4GB,Lenovo,14-inch,4GB
2,-11.25,9.5,Dell,13-inch,4GB,Lenovo,14-inch,8GB
2,-10.125,9.5,Dell,13-inch,4GB,Lenovo,14-inch,16GB
2,-0.00109100341796875,3.125,Dell,13-inch,4GB,Lenovo,16-inch,4GB
2,-10.625,9.5,Dell,13-inch,4GB,Lenovo,16-inch,8GB
2,-8.75,9.5,Dell,13-inch,4GB,Lenovo,16-inch,16GB
2,0.0002307891845703125,1.625,Dell,13-inch,4GB,HP,13-inch,4GB
2,-11.25,9.5,Dell,13-inch,4GB,HP,13-inch,8GB
2,-9.625,9.5,Dell,13-inch,4GB,HP,13-inch,16GB
2,-0.000194549560546875,2.375,Dell,13-inch,4GB,HP,14-inch,4GB
2,-11.0,9.5,Dell,13-inch,4GB,HP,14-inch,8GB
2,-10.0,9.5,Dell,13-inch,4GB,HP,14-inch,16GB
2,-0.0007171630859375,2.875,Dell,13-inch,4GB,HP,16-inch,4GB
2,-10.375,9.5,Dell,13-inch,4GB,HP,16-inch,8GB
2,-8.875,9.5,Dell,13-inch,4GB,HP,16-inch,16GB
2,-10.75,9.5,Dell,13-inch,4GB,Dell,13-inch,8GB
2,-10.0,9.5,Dell,13-inch,4GB,Dell,13-inch,16GB
2,-3.28125,9.4375,Dell,13-inch,4GB,Dell,14-inch,4GB
2,-11.625,9.5,Dell,13-inch,4GB,Dell,14-inch,8GB
2,-10.5,9.5,Dell,13-inch,4GB,Dell,14-inch,16GB
2,-0.002197265625,3.625,Dell,13-inch,4GB,Dell,16-inch,4GB
2,-10.5,9.5,Dell,13-inch,4GB,Dell,16-inch,8GB
2,-8.25,9.5,Dell,13-inch,4GB,Dell,16-inch,16GB
2,0.0003147125244140625,1.375,Dell,13-inch,4GB,Apple,13-inch,4GB
2,-10.875,9.5,Dell,13-inch,4GB,Apple,13-inch,8GB
2,-8.625,9.5,Dell,13-inch,4GB,Apple,13-inch,16GB
2,0.0003147125244140625,1.375,Dell,13-inch,4GB,Apple,14-inch,4GB
2,-10.75,9.5,Dell,13-inch,4GB,Apple,14-inch,8GB
2,-9.5,9.5,Dell,13-inch,4GB,Apple,14-inch,16GB
2,0.000499725341796875,0.375,Dell,13-inch,4GB,Apple,16-inch,4GB
2,-10.0,9.5,Dell,13-inch,4GB,Apple,16-inch,8GB
2,-5.625,9.5,Dell,13-inch,4GB,Apple,16-inch,16GB
2,-2.8125,9.4375,Dell,13-inch,8GB,ASUS,13-inch,4GB
2,-0.57421875,8.6875,Dell,13-inch,8GB,ASUS,13-inch,8GB
2,-0.0091552734375,4.875,Dell,13-inch,8GB,ASUS,13-inch,16GB
2,-11.25,9.5,Dell,13-inch,8GB,ASUS,14-inch,4GB
2,-1.5,9.25,Dell,13-inch,8GB,ASUS,14-inch,8GB
2,-0.0040283203125,4.125,Dell,13-inch,8GB,ASUS,14-inch,16GB
2,-9.0,9.5,Dell,13-inch,8GB,ASUS,16-inch,4GB
2,-0.474609375,8.5,Dell,13-inch,8GB,ASUS,16-inch,8GB
2,-0.00701904296875,4.625,Dell,13-inch,8GB,ASUS,16-inch,16GB
2,-3.28125,9.4375,Dell,13-inch,8GB,Lenovo,13-inch,4GB
2,-0.474609375,8.5,Dell,13-inch,8GB,Lenovo,13-inch,8GB
2,-0.006988525390625,4.625,Dell,13-inch,8GB,Lenovo,13-inch,16GB
2,-11.0,9.5,Dell,13-inch,8GB,Lenovo,14-inch,4GB
2,-0.3125,8.1875,Dell,13-inch,8GB,Lenovo,14-inch,8GB
2,-0.0040283203125,4.125,Dell,13-inch,8GB,Lenovo,14-inch,16GB
2,-9.5,9.5,Dell,13-inch,8GB,Lenovo,16-inch,4GB
2,-0.251953125,8.0,Dell,13-inch,8GB,Lenovo,16-inch,8GB
2,-0.0040283203125,4.125,Dell,13-inch,8GB,Lenovo,16-inch,16GB
2,-0.07861328125,6.9375,Dell,13-inch,8GB,HP,13-inch,4GB
2,-0.3125,8.1875,Dell,13-inch,8GB,HP,13-inch,8GB
2,-0.00701904296875,4.625,Dell,13-inch,8GB,HP,13-inch,16GB
2,-10.0,9.5,Dell,13-inch,8GB,HP,14-inch,4GB
2,-0.1259765625,7.375,Dell,13-inch,8GB,HP,14-inch,8GB
2,-0.00347900390625,4.0,Dell,13-inch,8GB,HP,14-inch,16GB
2,-8.25,9.5,Dell,13-inch,8GB,HP,16-inch,4GB
2,-0.03759765625,6.21875,Dell,13-inch,8GB,HP,16-inch,8GB
2,-0.004638671875,4.25,Dell,13-inch,8GB,HP,16-inch,16GB
2,-0.004608154296875,4.25,Dell,13-inch,8GB,Dell,13-inch,4GB
2,-4.625,9.5,Dell,13-inch,8GB,Dell,13-inch,16GB
2,-8.25,9.5,Dell,13-inch,8GB,Dell,14-inch,4GB
2,-0.04248046875,6.3125,Dell,13-inch,8GB,Dell,14-inch,8GB
2,-0.01043701171875,5.0,Dell,13-inch,8GB,Dell,14-inch,16GB
2,-3.765625,9.5,Dell,13-inch,8GB,Dell,16-inch,4GB
2,-0.033203125,6.09375,Dell,13-inch,8GB,Dell,16-inch,8GB
2,-0.00799560546875,4.75,Dell,13-inch,8GB,Dell,16-inch,16GB
2,-10.125,9.5,Dell,13-inch,8GB,Apple,13-inch,4GB
2,-0.1259765625,7.375,Dell,13-inch,8GB,Apple,13-inch,8GB
2,-0.006103515625,4.5,Dell,13-inch,8GB,Apple,13-inch,16GB
2,-11.75,9.5,Dell,13-inch,8GB,Apple,14-inch,4GB
2,-3.53125,9.5,Dell,13-inch,8GB,Apple,14-inch,8GB
2,-0.00347900390625,4.0,Dell,13-inch,8GB,Apple,14-inch,16GB
2,-7.875,9.5,Dell,13-inch,8GB,Apple,16-inch,4GB
2,-1.140625,9.125,Dell,13-inch,8GB,Apple,16-inch,8GB
2,-0.00299072265625,3.875,Dell,13-inch,8GB,Apple,16-inch,16GB
2,-12.375,9.5,Dell,13-inch,16GB,ASUS,13-inch,4GB
2,-7.0,9.5,Dell,13-inch,16GB,ASUS,13-inch,8GB
2,-0.69140625,8.8125,Dell,13-inch,16GB,ASUS,13-inch,16GB
2,-18.75,9.5,Dell,13-inch,16GB,ASUS,14-inch,4GB
2,-6.375,9.5,Dell,13-inch,16GB,ASUS,14-inch,8GB
2,-0.97265625,9.0,Dell,13-inch,16GB,ASUS,14-inch,16GB
2,-13.5,9.5,Dell,13-inch,16GB,ASUS,16-inch,4GB
2,-6.25,9.5,Dell,13-inch,16GB,ASUS,16-inch,8GB
2,-0.2001953125,7.8125,Dell,13-inch,16GB,ASUS,16-inch,16GB
2,-12.5,9.5,Dell,13-inch,16GB,Lenovo,13-inch,4GB
2,-6.75,9.5,Dell,13-inch,16GB,Lenovo,13-inch,8GB
2,-0.0615234375,6.6875,Dell,13-inch,16GB,Lenovo,13-inch,16GB
2,-18.375,9.5,Dell,13-inch,16GB,Lenovo,14-inch,4GB
2,-5.625,9.5,Dell,13-inch,16GB,Lenovo,14-inch,8GB
2,-0.38671875,8.375,Dell,13-inch,16GB,Lenovo,14-inch,16GB
2,-14.25,9.5,Dell,13-inch,16GB,Lenovo,16-inch,4GB
2,-6.0,9.5,Dell,13-inch,16GB,Lenovo,16-inch,8GB
2,-0.0615234375,6.6875,Dell,13-inch,16GB,Lenovo,16-inch,16GB
2,-10.625,9.5,Dell,13-inch,16GB,HP,13-inch,4GB
2,-7.0,9.5,Dell,13-inch,16GB,HP,13-inch,8GB
2,-0.0225830078125,5.75,Dell,13-inch,16GB,HP,13-inch,16GB
2,-18.125,9.5,Dell,13-inch,16GB,HP,14-inch,4GB
2,-5.875,9.5,Dell,13-inch,16GB,HP,14-inch,8GB
2,-0.025634765625,5.84375,Dell,13-inch,16GB,HP,14-inch,16GB
2,-12.875,9.5,Dell,13-inch,16GB,HP,16-inch,4GB
2,-6.125,9.5,Dell,13-inch,16GB,HP,16-inch,8GB
2,-0.03759765625,6.21875,Dell,13-inch,16GB,HP,16-inch,16GB
2,-7.5,9.5,Dell,13-inch,16GB,Dell,13-inch,4GB
2,-8.5,9.5,Dell,13-inch,16GB,Dell,13-inch,8GB
2,-15.0,9.5,Dell,13-inch,16GB,Dell,14-inch,4GB
2,-6.875,9.5,Dell,13-inch,16GB,Dell,14-inch,8GB
2,-0.017578125,5.46875,Dell,13-inch,16GB,Dell,14-inch,16GB
2,-8.75,9.5,Dell,13-inch,16GB,Dell,16-inch,4GB
2,-6.375,9.5,Dell,13-inch,16GB,Dell,16-inch,8GB
2,-0.0091552734375,4.875,Dell,13-inch,16GB,Dell,16-inch,16GB
2,-15.125,9.5,Dell,13-inch,16GB,Apple,13-inch,4GB
2,-5.375,9.5,Dell,13-inch,16GB,Apple,13-inch,8GB
2,-2.34375,9.375,Dell,13-inch,16GB,Apple,13-inch,16GB
2,-17.375,9.5,Dell,13-inch,16GB,Apple,14-inch,4GB
2,-6.0,9.5,Dell,13-inch,16GB,Apple,14-inch,8GB
2,-1.5,9.25,Dell,13-inch,16GB,Apple,14-inch,16GB
2,-11.75,9.5,Dell,13-inch,16GB,Apple,16-inch,4GB
2,-5.5,9.5,Dell,13-inch,16GB,Apple,16-inch,8GB
2,-0.0478515625,6.4375,Dell,13-inch,16GB,Apple,16-inch,16GB
2,-0.00055694580078125,2.75,Dell,14-inch,4GB,ASUS,13-inch,4GB
2,-12.375,9.5,Dell,14-inch,4GB,ASUS,13-inch,8GB
2,-11.625,9.5,Dell,14-inch,4GB,ASUS,13-inch,16GB
2,-0.00041961669921875,2.625,Dell,14-inch,4GB,ASUS,14-inch,4GB
2,-12.125,9.5,Dell,14-inch,4GB,ASUS,14-inch,8GB
2,-10.625,9.5,Dell,14-inch,4GB,ASUS,14-inch,16GB
2,-0.0025634765625,3.75,Dell,14-inch,4GB,ASUS,16-inch,4GB
2,-11.875,9.5,Dell,14-inch,4GB,ASUS,16-inch,8GB
2,-9.875,9.5,Dell,14-inch,4GB,ASUS,16-inch,16GB
2,-0.00041961669921875,2.625,Dell,14-inch,4GB,Lenovo,13-inch,4GB
2,-12.0,9.5,Dell,14-inch,4GB,Lenovo,13-inch,8GB
2,-11.625,9.5,Dell,14-inch,4GB,Lenovo,13-inch,16GB
2,-0.00055694580078125,2.75,Dell,14-inch,4GB,Lenovo,14-inch,4GB
2,-11.5,9.5,Dell,14-inch,4GB,Lenovo,14-inch,8GB
2,-10.125,9.5,Dell,14-inch,4GB,Lenovo,14-inch,16GB
2,-0.002197265625,3.625,Dell,14-inch,4GB,Lenovo,16-inch,4GB
2,-11.0,9.5,Dell,14-inch,4GB,Lenovo,16-inch,8GB
2,-9.625,9.5,Dell,14-inch,4GB,Lenovo,16-inch,16GB
2,-9.918212890625e-05,2.25,Dell,14-inch,4GB,HP,13-inch,4GB
2,-12.125,9.5,Dell,14-inch,4GB,HP,13-inch,8GB
2,-11.375,9.5,Dell,14-inch,4GB,HP,13-inch,16GB
2,0.0002307891845703125,1.625,Dell,14-inch,4GB,HP,14-inch,4GB
2,-12.0,9.5,Dell,14-inch,4GB,HP,14-inch,8GB
2,-10.5,9.5,Dell,14-inch,4GB,HP,14-inch,16GB
2,-0.00109100341796875,3.125,Dell,14-inch,4GB,HP,16-inch,4GB
2,-11.0,9.5,Dell,14-inch,4GB,HP,16-inch,8GB
2,-9.5,9.5,Dell,14-inch,4GB,HP,16-inch,16GB
2,-1.52587890625e-05,2.125,Dell,14-inch,4GB,Dell,13-inch,4GB
2,-13.25,9.5,Dell,14-inch,4GB,Dell,13-inch,8GB
2,-13.5,9.5,Dell,14-inch,4GB,Dell,13-inch,16GB
2,-11.75,9.5,Dell,14-inch,4GB,Dell,14-inch,8GB
2,-10.875,9.5,Dell,14-inch,4GB,Dell,14-inch,16GB
2,-0.00299072265625,3.875,Dell,14-inch,4GB,Dell,16-inch,4GB
2,-11.75,9.5,Dell,14-inch,4GB,Dell,16-inch,8GB
2,-9.375,9.5,Dell,14-inch,4GB,Dell,16-inch,16GB
2,0.000179290771484375,1.75,Dell,14-inch,4GB,Apple,13-inch,4GB
2,-10.5,9.5,Dell,14-inch,4GB,Apple,13-inch,8GB
2,-9.5,9.5,Dell,14-inch,4GB,Apple,13-inch,16GB
2,0.0003795623779296875,1.125,Dell,14-inch,4GB,Apple,14-inch,4GB
2,-11.0,9.5,Dell,14-inch,4GB,Apple,14-inch,8GB
2,-9.0,9.5,Dell,14-inch,4GB,Apple,14-inch,16GB
2,0.000469207763671875,0.625,Dell,14-inch,4GB,Apple,16-inch,4GB
2,-10.75,9.5,Dell,14-inch,4GB,Apple,16-inch,8GB
2,-7.875,9.5,Dell,14-inch,4GB,Apple,16-inch,16GB
2,-8.75,9.5,Dell,14-inch,8GB,ASUS,13-inch,4GB
2,-4.625,9.5,Dell,14-inch,8GB,ASUS,13-inch,8GB
2,-1.3125,9.1875,Dell,14-inch,8GB,ASUS,13-inch,16GB
2,-0.004608154296875,4.25,Dell,14-inch,8GB,ASUS,14-inch,4GB
2,-0.099609375,7.15625,Dell,14-inch,8GB,ASUS,14-inch,8GB
2,-0.0291748046875,5.96875,Dell,14-inch,8GB,ASUS,14-inch,16GB
2,-8.25,9.5,Dell,14-inch,8GB,ASUS,16-inch,4GB
2,-0.69140625,8.8125,Dell,14-inch,8GB,ASUS,16-inch,8GB
2,-0.00799560546875,4.75,Dell,14-inch,8GB,ASUS,16-inch,16GB
2,-8.125,9.5,Dell,14-inch,8GB,Lenovo,13-inch,4GB
2,-4.03125,9.5,Dell,14-inch,8GB,Lenovo,13-inch,8GB
2,-1.3125,9.1875,Dell,14-inch,8GB,Lenovo,13-inch,16GB
2,-0.01043701171875,5.0,Dell,14-inch,8GB,Lenovo,14-inch,4GB
2,-0.2001953125,7.8125,Dell,14-inch,8GB,Lenovo,14-inch,8GB
2,-0.017578125,5.46875,Dell,14-inch,8GB,Lenovo,14-inch,16GB
2,-8.25,9.5,Dell,14-inch,8GB,Lenovo,16-inch,4GB
2,-0.3125,8.1875,Dell,14-inch,8GB,Lenovo,16-inch,8GB
2,-0.006103515625,4.5,Dell,14-inch,8GB,Lenovo,16-inch,16GB
2,-6.625,9.5,Dell,14-inch,8GB,HP,13-inch,4GB
2,-1.9140625,9.3125,Dell,14-inch,8GB,HP,13-inch,8GB
2,-0.1259765625,7.375,Dell,14-inch,8GB,HP,13-inch,16GB
2,-0.00055694580078125,2.75,Dell,14-inch,8GB,HP,14-inch,4GB
2,-0.0291748046875,5.96875,Dell,14-inch,8GB,HP,14-inch,8GB
2,-0.0198974609375,5.625,Dell,14-inch,8GB,HP,14-inch,16GB
2,-7.0,9.5,Dell,14-inch,8GB,HP,16-inch,4GB
2,-0.0615234375,6.6875,Dell,14-inch,8GB,HP,16-inch,8GB
2,-0.006988525390625,4.625,Dell,14-inch,8GB,HP,16-inch,16GB
2,-0.38671875,8.375,Dell,14-inch,8GB,Dell,13-inch,4GB
2,-1.9140625,9.3125,Dell,14-inch,8GB,Dell,13-inch,8GB
2,-6.375,9.5,Dell,14-inch,8GB,Dell,13-inch,16GB
2,-0.00089263916015625,3.0,Dell,14-inch,8GB,Dell,14-inch,4GB
2,-5.75,9.5,Dell,14-inch,8GB,Dell,14-inch,16GB
2,-0.00347900390625,4.0,Dell,14-inch,8GB,Dell,16-inch,4GB
2,-0.025634765625,5.84375,Dell,14-inch,8GB,Dell,16-inch,8GB
2,-0.015380859375,5.34375,Dell,14-inch,8GB,Dell,16-inch,16GB
2,-10.875,9.5,Dell,14-inch,8GB,Apple,13-inch,4GB
2,-5.0,9.5,Dell,14-inch,8GB,Apple,13-inch,8GB
2,-0.004638671875,4.25,Dell,14-inch,8GB,Apple,13-inch,16GB
2,-9.375,9.5,Dell,14-inch,8GB,Apple,14-inch,4GB
2,-2.34375,9.375,Dell,14-inch,8GB,Apple,14-inch,8GB
2,-0.01043701171875,5.0,Dell,14-inch,8GB,Apple,14-inch,16GB
2,-8.0,9.5,Dell,14-inch,8GB,Apple,16-inch,4GB
2,-2.125,9.375,Dell,14-inch,8GB,Apple,16-inch,8GB
2,-0.003997802734375,4.125,Dell,14-inch,8GB,Apple,16-inch,16GB
2,-17.0,9.5,Dell,14-inch,16GB,ASUS,13-inch,4GB
2,-4.25,9.5,Dell,14-inch,16GB,ASUS,13-inch,8GB
2,-4.875,9.5,Dell,14-inch,16GB,ASUS,13-inch,16GB
2,-9.5,9.5,Dell,14-inch,16GB,ASUS,14-inch,4GB
2,-6.625,9.5,Dell,14-inch,16GB,ASUS,14-inch,8GB
2,-0.1416015625,7.5,Dell,14-inch,16GB,ASUS,14-inch,16GB
2,-12.125,9.5,Dell,14-inch,16GB,ASUS,16-inch,4GB
2,-6.0,9.5,Dell,14-inch,16GB,ASUS,16-inch,8GB
2,-0.0478515625,6.4375,Dell,14-inch,16GB,ASUS,16-inch,16GB
2,-16.875,9.5,Dell,14-inch,16GB,Lenovo,13-inch,4GB
2,-0.97265625,9.0,Dell,14-inch,16GB,Lenovo,13-inch,8GB
2,-4.5,9.5,Dell,14-inch,16GB,Lenovo,13-inch,16GB
2,-9.625,9.5,Dell,14-inch,16GB,Lenovo,14-inch,4GB
2,-6.25,9.5,Dell,14-inch,16GB,Lenovo,14-inch,8GB
2,-0.03759765625,6.21875,Dell,14-inch,16GB,Lenovo,14-inch,16GB
2,-12.375,9.5,Dell,14-inch,16GB,Lenovo,16-inch,4GB
2,-6.25,9.5,Dell,14-inch,16GB,Lenovo,16-inch,8GB
2,-0.033203125,6.09375,Dell,14-inch,16GB,Lenovo,16-inch,16GB
2,-15.375,9.5,Dell,14-inch,16GB,HP,13-inch,4GB
2,-3.765625,9.5,Dell,14-inch,16GB,HP,13-inch,8GB
2,-2.234375,9.375,Dell,14-inch,16GB,HP,13-inch,16GB
2,-7.875,9.5,Dell,14-inch,16GB,HP,14-inch,4GB
2,-6.5,9.5,Dell,14-inch,16GB,HP,14-inch,8GB
2,-0.00799560546875,4.75,Dell,14-inch,16GB,HP,14-inch,16GB
2,-10.625,9.5,Dell,14-inch,16GB,HP,16-inch,4GB
2,-6.0,9.5,Dell,14-inch,16GB,HP,16-inch,8GB
2,-0.0225830078125,5.75,Dell,14-inch,16GB,HP,16-inch,16GB
2,-13.625,9.5,Dell,14-inch,16GB,Dell,13-inch,4GB
2,-5.25,9.5,Dell,14-inch,16GB,Dell,13-inch,8GB
2,-1.140625,9.125,Dell,14-inch,16GB,Dell,13-inch,16GB
2,-0.1259765625,7.375,Dell,14-inch,16GB,Dell,14-inch,4GB
2,-8.375,9.5,Dell,14-inch,16GB,Dell,14-inch,8GB
2,-6.125,9.5,Dell,14-inch,16GB,Dell,16-inch,4GB
2,-6.25,9.5,Dell,14-inch,16GB,Dell,16-inch,8GB
2,-0.006988525390625,4.625,Dell,14-inch,16GB,Dell,16-inch,16GB
2,-15.75,9.5,Dell,14-inch,16GB,Apple,13-inch,4GB
2,-0.0225830078125,5.75,Dell,14-inch,16GB,Apple,13-inch,8GB
2,-1.5,9.25,Dell,14-inch,16GB,Apple,13-inch,16GB
2,-12.75,9.5,Dell,14-inch,16GB,Apple,14-inch,4GB
2,-4.03125,9.5,Dell,14-inch,16GB,Apple,14-inch,8GB
2,-2.34375,9.375,Dell,14-inch,16GB,Apple,14-inch,16GB
2,-11.375,9.5,Dell,14-inch,16GB,Apple,16-inch,4GB
2,-3.046875,9.4375,Dell,14-inch,16GB,Apple,16-inch,8GB
2,-1.140625,9.125,Dell,14-inch,16GB,Apple,16-inch,16GB
2,-7.875,9.5,Dell,16-inch,4GB,ASUS,13-inch,4GB
2,-12.125,9.5,Dell,16-inch,4GB,ASUS,13-inch,8GB
2,-11.75,9.5,Dell,16-inch,4GB,ASUS,13-inch,16GB
2,-8.0,9.5,Dell,16-inch,4GB,ASUS,14-inch,4GB
2,-12.0,9.5,Dell,16-inch,4GB,ASUS,14-inch,8GB
2,-11.875,9.5,Dell,16-inch,4GB,ASUS,14-inch,16GB
2,-1.8046875,9.3125,Dell,16-inch,4GB,ASUS,16-inch,4GB
2,-12.625,9.5,Dell,16-inch,4GB,ASUS,16-inch,8GB
2,-10.125,9.5,Dell,16-inch,4GB,ASUS,16-inch,16GB
2,-8.0,9.5,Dell,16-inch,4GB,Lenovo,13-inch,4GB
2,-11.625,9.5,Dell,16-inch,4GB,Lenovo,13-inch,8GB
2,-11.25,9.5,Dell,16-inch,4GB,Lenovo,13-inch,16GB
2,-8.0,9.5,Dell,16-inch,4GB,Lenovo,14-inch,4GB
2,-11.5,9.5,Dell,16-inch,4GB,Lenovo,14-inch,8GB
2,-11.625,9.5,Dell,16-inch,4GB,Lenovo,14-inch,16GB
2,-1.3125,9.1875,Dell,16-inch,4GB,Lenovo,16-inch,4GB
2,-12.0,9.5,Dell,16-inch,4GB,Lenovo,16-inch,8GB
2,-9.875,9.5,Dell,16-inch,4GB,Lenovo,16-inch,16GB
2,-7.5,9.5,Dell,16-inch,4GB,HP,13-inch,4GB
2,-11.375,9.5,Dell,16-inch,4GB,HP,13-inch,8GB
2,-11.375,9.5,Dell,16-inch,4GB,HP,13-inch,16GB
2,-7.875,9.5,Dell,16-inch,4GB,HP,14-inch,4GB
2,-11.375,9.5,Dell,16-inch,4GB,HP,14-inch,8GB
2,-11.375,9.5,Dell,16-inch,4GB,HP,14-inch,16GB
2,-0.0478515625,6.4375,Dell,16-inch,4GB,HP,16-inch,4GB
2,-12.625,9.5,Dell,16-inch,4GB,HP,16-inch,8GB
2,-10.25,9.5,Dell,16-inch,4GB,HP,16-inch,16GB
2,-5.25,9.5,Dell,16-inch,4GB,Dell,13-inch,4GB
2,-13.125,9.5,Dell,16-inch,4GB,Dell,13-inch,8GB
2,-13.125,9.5,Dell,16-inch,4GB,Dell,13-inch,16GB
2,-5.875,9.5,Dell,16-inch,4GB,Dell,14-inch,4GB
2,-13.0,9.5,Dell,16-inch,4GB,Dell,14-inch,8GB
2,-13.625,9.5,Dell,16-inch,4GB,Dell,14-inch,16GB
2,-12.0,9.5,Dell,16-inch,4GB,Dell,16-inch,8GB
2,-10.25,9.5,Dell,16-inch,4GB,Dell,16-inch,16GB
2,-6.25,9.5,Dell,16-inch,4GB,Apple,13-inch,4GB
2,-10.625,9.5,Dell,16-inch,4GB,Apple,13-inch,8GB
2,-9.75,9.5,Dell,16-inch,4GB,Apple,13-inch,16GB
2,-6.5,9.5,Dell,16-inch,4GB,Apple,14-inch,4GB
2,-11.0,9.5,Dell,16-inch,4GB,Apple,14-inch,8GB
2,-10.0,9.5,Dell,16-inch,4GB,Apple,14-inch,16GB
2,-0.006103515625,4.5,Dell,16-inch,4GB,Apple,16-inch,4GB
2,-12.5,9.5,Dell,16-inch,4GB,Apple,16-inch,8GB
2,-9.625,9.5,Dell,16-inch,4GB,Apple,16-inch,16GB
2,-10.375,9.5,Dell,16-inch,8GB,ASUS,13-inch,4GB
2,-5.0,9.5,Dell,16-inch,8GB,ASUS,13-inch,8GB
2,-0.00799560546875,4.75,Dell,16-inch,8GB,ASUS,13-inch,16GB
2,-10.25,9.5,Dell,16-inch,8GB,ASUS,14-inch,4GB
2,-4.875,9.5,Dell,16-inch,8GB,ASUS,14-inch,8GB
2,-0.03759765625,6.21875,Dell,16-inch,8GB,ASUS,14-inch,16GB
2,-9.918212890625e-05,2.25,Dell,16-inch,8GB,ASUS,16-inch,4GB
2,-0.82421875,8.9375,Dell,16-inch,8GB,ASUS,16-inch,8GB
2,-0.00299072265625,3.875,Dell,16-inch,8GB,ASUS,16-inch,16GB
2,-10.0,9.5,Dell,16-inch,8GB,Lenovo,13-inch,4GB
2,-4.03125,9.5,Dell,16-inch,8GB,Lenovo,13-inch,8GB
2,-0.00347900390625,4.0,Dell,16-inch,8GB,Lenovo,13-inch,16GB
2,-10.0,9.5,Dell,16-inch,8GB,Lenovo,14-inch,4GB
2,-3.28125,9.4375,Dell,16-inch,8GB,Lenovo,14-inch,8GB
2,-0.0225830078125,5.75,Dell,16-inch,8GB,Lenovo,14-inch,16GB
2,-1.52587890625e-05,2.125,Dell,16-inch,8GB,Lenovo,16-inch,4GB
2,-1.9140625,9.3125,Dell,16-inch,8GB,Lenovo,16-inch,8GB
2,-0.001861572265625,3.5,Dell,16-inch,8GB,Lenovo,16-inch,16GB
2,-8.625,9.5,Dell,16-inch,8GB,HP,13-inch,4GB
2,-1.9140625,9.3125,Dell,16-inch,8GB,HP,13-inch,8GB
2,-0.00299072265625,3.875,Dell,16-inch,8GB,HP,13-inch,16GB
2,-8.875,9.5,Dell,16-inch,8GB,HP,14-inch,4GB
2,-1.9140625,9.3125,Dell,16-inch,8GB,HP,14-inch,8GB
2,-0.01043701171875,5.0,Dell,16-inch,8GB,HP,14-inch,16GB
2,0.0001220703125,1.875,Dell,16-inch,8GB,HP,16-inch,4GB
2,-0.474609375,8.5,Dell,16-inch,8GB,HP,16-inch,8GB
2,-0.002197265625,3.625,Dell,16-inch,8GB,HP,16-inch,16GB
2,-8.875,9.5,Dell,16-inch,8GB,Dell,13-inch,4GB
2,-4.25,9.5,Dell,16-inch,8GB,Dell,13-inch,8GB
2,-1.3125,9.1875,Dell,16-inch,8GB,Dell,13-inch,16GB
2,-9.0,9.5,Dell,16-inch,8GB,Dell,14-inch,4GB
2,-4.625,9.5,Dell,16-inch,8GB,Dell,14-inch,8GB
2,-6.0,9.5,Dell,16-inch,8GB,Dell,14-inch,16GB
2,-0.000194549560546875,2.375,Dell,16-inch,8GB,Dell,16-inch,4GB
2,-6.125,9.5,Dell,16-inch,8GB,Dell,16-inch,16GB
2,-12.375,9.5,Dell,16-inch,8GB,Apple,13-inch,4GB
2,-4.15625,9.5,Dell,16-inch,8GB,Apple,13-inch,8GB
2,-0.0007171630859375,2.875,Dell,16-inch,8GB,Apple,13-inch,16GB
2,-13.0,9.5,Dell,16-inch,8GB,Apple,14-inch,4GB
2,-4.03125,9.5,Dell,16-inch,8GB,Apple,14-inch,8GB
2,-0.00089263916015625,3.0,Dell,16-inch,8GB,Apple,14-inch,16GB
2,-4.25,9.5,Dell,16-inch,8GB,Apple,16-inch,4GB
2,-0.0291748046875,5.96875,Dell,16-inch,8GB,Apple,16-inch,8GB
2,-0.0015716552734375,3.375,Dell,16-inch,8GB,Apple,16-inch,16GB
2,-16.0,9.5,Dell,16-inch,16GB,ASUS,13-inch,4GB
2,-1.3125,9.1875,Dell,16-inch,16GB,ASUS,13-inch,8GB
2,-5.0,9.5,Dell,16-inch,16GB,ASUS,13-inch,16GB
2,-16.375,9.5,Dell,16-inch,16GB,ASUS,14-inch,4GB
2,-1.9140625,9.3125,Dell,16-inch,16GB,ASUS,14-inch,8GB
2,-4.15625,9.5,Dell,16-inch,16GB,ASUS,14-inch,16GB
2,-6.75,9.5,Dell,16-inch,16GB,ASUS,16-inch,4GB
2,-6.625,9.5,Dell,16-inch,16GB,ASUS,16-inch,8GB
2,-1.5,9.25,Dell,16-inch,16GB,ASUS,16-inch,16GB
2,-15.5,9.5,Dell,16-inch,16GB,Lenovo,13-inch,4GB
2,-0.1123046875,7.25,Dell,16-inch,16GB,Lenovo,13-inch,8GB
2,-4.625,9.5,Dell,16-inch,16GB,Lenovo,13-inch,16GB
2,-15.875,9.5,Dell,16-inch,16GB,Lenovo,14-inch,4GB
2,-0.099609375,7.15625,Dell,16-inch,16GB,Lenovo,14-inch,8GB
2,-3.890625,9.5,Dell,16-inch,16GB,Lenovo,14-inch,16GB
2,-7.375,9.5,Dell,16-inch,16GB,Lenovo,16-inch,4GB
2,-6.875,9.5,Dell,16-inch,16GB,Lenovo,16-inch,8GB
2,-0.08837890625,7.03125,Dell,16-inch,16GB,Lenovo,16-inch,16GB
2,-15.0,9.5,Dell,16-inch,16GB,HP,13-inch,4GB
2,-0.1591796875,7.59375,Dell,16-inch,16GB,HP,13-inch,8GB
2,-3.765625,9.5,Dell,16-inch,16GB,HP,13-inch,16GB
2,-15.25,9.5,Dell,16-inch,16GB,HP,14-inch,4GB
2,-0.251953125,8.0,Dell,16-inch,16GB,HP,14-inch,8GB
2,-2.015625,9.375,Dell,16-inch,16GB,HP,14-inch,16GB
2,-4.75,9.5,Dell,16-inch,16GB,HP,16-inch,4GB
2,-6.875,9.5,Dell,16-inch,16GB,HP,16-inch,8GB
2,-0.08837890625,7.03125,Dell,16-inch,16GB,HP,16-inch,16GB
2,-14.625,9.5,Dell,16-inch,16GB,Dell,13-inch,4GB
2,-0.97265625,9.0,Dell,16-inch,16GB,Dell,13-inch,8GB
2,-4.625,9.5,Dell,16-inch,16GB,Dell,13-inch,16GB
2,-14.25,9.5,Dell,16-inch,16GB,Dell,14-inch,4GB
2,-3.046875,9.4375,Dell,16-inch,16GB,Dell,14-inch,8GB
2,-4.03125,9.5,Dell,16-inch,16GB,Dell,14-inch,16GB
2,-0.004608154296875,4.25,Dell,16-inch,16GB,Dell,16-inch,4GB
2,-8.25,9.5,Dell,16-inch,16GB,Dell,16-inch,8GB
2,-15.0,9.5,Dell,16-inch,16GB,Apple,13-inch,4GB
2,-0.0478515625,6.4375,Dell,16-inch,16GB,Apple,13-inch,8GB
2,-0.0693359375,6.8125,Dell,16-inch,16GB,Apple,13-inch,16GB
2,-16.0,9.5,Dell,16-inch,16GB,Apple,14-inch,4GB
2,-0.1259765625,7.375,Dell,16-inch,16GB,Apple,14-inch,8GB
2,-0.05419921875,6.5625,Dell,16-inch,16GB,Apple,14-inch,16GB
2,-9.5,9.5,Dell,16-inch,16GB,Apple,16-inch,4GB
2,-5.5,9.5,Dell,16-inch,16GB,Apple,16-inch,8GB
2,-0.006988525390625,4.625,Dell,16-inch,16GB,Apple,16-inch,16GB
2,-7.5,9.5,Apple,13-inch,4GB,ASUS,13-inch,4GB
2,-13.625,9.5,Apple,13-inch,4GB,ASUS,13-inch,8GB
2,-12.5,9.5,Apple,13-inch,4GB,ASUS,13-inch,16GB
2,-7.0,9.5,Apple,13-inch,4GB,ASUS,14-inch,4GB
2,-13.5,9.5,Apple,13-inch,4GB,ASUS,14-inch,8GB
2,-12.125,9.5,Apple,13-inch,4GB,ASUS,14-inch,16GB
2,-5.875,9.5,Apple,13-inch,4GB,ASUS,16-inch,4GB
2,-13.625,9.5,Apple,13-inch,4GB,ASUS,16-inch,8GB
2,-11.5,9.5,Apple,13-inch,4GB,ASUS,16-inch,16GB
2,-7.375,9.5,Apple,13-inch,4GB,Lenovo,13-inch,4GB
2,-13.25,9.5,Apple,13-inch,4GB,Lenovo,13-inch,8GB
2,-12.625,9.5,Apple,13-inch,4GB,Lenovo,13-inch,16GB
2,-6.625,9.5,Apple,13-inch,4GB,Lenovo,14-inch,4GB
2,-13.125,9.5,Apple,13-inch,4GB,Lenovo,14-inch,8GB
2,-12.625,9.5,Apple,13-inch,4GB,Lenovo,14-inch,16GB
2,-5.125,9.5,Apple,13-inch,4GB,Lenovo,16-inch,4GB
2,-12.875,9.5,Apple,13-inch,4GB,Lenovo,16-inch,8GB
2,-11.25,9.5,Apple,13-inch,4GB,Lenovo,16-inch,16GB
2,-6.875,9.5,Apple,13-inch,4GB,HP,13-inch,4GB
2,-13.625,9.5,Apple,13-inch,4GB,HP,13-inch,8GB
2,-12.5,9.5,Apple,13-inch,4GB,HP,13-inch,16GB
2,-6.375,9.5,Apple,13-inch,4GB,HP,14-inch,4GB
2,-13.0,9.5,Apple,13-inch,4GB,HP,14-inch,8GB
2,-12.25,9.5,Apple,13-inch,4GB,HP,14-inch,16GB
2,-4.875,9.5,Apple,13-inch,4GB,HP,16-inch,4GB
2,-13.25,9.5,Apple,13-inch,4GB,HP,16-inch,8GB
2,-10.875,9.5,Apple,13-inch,4GB,HP,16-inch,16GB
2,-8.25,9.5,Apple,13-inch,4GB,Dell,13-inch,4GB
2,-12.875,9.5,Apple,13-inch,4GB,Dell,13-inch,8GB
2,-11.875,9.5,Apple,13-inch,4GB,Dell,13-inch,16GB
2,-7.25,9.5,Apple,13-inch,4GB,Dell,14-inch,4GB
2,-12.625,9.5,Apple,13-inch,4GB,Dell,14-inch,8GB
2,-11.875,9.5,Apple,13-inch,4GB,Dell,14-inch,16GB
2,-4.25,9.5,Apple,13-inch,4GB,Dell,16-inch,4GB
2,-12.75,9.5,Apple,13-inch,4GB,Dell,16-inch,8GB
2,-10.375,9.5,Apple,13-inch,4GB,Dell,16-inch,16GB
2,-10.0,9.5,Apple,13-inch,4GB,Apple,13-inch,8GB
2,-9.5,9.5,Apple,13-inch,4GB,Apple,13-inch,16GB
2,-4.875,9.5,Apple,13-inch,4GB,Apple,14-inch,4GB
2,-11.375,9.5,Apple,13-inch,4GB,Apple,14-inch,8GB
2,-10.625,9.5,Apple,13-inch,4GB,Apple,14-inch,16GB
2,-0.69140625,8.8125,Apple,13-inch,4GB,Apple,16-inch,4GB
2,-12.375,9.5,Apple,13-inch,4GB,Apple,16-inch,8GB
2,-9.125,9.5,Apple,13-inch,4GB,Apple,16-inch,16GB
2,-2.8125,9.4375,Apple,13-inch,8GB,ASUS,13-inch,4GB
2,-5.625,9.5,Apple,13-inch,8GB,ASUS,13-inch,8GB
2,-5.625,9.5,Apple,13-inch,8GB,ASUS,13-inch,16GB
2,-8.375,9.5,Apple,13-inch,8GB,ASUS,14-inch,4GB
2,-6.25,9.5,Apple,13-inch,8GB,ASUS,14-inch,8GB
2,-4.5,9.5,Apple,13-inch,8GB,ASUS,14-inch,16GB
2,-7.75,9.5,Apple,13-inch,8GB,ASUS,16-inch,4GB
2,-6.25,9.5,Apple,13-inch,8GB,ASUS,16-inch,8GB
2,-1.140625,9.125,Apple,13-inch,8GB,ASUS,16-inch,16GB
2,-0.57421875,8.6875,Apple,13-inch,8GB,Lenovo,13-inch,4GB
2,-5.625,9.5,Apple,13-inch,8GB,Lenovo,13-inch,8GB
2,-5.5,9.5,Apple,13-inch,8GB,Lenovo,13-inch,16GB
2,-8.5,9.5,Apple,13-inch,8GB,Lenovo,14-inch,4GB
2,-6.125,9.5,Apple,13-inch,8GB,Lenovo,14-inch,8GB
2,-4.75,9.5,Apple,13-inch,8GB,Lenovo,14-inch,16GB
2,-7.625,9.5,Apple,13-inch,8GB,Lenovo,16-inch,4GB
2,-6.25,9.5,Apple,13-inch,8GB,Lenovo,16-inch,8GB
2,-1.3125,9.1875,Apple,13-inch,8GB,Lenovo,16-inch,16GB
2,-0.03759765625,6.21875,Apple,13-inch,8GB,HP,13-inch,4GB
2,-5.125,9.5,Apple,13-inch,8GB,HP,13-inch,8GB
2,-4.875,9.5,Apple,13-inch,8GB,HP,13-inch,16GB
2,-7.0,9.5,Apple,13-inch,8GB,HP,14-inch,4GB
2,-5.5,9.5,Apple,13-inch,8GB,HP,14-inch,8GB
2,-3.890625,9.5,Apple,13-inch,8GB,HP,14-inch,16GB
2,-6.5,9.5,Apple,13-inch,8GB,HP,16-inch,4GB
2,-5.875,9.5,Apple,13-inch,8GB,HP,16-inch,8GB
2,-1.3125,9.1875,Apple,13-inch,8GB,HP,16-inch,16GB
2,-1.3125,9.1875,Apple,13-inch,8GB,Dell,13-inch,4GB
2,-6.0,9.5,Apple,13-inch,8GB,Dell,13-inch,8GB
2,-3.65625,9.5,Apple,13-inch,8GB,Dell,13-inch,16GB
2,-7.625,9.5,Apple,13-inch,8GB,Dell,14-inch,4GB
2,-5.625,9.5,Apple,13-inch,8GB,Dell,14-inch,8GB
2,-0.474609375,8.5,Apple,13-inch,8GB,Dell,14-inch,16GB
2,-7.0,9.5,Apple,13-inch,8GB,Dell,16-inch,4GB
2,-6.0,9.5,Apple,13-inch,8GB,Dell,16-inch,8GB
2,-0.1259765625,7.375,Apple,13-inch,8GB,Dell,16-inch,16GB
2,-0.00799560546875,4.75,Apple,13-inch,8GB,Apple,13-inch,4GB
2,-5.0,9.5,Apple,13-inch,8GB,Apple,13-inch,16GB
2,-5.125,9.5,Apple,13-inch,8GB,Apple,14-inch,4GB
2,-0.2001953125,7.8125,Apple,13-inch,8GB,Apple,14-inch,8GB
2,-0.01043701171875,5.0,Apple,13-inch,8GB,Apple,14-inch,16GB
2,-0.0091552734375,4.875,Apple,13-inch,8GB,Apple,16-inch,4GB
2,-0.0198974609375,5.625,Apple,13-inch,8GB,Apple,16-inch,8GB
2,-0.00799560546875,4.75,Apple,13-inch,8GB,Apple,16-inch,16GB
2,-14.625,9.5,Apple,13-inch,16GB,ASUS,13-inch,4GB
2,-8.25,9.5,Apple,13-inch,16GB,ASUS,13-inch,8GB
2,-5.5,9.5,Apple,13-inch,16GB,ASUS,13-inch,16GB
2,-17.375,9.5,Apple,13-inch,16GB,ASUS,14-inch,4GB
2,-7.5,9.5,Apple,13-inch,16GB,ASUS,14-inch,8GB
2,-6.25,9.5,Apple,13-inch,16GB,ASUS,14-inch,16GB
2,-13.0,9.5,Apple,13-inch,16GB,ASUS,16-inch,4GB
2,-7.375,9.5,Apple,13-inch,16GB,ASUS,16-inch,8GB
2,-5.875,9.5,Apple,13-inch,16GB,ASUS,16-inch,16GB
2,-14.125,9.5,Apple,13-inch,16GB,Lenovo,13-inch,4GB
2,-8.125,9.5,Apple,13-inch,16GB,Lenovo,13-inch,8GB
2,-5.25,9.5,Apple,13-inch,16GB,Lenovo,13-inch,16GB
2,-17.25,9.5,Apple,13-inch,16GB,Lenovo,14-inch,4GB
2,-7.125,9.5,Apple,13-inch,16GB,Lenovo,14-inch,8GB
2,-6.5,9.5,Apple,13-inch,16GB,Lenovo,14-inch,16GB
2,-13.75,9.5,Apple,13-inch,16GB,Lenovo,16-inch,4GB
2,-7.25,9.5,Apple,13-inch,16GB,Lenovo,16-inch,8GB
2,-5.625,9.5,Apple,13-inch,16GB,Lenovo,16-inch,16GB
2,-11.875,9.5,Apple,13-inch,16GB,HP,13-inch,4GB
2,-7.875,9.5,Apple,13-inch,16GB,HP,13-inch,8GB
2,-4.875,9.5,Apple,13-inch,16GB,HP,13-inch,16GB
2,-15.875,9.5,Apple,13-inch,16GB,HP,14-inch,4GB
2,-6.875,9.5,Apple,13-inch,16GB,HP,14-inch,8GB
2,-5.75,9.5,Apple,13-inch,16GB,HP,14-inch,16GB
2,-11.75,9.5,Apple,13-inch,16GB,HP,16-inch,4GB
2,-7.125,9.5,Apple,13-inch,16GB,HP,16-inch,8GB
2,-5.5,9.5,Apple,13-inch,16GB,HP,16-inch,16GB
2,-13.625,9.5,Apple,13-inch,16GB,Dell,13-inch,4GB
2,-7.75,9.5,Apple,13-inch,16GB,Dell,13-inch,8GB
2,-5.25,9.5,Apple,13-inch,16GB,Dell,13-inch,16GB
2,-17.0,9.5,Apple,13-inch,16GB,Dell,14-inch,4GB
2,-7.125,9.5,Apple,13-inch,16GB,Dell,14-inch,8GB
2,-6.25,9.5,Apple,13-inch,16GB,Dell,14-inch,16GB
2,-13.625,9.5,Apple,13-inch,16GB,Dell,16-inch,4GB
2,-7.25,9.5,Apple,13-inch,16GB,Dell,16-inch,8GB
2,-5.375,9.5,Apple,13-inch,16GB,Dell,16-inch,16GB
2,-8.875,9.5,Apple,13-inch,16GB,Apple,13-inch,4GB
2,-9.75,9.5,Apple,13-inch,16GB,Apple,13-inch,8GB
2,-14.625,9.5,Apple,13-inch,16GB,Apple,14-inch,4GB
2,-8.875,9.5,Apple,13-inch,16GB,Apple,14-inch,8GB
2,-0.07861328125,6.9375,Apple,13-inch,16GB,Apple,14-inch,16GB
2,-8.375,9.5,Apple,13-inch,16GB,Apple,16-inch,4GB
2,-7.5,9.5,Apple,13-inch,16GB,Apple,16-inch,8GB
2,-0.017578125,5.46875,Apple,13-inch,16GB,Apple,16-inch,16GB
2,-7.75,9.5,Apple,14-inch,4GB,ASUS,13-inch,4GB
2,-14.75,9.5,Apple,14-inch,4GB,ASUS,13-inch,8GB
2,-13.75,9.5,Apple,14-inch,4GB,ASUS,13-inch,16GB
2,-7.625,9.5,Apple,14-inch,4GB,ASUS,14-inch,4GB
2,-14.25,9.5,Apple,14-inch,4GB,ASUS,14-inch,8GB
2,-13.0,9.5,Apple,14-inch,4GB,ASUS,14-inch,16GB
2,-6.375,9.5,Apple,14-inch,4GB,ASUS,16-inch,4GB
2,-14.375,9.5,Apple,14-inch,4GB,ASUS,16-inch,8GB
2,-12.5,9.5,Apple,14-inch,4GB,ASUS,16-inch,16GB
2,-7.625,9.5,Apple,14-inch,4GB,Lenovo,13-inch,4GB
2,-14.25,9.5,Apple,14-inch,4GB,Lenovo,13-inch,8GB
2,-13.625,9.5,Apple,14-inch,4GB,Lenovo,13-inch,16GB
2,-7.625,9.5,Apple,14-inch,4GB,Lenovo,14-inch,4GB
2,-14.0,9.5,Apple,14-inch,4GB,Lenovo,14-inch,8GB
2,-13.0,9.5,Apple,14-inch,4GB,Lenovo,14-inch,16GB
2,-5.625,9.5,Apple,14-inch,4GB,Lenovo,16-inch,4GB
2,-13.75,9.5,Apple,14-inch,4GB,Lenovo,16-inch,8GB
2,-12.125,9.5,Apple,14-inch,4GB,Lenovo,16-inch,16GB
2,-7.25,9.5,Apple,14-inch,4GB,HP,13-inch,4GB
2,-14.0,9.5,Apple,14-inch,4GB,HP,13-inch,8GB
2,-13.0,9.5,Apple,14-inch,4GB,HP,13-inch,16GB
2,-7.5,9.5,Apple,14-inch,4GB,HP,14-inch,4GB
2,-14.0,9.5,Apple,14-inch,4GB,HP,14-inch,8GB
2,-12.75,9.5,Apple,14-inch,4GB,HP,14-inch,16GB
2,-5.875,9.5,Apple,14-inch,4GB,HP,16-inch,4GB
2,-13.625,9.5,Apple,14-inch,4GB,HP,16-inch,8GB
2,-12.25,9.5,Apple,14-inch,4GB,HP,16-inch,16GB
2,-8.5,9.5,Apple,14-inch,4GB,Dell,13-inch,4GB
2,-13.875,9.5,Apple,14-inch,4GB,Dell,13-inch,8GB
2,-12.875,9.5,Apple,14-inch,4GB,Dell,13-inch,16GB
2,-8.25,9.5,Apple,14-inch,4GB,Dell,14-inch,4GB
2,-13.875,9.5,Apple,14-inch,4GB,Dell,14-inch,8GB
2,-12.25,9.5,Apple,14-inch,4GB,Dell,14-inch,16GB
2,-5.625,9.5,Apple,14-inch,4GB,Dell,16-inch,4GB
2,-13.625,9.5,Apple,14-inch,4GB,Dell,16-inch,8GB
2,-11.375,9.5,Apple,14-inch,4GB,Dell,16-inch,16GB
2,-0.01043701171875,5.0,Apple,14-inch,4GB,Apple,13-inch,4GB
2,-13.875,9.5,Apple,14-inch,4GB,Apple,13-inch,8GB
2,-13.375,9.5,Apple,14-inch,4GB,Apple,13-inch,16GB
2,-10.625,9.5,Apple,14-inch,4GB,Apple,14-inch,8GB
2,-10.125,9.5,Apple,14-inch,4GB,Apple,14-inch,16GB
2,-0.69140625,8.8125,Apple,14-inch,4GB,Apple,16-inch,4GB
2,-13.125,9.5,Apple,14-inch,4GB,Apple,16-inch,8GB
2,-10.125,9.5,Apple,14-inch,4GB,Apple,16-inch,16GB
2,-0.07861328125,6.9375,Apple,14-inch,8GB,ASUS,13-inch,4GB
2,-6.125,9.5,Apple,14-inch,8GB,ASUS,13-inch,8GB
2,-6.625,9.5,Apple,14-inch,8GB,ASUS,13-inch,16GB
2,-0.03759765625,6.21875,Apple,14-inch,8GB,ASUS,14-inch,4GB
2,-5.25,9.5,Apple,14-inch,8GB,ASUS,14-inch,8GB
2,-6.25,9.5,Apple,14-inch,8GB,ASUS,14-inch,16GB
2,-3.765625,9.5,Apple,14-inch,8GB,ASUS,16-inch,4GB
2,-5.125,9.5,Apple,14-inch,8GB,ASUS,16-inch,8GB
2,-1.5,9.25,Apple,14-inch,8GB,ASUS,16-inch,16GB
2,-0.03759765625,6.21875,Apple,14-inch,8GB,Lenovo,13-inch,4GB
2,-6.0,9.5,Apple,14-inch,8GB,Lenovo,13-inch,8GB
2,-6.375,9.5,Apple,14-inch,8GB,Lenovo,13-inch,16GB
2,-0.00799560546875,4.75,Apple,14-inch,8GB,Lenovo,14-inch,4GB
2,-5.5,9.5,Apple,14-inch,8GB,Lenovo,14-inch,8GB
2,-6.0,9.5,Apple,14-inch,8GB,Lenovo,14-inch,16GB
2,-4.25,9.5,Apple,14-inch,8GB,Lenovo,16-inch,4GB
2,-5.5,9.5,Apple,14-inch,8GB,Lenovo,16-inch,8GB
2,-0.97265625,9.0,Apple,14-inch,8GB,Lenovo,16-inch,16GB
2,-0.00347900390625,4.0,Apple,14-inch,8GB,HP,13-inch,4GB
2,-5.25,9.5,Apple,14-inch,8GB,HP,13-inch,8GB
2,-6.375,9.5,Apple,14-inch,8GB,HP,13-inch,16GB
2,-0.004608154296875,4.25,Apple,14-inch,8GB,HP,14-inch,4GB
2,-4.875,9.5,Apple,14-inch,8GB,HP,14-inch,8GB
2,-5.875,9.5,Apple,14-inch,8GB,HP,14-inch,16GB
2,-0.0615234375,6.6875,Apple,14-inch,8GB,HP,16-inch,4GB
2,-4.625,9.5,Apple,14-inch,8GB,HP,16-inch,8GB
2,-2.34375,9.375,Apple,14-inch,8GB,HP,16-inch,16GB
2,-0.0291748046875,5.96875,Apple,14-inch,8GB,Dell,13-inch,4GB
2,-5.375,9.5,Apple,14-inch,8GB,Dell,13-inch,8GB
2,-5.75,9.5,Apple,14-inch,8GB,Dell,13-inch,16GB
2,-0.004608154296875,4.25,Apple,14-inch,8GB,Dell,14-inch,4GB
2,-5.5,9.5,Apple,14-inch,8GB,Dell,14-inch,8GB
2,-4.5,9.5,Apple,14-inch,8GB,Dell,14-inch,16GB
2,-0.0615234375,6.6875,Apple,14-inch,8GB,Dell,16-inch,4GB
2,-4.875,9.5,Apple,14-inch,8GB,Dell,16-inch,8GB
2,-0.08837890625,7.03125,Apple,14-inch,8GB,Dell,16-inch,16GB
2,-4.75,9.5,Apple,14-inch,8GB,Apple,13-inch,4GB
2,-3.046875,9.4375,Apple,14-inch,8GB,Apple,13-inch,8GB
2,-5.875,9.5,Apple,14-inch,8GB,Apple,13-inch,16GB
2,-0.0025634765625,3.75,Apple,14-inch,8GB,Apple,14-inch,4GB
2,-5.75,9.5,Apple,14-inch,8GB,Apple,14-inch,16GB
2,-0.0015716552734375,3.375,Apple,14-inch,8GB,Apple,16-inch,4GB
2,-0.006103515625,4.5,Apple,14-inch,8GB,Apple,16-inch,8GB
2,-0.0091552734375,4.875,Apple,14-inch,8GB,Apple,16-inch,16GB
2,-15.0,9.5,Apple,14-inch,16GB,ASUS,13-inch,4GB
2,-7.375,9.5,Apple,14-inch,16GB,ASUS,13-inch,8GB
2,-6.125,9.5,Apple,14-inch,16GB,ASUS,13-inch,16GB
2,-12.25,9.5,Apple,14-inch,16GB,ASUS,14-inch,4GB
2,-7.75,9.5,Apple,14-inch,16GB,ASUS,14-inch,8GB
2,-5.375,9.5,Apple,14-inch,16GB,ASUS,14-inch,16GB
2,-13.25,9.5,Apple,14-inch,16GB,ASUS,16-inch,4GB
2,-6.75,9.5,Apple,14-inch,16GB,ASUS,16-inch,8GB
2,-5.125,9.5,Apple,14-inch,16GB,ASUS,16-inch,16GB
2,-14.5,9.5,Apple,14-inch,16GB,Lenovo,13-inch,4GB
2,-7.125,9.5,Apple,14-inch,16GB,Lenovo,13-inch,8GB
2,-6.375,9.5,Apple,14-inch,16GB,Lenovo,13-inch,16GB
2,-11.75,9.5,Apple,14-inch,16GB,Lenovo,14-inch,4GB
2,-7.375,9.5,Apple,14-inch,16GB,Lenovo,14-inch,8GB
2,-5.5,9.5,Apple,14-inch,16GB,Lenovo,14-inch,16GB
2,-13.625,9.5,Apple,14-inch,16GB,Lenovo,16-inch,4GB
2,-6.75,9.5,Apple,14-inch,16GB,Lenovo,16-inch,8GB
2,-4.875,9.5,Apple,14-inch,16GB,Lenovo,16-inch,16GB
2,-12.875,9.5,Apple,14-inch,16GB,HP,13-inch,4GB
2,-7.0,9.5,Apple,14-inch,16GB,HP,13-inch,8GB
2,-5.625,9.5,Apple,14-inch,16GB,HP,13-inch,16GB
2,-10.0,9.5,Apple,14-inch,16GB,HP,14-inch,4GB
2,-7.125,9.5,Apple,14-inch,16GB,HP,14-inch,8GB
2,-5.125,9.5,Apple,14-inch,16GB,HP,14-inch,16GB
2,-11.75,9.5,Apple,14-inch,16GB,HP,16-inch,4GB
2,-6.5,9.5,Apple,14-inch,16GB,HP,16-inch,8GB
2,-5.0,9.5,Apple,14-inch,16GB,HP,16-inch,16GB
2,-14.5,9.5,Apple,14-inch,16GB,Dell,13-inch,4GB
2,-7.125,9.5,Apple,14-inch,16GB,Dell,13-inch,8GB
2,-6.0,9.5,Apple,14-inch,16GB,Dell,13-inch,16GB
2,-12.0,9.5,Apple,14-inch,16GB,Dell,14-inch,4GB
2,-7.125,9.5,Apple,14-inch,16GB,Dell,14-inch,8GB
2,-5.75,9.5,Apple,14-inch,16GB,Dell,14-inch,16GB
2,-12.875,9.5,Apple,14-inch,16GB,Dell,16-inch,4GB
2,-6.25,9.5,Apple,14-inch,16GB,Dell,16-inch,8GB
2,-5.0,9.5,Apple,14-inch,16GB,Dell,16-inch,16GB
2,-14.75,9.5,Apple,14-inch,16GB,Apple,13-inch,4GB
2,-7.125,9.5,Apple,14-inch,16GB,Apple,13-inch,8GB
2,-0.1123046875,7.25,Apple,14-inch,16GB,Apple,13-inch,16GB
2,-6.5,9.5,Apple,14-inch,16GB,Apple,14-inch,4GB
2,-10.125,9.5,Apple,14-inch,16GB,Apple,14-inch,8GB
2,-8.0,9.5,Apple,14-inch,16GB,Apple,16-inch,4GB
2,-7.0,9.5,Apple,14-inch,16GB,Apple,16-inch,8GB
2,-0.0091552734375,4.875,Apple,14-inch,16GB,Apple,16-inch,16GB
2,-10.625,9.5,Apple,16-inch,4GB,ASUS,13-inch,4GB
2,-13.125,9.5,Apple,16-inch,4GB,ASUS,13-inch,8GB
2,-12.875,9.5,Apple,16-inch,4GB,ASUS,13-inch,16GB
2,-10.75,9.5,Apple,16-inch,4GB,ASUS,14-inch,4GB
2,-13.625,9.5,Apple,16-inch,4GB,ASUS,14-inch,8GB
2,-12.875,9.5,Apple,16-inch,4GB,ASUS,14-inch,16GB
2,-9.25,9.5,Apple,16-inch,4GB,ASUS,16-inch,4GB
2,-15.125,9.5,Apple,16-inch,4GB,ASUS,16-inch,8GB
2,-12.125,9.5,Apple,16-inch,4GB,ASUS,16-inch,16GB
2,-10.5,9.5,Apple,16-inch,4GB,Lenovo,13-inch,4GB
2,-12.75,9.5,Apple,16-inch,4GB,Lenovo,13-inch,8GB
2,-12.875,9.5,Apple,16-inch,4GB,Lenovo,13-inch,16GB
2,-10.25,9.5,Apple,16-inch,4GB,Lenovo,14-inch,4GB
2,-13.25,9.5,Apple,16-inch,4GB,Lenovo,14-inch,8GB
2,-12.75,9.5,Apple,16-inch,4GB,Lenovo,14-inch,16GB
2,-9.5,9.5,Apple,16-inch,4GB,Lenovo,16-inch,4GB
2,-14.25,9.5,Apple,16-inch,4GB,Lenovo,16-inch,8GB
2,-11.875,9.5,Apple,16-inch,4GB,Lenovo,16-inch,16GB
2,-10.0,9.5,Apple,16-inch,4GB,HP,13-inch,4GB
2,-12.125,9.5,Apple,16-inch,4GB,HP,13-inch,8GB
2,-12.625,9.5,Apple,16-inch,4GB,HP,13-inch,16GB
2,-10.375,9.5,Apple,16-inch,4GB,HP,14-inch,4GB
2,-12.75,9.5,Apple,16-inch,4GB,HP,14-inch,8GB
2,-12.625,9.5,Apple,16-inch,4GB,HP,14-inch,16GB
2,-9.375,9.5,Apple,16-inch,4GB,HP,16-inch,4GB
2,-14.375,9.5,Apple,16-inch,4GB,HP,16-inch,8GB
2,-12.0,9.5,Apple,16-inch,4GB,HP,16-inch,16GB
2,-10.125,9.5,Apple,16-inch,4GB,Dell,13-inch,4GB
2,-12.25,9.5,Apple,16-inch,4GB,Dell,13-inch,8GB
2,-12.625,9.5,Apple,16-inch,4GB,Dell,13-inch,16GB
2,-10.5,9.5,Apple,16-inch,4GB,Dell,14-inch,4GB
2,-12.875,9.5,Apple,16-inch,4GB,Dell,14-inch,8GB
2,-12.5,9.5,Apple,16-inch,4GB,Dell,14-inch,16GB
2,-10.0,9.5,Apple,16-inch,4GB,Dell,16-inch,4GB
2,-13.625,9.5,Apple,16-inch,4GB,Dell,16-inch,8GB
2,-11.75,9.5,Apple,16-inch,4GB,Dell,16-inch,16GB
2,-6.625,9.5,Apple,16-inch,4GB,Apple,13-inch,4GB
2,-13.5,9.5,Apple,16-inch,4GB,Apple,13-inch,8GB
2,-13.0,9.5,Apple,16-inch,4GB,Apple,13-inch,16GB
2,-7.5,9.5,Apple,16-inch,4GB,Apple,14-inch,4GB
2,-14.5,9.5,Apple,16-inch,4GB,Apple,14-inch,8GB
2,-13.875,9.5,Apple,16-inch,4GB,Apple,14-inch,16GB
2,-11.0,9.5,Apple,16-inch,4GB,Apple,16-inch,8GB
2,-9.75,9.5,Apple,16-inch,4GB,Apple,16-inch,16GB
2,-7.75,9.5,Apple,16-inch,8GB,ASUS,13-inch,4GB
2,-6.75,9.5,Apple,16-inch,8GB,ASUS,13-inch,8GB
2,-4.25,9.5,Apple,16-inch,8GB,ASUS,13-inch,16GB
2,-7.75,9.5,Apple,16-inch,8GB,ASUS,14-inch,4GB
2,-6.875,9.5,Apple,16-inch,8GB,ASUS,14-inch,8GB
2,-6.0,9.5,Apple,16-inch,8GB,ASUS,14-inch,16GB
2,-0.00131988525390625,3.25,Apple,16-inch,8GB,ASUS,16-inch,4GB
2,-5.875,9.5,Apple,16-inch,8GB,ASUS,16-inch,8GB
2,-0.251953125,8.0,Apple,16-inch,8GB,ASUS,16-inch,16GB
2,-7.625,9.5,Apple,16-inch,8GB,Lenovo,13-inch,4GB
2,-6.75,9.5,Apple,16-inch,8GB,Lenovo,13-inch,8GB
2,-3.765625,9.5,Apple,16-inch,8GB,Lenovo,13-inch,16GB
2,-7.5,9.5,Apple,16-inch,8GB,Lenovo,14-inch,4GB
2,-6.75,9.5,Apple,16-inch,8GB,Lenovo,14-inch,8GB
2,-5.75,9.5,Apple,16-inch,8GB,Lenovo,14-inch,16GB
2,-0.00131988525390625,3.25,Apple,16-inch,8GB,Lenovo,16-inch,4GB
2,-5.5,9.5,Apple,16-inch,8GB,Lenovo,16-inch,8GB
2,-0.251953125,8.0,Apple,16-inch,8GB,Lenovo,16-inch,16GB
2,-6.5,9.5,Apple,16-inch,8GB,HP,13-inch,4GB
2,-6.125,9.5,Apple,16-inch,8GB,HP,13-inch,8GB
2,-0.69140625,8.8125,Apple,16-inch,8GB,HP,13-inch,16GB
2,-6.25,9.5,Apple,16-inch,8GB,HP,14-inch,4GB
2,-6.125,9.5,Apple,16-inch,8GB,HP,14-inch,8GB
2,-4.75,9.5,Apple,16-inch,8GB,HP,14-inch,16GB
2,-0.0007171630859375,2.875,Apple,16-inch,8GB,HP,16-inch,4GB
2,-5.375,9.5,Apple,16-inch,8GB,HP,16-inch,8GB
2,-3.046875,9.4375,Apple,16-inch,8GB,HP,16-inch,16GB
2,-6.875,9.5,Apple,16-inch,8GB,Dell,13-inch,4GB
2,-6.0,9.5,Apple,16-inch,8GB,Dell,13-inch,8GB
2,-0.07861328125,6.9375,Apple,16-inch,8GB,Dell,13-inch,16GB
2,-6.75,9.5,Apple,16-inch,8GB,Dell,14-inch,4GB
2,-6.5,9.5,Apple,16-inch,8GB,Dell,14-inch,8GB
2,-1.3125,9.1875,Apple,16-inch,8GB,Dell,14-inch,16GB
2,-0.000194549560546875,2.375,Apple,16-inch,8GB,Dell,16-inch,4GB
2,-6.25,9.5,Apple,16-inch,8GB,Dell,16-inch,8GB
2,-0.01043701171875,5.0,Apple,16-inch,8GB,Dell,16-inch,16GB
2,-7.5,9.5,Apple,16-inch,8GB,Apple,13-inch,4GB
2,-5.625,9.5,Apple,16-inch,8GB,Apple,13-inch,8GB
2,-4.625,9.5,Apple,16-inch,8GB,Apple,13-inch,16GB
2,-7.5,9.5,Apple,16-inch,8GB,Apple,14-inch,4GB
2,-5.875,9.5,Apple,16-inch,8GB,Apple,14-inch,8GB
2,-6.0,9.5,Apple,16-inch,8GB,Apple,14-inch,16GB
2,5.7220458984375e-05,2.0,Apple,16-inch,8GB,Apple,16-inch,4GB
2,-6.375,9.5,Apple,16-inch,8GB,Apple,16-inch,16GB
2,-13.5,9.5,Apple,16-inch,16GB,ASUS,13-inch,4GB
2,-7.25,9.5,Apple,16-inch,16GB,ASUS,13-inch,8GB
2,-6.375,9.5,Apple,16-inch,16GB,ASUS,13-inch,16GB
2,-13.0,9.5,Apple,16-inch,16GB,ASUS,14-inch,4GB
2,-7.375,9.5,Apple,16-inch,16GB,ASUS,14-inch,8GB
2,-6.125,9.5,Apple,16-inch,16GB,ASUS,14-inch,16GB
2,-10.125,9.5,Apple,16-inch,16GB,ASUS,16-inch,4GB
2,-8.125,9.5,Apple,16-inch,16GB,ASUS,16-inch,8GB
2,-5.375,9.5,Apple,16-inch,16GB,ASUS,16-inch,16GB
2,-13.125,9.5,Apple,16-inch,16GB,Lenovo,13-inch,4GB
2,-6.875,9.5,Apple,16-inch,16GB,Lenovo,13-inch,8GB
2,-6.5,9.5,Apple,16-inch,16GB,Lenovo,13-inch,16GB
2,-13.125,9.5,Apple,16-inch,16GB,Lenovo,14-inch,4GB
2,-6.875,9.5,Apple,16-inch,16GB,Lenovo,14-inch,8GB
2,-6.0,9.5,Apple,16-inch,16GB,Lenovo,14-inch,16GB
2,-9.5,9.5,Apple,16-inch,16GB,Lenovo,16-inch,4GB
2,-7.875,9.5,Apple,16-inch,16GB,Lenovo,16-inch,8GB
2,-5.5,9.5,Apple,16-inch,16GB,Lenovo,16-inch,16GB
2,-11.875,9.5,Apple,16-inch,16GB,HP,13-inch,4GB
2,-6.875,9.5,Apple,16-inch,16GB,HP,13-inch,8GB
2,-5.875,9.5,Apple,16-inch,16GB,HP,13-inch,16GB
2,-11.75,9.5,Apple,16-inch,16GB,HP,14-inch,4GB
2,-6.875,9.5,Apple,16-inch,16GB,HP,14-inch,8GB
2,-5.375,9.5,Apple,16-inch,16GB,HP,14-inch,16GB
2,-8.625,9.5,Apple,16-inch,16GB,HP,16-inch,4GB
2,-7.5,9.5,Apple,16-inch,16GB,HP,16-inch,8GB
2,-5.75,9.5,Apple,16-inch,16GB,HP,16-inch,16GB
2,-12.75,9.5,Apple,16-inch,16GB,Dell,13-inch,4GB
2,-7.125,9.5,Apple,16-inch,16GB,Dell,13-inch,8GB
2,-6.125,9.5,Apple,16-inch,16GB,Dell,13-inch,16GB
2,-12.5,9.5,Apple,16-inch,16GB,Dell,14-inch,4GB
2,-7.125,9.5,Apple,16-inch,16GB,Dell,14-inch,8GB
2,-5.375,9.5,Apple,16-inch,16GB,Dell,14-inch,16GB
2,-9.375,9.5,Apple,16-inch,16GB,Dell,16-inch,4GB
2,-7.875,9.5,Apple,16-inch,16GB,Dell,16-inch,8GB
2,-5.75,9.5,Apple,16-inch,16GB,Dell,16-inch,16GB
2,-14.375,9.5,Apple,16-inch,16GB,Apple,13-inch,4GB
2,-6.5,9.5,Apple,16-inch,16GB,Apple,13-inch,8GB
2,-4.75,9.5,Apple,16-inch,16GB,Apple,13-inch,16GB
2,-13.875,9.5,Apple,16-inch,16GB,Apple,14-inch,4GB
2,-7.0,9.5,Apple,16-inch,16GB,Apple,14-inch,8GB
2,-3.28125,9.4375,Apple,16-inch,16GB,Apple,14-inch,16GB
2,-0.006103515625,4.5,Apple,16-inch,16GB,Apple,16-inch,4GB
2,-9.125,9.5,Apple,16-inch,16GB,Apple,16-inch,8GB
3,-12.625,9.5,ASUS,13-inch,4GB,ASUS,13-inch,8GB
3,-12.625,9.5,ASUS,13-inch,4GB,ASUS,13-inch,16GB
3,-1.703125,9.3125,ASUS,13-inch,4GB,ASUS,14-inch,4GB
3,-12.25,9.5,ASUS,13-inch,4GB,ASUS,14-inch,8GB
3,-11.0,9.5,ASUS,13-inch,4GB,ASUS,14-inch,16GB
3,0.000179290771484375,1.75,ASUS,13-inch,4GB,ASUS,16-inch,4GB
3,-11.625,9.5,ASUS,13-inch,4GB,ASUS,16-inch,8GB
3,-5.5,9.5,ASUS,13-inch,4GB,ASUS,16-inch,16GB
3,-0.000301361083984375,2.5,ASUS,13-inch,4GB,Lenovo,13-inch,4GB
3,-11.375,9.5,ASUS,13-inch,4GB,Lenovo,13-inch,8GB
3,-10.375,9.5,ASUS,13-inch,4GB,Lenovo,13-inch,16GB
3,-0.00089263916015625,3.0,ASUS,13-inch,4GB,Lenovo,14-inch,4GB
3,-11.25,9.5,ASUS,13-inch,4GB,Lenovo,14-inch,8GB
3,-10.375,9.5,ASUS,13-inch,4GB,Lenovo,14-inch,16GB
3,-9.918212890625e-05,2.25,ASUS,13-inch,4GB,Lenovo,16-inch,4GB
3,-11.25,9.5,ASUS,13-inch,4GB,Lenovo,16-inch,8GB
3,-8.875,9.5,ASUS,13-inch,4GB,Lenovo,16-inch,16GB
3,0.000179290771484375,1.75,ASUS,13-inch,4GB,HP,13-inch,4GB
3,-11.625,9.5,ASUS,13-inch,4GB,HP,13-inch,8GB
3,-10.625,9.5,ASUS,13-inch,4GB,HP,13-inch,16GB
3,-0.00055694580078125,2.75,ASUS,13-inch,4GB,HP,14-inch,4GB
3,-11.5,9.5,ASUS,13-inch,4GB,HP,14-inch,8GB
3,-10.625,9.5,ASUS,13-inch,4GB,HP,14-inch,16GB
3,0.0001220703125,1.875,ASUS,13-inch,4GB,HP,16-inch,4GB
3,-11.25,9.5,ASUS,13-inch,4GB,HP,16-inch,8GB
3,-8.625,9.5,ASUS,13-inch,4GB,HP,16-inch,16GB
3,5.7220458984375e-05,2.0,ASUS,13-inch,4GB,Dell,13-inch,4GB
3,-11.375,9.5,ASUS,13-inch,4GB,Dell,13-inch,8GB
3,-9.625,9.5,ASUS,13-inch,4GB,Dell,13-inch,16GB
3,-0.0007171630859375,2.875,ASUS,13-inch,4GB,Dell,14-inch,4GB
3,-10.875,9.5,ASUS,13-inch,4GB,Dell,14-inch,8GB
3,-10.0,9.5,ASUS,13-inch,4GB,Dell,14-inch,16GB
3,0.0003147125244140625,1.375,ASUS,13-inch,4GB,Dell,16-inch,4GB
3,-11.0,9.5,ASUS,13-inch,4GB,Dell,16-inch,8GB
3,-8.0,9.5,ASUS,13-inch,4GB,Dell,16-inch,16GB
3,0.00052642822265625,0.125,ASUS,13-inch,4GB,Apple,13-inch,4GB
3,-11.25,9.5,ASUS,13-inch,4GB,Apple,13-inch,8GB
3,-8.625,9.5,ASUS,13-inch,4GB,Apple,13-inch,16GB
3,0.000469207763671875,0.625,ASUS,13-inch,4GB,Apple,14-inch,4GB
3,-11.0,9.5,ASUS,13-inch,4GB,Apple,14-inch,8GB
3,-9.5,9.5,ASUS,13-inch,4GB,Apple,14-inch,16GB
3,0.000579833984375,-0.875,ASUS,13-inch,4GB,Apple,16-inch,4GB
3,-10.75,9.5,ASUS,13-inch,4GB,Apple,16-inch,8GB
3,-6.125,9.5,ASUS,13-inch,4GB,Apple,16-inch,16GB
3,-9.918212890625e-05,2.25,ASUS,13-inch,8GB,ASUS,13-inch,4GB
3,-4.03125,9.5,ASUS,13-inch,8GB,ASUS,13-inch,16GB
3,-3.765625,9.5,ASUS,13-inch,8GB,ASUS,14-inch,4GB
3,-4.5,9.5,ASUS,13-inch,8GB,ASUS,14-inch,8GB
3,-0.002197265625,3.625,ASUS,13-inch,8GB,ASUS,14-inch,16GB
3,-1.52587890625e-05,2.125,ASUS,13-inch,8GB,ASUS,16-inch,4GB
3,-0.57421875,8.6875,ASUS,13-inch,8GB,ASUS,16-inch,8GB
3,-0.00299072265625,3.875,ASUS,13-inch,8GB,ASUS,16-inch,16GB
3,-9.918212890625e-05,2.25,ASUS,13-inch,8GB,Lenovo,13-inch,4GB
3,-0.57421875,8.6875,ASUS,13-inch,8GB,Lenovo,13-inch,8GB
3,-0.0025787353515625,3.75,ASUS,13-inch,8GB,Lenovo,13-inch,16GB
3,-7.0,9.5,ASUS,13-inch,8GB,Lenovo,14-inch,4GB
3,-4.75,9.5,ASUS,13-inch,8GB,Lenovo,14-inch,8GB
3,-0.0005645751953125,2.75,ASUS,13-inch,8GB,Lenovo,14-inch,16GB
3,-0.0135498046875,5.25,ASUS,13-inch,8GB,Lenovo,16-inch,4GB
3,-0.0615234375,6.6875,ASUS,13-inch,8GB,Lenovo,16-inch,8GB
3,-0.0005645751953125,2.75,ASUS,13-inch,8GB,Lenovo,16-inch,16GB
3,0.0003490447998046875,1.25,ASUS,13-inch,8GB,HP,13-inch,4GB
3,-0.1591796875,7.59375,ASUS,13-inch,8GB,HP,13-inch,8GB
3,-0.00347900390625,4.0,ASUS,13-inch,8GB,HP,13-inch,16GB
3,-4.25,9.5,ASUS,13-inch,8GB,HP,14-inch,4GB
3,-3.28125,9.4375,ASUS,13-inch,8GB,HP,14-inch,8GB
3,-0.00072479248046875,2.875,ASUS,13-inch,8GB,HP,14-inch,16GB
3,-0.00131988525390625,3.25,ASUS,13-inch,8GB,HP,16-inch,4GB
3,-0.033203125,6.09375,ASUS,13-inch,8GB,HP,16-inch,8GB
3,-0.00109100341796875,3.125,ASUS,13-inch,8GB,HP,16-inch,16GB
3,0.0003147125244140625,1.375,ASUS,13-inch,8GB,Dell,13-inch,4GB
3,-1.3125,9.1875,ASUS,13-inch,8GB,Dell,13-inch,8GB
3,-0.0005645751953125,2.75,ASUS,13-inch,8GB,Dell,13-inch,16GB
3,-4.75,9.5,ASUS,13-inch,8GB,Dell,14-inch,4GB
3,-3.53125,9.5,ASUS,13-inch,8GB,Dell,14-inch,8GB
3,-1.9073486328125e-05,2.125,ASUS,13-inch,8GB,Dell,14-inch,16GB
3,-0.00799560546875,4.75,ASUS,13-inch,8GB,Dell,16-inch,4GB
3,-0.0135498046875,5.25,ASUS,13-inch,8GB,Dell,16-inch,8GB
3,-0.00042724609375,2.625,ASUS,13-inch,8GB,Dell,16-inch,16GB
3,-0.0291748046875,5.96875,ASUS,13-inch,8GB,Apple,13-inch,4GB
3,-4.03125,9.5,ASUS,13-inch,8GB,Apple,13-inch,8GB
3,-0.0015716552734375,3.375,ASUS,13-inch,8GB,Apple,13-inch,16GB
3,-7.625,9.5,ASUS,13-inch,8GB,Apple,14-inch,4GB
3,-6.75,9.5,ASUS,13-inch,8GB,Apple,14-inch,8GB
3,-0.00042724609375,2.625,ASUS,13-inch,8GB,Apple,14-inch,16GB
3,-0.006103515625,4.5,ASUS,13-inch,8GB,Apple,16-inch,4GB
3,-0.1591796875,7.59375,ASUS,13-inch,8GB,Apple,16-inch,8GB
3,-0.0007171630859375,2.875,ASUS,13-inch,8GB,Apple,16-inch,16GB
3,-0.099609375,7.15625,ASUS,13-inch,16GB,ASUS,13-inch,4GB
3,-9.625,9.5,ASUS,13-inch,16GB,ASUS,13-inch,8GB
3,-13.125,9.5,ASUS,13-inch,16GB,ASUS,14-inch,4GB
3,-6.875,9.5,ASUS,13-inch,16GB,ASUS,14-inch,8GB
3,-0.099609375,7.15625,ASUS,13-inch,16GB,ASUS,14-inch,16GB
3,-0.01043701171875,5.0,ASUS,13-inch,16GB,ASUS,16-inch,4GB
3,-6.125,9.5,ASUS,13-inch,16GB,ASUS,16-inch,8GB
3,-0.01190185546875,5.125,ASUS,13-inch,16GB,ASUS,16-inch,16GB
3,-10.125,9.5,ASUS,13-inch,16GB,Lenovo,13-inch,4GB
3,-7.25,9.5,ASUS,13-inch,16GB,Lenovo,13-inch,8GB
3,-3.53125,9.5,ASUS,13-inch,16GB,Lenovo,13-inch,16GB
3,-15.375,9.5,ASUS,13-inch,16GB,Lenovo,14-inch,4GB
3,-5.125,9.5,ASUS,13-inch,16GB,Lenovo,14-inch,8GB
3,-6.375,9.5,ASUS,13-inch,16GB,Lenovo,14-inch,16GB
3,-8.625,9.5,ASUS,13-inch,16GB,Lenovo,16-inch,4GB
3,-5.125,9.5,ASUS,13-inch,16GB,Lenovo,16-inch,8GB
3,-1.9140625,9.3125,ASUS,13-inch,16GB,Lenovo,16-inch,16GB
3,-7.875,9.5,ASUS,13-inch,16GB,HP,13-inch,4GB
3,-7.75,9.5,ASUS,13-inch,16GB,HP,13-inch,8GB
3,-2.234375,9.375,ASUS,13-inch,16GB,HP,13-inch,16GB
3,-13.125,9.5,ASUS,13-inch,16GB,HP,14-inch,4GB
3,-6.0,9.5,ASUS,13-inch,16GB,HP,14-inch,8GB
3,-5.875,9.5,ASUS,13-inch,16GB,HP,14-inch,16GB
3,-6.75,9.5,ASUS,13-inch,16GB,HP,16-inch,4GB
3,-5.5,9.5,ASUS,13-inch,16GB,HP,16-inch,8GB
3,-2.125,9.375,ASUS,13-inch,16GB,HP,16-inch,16GB
3,-8.125,9.5,ASUS,13-inch,16GB,Dell,13-inch,4GB
3,-7.25,9.5,ASUS,13-inch,16GB,Dell,13-inch,8GB
3,-2.9375,9.4375,ASUS,13-inch,16GB,Dell,13-inch,16GB
3,-13.75,9.5,ASUS,13-inch,16GB,Dell,14-inch,4GB
3,-4.25,9.5,ASUS,13-inch,16GB,Dell,14-inch,8GB
3,-6.375,9.5,ASUS,13-inch,16GB,Dell,14-inch,16GB
3,-7.125,9.5,ASUS,13-inch,16GB,Dell,16-inch,4GB
3,-0.69140625,8.8125,ASUS,13-inch,16GB,Dell,16-inch,8GB
3,-1.703125,9.3125,ASUS,13-inch,16GB,Dell,16-inch,16GB
3,-11.375,9.5,ASUS,13-inch,16GB,Apple,13-inch,4GB
3,-5.5,9.5,ASUS,13-inch,16GB,Apple,13-inch,8GB
3,-2.9375,9.4375,ASUS,13-inch,16GB,Apple,13-inch,16GB
3,-13.375,9.5,ASUS,13-inch,16GB,Apple,14-inch,4GB
3,-5.5,9.5,ASUS,13-inch,16GB,Apple,14-inch,8GB
3,-6.25,9.5,ASUS,13-inch,16GB,Apple,14-inch,16GB
3,-8.125,9.5,ASUS,13-inch,16GB,Apple,16-inch,4GB
3,-2.34375,9.375,ASUS,13-inch,16GB,Apple,16-inch,8GB
3,-4.375,9.5,ASUS,13-inch,16GB,Apple,16-inch,16GB
3,0.000606536865234375,-3.0,ASUS,14-inch,4GB,ASUS,13-inch,4GB
3,-13.75,9.5,ASUS,14-inch,4GB,ASUS,13-inch,8GB
3,-13.875,9.5,ASUS,14-inch,4GB,ASUS,13-inch,16GB
3,-13.75,9.5,ASUS,14-inch,4GB,ASUS,14-inch,8GB
3,-14.0,9.5,ASUS,14-inch,4GB,ASUS,14-inch,16GB
3,-0.00109100341796875,3.125,ASUS,14-inch,4GB,ASUS,16-inch,4GB
3,-12.5,9.5,ASUS,14-inch,4GB,ASUS,16-inch,8GB
3,-8.125,9.5,ASUS,14-inch,4GB,ASUS,16-inch,16GB
3,0.000514984130859375,0.25,ASUS,14-inch,4GB,Lenovo,13-inch,4GB
3,-12.125,9.5,ASUS,14-inch,4GB,Lenovo,13-inch,8GB
3,-11.75,9.5,ASUS,14-inch,4GB,Lenovo,13-inch,16GB
3,-0.00041961669921875,2.625,ASUS,14-inch,4GB,Lenovo,14-inch,4GB
3,-12.0,9.5,ASUS,14-inch,4GB,Lenovo,14-inch,8GB
3,-11.25,9.5,ASUS,14-inch,4GB,Lenovo,14-inch,16GB
3,-0.001861572265625,3.5,ASUS,14-inch,4GB,Lenovo,16-inch,4GB
3,-11.5,9.5,ASUS,14-inch,4GB,Lenovo,16-inch,8GB
3,-9.75,9.5,ASUS,14-inch,4GB,Lenovo,16-inch,16GB
3,0.0005645751953125,-0.5,ASUS,14-inch,4GB,HP,13-inch,4GB
3,-11.625,9.5,ASUS,14-inch,4GB,HP,13-inch,8GB
3,-11.625,9.5,ASUS,14-inch,4GB,HP,13-inch,16GB
3,5.7220458984375e-05,2.0,ASUS,14-inch,4GB,HP,14-inch,4GB
3,-12.25,9.5,ASUS,14-inch,4GB,HP,14-inch,8GB
3,-11.5,9.5,ASUS,14-inch,4GB,HP,14-inch,16GB
3,-0.00131988525390625,3.25,ASUS,14-inch,4GB,HP,16-inch,4GB
3,-11.625,9.5,ASUS,14-inch,4GB,HP,16-inch,8GB
3,-9.5,9.5,ASUS,14-inch,4GB,HP,16-inch,16GB
3,0.00048828125,0.5,ASUS,14-inch,4GB,Dell,13-inch,4GB
3,-11.875,9.5,ASUS,14-inch,4GB,Dell,13-inch,8GB
3,-11.5,9.5,ASUS,14-inch,4GB,Dell,13-inch,16GB
3,-9.918212890625e-05,2.25,ASUS,14-inch,4GB,Dell,14-inch,4GB
3,-12.0,9.5,ASUS,14-inch,4GB,Dell,14-inch,8GB
3,-10.625,9.5,ASUS,14-inch,4GB,Dell,14-inch,16GB
3,-0.00055694580078125,2.75,ASUS,14-inch,4GB,Dell,16-inch,4GB
3,-11.375,9.5,ASUS,14-inch,4GB,Dell,16-inch,8GB
3,-8.625,9.5,ASUS,14-inch,4GB,Dell,16-inch,16GB
3,0.0003795623779296875,1.125,ASUS,14-inch,4GB,Apple,13-inch,4GB
3,-11.125,9.5,ASUS,14-inch,4GB,Apple,13-inch,8GB
3,-9.25,9.5,ASUS,14-inch,4GB,Apple,13-inch,16GB
3,0.0005340576171875,0.0,ASUS,14-inch,4GB,Apple,14-inch,4GB
3,-11.75,9.5,ASUS,14-inch,4GB,Apple,14-inch,8GB
3,-8.75,9.5,ASUS,14-inch,4GB,Apple,14-inch,16GB
3,0.000553131103515625,-0.25,ASUS,14-inch,4GB,Apple,16-inch,4GB
3,-11.125,9.5,ASUS,14-inch,4GB,Apple,16-inch,8GB
3,-8.25,9.5,ASUS,14-inch,4GB,Apple,16-inch,16GB
3,0.000179290771484375,1.75,ASUS,14-inch,8GB,ASUS,13-inch,4GB
3,-0.0091552734375,4.875,ASUS,14-inch,8GB,ASUS,13-inch,8GB
3,-5.25,9.5,ASUS,14-inch,8GB,ASUS,13-inch,16GB
3,0.0003147125244140625,1.375,ASUS,14-inch,8GB,ASUS,14-inch,4GB
3,-5.625,9.5,ASUS,14-inch,8GB,ASUS,14-inch,16GB
3,0.000514984130859375,0.25,ASUS,14-inch,8GB,ASUS,16-inch,4GB
3,-0.0225830078125,5.75,ASUS,14-inch,8GB,ASUS,16-inch,8GB
3,-0.0040283203125,4.125,ASUS,14-inch,8GB,ASUS,16-inch,16GB
3,-9.918212890625e-05,2.25,ASUS,14-inch,8GB,Lenovo,13-inch,4GB
3,-3.28125,9.4375,ASUS,14-inch,8GB,Lenovo,13-inch,8GB
3,-0.0091552734375,4.875,ASUS,14-inch,8GB,Lenovo,13-inch,16GB
3,0.000431060791015625,0.875,ASUS,14-inch,8GB,Lenovo,14-inch,4GB
3,-0.38671875,8.375,ASUS,14-inch,8GB,Lenovo,14-inch,8GB
3,-0.00531005859375,4.375,ASUS,14-inch,8GB,Lenovo,14-inch,16GB
3,0.0002307891845703125,1.625,ASUS,14-inch,8GB,Lenovo,16-inch,4GB
3,-0.017578125,5.46875,ASUS,14-inch,8GB,Lenovo,16-inch,8GB
3,-0.0007171630859375,2.875,ASUS,14-inch,8GB,Lenovo,16-inch,16GB
3,0.0003147125244140625,1.375,ASUS,14-inch,8GB,HP,13-inch,4GB
3,-0.251953125,8.0,ASUS,14-inch,8GB,HP,13-inch,8GB
3,-0.006103515625,4.5,ASUS,14-inch,8GB,HP,13-inch,16GB
3,0.000469207763671875,0.625,ASUS,14-inch,8GB,HP,14-inch,4GB
3,-0.1259765625,7.375,ASUS,14-inch,8GB,HP,14-inch,8GB
3,-0.00701904296875,4.625,ASUS,14-inch,8GB,HP,14-inch,16GB
3,0.000431060791015625,0.875,ASUS,14-inch,8GB,HP,16-inch,4GB
3,-0.01190185546875,5.125,ASUS,14-inch,8GB,HP,16-inch,8GB
3,-0.00131988525390625,3.25,ASUS,14-inch,8GB,HP,16-inch,16GB
3,-0.00041961669921875,2.625,ASUS,14-inch,8GB,Dell,13-inch,4GB
3,-0.1259765625,7.375,ASUS,14-inch,8GB,Dell,13-inch,8GB
3,-0.00131988525390625,3.25,ASUS,14-inch,8GB,Dell,13-inch,16GB
3,0.000469207763671875,0.625,ASUS,14-inch,8GB,Dell,14-inch,4GB
3,-0.69140625,8.8125,ASUS,14-inch,8GB,Dell,14-inch,8GB
3,-0.0018768310546875,3.5,ASUS,14-inch,8GB,Dell,14-inch,16GB
3,0.000431060791015625,0.875,ASUS,14-inch,8GB,Dell,16-inch,4GB
3,-0.00799560546875,4.75,ASUS,14-inch,8GB,Dell,16-inch,8GB
3,-0.000301361083984375,2.5,ASUS,14-inch,8GB,Dell,16-inch,16GB
3,-6.0,9.5,ASUS,14-inch,8GB,Apple,13-inch,4GB
3,-5.0,9.5,ASUS,14-inch,8GB,Apple,13-inch,8GB
3,-9.918212890625e-05,2.25,ASUS,14-inch,8GB,Apple,13-inch,16GB
3,-0.000194549560546875,2.375,ASUS,14-inch,8GB,Apple,14-inch,4GB
3,-5.625,9.5,ASUS,14-inch,8GB,Apple,14-inch,8GB
3,-0.00109100341796875,3.125,ASUS,14-inch,8GB,Apple,14-inch,16GB
3,0.0001220703125,1.875,ASUS,14-inch,8GB,Apple,16-inch,4GB
3,-0.017578125,5.46875,ASUS,14-inch,8GB,Apple,16-inch,8GB
3,-0.00041961669921875,2.625,ASUS,14-inch,8GB,Apple,16-inch,16GB
3,-13.0,9.5,ASUS,14-inch,16GB,ASUS,13-inch,4GB
3,-2.125,9.375,ASUS,14-inch,16GB,ASUS,13-inch,8GB
3,-0.0135498046875,5.25,ASUS,14-inch,16GB,ASUS,13-inch,16GB
3,-0.00041961669921875,2.625,ASUS,14-inch,16GB,ASUS,14-inch,4GB
3,-8.875,9.5,ASUS,14-inch,16GB,ASUS,14-inch,8GB
3,-0.00055694580078125,2.75,ASUS,14-inch,16GB,ASUS,16-inch,4GB
3,-4.75,9.5,ASUS,14-inch,16GB,ASUS,16-inch,8GB
3,-0.006103515625,4.5,ASUS,14-inch,16GB,ASUS,16-inch,16GB
3,-14.0,9.5,ASUS,14-inch,16GB,Lenovo,13-inch,4GB
3,-0.033203125,6.09375,ASUS,14-inch,16GB,Lenovo,13-inch,8GB
3,-1.5,9.25,ASUS,14-inch,16GB,Lenovo,13-inch,16GB
3,-3.28125,9.4375,ASUS,14-inch,16GB,Lenovo,14-inch,4GB
3,-6.375,9.5,ASUS,14-inch,16GB,Lenovo,14-inch,8GB
3,-2.34375,9.375,ASUS,14-inch,16GB,Lenovo,14-inch,16GB
3,-0.82421875,8.9375,ASUS,14-inch,16GB,Lenovo,16-inch,4GB
3,-0.099609375,7.15625,ASUS,14-inch,16GB,Lenovo,16-inch,8GB
3,-0.69140625,8.8125,ASUS,14-inch,16GB,Lenovo,16-inch,16GB
3,-12.875,9.5,ASUS,14-inch,16GB,HP,13-inch,4GB
3,-0.1259765625,7.375,ASUS,14-inch,16GB,HP,13-inch,8GB
3,-0.1259765625,7.375,ASUS,14-inch,16GB,HP,13-inch,16GB
3,-0.0225830078125,5.75,ASUS,14-inch,16GB,HP,14-inch,4GB
3,-6.875,9.5,ASUS,14-inch,16GB,HP,14-inch,8GB
3,-1.3125,9.1875,ASUS,14-inch,16GB,HP,14-inch,16GB
3,-0.0015716552734375,3.375,ASUS,14-inch,16GB,HP,16-inch,4GB
3,-0.2001953125,7.8125,ASUS,14-inch,16GB,HP,16-inch,8GB
3,-0.3125,8.1875,ASUS,14-inch,16GB,HP,16-inch,16GB
3,-14.875,9.5,ASUS,14-inch,16GB,Dell,13-inch,4GB
3,-0.01190185546875,5.125,ASUS,14-inch,16GB,Dell,13-inch,8GB
3,-0.3125,8.1875,ASUS,14-inch,16GB,Dell,13-inch,16GB
3,-0.07861328125,6.9375,ASUS,14-inch,16GB,Dell,14-inch,4GB
3,-6.125,9.5,ASUS,14-inch,16GB,Dell,14-inch,8GB
3,-1.703125,9.3125,ASUS,14-inch,16GB,Dell,14-inch,16GB
3,-0.0015716552734375,3.375,ASUS,14-inch,16GB,Dell,16-inch,4GB
3,-0.0040283203125,4.125,ASUS,14-inch,16GB,Dell,16-inch,8GB
3,-1.3125,9.1875,ASUS,14-inch,16GB,Dell,16-inch,16GB
3,-13.25,9.5,ASUS,14-inch,16GB,Apple,13-inch,4GB
3,-0.015380859375,5.34375,ASUS,14-inch,16GB,Apple,13-inch,8GB
3,-1.140625,9.125,ASUS,14-inch,16GB,Apple,13-inch,16GB
3,-8.375,9.5,ASUS,14-inch,16GB,Apple,14-inch,4GB
3,-0.1259765625,7.375,ASUS,14-inch,16GB,Apple,14-inch,8GB
3,-4.75,9.5,ASUS,14-inch,16GB,Apple,14-inch,16GB
3,-5.625,9.5,ASUS,14-inch,16GB,Apple,16-inch,4GB
3,-0.004638671875,4.25,ASUS,14-inch,16GB,Apple,16-inch,8GB
3,-4.625,9.5,ASUS,14-inch,16GB,Apple,16-inch,16GB
3,-0.0015716552734375,3.375,ASUS,16-inch,4GB,ASUS,13-inch,4GB
3,-13.75,9.5,ASUS,16-inch,4GB,ASUS,13-inch,8GB
3,-13.0,9.5,ASUS,16-inch,4GB,ASUS,13-inch,16GB
3,-0.00109100341796875,3.125,ASUS,16-inch,4GB,ASUS,14-inch,4GB
3,-13.75,9.5,ASUS,16-inch,4GB,ASUS,14-inch,8GB
3,-14.0,9.5,ASUS,16-inch,4GB,ASUS,14-inch,16GB
3,-13.625,9.5,ASUS,16-inch,4GB,ASUS,16-inch,8GB
3,-12.625,9.5,ASUS,16-inch,4GB,ASUS,16-inch,16GB
3,-0.0091552734375,4.875,ASUS,16-inch,4GB,Lenovo,13-inch,4GB
3,-11.625,9.5,ASUS,16-inch,4GB,Lenovo,13-inch,8GB
3,-11.625,9.5,ASUS,16-inch,4GB,Lenovo,13-inch,16GB
3,-0.07861328125,6.9375,ASUS,16-inch,4GB,Lenovo,14-inch,4GB
3,-11.75,9.5,ASUS,16-inch,4GB,Lenovo,14-inch,8GB
3,-11.5,9.5,ASUS,16-inch,4GB,Lenovo,14-inch,16GB
3,-0.224609375,7.90625,ASUS,16-inch,4GB,Lenovo,16-inch,4GB
3,-12.375,9.5,ASUS,16-inch,4GB,Lenovo,16-inch,8GB
3,-10.125,9.5,ASUS,16-inch,4GB,Lenovo,16-inch,16GB
3,-0.00347900390625,4.0,ASUS,16-inch,4GB,HP,13-inch,4GB
3,-11.25,9.5,ASUS,16-inch,4GB,HP,13-inch,8GB
3,-11.125,9.5,ASUS,16-inch,4GB,HP,13-inch,16GB
3,-0.0135498046875,5.25,ASUS,16-inch,4GB,HP,14-inch,4GB
3,-11.375,9.5,ASUS,16-inch,4GB,HP,14-inch,8GB
3,-11.375,9.5,ASUS,16-inch,4GB,HP,14-inch,16GB
3,-0.0615234375,6.6875,ASUS,16-inch,4GB,HP,16-inch,4GB
3,-12.375,9.5,ASUS,16-inch,4GB,HP,16-inch,8GB
3,-10.375,9.5,ASUS,16-inch,4GB,HP,16-inch,16GB
3,-0.004608154296875,4.25,ASUS,16-inch,4GB,Dell,13-inch,4GB
3,-11.125,9.5,ASUS,16-inch,4GB,Dell,13-inch,8GB
3,-11.25,9.5,ASUS,16-inch,4GB,Dell,13-inch,16GB
3,-0.0225830078125,5.75,ASUS,16-inch,4GB,Dell,14-inch,4GB
3,-11.625,9.5,ASUS,16-inch,4GB,Dell,14-inch,8GB
3,-11.25,9.5,ASUS,16-inch,4GB,Dell,14-inch,16GB
3,-0.0615234375,6.6875,ASUS,16-inch,4GB,Dell,16-inch,4GB
3,-12.125,9.5,ASUS,16-inch,4GB,Dell,16-inch,8GB
3,-9.875,9.5,ASUS,16-inch,4GB,Dell,16-inch,16GB
3,-5.375,9.5,ASUS,16-inch,4GB,Apple,13-inch,4GB
3,-10.625,9.5,ASUS,16-inch,4GB,Apple,13-inch,8GB
3,-9.375,9.5,ASUS,16-inch,4GB,Apple,13-inch,16GB
3,-5.25,9.5,ASUS,16-inch,4GB,Apple,14-inch,4GB
3,-10.875,9.5,ASUS,16-inch,4GB,Apple,14-inch,8GB
3,-9.75,9.5,ASUS,16-inch,4GB,Apple,14-inch,16GB
3,-0.0007171630859375,2.875,ASUS,16-inch,4GB,Apple,16-inch,4GB
3,-13.375,9.5,ASUS,16-inch,4GB,Apple,16-inch,8GB
3,-8.625,9.5,ASUS,16-inch,4GB,Apple,16-inch,16GB
3,-8.0,9.5,ASUS,16-inch,8GB,ASUS,13-inch,4GB
3,-4.375,9.5,ASUS,16-inch,8GB,ASUS,13-inch,8GB
3,-0.0135498046875,5.25,ASUS,16-inch,8GB,ASUS,13-inch,16GB
3,-8.125,9.5,ASUS,16-inch,8GB,ASUS,14-inch,4GB
3,-6.0,9.5,ASUS,16-inch,8GB,ASUS,14-inch,8GB
3,-5.5,9.5,ASUS,16-inch,8GB,ASUS,14-inch,16GB
3,0.0003795623779296875,1.125,ASUS,16-inch,8GB,ASUS,16-inch,4GB
3,-4.03125,9.5,ASUS,16-inch,8GB,ASUS,16-inch,16GB
3,-8.75,9.5,ASUS,16-inch,8GB,Lenovo,13-inch,4GB
3,-6.25,9.5,ASUS,16-inch,8GB,Lenovo,13-inch,8GB
3,-0.00109100341796875,3.125,ASUS,16-inch,8GB,Lenovo,13-inch,16GB
3,-8.5,9.5,ASUS,16-inch,8GB,Lenovo,14-inch,4GB
3,-6.0,9.5,ASUS,16-inch,8GB,Lenovo,14-inch,8GB
3,-0.004638671875,4.25,ASUS,16-inch,8GB,Lenovo,14-inch,16GB
3,0.00045013427734375,0.75,ASUS,16-inch,8GB,Lenovo,16-inch,4GB
3,-5.25,9.5,ASUS,16-inch,8GB,Lenovo,16-inch,8GB
3,0.0001220703125,1.875,ASUS,16-inch,8GB,Lenovo,16-inch,16GB
3,-7.75,9.5,ASUS,16-inch,8GB,HP,13-inch,4GB
3,-5.625,9.5,ASUS,16-inch,8GB,HP,13-inch,8GB
3,-0.00089263916015625,3.0,ASUS,16-inch,8GB,HP,13-inch,16GB
3,-7.75,9.5,ASUS,16-inch,8GB,HP,14-inch,4GB
3,-5.5,9.5,ASUS,16-inch,8GB,HP,14-inch,8GB
3,-0.00347900390625,4.0,ASUS,16-inch,8GB,HP,14-inch,16GB
3,0.000499725341796875,0.375,ASUS,16-inch,8GB,HP,16-inch,4GB
3,-4.75,9.5,ASUS,16-inch,8GB,HP,16-inch,8GB
3,-1.9073486328125e-05,2.125,ASUS,16-inch,8GB,HP,16-inch,16GB
3,-8.375,9.5,ASUS,16-inch,8GB,Dell,13-inch,4GB
3,-5.375,9.5,ASUS,16-inch,8GB,Dell,13-inch,8GB
3,-0.00055694580078125,2.75,ASUS,16-inch,8GB,Dell,13-inch,16GB
3,-8.375,9.5,ASUS,16-inch,8GB,Dell,14-inch,4GB
3,-5.375,9.5,ASUS,16-inch,8GB,Dell,14-inch,8GB
3,-0.001861572265625,3.5,ASUS,16-inch,8GB,Dell,14-inch,16GB
3,0.000499725341796875,0.375,ASUS,16-inch,8GB,Dell,16-inch,4GB
3,-5.25,9.5,ASUS,16-inch,8GB,Dell,16-inch,8GB
3,-1.9073486328125e-05,2.125,ASUS,16-inch,8GB,Dell,16-inch,16GB
3,-10.0,9.5,ASUS,16-inch,8GB,Apple,13-inch,4GB
3,-5.5,9.5,ASUS,16-inch,8GB,Apple,13-inch,8GB
3,5.7220458984375e-05,2.0,ASUS,16-inch,8GB,Apple,13-inch,16GB
3,-11.0,9.5,ASUS,16-inch,8GB,Apple,14-inch,4GB
3,-4.75,9.5,ASUS,16-inch,8GB,Apple,14-inch,8GB
3,-0.00041961669921875,2.625,ASUS,16-inch,8GB,Apple,14-inch,16GB
3,0.0001220703125,1.875,ASUS,16-inch,8GB,Apple,16-inch,4GB
3,-0.2001953125,7.8125,ASUS,16-inch,8GB,Apple,16-inch,8GB
3,0.000179290771484375,1.75,ASUS,16-inch,8GB,Apple,16-inch,16GB
3,-16.25,9.5,ASUS,16-inch,16GB,ASUS,13-inch,4GB
3,-0.251953125,8.0,ASUS,16-inch,16GB,ASUS,13-inch,8GB
3,-4.875,9.5,ASUS,16-inch,16GB,ASUS,13-inch,16GB
3,-14.125,9.5,ASUS,16-inch,16GB,ASUS,14-inch,4GB
3,-1.703125,9.3125,ASUS,16-inch,16GB,ASUS,14-inch,8GB
3,-5.375,9.5,ASUS,16-inch,16GB,ASUS,14-inch,16GB
3,-0.00041961669921875,2.625,ASUS,16-inch,16GB,ASUS,16-inch,4GB
3,-8.75,9.5,ASUS,16-inch,16GB,ASUS,16-inch,8GB
3,-15.625,9.5,ASUS,16-inch,16GB,Lenovo,13-inch,4GB
3,-0.0198974609375,5.625,ASUS,16-inch,16GB,Lenovo,13-inch,8GB
3,-5.375,9.5,ASUS,16-inch,16GB,Lenovo,13-inch,16GB
3,-14.75,9.5,ASUS,16-inch,16GB,Lenovo,14-inch,4GB
3,-0.03759765625,6.21875,ASUS,16-inch,16GB,Lenovo,14-inch,8GB
3,-5.375,9.5,ASUS,16-inch,16GB,Lenovo,14-inch,16GB
3,-0.0225830078125,5.75,ASUS,16-inch,16GB,Lenovo,16-inch,4GB
3,-6.625,9.5,ASUS,16-inch,16GB,Lenovo,16-inch,8GB
3,-4.625,9.5,ASUS,16-inch,16GB,Lenovo,16-inch,16GB
3,-15.125,9.5,ASUS,16-inch,16GB,HP,13-inch,4GB
3,-0.05419921875,6.5625,ASUS,16-inch,16GB,HP,13-inch,8GB
3,-4.75,9.5,ASUS,16-inch,16GB,HP,13-inch,16GB
3,-14.5,9.5,ASUS,16-inch,16GB,HP,14-inch,4GB
3,-0.1123046875,7.25,ASUS,16-inch,16GB,HP,14-inch,8GB
3,-5.0,9.5,ASUS,16-inch,16GB,HP,14-inch,16GB
3,-0.006103515625,4.5,ASUS,16-inch,16GB,HP,16-inch,4GB
3,-6.625,9.5,ASUS,16-inch,16GB,HP,16-inch,8GB
3,-5.0,9.5,ASUS,16-inch,16GB,HP,16-inch,16GB
3,-16.125,9.5,ASUS,16-inch,16GB,Dell,13-inch,4GB
3,-0.0198974609375,5.625,ASUS,16-inch,16GB,Dell,13-inch,8GB
3,-5.0,9.5,ASUS,16-inch,16GB,Dell,13-inch,16GB
3,-15.375,9.5,ASUS,16-inch,16GB,Dell,14-inch,4GB
3,-0.025634765625,5.84375,ASUS,16-inch,16GB,Dell,14-inch,8GB
3,-5.0,9.5,ASUS,16-inch,16GB,Dell,14-inch,16GB
3,-0.0015716552734375,3.375,ASUS,16-inch,16GB,Dell,16-inch,4GB
3,-6.75,9.5,ASUS,16-inch,16GB,Dell,16-inch,8GB
3,-4.75,9.5,ASUS,16-inch,16GB,Dell,16-inch,16GB
3,-14.375,9.5,ASUS,16-inch,16GB,Apple,13-inch,4GB
3,-0.0291748046875,5.96875,ASUS,16-inch,16GB,Apple,13-inch,8GB
3,-0.0478515625,6.4375,ASUS,16-inch,16GB,Apple,13-inch,16GB
3,-14.875,9.5,ASUS,16-inch,16GB,Apple,14-inch,4GB
3,-0.0478515625,6.4375,ASUS,16-inch,16GB,Apple,14-inch,8GB
3,-0.0693359375,6.8125,ASUS,16-inch,16GB,Apple,14-inch,16GB
3,-7.625,9.5,ASUS,16-inch,16GB,Apple,16-inch,4GB
3,-4.875,9.5,ASUS,16-inch,16GB,Apple,16-inch,8GB
3,-0.003997802734375,4.125,ASUS,16-inch,16GB,Apple,16-inch,16GB
3,-1.52587890625e-05,2.125,Lenovo,13-inch,4GB,ASUS,13-inch,4GB
3,-12.125,9.5,Lenovo,13-inch,4GB,ASUS,13-inch,8GB
3,-10.25,9.5,Lenovo,13-inch,4GB,ASUS,13-inch,16GB
3,-0.00109100341796875,3.125,Lenovo,13-inch,4GB,ASUS,14-inch,4GB
3,-12.125,9.5,Lenovo,13-inch,4GB,ASUS,14-inch,8GB
3,-10.75,9.5,Lenovo,13-inch,4GB,ASUS,14-inch,16GB
3,-9.918212890625e-05,2.25,Lenovo,13-inch,4GB,ASUS,16-inch,4GB
3,-11.75,9.5,Lenovo,13-inch,4GB,ASUS,16-inch,8GB
3,-8.75,9.5,Lenovo,13-inch,4GB,ASUS,16-inch,16GB
3,-12.75,9.5,Lenovo,13-inch,4GB,Lenovo,13-inch,8GB
3,-12.125,9.5,Lenovo,13-inch,4GB,Lenovo,13-inch,16GB
3,-2.34375,9.375,Lenovo,13-inch,4GB,Lenovo,14-inch,4GB
3,-12.375,9.5,Lenovo,13-inch,4GB,Lenovo,14-inch,8GB
3,-11.0,9.5,Lenovo,13-inch,4GB,Lenovo,14-inch,16GB
3,0.000408172607421875,1.0,Lenovo,13-inch,4GB,Lenovo,16-inch,4GB
3,-11.5,9.5,Lenovo,13-inch,4GB,Lenovo,16-inch,8GB
3,-7.25,9.5,Lenovo,13-inch,4GB,Lenovo,16-inch,16GB
3,0.000274658203125,1.5,Lenovo,13-inch,4GB,HP,13-inch,4GB
3,-11.5,9.5,Lenovo,13-inch,4GB,HP,13-inch,8GB
3,-10.0,9.5,Lenovo,13-inch,4GB,HP,13-inch,16GB
3,-0.000301361083984375,2.5,Lenovo,13-inch,4GB,HP,14-inch,4GB
3,-11.5,9.5,Lenovo,13-inch,4GB,HP,14-inch,8GB
3,-10.375,9.5,Lenovo,13-inch,4GB,HP,14-inch,16GB
3,0.0004520416259765625,0.75,Lenovo,13-inch,4GB,HP,16-inch,4GB
3,-11.375,9.5,Lenovo,13-inch,4GB,HP,16-inch,8GB
3,-8.5,9.5,Lenovo,13-inch,4GB,HP,16-inch,16GB
3,0.0002307891845703125,1.625,Lenovo,13-inch,4GB,Dell,13-inch,4GB
3,-11.0,9.5,Lenovo,13-inch,4GB,Dell,13-inch,8GB
3,-9.5,9.5,Lenovo,13-inch,4GB,Dell,13-inch,16GB
3,-0.000301361083984375,2.5,Lenovo,13-inch,4GB,Dell,14-inch,4GB
3,-11.125,9.5,Lenovo,13-inch,4GB,Dell,14-inch,8GB
3,-9.75,9.5,Lenovo,13-inch,4GB,Dell,14-inch,16GB
3,0.000514984130859375,0.25,Lenovo,13-inch,4GB,Dell,16-inch,4GB
3,-10.875,9.5,Lenovo,13-inch,4GB,Dell,16-inch,8GB
3,-7.5,9.5,Lenovo,13-inch,4GB,Dell,16-inch,16GB
3,0.00052642822265625,0.125,Lenovo,13-inch,4GB,Apple,13-inch,4GB
3,-10.75,9.5,Lenovo,13-inch,4GB,Apple,13-inch,8GB
3,-7.375,9.5,Lenovo,13-inch,4GB,Apple,13-inch,16GB
3,0.000514984130859375,0.25,Lenovo,13-inch,4GB,Apple,14-inch,4GB
3,-11.25,9.5,Lenovo,13-inch,4GB,Apple,14-inch,8GB
3,-8.75,9.5,Lenovo,13-inch,4GB,Apple,14-inch,16GB
3,0.000579833984375,-0.875,Lenovo,13-inch,4GB,Apple,16-inch,4GB
3,-10.75,9.5,Lenovo,13-inch,4GB,Apple,16-inch,8GB
3,-5.75,9.5,Lenovo,13-inch,4GB,Apple,16-inch,16GB
3,-0.2001953125,7.8125,Lenovo,13-inch,8GB,ASUS,13-inch,4GB
3,-0.251953125,8.0,Lenovo,13-inch,8GB,ASUS,13-inch,8GB
3,-0.0015716552734375,3.375,Lenovo,13-inch,8GB,ASUS,13-inch,16GB
3,-9.5,9.5,Lenovo,13-inch,8GB,ASUS,14-inch,4GB
3,-1.9140625,9.3125,Lenovo,13-inch,8GB,ASUS,14-inch,8GB
3,-0.00042724609375,2.625,Lenovo,13-inch,8GB,ASUS,14-inch,16GB
3,-6.375,9.5,Lenovo,13-inch,8GB,ASUS,16-inch,4GB
3,-0.025634765625,5.84375,Lenovo,13-inch,8GB,ASUS,16-inch,8GB
3,-0.0015716552734375,3.375,Lenovo,13-inch,8GB,ASUS,16-inch,16GB
3,-0.0007171630859375,2.875,Lenovo,13-inch,8GB,Lenovo,13-inch,4GB
3,-3.046875,9.4375,Lenovo,13-inch,8GB,Lenovo,13-inch,16GB
3,-7.5,9.5,Lenovo,13-inch,8GB,Lenovo,14-inch,4GB
3,-3.765625,9.5,Lenovo,13-inch,8GB,Lenovo,14-inch,8GB
3,-0.00299072265625,3.875,Lenovo,13-inch,8GB,Lenovo,14-inch,16GB
3,-0.00131988525390625,3.25,Lenovo,13-inch,8GB,Lenovo,16-inch,4GB
3,-0.38671875,8.375,Lenovo,13-inch,8GB,Lenovo,16-inch,8GB
3,-0.00299072265625,3.875,Lenovo,13-inch,8GB,Lenovo,16-inch,16GB
3,-0.001861572265625,3.5,Lenovo,13-inch,8GB,HP,13-inch,4GB
3,-0.1259765625,7.375,Lenovo,13-inch,8GB,HP,13-inch,8GB
3,-0.0018768310546875,3.5,Lenovo,13-inch,8GB,HP,13-inch,16GB
3,-8.375,9.5,Lenovo,13-inch,8GB,HP,14-inch,4GB
3,-0.57421875,8.6875,Lenovo,13-inch,8GB,HP,14-inch,8GB
3,-0.00089263916015625,3.0,Lenovo,13-inch,8GB,HP,14-inch,16GB
3,-3.046875,9.4375,Lenovo,13-inch,8GB,HP,16-inch,4GB
3,-0.015380859375,5.34375,Lenovo,13-inch,8GB,HP,16-inch,8GB
3,-0.00089263916015625,3.0,Lenovo,13-inch,8GB,HP,16-inch,16GB
3,-0.0135498046875,5.25,Lenovo,13-inch,8GB,Dell,13-inch,4GB
3,-0.251953125,8.0,Lenovo,13-inch,8GB,Dell,13-inch,8GB
3,-0.0005645751953125,2.75,Lenovo,13-inch,8GB,Dell,13-inch,16GB
3,-9.125,9.5,Lenovo,13-inch,8GB,Dell,14-inch,4GB
3,-0.251953125,8.0,Lenovo,13-inch,8GB,Dell,14-inch,8GB
3,-0.000194549560546875,2.375,Lenovo,13-inch,8GB,Dell,14-inch,16GB
3,-4.25,9.5,Lenovo,13-inch,8GB,Dell,16-inch,4GB
3,-0.0135498046875,5.25,Lenovo,13-inch,8GB,Dell,16-inch,8GB
3,-0.00041961669921875,2.625,Lenovo,13-inch,8GB,Dell,16-inch,16GB
3,-1.703125,9.3125,Lenovo,13-inch,8GB,Apple,13-inch,4GB
3,-0.3125,8.1875,Lenovo,13-inch,8GB,Apple,13-inch,8GB
3,-0.0015716552734375,3.375,Lenovo,13-inch,8GB,Apple,13-inch,16GB
3,-8.75,9.5,Lenovo,13-inch,8GB,Apple,14-inch,4GB
3,-5.25,9.5,Lenovo,13-inch,8GB,Apple,14-inch,8GB
3,-0.0007171630859375,2.875,Lenovo,13-inch,8GB,Apple,14-inch,16GB
3,-5.5,9.5,Lenovo,13-inch,8GB,Apple,16-inch,4GB
3,-0.0291748046875,5.96875,Lenovo,13-inch,8GB,Apple,16-inch,8GB
3,-0.0007171630859375,2.875,Lenovo,13-inch,8GB,Apple,16-inch,16GB
3,-9.625,9.5,Lenovo,13-inch,16GB,ASUS,13-inch,4GB
3,-7.375,9.5,Lenovo,13-inch,16GB,ASUS,13-inch,8GB
3,-2.015625,9.375,Lenovo,13-inch,16GB,ASUS,13-inch,16GB
3,-14.875,9.5,Lenovo,13-inch,16GB,ASUS,14-inch,4GB
3,-6.25,9.5,Lenovo,13-inch,16GB,ASUS,14-inch,8GB
3,-6.125,9.5,Lenovo,13-inch,16GB,ASUS,14-inch,16GB
3,-8.125,9.5,Lenovo,13-inch,16GB,ASUS,16-inch,4GB
3,-5.625,9.5,Lenovo,13-inch,16GB,ASUS,16-inch,8GB
3,-1.9140625,9.3125,Lenovo,13-inch,16GB,ASUS,16-inch,16GB
3,-0.57421875,8.6875,Lenovo,13-inch,16GB,Lenovo,13-inch,4GB
3,-9.375,9.5,Lenovo,13-inch,16GB,Lenovo,13-inch,8GB
3,-12.875,9.5,Lenovo,13-inch,16GB,Lenovo,14-inch,4GB
3,-7.0,9.5,Lenovo,13-inch,16GB,Lenovo,14-inch,8GB
3,-0.251953125,8.0,Lenovo,13-inch,16GB,Lenovo,14-inch,16GB
3,-0.251953125,8.0,Lenovo,13-inch,16GB,Lenovo,16-inch,4GB
3,-6.625,9.5,Lenovo,13-inch,16GB,Lenovo,16-inch,8GB
3,-0.0198974609375,5.625,Lenovo,13-inch,16GB,Lenovo,16-inch,16GB
3,-7.75,9.5,Lenovo,13-inch,16GB,HP,13-inch,4GB
3,-7.5,9.5,Lenovo,13-inch,16GB,HP,13-inch,8GB
3,-0.38671875,8.375,Lenovo,13-inch,16GB,HP,13-inch,16GB
3,-13.125,9.5,Lenovo,13-inch,16GB,HP,14-inch,4GB
3,-6.125,9.5,Lenovo,13-inch,16GB,HP,14-inch,8GB
3,-5.375,9.5,Lenovo,13-inch,16GB,HP,14-inch,16GB
3,-6.25,9.5,Lenovo,13-inch,16GB,HP,16-inch,4GB
3,-5.875,9.5,Lenovo,13-inch,16GB,HP,16-inch,8GB
3,-2.125,9.375,Lenovo,13-inch,16GB,HP,16-inch,16GB
3,-8.25,9.5,Lenovo,13-inch,16GB,Dell,13-inch,4GB
3,-7.5,9.5,Lenovo,13-inch,16GB,Dell,13-inch,8GB
3,-1.6015625,9.25,Lenovo,13-inch,16GB,Dell,13-inch,16GB
3,-14.125,9.5,Lenovo,13-inch,16GB,Dell,14-inch,4GB
3,-5.875,9.5,Lenovo,13-inch,16GB,Dell,14-inch,8GB
3,-5.375,9.5,Lenovo,13-inch,16GB,Dell,14-inch,16GB
3,-7.5,9.5,Lenovo,13-inch,16GB,Dell,16-inch,4GB
3,-4.75,9.5,Lenovo,13-inch,16GB,Dell,16-inch,8GB
3,-0.474609375,8.5,Lenovo,13-inch,16GB,Dell,16-inch,16GB
3,-10.75,9.5,Lenovo,13-inch,16GB,Apple,13-inch,4GB
3,-5.25,9.5,Lenovo,13-inch,16GB,Apple,13-inch,8GB
3,-5.125,9.5,Lenovo,13-inch,16GB,Apple,13-inch,16GB
3,-12.5,9.5,Lenovo,13-inch,16GB,Apple,14-inch,4GB
3,-5.75,9.5,Lenovo,13-inch,16GB,Apple,14-inch,8GB
3,-5.875,9.5,Lenovo,13-inch,16GB,Apple,14-inch,16GB
3,-8.125,9.5,Lenovo,13-inch,16GB,Apple,16-inch,4GB
3,-3.53125,9.5,Lenovo,13-inch,16GB,Apple,16-inch,8GB
3,-4.625,9.5,Lenovo,13-inch,16GB,Apple,16-inch,16GB
3,0.00057220458984375,-0.625,Lenovo,14-inch,4GB,ASUS,13-inch,4GB
3,-12.0,9.5,Lenovo,14-inch,4GB,ASUS,13-inch,8GB
3,-11.125,9.5,Lenovo,14-inch,4GB,ASUS,13-inch,16GB
3,-1.52587890625e-05,2.125,Lenovo,14-inch,4GB,ASUS,14-inch,4GB
3,-12.5,9.5,Lenovo,14-inch,4GB,ASUS,14-inch,8GB
3,-11.125,9.5,Lenovo,14-inch,4GB,ASUS,14-inch,16GB
3,-0.0007171630859375,2.875,Lenovo,14-inch,4GB,ASUS,16-inch,4GB
3,-11.75,9.5,Lenovo,14-inch,4GB,ASUS,16-inch,8GB
3,-9.375,9.5,Lenovo,14-inch,4GB,ASUS,16-inch,16GB
3,0.000606536865234375,-2.625,Lenovo,14-inch,4GB,Lenovo,13-inch,4GB
3,-13.25,9.5,Lenovo,14-inch,4GB,Lenovo,13-inch,8GB
3,-13.125,9.5,Lenovo,14-inch,4GB,Lenovo,13-inch,16GB
3,-13.375,9.5,Lenovo,14-inch,4GB,Lenovo,14-inch,8GB
3,-13.0,9.5,Lenovo,14-inch,4GB,Lenovo,14-inch,16GB
3,-0.000194549560546875,2.375,Lenovo,14-inch,4GB,Lenovo,16-inch,4GB
3,-12.125,9.5,Lenovo,14-inch,4GB,Lenovo,16-inch,8GB
3,-8.5,9.5,Lenovo,14-inch,4GB,Lenovo,16-inch,16GB
3,0.00058746337890625,-1.125,Lenovo,14-inch,4GB,HP,13-inch,4GB
3,-11.5,9.5,Lenovo,14-inch,4GB,HP,13-inch,8GB
3,-11.25,9.5,Lenovo,14-inch,4GB,HP,13-inch,16GB
3,0.0002307891845703125,1.625,Lenovo,14-inch,4GB,HP,14-inch,4GB
3,-12.125,9.5,Lenovo,14-inch,4GB,HP,14-inch,8GB
3,-11.25,9.5,Lenovo,14-inch,4GB,HP,14-inch,16GB
3,-1.52587890625e-05,2.125,Lenovo,14-inch,4GB,HP,16-inch,4GB
3,-11.375,9.5,Lenovo,14-inch,4GB,HP,16-inch,8GB
3,-9.25,9.5,Lenovo,14-inch,4GB,HP,16-inch,16GB
3,0.00055694580078125,-0.375,Lenovo,14-inch,4GB,Dell,13-inch,4GB
3,-11.5,9.5,Lenovo,14-inch,4GB,Dell,13-inch,8GB
3,-10.75,9.5,Lenovo,14-inch,4GB,Dell,13-inch,16GB
3,0.000179290771484375,1.75,Lenovo,14-inch,4GB,Dell,14-inch,4GB
3,-11.625,9.5,Lenovo,14-inch,4GB,Dell,14-inch,8GB
3,-10.375,9.5,Lenovo,14-inch,4GB,Dell,14-inch,16GB
3,0.000179290771484375,1.75,Lenovo,14-inch,4GB,Dell,16-inch,4GB
3,-11.0,9.5,Lenovo,14-inch,4GB,Dell,16-inch,8GB
3,-8.0,9.5,Lenovo,14-inch,4GB,Dell,16-inch,16GB
3,0.000469207763671875,0.625,Lenovo,14-inch,4GB,Apple,13-inch,4GB
3,-10.625,9.5,Lenovo,14-inch,4GB,Apple,13-inch,8GB
3,-8.625,9.5,Lenovo,14-inch,4GB,Apple,13-inch,16GB
3,0.000576019287109375,-0.75,Lenovo,14-inch,4GB,Apple,14-inch,4GB
3,-11.0,9.5,Lenovo,14-inch,4GB,Apple,14-inch,8GB
3,-8.0,9.5,Lenovo,14-inch,4GB,Apple,14-inch,16GB
3,0.000576019287109375,-0.75,Lenovo,14-inch,4GB,Apple,16-inch,4GB
3,-11.25,9.5,Lenovo,14-inch,4GB,Apple,16-inch,8GB
3,-7.625,9.5,Lenovo,14-inch,4GB,Apple,16-inch,16GB
3,-1.703125,9.3125,Lenovo,14-inch,8GB,ASUS,13-inch,4GB
3,-2.8125,9.4375,Lenovo,14-inch,8GB,ASUS,13-inch,8GB
3,-0.001861572265625,3.5,Lenovo,14-inch,8GB,ASUS,13-inch,16GB
3,-0.00347900390625,4.0,Lenovo,14-inch,8GB,ASUS,14-inch,4GB
3,-0.099609375,7.15625,Lenovo,14-inch,8GB,ASUS,14-inch,8GB
3,-0.0025634765625,3.75,Lenovo,14-inch,8GB,ASUS,14-inch,16GB
3,-0.01043701171875,5.0,Lenovo,14-inch,8GB,ASUS,16-inch,4GB
3,-0.01190185546875,5.125,Lenovo,14-inch,8GB,ASUS,16-inch,8GB
3,-0.00131988525390625,3.25,Lenovo,14-inch,8GB,ASUS,16-inch,16GB
3,-0.004608154296875,4.25,Lenovo,14-inch,8GB,Lenovo,13-inch,4GB
3,-0.1591796875,7.59375,Lenovo,14-inch,8GB,Lenovo,13-inch,8GB
3,-5.0,9.5,Lenovo,14-inch,8GB,Lenovo,13-inch,16GB
3,-0.000194549560546875,2.375,Lenovo,14-inch,8GB,Lenovo,14-inch,4GB
3,-5.125,9.5,Lenovo,14-inch,8GB,Lenovo,14-inch,16GB
3,0.000179290771484375,1.75,Lenovo,14-inch,8GB,Lenovo,16-inch,4GB
3,-0.015380859375,5.34375,Lenovo,14-inch,8GB,Lenovo,16-inch,8GB
3,-0.002197265625,3.625,Lenovo,14-inch,8GB,Lenovo,16-inch,16GB
3,-0.017578125,5.46875,Lenovo,14-inch,8GB,HP,13-inch,4GB
3,-0.1259765625,7.375,Lenovo,14-inch,8GB,HP,13-inch,8GB
3,-0.00131988525390625,3.25,Lenovo,14-inch,8GB,HP,13-inch,16GB
3,-0.000301361083984375,2.5,Lenovo,14-inch,8GB,HP,14-inch,4GB
3,-0.07861328125,6.9375,Lenovo,14-inch,8GB,HP,14-inch,8GB
3,-0.001861572265625,3.5,Lenovo,14-inch,8GB,HP,14-inch,16GB
3,-0.001861572265625,3.5,Lenovo,14-inch,8GB,HP,16-inch,4GB
3,-0.006988525390625,4.625,Lenovo,14-inch,8GB,HP,16-inch,8GB
3,-0.00089263916015625,3.0,Lenovo,14-inch,8GB,HP,16-inch,16GB
3,-3.28125,9.4375,Lenovo,14-inch,8GB,Dell,13-inch,4GB
3,-0.025634765625,5.84375,Lenovo,14-inch,8GB,Dell,13-inch,8GB
3,-0.000301361083984375,2.5,Lenovo,14-inch,8GB,Dell,13-inch,16GB
3,-0.002197265625,3.625,Lenovo,14-inch,8GB,Dell,14-inch,4GB
3,-0.07861328125,6.9375,Lenovo,14-inch,8GB,Dell,14-inch,8GB
3,-0.000301361083984375,2.5,Lenovo,14-inch,8GB,Dell,14-inch,16GB
3,-0.00299072265625,3.875,Lenovo,14-inch,8GB,Dell,16-inch,4GB
3,-0.006103515625,4.5,Lenovo,14-inch,8GB,Dell,16-inch,8GB
3,-0.00041961669921875,2.625,Lenovo,14-inch,8GB,Dell,16-inch,16GB
3,-8.625,9.5,Lenovo,14-inch,8GB,Apple,13-inch,4GB
3,-0.57421875,8.6875,Lenovo,14-inch,8GB,Apple,13-inch,8GB
3,-0.000301361083984375,2.5,Lenovo,14-inch,8GB,Apple,13-inch,16GB
3,-0.57421875,8.6875,Lenovo,14-inch,8GB,Apple,14-inch,4GB
3,-0.97265625,9.0,Lenovo,14-inch,8GB,Apple,14-inch,8GB
3,-0.00109100341796875,3.125,Lenovo,14-inch,8GB,Apple,14-inch,16GB
3,-0.1259765625,7.375,Lenovo,14-inch,8GB,Apple,16-inch,4GB
3,-0.006103515625,4.5,Lenovo,14-inch,8GB,Apple,16-inch,8GB
3,-0.00041961669921875,2.625,Lenovo,14-inch,8GB,Apple,16-inch,16GB
3,-13.125,9.5,Lenovo,14-inch,16GB,ASUS,13-inch,4GB
3,-2.34375,9.375,Lenovo,14-inch,16GB,ASUS,13-inch,8GB
3,-3.046875,9.4375,Lenovo,14-inch,16GB,ASUS,13-inch,16GB
3,-0.474609375,8.5,Lenovo,14-inch,16GB,ASUS,14-inch,4GB
3,-6.75,9.5,Lenovo,14-inch,16GB,ASUS,14-inch,8GB
3,-0.57421875,8.6875,Lenovo,14-inch,16GB,ASUS,14-inch,16GB
3,-3.53125,9.5,Lenovo,14-inch,16GB,ASUS,16-inch,4GB
3,-0.38671875,8.375,Lenovo,14-inch,16GB,ASUS,16-inch,8GB
3,-0.2001953125,7.8125,Lenovo,14-inch,16GB,ASUS,16-inch,16GB
3,-10.375,9.5,Lenovo,14-inch,16GB,Lenovo,13-inch,4GB
3,-4.75,9.5,Lenovo,14-inch,16GB,Lenovo,13-inch,8GB
3,-0.004638671875,4.25,Lenovo,14-inch,16GB,Lenovo,13-inch,16GB
3,-0.0007171630859375,2.875,Lenovo,14-inch,16GB,Lenovo,14-inch,4GB
3,-8.75,9.5,Lenovo,14-inch,16GB,Lenovo,14-inch,8GB
3,-0.00041961669921875,2.625,Lenovo,14-inch,16GB,Lenovo,16-inch,4GB
3,-6.25,9.5,Lenovo,14-inch,16GB,Lenovo,16-inch,8GB
3,-0.00799560546875,4.75,Lenovo,14-inch,16GB,Lenovo,16-inch,16GB
3,-11.125,9.5,Lenovo,14-inch,16GB,HP,13-inch,4GB
3,-2.34375,9.375,Lenovo,14-inch,16GB,HP,13-inch,8GB
3,-0.0615234375,6.6875,Lenovo,14-inch,16GB,HP,13-inch,16GB
3,-0.01043701171875,5.0,Lenovo,14-inch,16GB,HP,14-inch,4GB
3,-6.625,9.5,Lenovo,14-inch,16GB,HP,14-inch,8GB
3,-0.099609375,7.15625,Lenovo,14-inch,16GB,HP,14-inch,16GB
3,-0.001861572265625,3.5,Lenovo,14-inch,16GB,HP,16-inch,4GB
3,-1.9140625,9.3125,Lenovo,14-inch,16GB,HP,16-inch,8GB
3,-0.099609375,7.15625,Lenovo,14-inch,16GB,HP,16-inch,16GB
3,-13.75,9.5,Lenovo,14-inch,16GB,Dell,13-inch,4GB
3,-0.03759765625,6.21875,Lenovo,14-inch,16GB,Dell,13-inch,8GB
3,-0.099609375,7.15625,Lenovo,14-inch,16GB,Dell,13-inch,16GB
3,-0.03759765625,6.21875,Lenovo,14-inch,16GB,Dell,14-inch,4GB
3,-6.375,9.5,Lenovo,14-inch,16GB,Dell,14-inch,8GB
3,-0.3125,8.1875,Lenovo,14-inch,16GB,Dell,14-inch,16GB
3,-0.00531005859375,4.375,Lenovo,14-inch,16GB,Dell,16-inch,4GB
3,-0.0135498046875,5.25,Lenovo,14-inch,16GB,Dell,16-inch,8GB
3,-0.05419921875,6.5625,Lenovo,14-inch,16GB,Dell,16-inch,16GB
3,-12.0,9.5,Lenovo,14-inch,16GB,Apple,13-inch,4GB
3,-0.0225830078125,5.75,Lenovo,14-inch,16GB,Apple,13-inch,8GB
3,-0.82421875,8.9375,Lenovo,14-inch,16GB,Apple,13-inch,16GB
3,-6.375,9.5,Lenovo,14-inch,16GB,Apple,14-inch,4GB
3,-0.1259765625,7.375,Lenovo,14-inch,16GB,Apple,14-inch,8GB
3,-5.625,9.5,Lenovo,14-inch,16GB,Apple,14-inch,16GB
3,-5.5,9.5,Lenovo,14-inch,16GB,Apple,16-inch,4GB
3,-0.00531005859375,4.375,Lenovo,14-inch,16GB,Apple,16-inch,8GB
3,-4.25,9.5,Lenovo,14-inch,16GB,Apple,16-inch,16GB
3,-0.0007171630859375,2.875,Lenovo,16-inch,4GB,ASUS,13-inch,4GB
3,-11.875,9.5,Lenovo,16-inch,4GB,ASUS,13-inch,8GB
3,-11.75,9.5,Lenovo,16-inch,4GB,ASUS,13-inch,16GB
3,-0.001861572265625,3.5,Lenovo,16-inch,4GB,ASUS,14-inch,4GB
3,-12.25,9.5,Lenovo,16-inch,4GB,ASUS,14-inch,8GB
3,-12.125,9.5,Lenovo,16-inch,4GB,ASUS,14-inch,16GB
3,-0.1123046875,7.25,Lenovo,16-inch,4GB,ASUS,16-inch,4GB
3,-13.0,9.5,Lenovo,16-inch,4GB,ASUS,16-inch,8GB
3,-9.75,9.5,Lenovo,16-inch,4GB,ASUS,16-inch,16GB
3,-0.000194549560546875,2.375,Lenovo,16-inch,4GB,Lenovo,13-inch,4GB
3,-13.375,9.5,Lenovo,16-inch,4GB,Lenovo,13-inch,8GB
3,-13.375,9.5,Lenovo,16-inch,4GB,Lenovo,13-inch,16GB
3,0.0001220703125,1.875,Lenovo,16-inch,4GB,Lenovo,14-inch,4GB
3,-13.5,9.5,Lenovo,16-inch,4GB,Lenovo,14-inch,8GB
3,-14.125,9.5,Lenovo,16-inch,4GB,Lenovo,14-inch,16GB
3,-13.625,9.5,Lenovo,16-inch,4GB,Lenovo,16-inch,8GB
3,-12.125,9.5,Lenovo,16-inch,4GB,Lenovo,16-inch,16GB
3,-0.00041961669921875,2.625,Lenovo,16-inch,4GB,HP,13-inch,4GB
3,-11.25,9.5,Lenovo,16-inch,4GB,HP,13-inch,8GB
3,-11.25,9.5,Lenovo,16-inch,4GB,HP,13-inch,16GB
3,-0.00299072265625,3.875,Lenovo,16-inch,4GB,HP,14-inch,4GB
3,-11.625,9.5,Lenovo,16-inch,4GB,HP,14-inch,8GB
3,-11.625,9.5,Lenovo,16-inch,4GB,HP,14-inch,16GB
3,-0.0615234375,6.6875,Lenovo,16-inch,4GB,HP,16-inch,4GB
3,-12.5,9.5,Lenovo,16-inch,4GB,HP,16-inch,8GB
3,-10.25,9.5,Lenovo,16-inch,4GB,HP,16-inch,16GB
3,-9.918212890625e-05,2.25,Lenovo,16-inch,4GB,Dell,13-inch,4GB
3,-11.375,9.5,Lenovo,16-inch,4GB,Dell,13-inch,8GB
3,-11.25,9.5,Lenovo,16-inch,4GB,Dell,13-inch,16GB
3,-0.0025634765625,3.75,Lenovo,16-inch,4GB,Dell,14-inch,4GB
3,-11.375,9.5,Lenovo,16-inch,4GB,Dell,14-inch,8GB
3,-11.5,9.5,Lenovo,16-inch,4GB,Dell,14-inch,16GB
3,-0.1416015625,7.5,Lenovo,16-inch,4GB,Dell,16-inch,4GB
3,-12.0,9.5,Lenovo,16-inch,4GB,Dell,16-inch,8GB
3,-9.625,9.5,Lenovo,16-inch,4GB,Dell,16-inch,16GB
3,-3.765625,9.5,Lenovo,16-inch,4GB,Apple,13-inch,4GB
3,-10.625,9.5,Lenovo,16-inch,4GB,Apple,13-inch,8GB
3,-9.375,9.5,Lenovo,16-inch,4GB,Apple,13-inch,16GB
3,-4.15625,9.5,Lenovo,16-inch,4GB,Apple,14-inch,4GB
3,-11.0,9.5,Lenovo,16-inch,4GB,Apple,14-inch,8GB
3,-9.5,9.5,Lenovo,16-inch,4GB,Apple,14-inch,16GB
3,-9.918212890625e-05,2.25,Lenovo,16-inch,4GB,Apple,16-inch,4GB
3,-12.875,9.5,Lenovo,16-inch,4GB,Apple,16-inch,8GB
3,-6.625,9.5,Lenovo,16-inch,4GB,Apple,16-inch,16GB
3,-9.75,9.5,Lenovo,16-inch,8GB,ASUS,13-inch,4GB
3,-6.25,9.5,Lenovo,16-inch,8GB,ASUS,13-inch,8GB
3,-0.002197265625,3.625,Lenovo,16-inch,8GB,ASUS,13-inch,16GB
3,-9.875,9.5,Lenovo,16-inch,8GB,ASUS,14-inch,4GB
3,-5.75,9.5,Lenovo,16-inch,8GB,ASUS,14-inch,8GB
3,-0.00799560546875,4.75,Lenovo,16-inch,8GB,ASUS,14-inch,16GB
3,0.000274658203125,1.5,Lenovo,16-inch,8GB,ASUS,16-inch,4GB
3,-4.875,9.5,Lenovo,16-inch,8GB,ASUS,16-inch,8GB
3,-0.0007171630859375,2.875,Lenovo,16-inch,8GB,ASUS,16-inch,16GB
3,-8.625,9.5,Lenovo,16-inch,8GB,Lenovo,13-inch,4GB
3,-4.75,9.5,Lenovo,16-inch,8GB,Lenovo,13-inch,8GB
3,-0.0615234375,6.6875,Lenovo,16-inch,8GB,Lenovo,13-inch,16GB
3,-8.625,9.5,Lenovo,16-inch,8GB,Lenovo,14-inch,4GB
3,-6.25,9.5,Lenovo,16-inch,8GB,Lenovo,14-inch,8GB
3,-6.25,9.5,Lenovo,16-inch,8GB,Lenovo,14-inch,16GB
3,0.0002307891845703125,1.625,Lenovo,16-inch,8GB,Lenovo,16-inch,4GB
3,-3.53125,9.5,Lenovo,16-inch,8GB,Lenovo,16-inch,16GB
3,-8.75,9.5,Lenovo,16-inch,8GB,HP,13-inch,4GB
3,-4.875,9.5,Lenovo,16-inch,8GB,HP,13-inch,8GB
3,-0.00089263916015625,3.0,Lenovo,16-inch,8GB,HP,13-inch,16GB
3,-9.0,9.5,Lenovo,16-inch,8GB,HP,14-inch,4GB
3,-4.75,9.5,Lenovo,16-inch,8GB,HP,14-inch,8GB
3,-0.00299072265625,3.875,Lenovo,16-inch,8GB,HP,14-inch,16GB
3,0.0003795623779296875,1.125,Lenovo,16-inch,8GB,HP,16-inch,4GB
3,-4.25,9.5,Lenovo,16-inch,8GB,HP,16-inch,8GB
3,-0.000194549560546875,2.375,Lenovo,16-inch,8GB,HP,16-inch,16GB
3,-9.625,9.5,Lenovo,16-inch,8GB,Dell,13-inch,4GB
3,-2.34375,9.375,Lenovo,16-inch,8GB,Dell,13-inch,8GB
3,-0.0007171630859375,2.875,Lenovo,16-inch,8GB,Dell,13-inch,16GB
3,-9.875,9.5,Lenovo,16-inch,8GB,Dell,14-inch,4GB
3,-3.765625,9.5,Lenovo,16-inch,8GB,Dell,14-inch,8GB
3,-0.00299072265625,3.875,Lenovo,16-inch,8GB,Dell,14-inch,16GB
3,0.0004062652587890625,1.0,Lenovo,16-inch,8GB,Dell,16-inch,4GB
3,-4.625,9.5,Lenovo,16-inch,8GB,Dell,16-inch,8GB
3,-0.000301361083984375,2.5,Lenovo,16-inch,8GB,Dell,16-inch,16GB
3,-10.75,9.5,Lenovo,16-inch,8GB,Apple,13-inch,4GB
3,-3.28125,9.4375,Lenovo,16-inch,8GB,Apple,13-inch,8GB
3,-1.52587890625e-05,2.125,Lenovo,16-inch,8GB,Apple,13-inch,16GB
3,-11.875,9.5,Lenovo,16-inch,8GB,Apple,14-inch,4GB
3,-1.9140625,9.3125,Lenovo,16-inch,8GB,Apple,14-inch,8GB
3,-0.000301361083984375,2.5,Lenovo,16-inch,8GB,Apple,14-inch,16GB
3,-9.918212890625e-05,2.25,Lenovo,16-inch,8GB,Apple,16-inch,4GB
3,-0.0135498046875,5.25,Lenovo,16-inch,8GB,Apple,16-inch,8GB
3,5.7220458984375e-05,2.0,Lenovo,16-inch,8GB,Apple,16-inch,16GB
3,-15.375,9.5,Lenovo,16-inch,16GB,ASUS,13-inch,4GB
3,-1.5,9.25,Lenovo,16-inch,16GB,ASUS,13-inch,8GB
3,-5.5,9.5,Lenovo,16-inch,16GB,ASUS,13-inch,16GB
3,-14.125,9.5,Lenovo,16-inch,16GB,ASUS,14-inch,4GB
3,-3.046875,9.4375,Lenovo,16-inch,16GB,ASUS,14-inch,8GB
3,-5.375,9.5,Lenovo,16-inch,16GB,ASUS,14-inch,16GB
3,-0.03759765625,6.21875,Lenovo,16-inch,16GB,ASUS,16-inch,4GB
3,-7.0,9.5,Lenovo,16-inch,16GB,ASUS,16-inch,8GB
3,-4.875,9.5,Lenovo,16-inch,16GB,ASUS,16-inch,16GB
3,-14.375,9.5,Lenovo,16-inch,16GB,Lenovo,13-inch,4GB
3,-0.251953125,8.0,Lenovo,16-inch,16GB,Lenovo,13-inch,8GB
3,-4.25,9.5,Lenovo,16-inch,16GB,Lenovo,13-inch,16GB
3,-12.375,9.5,Lenovo,16-inch,16GB,Lenovo,14-inch,4GB
3,-2.125,9.375,Lenovo,16-inch,16GB,Lenovo,14-inch,8GB
3,-4.625,9.5,Lenovo,16-inch,16GB,Lenovo,14-inch,16GB
3,-0.00089263916015625,3.0,Lenovo,16-inch,16GB,Lenovo,16-inch,4GB
3,-8.625,9.5,Lenovo,16-inch,16GB,Lenovo,16-inch,8GB
3,-14.25,9.5,Lenovo,16-inch,16GB,HP,13-inch,4GB
3,-0.2001953125,7.8125,Lenovo,16-inch,16GB,HP,13-inch,8GB
3,-4.75,9.5,Lenovo,16-inch,16GB,HP,13-inch,16GB
3,-13.75,9.5,Lenovo,16-inch,16GB,HP,14-inch,4GB
3,-0.57421875,8.6875,Lenovo,16-inch,16GB,HP,14-inch,8GB
3,-4.75,9.5,Lenovo,16-inch,16GB,HP,14-inch,16GB
3,-0.0015716552734375,3.375,Lenovo,16-inch,16GB,HP,16-inch,4GB
3,-6.625,9.5,Lenovo,16-inch,16GB,HP,16-inch,8GB
3,-4.25,9.5,Lenovo,16-inch,16GB,HP,16-inch,16GB
3,-15.5,9.5,Lenovo,16-inch,16GB,Dell,13-inch,4GB
3,-0.0615234375,6.6875,Lenovo,16-inch,16GB,Dell,13-inch,8GB
3,-4.75,9.5,Lenovo,16-inch,16GB,Dell,13-inch,16GB
3,-14.625,9.5,Lenovo,16-inch,16GB,Dell,14-inch,4GB
3,-0.099609375,7.15625,Lenovo,16-inch,16GB,Dell,14-inch,8GB
3,-4.25,9.5,Lenovo,16-inch,16GB,Dell,14-inch,16GB
3,-0.002197265625,3.625,Lenovo,16-inch,16GB,Dell,16-inch,4GB
3,-7.125,9.5,Lenovo,16-inch,16GB,Dell,16-inch,8GB
3,-4.25,9.5,Lenovo,16-inch,16GB,Dell,16-inch,16GB
3,-13.125,9.5,Lenovo,16-inch,16GB,Apple,13-inch,4GB
3,-0.099609375,7.15625,Lenovo,16-inch,16GB,Apple,13-inch,8GB
3,-0.08837890625,7.03125,Lenovo,16-inch,16GB,Apple,13-inch,16GB
3,-14.125,9.5,Lenovo,16-inch,16GB,Apple,14-inch,4GB
3,-0.1591796875,7.59375,Lenovo,16-inch,16GB,Apple,14-inch,8GB
3,-0.3125,8.1875,Lenovo,16-inch,16GB,Apple,14-inch,16GB
3,-5.625,9.5,Lenovo,16-inch,16GB,Apple,16-inch,4GB
3,-3.765625,9.5,Lenovo,16-inch,16GB,Apple,16-inch,8GB
3,-0.006103515625,4.5,Lenovo,16-inch,16GB,Apple,16-inch,16GB
3,-0.0007171630859375,2.875,HP,13-inch,4GB,ASUS,13-inch,4GB
3,-11.875,9.5,HP,13-inch,4GB,ASUS,13-inch,8GB
3,-10.5,9.5,HP,13-inch,4GB,ASUS,13-inch,16GB
3,-0.0135498046875,5.25,HP,13-inch,4GB,ASUS,14-inch,4GB
3,-11.875,9.5,HP,13-inch,4GB,ASUS,14-inch,8GB
3,-10.5,9.5,HP,13-inch,4GB,ASUS,14-inch,16GB
3,-0.002197265625,3.625,HP,13-inch,4GB,ASUS,16-inch,4GB
3,-11.75,9.5,HP,13-inch,4GB,ASUS,16-inch,8GB
3,-8.25,9.5,HP,13-inch,4GB,ASUS,16-inch,16GB
3,-0.00109100341796875,3.125,HP,13-inch,4GB,Lenovo,13-inch,4GB
3,-11.625,9.5,HP,13-inch,4GB,Lenovo,13-inch,8GB
3,-10.375,9.5,HP,13-inch,4GB,Lenovo,13-inch,16GB
3,-0.004608154296875,4.25,HP,13-inch,4GB,Lenovo,14-inch,4GB
3,-11.5,9.5,HP,13-inch,4GB,Lenovo,14-inch,8GB
3,-10.5,9.5,HP,13-inch,4GB,Lenovo,14-inch,16GB
3,-0.000194549560546875,2.375,HP,13-inch,4GB,Lenovo,16-inch,4GB
3,-11.375,9.5,HP,13-inch,4GB,Lenovo,16-inch,8GB
3,-8.125,9.5,HP,13-inch,4GB,Lenovo,16-inch,16GB
3,-13.0,9.5,HP,13-inch,4GB,HP,13-inch,8GB
3,-12.625,9.5,HP,13-inch,4GB,HP,13-inch,16GB
3,-4.03125,9.5,HP,13-inch,4GB,HP,14-inch,4GB
3,-12.375,9.5,HP,13-inch,4GB,HP,14-inch,8GB
3,-11.375,9.5,HP,13-inch,4GB,HP,14-inch,16GB
3,0.0003490447998046875,1.25,HP,13-inch,4GB,HP,16-inch,4GB
3,-11.25,9.5,HP,13-inch,4GB,HP,16-inch,8GB
3,-7.625,9.5,HP,13-inch,4GB,HP,16-inch,16GB
3,0.0001220703125,1.875,HP,13-inch,4GB,Dell,13-inch,4GB
3,-11.25,9.5,HP,13-inch,4GB,Dell,13-inch,8GB
3,-10.25,9.5,HP,13-inch,4GB,Dell,13-inch,16GB
3,-0.00089263916015625,3.0,HP,13-inch,4GB,Dell,14-inch,4GB
3,-11.125,9.5,HP,13-inch,4GB,Dell,14-inch,8GB
3,-10.125,9.5,HP,13-inch,4GB,Dell,14-inch,16GB
3,0.000274658203125,1.5,HP,13-inch,4GB,Dell,16-inch,4GB
3,-10.875,9.5,HP,13-inch,4GB,Dell,16-inch,8GB
3,-7.125,9.5,HP,13-inch,4GB,Dell,16-inch,16GB
3,0.00052642822265625,0.125,HP,13-inch,4GB,Apple,13-inch,4GB
3,-10.375,9.5,HP,13-inch,4GB,Apple,13-inch,8GB
3,-8.25,9.5,HP,13-inch,4GB,Apple,13-inch,16GB
3,0.000469207763671875,0.625,HP,13-inch,4GB,Apple,14-inch,4GB
3,-11.375,9.5,HP,13-inch,4GB,Apple,14-inch,8GB
3,-9.0,9.5,HP,13-inch,4GB,Apple,14-inch,16GB
3,0.00055694580078125,-0.375,HP,13-inch,4GB,Apple,16-inch,4GB
3,-11.0,9.5,HP,13-inch,4GB,Apple,16-inch,8GB
3,-6.625,9.5,HP,13-inch,4GB,Apple,16-inch,16GB
3,-3.28125,9.4375,HP,13-inch,8GB,ASUS,13-inch,4GB
3,-0.1259765625,7.375,HP,13-inch,8GB,ASUS,13-inch,8GB
3,-0.0015716552734375,3.375,HP,13-inch,8GB,ASUS,13-inch,16GB
3,-9.75,9.5,HP,13-inch,8GB,ASUS,14-inch,4GB
3,-4.25,9.5,HP,13-inch,8GB,ASUS,14-inch,8GB
3,-0.000194549560546875,2.375,HP,13-inch,8GB,ASUS,14-inch,16GB
3,-7.75,9.5,HP,13-inch,8GB,ASUS,16-inch,4GB
3,-0.07861328125,6.9375,HP,13-inch,8GB,ASUS,16-inch,8GB
3,-0.00131988525390625,3.25,HP,13-inch,8GB,ASUS,16-inch,16GB
3,-0.474609375,8.5,HP,13-inch,8GB,Lenovo,13-inch,4GB
3,-0.474609375,8.5,HP,13-inch,8GB,Lenovo,13-inch,8GB
3,-0.00131988525390625,3.25,HP,13-inch,8GB,Lenovo,13-inch,16GB
3,-9.5,9.5,HP,13-inch,8GB,Lenovo,14-inch,4GB
3,-4.25,9.5,HP,13-inch,8GB,Lenovo,14-inch,8GB
3,-0.00042724609375,2.625,HP,13-inch,8GB,Lenovo,14-inch,16GB
3,-6.875,9.5,HP,13-inch,8GB,Lenovo,16-inch,4GB
3,-0.1259765625,7.375,HP,13-inch,8GB,Lenovo,16-inch,8GB
3,-0.00042724609375,2.625,HP,13-inch,8GB,Lenovo,16-inch,16GB
3,-0.00131988525390625,3.25,HP,13-inch,8GB,HP,13-inch,4GB
3,-3.53125,9.5,HP,13-inch,8GB,HP,13-inch,16GB
3,-8.0,9.5,HP,13-inch,8GB,HP,14-inch,4GB
3,-4.375,9.5,HP,13-inch,8GB,HP,14-inch,8GB
3,-0.00347900390625,4.0,HP,13-inch,8GB,HP,14-inch,16GB
3,-0.00299072265625,3.875,HP,13-inch,8GB,HP,16-inch,4GB
3,-1.703125,9.3125,HP,13-inch,8GB,HP,16-inch,8GB
3,-0.0025634765625,3.75,HP,13-inch,8GB,HP,16-inch,16GB
3,-0.03759765625,6.21875,HP,13-inch,8GB,Dell,13-inch,4GB
3,-0.38671875,8.375,HP,13-inch,8GB,Dell,13-inch,8GB
3,-0.00042724609375,2.625,HP,13-inch,8GB,Dell,13-inch,16GB
3,-9.375,9.5,HP,13-inch,8GB,Dell,14-inch,4GB
3,-0.97265625,9.0,HP,13-inch,8GB,Dell,14-inch,8GB
3,0.0001220703125,1.875,HP,13-inch,8GB,Dell,14-inch,16GB
3,-5.875,9.5,HP,13-inch,8GB,Dell,16-inch,4GB
3,-0.01190185546875,5.125,HP,13-inch,8GB,Dell,16-inch,8GB
3,-0.00042724609375,2.625,HP,13-inch,8GB,Dell,16-inch,16GB
3,-4.5,9.5,HP,13-inch,8GB,Apple,13-inch,4GB
3,-1.703125,9.3125,HP,13-inch,8GB,Apple,13-inch,8GB
3,-0.0015716552734375,3.375,HP,13-inch,8GB,Apple,13-inch,16GB
3,-9.125,9.5,HP,13-inch,8GB,Apple,14-inch,4GB
3,-5.875,9.5,HP,13-inch,8GB,Apple,14-inch,8GB
3,-0.00109100341796875,3.125,HP,13-inch,8GB,Apple,14-inch,16GB
3,-4.75,9.5,HP,13-inch,8GB,Apple,16-inch,4GB
3,-0.0291748046875,5.96875,HP,13-inch,8GB,Apple,16-inch,8GB
3,-0.0007171630859375,2.875,HP,13-inch,8GB,Apple,16-inch,16GB
3,-10.875,9.5,HP,13-inch,16GB,ASUS,13-inch,4GB
3,-7.25,9.5,HP,13-inch,16GB,ASUS,13-inch,8GB
3,-0.82421875,8.9375,HP,13-inch,16GB,ASUS,13-inch,16GB
3,-15.5,9.5,HP,13-inch,16GB,ASUS,14-inch,4GB
3,-6.25,9.5,HP,13-inch,16GB,ASUS,14-inch,8GB
3,-6.375,9.5,HP,13-inch,16GB,ASUS,14-inch,16GB
3,-8.625,9.5,HP,13-inch,16GB,ASUS,16-inch,4GB
3,-5.625,9.5,HP,13-inch,16GB,ASUS,16-inch,8GB
3,-3.40625,9.4375,HP,13-inch,16GB,ASUS,16-inch,16GB
3,-10.5,9.5,HP,13-inch,16GB,Lenovo,13-inch,4GB
3,-7.375,9.5,HP,13-inch,16GB,Lenovo,13-inch,8GB
3,-0.97265625,9.0,HP,13-inch,16GB,Lenovo,13-inch,16GB
3,-15.125,9.5,HP,13-inch,16GB,Lenovo,14-inch,4GB
3,-5.75,9.5,HP,13-inch,16GB,Lenovo,14-inch,8GB
3,-5.875,9.5,HP,13-inch,16GB,Lenovo,14-inch,16GB
3,-8.625,9.5,HP,13-inch,16GB,Lenovo,16-inch,4GB
3,-6.0,9.5,HP,13-inch,16GB,Lenovo,16-inch,8GB
3,-3.765625,9.5,HP,13-inch,16GB,Lenovo,16-inch,16GB
3,-5.875,9.5,HP,13-inch,16GB,HP,13-inch,4GB
3,-9.875,9.5,HP,13-inch,16GB,HP,13-inch,8GB
3,-14.25,9.5,HP,13-inch,16GB,HP,14-inch,4GB
3,-7.0,9.5,HP,13-inch,16GB,HP,14-inch,8GB
3,-0.57421875,8.6875,HP,13-inch,16GB,HP,14-inch,16GB
3,-0.07861328125,6.9375,HP,13-inch,16GB,HP,16-inch,4GB
3,-6.375,9.5,HP,13-inch,16GB,HP,16-inch,8GB
3,-0.01043701171875,5.0,HP,13-inch,16GB,HP,16-inch,16GB
3,-10.0,9.5,HP,13-inch,16GB,Dell,13-inch,4GB
3,-7.375,9.5,HP,13-inch,16GB,Dell,13-inch,8GB
3,-0.251953125,8.0,HP,13-inch,16GB,Dell,13-inch,16GB
3,-14.875,9.5,HP,13-inch,16GB,Dell,14-inch,4GB
3,-6.0,9.5,HP,13-inch,16GB,Dell,14-inch,8GB
3,-5.5,9.5,HP,13-inch,16GB,Dell,14-inch,16GB
3,-8.625,9.5,HP,13-inch,16GB,Dell,16-inch,4GB
3,-5.0,9.5,HP,13-inch,16GB,Dell,16-inch,8GB
3,-3.28125,9.4375,HP,13-inch,16GB,Dell,16-inch,16GB
3,-12.125,9.5,HP,13-inch,16GB,Apple,13-inch,4GB
3,-5.75,9.5,HP,13-inch,16GB,Apple,13-inch,8GB
3,-5.75,9.5,HP,13-inch,16GB,Apple,13-inch,16GB
3,-13.375,9.5,HP,13-inch,16GB,Apple,14-inch,4GB
3,-5.375,9.5,HP,13-inch,16GB,Apple,14-inch,8GB
3,-5.625,9.5,HP,13-inch,16GB,Apple,14-inch,16GB
3,-8.5,9.5,HP,13-inch,16GB,Apple,16-inch,4GB
3,-4.03125,9.5,HP,13-inch,16GB,Apple,16-inch,8GB
3,-4.5,9.5,HP,13-inch,16GB,Apple,16-inch,16GB
3,0.0001220703125,1.875,HP,14-inch,4GB,ASUS,13-inch,4GB
3,-12.5,9.5,HP,14-inch,4GB,ASUS,13-inch,8GB
3,-11.375,9.5,HP,14-inch,4GB,ASUS,13-inch,16GB
3,-0.00131988525390625,3.25,HP,14-inch,4GB,ASUS,14-inch,4GB
3,-13.125,9.5,HP,14-inch,4GB,ASUS,14-inch,8GB
3,-11.5,9.5,HP,14-inch,4GB,ASUS,14-inch,16GB
3,-0.006988525390625,4.625,HP,14-inch,4GB,ASUS,16-inch,4GB
3,-12.0,9.5,HP,14-inch,4GB,ASUS,16-inch,8GB
3,-9.0,9.5,HP,14-inch,4GB,ASUS,16-inch,16GB
3,0.000179290771484375,1.75,HP,14-inch,4GB,Lenovo,13-inch,4GB
3,-11.75,9.5,HP,14-inch,4GB,Lenovo,13-inch,8GB
3,-11.75,9.5,HP,14-inch,4GB,Lenovo,13-inch,16GB
3,-0.00089263916015625,3.0,HP,14-inch,4GB,Lenovo,14-inch,4GB
3,-12.25,9.5,HP,14-inch,4GB,Lenovo,14-inch,8GB
3,-11.75,9.5,HP,14-inch,4GB,Lenovo,14-inch,16GB
3,-0.00347900390625,4.0,HP,14-inch,4GB,Lenovo,16-inch,4GB
3,-11.625,9.5,HP,14-inch,4GB,Lenovo,16-inch,8GB
3,-9.375,9.5,HP,14-inch,4GB,Lenovo,16-inch,16GB
3,0.00057220458984375,-0.625,HP,14-inch,4GB,HP,13-inch,4GB
3,-13.625,9.5,HP,14-inch,4GB,HP,13-inch,8GB
3,-13.75,9.5,HP,14-inch,4GB,HP,13-inch,16GB
3,-14.125,9.5,HP,14-inch,4GB,HP,14-inch,8GB
3,-13.75,9.5,HP,14-inch,4GB,HP,14-inch,16GB
3,-0.00131988525390625,3.25,HP,14-inch,4GB,HP,16-inch,4GB
3,-12.25,9.5,HP,14-inch,4GB,HP,16-inch,8GB
3,-9.0,9.5,HP,14-inch,4GB,HP,16-inch,16GB
3,0.0002307891845703125,1.625,HP,14-inch,4GB,Dell,13-inch,4GB
3,-11.75,9.5,HP,14-inch,4GB,Dell,13-inch,8GB
3,-11.375,9.5,HP,14-inch,4GB,Dell,13-inch,16GB
3,-1.52587890625e-05,2.125,HP,14-inch,4GB,Dell,14-inch,4GB
3,-12.0,9.5,HP,14-inch,4GB,Dell,14-inch,8GB
3,-11.0,9.5,HP,14-inch,4GB,Dell,14-inch,16GB
3,-0.00109100341796875,3.125,HP,14-inch,4GB,Dell,16-inch,4GB
3,-11.125,9.5,HP,14-inch,4GB,Dell,16-inch,8GB
3,-8.25,9.5,HP,14-inch,4GB,Dell,16-inch,16GB
3,0.000431060791015625,0.875,HP,14-inch,4GB,Apple,13-inch,4GB
3,-10.75,9.5,HP,14-inch,4GB,Apple,13-inch,8GB
3,-9.375,9.5,HP,14-inch,4GB,Apple,13-inch,16GB
3,0.00055694580078125,-0.375,HP,14-inch,4GB,Apple,14-inch,4GB
3,-11.25,9.5,HP,14-inch,4GB,Apple,14-inch,8GB
3,-8.875,9.5,HP,14-inch,4GB,Apple,14-inch,16GB
3,0.00055694580078125,-0.375,HP,14-inch,4GB,Apple,16-inch,4GB
3,-11.375,9.5,HP,14-inch,4GB,Apple,16-inch,8GB
3,-7.375,9.5,HP,14-inch,4GB,Apple,16-inch,16GB
3,-5.25,9.5,HP,14-inch,8GB,ASUS,13-inch,4GB
3,-5.375,9.5,HP,14-inch,8GB,ASUS,13-inch,8GB
3,-0.0025634765625,3.75,HP,14-inch,8GB,ASUS,13-inch,16GB
3,-0.00109100341796875,3.125,HP,14-inch,8GB,ASUS,14-inch,4GB
3,-0.0478515625,6.4375,HP,14-inch,8GB,ASUS,14-inch,8GB
3,-0.0025634765625,3.75,HP,14-inch,8GB,ASUS,14-inch,16GB
3,-0.017578125,5.46875,HP,14-inch,8GB,ASUS,16-inch,4GB
3,-0.033203125,6.09375,HP,14-inch,8GB,ASUS,16-inch,8GB
3,-0.00131988525390625,3.25,HP,14-inch,8GB,ASUS,16-inch,16GB
3,-4.25,9.5,HP,14-inch,8GB,Lenovo,13-inch,4GB
3,-5.125,9.5,HP,14-inch,8GB,Lenovo,13-inch,8GB
3,-0.00299072265625,3.875,HP,14-inch,8GB,Lenovo,13-inch,16GB
3,-0.00109100341796875,3.125,HP,14-inch,8GB,Lenovo,14-inch,4GB
3,-0.07861328125,6.9375,HP,14-inch,8GB,Lenovo,14-inch,8GB
3,-0.001861572265625,3.5,HP,14-inch,8GB,Lenovo,14-inch,16GB
3,-0.0025634765625,3.75,HP,14-inch,8GB,Lenovo,16-inch,4GB
3,-0.0198974609375,5.625,HP,14-inch,8GB,Lenovo,16-inch,8GB
3,-0.00089263916015625,3.0,HP,14-inch,8GB,Lenovo,16-inch,16GB
3,-3.046875,9.4375,HP,14-inch,8GB,HP,13-inch,4GB
3,-1.140625,9.125,HP,14-inch,8GB,HP,13-inch,8GB
3,-5.5,9.5,HP,14-inch,8GB,HP,13-inch,16GB
3,-0.000194549560546875,2.375,HP,14-inch,8GB,HP,14-inch,4GB
3,-5.375,9.5,HP,14-inch,8GB,HP,14-inch,16GB
3,0.000179290771484375,1.75,HP,14-inch,8GB,HP,16-inch,4GB
3,-0.0615234375,6.6875,HP,14-inch,8GB,HP,16-inch,8GB
3,-0.004638671875,4.25,HP,14-inch,8GB,HP,16-inch,16GB
3,-6.5,9.5,HP,14-inch,8GB,Dell,13-inch,4GB
3,-2.34375,9.375,HP,14-inch,8GB,Dell,13-inch,8GB
3,-0.0007171630859375,2.875,HP,14-inch,8GB,Dell,13-inch,16GB
3,-0.00055694580078125,2.75,HP,14-inch,8GB,Dell,14-inch,4GB
3,-0.07861328125,6.9375,HP,14-inch,8GB,Dell,14-inch,8GB
3,-0.0007171630859375,2.875,HP,14-inch,8GB,Dell,14-inch,16GB
3,-0.00347900390625,4.0,HP,14-inch,8GB,Dell,16-inch,4GB
3,-0.01043701171875,5.0,HP,14-inch,8GB,Dell,16-inch,8GB
3,-0.000301361083984375,2.5,HP,14-inch,8GB,Dell,16-inch,16GB
3,-8.5,9.5,HP,14-inch,8GB,Apple,13-inch,4GB
3,-4.03125,9.5,HP,14-inch,8GB,Apple,13-inch,8GB
3,-0.000301361083984375,2.5,HP,14-inch,8GB,Apple,13-inch,16GB
3,-0.38671875,8.375,HP,14-inch,8GB,Apple,14-inch,4GB
3,-1.140625,9.125,HP,14-inch,8GB,Apple,14-inch,8GB
3,-0.00131988525390625,3.25,HP,14-inch,8GB,Apple,14-inch,16GB
3,-0.00799560546875,4.75,HP,14-inch,8GB,Apple,16-inch,4GB
3,-0.006103515625,4.5,HP,14-inch,8GB,Apple,16-inch,8GB
3,-0.00041961669921875,2.625,HP,14-inch,8GB,Apple,16-inch,16GB
3,-14.0,9.5,HP,14-inch,16GB,ASUS,13-inch,4GB
3,-0.251953125,8.0,HP,14-inch,16GB,ASUS,13-inch,8GB
3,-4.5,9.5,HP,14-inch,16GB,ASUS,13-inch,16GB
3,-4.03125,9.5,HP,14-inch,16GB,ASUS,14-inch,4GB
3,-6.625,9.5,HP,14-inch,16GB,ASUS,14-inch,8GB
3,-0.1259765625,7.375,HP,14-inch,16GB,ASUS,14-inch,16GB
3,-0.3125,8.1875,HP,14-inch,16GB,ASUS,16-inch,4GB
3,-0.0291748046875,5.96875,HP,14-inch,16GB,ASUS,16-inch,8GB
3,-0.0693359375,6.8125,HP,14-inch,16GB,ASUS,16-inch,16GB
3,-13.75,9.5,HP,14-inch,16GB,Lenovo,13-inch,4GB
3,-0.07861328125,6.9375,HP,14-inch,16GB,Lenovo,13-inch,8GB
3,-3.765625,9.5,HP,14-inch,16GB,Lenovo,13-inch,16GB
3,-4.5,9.5,HP,14-inch,16GB,Lenovo,14-inch,4GB
3,-6.375,9.5,HP,14-inch,16GB,Lenovo,14-inch,8GB
3,-0.0615234375,6.6875,HP,14-inch,16GB,Lenovo,14-inch,16GB
3,-1.5,9.25,HP,14-inch,16GB,Lenovo,16-inch,4GB
3,-0.3125,8.1875,HP,14-inch,16GB,Lenovo,16-inch,8GB
3,-0.251953125,8.0,HP,14-inch,16GB,Lenovo,16-inch,16GB
3,-13.875,9.5,HP,14-inch,16GB,HP,13-inch,4GB
3,-1.9140625,9.3125,HP,14-inch,16GB,HP,13-inch,8GB
3,-0.0198974609375,5.625,HP,14-inch,16GB,HP,13-inch,16GB
3,-0.0015716552734375,3.375,HP,14-inch,16GB,HP,14-inch,4GB
3,-9.25,9.5,HP,14-inch,16GB,HP,14-inch,8GB
3,-0.000194549560546875,2.375,HP,14-inch,16GB,HP,16-inch,4GB
3,-6.0,9.5,HP,14-inch,16GB,HP,16-inch,8GB
3,-0.00299072265625,3.875,HP,14-inch,16GB,HP,16-inch,16GB
3,-15.0,9.5,HP,14-inch,16GB,Dell,13-inch,4GB
3,-0.01043701171875,5.0,HP,14-inch,16GB,Dell,13-inch,8GB
3,-1.5,9.25,HP,14-inch,16GB,Dell,13-inch,16GB
3,-0.97265625,9.0,HP,14-inch,16GB,Dell,14-inch,4GB
3,-6.125,9.5,HP,14-inch,16GB,Dell,14-inch,8GB
3,-0.0478515625,6.4375,HP,14-inch,16GB,Dell,14-inch,16GB
3,-0.97265625,9.0,HP,14-inch,16GB,Dell,16-inch,4GB
3,-0.006988525390625,4.625,HP,14-inch,16GB,Dell,16-inch,8GB
3,-0.1259765625,7.375,HP,14-inch,16GB,Dell,16-inch,16GB
3,-13.125,9.5,HP,14-inch,16GB,Apple,13-inch,4GB
3,-0.0091552734375,4.875,HP,14-inch,16GB,Apple,13-inch,8GB
3,-0.82421875,8.9375,HP,14-inch,16GB,Apple,13-inch,16GB
3,-8.125,9.5,HP,14-inch,16GB,Apple,14-inch,4GB
3,-0.0291748046875,5.96875,HP,14-inch,16GB,Apple,14-inch,8GB
3,-5.75,9.5,HP,14-inch,16GB,Apple,14-inch,16GB
3,-4.5,9.5,HP,14-inch,16GB,Apple,16-inch,4GB
3,-0.00299072265625,3.875,HP,14-inch,16GB,Apple,16-inch,8GB
3,-4.5,9.5,HP,14-inch,16GB,Apple,16-inch,16GB
3,-0.07861328125,6.9375,HP,16-inch,4GB,ASUS,13-inch,4GB
3,-12.25,9.5,HP,16-inch,4GB,ASUS,13-inch,8GB
3,-11.625,9.5,HP,16-inch,4GB,ASUS,13-inch,16GB
3,-0.0615234375,6.6875,HP,16-inch,4GB,ASUS,14-inch,4GB
3,-12.375,9.5,HP,16-inch,4GB,ASUS,14-inch,8GB
3,-11.75,9.5,HP,16-inch,4GB,ASUS,14-inch,16GB
3,-1.5,9.25,HP,16-inch,4GB,ASUS,16-inch,4GB
3,-13.25,9.5,HP,16-inch,4GB,ASUS,16-inch,8GB
3,-10.125,9.5,HP,16-inch,4GB,ASUS,16-inch,16GB
3,-0.474609375,8.5,HP,16-inch,4GB,Lenovo,13-inch,4GB
3,-11.875,9.5,HP,16-inch,4GB,Lenovo,13-inch,8GB
3,-11.375,9.5,HP,16-inch,4GB,Lenovo,13-inch,16GB
3,-0.97265625,9.0,HP,16-inch,4GB,Lenovo,14-inch,4GB
3,-11.75,9.5,HP,16-inch,4GB,Lenovo,14-inch,8GB
3,-12.0,9.5,HP,16-inch,4GB,Lenovo,14-inch,16GB
3,-2.6875,9.4375,HP,16-inch,4GB,Lenovo,16-inch,4GB
3,-12.5,9.5,HP,16-inch,4GB,Lenovo,16-inch,8GB
3,-9.75,9.5,HP,16-inch,4GB,Lenovo,16-inch,16GB
3,-0.1591796875,7.59375,HP,16-inch,4GB,HP,13-inch,4GB
3,-13.625,9.5,HP,16-inch,4GB,HP,13-inch,8GB
3,-13.625,9.5,HP,16-inch,4GB,HP,13-inch,16GB
3,-0.00531005859375,4.375,HP,16-inch,4GB,HP,14-inch,4GB
3,-13.875,9.5,HP,16-inch,4GB,HP,14-inch,8GB
3,-14.625,9.5,HP,16-inch,4GB,HP,14-inch,16GB
3,-14.0,9.5,HP,16-inch,4GB,HP,16-inch,8GB
3,-12.75,9.5,HP,16-inch,4GB,HP,16-inch,16GB
3,-0.0135498046875,5.25,HP,16-inch,4GB,Dell,13-inch,4GB
3,-11.375,9.5,HP,16-inch,4GB,Dell,13-inch,8GB
3,-11.25,9.5,HP,16-inch,4GB,Dell,13-inch,16GB
3,-0.03759765625,6.21875,HP,16-inch,4GB,Dell,14-inch,4GB
3,-11.625,9.5,HP,16-inch,4GB,Dell,14-inch,8GB
3,-11.625,9.5,HP,16-inch,4GB,Dell,14-inch,16GB
3,-0.1259765625,7.375,HP,16-inch,4GB,Dell,16-inch,4GB
3,-12.75,9.5,HP,16-inch,4GB,Dell,16-inch,8GB
3,-9.625,9.5,HP,16-inch,4GB,Dell,16-inch,16GB
3,-6.0,9.5,HP,16-inch,4GB,Apple,13-inch,4GB
3,-11.0,9.5,HP,16-inch,4GB,Apple,13-inch,8GB
3,-9.25,9.5,HP,16-inch,4GB,Apple,13-inch,16GB
3,-5.0,9.5,HP,16-inch,4GB,Apple,14-inch,4GB
3,-11.375,9.5,HP,16-inch,4GB,Apple,14-inch,8GB
3,-9.75,9.5,HP,16-inch,4GB,Apple,14-inch,16GB
3,5.7220458984375e-05,2.0,HP,16-inch,4GB,Apple,16-inch,4GB
3,-13.125,9.5,HP,16-inch,4GB,Apple,16-inch,8GB
3,-6.75,9.5,HP,16-inch,4GB,Apple,16-inch,16GB
3,-9.5,9.5,HP,16-inch,8GB,ASUS,13-inch,4GB
3,-6.125,9.5,HP,16-inch,8GB,ASUS,13-inch,8GB
3,-0.0007171630859375,2.875,HP,16-inch,8GB,ASUS,13-inch,16GB
3,-8.875,9.5,HP,16-inch,8GB,ASUS,14-inch,4GB
3,-6.125,9.5,HP,16-inch,8GB,ASUS,14-inch,8GB
3,-0.00347900390625,4.0,HP,16-inch,8GB,ASUS,14-inch,16GB
3,0.0003795623779296875,1.125,HP,16-inch,8GB,ASUS,16-inch,4GB
3,-3.890625,9.5,HP,16-inch,8GB,ASUS,16-inch,8GB
3,-0.00042724609375,2.625,HP,16-inch,8GB,ASUS,16-inch,16GB
3,-9.375,9.5,HP,16-inch,8GB,Lenovo,13-inch,4GB
3,-5.625,9.5,HP,16-inch,8GB,Lenovo,13-inch,8GB
3,-0.00131988525390625,3.25,HP,16-inch,8GB,Lenovo,13-inch,16GB
3,-8.75,9.5,HP,16-inch,8GB,Lenovo,14-inch,4GB
3,-5.5,9.5,HP,16-inch,8GB,Lenovo,14-inch,8GB
3,-0.00531005859375,4.375,HP,16-inch,8GB,Lenovo,14-inch,16GB
3,0.0004062652587890625,1.0,HP,16-inch,8GB,Lenovo,16-inch,4GB
3,-4.25,9.5,HP,16-inch,8GB,Lenovo,16-inch,8GB
3,5.7220458984375e-05,2.0,HP,16-inch,8GB,Lenovo,16-inch,16GB
3,-9.125,9.5,HP,16-inch,8GB,HP,13-inch,4GB
3,-2.578125,9.4375,HP,16-inch,8GB,HP,13-inch,8GB
3,-0.025634765625,5.84375,HP,16-inch,8GB,HP,13-inch,16GB
3,-9.0,9.5,HP,16-inch,8GB,HP,14-inch,4GB
3,-5.75,9.5,HP,16-inch,8GB,HP,14-inch,8GB
3,-6.25,9.5,HP,16-inch,8GB,HP,14-inch,16GB
3,0.000179290771484375,1.75,HP,16-inch,8GB,HP,16-inch,4GB
3,-4.875,9.5,HP,16-inch,8GB,HP,16-inch,16GB
3,-9.625,9.5,HP,16-inch,8GB,Dell,13-inch,4GB
3,-1.5,9.25,HP,16-inch,8GB,Dell,13-inch,8GB
3,-0.00055694580078125,2.75,HP,16-inch,8GB,Dell,13-inch,16GB
3,-8.75,9.5,HP,16-inch,8GB,Dell,14-inch,4GB
3,-4.25,9.5,HP,16-inch,8GB,Dell,14-inch,8GB
3,-0.001861572265625,3.5,HP,16-inch,8GB,Dell,14-inch,16GB
3,0.000514984130859375,0.25,HP,16-inch,8GB,Dell,16-inch,4GB
3,-3.890625,9.5,HP,16-inch,8GB,Dell,16-inch,8GB
3,-9.918212890625e-05,2.25,HP,16-inch,8GB,Dell,16-inch,16GB
3,-9.75,9.5,HP,16-inch,8GB,Apple,13-inch,4GB
3,-4.75,9.5,HP,16-inch,8GB,Apple,13-inch,8GB
3,-1.52587890625e-05,2.125,HP,16-inch,8GB,Apple,13-inch,16GB
3,-10.5,9.5,HP,16-inch,8GB,Apple,14-inch,4GB
3,-4.03125,9.5,HP,16-inch,8GB,Apple,14-inch,8GB
3,-0.000194549560546875,2.375,HP,16-inch,8GB,Apple,14-inch,16GB
3,0.0002307891845703125,1.625,HP,16-inch,8GB,Apple,16-inch,4GB
3,-0.07861328125,6.9375,HP,16-inch,8GB,Apple,16-inch,8GB
3,5.7220458984375e-05,2.0,HP,16-inch,8GB,Apple,16-inch,16GB
3,-15.875,9.5,HP,16-inch,16GB,ASUS,13-inch,4GB
3,-0.82421875,8.9375,HP,16-inch,16GB,ASUS,13-inch,8GB
3,-5.625,9.5,HP,16-inch,16GB,ASUS,13-inch,16GB
3,-14.75,9.5,HP,16-inch,16GB,ASUS,14-inch,4GB
3,-1.5,9.25,HP,16-inch,16GB,ASUS,14-inch,8GB
3,-5.625,9.5,HP,16-inch,16GB,ASUS,14-inch,16GB
3,-0.006988525390625,4.625,HP,16-inch,16GB,ASUS,16-inch,4GB
3,-6.75,9.5,HP,16-inch,16GB,ASUS,16-inch,8GB
3,-4.75,9.5,HP,16-inch,16GB,ASUS,16-inch,16GB
3,-15.25,9.5,HP,16-inch,16GB,Lenovo,13-inch,4GB
3,-0.04248046875,6.3125,HP,16-inch,16GB,Lenovo,13-inch,8GB
3,-5.5,9.5,HP,16-inch,16GB,Lenovo,13-inch,16GB
3,-13.875,9.5,HP,16-inch,16GB,Lenovo,14-inch,4GB
3,-0.03759765625,6.21875,HP,16-inch,16GB,Lenovo,14-inch,8GB
3,-5.5,9.5,HP,16-inch,16GB,Lenovo,14-inch,16GB
3,-0.00799560546875,4.75,HP,16-inch,16GB,Lenovo,16-inch,4GB
3,-6.875,9.5,HP,16-inch,16GB,Lenovo,16-inch,8GB
3,-4.375,9.5,HP,16-inch,16GB,Lenovo,16-inch,16GB
3,-16.5,9.5,HP,16-inch,16GB,HP,13-inch,4GB
3,-0.2001953125,7.8125,HP,16-inch,16GB,HP,13-inch,8GB
3,-5.125,9.5,HP,16-inch,16GB,HP,13-inch,16GB
3,-14.25,9.5,HP,16-inch,16GB,HP,14-inch,4GB
3,-2.125,9.375,HP,16-inch,16GB,HP,14-inch,8GB
3,-5.25,9.5,HP,16-inch,16GB,HP,14-inch,16GB
3,-0.0025634765625,3.75,HP,16-inch,16GB,HP,16-inch,4GB
3,-9.0,9.5,HP,16-inch,16GB,HP,16-inch,8GB
3,-16.5,9.5,HP,16-inch,16GB,Dell,13-inch,4GB
3,-0.0291748046875,5.96875,HP,16-inch,16GB,Dell,13-inch,8GB
3,-4.875,9.5,HP,16-inch,16GB,Dell,13-inch,16GB
3,-15.125,9.5,HP,16-inch,16GB,Dell,14-inch,4GB
3,-0.0615234375,6.6875,HP,16-inch,16GB,Dell,14-inch,8GB
3,-5.0,9.5,HP,16-inch,16GB,Dell,14-inch,16GB
3,-0.00055694580078125,2.75,HP,16-inch,16GB,Dell,16-inch,4GB
3,-7.125,9.5,HP,16-inch,16GB,Dell,16-inch,8GB
3,-4.5,9.5,HP,16-inch,16GB,Dell,16-inch,16GB
3,-13.5,9.5,HP,16-inch,16GB,Apple,13-inch,4GB
3,-0.0615234375,6.6875,HP,16-inch,16GB,Apple,13-inch,8GB
3,-0.2001953125,7.8125,HP,16-inch,16GB,Apple,13-inch,16GB
3,-13.375,9.5,HP,16-inch,16GB,Apple,14-inch,4GB
3,-0.099609375,7.15625,HP,16-inch,16GB,Apple,14-inch,8GB
3,-0.69140625,8.8125,HP,16-inch,16GB,Apple,14-inch,16GB
3,-5.375,9.5,HP,16-inch,16GB,Apple,16-inch,4GB
3,-4.75,9.5,HP,16-inch,16GB,Apple,16-inch,8GB
3,-0.00799560546875,4.75,HP,16-inch,16GB,Apple,16-inch,16GB
3,-0.00089263916015625,3.0,Dell,13-inch,4GB,ASUS,13-inch,4GB
3,-12.25,9.5,Dell,13-inch,4GB,ASUS,13-inch,8GB
3,-10.75,9.5,Dell,13-inch,4GB,ASUS,13-inch,16GB
3,-0.004608154296875,4.25,Dell,13-inch,4GB,ASUS,14-inch,4GB
3,-11.875,9.5,Dell,13-inch,4GB,ASUS,14-inch,8GB
3,-10.625,9.5,Dell,13-inch,4GB,ASUS,14-inch,16GB
3,-1.52587890625e-05,2.125,Dell,13-inch,4GB,ASUS,16-inch,4GB
3,-11.75,9.5,Dell,13-inch,4GB,ASUS,16-inch,8GB
3,-8.875,9.5,Dell,13-inch,4GB,ASUS,16-inch,16GB
3,-0.00131988525390625,3.25,Dell,13-inch,4GB,Lenovo,13-inch,4GB
3,-11.75,9.5,Dell,13-inch,4GB,Lenovo,13-inch,8GB
3,-10.5,9.5,Dell,13-inch,4GB,Lenovo,13-inch,16GB
3,-0.002197265625,3.625,Dell,13-inch,4GB,Lenovo,14-inch,4GB
3,-11.5,9.5,Dell,13-inch,4GB,Lenovo,14-inch,8GB
3,-10.75,9.5,Dell,13-inch,4GB,Lenovo,14-inch,16GB
3,0.000274658203125,1.5,Dell,13-inch,4GB,Lenovo,16-inch,4GB
3,-11.125,9.5,Dell,13-inch,4GB,Lenovo,16-inch,8GB
3,-8.125,9.5,Dell,13-inch,4GB,Lenovo,16-inch,16GB
3,0.000179290771484375,1.75,Dell,13-inch,4GB,HP,13-inch,4GB
3,-11.875,9.5,Dell,13-inch,4GB,HP,13-inch,8GB
3,-10.75,9.5,Dell,13-inch,4GB,HP,13-inch,16GB
3,-0.00055694580078125,2.75,Dell,13-inch,4GB,HP,14-inch,4GB
3,-11.5,9.5,Dell,13-inch,4GB,HP,14-inch,8GB
3,-10.625,9.5,Dell,13-inch,4GB,HP,14-inch,16GB
3,0.0004062652587890625,1.0,Dell,13-inch,4GB,HP,16-inch,4GB
3,-11.375,9.5,Dell,13-inch,4GB,HP,16-inch,8GB
3,-8.625,9.5,Dell,13-inch,4GB,HP,16-inch,16GB
3,-12.625,9.5,Dell,13-inch,4GB,Dell,13-inch,8GB
3,-11.75,9.5,Dell,13-inch,4GB,Dell,13-inch,16GB
3,-3.765625,9.5,Dell,13-inch,4GB,Dell,14-inch,4GB
3,-12.25,9.5,Dell,13-inch,4GB,Dell,14-inch,8GB
3,-11.375,9.5,Dell,13-inch,4GB,Dell,14-inch,16GB
3,0.00048828125,0.5,Dell,13-inch,4GB,Dell,16-inch,4GB
3,-10.875,9.5,Dell,13-inch,4GB,Dell,16-inch,8GB
3,-6.75,9.5,Dell,13-inch,4GB,Dell,16-inch,16GB
3,0.00052642822265625,0.125,Dell,13-inch,4GB,Apple,13-inch,4GB
3,-10.625,9.5,Dell,13-inch,4GB,Apple,13-inch,8GB
3,-8.375,9.5,Dell,13-inch,4GB,Apple,13-inch,16GB
3,0.0005035400390625,0.375,Dell,13-inch,4GB,Apple,14-inch,4GB
3,-11.125,9.5,Dell,13-inch,4GB,Apple,14-inch,8GB
3,-9.125,9.5,Dell,13-inch,4GB,Apple,14-inch,16GB
3,0.0005645751953125,-0.5,Dell,13-inch,4GB,Apple,16-inch,4GB
3,-11.25,9.5,Dell,13-inch,4GB,Apple,16-inch,8GB
3,-5.875,9.5,Dell,13-inch,4GB,Apple,16-inch,16GB
3,-1.140625,9.125,Dell,13-inch,8GB,ASUS,13-inch,4GB
3,-2.578125,9.4375,Dell,13-inch,8GB,ASUS,13-inch,8GB
3,-0.001861572265625,3.5,Dell,13-inch,8GB,ASUS,13-inch,16GB
3,-10.25,9.5,Dell,13-inch,8GB,ASUS,14-inch,4GB
3,-4.875,9.5,Dell,13-inch,8GB,ASUS,14-inch,8GB
3,-0.00041961669921875,2.625,Dell,13-inch,8GB,ASUS,14-inch,16GB
3,-7.125,9.5,Dell,13-inch,8GB,ASUS,16-inch,4GB
3,-0.07861328125,6.9375,Dell,13-inch,8GB,ASUS,16-inch,8GB
3,-0.00131988525390625,3.25,Dell,13-inch,8GB,ASUS,16-inch,16GB
3,-1.140625,9.125,Dell,13-inch,8GB,Lenovo,13-inch,4GB
3,-1.9140625,9.3125,Dell,13-inch,8GB,Lenovo,13-inch,8GB
3,-0.00131988525390625,3.25,Dell,13-inch,8GB,Lenovo,13-inch,16GB
3,-10.0,9.5,Dell,13-inch,8GB,Lenovo,14-inch,4GB
3,-4.75,9.5,Dell,13-inch,8GB,Lenovo,14-inch,8GB
3,-0.000194549560546875,2.375,Dell,13-inch,8GB,Lenovo,14-inch,16GB
3,-6.625,9.5,Dell,13-inch,8GB,Lenovo,16-inch,4GB
3,-0.099609375,7.15625,Dell,13-inch,8GB,Lenovo,16-inch,8GB
3,-0.001861572265625,3.5,Dell,13-inch,8GB,Lenovo,16-inch,16GB
3,-0.00131988525390625,3.25,Dell,13-inch,8GB,HP,13-inch,4GB
3,-0.97265625,9.0,Dell,13-inch,8GB,HP,13-inch,8GB
3,-0.00131988525390625,3.25,Dell,13-inch,8GB,HP,13-inch,16GB
3,-8.5,9.5,Dell,13-inch,8GB,HP,14-inch,4GB
3,-2.34375,9.375,Dell,13-inch,8GB,HP,14-inch,8GB
3,-0.000194549560546875,2.375,Dell,13-inch,8GB,HP,14-inch,16GB
3,-4.875,9.5,Dell,13-inch,8GB,HP,16-inch,4GB
3,-0.0225830078125,5.75,Dell,13-inch,8GB,HP,16-inch,8GB
3,-0.0015716552734375,3.375,Dell,13-inch,8GB,HP,16-inch,16GB
3,-0.001861572265625,3.5,Dell,13-inch,8GB,Dell,13-inch,4GB
3,-1.5,9.25,Dell,13-inch,8GB,Dell,13-inch,16GB
3,-7.375,9.5,Dell,13-inch,8GB,Dell,14-inch,4GB
3,-4.25,9.5,Dell,13-inch,8GB,Dell,14-inch,8GB
3,-0.0015716552734375,3.375,Dell,13-inch,8GB,Dell,14-inch,16GB
3,-0.00131988525390625,3.25,Dell,13-inch,8GB,Dell,16-inch,4GB
3,-0.474609375,8.5,Dell,13-inch,8GB,Dell,16-inch,8GB
3,-0.00299072265625,3.875,Dell,13-inch,8GB,Dell,16-inch,16GB
3,-7.125,9.5,Dell,13-inch,8GB,Apple,13-inch,4GB
3,-2.34375,9.375,Dell,13-inch,8GB,Apple,13-inch,8GB
3,-0.00131988525390625,3.25,Dell,13-inch,8GB,Apple,13-inch,16GB
3,-9.5,9.5,Dell,13-inch,8GB,Apple,14-inch,4GB
3,-5.875,9.5,Dell,13-inch,8GB,Apple,14-inch,8GB
3,-0.00109100341796875,3.125,Dell,13-inch,8GB,Apple,14-inch,16GB
3,-5.875,9.5,Dell,13-inch,8GB,Apple,16-inch,4GB
3,-0.07861328125,6.9375,Dell,13-inch,8GB,Apple,16-inch,8GB
3,-0.0015716552734375,3.375,Dell,13-inch,8GB,Apple,16-inch,16GB
3,-11.625,9.5,Dell,13-inch,16GB,ASUS,13-inch,4GB
3,-7.125,9.5,Dell,13-inch,16GB,ASUS,13-inch,8GB
3,-3.890625,9.5,Dell,13-inch,16GB,ASUS,13-inch,16GB
3,-15.875,9.5,Dell,13-inch,16GB,ASUS,14-inch,4GB
3,-6.0,9.5,Dell,13-inch,16GB,ASUS,14-inch,8GB
3,-6.5,9.5,Dell,13-inch,16GB,ASUS,14-inch,16GB
3,-9.0,9.5,Dell,13-inch,16GB,ASUS,16-inch,4GB
3,-5.125,9.5,Dell,13-inch,16GB,ASUS,16-inch,8GB
3,-4.25,9.5,Dell,13-inch,16GB,ASUS,16-inch,16GB
3,-11.0,9.5,Dell,13-inch,16GB,Lenovo,13-inch,4GB
3,-7.125,9.5,Dell,13-inch,16GB,Lenovo,13-inch,8GB
3,-3.65625,9.5,Dell,13-inch,16GB,Lenovo,13-inch,16GB
3,-15.5,9.5,Dell,13-inch,16GB,Lenovo,14-inch,4GB
3,-5.25,9.5,Dell,13-inch,16GB,Lenovo,14-inch,8GB
3,-6.375,9.5,Dell,13-inch,16GB,Lenovo,14-inch,16GB
3,-9.0,9.5,Dell,13-inch,16GB,Lenovo,16-inch,4GB
3,-5.5,9.5,Dell,13-inch,16GB,Lenovo,16-inch,8GB
3,-2.578125,9.4375,Dell,13-inch,16GB,Lenovo,16-inch,16GB
3,-9.0,9.5,Dell,13-inch,16GB,HP,13-inch,4GB
3,-7.125,9.5,Dell,13-inch,16GB,HP,13-inch,8GB
3,-1.3125,9.1875,Dell,13-inch,16GB,HP,13-inch,16GB
3,-14.375,9.5,Dell,13-inch,16GB,HP,14-inch,4GB
3,-6.125,9.5,Dell,13-inch,16GB,HP,14-inch,8GB
3,-5.375,9.5,Dell,13-inch,16GB,HP,14-inch,16GB
3,-7.875,9.5,Dell,13-inch,16GB,HP,16-inch,4GB
3,-5.875,9.5,Dell,13-inch,16GB,HP,16-inch,8GB
3,-2.578125,9.4375,Dell,13-inch,16GB,HP,16-inch,16GB
3,-4.03125,9.5,Dell,13-inch,16GB,Dell,13-inch,4GB
3,-9.375,9.5,Dell,13-inch,16GB,Dell,13-inch,8GB
3,-13.0,9.5,Dell,13-inch,16GB,Dell,14-inch,4GB
3,-7.0,9.5,Dell,13-inch,16GB,Dell,14-inch,8GB
3,-0.1259765625,7.375,Dell,13-inch,16GB,Dell,14-inch,16GB
3,-0.38671875,8.375,Dell,13-inch,16GB,Dell,16-inch,4GB
3,-6.25,9.5,Dell,13-inch,16GB,Dell,16-inch,8GB
3,-0.017578125,5.46875,Dell,13-inch,16GB,Dell,16-inch,16GB
3,-13.0,9.5,Dell,13-inch,16GB,Apple,13-inch,4GB
3,-5.375,9.5,Dell,13-inch,16GB,Apple,13-inch,8GB
3,-5.625,9.5,Dell,13-inch,16GB,Apple,13-inch,16GB
3,-15.125,9.5,Dell,13-inch,16GB,Apple,14-inch,4GB
3,-5.125,9.5,Dell,13-inch,16GB,Apple,14-inch,8GB
3,-5.5,9.5,Dell,13-inch,16GB,Apple,14-inch,16GB
3,-9.625,9.5,Dell,13-inch,16GB,Apple,16-inch,4GB
3,-3.765625,9.5,Dell,13-inch,16GB,Apple,16-inch,8GB
3,-4.15625,9.5,Dell,13-inch,16GB,Apple,16-inch,16GB
3,0.0004520416259765625,0.75,Dell,14-inch,4GB,ASUS,13-inch,4GB
3,-12.5,9.5,Dell,14-inch,4GB,ASUS,13-inch,8GB
3,-11.875,9.5,Dell,14-inch,4GB,ASUS,13-inch,16GB
3,-0.0007171630859375,2.875,Dell,14-inch,4GB,ASUS,14-inch,4GB
3,-13.0,9.5,Dell,14-inch,4GB,ASUS,14-inch,8GB
3,-11.375,9.5,Dell,14-inch,4GB,ASUS,14-inch,16GB
3,-0.0025634765625,3.75,Dell,14-inch,4GB,ASUS,16-inch,4GB
3,-12.0,9.5,Dell,14-inch,4GB,ASUS,16-inch,8GB
3,-9.25,9.5,Dell,14-inch,4GB,ASUS,16-inch,16GB
3,0.000408172607421875,1.0,Dell,14-inch,4GB,Lenovo,13-inch,4GB
3,-12.0,9.5,Dell,14-inch,4GB,Lenovo,13-inch,8GB
3,-12.125,9.5,Dell,14-inch,4GB,Lenovo,13-inch,16GB
3,-0.00109100341796875,3.125,Dell,14-inch,4GB,Lenovo,14-inch,4GB
3,-12.25,9.5,Dell,14-inch,4GB,Lenovo,14-inch,8GB
3,-11.375,9.5,Dell,14-inch,4GB,Lenovo,14-inch,16GB
3,-0.002197265625,3.625,Dell,14-inch,4GB,Lenovo,16-inch,4GB
3,-11.25,9.5,Dell,14-inch,4GB,Lenovo,16-inch,8GB
3,-9.375,9.5,Dell,14-inch,4GB,Lenovo,16-inch,16GB
3,0.00055694580078125,-0.375,Dell,14-inch,4GB,HP,13-inch,4GB
3,-12.0,9.5,Dell,14-inch,4GB,HP,13-inch,8GB
3,-11.625,9.5,Dell,14-inch,4GB,HP,13-inch,16GB
3,5.7220458984375e-05,2.0,Dell,14-inch,4GB,HP,14-inch,4GB
3,-12.5,9.5,Dell,14-inch,4GB,HP,14-inch,8GB
3,-11.625,9.5,Dell,14-inch,4GB,HP,14-inch,16GB
3,-0.00109100341796875,3.125,Dell,14-inch,4GB,HP,16-inch,4GB
3,-11.375,9.5,Dell,14-inch,4GB,HP,16-inch,8GB
3,-9.125,9.5,Dell,14-inch,4GB,HP,16-inch,16GB
3,0.0005950927734375,-1.5,Dell,14-inch,4GB,Dell,13-inch,4GB
3,-13.375,9.5,Dell,14-inch,4GB,Dell,13-inch,8GB
3,-14.125,9.5,Dell,14-inch,4GB,Dell,13-inch,16GB
3,-13.125,9.5,Dell,14-inch,4GB,Dell,14-inch,8GB
3,-12.625,9.5,Dell,14-inch,4GB,Dell,14-inch,16GB
3,-0.00055694580078125,2.75,Dell,14-inch,4GB,Dell,16-inch,4GB
3,-12.0,9.5,Dell,14-inch,4GB,Dell,16-inch,8GB
3,-8.5,9.5,Dell,14-inch,4GB,Dell,16-inch,16GB
3,0.000408172607421875,1.0,Dell,14-inch,4GB,Apple,13-inch,4GB
3,-10.75,9.5,Dell,14-inch,4GB,Apple,13-inch,8GB
3,-9.375,9.5,Dell,14-inch,4GB,Apple,13-inch,16GB
3,0.0005645751953125,-0.5,Dell,14-inch,4GB,Apple,14-inch,4GB
3,-11.0,9.5,Dell,14-inch,4GB,Apple,14-inch,8GB
3,-8.625,9.5,Dell,14-inch,4GB,Apple,14-inch,16GB
3,0.000545501708984375,-0.125,Dell,14-inch,4GB,Apple,16-inch,4GB
3,-11.5,9.5,Dell,14-inch,4GB,Apple,16-inch,8GB
3,-7.375,9.5,Dell,14-inch,4GB,Apple,16-inch,16GB
3,-7.25,9.5,Dell,14-inch,8GB,ASUS,13-inch,4GB
3,-3.28125,9.4375,Dell,14-inch,8GB,ASUS,13-inch,8GB
3,-0.00299072265625,3.875,Dell,14-inch,8GB,ASUS,13-inch,16GB
3,-0.00131988525390625,3.25,Dell,14-inch,8GB,ASUS,14-inch,4GB
3,-0.474609375,8.5,Dell,14-inch,8GB,ASUS,14-inch,8GB
3,-0.00347900390625,4.0,Dell,14-inch,8GB,ASUS,14-inch,16GB
3,-1.9140625,9.3125,Dell,14-inch,8GB,ASUS,16-inch,4GB
3,-0.57421875,8.6875,Dell,14-inch,8GB,ASUS,16-inch,8GB
3,-0.00089263916015625,3.0,Dell,14-inch,8GB,ASUS,16-inch,16GB
3,-6.0,9.5,Dell,14-inch,8GB,Lenovo,13-inch,4GB
3,-1.3125,9.1875,Dell,14-inch,8GB,Lenovo,13-inch,8GB
3,-0.002197265625,3.625,Dell,14-inch,8GB,Lenovo,13-inch,16GB
3,-0.00109100341796875,3.125,Dell,14-inch,8GB,Lenovo,14-inch,4GB
3,-0.251953125,8.0,Dell,14-inch,8GB,Lenovo,14-inch,8GB
3,-0.002197265625,3.625,Dell,14-inch,8GB,Lenovo,14-inch,16GB
3,-0.82421875,8.9375,Dell,14-inch,8GB,Lenovo,16-inch,4GB
3,-0.3125,8.1875,Dell,14-inch,8GB,Lenovo,16-inch,8GB
3,-0.00041961669921875,2.625,Dell,14-inch,8GB,Lenovo,16-inch,16GB
3,-2.34375,9.375,Dell,14-inch,8GB,HP,13-inch,4GB
3,-0.0478515625,6.4375,Dell,14-inch,8GB,HP,13-inch,8GB
3,-0.002197265625,3.625,Dell,14-inch,8GB,HP,13-inch,16GB
3,5.7220458984375e-05,2.0,Dell,14-inch,8GB,HP,14-inch,4GB
3,-0.099609375,7.15625,Dell,14-inch,8GB,HP,14-inch,8GB
3,-0.002197265625,3.625,Dell,14-inch,8GB,HP,14-inch,16GB
3,-0.002197265625,3.625,Dell,14-inch,8GB,HP,16-inch,4GB
3,-0.03759765625,6.21875,Dell,14-inch,8GB,HP,16-inch,8GB
3,-0.00055694580078125,2.75,Dell,14-inch,8GB,HP,16-inch,16GB
3,-0.006103515625,4.5,Dell,14-inch,8GB,Dell,13-inch,4GB
3,-0.0291748046875,5.96875,Dell,14-inch,8GB,Dell,13-inch,8GB
3,-5.25,9.5,Dell,14-inch,8GB,Dell,13-inch,16GB
3,-1.52587890625e-05,2.125,Dell,14-inch,8GB,Dell,14-inch,4GB
3,-5.125,9.5,Dell,14-inch,8GB,Dell,14-inch,16GB
3,0.0003147125244140625,1.375,Dell,14-inch,8GB,Dell,16-inch,4GB
3,-0.099609375,7.15625,Dell,14-inch,8GB,Dell,16-inch,8GB
3,-0.00347900390625,4.0,Dell,14-inch,8GB,Dell,16-inch,16GB
3,-8.625,9.5,Dell,14-inch,8GB,Apple,13-inch,4GB
3,-5.25,9.5,Dell,14-inch,8GB,Apple,13-inch,8GB
3,-0.00055694580078125,2.75,Dell,14-inch,8GB,Apple,13-inch,16GB
3,-0.69140625,8.8125,Dell,14-inch,8GB,Apple,14-inch,4GB
3,-4.03125,9.5,Dell,14-inch,8GB,Apple,14-inch,8GB
3,-0.0015716552734375,3.375,Dell,14-inch,8GB,Apple,14-inch,16GB
3,-0.97265625,9.0,Dell,14-inch,8GB,Apple,16-inch,4GB
3,-0.0478515625,6.4375,Dell,14-inch,8GB,Apple,16-inch,8GB
3,-0.000301361083984375,2.5,Dell,14-inch,8GB,Apple,16-inch,16GB
3,-16.125,9.5,Dell,14-inch,16GB,ASUS,13-inch,4GB
3,-1.5,9.25,Dell,14-inch,16GB,ASUS,13-inch,8GB
3,-5.5,9.5,Dell,14-inch,16GB,ASUS,13-inch,16GB
3,-6.625,9.5,Dell,14-inch,16GB,ASUS,14-inch,4GB
3,-6.25,9.5,Dell,14-inch,16GB,ASUS,14-inch,8GB
3,-1.8046875,9.3125,Dell,14-inch,16GB,ASUS,14-inch,16GB
3,-5.375,9.5,Dell,14-inch,16GB,ASUS,16-inch,4GB
3,-3.53125,9.5,Dell,14-inch,16GB,ASUS,16-inch,8GB
3,-3.765625,9.5,Dell,14-inch,16GB,ASUS,16-inch,16GB
3,-16.125,9.5,Dell,14-inch,16GB,Lenovo,13-inch,4GB
3,-0.2001953125,7.8125,Dell,14-inch,16GB,Lenovo,13-inch,8GB
3,-4.875,9.5,Dell,14-inch,16GB,Lenovo,13-inch,16GB
3,-6.875,9.5,Dell,14-inch,16GB,Lenovo,14-inch,4GB
3,-6.5,9.5,Dell,14-inch,16GB,Lenovo,14-inch,8GB
3,-1.8046875,9.3125,Dell,14-inch,16GB,Lenovo,14-inch,16GB
3,-6.25,9.5,Dell,14-inch,16GB,Lenovo,16-inch,4GB
3,-5.5,9.5,Dell,14-inch,16GB,Lenovo,16-inch,8GB
3,-2.578125,9.4375,Dell,14-inch,16GB,Lenovo,16-inch,16GB
3,-15.125,9.5,Dell,14-inch,16GB,HP,13-inch,4GB
3,-1.3125,9.1875,Dell,14-inch,16GB,HP,13-inch,8GB
3,-1.703125,9.3125,Dell,14-inch,16GB,HP,13-inch,16GB
3,-0.1259765625,7.375,Dell,14-inch,16GB,HP,14-inch,4GB
3,-6.375,9.5,Dell,14-inch,16GB,HP,14-inch,8GB
3,-0.38671875,8.375,Dell,14-inch,16GB,HP,14-inch,16GB
3,-0.07861328125,6.9375,Dell,14-inch,16GB,HP,16-inch,4GB
3,-5.75,9.5,Dell,14-inch,16GB,HP,16-inch,8GB
3,-2.125,9.375,Dell,14-inch,16GB,HP,16-inch,16GB
3,-14.625,9.5,Dell,14-inch,16GB,Dell,13-inch,4GB
3,-4.25,9.5,Dell,14-inch,16GB,Dell,13-inch,8GB
3,-0.97265625,9.0,Dell,14-inch,16GB,Dell,13-inch,16GB
3,-0.001861572265625,3.5,Dell,14-inch,16GB,Dell,14-inch,4GB
3,-8.75,9.5,Dell,14-inch,16GB,Dell,14-inch,8GB
3,-0.001861572265625,3.5,Dell,14-inch,16GB,Dell,16-inch,4GB
3,-5.75,9.5,Dell,14-inch,16GB,Dell,16-inch,8GB
3,-0.0091552734375,4.875,Dell,14-inch,16GB,Dell,16-inch,16GB
3,-14.5,9.5,Dell,14-inch,16GB,Apple,13-inch,4GB
3,-0.0198974609375,5.625,Dell,14-inch,16GB,Apple,13-inch,8GB
3,-0.3125,8.1875,Dell,14-inch,16GB,Apple,13-inch,16GB
3,-9.75,9.5,Dell,14-inch,16GB,Apple,14-inch,4GB
3,-0.474609375,8.5,Dell,14-inch,16GB,Apple,14-inch,8GB
3,-5.875,9.5,Dell,14-inch,16GB,Apple,14-inch,16GB
3,-8.25,9.5,Dell,14-inch,16GB,Apple,16-inch,4GB
3,-0.006988525390625,4.625,Dell,14-inch,16GB,Apple,16-inch,8GB
3,-5.625,9.5,Dell,14-inch,16GB,Apple,16-inch,16GB
3,-0.099609375,7.15625,Dell,16-inch,4GB,ASUS,13-inch,4GB
3,-12.375,9.5,Dell,16-inch,4GB,ASUS,13-inch,8GB
3,-11.875,9.5,Dell,16-inch,4GB,ASUS,13-inch,16GB
3,-0.07861328125,6.9375,Dell,16-inch,4GB,ASUS,14-inch,4GB
3,-12.375,9.5,Dell,16-inch,4GB,ASUS,14-inch,8GB
3,-12.125,9.5,Dell,16-inch,4GB,ASUS,14-inch,16GB
3,-3.53125,9.5,Dell,16-inch,4GB,ASUS,16-inch,4GB
3,-13.5,9.5,Dell,16-inch,4GB,ASUS,16-inch,8GB
3,-10.5,9.5,Dell,16-inch,4GB,ASUS,16-inch,16GB
3,-0.38671875,8.375,Dell,16-inch,4GB,Lenovo,13-inch,4GB
3,-12.0,9.5,Dell,16-inch,4GB,Lenovo,13-inch,8GB
3,-11.5,9.5,Dell,16-inch,4GB,Lenovo,13-inch,16GB
3,-0.69140625,8.8125,Dell,16-inch,4GB,Lenovo,14-inch,4GB
3,-11.625,9.5,Dell,16-inch,4GB,Lenovo,14-inch,8GB
3,-11.75,9.5,Dell,16-inch,4GB,Lenovo,14-inch,16GB
3,-3.890625,9.5,Dell,16-inch,4GB,Lenovo,16-inch,4GB
3,-12.5,9.5,Dell,16-inch,4GB,Lenovo,16-inch,8GB
3,-10.125,9.5,Dell,16-inch,4GB,Lenovo,16-inch,16GB
3,-0.017578125,5.46875,Dell,16-inch,4GB,HP,13-inch,4GB
3,-11.625,9.5,Dell,16-inch,4GB,HP,13-inch,8GB
3,-11.5,9.5,Dell,16-inch,4GB,HP,13-inch,16GB
3,-0.0291748046875,5.96875,Dell,16-inch,4GB,HP,14-inch,4GB
3,-11.625,9.5,Dell,16-inch,4GB,HP,14-inch,8GB
3,-11.875,9.5,Dell,16-inch,4GB,HP,14-inch,16GB
3,-1.0546875,9.0625,Dell,16-inch,4GB,HP,16-inch,4GB
3,-13.0,9.5,Dell,16-inch,4GB,HP,16-inch,8GB
3,-10.625,9.5,Dell,16-inch,4GB,HP,16-inch,16GB
3,-0.0291748046875,5.96875,Dell,16-inch,4GB,Dell,13-inch,4GB
3,-13.125,9.5,Dell,16-inch,4GB,Dell,13-inch,8GB
3,-13.375,9.5,Dell,16-inch,4GB,Dell,13-inch,16GB
3,-0.00299072265625,3.875,Dell,16-inch,4GB,Dell,14-inch,4GB
3,-13.125,9.5,Dell,16-inch,4GB,Dell,14-inch,8GB
3,-14.375,9.5,Dell,16-inch,4GB,Dell,14-inch,16GB
3,-13.375,9.5,Dell,16-inch,4GB,Dell,16-inch,8GB
3,-12.25,9.5,Dell,16-inch,4GB,Dell,16-inch,16GB
3,-6.375,9.5,Dell,16-inch,4GB,Apple,13-inch,4GB
3,-11.125,9.5,Dell,16-inch,4GB,Apple,13-inch,8GB
3,-9.25,9.5,Dell,16-inch,4GB,Apple,13-inch,16GB
3,-5.625,9.5,Dell,16-inch,4GB,Apple,14-inch,4GB
3,-11.5,9.5,Dell,16-inch,4GB,Apple,14-inch,8GB
3,-9.5,9.5,Dell,16-inch,4GB,Apple,14-inch,16GB
3,5.7220458984375e-05,2.0,Dell,16-inch,4GB,Apple,16-inch,4GB
3,-13.25,9.5,Dell,16-inch,4GB,Apple,16-inch,8GB
3,-7.25,9.5,Dell,16-inch,4GB,Apple,16-inch,16GB
3,-10.625,9.5,Dell,16-inch,8GB,ASUS,13-inch,4GB
3,-5.375,9.5,Dell,16-inch,8GB,ASUS,13-inch,8GB
3,-0.00089263916015625,3.0,Dell,16-inch,8GB,ASUS,13-inch,16GB
3,-10.125,9.5,Dell,16-inch,8GB,ASUS,14-inch,4GB
3,-6.125,9.5,Dell,16-inch,8GB,ASUS,14-inch,8GB
3,-0.003997802734375,4.125,Dell,16-inch,8GB,ASUS,14-inch,16GB
3,0.0003147125244140625,1.375,Dell,16-inch,8GB,ASUS,16-inch,4GB
3,-5.25,9.5,Dell,16-inch,8GB,ASUS,16-inch,8GB
3,-0.00089263916015625,3.0,Dell,16-inch,8GB,ASUS,16-inch,16GB
3,-10.125,9.5,Dell,16-inch,8GB,Lenovo,13-inch,4GB
3,-4.5,9.5,Dell,16-inch,8GB,Lenovo,13-inch,8GB
3,-0.0007171630859375,2.875,Dell,16-inch,8GB,Lenovo,13-inch,16GB
3,-10.0,9.5,Dell,16-inch,8GB,Lenovo,14-inch,4GB
3,-5.625,9.5,Dell,16-inch,8GB,Lenovo,14-inch,8GB
3,-0.004638671875,4.25,Dell,16-inch,8GB,Lenovo,14-inch,16GB
3,0.0003147125244140625,1.375,Dell,16-inch,8GB,Lenovo,16-inch,4GB
3,-5.0,9.5,Dell,16-inch,8GB,Lenovo,16-inch,8GB
3,-0.000194549560546875,2.375,Dell,16-inch,8GB,Lenovo,16-inch,16GB
3,-9.0,9.5,Dell,16-inch,8GB,HP,13-inch,4GB
3,-0.82421875,8.9375,Dell,16-inch,8GB,HP,13-inch,8GB
3,-0.000301361083984375,2.5,Dell,16-inch,8GB,HP,13-inch,16GB
3,-9.0,9.5,Dell,16-inch,8GB,HP,14-inch,4GB
3,-4.25,9.5,Dell,16-inch,8GB,HP,14-inch,8GB
3,-0.002197265625,3.625,Dell,16-inch,8GB,HP,14-inch,16GB
3,0.000431060791015625,0.875,Dell,16-inch,8GB,HP,16-inch,4GB
3,-4.5,9.5,Dell,16-inch,8GB,HP,16-inch,8GB
3,-0.00042724609375,2.625,Dell,16-inch,8GB,HP,16-inch,16GB
3,-8.875,9.5,Dell,16-inch,8GB,Dell,13-inch,4GB
3,-2.8125,9.4375,Dell,16-inch,8GB,Dell,13-inch,8GB
3,-0.1591796875,7.59375,Dell,16-inch,8GB,Dell,13-inch,16GB
3,-9.75,9.5,Dell,16-inch,8GB,Dell,14-inch,4GB
3,-5.5,9.5,Dell,16-inch,8GB,Dell,14-inch,8GB
3,-6.5,9.5,Dell,16-inch,8GB,Dell,14-inch,16GB
3,0.0003147125244140625,1.375,Dell,16-inch,8GB,Dell,16-inch,4GB
3,-4.5,9.5,Dell,16-inch,8GB,Dell,16-inch,16GB
3,-11.0,9.5,Dell,16-inch,8GB,Apple,13-inch,4GB
3,-4.03125,9.5,Dell,16-inch,8GB,Apple,13-inch,8GB
3,-0.000194549560546875,2.375,Dell,16-inch,8GB,Apple,13-inch,16GB
3,-12.375,9.5,Dell,16-inch,8GB,Apple,14-inch,4GB
3,-3.28125,9.4375,Dell,16-inch,8GB,Apple,14-inch,8GB
3,-0.00041961669921875,2.625,Dell,16-inch,8GB,Apple,14-inch,16GB
3,-0.00055694580078125,2.75,Dell,16-inch,8GB,Apple,16-inch,4GB
3,-0.0615234375,6.6875,Dell,16-inch,8GB,Apple,16-inch,8GB
3,-1.52587890625e-05,2.125,Dell,16-inch,8GB,Apple,16-inch,16GB
3,-16.75,9.5,Dell,16-inch,16GB,ASUS,13-inch,4GB
3,-0.474609375,8.5,Dell,16-inch,16GB,ASUS,13-inch,8GB
3,-5.5,9.5,Dell,16-inch,16GB,ASUS,13-inch,16GB
3,-15.75,9.5,Dell,16-inch,16GB,ASUS,14-inch,4GB
3,-0.474609375,8.5,Dell,16-inch,16GB,ASUS,14-inch,8GB
3,-5.25,9.5,Dell,16-inch,16GB,ASUS,14-inch,16GB
3,-0.2001953125,7.8125,Dell,16-inch,16GB,ASUS,16-inch,4GB
3,-6.5,9.5,Dell,16-inch,16GB,ASUS,16-inch,8GB
3,-4.875,9.5,Dell,16-inch,16GB,ASUS,16-inch,16GB
3,-16.125,9.5,Dell,16-inch,16GB,Lenovo,13-inch,4GB
3,-0.03759765625,6.21875,Dell,16-inch,16GB,Lenovo,13-inch,8GB
3,-5.25,9.5,Dell,16-inch,16GB,Lenovo,13-inch,16GB
3,-15.25,9.5,Dell,16-inch,16GB,Lenovo,14-inch,4GB
3,-0.03759765625,6.21875,Dell,16-inch,16GB,Lenovo,14-inch,8GB
3,-5.125,9.5,Dell,16-inch,16GB,Lenovo,14-inch,16GB
3,-0.251953125,8.0,Dell,16-inch,16GB,Lenovo,16-inch,4GB
3,-6.625,9.5,Dell,16-inch,16GB,Lenovo,16-inch,8GB
3,-4.375,9.5,Dell,16-inch,16GB,Lenovo,16-inch,16GB
3,-16.125,9.5,Dell,16-inch,16GB,HP,13-inch,4GB
3,-0.0615234375,6.6875,Dell,16-inch,16GB,HP,13-inch,8GB
3,-4.625,9.5,Dell,16-inch,16GB,HP,13-inch,16GB
3,-15.0,9.5,Dell,16-inch,16GB,HP,14-inch,4GB
3,-0.07861328125,6.9375,Dell,16-inch,16GB,HP,14-inch,8GB
3,-4.03125,9.5,Dell,16-inch,16GB,HP,14-inch,16GB
3,-0.00799560546875,4.75,Dell,16-inch,16GB,HP,16-inch,4GB
3,-6.75,9.5,Dell,16-inch,16GB,HP,16-inch,8GB
3,-4.5,9.5,Dell,16-inch,16GB,HP,16-inch,16GB
3,-16.0,9.5,Dell,16-inch,16GB,Dell,13-inch,4GB
3,-0.38671875,8.375,Dell,16-inch,16GB,Dell,13-inch,8GB
3,-4.75,9.5,Dell,16-inch,16GB,Dell,13-inch,16GB
3,-14.25,9.5,Dell,16-inch,16GB,Dell,14-inch,4GB
3,-1.5,9.25,Dell,16-inch,16GB,Dell,14-inch,8GB
3,-4.875,9.5,Dell,16-inch,16GB,Dell,14-inch,16GB
3,-0.0015716552734375,3.375,Dell,16-inch,16GB,Dell,16-inch,4GB
3,-8.5,9.5,Dell,16-inch,16GB,Dell,16-inch,8GB
3,-14.875,9.5,Dell,16-inch,16GB,Apple,13-inch,4GB
3,-0.0291748046875,5.96875,Dell,16-inch,16GB,Apple,13-inch,8GB
3,-0.099609375,7.15625,Dell,16-inch,16GB,Apple,13-inch,16GB
3,-15.25,9.5,Dell,16-inch,16GB,Apple,14-inch,4GB
3,-0.0478515625,6.4375,Dell,16-inch,16GB,Apple,14-inch,8GB
3,-0.2001953125,7.8125,Dell,16-inch,16GB,Apple,14-inch,16GB
3,-7.25,9.5,Dell,16-inch,16GB,Apple,16-inch,4GB
3,-4.5,9.5,Dell,16-inch,16GB,Apple,16-inch,8GB
3,-0.01190185546875,5.125,Dell,16-inch,16GB,Apple,16-inch,16GB
3,-8.75,9.5,Apple,13-inch,4GB,ASUS,13-inch,4GB
3,-14.875,9.5,Apple,13-inch,4GB,ASUS,13-inch,8GB
3,-14.625,9.5,Apple,13-inch,4GB,ASUS,13-inch,16GB
3,-8.125,9.5,Apple,13-inch,4GB,ASUS,14-inch,4GB
3,-14.0,9.5,Apple,13-inch,4GB,ASUS,14-inch,8GB
3,-13.25,9.5,Apple,13-inch,4GB,ASUS,14-inch,16GB
3,-6.125,9.5,Apple,13-inch,4GB,ASUS,16-inch,4GB
3,-14.875,9.5,Apple,13-inch,4GB,ASUS,16-inch,8GB
3,-11.625,9.5,Apple,13-inch,4GB,ASUS,16-inch,16GB
3,-8.625,9.5,Apple,13-inch,4GB,Lenovo,13-inch,4GB
3,-14.75,9.5,Apple,13-inch,4GB,Lenovo,13-inch,8GB
3,-14.75,9.5,Apple,13-inch,4GB,Lenovo,13-inch,16GB
3,-7.75,9.5,Apple,13-inch,4GB,Lenovo,14-inch,4GB
3,-14.25,9.5,Apple,13-inch,4GB,Lenovo,14-inch,8GB
3,-13.25,9.5,Apple,13-inch,4GB,Lenovo,14-inch,16GB
3,-6.0,9.5,Apple,13-inch,4GB,Lenovo,16-inch,4GB
3,-14.5,9.5,Apple,13-inch,4GB,Lenovo,16-inch,8GB
3,-11.75,9.5,Apple,13-inch,4GB,Lenovo,16-inch,16GB
3,-7.875,9.5,Apple,13-inch,4GB,HP,13-inch,4GB
3,-14.5,9.5,Apple,13-inch,4GB,HP,13-inch,8GB
3,-14.875,9.5,Apple,13-inch,4GB,HP,13-inch,16GB
3,-7.0,9.5,Apple,13-inch,4GB,HP,14-inch,4GB
3,-13.75,9.5,Apple,13-inch,4GB,HP,14-inch,8GB
3,-13.0,9.5,Apple,13-inch,4GB,HP,14-inch,16GB
3,-5.25,9.5,Apple,13-inch,4GB,HP,16-inch,4GB
3,-14.5,9.5,Apple,13-inch,4GB,HP,16-inch,8GB
3,-11.375,9.5,Apple,13-inch,4GB,HP,16-inch,16GB
3,-8.75,9.5,Apple,13-inch,4GB,Dell,13-inch,4GB
3,-13.875,9.5,Apple,13-inch,4GB,Dell,13-inch,8GB
3,-13.875,9.5,Apple,13-inch,4GB,Dell,13-inch,16GB
3,-7.875,9.5,Apple,13-inch,4GB,Dell,14-inch,4GB
3,-13.5,9.5,Apple,13-inch,4GB,Dell,14-inch,8GB
3,-12.375,9.5,Apple,13-inch,4GB,Dell,14-inch,16GB
3,-5.75,9.5,Apple,13-inch,4GB,Dell,16-inch,4GB
3,-14.25,9.5,Apple,13-inch,4GB,Dell,16-inch,8GB
3,-10.875,9.5,Apple,13-inch,4GB,Dell,16-inch,16GB
3,-11.5,9.5,Apple,13-inch,4GB,Apple,13-inch,8GB
3,-10.875,9.5,Apple,13-inch,4GB,Apple,13-inch,16GB
3,-5.25,9.5,Apple,13-inch,4GB,Apple,14-inch,4GB
3,-12.375,9.5,Apple,13-inch,4GB,Apple,14-inch,8GB
3,-10.875,9.5,Apple,13-inch,4GB,Apple,14-inch,16GB
3,-1.3125,9.1875,Apple,13-inch,4GB,Apple,16-inch,4GB
3,-13.5,9.5,Apple,13-inch,4GB,Apple,16-inch,8GB
3,-8.375,9.5,Apple,13-inch,4GB,Apple,16-inch,16GB
3,-6.5,9.5,Apple,13-inch,8GB,ASUS,13-inch,4GB
3,-6.75,9.5,Apple,13-inch,8GB,ASUS,13-inch,8GB
3,-5.0,9.5,Apple,13-inch,8GB,ASUS,13-inch,16GB
3,-9.75,9.5,Apple,13-inch,8GB,ASUS,14-inch,4GB
3,-7.875,9.5,Apple,13-inch,8GB,ASUS,14-inch,8GB
3,-0.97265625,9.0,Apple,13-inch,8GB,ASUS,14-inch,16GB
3,-7.875,9.5,Apple,13-inch,8GB,ASUS,16-inch,4GB
3,-7.125,9.5,Apple,13-inch,8GB,ASUS,16-inch,8GB
3,-0.1259765625,7.375,Apple,13-inch,8GB,ASUS,16-inch,16GB
3,-4.75,9.5,Apple,13-inch,8GB,Lenovo,13-inch,4GB
3,-6.75,9.5,Apple,13-inch,8GB,Lenovo,13-inch,8GB
3,-5.0,9.5,Apple,13-inch,8GB,Lenovo,13-inch,16GB
3,-9.625,9.5,Apple,13-inch,8GB,Lenovo,14-inch,4GB
3,-7.625,9.5,Apple,13-inch,8GB,Lenovo,14-inch,8GB
3,-3.53125,9.5,Apple,13-inch,8GB,Lenovo,14-inch,16GB
3,-7.625,9.5,Apple,13-inch,8GB,Lenovo,16-inch,4GB
3,-7.375,9.5,Apple,13-inch,8GB,Lenovo,16-inch,8GB
3,-0.69140625,8.8125,Apple,13-inch,8GB,Lenovo,16-inch,16GB
3,-0.0478515625,6.4375,Apple,13-inch,8GB,HP,13-inch,4GB
3,-6.625,9.5,Apple,13-inch,8GB,HP,13-inch,8GB
3,-4.03125,9.5,Apple,13-inch,8GB,HP,13-inch,16GB
3,-8.5,9.5,Apple,13-inch,8GB,HP,14-inch,4GB
3,-7.25,9.5,Apple,13-inch,8GB,HP,14-inch,8GB
3,-0.38671875,8.375,Apple,13-inch,8GB,HP,14-inch,16GB
3,-5.875,9.5,Apple,13-inch,8GB,HP,16-inch,4GB
3,-6.625,9.5,Apple,13-inch,8GB,HP,16-inch,8GB
3,-0.1591796875,7.59375,Apple,13-inch,8GB,HP,16-inch,16GB
3,-2.578125,9.4375,Apple,13-inch,8GB,Dell,13-inch,4GB
3,-7.25,9.5,Apple,13-inch,8GB,Dell,13-inch,8GB
3,-0.474609375,8.5,Apple,13-inch,8GB,Dell,13-inch,16GB
3,-8.75,9.5,Apple,13-inch,8GB,Dell,14-inch,4GB
3,-7.625,9.5,Apple,13-inch,8GB,Dell,14-inch,8GB
3,-0.01190185546875,5.125,Apple,13-inch,8GB,Dell,14-inch,16GB
3,-6.0,9.5,Apple,13-inch,8GB,Dell,16-inch,4GB
3,-7.125,9.5,Apple,13-inch,8GB,Dell,16-inch,8GB
3,-0.1259765625,7.375,Apple,13-inch,8GB,Dell,16-inch,16GB
3,-0.251953125,8.0,Apple,13-inch,8GB,Apple,13-inch,4GB
3,-0.1259765625,7.375,Apple,13-inch,8GB,Apple,13-inch,16GB
3,-6.0,9.5,Apple,13-inch,8GB,Apple,14-inch,4GB
3,-5.875,9.5,Apple,13-inch,8GB,Apple,14-inch,8GB
3,-0.002197265625,3.625,Apple,13-inch,8GB,Apple,14-inch,16GB
3,-0.00055694580078125,2.75,Apple,13-inch,8GB,Apple,16-inch,4GB
3,-0.0478515625,6.4375,Apple,13-inch,8GB,Apple,16-inch,8GB
3,-0.0025634765625,3.75,Apple,13-inch,8GB,Apple,16-inch,16GB
3,-15.375,9.5,Apple,13-inch,16GB,ASUS,13-inch,4GB
3,-8.5,9.5,Apple,13-inch,16GB,ASUS,13-inch,8GB
3,-7.0,9.5,Apple,13-inch,16GB,ASUS,13-inch,16GB
3,-17.0,9.5,Apple,13-inch,16GB,ASUS,14-inch,4GB
3,-7.875,9.5,Apple,13-inch,16GB,ASUS,14-inch,8GB
3,-8.25,9.5,Apple,13-inch,16GB,ASUS,14-inch,16GB
3,-11.25,9.5,Apple,13-inch,16GB,ASUS,16-inch,4GB
3,-7.75,9.5,Apple,13-inch,16GB,ASUS,16-inch,8GB
3,-6.875,9.5,Apple,13-inch,16GB,ASUS,16-inch,16GB
3,-14.75,9.5,Apple,13-inch,16GB,Lenovo,13-inch,4GB
3,-8.125,9.5,Apple,13-inch,16GB,Lenovo,13-inch,8GB
3,-7.0,9.5,Apple,13-inch,16GB,Lenovo,13-inch,16GB
3,-16.5,9.5,Apple,13-inch,16GB,Lenovo,14-inch,4GB
3,-7.5,9.5,Apple,13-inch,16GB,Lenovo,14-inch,8GB
3,-8.125,9.5,Apple,13-inch,16GB,Lenovo,14-inch,16GB
3,-12.0,9.5,Apple,13-inch,16GB,Lenovo,16-inch,4GB
3,-7.75,9.5,Apple,13-inch,16GB,Lenovo,16-inch,8GB
3,-6.625,9.5,Apple,13-inch,16GB,Lenovo,16-inch,16GB
3,-12.125,9.5,Apple,13-inch,16GB,HP,13-inch,4GB
3,-8.0,9.5,Apple,13-inch,16GB,HP,13-inch,8GB
3,-6.25,9.5,Apple,13-inch,16GB,HP,13-inch,16GB
3,-14.625,9.5,Apple,13-inch,16GB,HP,14-inch,4GB
3,-7.125,9.5,Apple,13-inch,16GB,HP,14-inch,8GB
3,-7.5,9.5,Apple,13-inch,16GB,HP,14-inch,16GB
3,-10.25,9.5,Apple,13-inch,16GB,HP,16-inch,4GB
3,-7.625,9.5,Apple,13-inch,16GB,HP,16-inch,8GB
3,-6.75,9.5,Apple,13-inch,16GB,HP,16-inch,16GB
3,-14.625,9.5,Apple,13-inch,16GB,Dell,13-inch,4GB
3,-8.0,9.5,Apple,13-inch,16GB,Dell,13-inch,8GB
3,-6.5,9.5,Apple,13-inch,16GB,Dell,13-inch,16GB
3,-16.25,9.5,Apple,13-inch,16GB,Dell,14-inch,4GB
3,-7.5,9.5,Apple,13-inch,16GB,Dell,14-inch,8GB
3,-8.0,9.5,Apple,13-inch,16GB,Dell,14-inch,16GB
3,-12.0,9.5,Apple,13-inch,16GB,Dell,16-inch,4GB
3,-7.5,9.5,Apple,13-inch,16GB,Dell,16-inch,8GB
3,-6.5,9.5,Apple,13-inch,16GB,Dell,16-inch,16GB
3,-9.25,9.5,Apple,13-inch,16GB,Apple,13-inch,4GB
3,-10.375,9.5,Apple,13-inch,16GB,Apple,13-inch,8GB
3,-12.875,9.5,Apple,13-inch,16GB,Apple,14-inch,4GB
3,-9.125,9.5,Apple,13-inch,16GB,Apple,14-inch,8GB
3,-2.015625,9.375,Apple,13-inch,16GB,Apple,14-inch,16GB
3,-6.75,9.5,Apple,13-inch,16GB,Apple,16-inch,4GB
3,-7.625,9.5,Apple,13-inch,16GB,Apple,16-inch,8GB
3,-0.1259765625,7.375,Apple,13-inch,16GB,Apple,16-inch,16GB
3,-8.625,9.5,Apple,14-inch,4GB,ASUS,13-inch,4GB
3,-15.375,9.5,Apple,14-inch,4GB,ASUS,13-inch,8GB
3,-14.875,9.5,Apple,14-inch,4GB,ASUS,13-inch,16GB
3,-9.0,9.5,Apple,14-inch,4GB,ASUS,14-inch,4GB
3,-15.375,9.5,Apple,14-inch,4GB,ASUS,14-inch,8GB
3,-15.0,9.5,Apple,14-inch,4GB,ASUS,14-inch,16GB
3,-6.375,9.5,Apple,14-inch,4GB,ASUS,16-inch,4GB
3,-15.375,9.5,Apple,14-inch,4GB,ASUS,16-inch,8GB
3,-12.375,9.5,Apple,14-inch,4GB,ASUS,16-inch,16GB
3,-8.875,9.5,Apple,14-inch,4GB,Lenovo,13-inch,4GB
3,-15.375,9.5,Apple,14-inch,4GB,Lenovo,13-inch,8GB
3,-14.625,9.5,Apple,14-inch,4GB,Lenovo,13-inch,16GB
3,-8.875,9.5,Apple,14-inch,4GB,Lenovo,14-inch,4GB
3,-14.875,9.5,Apple,14-inch,4GB,Lenovo,14-inch,8GB
3,-15.125,9.5,Apple,14-inch,4GB,Lenovo,14-inch,16GB
3,-6.875,9.5,Apple,14-inch,4GB,Lenovo,16-inch,4GB
3,-15.25,9.5,Apple,14-inch,4GB,Lenovo,16-inch,8GB
3,-12.375,9.5,Apple,14-inch,4GB,Lenovo,16-inch,16GB
3,-7.875,9.5,Apple,14-inch,4GB,HP,13-inch,4GB
3,-15.0,9.5,Apple,14-inch,4GB,HP,13-inch,8GB
3,-14.875,9.5,Apple,14-inch,4GB,HP,13-inch,16GB
3,-8.375,9.5,Apple,14-inch,4GB,HP,14-inch,4GB
3,-14.875,9.5,Apple,14-inch,4GB,HP,14-inch,8GB
3,-15.5,9.5,Apple,14-inch,4GB,HP,14-inch,16GB
3,-5.5,9.5,Apple,14-inch,4GB,HP,16-inch,4GB
3,-15.0,9.5,Apple,14-inch,4GB,HP,16-inch,8GB
3,-12.375,9.5,Apple,14-inch,4GB,HP,16-inch,16GB
3,-8.625,9.5,Apple,14-inch,4GB,Dell,13-inch,4GB
3,-14.625,9.5,Apple,14-inch,4GB,Dell,13-inch,8GB
3,-14.0,9.5,Apple,14-inch,4GB,Dell,13-inch,16GB
3,-8.875,9.5,Apple,14-inch,4GB,Dell,14-inch,4GB
3,-14.5,9.5,Apple,14-inch,4GB,Dell,14-inch,8GB
3,-14.25,9.5,Apple,14-inch,4GB,Dell,14-inch,16GB
3,-6.625,9.5,Apple,14-inch,4GB,Dell,16-inch,4GB
3,-14.75,9.5,Apple,14-inch,4GB,Dell,16-inch,8GB
3,-11.5,9.5,Apple,14-inch,4GB,Dell,16-inch,16GB
3,0.000274658203125,1.5,Apple,14-inch,4GB,Apple,13-inch,4GB
3,-14.25,9.5,Apple,14-inch,4GB,Apple,13-inch,8GB
3,-14.125,9.5,Apple,14-inch,4GB,Apple,13-inch,16GB
3,-11.75,9.5,Apple,14-inch,4GB,Apple,14-inch,8GB
3,-11.375,9.5,Apple,14-inch,4GB,Apple,14-inch,16GB
3,-2.8125,9.4375,Apple,14-inch,4GB,Apple,16-inch,4GB
3,-13.875,9.5,Apple,14-inch,4GB,Apple,16-inch,8GB
3,-9.75,9.5,Apple,14-inch,4GB,Apple,16-inch,16GB
3,-4.03125,9.5,Apple,14-inch,8GB,ASUS,13-inch,4GB
3,-7.75,9.5,Apple,14-inch,8GB,ASUS,13-inch,8GB
3,-6.625,9.5,Apple,14-inch,8GB,ASUS,13-inch,16GB
3,-0.00799560546875,4.75,Apple,14-inch,8GB,ASUS,14-inch,4GB
3,-6.625,9.5,Apple,14-inch,8GB,ASUS,14-inch,8GB
3,-5.625,9.5,Apple,14-inch,8GB,ASUS,14-inch,16GB
3,-0.0025634765625,3.75,Apple,14-inch,8GB,ASUS,16-inch,4GB
3,-5.75,9.5,Apple,14-inch,8GB,ASUS,16-inch,8GB
3,-0.033203125,6.09375,Apple,14-inch,8GB,ASUS,16-inch,16GB
3,-3.046875,9.4375,Apple,14-inch,8GB,Lenovo,13-inch,4GB
3,-7.5,9.5,Apple,14-inch,8GB,Lenovo,13-inch,8GB
3,-5.875,9.5,Apple,14-inch,8GB,Lenovo,13-inch,16GB
3,-0.01043701171875,5.0,Apple,14-inch,8GB,Lenovo,14-inch,4GB
3,-6.375,9.5,Apple,14-inch,8GB,Lenovo,14-inch,8GB
3,-5.375,9.5,Apple,14-inch,8GB,Lenovo,14-inch,16GB
3,-0.006988525390625,4.625,Apple,14-inch,8GB,Lenovo,16-inch,4GB
3,-6.375,9.5,Apple,14-inch,8GB,Lenovo,16-inch,8GB
3,-0.0291748046875,5.96875,Apple,14-inch,8GB,Lenovo,16-inch,16GB
3,-0.006103515625,4.5,Apple,14-inch,8GB,HP,13-inch,4GB
3,-7.125,9.5,Apple,14-inch,8GB,HP,13-inch,8GB
3,-5.75,9.5,Apple,14-inch,8GB,HP,13-inch,16GB
3,-0.0007171630859375,2.875,Apple,14-inch,8GB,HP,14-inch,4GB
3,-6.0,9.5,Apple,14-inch,8GB,HP,14-inch,8GB
3,-5.25,9.5,Apple,14-inch,8GB,HP,14-inch,16GB
3,-1.52587890625e-05,2.125,Apple,14-inch,8GB,HP,16-inch,4GB
3,-5.25,9.5,Apple,14-inch,8GB,HP,16-inch,8GB
3,-0.0478515625,6.4375,Apple,14-inch,8GB,HP,16-inch,16GB
3,-0.474609375,8.5,Apple,14-inch,8GB,Dell,13-inch,4GB
3,-7.375,9.5,Apple,14-inch,8GB,Dell,13-inch,8GB
3,-4.25,9.5,Apple,14-inch,8GB,Dell,13-inch,16GB
3,-0.002197265625,3.625,Apple,14-inch,8GB,Dell,14-inch,4GB
3,-7.0,9.5,Apple,14-inch,8GB,Dell,14-inch,8GB
3,-2.578125,9.4375,Apple,14-inch,8GB,Dell,14-inch,16GB
3,0.0001220703125,1.875,Apple,14-inch,8GB,Dell,16-inch,4GB
3,-5.375,9.5,Apple,14-inch,8GB,Dell,16-inch,8GB
3,-0.00799560546875,4.75,Apple,14-inch,8GB,Dell,16-inch,16GB
3,-7.5,9.5,Apple,14-inch,8GB,Apple,13-inch,4GB
3,-1.3125,9.1875,Apple,14-inch,8GB,Apple,13-inch,8GB
3,-5.0,9.5,Apple,14-inch,8GB,Apple,13-inch,16GB
3,-0.004608154296875,4.25,Apple,14-inch,8GB,Apple,14-inch,4GB
3,-3.53125,9.5,Apple,14-inch,8GB,Apple,14-inch,16GB
3,0.000274658203125,1.5,Apple,14-inch,8GB,Apple,16-inch,4GB
3,-0.00531005859375,4.375,Apple,14-inch,8GB,Apple,16-inch,8GB
3,-0.0015716552734375,3.375,Apple,14-inch,8GB,Apple,16-inch,16GB
3,-15.625,9.5,Apple,14-inch,16GB,ASUS,13-inch,4GB
3,-7.75,9.5,Apple,14-inch,16GB,ASUS,13-inch,8GB
3,-7.375,9.5,Apple,14-inch,16GB,ASUS,13-inch,16GB
3,-11.75,9.5,Apple,14-inch,16GB,ASUS,14-inch,4GB
3,-7.875,9.5,Apple,14-inch,16GB,ASUS,14-inch,8GB
3,-7.0,9.5,Apple,14-inch,16GB,ASUS,14-inch,16GB
3,-11.125,9.5,Apple,14-inch,16GB,ASUS,16-inch,4GB
3,-6.875,9.5,Apple,14-inch,16GB,ASUS,16-inch,8GB
3,-6.0,9.5,Apple,14-inch,16GB,ASUS,16-inch,16GB
3,-15.0,9.5,Apple,14-inch,16GB,Lenovo,13-inch,4GB
3,-7.75,9.5,Apple,14-inch,16GB,Lenovo,13-inch,8GB
3,-7.375,9.5,Apple,14-inch,16GB,Lenovo,13-inch,16GB
3,-11.25,9.5,Apple,14-inch,16GB,Lenovo,14-inch,4GB
3,-7.375,9.5,Apple,14-inch,16GB,Lenovo,14-inch,8GB
3,-6.875,9.5,Apple,14-inch,16GB,Lenovo,14-inch,16GB
3,-11.5,9.5,Apple,14-inch,16GB,Lenovo,16-inch,4GB
3,-7.0,9.5,Apple,14-inch,16GB,Lenovo,16-inch,8GB
3,-6.25,9.5,Apple,14-inch,16GB,Lenovo,16-inch,16GB
3,-13.375,9.5,Apple,14-inch,16GB,HP,13-inch,4GB
3,-7.375,9.5,Apple,14-inch,16GB,HP,13-inch,8GB
3,-6.875,9.5,Apple,14-inch,16GB,HP,13-inch,16GB
3,-9.5,9.5,Apple,14-inch,16GB,HP,14-inch,4GB
3,-7.375,9.5,Apple,14-inch,16GB,HP,14-inch,8GB
3,-6.5,9.5,Apple,14-inch,16GB,HP,14-inch,16GB
3,-9.875,9.5,Apple,14-inch,16GB,HP,16-inch,4GB
3,-6.875,9.5,Apple,14-inch,16GB,HP,16-inch,8GB
3,-6.125,9.5,Apple,14-inch,16GB,HP,16-inch,16GB
3,-15.125,9.5,Apple,14-inch,16GB,Dell,13-inch,4GB
3,-7.375,9.5,Apple,14-inch,16GB,Dell,13-inch,8GB
3,-7.5,9.5,Apple,14-inch,16GB,Dell,13-inch,16GB
3,-11.5,9.5,Apple,14-inch,16GB,Dell,14-inch,4GB
3,-7.125,9.5,Apple,14-inch,16GB,Dell,14-inch,8GB
3,-6.75,9.5,Apple,14-inch,16GB,Dell,14-inch,16GB
3,-10.875,9.5,Apple,14-inch,16GB,Dell,16-inch,4GB
3,-6.125,9.5,Apple,14-inch,16GB,Dell,16-inch,8GB
3,-5.75,9.5,Apple,14-inch,16GB,Dell,16-inch,16GB
3,-16.625,9.5,Apple,14-inch,16GB,Apple,13-inch,4GB
3,-7.5,9.5,Apple,14-inch,16GB,Apple,13-inch,8GB
3,-0.015380859375,5.34375,Apple,14-inch,16GB,Apple,13-inch,16GB
3,-6.875,9.5,Apple,14-inch,16GB,Apple,14-inch,4GB
3,-10.5,9.5,Apple,14-inch,16GB,Apple,14-inch,8GB
3,-6.625,9.5,Apple,14-inch,16GB,Apple,16-inch,4GB
3,-6.5,9.5,Apple,14-inch,16GB,Apple,16-inch,8GB
3,-0.0225830078125,5.75,Apple,14-inch,16GB,Apple,16-inch,16GB
3,-10.375,9.5,Apple,16-inch,4GB,ASUS,13-inch,4GB
3,-14.5,9.5,Apple,16-inch,4GB,ASUS,13-inch,8GB
3,-14.0,9.5,Apple,16-inch,4GB,ASUS,13-inch,16GB
3,-10.875,9.5,Apple,16-inch,4GB,ASUS,14-inch,4GB
3,-14.875,9.5,Apple,16-inch,4GB,ASUS,14-inch,8GB
3,-13.875,9.5,Apple,16-inch,4GB,ASUS,14-inch,16GB
3,-10.5,9.5,Apple,16-inch,4GB,ASUS,16-inch,4GB
3,-16.75,9.5,Apple,16-inch,4GB,ASUS,16-inch,8GB
3,-13.0,9.5,Apple,16-inch,4GB,ASUS,16-inch,16GB
3,-10.125,9.5,Apple,16-inch,4GB,Lenovo,13-inch,4GB
3,-14.125,9.5,Apple,16-inch,4GB,Lenovo,13-inch,8GB
3,-13.75,9.5,Apple,16-inch,4GB,Lenovo,13-inch,16GB
3,-10.75,9.5,Apple,16-inch,4GB,Lenovo,14-inch,4GB
3,-14.25,9.5,Apple,16-inch,4GB,Lenovo,14-inch,8GB
3,-13.5,9.5,Apple,16-inch,4GB,Lenovo,14-inch,16GB
3,-10.375,9.5,Apple,16-inch,4GB,Lenovo,16-inch,4GB
3,-16.125,9.5,Apple,16-inch,4GB,Lenovo,16-inch,8GB
3,-13.0,9.5,Apple,16-inch,4GB,Lenovo,16-inch,16GB
3,-9.625,9.5,Apple,16-inch,4GB,HP,13-inch,4GB
3,-13.5,9.5,Apple,16-inch,4GB,HP,13-inch,8GB
3,-13.5,9.5,Apple,16-inch,4GB,HP,13-inch,16GB
3,-10.125,9.5,Apple,16-inch,4GB,HP,14-inch,4GB
3,-14.0,9.5,Apple,16-inch,4GB,HP,14-inch,8GB
3,-13.5,9.5,Apple,16-inch,4GB,HP,14-inch,16GB
3,-10.25,9.5,Apple,16-inch,4GB,HP,16-inch,4GB
3,-16.125,9.5,Apple,16-inch,4GB,HP,16-inch,8GB
3,-13.0,9.5,Apple,16-inch,4GB,HP,16-inch,16GB
3,-9.875,9.5,Apple,16-inch,4GB,Dell,13-inch,4GB
3,-13.875,9.5,Apple,16-inch,4GB,Dell,13-inch,8GB
3,-13.25,9.5,Apple,16-inch,4GB,Dell,13-inch,16GB
3,-10.375,9.5,Apple,16-inch,4GB,Dell,14-inch,4GB
3,-13.75,9.5,Apple,16-inch,4GB,Dell,14-inch,8GB
3,-13.25,9.5,Apple,16-inch,4GB,Dell,14-inch,16GB
3,-10.75,9.5,Apple,16-inch,4GB,Dell,16-inch,4GB
3,-15.75,9.5,Apple,16-inch,4GB,Dell,16-inch,8GB
3,-12.5,9.5,Apple,16-inch,4GB,Dell,16-inch,16GB
3,-5.875,9.5,Apple,16-inch,4GB,Apple,13-inch,4GB
3,-14.625,9.5,Apple,16-inch,4GB,Apple,13-inch,8GB
3,-13.0,9.5,Apple,16-inch,4GB,Apple,13-inch,16GB
3,-5.75,9.5,Apple,16-inch,4GB,Apple,14-inch,4GB
3,-16.375,9.5,Apple,16-inch,4GB,Apple,14-inch,8GB
3,-14.75,9.5,Apple,16-inch,4GB,Apple,14-inch,16GB
3,-13.125,9.5,Apple,16-inch,4GB,Apple,16-inch,8GB
3,-11.75,9.5,Apple,16-inch,4GB,Apple,16-inch,16GB
3,-9.125,9.5,Apple,16-inch,8GB,ASUS,13-inch,4GB
3,-8.25,9.5,Apple,16-inch,8GB,ASUS,13-inch,8GB
3,-0.1591796875,7.59375,Apple,16-inch,8GB,ASUS,13-inch,16GB
3,-9.25,9.5,Apple,16-inch,8GB,ASUS,14-inch,4GB
3,-8.25,9.5,Apple,16-inch,8GB,ASUS,14-inch,8GB
3,-5.125,9.5,Apple,16-inch,8GB,ASUS,14-inch,16GB
3,-0.00089263916015625,3.0,Apple,16-inch,8GB,ASUS,16-inch,4GB
3,-7.625,9.5,Apple,16-inch,8GB,ASUS,16-inch,8GB
3,-0.0135498046875,5.25,Apple,16-inch,8GB,ASUS,16-inch,16GB
3,-9.25,9.5,Apple,16-inch,8GB,Lenovo,13-inch,4GB
3,-8.0,9.5,Apple,16-inch,8GB,Lenovo,13-inch,8GB
3,-0.251953125,8.0,Apple,16-inch,8GB,Lenovo,13-inch,16GB
3,-9.625,9.5,Apple,16-inch,8GB,Lenovo,14-inch,4GB
3,-8.0,9.5,Apple,16-inch,8GB,Lenovo,14-inch,8GB
3,-5.25,9.5,Apple,16-inch,8GB,Lenovo,14-inch,16GB
3,-0.00055694580078125,2.75,Apple,16-inch,8GB,Lenovo,16-inch,4GB
3,-7.25,9.5,Apple,16-inch,8GB,Lenovo,16-inch,8GB
3,-0.0135498046875,5.25,Apple,16-inch,8GB,Lenovo,16-inch,16GB
3,-8.25,9.5,Apple,16-inch,8GB,HP,13-inch,4GB
3,-7.375,9.5,Apple,16-inch,8GB,HP,13-inch,8GB
3,-0.006103515625,4.5,Apple,16-inch,8GB,HP,13-inch,16GB
3,-8.25,9.5,Apple,16-inch,8GB,HP,14-inch,4GB
3,-7.25,9.5,Apple,16-inch,8GB,HP,14-inch,8GB
3,-1.140625,9.125,Apple,16-inch,8GB,HP,14-inch,16GB
3,-0.000194549560546875,2.375,Apple,16-inch,8GB,HP,16-inch,4GB
3,-7.125,9.5,Apple,16-inch,8GB,HP,16-inch,8GB
3,-0.0615234375,6.6875,Apple,16-inch,8GB,HP,16-inch,16GB
3,-8.625,9.5,Apple,16-inch,8GB,Dell,13-inch,4GB
3,-7.875,9.5,Apple,16-inch,8GB,Dell,13-inch,8GB
3,-0.006988525390625,4.625,Apple,16-inch,8GB,Dell,13-inch,16GB
3,-8.75,9.5,Apple,16-inch,8GB,Dell,14-inch,4GB
3,-7.875,9.5,Apple,16-inch,8GB,Dell,14-inch,8GB
3,-0.3125,8.1875,Apple,16-inch,8GB,Dell,14-inch,16GB
3,0.0001220703125,1.875,Apple,16-inch,8GB,Dell,16-inch,4GB
3,-7.75,9.5,Apple,16-inch,8GB,Dell,16-inch,8GB
3,-0.00799560546875,4.75,Apple,16-inch,8GB,Dell,16-inch,16GB
3,-9.375,9.5,Apple,16-inch,8GB,Apple,13-inch,4GB
3,-6.5,9.5,Apple,16-inch,8GB,Apple,13-inch,8GB
3,-3.046875,9.4375,Apple,16-inch,8GB,Apple,13-inch,16GB
3,-9.5,9.5,Apple,16-inch,8GB,Apple,14-inch,4GB
3,-7.125,9.5,Apple,16-inch,8GB,Apple,14-inch,8GB
3,-6.375,9.5,Apple,16-inch,8GB,Apple,14-inch,16GB
3,5.7220458984375e-05,2.0,Apple,16-inch,8GB,Apple,16-inch,4GB
3,-4.5,9.5,Apple,16-inch,8GB,Apple,16-inch,16GB
3,-14.875,9.5,Apple,16-inch,16GB,ASUS,13-inch,4GB
3,-7.75,9.5,Apple,16-inch,16GB,ASUS,13-inch,8GB
3,-7.25,9.5,Apple,16-inch,16GB,ASUS,13-inch,16GB
3,-14.25,9.5,Apple,16-inch,16GB,ASUS,14-inch,4GB
3,-7.875,9.5,Apple,16-inch,16GB,ASUS,14-inch,8GB
3,-7.0,9.5,Apple,16-inch,16GB,ASUS,14-inch,16GB
3,-9.125,9.5,Apple,16-inch,16GB,ASUS,16-inch,4GB
3,-8.25,9.5,Apple,16-inch,16GB,ASUS,16-inch,8GB
3,-6.75,9.5,Apple,16-inch,16GB,ASUS,16-inch,16GB
3,-14.125,9.5,Apple,16-inch,16GB,Lenovo,13-inch,4GB
3,-7.5,9.5,Apple,16-inch,16GB,Lenovo,13-inch,8GB
3,-7.125,9.5,Apple,16-inch,16GB,Lenovo,13-inch,16GB
3,-13.5,9.5,Apple,16-inch,16GB,Lenovo,14-inch,4GB
3,-7.375,9.5,Apple,16-inch,16GB,Lenovo,14-inch,8GB
3,-7.0,9.5,Apple,16-inch,16GB,Lenovo,14-inch,16GB
3,-8.125,9.5,Apple,16-inch,16GB,Lenovo,16-inch,4GB
3,-7.875,9.5,Apple,16-inch,16GB,Lenovo,16-inch,8GB
3,-6.75,9.5,Apple,16-inch,16GB,Lenovo,16-inch,16GB
3,-13.25,9.5,Apple,16-inch,16GB,HP,13-inch,4GB
3,-7.375,9.5,Apple,16-inch,16GB,HP,13-inch,8GB
3,-6.5,9.5,Apple,16-inch,16GB,HP,13-inch,16GB
3,-12.875,9.5,Apple,16-inch,16GB,HP,14-inch,4GB
3,-7.125,9.5,Apple,16-inch,16GB,HP,14-inch,8GB
3,-6.375,9.5,Apple,16-inch,16GB,HP,14-inch,16GB
3,-8.0,9.5,Apple,16-inch,16GB,HP,16-inch,4GB
3,-7.75,9.5,Apple,16-inch,16GB,HP,16-inch,8GB
3,-6.375,9.5,Apple,16-inch,16GB,HP,16-inch,16GB
3,-14.125,9.5,Apple,16-inch,16GB,Dell,13-inch,4GB
3,-7.375,9.5,Apple,16-inch,16GB,Dell,13-inch,8GB
3,-6.625,9.5,Apple,16-inch,16GB,Dell,13-inch,16GB
3,-13.5,9.5,Apple,16-inch,16GB,Dell,14-inch,4GB
3,-7.625,9.5,Apple,16-inch,16GB,Dell,14-inch,8GB
3,-6.5,9.5,Apple,16-inch,16GB,Dell,14-inch,16GB
3,-8.375,9.5,Apple,16-inch,16GB,Dell,16-inch,4GB
3,-8.0,9.5,Apple,16-inch,16GB,Dell,16-inch,8GB
3,-6.375,9.5,Apple,16-inch,16GB,Dell,16-inch,16GB
3,-16.75,9.5,Apple,16-inch,16GB,Apple,13-inch,4GB
3,-6.625,9.5,Apple,16-inch,16GB,Apple,13-inch,8GB
3,-4.875,9.5,Apple,16-inch,16GB,Apple,13-inch,16GB
3,-15.375,9.5,Apple,16-inch,16GB,Apple,14-inch,4GB
3,-7.25,9.5,Apple,16-inch,16GB,Apple,14-inch,8GB
3,-4.75,9.5,Apple,16-inch,16GB,Apple,14-inch,16GB
3,-0.01043701171875,5.0,Apple,16-inch,16GB,Apple,16-inch,4GB
3,-9.75,9.5,Apple,16-inch,16GB,Apple,16-inch,8GB
4,-16.5,9.5,ASUS,13-inch,4GB,ASUS,13-inch,8GB
4,-16.25,9.5,ASUS,13-inch,4GB,ASUS,13-inch,16GB
4,-0.69140625,8.8125,ASUS,13-inch,4GB,ASUS,14-inch,4GB
4,-12.75,9.5,ASUS,13-inch,4GB,ASUS,14-inch,8GB
4,-12.0,9.5,ASUS,13-inch,4GB,ASUS,14-inch,16GB
4,-1.52587890625e-05,2.125,ASUS,13-inch,4GB,ASUS,16-inch,4GB
4,-11.375,9.5,ASUS,13-inch,4GB,ASUS,16-inch,8GB
4,-8.25,9.5,ASUS,13-inch,4GB,ASUS,16-inch,16GB
4,-0.001861572265625,3.5,ASUS,13-inch,4GB,Lenovo,13-inch,4GB
4,-11.625,9.5,ASUS,13-inch,4GB,Lenovo,13-inch,8GB
4,-11.375,9.5,ASUS,13-inch,4GB,Lenovo,13-inch,16GB
4,-9.918212890625e-05,2.25,ASUS,13-inch,4GB,Lenovo,14-inch,4GB
4,-11.5,9.5,ASUS,13-inch,4GB,Lenovo,14-inch,8GB
4,-11.25,9.5,ASUS,13-inch,4GB,Lenovo,14-inch,16GB
4,0.000274658203125,1.5,ASUS,13-inch,4GB,Lenovo,16-inch,4GB
4,-11.375,9.5,ASUS,13-inch,4GB,Lenovo,16-inch,8GB
4,-9.125,9.5,ASUS,13-inch,4GB,Lenovo,16-inch,16GB
4,0.0001220703125,1.875,ASUS,13-inch,4GB,HP,13-inch,4GB
4,-11.875,9.5,ASUS,13-inch,4GB,HP,13-inch,8GB
4,-11.5,9.5,ASUS,13-inch,4GB,HP,13-inch,16GB
4,5.7220458984375e-05,2.0,ASUS,13-inch,4GB,HP,14-inch,4GB
4,-11.5,9.5,ASUS,13-inch,4GB,HP,14-inch,8GB
4,-10.875,9.5,ASUS,13-inch,4GB,HP,14-inch,16GB
4,0.0002307891845703125,1.625,ASUS,13-inch,4GB,HP,16-inch,4GB
4,-11.125,9.5,ASUS,13-inch,4GB,HP,16-inch,8GB
4,-8.375,9.5,ASUS,13-inch,4GB,HP,16-inch,16GB
4,-0.000301361083984375,2.5,ASUS,13-inch,4GB,Dell,13-inch,4GB
4,-11.5,9.5,ASUS,13-inch,4GB,Dell,13-inch,8GB
4,-10.75,9.5,ASUS,13-inch,4GB,Dell,13-inch,16GB
4,0.0001220703125,1.875,ASUS,13-inch,4GB,Dell,14-inch,4GB
4,-11.125,9.5,ASUS,13-inch,4GB,Dell,14-inch,8GB
4,-10.125,9.5,ASUS,13-inch,4GB,Dell,14-inch,16GB
4,0.0003795623779296875,1.125,ASUS,13-inch,4GB,Dell,16-inch,4GB
4,-11.0,9.5,ASUS,13-inch,4GB,Dell,16-inch,8GB
4,-8.25,9.5,ASUS,13-inch,4GB,Dell,16-inch,16GB
4,0.000469207763671875,0.625,ASUS,13-inch,4GB,Apple,13-inch,4GB
4,-10.75,9.5,ASUS,13-inch,4GB,Apple,13-inch,8GB
4,-9.0,9.5,ASUS,13-inch,4GB,Apple,13-inch,16GB
4,0.000431060791015625,0.875,ASUS,13-inch,4GB,Apple,14-inch,4GB
4,-10.625,9.5,ASUS,13-inch,4GB,Apple,14-inch,8GB
4,-8.75,9.5,ASUS,13-inch,4GB,Apple,14-inch,16GB
4,0.0005950927734375,-1.625,ASUS,13-inch,4GB,Apple,16-inch,4GB
4,-10.625,9.5,ASUS,13-inch,4GB,Apple,16-inch,8GB
4,-7.0,9.5,ASUS,13-inch,4GB,Apple,16-inch,16GB
4,0.000408172607421875,1.0,ASUS,13-inch,8GB,ASUS,13-inch,4GB
4,-5.75,9.5,ASUS,13-inch,8GB,ASUS,13-inch,16GB
4,-5.375,9.5,ASUS,13-inch,8GB,ASUS,14-inch,4GB
4,-0.00799560546875,4.75,ASUS,13-inch,8GB,ASUS,14-inch,8GB
4,-0.00531005859375,4.375,ASUS,13-inch,8GB,ASUS,14-inch,16GB
4,-0.0091552734375,4.875,ASUS,13-inch,8GB,ASUS,16-inch,4GB
4,-0.1259765625,7.375,ASUS,13-inch,8GB,ASUS,16-inch,8GB
4,-0.006988525390625,4.625,ASUS,13-inch,8GB,ASUS,16-inch,16GB
4,-0.00799560546875,4.75,ASUS,13-inch,8GB,Lenovo,13-inch,4GB
4,-1.9140625,9.3125,ASUS,13-inch,8GB,Lenovo,13-inch,8GB
4,-0.006988525390625,4.625,ASUS,13-inch,8GB,Lenovo,13-inch,16GB
4,-11.125,9.5,ASUS,13-inch,8GB,Lenovo,14-inch,4GB
4,-0.82421875,8.9375,ASUS,13-inch,8GB,Lenovo,14-inch,8GB
4,-0.0015716552734375,3.375,ASUS,13-inch,8GB,Lenovo,14-inch,16GB
4,-8.25,9.5,ASUS,13-inch,8GB,Lenovo,16-inch,4GB
4,-0.01190185546875,5.125,ASUS,13-inch,8GB,Lenovo,16-inch,8GB
4,-0.00109100341796875,3.125,ASUS,13-inch,8GB,Lenovo,16-inch,16GB
4,-0.0025634765625,3.75,ASUS,13-inch,8GB,HP,13-inch,4GB
4,-0.69140625,8.8125,ASUS,13-inch,8GB,HP,13-inch,8GB
4,-0.006103515625,4.5,ASUS,13-inch,8GB,HP,13-inch,16GB
4,-9.625,9.5,ASUS,13-inch,8GB,HP,14-inch,4GB
4,-0.1259765625,7.375,ASUS,13-inch,8GB,HP,14-inch,8GB
4,-0.001861572265625,3.5,ASUS,13-inch,8GB,HP,14-inch,16GB
4,-7.125,9.5,ASUS,13-inch,8GB,HP,16-inch,4GB
4,-0.006988525390625,4.625,ASUS,13-inch,8GB,HP,16-inch,8GB
4,-0.001861572265625,3.5,ASUS,13-inch,8GB,HP,16-inch,16GB
4,-0.006103515625,4.5,ASUS,13-inch,8GB,Dell,13-inch,4GB
4,-3.28125,9.4375,ASUS,13-inch,8GB,Dell,13-inch,8GB
4,-0.002197265625,3.625,ASUS,13-inch,8GB,Dell,13-inch,16GB
4,-9.875,9.5,ASUS,13-inch,8GB,Dell,14-inch,4GB
4,-0.1591796875,7.59375,ASUS,13-inch,8GB,Dell,14-inch,8GB
4,-0.0007171630859375,2.875,ASUS,13-inch,8GB,Dell,14-inch,16GB
4,-7.25,9.5,ASUS,13-inch,8GB,Dell,16-inch,4GB
4,-0.00531005859375,4.375,ASUS,13-inch,8GB,Dell,16-inch,8GB
4,-0.0005645751953125,2.75,ASUS,13-inch,8GB,Dell,16-inch,16GB
4,-7.25,9.5,ASUS,13-inch,8GB,Apple,13-inch,4GB
4,-5.75,9.5,ASUS,13-inch,8GB,Apple,13-inch,8GB
4,-0.00531005859375,4.375,ASUS,13-inch,8GB,Apple,13-inch,16GB
4,-10.0,9.5,ASUS,13-inch,8GB,Apple,14-inch,4GB
4,-6.25,9.5,ASUS,13-inch,8GB,Apple,14-inch,8GB
4,-0.002197265625,3.625,ASUS,13-inch,8GB,Apple,14-inch,16GB
4,-6.5,9.5,ASUS,13-inch,8GB,Apple,16-inch,4GB
4,-0.0225830078125,5.75,ASUS,13-inch,8GB,Apple,16-inch,8GB
4,-0.0007171630859375,2.875,ASUS,13-inch,8GB,Apple,16-inch,16GB
4,-0.000194549560546875,2.375,ASUS,13-inch,16GB,ASUS,13-inch,4GB
4,-10.75,9.5,ASUS,13-inch,16GB,ASUS,13-inch,8GB
4,-15.375,9.5,ASUS,13-inch,16GB,ASUS,14-inch,4GB
4,-7.5,9.5,ASUS,13-inch,16GB,ASUS,14-inch,8GB
4,-0.0693359375,6.8125,ASUS,13-inch,16GB,ASUS,14-inch,16GB
4,-7.625,9.5,ASUS,13-inch,16GB,ASUS,16-inch,4GB
4,-6.25,9.5,ASUS,13-inch,16GB,ASUS,16-inch,8GB
4,-0.006988525390625,4.625,ASUS,13-inch,16GB,ASUS,16-inch,16GB
4,-11.625,9.5,ASUS,13-inch,16GB,Lenovo,13-inch,4GB
4,-7.25,9.5,ASUS,13-inch,16GB,Lenovo,13-inch,8GB
4,-0.34765625,8.25,ASUS,13-inch,16GB,Lenovo,13-inch,16GB
4,-18.75,9.5,ASUS,13-inch,16GB,Lenovo,14-inch,4GB
4,-5.625,9.5,ASUS,13-inch,16GB,Lenovo,14-inch,8GB
4,-2.9375,9.4375,ASUS,13-inch,16GB,Lenovo,14-inch,16GB
4,-14.125,9.5,ASUS,13-inch,16GB,Lenovo,16-inch,4GB
4,-5.875,9.5,ASUS,13-inch,16GB,Lenovo,16-inch,8GB
4,-0.003997802734375,4.125,ASUS,13-inch,16GB,Lenovo,16-inch,16GB
4,-9.5,9.5,ASUS,13-inch,16GB,HP,13-inch,4GB
4,-7.5,9.5,ASUS,13-inch,16GB,HP,13-inch,8GB
4,-0.07861328125,6.9375,ASUS,13-inch,16GB,HP,13-inch,16GB
4,-18.25,9.5,ASUS,13-inch,16GB,HP,14-inch,4GB
4,-6.125,9.5,ASUS,13-inch,16GB,HP,14-inch,8GB
4,-0.69140625,8.8125,ASUS,13-inch,16GB,HP,14-inch,16GB
4,-12.25,9.5,ASUS,13-inch,16GB,HP,16-inch,4GB
4,-5.75,9.5,ASUS,13-inch,16GB,HP,16-inch,8GB
4,-0.001861572265625,3.5,ASUS,13-inch,16GB,HP,16-inch,16GB
4,-10.0,9.5,ASUS,13-inch,16GB,Dell,13-inch,4GB
4,-7.125,9.5,ASUS,13-inch,16GB,Dell,13-inch,8GB
4,-0.6328125,8.75,ASUS,13-inch,16GB,Dell,13-inch,16GB
4,-18.0,9.5,ASUS,13-inch,16GB,Dell,14-inch,4GB
4,-5.375,9.5,ASUS,13-inch,16GB,Dell,14-inch,8GB
4,-1.8046875,9.3125,ASUS,13-inch,16GB,Dell,14-inch,16GB
4,-13.25,9.5,ASUS,13-inch,16GB,Dell,16-inch,4GB
4,-0.2001953125,7.8125,ASUS,13-inch,16GB,Dell,16-inch,8GB
4,-0.00347900390625,4.0,ASUS,13-inch,16GB,Dell,16-inch,16GB
4,-15.375,9.5,ASUS,13-inch,16GB,Apple,13-inch,4GB
4,-5.5,9.5,ASUS,13-inch,16GB,Apple,13-inch,8GB
4,-4.03125,9.5,ASUS,13-inch,16GB,Apple,13-inch,16GB
4,-16.875,9.5,ASUS,13-inch,16GB,Apple,14-inch,4GB
4,-5.875,9.5,ASUS,13-inch,16GB,Apple,14-inch,8GB
4,-6.5,9.5,ASUS,13-inch,16GB,Apple,14-inch,16GB
4,-11.375,9.5,ASUS,13-inch,16GB,Apple,16-inch,4GB
4,-0.07861328125,6.9375,ASUS,13-inch,16GB,Apple,16-inch,8GB
4,-2.9375,9.4375,ASUS,13-inch,16GB,Apple,16-inch,16GB
4,0.000553131103515625,-0.25,ASUS,14-inch,4GB,ASUS,13-inch,4GB
4,-15.5,9.5,ASUS,14-inch,4GB,ASUS,13-inch,8GB
4,-16.0,9.5,ASUS,14-inch,4GB,ASUS,13-inch,16GB
4,-18.125,9.5,ASUS,14-inch,4GB,ASUS,14-inch,8GB
4,-17.5,9.5,ASUS,14-inch,4GB,ASUS,14-inch,16GB
4,-0.000194549560546875,2.375,ASUS,14-inch,4GB,ASUS,16-inch,4GB
4,-12.5,9.5,ASUS,14-inch,4GB,ASUS,16-inch,8GB
4,-8.625,9.5,ASUS,14-inch,4GB,ASUS,16-inch,16GB
4,0.000274658203125,1.5,ASUS,14-inch,4GB,Lenovo,13-inch,4GB
4,-12.25,9.5,ASUS,14-inch,4GB,Lenovo,13-inch,8GB
4,-12.0,9.5,ASUS,14-inch,4GB,Lenovo,13-inch,16GB
4,-0.00089263916015625,3.0,ASUS,14-inch,4GB,Lenovo,14-inch,4GB
4,-13.0,9.5,ASUS,14-inch,4GB,Lenovo,14-inch,8GB
4,-13.0,9.5,ASUS,14-inch,4GB,Lenovo,14-inch,16GB
4,5.7220458984375e-05,2.0,ASUS,14-inch,4GB,Lenovo,16-inch,4GB
4,-11.5,9.5,ASUS,14-inch,4GB,Lenovo,16-inch,8GB
4,-9.25,9.5,ASUS,14-inch,4GB,Lenovo,16-inch,16GB
4,0.0004520416259765625,0.75,ASUS,14-inch,4GB,HP,13-inch,4GB
4,-12.375,9.5,ASUS,14-inch,4GB,HP,13-inch,8GB
4,-11.625,9.5,ASUS,14-inch,4GB,HP,13-inch,16GB
4,0.0001220703125,1.875,ASUS,14-inch,4GB,HP,14-inch,4GB
4,-13.0,9.5,ASUS,14-inch,4GB,HP,14-inch,8GB
4,-12.75,9.5,ASUS,14-inch,4GB,HP,14-inch,16GB
4,0.0001220703125,1.875,ASUS,14-inch,4GB,HP,16-inch,4GB
4,-11.5,9.5,ASUS,14-inch,4GB,HP,16-inch,8GB
4,-8.625,9.5,ASUS,14-inch,4GB,HP,16-inch,16GB
4,0.0003490447998046875,1.25,ASUS,14-inch,4GB,Dell,13-inch,4GB
4,-12.0,9.5,ASUS,14-inch,4GB,Dell,13-inch,8GB
4,-11.25,9.5,ASUS,14-inch,4GB,Dell,13-inch,16GB
4,-0.000301361083984375,2.5,ASUS,14-inch,4GB,Dell,14-inch,4GB
4,-12.375,9.5,ASUS,14-inch,4GB,Dell,14-inch,8GB
4,-11.375,9.5,ASUS,14-inch,4GB,Dell,14-inch,16GB
4,0.000179290771484375,1.75,ASUS,14-inch,4GB,Dell,16-inch,4GB
4,-11.0,9.5,ASUS,14-inch,4GB,Dell,16-inch,8GB
4,-8.75,9.5,ASUS,14-inch,4GB,Dell,16-inch,16GB
4,0.00048828125,0.5,ASUS,14-inch,4GB,Apple,13-inch,4GB
4,-10.125,9.5,ASUS,14-inch,4GB,Apple,13-inch,8GB
4,-8.875,9.5,ASUS,14-inch,4GB,Apple,13-inch,16GB
4,0.00055694580078125,-0.375,ASUS,14-inch,4GB,Apple,14-inch,4GB
4,-11.125,9.5,ASUS,14-inch,4GB,Apple,14-inch,8GB
4,-9.0,9.5,ASUS,14-inch,4GB,Apple,14-inch,16GB
4,0.00058746337890625,-1.125,ASUS,14-inch,4GB,Apple,16-inch,4GB
4,-10.375,9.5,ASUS,14-inch,4GB,Apple,16-inch,8GB
4,-7.5,9.5,ASUS,14-inch,4GB,Apple,16-inch,16GB
4,-0.0015716552734375,3.375,ASUS,14-inch,8GB,ASUS,13-inch,4GB
4,-1.703125,9.3125,ASUS,14-inch,8GB,ASUS,13-inch,8GB
4,-6.5,9.5,ASUS,14-inch,8GB,ASUS,13-inch,16GB
4,0.000431060791015625,0.875,ASUS,14-inch,8GB,ASUS,14-inch,4GB
4,-6.125,9.5,ASUS,14-inch,8GB,ASUS,14-inch,16GB
4,-0.000301361083984375,2.5,ASUS,14-inch,8GB,ASUS,16-inch,4GB
4,-0.015380859375,5.34375,ASUS,14-inch,8GB,ASUS,16-inch,8GB
4,-0.006988525390625,4.625,ASUS,14-inch,8GB,ASUS,16-inch,16GB
4,-7.375,9.5,ASUS,14-inch,8GB,Lenovo,13-inch,4GB
4,-4.5,9.5,ASUS,14-inch,8GB,Lenovo,13-inch,8GB
4,-2.125,9.375,ASUS,14-inch,8GB,Lenovo,13-inch,16GB
4,-1.52587890625e-05,2.125,ASUS,14-inch,8GB,Lenovo,14-inch,4GB
4,-3.046875,9.4375,ASUS,14-inch,8GB,Lenovo,14-inch,8GB
4,-0.0291748046875,5.96875,ASUS,14-inch,8GB,Lenovo,14-inch,16GB
4,-5.625,9.5,ASUS,14-inch,8GB,Lenovo,16-inch,4GB
4,-0.004638671875,4.25,ASUS,14-inch,8GB,Lenovo,16-inch,8GB
4,-0.00109100341796875,3.125,ASUS,14-inch,8GB,Lenovo,16-inch,16GB
4,-5.25,9.5,ASUS,14-inch,8GB,HP,13-inch,4GB
4,-3.28125,9.4375,ASUS,14-inch,8GB,HP,13-inch,8GB
4,-0.0615234375,6.6875,ASUS,14-inch,8GB,HP,13-inch,16GB
4,-0.000194549560546875,2.375,ASUS,14-inch,8GB,HP,14-inch,4GB
4,-1.703125,9.3125,ASUS,14-inch,8GB,HP,14-inch,8GB
4,-0.0291748046875,5.96875,ASUS,14-inch,8GB,HP,14-inch,16GB
4,-3.046875,9.4375,ASUS,14-inch,8GB,HP,16-inch,4GB
4,-0.00347900390625,4.0,ASUS,14-inch,8GB,HP,16-inch,8GB
4,-0.002197265625,3.625,ASUS,14-inch,8GB,HP,16-inch,16GB
4,-8.25,9.5,ASUS,14-inch,8GB,Dell,13-inch,4GB
4,-2.8125,9.4375,ASUS,14-inch,8GB,Dell,13-inch,8GB
4,-0.003997802734375,4.125,ASUS,14-inch,8GB,Dell,13-inch,16GB
4,0.0001220703125,1.875,ASUS,14-inch,8GB,Dell,14-inch,4GB
4,-4.03125,9.5,ASUS,14-inch,8GB,Dell,14-inch,8GB
4,-0.00531005859375,4.375,ASUS,14-inch,8GB,Dell,14-inch,16GB
4,-0.57421875,8.6875,ASUS,14-inch,8GB,Dell,16-inch,4GB
4,-0.00347900390625,4.0,ASUS,14-inch,8GB,Dell,16-inch,8GB
4,-0.00055694580078125,2.75,ASUS,14-inch,8GB,Dell,16-inch,16GB
4,-10.25,9.5,ASUS,14-inch,8GB,Apple,13-inch,4GB
4,-5.375,9.5,ASUS,14-inch,8GB,Apple,13-inch,8GB
4,-0.00109100341796875,3.125,ASUS,14-inch,8GB,Apple,13-inch,16GB
4,-5.5,9.5,ASUS,14-inch,8GB,Apple,14-inch,4GB
4,-5.5,9.5,ASUS,14-inch,8GB,Apple,14-inch,8GB
4,-0.004638671875,4.25,ASUS,14-inch,8GB,Apple,14-inch,16GB
4,-4.625,9.5,ASUS,14-inch,8GB,Apple,16-inch,4GB
4,-0.01043701171875,5.0,ASUS,14-inch,8GB,Apple,16-inch,8GB
4,-0.00041961669921875,2.625,ASUS,14-inch,8GB,Apple,16-inch,16GB
4,-12.75,9.5,ASUS,14-inch,16GB,ASUS,13-inch,4GB
4,-5.25,9.5,ASUS,14-inch,16GB,ASUS,13-inch,8GB
4,-0.0615234375,6.6875,ASUS,14-inch,16GB,ASUS,13-inch,16GB
4,0.000469207763671875,0.625,ASUS,14-inch,16GB,ASUS,14-inch,4GB
4,-9.625,9.5,ASUS,14-inch,16GB,ASUS,14-inch,8GB
4,-0.017578125,5.46875,ASUS,14-inch,16GB,ASUS,16-inch,4GB
4,-5.625,9.5,ASUS,14-inch,16GB,ASUS,16-inch,8GB
4,-0.0015716552734375,3.375,ASUS,14-inch,16GB,ASUS,16-inch,16GB
4,-16.875,9.5,ASUS,14-inch,16GB,Lenovo,13-inch,4GB
4,-0.017578125,5.46875,ASUS,14-inch,16GB,Lenovo,13-inch,8GB
4,-3.890625,9.5,ASUS,14-inch,16GB,Lenovo,13-inch,16GB
4,-0.00347900390625,4.0,ASUS,14-inch,16GB,Lenovo,14-inch,4GB
4,-6.25,9.5,ASUS,14-inch,16GB,Lenovo,14-inch,8GB
4,-2.125,9.375,ASUS,14-inch,16GB,Lenovo,14-inch,16GB
4,-11.875,9.5,ASUS,14-inch,16GB,Lenovo,16-inch,4GB
4,-0.82421875,8.9375,ASUS,14-inch,16GB,Lenovo,16-inch,8GB
4,-0.0015716552734375,3.375,ASUS,14-inch,16GB,Lenovo,16-inch,16GB
4,-15.875,9.5,ASUS,14-inch,16GB,HP,13-inch,4GB
4,-1.9140625,9.3125,ASUS,14-inch,16GB,HP,13-inch,8GB
4,-0.3125,8.1875,ASUS,14-inch,16GB,HP,13-inch,16GB
4,-0.00347900390625,4.0,ASUS,14-inch,16GB,HP,14-inch,4GB
4,-6.5,9.5,ASUS,14-inch,16GB,HP,14-inch,8GB
4,-0.69140625,8.8125,ASUS,14-inch,16GB,HP,14-inch,16GB
4,-10.125,9.5,ASUS,14-inch,16GB,HP,16-inch,4GB
4,-1.3125,9.1875,ASUS,14-inch,16GB,HP,16-inch,8GB
4,-0.00089263916015625,3.0,ASUS,14-inch,16GB,HP,16-inch,16GB
4,-16.75,9.5,ASUS,14-inch,16GB,Dell,13-inch,4GB
4,-0.006103515625,4.5,ASUS,14-inch,16GB,Dell,13-inch,8GB
4,-3.28125,9.4375,ASUS,14-inch,16GB,Dell,13-inch,16GB
4,-0.0135498046875,5.25,ASUS,14-inch,16GB,Dell,14-inch,4GB
4,-6.0,9.5,ASUS,14-inch,16GB,Dell,14-inch,8GB
4,-1.8046875,9.3125,ASUS,14-inch,16GB,Dell,14-inch,16GB
4,-10.5,9.5,ASUS,14-inch,16GB,Dell,16-inch,4GB
4,-0.004638671875,4.25,ASUS,14-inch,16GB,Dell,16-inch,8GB
4,-0.0015716552734375,3.375,ASUS,14-inch,16GB,Dell,16-inch,16GB
4,-16.125,9.5,ASUS,14-inch,16GB,Apple,13-inch,4GB
4,-0.01043701171875,5.0,ASUS,14-inch,16GB,Apple,13-inch,8GB
4,-3.765625,9.5,ASUS,14-inch,16GB,Apple,13-inch,16GB
4,-14.125,9.5,ASUS,14-inch,16GB,Apple,14-inch,4GB
4,-0.1259765625,7.375,ASUS,14-inch,16GB,Apple,14-inch,8GB
4,-5.625,9.5,ASUS,14-inch,16GB,Apple,14-inch,16GB
4,-10.875,9.5,ASUS,14-inch,16GB,Apple,16-inch,4GB
4,-0.00347900390625,4.0,ASUS,14-inch,16GB,Apple,16-inch,8GB
4,-3.40625,9.4375,ASUS,14-inch,16GB,Apple,16-inch,16GB
4,-5.125,9.5,ASUS,16-inch,4GB,ASUS,13-inch,4GB
4,-15.75,9.5,ASUS,16-inch,4GB,ASUS,13-inch,8GB
4,-14.375,9.5,ASUS,16-inch,4GB,ASUS,13-inch,16GB
4,-5.375,9.5,ASUS,16-inch,4GB,ASUS,14-inch,4GB
4,-16.875,9.5,ASUS,16-inch,4GB,ASUS,14-inch,8GB
4,-16.875,9.5,ASUS,16-inch,4GB,ASUS,14-inch,16GB
4,-18.625,9.5,ASUS,16-inch,4GB,ASUS,16-inch,8GB
4,-15.5,9.5,ASUS,16-inch,4GB,ASUS,16-inch,16GB
4,-7.375,9.5,ASUS,16-inch,4GB,Lenovo,13-inch,4GB
4,-12.375,9.5,ASUS,16-inch,4GB,Lenovo,13-inch,8GB
4,-12.125,9.5,ASUS,16-inch,4GB,Lenovo,13-inch,16GB
4,-7.875,9.5,ASUS,16-inch,4GB,Lenovo,14-inch,4GB
4,-12.375,9.5,ASUS,16-inch,4GB,Lenovo,14-inch,8GB
4,-12.75,9.5,ASUS,16-inch,4GB,Lenovo,14-inch,16GB
4,-4.15625,9.5,ASUS,16-inch,4GB,Lenovo,16-inch,4GB
4,-15.875,9.5,ASUS,16-inch,4GB,Lenovo,16-inch,8GB
4,-11.125,9.5,ASUS,16-inch,4GB,Lenovo,16-inch,16GB
4,-6.625,9.5,ASUS,16-inch,4GB,HP,13-inch,4GB
4,-11.75,9.5,ASUS,16-inch,4GB,HP,13-inch,8GB
4,-11.875,9.5,ASUS,16-inch,4GB,HP,13-inch,16GB
4,-7.125,9.5,ASUS,16-inch,4GB,HP,14-inch,4GB
4,-12.125,9.5,ASUS,16-inch,4GB,HP,14-inch,8GB
4,-12.75,9.5,ASUS,16-inch,4GB,HP,14-inch,16GB
4,-3.046875,9.4375,ASUS,16-inch,4GB,HP,16-inch,4GB
4,-15.625,9.5,ASUS,16-inch,4GB,HP,16-inch,8GB
4,-11.375,9.5,ASUS,16-inch,4GB,HP,16-inch,16GB
4,-6.875,9.5,ASUS,16-inch,4GB,Dell,13-inch,4GB
4,-11.875,9.5,ASUS,16-inch,4GB,Dell,13-inch,8GB
4,-11.875,9.5,ASUS,16-inch,4GB,Dell,13-inch,16GB
4,-7.375,9.5,ASUS,16-inch,4GB,Dell,14-inch,4GB
4,-12.125,9.5,ASUS,16-inch,4GB,Dell,14-inch,8GB
4,-12.0,9.5,ASUS,16-inch,4GB,Dell,14-inch,16GB
4,-2.015625,9.375,ASUS,16-inch,4GB,Dell,16-inch,4GB
4,-15.125,9.5,ASUS,16-inch,4GB,Dell,16-inch,8GB
4,-10.75,9.5,ASUS,16-inch,4GB,Dell,16-inch,16GB
4,-2.578125,9.4375,ASUS,16-inch,4GB,Apple,13-inch,4GB
4,-10.0,9.5,ASUS,16-inch,4GB,Apple,13-inch,8GB
4,-8.875,9.5,ASUS,16-inch,4GB,Apple,13-inch,16GB
4,-0.0225830078125,5.75,ASUS,16-inch,4GB,Apple,14-inch,4GB
4,-10.5,9.5,ASUS,16-inch,4GB,Apple,14-inch,8GB
4,-9.25,9.5,ASUS,16-inch,4GB,Apple,14-inch,16GB
4,-0.00089263916015625,3.0,ASUS,16-inch,4GB,Apple,16-inch,4GB
4,-12.75,9.5,ASUS,16-inch,4GB,Apple,16-inch,8GB
4,-8.375,9.5,ASUS,16-inch,4GB,Apple,16-inch,16GB
4,-5.375,9.5,ASUS,16-inch,8GB,ASUS,13-inch,4GB
4,-4.75,9.5,ASUS,16-inch,8GB,ASUS,13-inch,8GB
4,-5.375,9.5,ASUS,16-inch,8GB,ASUS,13-inch,16GB
4,-5.875,9.5,ASUS,16-inch,8GB,ASUS,14-inch,4GB
4,-4.75,9.5,ASUS,16-inch,8GB,ASUS,14-inch,8GB
4,-7.0,9.5,ASUS,16-inch,8GB,ASUS,14-inch,16GB
4,0.00055694580078125,-0.375,ASUS,16-inch,8GB,ASUS,16-inch,4GB
4,-5.75,9.5,ASUS,16-inch,8GB,ASUS,16-inch,16GB
4,-9.25,9.5,ASUS,16-inch,8GB,Lenovo,13-inch,4GB
4,-5.25,9.5,ASUS,16-inch,8GB,Lenovo,13-inch,8GB
4,-0.01043701171875,5.0,ASUS,16-inch,8GB,Lenovo,13-inch,16GB
4,-9.5,9.5,ASUS,16-inch,8GB,Lenovo,14-inch,4GB
4,-4.75,9.5,ASUS,16-inch,8GB,Lenovo,14-inch,8GB
4,-3.53125,9.5,ASUS,16-inch,8GB,Lenovo,14-inch,16GB
4,0.0004520416259765625,0.75,ASUS,16-inch,8GB,Lenovo,16-inch,4GB
4,-3.171875,9.4375,ASUS,16-inch,8GB,Lenovo,16-inch,8GB
4,-0.000301361083984375,2.5,ASUS,16-inch,8GB,Lenovo,16-inch,16GB
4,-8.375,9.5,ASUS,16-inch,8GB,HP,13-inch,4GB
4,-5.0,9.5,ASUS,16-inch,8GB,HP,13-inch,8GB
4,-0.0091552734375,4.875,ASUS,16-inch,8GB,HP,13-inch,16GB
4,-8.375,9.5,ASUS,16-inch,8GB,HP,14-inch,4GB
4,-4.25,9.5,ASUS,16-inch,8GB,HP,14-inch,8GB
4,-0.474609375,8.5,ASUS,16-inch,8GB,HP,14-inch,16GB
4,0.0004520416259765625,0.75,ASUS,16-inch,8GB,HP,16-inch,4GB
4,-2.125,9.375,ASUS,16-inch,8GB,HP,16-inch,8GB
4,-0.0007171630859375,2.875,ASUS,16-inch,8GB,HP,16-inch,16GB
4,-9.625,9.5,ASUS,16-inch,8GB,Dell,13-inch,4GB
4,-4.625,9.5,ASUS,16-inch,8GB,Dell,13-inch,8GB
4,-0.006988525390625,4.625,ASUS,16-inch,8GB,Dell,13-inch,16GB
4,-9.625,9.5,ASUS,16-inch,8GB,Dell,14-inch,4GB
4,-3.65625,9.5,ASUS,16-inch,8GB,Dell,14-inch,8GB
4,-0.00799560546875,4.75,ASUS,16-inch,8GB,Dell,14-inch,16GB
4,0.0005340576171875,0.0,ASUS,16-inch,8GB,Dell,16-inch,4GB
4,-2.6875,9.4375,ASUS,16-inch,8GB,Dell,16-inch,8GB
4,-0.000301361083984375,2.5,ASUS,16-inch,8GB,Dell,16-inch,16GB
4,-12.25,9.5,ASUS,16-inch,8GB,Apple,13-inch,4GB
4,-5.0,9.5,ASUS,16-inch,8GB,Apple,13-inch,8GB
4,-0.00055694580078125,2.75,ASUS,16-inch,8GB,Apple,13-inch,16GB
4,-12.75,9.5,ASUS,16-inch,8GB,Apple,14-inch,4GB
4,-5.0,9.5,ASUS,16-inch,8GB,Apple,14-inch,8GB
4,-0.00055694580078125,2.75,ASUS,16-inch,8GB,Apple,14-inch,16GB
4,-0.006988525390625,4.625,ASUS,16-inch,8GB,Apple,16-inch,4GB
4,-0.0478515625,6.4375,ASUS,16-inch,8GB,Apple,16-inch,8GB
4,0.0002307891845703125,1.625,ASUS,16-inch,8GB,Apple,16-inch,16GB
4,-13.875,9.5,ASUS,16-inch,16GB,ASUS,13-inch,4GB
4,-0.0291748046875,5.96875,ASUS,16-inch,16GB,ASUS,13-inch,8GB
4,-5.25,9.5,ASUS,16-inch,16GB,ASUS,13-inch,16GB
4,-13.375,9.5,ASUS,16-inch,16GB,ASUS,14-inch,4GB
4,-0.97265625,9.0,ASUS,16-inch,16GB,ASUS,14-inch,8GB
4,-5.5,9.5,ASUS,16-inch,16GB,ASUS,14-inch,16GB
4,0.000545501708984375,-0.125,ASUS,16-inch,16GB,ASUS,16-inch,4GB
4,-8.875,9.5,ASUS,16-inch,16GB,ASUS,16-inch,8GB
4,-15.5,9.5,ASUS,16-inch,16GB,Lenovo,13-inch,4GB
4,-0.006103515625,4.5,ASUS,16-inch,16GB,Lenovo,13-inch,8GB
4,-5.625,9.5,ASUS,16-inch,16GB,Lenovo,13-inch,16GB
4,-15.875,9.5,ASUS,16-inch,16GB,Lenovo,14-inch,4GB
4,-0.006988525390625,4.625,ASUS,16-inch,16GB,Lenovo,14-inch,8GB
4,-5.25,9.5,ASUS,16-inch,16GB,Lenovo,14-inch,16GB
4,-0.002197265625,3.625,ASUS,16-inch,16GB,Lenovo,16-inch,4GB
4,-6.5,9.5,ASUS,16-inch,16GB,Lenovo,16-inch,8GB
4,-4.875,9.5,ASUS,16-inch,16GB,Lenovo,16-inch,16GB
4,-15.5,9.5,ASUS,16-inch,16GB,HP,13-inch,4GB
4,-0.00799560546875,4.75,ASUS,16-inch,16GB,HP,13-inch,8GB
4,-5.0,9.5,ASUS,16-inch,16GB,HP,13-inch,16GB
4,-16.125,9.5,ASUS,16-inch,16GB,HP,14-inch,4GB
4,-0.00799560546875,4.75,ASUS,16-inch,16GB,HP,14-inch,8GB
4,-4.875,9.5,ASUS,16-inch,16GB,HP,14-inch,16GB
4,-0.002197265625,3.625,ASUS,16-inch,16GB,HP,16-inch,4GB
4,-6.25,9.5,ASUS,16-inch,16GB,HP,16-inch,8GB
4,-2.9375,9.4375,ASUS,16-inch,16GB,HP,16-inch,16GB
4,-15.875,9.5,ASUS,16-inch,16GB,Dell,13-inch,4GB
4,-0.003997802734375,4.125,ASUS,16-inch,16GB,Dell,13-inch,8GB
4,-5.25,9.5,ASUS,16-inch,16GB,Dell,13-inch,16GB
4,-16.625,9.5,ASUS,16-inch,16GB,Dell,14-inch,4GB
4,-0.004608154296875,4.25,ASUS,16-inch,16GB,Dell,14-inch,8GB
4,-5.0,9.5,ASUS,16-inch,16GB,Dell,14-inch,16GB
4,-9.918212890625e-05,2.25,ASUS,16-inch,16GB,Dell,16-inch,4GB
4,-6.25,9.5,ASUS,16-inch,16GB,Dell,16-inch,8GB
4,-4.25,9.5,ASUS,16-inch,16GB,Dell,16-inch,16GB
4,-16.25,9.5,ASUS,16-inch,16GB,Apple,13-inch,4GB
4,-0.0198974609375,5.625,ASUS,16-inch,16GB,Apple,13-inch,8GB
4,-3.28125,9.4375,ASUS,16-inch,16GB,Apple,13-inch,16GB
4,-17.0,9.5,ASUS,16-inch,16GB,Apple,14-inch,4GB
4,-0.0291748046875,5.96875,ASUS,16-inch,16GB,Apple,14-inch,8GB
4,-3.65625,9.5,ASUS,16-inch,16GB,Apple,14-inch,16GB
4,-10.25,9.5,ASUS,16-inch,16GB,Apple,16-inch,4GB
4,-5.25,9.5,ASUS,16-inch,16GB,Apple,16-inch,8GB
4,-0.0135498046875,5.25,ASUS,16-inch,16GB,Apple,16-inch,16GB
4,-0.000194549560546875,2.375,Lenovo,13-inch,4GB,ASUS,13-inch,4GB
4,-11.75,9.5,Lenovo,13-inch,4GB,ASUS,13-inch,8GB
4,-10.625,9.5,Lenovo,13-inch,4GB,ASUS,13-inch,16GB
4,0.000179290771484375,1.75,Lenovo,13-inch,4GB,ASUS,14-inch,4GB
4,-12.0,9.5,Lenovo,13-inch,4GB,ASUS,14-inch,8GB
4,-10.75,9.5,Lenovo,13-inch,4GB,ASUS,14-inch,16GB
4,0.000274658203125,1.5,Lenovo,13-inch,4GB,ASUS,16-inch,4GB
4,-11.5,9.5,Lenovo,13-inch,4GB,ASUS,16-inch,8GB
4,-8.75,9.5,Lenovo,13-inch,4GB,ASUS,16-inch,16GB
4,-15.875,9.5,Lenovo,13-inch,4GB,Lenovo,13-inch,8GB
4,-14.875,9.5,Lenovo,13-inch,4GB,Lenovo,13-inch,16GB
4,-0.3125,8.1875,Lenovo,13-inch,4GB,Lenovo,14-inch,4GB
4,-12.75,9.5,Lenovo,13-inch,4GB,Lenovo,14-inch,8GB
4,-12.125,9.5,Lenovo,13-inch,4GB,Lenovo,14-inch,16GB
4,0.000179290771484375,1.75,Lenovo,13-inch,4GB,Lenovo,16-inch,4GB
4,-11.75,9.5,Lenovo,13-inch,4GB,Lenovo,16-inch,8GB
4,-8.875,9.5,Lenovo,13-inch,4GB,Lenovo,16-inch,16GB
4,0.0003147125244140625,1.375,Lenovo,13-inch,4GB,HP,13-inch,4GB
4,-11.375,9.5,Lenovo,13-inch,4GB,HP,13-inch,8GB
4,-10.625,9.5,Lenovo,13-inch,4GB,HP,13-inch,16GB
4,0.0003490447998046875,1.25,Lenovo,13-inch,4GB,HP,14-inch,4GB
4,-11.375,9.5,Lenovo,13-inch,4GB,HP,14-inch,8GB
4,-10.5,9.5,Lenovo,13-inch,4GB,HP,14-inch,16GB
4,0.000431060791015625,0.875,Lenovo,13-inch,4GB,HP,16-inch,4GB
4,-11.0,9.5,Lenovo,13-inch,4GB,HP,16-inch,8GB
4,-8.625,9.5,Lenovo,13-inch,4GB,HP,16-inch,16GB
4,0.000179290771484375,1.75,Lenovo,13-inch,4GB,Dell,13-inch,4GB
4,-11.125,9.5,Lenovo,13-inch,4GB,Dell,13-inch,8GB
4,-10.5,9.5,Lenovo,13-inch,4GB,Dell,13-inch,16GB
4,0.000408172607421875,1.0,Lenovo,13-inch,4GB,Dell,14-inch,4GB
4,-11.25,9.5,Lenovo,13-inch,4GB,Dell,14-inch,8GB
4,-10.125,9.5,Lenovo,13-inch,4GB,Dell,14-inch,16GB
4,0.000514984130859375,0.25,Lenovo,13-inch,4GB,Dell,16-inch,4GB
4,-11.0,9.5,Lenovo,13-inch,4GB,Dell,16-inch,8GB
4,-8.375,9.5,Lenovo,13-inch,4GB,Dell,16-inch,16GB
4,0.000514984130859375,0.25,Lenovo,13-inch,4GB,Apple,13-inch,4GB
4,-10.5,9.5,Lenovo,13-inch,4GB,Apple,13-inch,8GB
4,-8.125,9.5,Lenovo,13-inch,4GB,Apple,13-inch,16GB
4,0.00052642822265625,0.125,Lenovo,13-inch,4GB,Apple,14-inch,4GB
4,-10.5,9.5,Lenovo,13-inch,4GB,Apple,14-inch,8GB
4,-8.625,9.5,Lenovo,13-inch,4GB,Apple,14-inch,16GB
4,0.000598907470703125,-2.0,Lenovo,13-inch,4GB,Apple,16-inch,4GB
4,-10.5,9.5,Lenovo,13-inch,4GB,Apple,16-inch,8GB
4,-7.375,9.5,Lenovo,13-inch,4GB,Apple,16-inch,16GB
4,-7.25,9.5,Lenovo,13-inch,8GB,ASUS,13-inch,4GB
4,-2.578125,9.4375,Lenovo,13-inch,8GB,ASUS,13-inch,8GB
4,-0.004638671875,4.25,Lenovo,13-inch,8GB,ASUS,13-inch,16GB
4,-13.0,9.5,Lenovo,13-inch,8GB,ASUS,14-inch,4GB
4,-0.82421875,8.9375,Lenovo,13-inch,8GB,ASUS,14-inch,8GB
4,-0.00131988525390625,3.25,Lenovo,13-inch,8GB,ASUS,14-inch,16GB
4,-9.75,9.5,Lenovo,13-inch,8GB,ASUS,16-inch,4GB
4,-0.00531005859375,4.375,Lenovo,13-inch,8GB,ASUS,16-inch,8GB
4,-0.001861572265625,3.5,Lenovo,13-inch,8GB,ASUS,16-inch,16GB
4,0.0003147125244140625,1.375,Lenovo,13-inch,8GB,Lenovo,13-inch,4GB
4,-5.5,9.5,Lenovo,13-inch,8GB,Lenovo,13-inch,16GB
4,-7.625,9.5,Lenovo,13-inch,8GB,Lenovo,14-inch,4GB
4,-0.003997802734375,4.125,Lenovo,13-inch,8GB,Lenovo,14-inch,8GB
4,-0.006103515625,4.5,Lenovo,13-inch,8GB,Lenovo,14-inch,16GB
4,-0.0615234375,6.6875,Lenovo,13-inch,8GB,Lenovo,16-inch,4GB
4,-0.0198974609375,5.625,Lenovo,13-inch,8GB,Lenovo,16-inch,8GB
4,-0.003997802734375,4.125,Lenovo,13-inch,8GB,Lenovo,16-inch,16GB
4,-5.0,9.5,Lenovo,13-inch,8GB,HP,13-inch,4GB
4,-0.38671875,8.375,Lenovo,13-inch,8GB,HP,13-inch,8GB
4,-0.004638671875,4.25,Lenovo,13-inch,8GB,HP,13-inch,16GB
4,-12.0,9.5,Lenovo,13-inch,8GB,HP,14-inch,4GB
4,-0.033203125,6.09375,Lenovo,13-inch,8GB,HP,14-inch,8GB
4,-0.00089263916015625,3.0,Lenovo,13-inch,8GB,HP,14-inch,16GB
4,-9.0,9.5,Lenovo,13-inch,8GB,HP,16-inch,4GB
4,-0.00347900390625,4.0,Lenovo,13-inch,8GB,HP,16-inch,8GB
4,-0.00089263916015625,3.0,Lenovo,13-inch,8GB,HP,16-inch,16GB
4,-6.75,9.5,Lenovo,13-inch,8GB,Dell,13-inch,4GB
4,-1.5,9.25,Lenovo,13-inch,8GB,Dell,13-inch,8GB
4,-0.00131988525390625,3.25,Lenovo,13-inch,8GB,Dell,13-inch,16GB
4,-12.25,9.5,Lenovo,13-inch,8GB,Dell,14-inch,4GB
4,-0.015380859375,5.34375,Lenovo,13-inch,8GB,Dell,14-inch,8GB
4,-0.000194549560546875,2.375,Lenovo,13-inch,8GB,Dell,14-inch,16GB
4,-9.25,9.5,Lenovo,13-inch,8GB,Dell,16-inch,4GB
4,-0.00347900390625,4.0,Lenovo,13-inch,8GB,Dell,16-inch,8GB
4,-0.00041961669921875,2.625,Lenovo,13-inch,8GB,Dell,16-inch,16GB
4,-8.125,9.5,Lenovo,13-inch,8GB,Apple,13-inch,4GB
4,-2.578125,9.4375,Lenovo,13-inch,8GB,Apple,13-inch,8GB
4,-0.004638671875,4.25,Lenovo,13-inch,8GB,Apple,13-inch,16GB
4,-10.875,9.5,Lenovo,13-inch,8GB,Apple,14-inch,4GB
4,-4.5,9.5,Lenovo,13-inch,8GB,Apple,14-inch,8GB
4,-0.00131988525390625,3.25,Lenovo,13-inch,8GB,Apple,14-inch,16GB
4,-7.75,9.5,Lenovo,13-inch,8GB,Apple,16-inch,4GB
4,-0.0135498046875,5.25,Lenovo,13-inch,8GB,Apple,16-inch,8GB
4,-0.00089263916015625,3.0,Lenovo,13-inch,8GB,Apple,16-inch,16GB
4,-10.75,9.5,Lenovo,13-inch,16GB,ASUS,13-inch,4GB
4,-7.5,9.5,Lenovo,13-inch,16GB,ASUS,13-inch,8GB
4,-0.08837890625,7.03125,Lenovo,13-inch,16GB,ASUS,13-inch,16GB
4,-18.625,9.5,Lenovo,13-inch,16GB,ASUS,14-inch,4GB
4,-6.75,9.5,Lenovo,13-inch,16GB,ASUS,14-inch,8GB
4,-3.53125,9.5,Lenovo,13-inch,16GB,ASUS,14-inch,16GB
4,-14.25,9.5,Lenovo,13-inch,16GB,ASUS,16-inch,4GB
4,-6.0,9.5,Lenovo,13-inch,16GB,ASUS,16-inch,8GB
4,-0.006988525390625,4.625,Lenovo,13-inch,16GB,ASUS,16-inch,16GB
4,-0.00055694580078125,2.75,Lenovo,13-inch,16GB,Lenovo,13-inch,4GB
4,-10.0,9.5,Lenovo,13-inch,16GB,Lenovo,13-inch,8GB
4,-14.625,9.5,Lenovo,13-inch,16GB,Lenovo,14-inch,4GB
4,-7.5,9.5,Lenovo,13-inch,16GB,Lenovo,14-inch,8GB
4,-0.0225830078125,5.75,Lenovo,13-inch,16GB,Lenovo,14-inch,16GB
4,-6.25,9.5,Lenovo,13-inch,16GB,Lenovo,16-inch,4GB
4,-6.625,9.5,Lenovo,13-inch,16GB,Lenovo,16-inch,8GB
4,-0.0091552734375,4.875,Lenovo,13-inch,16GB,Lenovo,16-inch,16GB
4,-9.375,9.5,Lenovo,13-inch,16GB,HP,13-inch,4GB
4,-7.375,9.5,Lenovo,13-inch,16GB,HP,13-inch,8GB
4,-0.0198974609375,5.625,Lenovo,13-inch,16GB,HP,13-inch,16GB
4,-18.0,9.5,Lenovo,13-inch,16GB,HP,14-inch,4GB
4,-6.5,9.5,Lenovo,13-inch,16GB,HP,14-inch,8GB
4,-0.05419921875,6.5625,Lenovo,13-inch,16GB,HP,14-inch,16GB
4,-12.375,9.5,Lenovo,13-inch,16GB,HP,16-inch,4GB
4,-5.875,9.5,Lenovo,13-inch,16GB,HP,16-inch,8GB
4,-0.002197265625,3.625,Lenovo,13-inch,16GB,HP,16-inch,16GB
4,-10.0,9.5,Lenovo,13-inch,16GB,Dell,13-inch,4GB
4,-7.375,9.5,Lenovo,13-inch,16GB,Dell,13-inch,8GB
4,-0.0693359375,6.8125,Lenovo,13-inch,16GB,Dell,13-inch,16GB
4,-18.5,9.5,Lenovo,13-inch,16GB,Dell,14-inch,4GB
4,-6.25,9.5,Lenovo,13-inch,16GB,Dell,14-inch,8GB
4,-0.3125,8.1875,Lenovo,13-inch,16GB,Dell,14-inch,16GB
4,-12.75,9.5,Lenovo,13-inch,16GB,Dell,16-inch,4GB
4,-5.375,9.5,Lenovo,13-inch,16GB,Dell,16-inch,8GB
4,-0.00299072265625,3.875,Lenovo,13-inch,16GB,Dell,16-inch,16GB
4,-14.0,9.5,Lenovo,13-inch,16GB,Apple,13-inch,4GB
4,-5.5,9.5,Lenovo,13-inch,16GB,Apple,13-inch,8GB
4,-4.625,9.5,Lenovo,13-inch,16GB,Apple,13-inch,16GB
4,-16.375,9.5,Lenovo,13-inch,16GB,Apple,14-inch,4GB
4,-5.75,9.5,Lenovo,13-inch,16GB,Apple,14-inch,8GB
4,-6.125,9.5,Lenovo,13-inch,16GB,Apple,14-inch,16GB
4,-11.125,9.5,Lenovo,13-inch,16GB,Apple,16-inch,4GB
4,-1.5,9.25,Lenovo,13-inch,16GB,Apple,16-inch,8GB
4,-3.046875,9.4375,Lenovo,13-inch,16GB,Apple,16-inch,16GB
4,0.00048828125,0.5,Lenovo,14-inch,4GB,ASUS,13-inch,4GB
4,-12.125,9.5,Lenovo,14-inch,4GB,ASUS,13-inch,8GB
4,-10.875,9.5,Lenovo,14-inch,4GB,ASUS,13-inch,16GB
4,-9.918212890625e-05,2.25,Lenovo,14-inch,4GB,ASUS,14-inch,4GB
4,-12.5,9.5,Lenovo,14-inch,4GB,ASUS,14-inch,8GB
4,-11.5,9.5,Lenovo,14-inch,4GB,ASUS,14-inch,16GB
4,0.0002307891845703125,1.625,Lenovo,14-inch,4GB,ASUS,16-inch,4GB
4,-11.375,9.5,Lenovo,14-inch,4GB,ASUS,16-inch,8GB
4,-8.875,9.5,Lenovo,14-inch,4GB,ASUS,16-inch,16GB
4,0.00052642822265625,0.125,Lenovo,14-inch,4GB,Lenovo,13-inch,4GB
4,-14.5,9.5,Lenovo,14-inch,4GB,Lenovo,13-inch,8GB
4,-15.5,9.5,Lenovo,14-inch,4GB,Lenovo,13-inch,16GB
4,-16.875,9.5,Lenovo,14-inch,4GB,Lenovo,14-inch,8GB
4,-16.0,9.5,Lenovo,14-inch,4GB,Lenovo,14-inch,16GB
4,0.000179290771484375,1.75,Lenovo,14-inch,4GB,Lenovo,16-inch,4GB
4,-11.875,9.5,Lenovo,14-inch,4GB,Lenovo,16-inch,8GB
4,-9.0,9.5,Lenovo,14-inch,4GB,Lenovo,16-inch,16GB
4,0.0005340576171875,0.0,Lenovo,14-inch,4GB,HP,13-inch,4GB
4,-11.375,9.5,Lenovo,14-inch,4GB,HP,13-inch,8GB
4,-10.875,9.5,Lenovo,14-inch,4GB,HP,13-inch,16GB
4,0.0002307891845703125,1.625,Lenovo,14-inch,4GB,HP,14-inch,4GB
4,-12.375,9.5,Lenovo,14-inch,4GB,HP,14-inch,8GB
4,-11.875,9.5,Lenovo,14-inch,4GB,HP,14-inch,16GB
4,0.000408172607421875,1.0,Lenovo,14-inch,4GB,HP,16-inch,4GB
4,-11.0,9.5,Lenovo,14-inch,4GB,HP,16-inch,8GB
4,-8.5,9.5,Lenovo,14-inch,4GB,HP,16-inch,16GB
4,0.0005035400390625,0.375,Lenovo,14-inch,4GB,Dell,13-inch,4GB
4,-11.375,9.5,Lenovo,14-inch,4GB,Dell,13-inch,8GB
4,-10.5,9.5,Lenovo,14-inch,4GB,Dell,13-inch,16GB
4,0.0001220703125,1.875,Lenovo,14-inch,4GB,Dell,14-inch,4GB
4,-11.75,9.5,Lenovo,14-inch,4GB,Dell,14-inch,8GB
4,-10.875,9.5,Lenovo,14-inch,4GB,Dell,14-inch,16GB
4,0.00048828125,0.5,Lenovo,14-inch,4GB,Dell,16-inch,4GB
4,-10.75,9.5,Lenovo,14-inch,4GB,Dell,16-inch,8GB
4,-8.5,9.5,Lenovo,14-inch,4GB,Dell,16-inch,16GB
4,0.000545501708984375,-0.125,Lenovo,14-inch,4GB,Apple,13-inch,4GB
4,-9.625,9.5,Lenovo,14-inch,4GB,Apple,13-inch,8GB
4,-8.125,9.5,Lenovo,14-inch,4GB,Apple,13-inch,16GB
4,0.000576019287109375,-0.75,Lenovo,14-inch,4GB,Apple,14-inch,4GB
4,-10.625,9.5,Lenovo,14-inch,4GB,Apple,14-inch,8GB
4,-8.5,9.5,Lenovo,14-inch,4GB,Apple,14-inch,16GB
4,0.00058746337890625,-1.25,Lenovo,14-inch,4GB,Apple,16-inch,4GB
4,-10.25,9.5,Lenovo,14-inch,4GB,Apple,16-inch,8GB
4,-7.375,9.5,Lenovo,14-inch,4GB,Apple,16-inch,16GB
4,-10.5,9.5,Lenovo,14-inch,8GB,ASUS,13-inch,4GB
4,-5.0,9.5,Lenovo,14-inch,8GB,ASUS,13-inch,8GB
4,-0.006103515625,4.5,Lenovo,14-inch,8GB,ASUS,13-inch,16GB
4,-5.0,9.5,Lenovo,14-inch,8GB,ASUS,14-inch,4GB
4,-2.8125,9.4375,Lenovo,14-inch,8GB,ASUS,14-inch,8GB
4,-0.00531005859375,4.375,Lenovo,14-inch,8GB,ASUS,14-inch,16GB
4,-8.75,9.5,Lenovo,14-inch,8GB,ASUS,16-inch,4GB
4,-0.004638671875,4.25,Lenovo,14-inch,8GB,ASUS,16-inch,8GB
4,-0.001861572265625,3.5,Lenovo,14-inch,8GB,ASUS,16-inch,16GB
4,-0.1259765625,7.375,Lenovo,14-inch,8GB,Lenovo,13-inch,4GB
4,-3.765625,9.5,Lenovo,14-inch,8GB,Lenovo,13-inch,8GB
4,-6.375,9.5,Lenovo,14-inch,8GB,Lenovo,13-inch,16GB
4,5.7220458984375e-05,2.0,Lenovo,14-inch,8GB,Lenovo,14-inch,4GB
4,-6.0,9.5,Lenovo,14-inch,8GB,Lenovo,14-inch,16GB
4,-0.01043701171875,5.0,Lenovo,14-inch,8GB,Lenovo,16-inch,4GB
4,-0.00799560546875,4.75,Lenovo,14-inch,8GB,Lenovo,16-inch,8GB
4,-0.006103515625,4.5,Lenovo,14-inch,8GB,Lenovo,16-inch,16GB
4,-10.375,9.5,Lenovo,14-inch,8GB,HP,13-inch,4GB
4,-2.8125,9.4375,Lenovo,14-inch,8GB,HP,13-inch,8GB
4,-0.004638671875,4.25,Lenovo,14-inch,8GB,HP,13-inch,16GB
4,-2.578125,9.4375,Lenovo,14-inch,8GB,HP,14-inch,4GB
4,-0.82421875,8.9375,Lenovo,14-inch,8GB,HP,14-inch,8GB
4,-0.00531005859375,4.375,Lenovo,14-inch,8GB,HP,14-inch,16GB
4,-8.25,9.5,Lenovo,14-inch,8GB,HP,16-inch,4GB
4,-0.002197265625,3.625,Lenovo,14-inch,8GB,HP,16-inch,8GB
4,-0.00109100341796875,3.125,Lenovo,14-inch,8GB,HP,16-inch,16GB
4,-11.5,9.5,Lenovo,14-inch,8GB,Dell,13-inch,4GB
4,-2.125,9.375,Lenovo,14-inch,8GB,Dell,13-inch,8GB
4,-0.00131988525390625,3.25,Lenovo,14-inch,8GB,Dell,13-inch,16GB
4,-5.25,9.5,Lenovo,14-inch,8GB,Dell,14-inch,4GB
4,-2.34375,9.375,Lenovo,14-inch,8GB,Dell,14-inch,8GB
4,-0.001861572265625,3.5,Lenovo,14-inch,8GB,Dell,14-inch,16GB
4,-8.25,9.5,Lenovo,14-inch,8GB,Dell,16-inch,4GB
4,-0.001861572265625,3.5,Lenovo,14-inch,8GB,Dell,16-inch,8GB
4,-0.000301361083984375,2.5,Lenovo,14-inch,8GB,Dell,16-inch,16GB
4,-11.625,9.5,Lenovo,14-inch,8GB,Apple,13-inch,4GB
4,-4.03125,9.5,Lenovo,14-inch,8GB,Apple,13-inch,8GB
4,-0.00089263916015625,3.0,Lenovo,14-inch,8GB,Apple,13-inch,16GB
4,-8.5,9.5,Lenovo,14-inch,8GB,Apple,14-inch,4GB
4,-2.34375,9.375,Lenovo,14-inch,8GB,Apple,14-inch,8GB
4,-0.0025634765625,3.75,Lenovo,14-inch,8GB,Apple,14-inch,16GB
4,-7.625,9.5,Lenovo,14-inch,8GB,Apple,16-inch,4GB
4,-0.006103515625,4.5,Lenovo,14-inch,8GB,Apple,16-inch,8GB
4,-0.0007171630859375,2.875,Lenovo,14-inch,8GB,Apple,16-inch,16GB
4,-17.375,9.5,Lenovo,14-inch,16GB,ASUS,13-inch,4GB
4,-5.25,9.5,Lenovo,14-inch,16GB,ASUS,13-inch,8GB
4,-4.03125,9.5,Lenovo,14-inch,16GB,ASUS,13-inch,16GB
4,-1.703125,9.3125,Lenovo,14-inch,16GB,ASUS,14-inch,4GB
4,-7.125,9.5,Lenovo,14-inch,16GB,ASUS,14-inch,8GB
4,-0.38671875,8.375,Lenovo,14-inch,16GB,ASUS,14-inch,16GB
4,-12.875,9.5,Lenovo,14-inch,16GB,ASUS,16-inch,4GB
4,-3.53125,9.5,Lenovo,14-inch,16GB,ASUS,16-inch,8GB
4,-0.0025634765625,3.75,Lenovo,14-inch,16GB,ASUS,16-inch,16GB
4,-11.375,9.5,Lenovo,14-inch,16GB,Lenovo,13-inch,4GB
4,-5.75,9.5,Lenovo,14-inch,16GB,Lenovo,13-inch,8GB
4,-0.05419921875,6.5625,Lenovo,14-inch,16GB,Lenovo,13-inch,16GB
4,0.0002307891845703125,1.625,Lenovo,14-inch,16GB,Lenovo,14-inch,4GB
4,-10.0,9.5,Lenovo,14-inch,16GB,Lenovo,14-inch,8GB
4,-0.00347900390625,4.0,Lenovo,14-inch,16GB,Lenovo,16-inch,4GB
4,-6.375,9.5,Lenovo,14-inch,16GB,Lenovo,16-inch,8GB
4,-0.002197265625,3.625,Lenovo,14-inch,16GB,Lenovo,16-inch,16GB
4,-16.375,9.5,Lenovo,14-inch,16GB,HP,13-inch,4GB
4,-5.0,9.5,Lenovo,14-inch,16GB,HP,13-inch,8GB
4,-0.251953125,8.0,Lenovo,14-inch,16GB,HP,13-inch,16GB
4,-0.251953125,8.0,Lenovo,14-inch,16GB,HP,14-inch,4GB
4,-6.625,9.5,Lenovo,14-inch,16GB,HP,14-inch,8GB
4,-0.07861328125,6.9375,Lenovo,14-inch,16GB,HP,14-inch,16GB
4,-10.625,9.5,Lenovo,14-inch,16GB,HP,16-inch,4GB
4,-4.75,9.5,Lenovo,14-inch,16GB,HP,16-inch,8GB
4,-0.0007171630859375,2.875,Lenovo,14-inch,16GB,HP,16-inch,16GB
4,-17.375,9.5,Lenovo,14-inch,16GB,Dell,13-inch,4GB
4,-0.251953125,8.0,Lenovo,14-inch,16GB,Dell,13-inch,8GB
4,-0.97265625,9.0,Lenovo,14-inch,16GB,Dell,13-inch,16GB
4,-1.703125,9.3125,Lenovo,14-inch,16GB,Dell,14-inch,4GB
4,-6.625,9.5,Lenovo,14-inch,16GB,Dell,14-inch,8GB
4,-0.1787109375,7.6875,Lenovo,14-inch,16GB,Dell,14-inch,16GB
4,-11.75,9.5,Lenovo,14-inch,16GB,Dell,16-inch,4GB
4,-0.0615234375,6.6875,Lenovo,14-inch,16GB,Dell,16-inch,8GB
4,-0.00109100341796875,3.125,Lenovo,14-inch,16GB,Dell,16-inch,16GB
4,-16.5,9.5,Lenovo,14-inch,16GB,Apple,13-inch,4GB
4,-0.03759765625,6.21875,Lenovo,14-inch,16GB,Apple,13-inch,8GB
4,-3.171875,9.4375,Lenovo,14-inch,16GB,Apple,13-inch,16GB
4,-12.75,9.5,Lenovo,14-inch,16GB,Apple,14-inch,4GB
4,-0.3125,8.1875,Lenovo,14-inch,16GB,Apple,14-inch,8GB
4,-5.25,9.5,Lenovo,14-inch,16GB,Apple,14-inch,16GB
4,-10.625,9.5,Lenovo,14-inch,16GB,Apple,16-inch,4GB
4,-0.006988525390625,4.625,Lenovo,14-inch,16GB,Apple,16-inch,8GB
4,-2.34375,9.375,Lenovo,14-inch,16GB,Apple,16-inch,16GB
4,-7.0,9.5,Lenovo,16-inch,4GB,ASUS,13-inch,4GB
4,-12.5,9.5,Lenovo,16-inch,4GB,ASUS,13-inch,8GB
4,-11.75,9.5,Lenovo,16-inch,4GB,ASUS,13-inch,16GB
4,-7.375,9.5,Lenovo,16-inch,4GB,ASUS,14-inch,4GB
4,-12.75,9.5,Lenovo,16-inch,4GB,ASUS,14-inch,8GB
4,-12.625,9.5,Lenovo,16-inch,4GB,ASUS,14-inch,16GB
4,-3.171875,9.4375,Lenovo,16-inch,4GB,ASUS,16-inch,4GB
4,-15.25,9.5,Lenovo,16-inch,4GB,ASUS,16-inch,8GB
4,-10.0,9.5,Lenovo,16-inch,4GB,ASUS,16-inch,16GB
4,-3.765625,9.5,Lenovo,16-inch,4GB,Lenovo,13-inch,4GB
4,-14.625,9.5,Lenovo,16-inch,4GB,Lenovo,13-inch,8GB
4,-13.875,9.5,Lenovo,16-inch,4GB,Lenovo,13-inch,16GB
4,-2.34375,9.375,Lenovo,16-inch,4GB,Lenovo,14-inch,4GB
4,-15.875,9.5,Lenovo,16-inch,4GB,Lenovo,14-inch,8GB
4,-16.125,9.5,Lenovo,16-inch,4GB,Lenovo,14-inch,16GB
4,-17.5,9.5,Lenovo,16-inch,4GB,Lenovo,16-inch,8GB
4,-13.875,9.5,Lenovo,16-inch,4GB,Lenovo,16-inch,16GB
4,-5.875,9.5,Lenovo,16-inch,4GB,HP,13-inch,4GB
4,-11.75,9.5,Lenovo,16-inch,4GB,HP,13-inch,8GB
4,-11.5,9.5,Lenovo,16-inch,4GB,HP,13-inch,16GB
4,-6.125,9.5,Lenovo,16-inch,4GB,HP,14-inch,4GB
4,-11.875,9.5,Lenovo,16-inch,4GB,HP,14-inch,8GB
4,-12.125,9.5,Lenovo,16-inch,4GB,HP,14-inch,16GB
4,-1.8046875,9.3125,Lenovo,16-inch,4GB,HP,16-inch,4GB
4,-14.125,9.5,Lenovo,16-inch,4GB,HP,16-inch,8GB
4,-10.75,9.5,Lenovo,16-inch,4GB,HP,16-inch,16GB
4,-5.75,9.5,Lenovo,16-inch,4GB,Dell,13-inch,4GB
4,-12.0,9.5,Lenovo,16-inch,4GB,Dell,13-inch,8GB
4,-11.625,9.5,Lenovo,16-inch,4GB,Dell,13-inch,16GB
4,-6.25,9.5,Lenovo,16-inch,4GB,Dell,14-inch,4GB
4,-12.0,9.5,Lenovo,16-inch,4GB,Dell,14-inch,8GB
4,-11.875,9.5,Lenovo,16-inch,4GB,Dell,14-inch,16GB
4,-1.8046875,9.3125,Lenovo,16-inch,4GB,Dell,16-inch,4GB
4,-14.0,9.5,Lenovo,16-inch,4GB,Dell,16-inch,8GB
4,-10.125,9.5,Lenovo,16-inch,4GB,Dell,16-inch,16GB
4,-1.140625,9.125,Lenovo,16-inch,4GB,Apple,13-inch,4GB
4,-10.25,9.5,Lenovo,16-inch,4GB,Apple,13-inch,8GB
4,-8.625,9.5,Lenovo,16-inch,4GB,Apple,13-inch,16GB
4,-0.0225830078125,5.75,Lenovo,16-inch,4GB,Apple,14-inch,4GB
4,-10.375,9.5,Lenovo,16-inch,4GB,Apple,14-inch,8GB
4,-9.25,9.5,Lenovo,16-inch,4GB,Apple,14-inch,16GB
4,-0.00089263916015625,3.0,Lenovo,16-inch,4GB,Apple,16-inch,4GB
4,-12.25,9.5,Lenovo,16-inch,4GB,Apple,16-inch,8GB
4,-7.625,9.5,Lenovo,16-inch,4GB,Apple,16-inch,16GB
4,-10.875,9.5,Lenovo,16-inch,8GB,ASUS,13-inch,4GB
4,-5.5,9.5,Lenovo,16-inch,8GB,ASUS,13-inch,8GB
4,-0.0291748046875,5.96875,Lenovo,16-inch,8GB,ASUS,13-inch,16GB
4,-11.0,9.5,Lenovo,16-inch,8GB,ASUS,14-inch,4GB
4,-4.75,9.5,Lenovo,16-inch,8GB,ASUS,14-inch,8GB
4,-2.578125,9.4375,Lenovo,16-inch,8GB,ASUS,14-inch,16GB
4,-0.000194549560546875,2.375,Lenovo,16-inch,8GB,ASUS,16-inch,4GB
4,-2.125,9.375,Lenovo,16-inch,8GB,ASUS,16-inch,8GB
4,-0.00131988525390625,3.25,Lenovo,16-inch,8GB,ASUS,16-inch,16GB
4,-6.125,9.5,Lenovo,16-inch,8GB,Lenovo,13-inch,4GB
4,-5.0,9.5,Lenovo,16-inch,8GB,Lenovo,13-inch,8GB
4,-5.875,9.5,Lenovo,16-inch,8GB,Lenovo,13-inch,16GB
4,-6.5,9.5,Lenovo,16-inch,8GB,Lenovo,14-inch,4GB
4,-5.0,9.5,Lenovo,16-inch,8GB,Lenovo,14-inch,8GB
4,-7.125,9.5,Lenovo,16-inch,8GB,Lenovo,14-inch,16GB
4,0.0004520416259765625,0.75,Lenovo,16-inch,8GB,Lenovo,16-inch,4GB
4,-5.625,9.5,Lenovo,16-inch,8GB,Lenovo,16-inch,16GB
4,-9.75,9.5,Lenovo,16-inch,8GB,HP,13-inch,4GB
4,-4.5,9.5,Lenovo,16-inch,8GB,HP,13-inch,8GB
4,-0.00799560546875,4.75,Lenovo,16-inch,8GB,HP,13-inch,16GB
4,-9.625,9.5,Lenovo,16-inch,8GB,HP,14-inch,4GB
4,-3.65625,9.5,Lenovo,16-inch,8GB,HP,14-inch,8GB
4,-0.1259765625,7.375,Lenovo,16-inch,8GB,HP,14-inch,16GB
4,5.7220458984375e-05,2.0,Lenovo,16-inch,8GB,HP,16-inch,4GB
4,-0.97265625,9.0,Lenovo,16-inch,8GB,HP,16-inch,8GB
4,-0.00089263916015625,3.0,Lenovo,16-inch,8GB,HP,16-inch,16GB
4,-10.5,9.5,Lenovo,16-inch,8GB,Dell,13-inch,4GB
4,-3.53125,9.5,Lenovo,16-inch,8GB,Dell,13-inch,8GB
4,-0.00799560546875,4.75,Lenovo,16-inch,8GB,Dell,13-inch,16GB
4,-10.875,9.5,Lenovo,16-inch,8GB,Dell,14-inch,4GB
4,-2.234375,9.375,Lenovo,16-inch,8GB,Dell,14-inch,8GB
4,-0.0478515625,6.4375,Lenovo,16-inch,8GB,Dell,14-inch,16GB
4,0.000179290771484375,1.75,Lenovo,16-inch,8GB,Dell,16-inch,4GB
4,-1.703125,9.3125,Lenovo,16-inch,8GB,Dell,16-inch,8GB
4,-0.00041961669921875,2.625,Lenovo,16-inch,8GB,Dell,16-inch,16GB
4,-13.25,9.5,Lenovo,16-inch,8GB,Apple,13-inch,4GB
4,-4.875,9.5,Lenovo,16-inch,8GB,Apple,13-inch,8GB
4,-0.0007171630859375,2.875,Lenovo,16-inch,8GB,Apple,13-inch,16GB
4,-13.625,9.5,Lenovo,16-inch,8GB,Apple,14-inch,4GB
4,-4.15625,9.5,Lenovo,16-inch,8GB,Apple,14-inch,8GB
4,-0.0015716552734375,3.375,Lenovo,16-inch,8GB,Apple,14-inch,16GB
4,-0.38671875,8.375,Lenovo,16-inch,8GB,Apple,16-inch,4GB
4,-0.03759765625,6.21875,Lenovo,16-inch,8GB,Apple,16-inch,8GB
4,-0.000301361083984375,2.5,Lenovo,16-inch,8GB,Apple,16-inch,16GB
4,-14.75,9.5,Lenovo,16-inch,16GB,ASUS,13-inch,4GB
4,-0.1259765625,7.375,Lenovo,16-inch,16GB,ASUS,13-inch,8GB
4,-5.75,9.5,Lenovo,16-inch,16GB,ASUS,13-inch,16GB
4,-16.0,9.5,Lenovo,16-inch,16GB,ASUS,14-inch,4GB
4,-0.251953125,8.0,Lenovo,16-inch,16GB,ASUS,14-inch,8GB
4,-5.625,9.5,Lenovo,16-inch,16GB,ASUS,14-inch,16GB
4,-0.0015716552734375,3.375,Lenovo,16-inch,16GB,ASUS,16-inch,4GB
4,-7.0,9.5,Lenovo,16-inch,16GB,ASUS,16-inch,8GB
4,-3.765625,9.5,Lenovo,16-inch,16GB,ASUS,16-inch,16GB
4,-12.5,9.5,Lenovo,16-inch,16GB,Lenovo,13-inch,4GB
4,-0.0478515625,6.4375,Lenovo,16-inch,16GB,Lenovo,13-inch,8GB
4,-5.125,9.5,Lenovo,16-inch,16GB,Lenovo,13-inch,16GB
4,-12.25,9.5,Lenovo,16-inch,16GB,Lenovo,14-inch,4GB
4,-1.9140625,9.3125,Lenovo,16-inch,16GB,Lenovo,14-inch,8GB
4,-5.25,9.5,Lenovo,16-inch,16GB,Lenovo,14-inch,16GB
4,0.0004520416259765625,0.75,Lenovo,16-inch,16GB,Lenovo,16-inch,4GB
4,-9.0,9.5,Lenovo,16-inch,16GB,Lenovo,16-inch,8GB
4,-14.375,9.5,Lenovo,16-inch,16GB,HP,13-inch,4GB
4,-0.0135498046875,5.25,Lenovo,16-inch,16GB,HP,13-inch,8GB
4,-5.125,9.5,Lenovo,16-inch,16GB,HP,13-inch,16GB
4,-14.75,9.5,Lenovo,16-inch,16GB,HP,14-inch,4GB
4,-0.0225830078125,5.75,Lenovo,16-inch,16GB,HP,14-inch,8GB
4,-4.875,9.5,Lenovo,16-inch,16GB,HP,14-inch,16GB
4,-0.00109100341796875,3.125,Lenovo,16-inch,16GB,HP,16-inch,4GB
4,-6.375,9.5,Lenovo,16-inch,16GB,HP,16-inch,8GB
4,-2.015625,9.375,Lenovo,16-inch,16GB,HP,16-inch,16GB
4,-15.5,9.5,Lenovo,16-inch,16GB,Dell,13-inch,4GB
4,-0.006103515625,4.5,Lenovo,16-inch,16GB,Dell,13-inch,8GB
4,-5.125,9.5,Lenovo,16-inch,16GB,Dell,13-inch,16GB
4,-16.25,9.5,Lenovo,16-inch,16GB,Dell,14-inch,4GB
4,-0.00799560546875,4.75,Lenovo,16-inch,16GB,Dell,14-inch,8GB
4,-4.5,9.5,Lenovo,16-inch,16GB,Dell,14-inch,16GB
4,-0.0007171630859375,2.875,Lenovo,16-inch,16GB,Dell,16-inch,4GB
4,-6.625,9.5,Lenovo,16-inch,16GB,Dell,16-inch,8GB
4,-3.046875,9.4375,Lenovo,16-inch,16GB,Dell,16-inch,16GB
4,-14.875,9.5,Lenovo,16-inch,16GB,Apple,13-inch,4GB
4,-0.0291748046875,5.96875,Lenovo,16-inch,16GB,Apple,13-inch,8GB
4,-3.40625,9.4375,Lenovo,16-inch,16GB,Apple,13-inch,16GB
4,-16.25,9.5,Lenovo,16-inch,16GB,Apple,14-inch,4GB
4,-0.03759765625,6.21875,Lenovo,16-inch,16GB,Apple,14-inch,8GB
4,-4.15625,9.5,Lenovo,16-inch,16GB,Apple,14-inch,16GB
4,-8.625,9.5,Lenovo,16-inch,16GB,Apple,16-inch,4GB
4,-4.5,9.5,Lenovo,16-inch,16GB,Apple,16-inch,8GB
4,-0.0198974609375,5.625,Lenovo,16-inch,16GB,Apple,16-inch,16GB
4,-0.004638671875,4.25,HP,13-inch,4GB,ASUS,13-inch,4GB
4,-12.125,9.5,HP,13-inch,4GB,ASUS,13-inch,8GB
4,-11.25,9.5,HP,13-inch,4GB,ASUS,13-inch,16GB
4,-0.00347900390625,4.0,HP,13-inch,4GB,ASUS,14-inch,4GB
4,-11.625,9.5,HP,13-inch,4GB,ASUS,14-inch,8GB
4,-10.5,9.5,HP,13-inch,4GB,ASUS,14-inch,16GB
4,-0.00055694580078125,2.75,HP,13-inch,4GB,ASUS,16-inch,4GB
4,-11.625,9.5,HP,13-inch,4GB,ASUS,16-inch,8GB
4,-8.375,9.5,HP,13-inch,4GB,ASUS,16-inch,16GB
4,-0.0615234375,6.6875,HP,13-inch,4GB,Lenovo,13-inch,4GB
4,-11.625,9.5,HP,13-inch,4GB,Lenovo,13-inch,8GB
4,-11.375,9.5,HP,13-inch,4GB,Lenovo,13-inch,16GB
4,-0.002197265625,3.625,HP,13-inch,4GB,Lenovo,14-inch,4GB
4,-11.75,9.5,HP,13-inch,4GB,Lenovo,14-inch,8GB
4,-10.875,9.5,HP,13-inch,4GB,Lenovo,14-inch,16GB
4,-1.52587890625e-05,2.125,HP,13-inch,4GB,Lenovo,16-inch,4GB
4,-11.5,9.5,HP,13-inch,4GB,Lenovo,16-inch,8GB
4,-8.875,9.5,HP,13-inch,4GB,Lenovo,16-inch,16GB
4,-16.75,9.5,HP,13-inch,4GB,HP,13-inch,8GB
4,-15.75,9.5,HP,13-inch,4GB,HP,13-inch,16GB
4,-2.8125,9.4375,HP,13-inch,4GB,HP,14-inch,4GB
4,-12.75,9.5,HP,13-inch,4GB,HP,14-inch,8GB
4,-12.5,9.5,HP,13-inch,4GB,HP,14-inch,16GB
4,-0.000301361083984375,2.5,HP,13-inch,4GB,HP,16-inch,4GB
4,-11.625,9.5,HP,13-inch,4GB,HP,16-inch,8GB
4,-8.625,9.5,HP,13-inch,4GB,HP,16-inch,16GB
4,-0.000301361083984375,2.5,HP,13-inch,4GB,Dell,13-inch,4GB
4,-11.625,9.5,HP,13-inch,4GB,Dell,13-inch,8GB
4,-11.0,9.5,HP,13-inch,4GB,Dell,13-inch,16GB
4,-1.52587890625e-05,2.125,HP,13-inch,4GB,Dell,14-inch,4GB
4,-11.375,9.5,HP,13-inch,4GB,Dell,14-inch,8GB
4,-10.25,9.5,HP,13-inch,4GB,Dell,14-inch,16GB
4,0.000274658203125,1.5,HP,13-inch,4GB,Dell,16-inch,4GB
4,-11.0,9.5,HP,13-inch,4GB,Dell,16-inch,8GB
4,-8.25,9.5,HP,13-inch,4GB,Dell,16-inch,16GB
4,0.000431060791015625,0.875,HP,13-inch,4GB,Apple,13-inch,4GB
4,-10.5,9.5,HP,13-inch,4GB,Apple,13-inch,8GB
4,-8.625,9.5,HP,13-inch,4GB,Apple,13-inch,16GB
4,0.000408172607421875,1.0,HP,13-inch,4GB,Apple,14-inch,4GB
4,-10.625,9.5,HP,13-inch,4GB,Apple,14-inch,8GB
4,-9.0,9.5,HP,13-inch,4GB,Apple,14-inch,16GB
4,0.00058746337890625,-1.25,HP,13-inch,4GB,Apple,16-inch,4GB
4,-10.625,9.5,HP,13-inch,4GB,Apple,16-inch,8GB
4,-7.25,9.5,HP,13-inch,4GB,Apple,16-inch,16GB
4,-7.5,9.5,HP,13-inch,8GB,ASUS,13-inch,4GB
4,-1.3125,9.1875,HP,13-inch,8GB,ASUS,13-inch,8GB
4,-0.00347900390625,4.0,HP,13-inch,8GB,ASUS,13-inch,16GB
4,-13.125,9.5,HP,13-inch,8GB,ASUS,14-inch,4GB
4,-3.53125,9.5,HP,13-inch,8GB,ASUS,14-inch,8GB
4,-0.0007171630859375,2.875,HP,13-inch,8GB,ASUS,14-inch,16GB
4,-10.625,9.5,HP,13-inch,8GB,ASUS,16-inch,4GB
4,-0.0135498046875,5.25,HP,13-inch,8GB,ASUS,16-inch,8GB
4,-0.00131988525390625,3.25,HP,13-inch,8GB,ASUS,16-inch,16GB
4,-6.75,9.5,HP,13-inch,8GB,Lenovo,13-inch,4GB
4,-1.703125,9.3125,HP,13-inch,8GB,Lenovo,13-inch,8GB
4,-0.001861572265625,3.5,HP,13-inch,8GB,Lenovo,13-inch,16GB
4,-12.875,9.5,HP,13-inch,8GB,Lenovo,14-inch,4GB
4,-1.703125,9.3125,HP,13-inch,8GB,Lenovo,14-inch,8GB
4,-0.0007171630859375,2.875,HP,13-inch,8GB,Lenovo,14-inch,16GB
4,-10.25,9.5,HP,13-inch,8GB,Lenovo,16-inch,4GB
4,-0.0135498046875,5.25,HP,13-inch,8GB,Lenovo,16-inch,8GB
4,-0.00055694580078125,2.75,HP,13-inch,8GB,Lenovo,16-inch,16GB
4,5.7220458984375e-05,2.0,HP,13-inch,8GB,HP,13-inch,4GB
4,-5.5,9.5,HP,13-inch,8GB,HP,13-inch,16GB
4,-8.625,9.5,HP,13-inch,8GB,HP,14-inch,4GB
4,-0.00531005859375,4.375,HP,13-inch,8GB,HP,14-inch,8GB
4,-0.003997802734375,4.125,HP,13-inch,8GB,HP,14-inch,16GB
4,-0.97265625,9.0,HP,13-inch,8GB,HP,16-inch,4GB
4,-0.1591796875,7.59375,HP,13-inch,8GB,HP,16-inch,8GB
4,-0.003997802734375,4.125,HP,13-inch,8GB,HP,16-inch,16GB
4,-7.0,9.5,HP,13-inch,8GB,Dell,13-inch,4GB
4,-1.140625,9.125,HP,13-inch,8GB,Dell,13-inch,8GB
4,-0.00089263916015625,3.0,HP,13-inch,8GB,Dell,13-inch,16GB
4,-12.75,9.5,HP,13-inch,8GB,Dell,14-inch,4GB
4,-0.0615234375,6.6875,HP,13-inch,8GB,Dell,14-inch,8GB
4,-0.000194549560546875,2.375,HP,13-inch,8GB,Dell,14-inch,16GB
4,-9.5,9.5,HP,13-inch,8GB,Dell,16-inch,4GB
4,-0.00531005859375,4.375,HP,13-inch,8GB,Dell,16-inch,8GB
4,-0.000194549560546875,2.375,HP,13-inch,8GB,Dell,16-inch,16GB
4,-8.5,9.5,HP,13-inch,8GB,Apple,13-inch,4GB
4,-4.75,9.5,HP,13-inch,8GB,Apple,13-inch,8GB
4,-0.002197265625,3.625,HP,13-inch,8GB,Apple,13-inch,16GB
4,-11.625,9.5,HP,13-inch,8GB,Apple,14-inch,4GB
4,-5.625,9.5,HP,13-inch,8GB,Apple,14-inch,8GB
4,-0.00131988525390625,3.25,HP,13-inch,8GB,Apple,14-inch,16GB
4,-7.625,9.5,HP,13-inch,8GB,Apple,16-inch,4GB
4,-0.0198974609375,5.625,HP,13-inch,8GB,Apple,16-inch,8GB
4,-0.00041961669921875,2.625,HP,13-inch,8GB,Apple,16-inch,16GB
4,-13.0,9.5,HP,13-inch,16GB,ASUS,13-inch,4GB
4,-7.25,9.5,HP,13-inch,16GB,ASUS,13-inch,8GB
4,-0.033203125,6.09375,HP,13-inch,16GB,ASUS,13-inch,16GB
4,-18.625,9.5,HP,13-inch,16GB,ASUS,14-inch,4GB
4,-6.5,9.5,HP,13-inch,16GB,ASUS,14-inch,8GB
4,-4.375,9.5,HP,13-inch,16GB,ASUS,14-inch,16GB
4,-14.125,9.5,HP,13-inch,16GB,ASUS,16-inch,4GB
4,-6.125,9.5,HP,13-inch,16GB,ASUS,16-inch,8GB
4,-0.0091552734375,4.875,HP,13-inch,16GB,ASUS,16-inch,16GB
4,-12.875,9.5,HP,13-inch,16GB,Lenovo,13-inch,4GB
4,-7.25,9.5,HP,13-inch,16GB,Lenovo,13-inch,8GB
4,-0.04248046875,6.3125,HP,13-inch,16GB,Lenovo,13-inch,16GB
4,-18.75,9.5,HP,13-inch,16GB,Lenovo,14-inch,4GB
4,-6.125,9.5,HP,13-inch,16GB,Lenovo,14-inch,8GB
4,-3.40625,9.4375,HP,13-inch,16GB,Lenovo,14-inch,16GB
4,-14.125,9.5,HP,13-inch,16GB,Lenovo,16-inch,4GB
4,-6.375,9.5,HP,13-inch,16GB,Lenovo,16-inch,8GB
4,-0.00531005859375,4.375,HP,13-inch,16GB,Lenovo,16-inch,16GB
4,-0.0615234375,6.6875,HP,13-inch,16GB,HP,13-inch,4GB
4,-10.875,9.5,HP,13-inch,16GB,HP,13-inch,8GB
4,-15.875,9.5,HP,13-inch,16GB,HP,14-inch,4GB
4,-7.375,9.5,HP,13-inch,16GB,HP,14-inch,8GB
4,-0.28125,8.125,HP,13-inch,16GB,HP,14-inch,16GB
4,-7.625,9.5,HP,13-inch,16GB,HP,16-inch,4GB
4,-6.625,9.5,HP,13-inch,16GB,HP,16-inch,8GB
4,-0.004638671875,4.25,HP,13-inch,16GB,HP,16-inch,16GB
4,-12.0,9.5,HP,13-inch,16GB,Dell,13-inch,4GB
4,-7.375,9.5,HP,13-inch,16GB,Dell,13-inch,8GB
4,-0.0135498046875,5.25,HP,13-inch,16GB,Dell,13-inch,16GB
4,-18.625,9.5,HP,13-inch,16GB,Dell,14-inch,4GB
4,-6.0,9.5,HP,13-inch,16GB,Dell,14-inch,8GB
4,-0.82421875,8.9375,HP,13-inch,16GB,Dell,14-inch,16GB
4,-13.75,9.5,HP,13-inch,16GB,Dell,16-inch,4GB
4,-5.625,9.5,HP,13-inch,16GB,Dell,16-inch,8GB
4,-0.00347900390625,4.0,HP,13-inch,16GB,Dell,16-inch,16GB
4,-15.75,9.5,HP,13-inch,16GB,Apple,13-inch,4GB
4,-5.75,9.5,HP,13-inch,16GB,Apple,13-inch,8GB
4,-4.875,9.5,HP,13-inch,16GB,Apple,13-inch,16GB
4,-17.125,9.5,HP,13-inch,16GB,Apple,14-inch,4GB
4,-5.875,9.5,HP,13-inch,16GB,Apple,14-inch,8GB
4,-6.125,9.5,HP,13-inch,16GB,Apple,14-inch,16GB
4,-11.5,9.5,HP,13-inch,16GB,Apple,16-inch,4GB
4,-1.3125,9.1875,HP,13-inch,16GB,Apple,16-inch,8GB
4,-3.171875,9.4375,HP,13-inch,16GB,Apple,16-inch,16GB
4,-0.00109100341796875,3.125,HP,14-inch,4GB,ASUS,13-inch,4GB
4,-12.625,9.5,HP,14-inch,4GB,ASUS,13-inch,8GB
4,-11.5,9.5,HP,14-inch,4GB,ASUS,13-inch,16GB
4,-0.0025634765625,3.75,HP,14-inch,4GB,ASUS,14-inch,4GB
4,-12.875,9.5,HP,14-inch,4GB,ASUS,14-inch,8GB
4,-12.125,9.5,HP,14-inch,4GB,ASUS,14-inch,16GB
4,-0.00109100341796875,3.125,HP,14-inch,4GB,ASUS,16-inch,4GB
4,-11.625,9.5,HP,14-inch,4GB,ASUS,16-inch,8GB
4,-8.875,9.5,HP,14-inch,4GB,ASUS,16-inch,16GB
4,-0.00131988525390625,3.25,HP,14-inch,4GB,Lenovo,13-inch,4GB
4,-12.5,9.5,HP,14-inch,4GB,Lenovo,13-inch,8GB
4,-11.875,9.5,HP,14-inch,4GB,Lenovo,13-inch,16GB
4,-0.00531005859375,4.375,HP,14-inch,4GB,Lenovo,14-inch,4GB
4,-13.0,9.5,HP,14-inch,4GB,Lenovo,14-inch,8GB
4,-12.5,9.5,HP,14-inch,4GB,Lenovo,14-inch,16GB
4,-0.000194549560546875,2.375,HP,14-inch,4GB,Lenovo,16-inch,4GB
4,-11.25,9.5,HP,14-inch,4GB,Lenovo,16-inch,8GB
4,-9.0,9.5,HP,14-inch,4GB,Lenovo,16-inch,16GB
4,-1.52587890625e-05,2.125,HP,14-inch,4GB,HP,13-inch,4GB
4,-14.625,9.5,HP,14-inch,4GB,HP,13-inch,8GB
4,-16.25,9.5,HP,14-inch,4GB,HP,13-inch,16GB
4,-17.875,9.5,HP,14-inch,4GB,HP,14-inch,8GB
4,-17.25,9.5,HP,14-inch,4GB,HP,14-inch,16GB
4,-0.0007171630859375,2.875,HP,14-inch,4GB,HP,16-inch,4GB
4,-12.25,9.5,HP,14-inch,4GB,HP,16-inch,8GB
4,-9.25,9.5,HP,14-inch,4GB,HP,16-inch,16GB
4,-9.918212890625e-05,2.25,HP,14-inch,4GB,Dell,13-inch,4GB
4,-12.125,9.5,HP,14-inch,4GB,Dell,13-inch,8GB
4,-11.375,9.5,HP,14-inch,4GB,Dell,13-inch,16GB
4,-0.000194549560546875,2.375,HP,14-inch,4GB,Dell,14-inch,4GB
4,-12.375,9.5,HP,14-inch,4GB,Dell,14-inch,8GB
4,-11.75,9.5,HP,14-inch,4GB,Dell,14-inch,16GB
4,5.7220458984375e-05,2.0,HP,14-inch,4GB,Dell,16-inch,4GB
4,-10.875,9.5,HP,14-inch,4GB,Dell,16-inch,8GB
4,-8.375,9.5,HP,14-inch,4GB,Dell,16-inch,16GB
4,0.0003490447998046875,1.25,HP,14-inch,4GB,Apple,13-inch,4GB
4,-10.25,9.5,HP,14-inch,4GB,Apple,13-inch,8GB
4,-8.75,9.5,HP,14-inch,4GB,Apple,13-inch,16GB
4,0.0005340576171875,0.0,HP,14-inch,4GB,Apple,14-inch,4GB
4,-10.875,9.5,HP,14-inch,4GB,Apple,14-inch,8GB
4,-8.875,9.5,HP,14-inch,4GB,Apple,14-inch,16GB
4,0.000579833984375,-0.875,HP,14-inch,4GB,Apple,16-inch,4GB
4,-10.5,9.5,HP,14-inch,4GB,Apple,16-inch,8GB
4,-7.75,9.5,HP,14-inch,4GB,Apple,16-inch,16GB
4,-10.0,9.5,HP,14-inch,8GB,ASUS,13-inch,4GB
4,-5.625,9.5,HP,14-inch,8GB,ASUS,13-inch,8GB
4,-0.00531005859375,4.375,HP,14-inch,8GB,ASUS,13-inch,16GB
4,-0.1259765625,7.375,HP,14-inch,8GB,ASUS,14-inch,4GB
4,-1.140625,9.125,HP,14-inch,8GB,ASUS,14-inch,8GB
4,-0.00531005859375,4.375,HP,14-inch,8GB,ASUS,14-inch,16GB
4,-8.625,9.5,HP,14-inch,8GB,ASUS,16-inch,4GB
4,-0.015380859375,5.34375,HP,14-inch,8GB,ASUS,16-inch,8GB
4,-0.0015716552734375,3.375,HP,14-inch,8GB,ASUS,16-inch,16GB
4,-10.625,9.5,HP,14-inch,8GB,Lenovo,13-inch,4GB
4,-5.25,9.5,HP,14-inch,8GB,Lenovo,13-inch,8GB
4,-0.00799560546875,4.75,HP,14-inch,8GB,Lenovo,13-inch,16GB
4,-0.07861328125,6.9375,HP,14-inch,8GB,Lenovo,14-inch,4GB
4,-1.140625,9.125,HP,14-inch,8GB,Lenovo,14-inch,8GB
4,-0.006103515625,4.5,HP,14-inch,8GB,Lenovo,14-inch,16GB
4,-8.5,9.5,HP,14-inch,8GB,Lenovo,16-inch,4GB
4,-0.0091552734375,4.875,HP,14-inch,8GB,Lenovo,16-inch,8GB
4,-0.00055694580078125,2.75,HP,14-inch,8GB,Lenovo,16-inch,16GB
4,-2.125,9.375,HP,14-inch,8GB,HP,13-inch,4GB
4,-6.0,9.5,HP,14-inch,8GB,HP,13-inch,8GB
4,-6.25,9.5,HP,14-inch,8GB,HP,13-inch,16GB
4,-1.52587890625e-05,2.125,HP,14-inch,8GB,HP,14-inch,4GB
4,-6.0,9.5,HP,14-inch,8GB,HP,14-inch,16GB
4,-0.006103515625,4.5,HP,14-inch,8GB,HP,16-inch,4GB
4,-0.017578125,5.46875,HP,14-inch,8GB,HP,16-inch,8GB
4,-0.006988525390625,4.625,HP,14-inch,8GB,HP,16-inch,16GB
4,-11.25,9.5,HP,14-inch,8GB,Dell,13-inch,4GB
4,-4.25,9.5,HP,14-inch,8GB,Dell,13-inch,8GB
4,-0.001861572265625,3.5,HP,14-inch,8GB,Dell,13-inch,16GB
4,-1.140625,9.125,HP,14-inch,8GB,Dell,14-inch,4GB
4,-0.97265625,9.0,HP,14-inch,8GB,Dell,14-inch,8GB
4,-0.002197265625,3.625,HP,14-inch,8GB,Dell,14-inch,16GB
4,-8.375,9.5,HP,14-inch,8GB,Dell,16-inch,4GB
4,-0.004638671875,4.25,HP,14-inch,8GB,Dell,16-inch,8GB
4,-9.918212890625e-05,2.25,HP,14-inch,8GB,Dell,16-inch,16GB
4,-12.125,9.5,HP,14-inch,8GB,Apple,13-inch,4GB
4,-5.125,9.5,HP,14-inch,8GB,Apple,13-inch,8GB
4,-0.00089263916015625,3.0,HP,14-inch,8GB,Apple,13-inch,16GB
4,-7.375,9.5,HP,14-inch,8GB,Apple,14-inch,4GB
4,-3.765625,9.5,HP,14-inch,8GB,Apple,14-inch,8GB
4,-0.002197265625,3.625,HP,14-inch,8GB,Apple,14-inch,16GB
4,-6.875,9.5,HP,14-inch,8GB,Apple,16-inch,4GB
4,-0.006103515625,4.5,HP,14-inch,8GB,Apple,16-inch,8GB
4,-0.00055694580078125,2.75,HP,14-inch,8GB,Apple,16-inch,16GB
4,-16.625,9.5,HP,14-inch,16GB,ASUS,13-inch,4GB
4,-0.1259765625,7.375,HP,14-inch,16GB,ASUS,13-inch,8GB
4,-5.375,9.5,HP,14-inch,16GB,ASUS,13-inch,16GB
4,-0.1259765625,7.375,HP,14-inch,16GB,ASUS,14-inch,4GB
4,-6.625,9.5,HP,14-inch,16GB,ASUS,14-inch,8GB
4,-0.0615234375,6.6875,HP,14-inch,16GB,ASUS,14-inch,16GB
4,-11.25,9.5,HP,14-inch,16GB,ASUS,16-inch,4GB
4,-0.3125,8.1875,HP,14-inch,16GB,ASUS,16-inch,8GB
4,-0.00347900390625,4.0,HP,14-inch,16GB,ASUS,16-inch,16GB
4,-16.75,9.5,HP,14-inch,16GB,Lenovo,13-inch,4GB
4,-0.0225830078125,5.75,HP,14-inch,16GB,Lenovo,13-inch,8GB
4,-5.25,9.5,HP,14-inch,16GB,Lenovo,13-inch,16GB
4,-1.703125,9.3125,HP,14-inch,16GB,Lenovo,14-inch,4GB
4,-6.25,9.5,HP,14-inch,16GB,Lenovo,14-inch,8GB
4,-0.0225830078125,5.75,HP,14-inch,16GB,Lenovo,14-inch,16GB
4,-11.5,9.5,HP,14-inch,16GB,Lenovo,16-inch,4GB
4,-3.765625,9.5,HP,14-inch,16GB,Lenovo,16-inch,8GB
4,-0.0015716552734375,3.375,HP,14-inch,16GB,Lenovo,16-inch,16GB
4,-14.25,9.5,HP,14-inch,16GB,HP,13-inch,4GB
4,-5.0,9.5,HP,14-inch,16GB,HP,13-inch,8GB
4,-3.046875,9.4375,HP,14-inch,16GB,HP,13-inch,16GB
4,-9.918212890625e-05,2.25,HP,14-inch,16GB,HP,14-inch,4GB
4,-10.125,9.5,HP,14-inch,16GB,HP,14-inch,8GB
4,-0.01043701171875,5.0,HP,14-inch,16GB,HP,16-inch,4GB
4,-5.875,9.5,HP,14-inch,16GB,HP,16-inch,8GB
4,-0.00089263916015625,3.0,HP,14-inch,16GB,HP,16-inch,16GB
4,-17.0,9.5,HP,14-inch,16GB,Dell,13-inch,4GB
4,-0.006103515625,4.5,HP,14-inch,16GB,Dell,13-inch,8GB
4,-4.03125,9.5,HP,14-inch,16GB,Dell,13-inch,16GB
4,-4.03125,9.5,HP,14-inch,16GB,Dell,14-inch,4GB
4,-6.125,9.5,HP,14-inch,16GB,Dell,14-inch,8GB
4,-0.0225830078125,5.75,HP,14-inch,16GB,Dell,14-inch,16GB
4,-11.125,9.5,HP,14-inch,16GB,Dell,16-inch,4GB
4,-0.017578125,5.46875,HP,14-inch,16GB,Dell,16-inch,8GB
4,-0.00131988525390625,3.25,HP,14-inch,16GB,Dell,16-inch,16GB
4,-15.625,9.5,HP,14-inch,16GB,Apple,13-inch,4GB
4,-0.006988525390625,4.625,HP,14-inch,16GB,Apple,13-inch,8GB
4,-3.65625,9.5,HP,14-inch,16GB,Apple,13-inch,16GB
4,-12.5,9.5,HP,14-inch,16GB,Apple,14-inch,4GB
4,-0.01043701171875,5.0,HP,14-inch,16GB,Apple,14-inch,8GB
4,-5.25,9.5,HP,14-inch,16GB,Apple,14-inch,16GB
4,-10.125,9.5,HP,14-inch,16GB,Apple,16-inch,4GB
4,-0.00299072265625,3.875,HP,14-inch,16GB,Apple,16-inch,8GB
4,-0.38671875,8.375,HP,14-inch,16GB,Apple,16-inch,16GB
4,-7.75,9.5,HP,16-inch,4GB,ASUS,13-inch,4GB
4,-12.625,9.5,HP,16-inch,4GB,ASUS,13-inch,8GB
4,-12.125,9.5,HP,16-inch,4GB,ASUS,13-inch,16GB
4,-8.125,9.5,HP,16-inch,4GB,ASUS,14-inch,4GB
4,-13.375,9.5,HP,16-inch,4GB,ASUS,14-inch,8GB
4,-12.75,9.5,HP,16-inch,4GB,ASUS,14-inch,16GB
4,-4.375,9.5,HP,16-inch,4GB,ASUS,16-inch,4GB
4,-15.875,9.5,HP,16-inch,4GB,ASUS,16-inch,8GB
4,-10.125,9.5,HP,16-inch,4GB,ASUS,16-inch,16GB
4,-7.75,9.5,HP,16-inch,4GB,Lenovo,13-inch,4GB
4,-12.625,9.5,HP,16-inch,4GB,Lenovo,13-inch,8GB
4,-12.0,9.5,HP,16-inch,4GB,Lenovo,13-inch,16GB
4,-7.875,9.5,HP,16-inch,4GB,Lenovo,14-inch,4GB
4,-12.75,9.5,HP,16-inch,4GB,Lenovo,14-inch,8GB
4,-12.375,9.5,HP,16-inch,4GB,Lenovo,14-inch,16GB
4,-4.75,9.5,HP,16-inch,4GB,Lenovo,16-inch,4GB
4,-15.5,9.5,HP,16-inch,4GB,Lenovo,16-inch,8GB
4,-10.625,9.5,HP,16-inch,4GB,Lenovo,16-inch,16GB
4,-6.125,9.5,HP,16-inch,4GB,HP,13-inch,4GB
4,-15.5,9.5,HP,16-inch,4GB,HP,13-inch,8GB
4,-14.875,9.5,HP,16-inch,4GB,HP,13-inch,16GB
4,-5.375,9.5,HP,16-inch,4GB,HP,14-inch,4GB
4,-16.875,9.5,HP,16-inch,4GB,HP,14-inch,8GB
4,-17.375,9.5,HP,16-inch,4GB,HP,14-inch,16GB
4,-17.75,9.5,HP,16-inch,4GB,HP,16-inch,8GB
4,-15.5,9.5,HP,16-inch,4GB,HP,16-inch,16GB
4,-7.125,9.5,HP,16-inch,4GB,Dell,13-inch,4GB
4,-12.375,9.5,HP,16-inch,4GB,Dell,13-inch,8GB
4,-12.125,9.5,HP,16-inch,4GB,Dell,13-inch,16GB
4,-7.375,9.5,HP,16-inch,4GB,Dell,14-inch,4GB
4,-12.625,9.5,HP,16-inch,4GB,Dell,14-inch,8GB
4,-12.125,9.5,HP,16-inch,4GB,Dell,14-inch,16GB
4,-1.2265625,9.125,HP,16-inch,4GB,Dell,16-inch,4GB
4,-15.25,9.5,HP,16-inch,4GB,Dell,16-inch,8GB
4,-10.625,9.5,HP,16-inch,4GB,Dell,16-inch,16GB
4,-3.765625,9.5,HP,16-inch,4GB,Apple,13-inch,4GB
4,-10.5,9.5,HP,16-inch,4GB,Apple,13-inch,8GB
4,-8.875,9.5,HP,16-inch,4GB,Apple,13-inch,16GB
4,-0.0198974609375,5.625,HP,16-inch,4GB,Apple,14-inch,4GB
4,-10.75,9.5,HP,16-inch,4GB,Apple,14-inch,8GB
4,-9.25,9.5,HP,16-inch,4GB,Apple,14-inch,16GB
4,-0.00041961669921875,2.625,HP,16-inch,4GB,Apple,16-inch,4GB
4,-12.5,9.5,HP,16-inch,4GB,Apple,16-inch,8GB
4,-7.625,9.5,HP,16-inch,4GB,Apple,16-inch,16GB
4,-10.375,9.5,HP,16-inch,8GB,ASUS,13-inch,4GB
4,-5.625,9.5,HP,16-inch,8GB,ASUS,13-inch,8GB
4,-0.01190185546875,5.125,HP,16-inch,8GB,ASUS,13-inch,16GB
4,-9.625,9.5,HP,16-inch,8GB,ASUS,14-inch,4GB
4,-5.25,9.5,HP,16-inch,8GB,ASUS,14-inch,8GB
4,-2.125,9.375,HP,16-inch,8GB,ASUS,14-inch,16GB
4,0.0004520416259765625,0.75,HP,16-inch,8GB,ASUS,16-inch,4GB
4,-2.234375,9.375,HP,16-inch,8GB,ASUS,16-inch,8GB
4,-0.0015716552734375,3.375,HP,16-inch,8GB,ASUS,16-inch,16GB
4,-9.375,9.5,HP,16-inch,8GB,Lenovo,13-inch,4GB
4,-5.25,9.5,HP,16-inch,8GB,Lenovo,13-inch,8GB
4,-0.01043701171875,5.0,HP,16-inch,8GB,Lenovo,13-inch,16GB
4,-9.375,9.5,HP,16-inch,8GB,Lenovo,14-inch,4GB
4,-4.75,9.5,HP,16-inch,8GB,Lenovo,14-inch,8GB
4,-2.578125,9.4375,HP,16-inch,8GB,Lenovo,14-inch,16GB
4,0.000469207763671875,0.625,HP,16-inch,8GB,Lenovo,16-inch,4GB
4,-2.125,9.375,HP,16-inch,8GB,Lenovo,16-inch,8GB
4,-0.00041961669921875,2.625,HP,16-inch,8GB,Lenovo,16-inch,16GB
4,-6.625,9.5,HP,16-inch,8GB,HP,13-inch,4GB
4,-4.25,9.5,HP,16-inch,8GB,HP,13-inch,8GB
4,-5.5,9.5,HP,16-inch,8GB,HP,13-inch,16GB
4,-6.5,9.5,HP,16-inch,8GB,HP,14-inch,4GB
4,-4.75,9.5,HP,16-inch,8GB,HP,14-inch,8GB
4,-7.0,9.5,HP,16-inch,8GB,HP,14-inch,16GB
4,0.0005035400390625,0.375,HP,16-inch,8GB,HP,16-inch,4GB
4,-5.875,9.5,HP,16-inch,8GB,HP,16-inch,16GB
4,-10.375,9.5,HP,16-inch,8GB,Dell,13-inch,4GB
4,-3.046875,9.4375,HP,16-inch,8GB,Dell,13-inch,8GB
4,-0.006103515625,4.5,HP,16-inch,8GB,Dell,13-inch,16GB
4,-9.25,9.5,HP,16-inch,8GB,Dell,14-inch,4GB
4,-3.046875,9.4375,HP,16-inch,8GB,Dell,14-inch,8GB
4,-0.0225830078125,5.75,HP,16-inch,8GB,Dell,14-inch,16GB
4,0.000545501708984375,-0.125,HP,16-inch,8GB,Dell,16-inch,4GB
4,-1.9140625,9.3125,HP,16-inch,8GB,Dell,16-inch,8GB
4,-0.000301361083984375,2.5,HP,16-inch,8GB,Dell,16-inch,16GB
4,-11.875,9.5,HP,16-inch,8GB,Apple,13-inch,4GB
4,-5.125,9.5,HP,16-inch,8GB,Apple,13-inch,8GB
4,-0.0007171630859375,2.875,HP,16-inch,8GB,Apple,13-inch,16GB
4,-12.5,9.5,HP,16-inch,8GB,Apple,14-inch,4GB
4,-4.75,9.5,HP,16-inch,8GB,Apple,14-inch,8GB
4,-0.00131988525390625,3.25,HP,16-inch,8GB,Apple,14-inch,16GB
4,-0.001861572265625,3.5,HP,16-inch,8GB,Apple,16-inch,4GB
4,-0.099609375,7.15625,HP,16-inch,8GB,Apple,16-inch,8GB
4,-0.000194549560546875,2.375,HP,16-inch,8GB,Apple,16-inch,16GB
4,-15.25,9.5,HP,16-inch,16GB,ASUS,13-inch,4GB
4,-0.03759765625,6.21875,HP,16-inch,16GB,ASUS,13-inch,8GB
4,-6.0,9.5,HP,16-inch,16GB,ASUS,13-inch,16GB
4,-15.75,9.5,HP,16-inch,16GB,ASUS,14-inch,4GB
4,-0.0225830078125,5.75,HP,16-inch,16GB,ASUS,14-inch,8GB
4,-6.125,9.5,HP,16-inch,16GB,ASUS,14-inch,16GB
4,-0.000194549560546875,2.375,HP,16-inch,16GB,ASUS,16-inch,4GB
4,-6.875,9.5,HP,16-inch,16GB,ASUS,16-inch,8GB
4,-2.6875,9.4375,HP,16-inch,16GB,ASUS,16-inch,16GB
4,-15.25,9.5,HP,16-inch,16GB,Lenovo,13-inch,4GB
4,-0.004608154296875,4.25,HP,16-inch,16GB,Lenovo,13-inch,8GB
4,-5.875,9.5,HP,16-inch,16GB,Lenovo,13-inch,16GB
4,-15.125,9.5,HP,16-inch,16GB,Lenovo,14-inch,4GB
4,-0.00531005859375,4.375,HP,16-inch,16GB,Lenovo,14-inch,8GB
4,-5.625,9.5,HP,16-inch,16GB,Lenovo,14-inch,16GB
4,-0.002197265625,3.625,HP,16-inch,16GB,Lenovo,16-inch,4GB
4,-6.875,9.5,HP,16-inch,16GB,Lenovo,16-inch,8GB
4,-3.171875,9.4375,HP,16-inch,16GB,Lenovo,16-inch,16GB
4,-14.5,9.5,HP,16-inch,16GB,HP,13-inch,4GB
4,-0.0615234375,6.6875,HP,16-inch,16GB,HP,13-inch,8GB
4,-5.875,9.5,HP,16-inch,16GB,HP,13-inch,16GB
4,-13.75,9.5,HP,16-inch,16GB,HP,14-inch,4GB
4,-2.8125,9.4375,HP,16-inch,16GB,HP,14-inch,8GB
4,-5.75,9.5,HP,16-inch,16GB,HP,14-inch,16GB
4,0.000408172607421875,1.0,HP,16-inch,16GB,HP,16-inch,4GB
4,-9.875,9.5,HP,16-inch,16GB,HP,16-inch,8GB
4,-15.875,9.5,HP,16-inch,16GB,Dell,13-inch,4GB
4,-0.00347900390625,4.0,HP,16-inch,16GB,Dell,13-inch,8GB
4,-5.375,9.5,HP,16-inch,16GB,Dell,13-inch,16GB
4,-16.125,9.5,HP,16-inch,16GB,Dell,14-inch,4GB
4,-0.004608154296875,4.25,HP,16-inch,16GB,Dell,14-inch,8GB
4,-5.125,9.5,HP,16-inch,16GB,Dell,14-inch,16GB
4,0.000179290771484375,1.75,HP,16-inch,16GB,Dell,16-inch,4GB
4,-7.125,9.5,HP,16-inch,16GB,Dell,16-inch,8GB
4,-1.703125,9.3125,HP,16-inch,16GB,Dell,16-inch,16GB
4,-15.5,9.5,HP,16-inch,16GB,Apple,13-inch,4GB
4,-0.0091552734375,4.875,HP,16-inch,16GB,Apple,13-inch,8GB
4,-4.03125,9.5,HP,16-inch,16GB,Apple,13-inch,16GB
4,-15.875,9.5,HP,16-inch,16GB,Apple,14-inch,4GB
4,-0.0091552734375,4.875,HP,16-inch,16GB,Apple,14-inch,8GB
4,-4.5,9.5,HP,16-inch,16GB,Apple,14-inch,16GB
4,-7.375,9.5,HP,16-inch,16GB,Apple,16-inch,4GB
4,-4.75,9.5,HP,16-inch,16GB,Apple,16-inch,8GB
4,-0.1123046875,7.25,HP,16-inch,16GB,Apple,16-inch,16GB
4,-0.002197265625,3.625,Dell,13-inch,4GB,ASUS,13-inch,4GB
4,-11.875,9.5,Dell,13-inch,4GB,ASUS,13-inch,8GB
4,-11.125,9.5,Dell,13-inch,4GB,ASUS,13-inch,16GB
4,-0.00089263916015625,3.0,Dell,13-inch,4GB,ASUS,14-inch,4GB
4,-11.875,9.5,Dell,13-inch,4GB,ASUS,14-inch,8GB
4,-10.875,9.5,Dell,13-inch,4GB,ASUS,14-inch,16GB
4,-1.52587890625e-05,2.125,Dell,13-inch,4GB,ASUS,16-inch,4GB
4,-11.375,9.5,Dell,13-inch,4GB,ASUS,16-inch,8GB
4,-8.375,9.5,Dell,13-inch,4GB,ASUS,16-inch,16GB
4,-0.033203125,6.09375,Dell,13-inch,4GB,Lenovo,13-inch,4GB
4,-12.0,9.5,Dell,13-inch,4GB,Lenovo,13-inch,8GB
4,-11.625,9.5,Dell,13-inch,4GB,Lenovo,13-inch,16GB
4,-0.0007171630859375,2.875,Dell,13-inch,4GB,Lenovo,14-inch,4GB
4,-11.875,9.5,Dell,13-inch,4GB,Lenovo,14-inch,8GB
4,-11.125,9.5,Dell,13-inch,4GB,Lenovo,14-inch,16GB
4,0.0001220703125,1.875,Dell,13-inch,4GB,Lenovo,16-inch,4GB
4,-11.375,9.5,Dell,13-inch,4GB,Lenovo,16-inch,8GB
4,-8.75,9.5,Dell,13-inch,4GB,Lenovo,16-inch,16GB
4,-1.52587890625e-05,2.125,Dell,13-inch,4GB,HP,13-inch,4GB
4,-11.5,9.5,Dell,13-inch,4GB,HP,13-inch,8GB
4,-11.25,9.5,Dell,13-inch,4GB,HP,13-inch,16GB
4,0.0002307891845703125,1.625,Dell,13-inch,4GB,HP,14-inch,4GB
4,-11.75,9.5,Dell,13-inch,4GB,HP,14-inch,8GB
4,-10.875,9.5,Dell,13-inch,4GB,HP,14-inch,16GB
4,0.000179290771484375,1.75,Dell,13-inch,4GB,HP,16-inch,4GB
4,-11.25,9.5,Dell,13-inch,4GB,HP,16-inch,8GB
4,-8.375,9.5,Dell,13-inch,4GB,HP,16-inch,16GB
4,-15.875,9.5,Dell,13-inch,4GB,Dell,13-inch,8GB
4,-14.25,9.5,Dell,13-inch,4GB,Dell,13-inch,16GB
4,-2.125,9.375,Dell,13-inch,4GB,Dell,14-inch,4GB
4,-12.0,9.5,Dell,13-inch,4GB,Dell,14-inch,8GB
4,-12.0,9.5,Dell,13-inch,4GB,Dell,14-inch,16GB
4,0.0002307891845703125,1.625,Dell,13-inch,4GB,Dell,16-inch,4GB
4,-11.0,9.5,Dell,13-inch,4GB,Dell,16-inch,8GB
4,-8.5,9.5,Dell,13-inch,4GB,Dell,16-inch,16GB
4,0.0005035400390625,0.375,Dell,13-inch,4GB,Apple,13-inch,4GB
4,-10.75,9.5,Dell,13-inch,4GB,Apple,13-inch,8GB
4,-8.0,9.5,Dell,13-inch,4GB,Apple,13-inch,16GB
4,0.0004520416259765625,0.75,Dell,13-inch,4GB,Apple,14-inch,4GB
4,-10.75,9.5,Dell,13-inch,4GB,Apple,14-inch,8GB
4,-8.75,9.5,Dell,13-inch,4GB,Apple,14-inch,16GB
4,0.0005950927734375,-1.5,Dell,13-inch,4GB,Apple,16-inch,4GB
4,-10.375,9.5,Dell,13-inch,4GB,Apple,16-inch,8GB
4,-7.125,9.5,Dell,13-inch,4GB,Apple,16-inch,16GB
4,-6.0,9.5,Dell,13-inch,8GB,ASUS,13-inch,4GB
4,-3.28125,9.4375,Dell,13-inch,8GB,ASUS,13-inch,8GB
4,-0.004638671875,4.25,Dell,13-inch,8GB,ASUS,13-inch,16GB
4,-13.625,9.5,Dell,13-inch,8GB,ASUS,14-inch,4GB
4,-4.03125,9.5,Dell,13-inch,8GB,ASUS,14-inch,8GB
4,-0.00109100341796875,3.125,Dell,13-inch,8GB,ASUS,14-inch,16GB
4,-10.875,9.5,Dell,13-inch,8GB,ASUS,16-inch,4GB
4,-0.01190185546875,5.125,Dell,13-inch,8GB,ASUS,16-inch,8GB
4,-0.0015716552734375,3.375,Dell,13-inch,8GB,ASUS,16-inch,16GB
4,-5.5,9.5,Dell,13-inch,8GB,Lenovo,13-inch,4GB
4,-2.578125,9.4375,Dell,13-inch,8GB,Lenovo,13-inch,8GB
4,-0.00299072265625,3.875,Dell,13-inch,8GB,Lenovo,13-inch,16GB
4,-13.375,9.5,Dell,13-inch,8GB,Lenovo,14-inch,4GB
4,-1.9140625,9.3125,Dell,13-inch,8GB,Lenovo,14-inch,8GB
4,-0.0007171630859375,2.875,Dell,13-inch,8GB,Lenovo,14-inch,16GB
4,-10.125,9.5,Dell,13-inch,8GB,Lenovo,16-inch,4GB
4,-0.01043701171875,5.0,Dell,13-inch,8GB,Lenovo,16-inch,8GB
4,-0.00089263916015625,3.0,Dell,13-inch,8GB,Lenovo,16-inch,16GB
4,-2.34375,9.375,Dell,13-inch,8GB,HP,13-inch,4GB
4,-0.69140625,8.8125,Dell,13-inch,8GB,HP,13-inch,8GB
4,-0.002197265625,3.625,Dell,13-inch,8GB,HP,13-inch,16GB
4,-12.0,9.5,Dell,13-inch,8GB,HP,14-inch,4GB
4,-0.2001953125,7.8125,Dell,13-inch,8GB,HP,14-inch,8GB
4,-0.0007171630859375,2.875,Dell,13-inch,8GB,HP,14-inch,16GB
4,-9.125,9.5,Dell,13-inch,8GB,HP,16-inch,4GB
4,-0.004638671875,4.25,Dell,13-inch,8GB,HP,16-inch,8GB
4,-0.0007171630859375,2.875,Dell,13-inch,8GB,HP,16-inch,16GB
4,-0.000301361083984375,2.5,Dell,13-inch,8GB,Dell,13-inch,4GB
4,-5.125,9.5,Dell,13-inch,8GB,Dell,13-inch,16GB
4,-8.125,9.5,Dell,13-inch,8GB,Dell,14-inch,4GB
4,-0.0091552734375,4.875,Dell,13-inch,8GB,Dell,14-inch,8GB
4,-0.00347900390625,4.0,Dell,13-inch,8GB,Dell,14-inch,16GB
4,-0.017578125,5.46875,Dell,13-inch,8GB,Dell,16-inch,4GB
4,-0.0291748046875,5.96875,Dell,13-inch,8GB,Dell,16-inch,8GB
4,-0.00299072265625,3.875,Dell,13-inch,8GB,Dell,16-inch,16GB
4,-9.5,9.5,Dell,13-inch,8GB,Apple,13-inch,4GB
4,-5.0,9.5,Dell,13-inch,8GB,Apple,13-inch,8GB
4,-0.00299072265625,3.875,Dell,13-inch,8GB,Apple,13-inch,16GB
4,-12.5,9.5,Dell,13-inch,8GB,Apple,14-inch,4GB
4,-5.375,9.5,Dell,13-inch,8GB,Apple,14-inch,8GB
4,-0.00131988525390625,3.25,Dell,13-inch,8GB,Apple,14-inch,16GB
4,-8.375,9.5,Dell,13-inch,8GB,Apple,16-inch,4GB
4,-0.099609375,7.15625,Dell,13-inch,8GB,Apple,16-inch,8GB
4,-0.00109100341796875,3.125,Dell,13-inch,8GB,Apple,16-inch,16GB
4,-11.875,9.5,Dell,13-inch,16GB,ASUS,13-inch,4GB
4,-7.0,9.5,Dell,13-inch,16GB,ASUS,13-inch,8GB
4,-1.140625,9.125,Dell,13-inch,16GB,ASUS,13-inch,16GB
4,-19.75,9.5,Dell,13-inch,16GB,ASUS,14-inch,4GB
4,-6.75,9.5,Dell,13-inch,16GB,ASUS,14-inch,8GB
4,-4.75,9.5,Dell,13-inch,16GB,ASUS,14-inch,16GB
4,-15.625,9.5,Dell,13-inch,16GB,ASUS,16-inch,4GB
4,-6.0,9.5,Dell,13-inch,16GB,ASUS,16-inch,8GB
4,-0.017578125,5.46875,Dell,13-inch,16GB,ASUS,16-inch,16GB
4,-12.5,9.5,Dell,13-inch,16GB,Lenovo,13-inch,4GB
4,-6.875,9.5,Dell,13-inch,16GB,Lenovo,13-inch,8GB
4,-0.57421875,8.6875,Dell,13-inch,16GB,Lenovo,13-inch,16GB
4,-19.875,9.5,Dell,13-inch,16GB,Lenovo,14-inch,4GB
4,-6.25,9.5,Dell,13-inch,16GB,Lenovo,14-inch,8GB
4,-3.40625,9.4375,Dell,13-inch,16GB,Lenovo,14-inch,16GB
4,-15.0,9.5,Dell,13-inch,16GB,Lenovo,16-inch,4GB
4,-6.375,9.5,Dell,13-inch,16GB,Lenovo,16-inch,8GB
4,-0.006988525390625,4.625,Dell,13-inch,16GB,Lenovo,16-inch,16GB
4,-9.625,9.5,Dell,13-inch,16GB,HP,13-inch,4GB
4,-7.0,9.5,Dell,13-inch,16GB,HP,13-inch,8GB
4,-0.04248046875,6.3125,Dell,13-inch,16GB,HP,13-inch,16GB
4,-19.0,9.5,Dell,13-inch,16GB,HP,14-inch,4GB
4,-6.25,9.5,Dell,13-inch,16GB,HP,14-inch,8GB
4,-0.1416015625,7.5,Dell,13-inch,16GB,HP,14-inch,16GB
4,-13.875,9.5,Dell,13-inch,16GB,HP,16-inch,4GB
4,-6.0,9.5,Dell,13-inch,16GB,HP,16-inch,8GB
4,-0.002197265625,3.625,Dell,13-inch,16GB,HP,16-inch,16GB
4,-0.0135498046875,5.25,Dell,13-inch,16GB,Dell,13-inch,4GB
4,-10.5,9.5,Dell,13-inch,16GB,Dell,13-inch,8GB
4,-16.25,9.5,Dell,13-inch,16GB,Dell,14-inch,4GB
4,-7.5,9.5,Dell,13-inch,16GB,Dell,14-inch,8GB
4,-0.0615234375,6.6875,Dell,13-inch,16GB,Dell,14-inch,16GB
4,-7.0,9.5,Dell,13-inch,16GB,Dell,16-inch,4GB
4,-6.375,9.5,Dell,13-inch,16GB,Dell,16-inch,8GB
4,-0.00799560546875,4.75,Dell,13-inch,16GB,Dell,16-inch,16GB
4,-17.125,9.5,Dell,13-inch,16GB,Apple,13-inch,4GB
4,-5.25,9.5,Dell,13-inch,16GB,Apple,13-inch,8GB
4,-4.875,9.5,Dell,13-inch,16GB,Apple,13-inch,16GB
4,-18.875,9.5,Dell,13-inch,16GB,Apple,14-inch,4GB
4,-5.75,9.5,Dell,13-inch,16GB,Apple,14-inch,8GB
4,-6.25,9.5,Dell,13-inch,16GB,Apple,14-inch,16GB
4,-13.125,9.5,Dell,13-inch,16GB,Apple,16-inch,4GB
4,-4.75,9.5,Dell,13-inch,16GB,Apple,16-inch,8GB
4,-3.28125,9.4375,Dell,13-inch,16GB,Apple,16-inch,16GB
4,5.7220458984375e-05,2.0,Dell,14-inch,4GB,ASUS,13-inch,4GB
4,-12.625,9.5,Dell,14-inch,4GB,ASUS,13-inch,8GB
4,-11.5,9.5,Dell,14-inch,4GB,ASUS,13-inch,16GB
4,-0.0015716552734375,3.375,Dell,14-inch,4GB,ASUS,14-inch,4GB
4,-12.625,9.5,Dell,14-inch,4GB,ASUS,14-inch,8GB
4,-11.625,9.5,Dell,14-inch,4GB,ASUS,14-inch,16GB
4,-0.00041961669921875,2.625,Dell,14-inch,4GB,ASUS,16-inch,4GB
4,-11.625,9.5,Dell,14-inch,4GB,ASUS,16-inch,8GB
4,-8.875,9.5,Dell,14-inch,4GB,ASUS,16-inch,16GB
4,5.7220458984375e-05,2.0,Dell,14-inch,4GB,Lenovo,13-inch,4GB
4,-12.125,9.5,Dell,14-inch,4GB,Lenovo,13-inch,8GB
4,-11.75,9.5,Dell,14-inch,4GB,Lenovo,13-inch,16GB
4,-0.004608154296875,4.25,Dell,14-inch,4GB,Lenovo,14-inch,4GB
4,-12.375,9.5,Dell,14-inch,4GB,Lenovo,14-inch,8GB
4,-12.25,9.5,Dell,14-inch,4GB,Lenovo,14-inch,16GB
4,-1.52587890625e-05,2.125,Dell,14-inch,4GB,Lenovo,16-inch,4GB
4,-11.375,9.5,Dell,14-inch,4GB,Lenovo,16-inch,8GB
4,-8.875,9.5,Dell,14-inch,4GB,Lenovo,16-inch,16GB
4,0.000431060791015625,0.875,Dell,14-inch,4GB,HP,13-inch,4GB
4,-11.75,9.5,Dell,14-inch,4GB,HP,13-inch,8GB
4,-11.625,9.5,Dell,14-inch,4GB,HP,13-inch,16GB
4,-1.52587890625e-05,2.125,Dell,14-inch,4GB,HP,14-inch,4GB
4,-12.375,9.5,Dell,14-inch,4GB,HP,14-inch,8GB
4,-12.125,9.5,Dell,14-inch,4GB,HP,14-inch,16GB
4,-1.52587890625e-05,2.125,Dell,14-inch,4GB,HP,16-inch,4GB
4,-11.375,9.5,Dell,14-inch,4GB,HP,16-inch,8GB
4,-8.75,9.5,Dell,14-inch,4GB,HP,16-inch,16GB
4,0.000469207763671875,0.625,Dell,14-inch,4GB,Dell,13-inch,4GB
4,-14.125,9.5,Dell,14-inch,4GB,Dell,13-inch,8GB
4,-15.875,9.5,Dell,14-inch,4GB,Dell,13-inch,16GB
4,-16.625,9.5,Dell,14-inch,4GB,Dell,14-inch,8GB
4,-15.625,9.5,Dell,14-inch,4GB,Dell,14-inch,16GB
4,-1.52587890625e-05,2.125,Dell,14-inch,4GB,Dell,16-inch,4GB
4,-11.5,9.5,Dell,14-inch,4GB,Dell,16-inch,8GB
4,-8.75,9.5,Dell,14-inch,4GB,Dell,16-inch,16GB
4,0.000431060791015625,0.875,Dell,14-inch,4GB,Apple,13-inch,4GB
4,-10.375,9.5,Dell,14-inch,4GB,Apple,13-inch,8GB
4,-8.375,9.5,Dell,14-inch,4GB,Apple,13-inch,16GB
4,0.000545501708984375,-0.125,Dell,14-inch,4GB,Apple,14-inch,4GB
4,-10.375,9.5,Dell,14-inch,4GB,Apple,14-inch,8GB
4,-8.625,9.5,Dell,14-inch,4GB,Apple,14-inch,16GB
4,0.000579833984375,-0.875,Dell,14-inch,4GB,Apple,16-inch,4GB
4,-10.5,9.5,Dell,14-inch,4GB,Apple,16-inch,8GB
4,-7.375,9.5,Dell,14-inch,4GB,Apple,16-inch,16GB
4,-10.5,9.5,Dell,14-inch,8GB,ASUS,13-inch,4GB
4,-6.0,9.5,Dell,14-inch,8GB,ASUS,13-inch,8GB
4,-0.0135498046875,5.25,Dell,14-inch,8GB,ASUS,13-inch,16GB
4,-0.0025634765625,3.75,Dell,14-inch,8GB,ASUS,14-inch,4GB
4,-3.40625,9.4375,Dell,14-inch,8GB,ASUS,14-inch,8GB
4,-0.006988525390625,4.625,Dell,14-inch,8GB,ASUS,14-inch,16GB
4,-9.5,9.5,Dell,14-inch,8GB,ASUS,16-inch,4GB
4,-0.05419921875,6.5625,Dell,14-inch,8GB,ASUS,16-inch,8GB
4,-0.0025634765625,3.75,Dell,14-inch,8GB,ASUS,16-inch,16GB
4,-9.875,9.5,Dell,14-inch,8GB,Lenovo,13-inch,4GB
4,-5.125,9.5,Dell,14-inch,8GB,Lenovo,13-inch,8GB
4,-0.0478515625,6.4375,Dell,14-inch,8GB,Lenovo,13-inch,16GB
4,-0.00347900390625,4.0,Dell,14-inch,8GB,Lenovo,14-inch,4GB
4,-2.8125,9.4375,Dell,14-inch,8GB,Lenovo,14-inch,8GB
4,-0.00799560546875,4.75,Dell,14-inch,8GB,Lenovo,14-inch,16GB
4,-8.75,9.5,Dell,14-inch,8GB,Lenovo,16-inch,4GB
4,-0.025634765625,5.84375,Dell,14-inch,8GB,Lenovo,16-inch,8GB
4,-0.00109100341796875,3.125,Dell,14-inch,8GB,Lenovo,16-inch,16GB
4,-8.125,9.5,Dell,14-inch,8GB,HP,13-inch,4GB
4,-3.65625,9.5,Dell,14-inch,8GB,HP,13-inch,8GB
4,-0.017578125,5.46875,Dell,14-inch,8GB,HP,13-inch,16GB
4,-0.0025634765625,3.75,Dell,14-inch,8GB,HP,14-inch,4GB
4,-0.97265625,9.0,Dell,14-inch,8GB,HP,14-inch,8GB
4,-0.00531005859375,4.375,Dell,14-inch,8GB,HP,14-inch,16GB
4,-7.5,9.5,Dell,14-inch,8GB,HP,16-inch,4GB
4,-0.00799560546875,4.75,Dell,14-inch,8GB,HP,16-inch,8GB
4,-0.0015716552734375,3.375,Dell,14-inch,8GB,HP,16-inch,16GB
4,-0.006103515625,4.5,Dell,14-inch,8GB,Dell,13-inch,4GB
4,-5.0,9.5,Dell,14-inch,8GB,Dell,13-inch,8GB
4,-6.5,9.5,Dell,14-inch,8GB,Dell,13-inch,16GB
4,-1.52587890625e-05,2.125,Dell,14-inch,8GB,Dell,14-inch,4GB
4,-5.875,9.5,Dell,14-inch,8GB,Dell,14-inch,16GB
4,-0.0007171630859375,2.875,Dell,14-inch,8GB,Dell,16-inch,4GB
4,-0.04248046875,6.3125,Dell,14-inch,8GB,Dell,16-inch,8GB
4,-0.004638671875,4.25,Dell,14-inch,8GB,Dell,16-inch,16GB
4,-11.75,9.5,Dell,14-inch,8GB,Apple,13-inch,4GB
4,-5.5,9.5,Dell,14-inch,8GB,Apple,13-inch,8GB
4,-0.00109100341796875,3.125,Dell,14-inch,8GB,Apple,13-inch,16GB
4,-7.625,9.5,Dell,14-inch,8GB,Apple,14-inch,4GB
4,-4.25,9.5,Dell,14-inch,8GB,Apple,14-inch,8GB
4,-0.00299072265625,3.875,Dell,14-inch,8GB,Apple,14-inch,16GB
4,-7.875,9.5,Dell,14-inch,8GB,Apple,16-inch,4GB
4,-0.099609375,7.15625,Dell,14-inch,8GB,Apple,16-inch,8GB
4,-0.00109100341796875,3.125,Dell,14-inch,8GB,Apple,16-inch,16GB
4,-18.125,9.5,Dell,14-inch,16GB,ASUS,13-inch,4GB
4,-3.53125,9.5,Dell,14-inch,16GB,ASUS,13-inch,8GB
4,-6.25,9.5,Dell,14-inch,16GB,ASUS,13-inch,16GB
4,-3.046875,9.4375,Dell,14-inch,16GB,ASUS,14-inch,4GB
4,-6.5,9.5,Dell,14-inch,16GB,ASUS,14-inch,8GB
4,-1.6015625,9.25,Dell,14-inch,16GB,ASUS,14-inch,16GB
4,-13.375,9.5,Dell,14-inch,16GB,ASUS,16-inch,4GB
4,-5.25,9.5,Dell,14-inch,16GB,ASUS,16-inch,8GB
4,-0.01190185546875,5.125,Dell,14-inch,16GB,ASUS,16-inch,16GB
4,-18.5,9.5,Dell,14-inch,16GB,Lenovo,13-inch,4GB
4,-0.2001953125,7.8125,Dell,14-inch,16GB,Lenovo,13-inch,8GB
4,-5.625,9.5,Dell,14-inch,16GB,Lenovo,13-inch,16GB
4,-1.9140625,9.3125,Dell,14-inch,16GB,Lenovo,14-inch,4GB
4,-6.125,9.5,Dell,14-inch,16GB,Lenovo,14-inch,8GB
4,-0.474609375,8.5,Dell,14-inch,16GB,Lenovo,14-inch,16GB
4,-13.25,9.5,Dell,14-inch,16GB,Lenovo,16-inch,4GB
4,-6.125,9.5,Dell,14-inch,16GB,Lenovo,16-inch,8GB
4,-0.00531005859375,4.375,Dell,14-inch,16GB,Lenovo,16-inch,16GB
4,-17.5,9.5,Dell,14-inch,16GB,HP,13-inch,4GB
4,-2.578125,9.4375,Dell,14-inch,16GB,HP,13-inch,8GB
4,-3.65625,9.5,Dell,14-inch,16GB,HP,13-inch,16GB
4,-0.07861328125,6.9375,Dell,14-inch,16GB,HP,14-inch,4GB
4,-6.25,9.5,Dell,14-inch,16GB,HP,14-inch,8GB
4,-0.07861328125,6.9375,Dell,14-inch,16GB,HP,14-inch,16GB
4,-11.75,9.5,Dell,14-inch,16GB,HP,16-inch,4GB
4,-5.875,9.5,Dell,14-inch,16GB,HP,16-inch,8GB
4,-0.0025634765625,3.75,Dell,14-inch,16GB,HP,16-inch,16GB
4,-15.125,9.5,Dell,14-inch,16GB,Dell,13-inch,4GB
4,-5.5,9.5,Dell,14-inch,16GB,Dell,13-inch,8GB
4,-4.75,9.5,Dell,14-inch,16GB,Dell,13-inch,16GB
4,-0.00109100341796875,3.125,Dell,14-inch,16GB,Dell,14-inch,4GB
4,-9.625,9.5,Dell,14-inch,16GB,Dell,14-inch,8GB
4,-0.38671875,8.375,Dell,14-inch,16GB,Dell,16-inch,4GB
4,-5.75,9.5,Dell,14-inch,16GB,Dell,16-inch,8GB
4,-0.00299072265625,3.875,Dell,14-inch,16GB,Dell,16-inch,16GB
4,-18.25,9.5,Dell,14-inch,16GB,Apple,13-inch,4GB
4,-0.0091552734375,4.875,Dell,14-inch,16GB,Apple,13-inch,8GB
4,-4.5,9.5,Dell,14-inch,16GB,Apple,13-inch,16GB
4,-15.0,9.5,Dell,14-inch,16GB,Apple,14-inch,4GB
4,-0.099609375,7.15625,Dell,14-inch,16GB,Apple,14-inch,8GB
4,-4.875,9.5,Dell,14-inch,16GB,Apple,14-inch,16GB
4,-13.375,9.5,Dell,14-inch,16GB,Apple,16-inch,4GB
4,-0.0135498046875,5.25,Dell,14-inch,16GB,Apple,16-inch,8GB
4,-3.765625,9.5,Dell,14-inch,16GB,Apple,16-inch,16GB
4,-8.0,9.5,Dell,16-inch,4GB,ASUS,13-inch,4GB
4,-12.875,9.5,Dell,16-inch,4GB,ASUS,13-inch,8GB
4,-12.0,9.5,Dell,16-inch,4GB,ASUS,13-inch,16GB
4,-8.375,9.5,Dell,16-inch,4GB,ASUS,14-inch,4GB
4,-13.0,9.5,Dell,16-inch,4GB,ASUS,14-inch,8GB
4,-12.625,9.5,Dell,16-inch,4GB,ASUS,14-inch,16GB
4,-5.25,9.5,Dell,16-inch,4GB,ASUS,16-inch,4GB
4,-15.75,9.5,Dell,16-inch,4GB,ASUS,16-inch,8GB
4,-10.75,9.5,Dell,16-inch,4GB,ASUS,16-inch,16GB
4,-7.75,9.5,Dell,16-inch,4GB,Lenovo,13-inch,4GB
4,-12.875,9.5,Dell,16-inch,4GB,Lenovo,13-inch,8GB
4,-12.25,9.5,Dell,16-inch,4GB,Lenovo,13-inch,16GB
4,-7.875,9.5,Dell,16-inch,4GB,Lenovo,14-inch,4GB
4,-12.625,9.5,Dell,16-inch,4GB,Lenovo,14-inch,8GB
4,-12.5,9.5,Dell,16-inch,4GB,Lenovo,14-inch,16GB
4,-5.25,9.5,Dell,16-inch,4GB,Lenovo,16-inch,4GB
4,-15.5,9.5,Dell,16-inch,4GB,Lenovo,16-inch,8GB
4,-10.5,9.5,Dell,16-inch,4GB,Lenovo,16-inch,16GB
4,-7.125,9.5,Dell,16-inch,4GB,HP,13-inch,4GB
4,-12.375,9.5,Dell,16-inch,4GB,HP,13-inch,8GB
4,-12.0,9.5,Dell,16-inch,4GB,HP,13-inch,16GB
4,-7.5,9.5,Dell,16-inch,4GB,HP,14-inch,4GB
4,-12.125,9.5,Dell,16-inch,4GB,HP,14-inch,8GB
4,-12.625,9.5,Dell,16-inch,4GB,HP,14-inch,16GB
4,-4.15625,9.5,Dell,16-inch,4GB,HP,16-inch,4GB
4,-15.25,9.5,Dell,16-inch,4GB,HP,16-inch,8GB
4,-11.25,9.5,Dell,16-inch,4GB,HP,16-inch,16GB
4,-5.875,9.5,Dell,16-inch,4GB,Dell,13-inch,4GB
4,-14.875,9.5,Dell,16-inch,4GB,Dell,13-inch,8GB
4,-14.5,9.5,Dell,16-inch,4GB,Dell,13-inch,16GB
4,-5.5,9.5,Dell,16-inch,4GB,Dell,14-inch,4GB
4,-15.875,9.5,Dell,16-inch,4GB,Dell,14-inch,8GB
4,-16.75,9.5,Dell,16-inch,4GB,Dell,14-inch,16GB
4,-17.125,9.5,Dell,16-inch,4GB,Dell,16-inch,8GB
4,-14.5,9.5,Dell,16-inch,4GB,Dell,16-inch,16GB
4,-5.0,9.5,Dell,16-inch,4GB,Apple,13-inch,4GB
4,-10.5,9.5,Dell,16-inch,4GB,Apple,13-inch,8GB
4,-8.75,9.5,Dell,16-inch,4GB,Apple,13-inch,16GB
4,-0.251953125,8.0,Dell,16-inch,4GB,Apple,14-inch,4GB
4,-10.625,9.5,Dell,16-inch,4GB,Apple,14-inch,8GB
4,-9.0,9.5,Dell,16-inch,4GB,Apple,14-inch,16GB
4,-0.00109100341796875,3.125,Dell,16-inch,4GB,Apple,16-inch,4GB
4,-12.5,9.5,Dell,16-inch,4GB,Apple,16-inch,8GB
4,-8.0,9.5,Dell,16-inch,4GB,Apple,16-inch,16GB
4,-11.5,9.5,Dell,16-inch,8GB,ASUS,13-inch,4GB
4,-5.75,9.5,Dell,16-inch,8GB,ASUS,13-inch,8GB
4,-0.0478515625,6.4375,Dell,16-inch,8GB,ASUS,13-inch,16GB
4,-11.625,9.5,Dell,16-inch,8GB,ASUS,14-inch,4GB
4,-5.625,9.5,Dell,16-inch,8GB,ASUS,14-inch,8GB
4,-4.5,9.5,Dell,16-inch,8GB,ASUS,14-inch,16GB
4,0.0003147125244140625,1.375,Dell,16-inch,8GB,ASUS,16-inch,4GB
4,-3.40625,9.4375,Dell,16-inch,8GB,ASUS,16-inch,8GB
4,-0.0015716552734375,3.375,Dell,16-inch,8GB,ASUS,16-inch,16GB
4,-10.125,9.5,Dell,16-inch,8GB,Lenovo,13-inch,4GB
4,-5.125,9.5,Dell,16-inch,8GB,Lenovo,13-inch,8GB
4,-0.0615234375,6.6875,Dell,16-inch,8GB,Lenovo,13-inch,16GB
4,-10.5,9.5,Dell,16-inch,8GB,Lenovo,14-inch,4GB
4,-4.625,9.5,Dell,16-inch,8GB,Lenovo,14-inch,8GB
4,-4.375,9.5,Dell,16-inch,8GB,Lenovo,14-inch,16GB
4,0.0004062652587890625,1.0,Dell,16-inch,8GB,Lenovo,16-inch,4GB
4,-3.65625,9.5,Dell,16-inch,8GB,Lenovo,16-inch,8GB
4,-0.00131988525390625,3.25,Dell,16-inch,8GB,Lenovo,16-inch,16GB
4,-8.625,9.5,Dell,16-inch,8GB,HP,13-inch,4GB
4,-4.03125,9.5,Dell,16-inch,8GB,HP,13-inch,8GB
4,-0.0091552734375,4.875,Dell,16-inch,8GB,HP,13-inch,16GB
4,-9.375,9.5,Dell,16-inch,8GB,HP,14-inch,4GB
4,-3.65625,9.5,Dell,16-inch,8GB,HP,14-inch,8GB
4,-0.474609375,8.5,Dell,16-inch,8GB,HP,14-inch,16GB
4,0.000431060791015625,0.875,Dell,16-inch,8GB,HP,16-inch,4GB
4,-1.9140625,9.3125,Dell,16-inch,8GB,HP,16-inch,8GB
4,-0.00089263916015625,3.0,Dell,16-inch,8GB,HP,16-inch,16GB
4,-7.375,9.5,Dell,16-inch,8GB,Dell,13-inch,4GB
4,-4.75,9.5,Dell,16-inch,8GB,Dell,13-inch,8GB
4,-6.375,9.5,Dell,16-inch,8GB,Dell,13-inch,16GB
4,-8.0,9.5,Dell,16-inch,8GB,Dell,14-inch,4GB
4,-4.625,9.5,Dell,16-inch,8GB,Dell,14-inch,8GB
4,-7.25,9.5,Dell,16-inch,8GB,Dell,14-inch,16GB
4,0.00052642822265625,0.125,Dell,16-inch,8GB,Dell,16-inch,4GB
4,-5.625,9.5,Dell,16-inch,8GB,Dell,16-inch,16GB
4,-13.25,9.5,Dell,16-inch,8GB,Apple,13-inch,4GB
4,-4.75,9.5,Dell,16-inch,8GB,Apple,13-inch,8GB
4,-0.00131988525390625,3.25,Dell,16-inch,8GB,Apple,13-inch,16GB
4,-14.125,9.5,Dell,16-inch,8GB,Apple,14-inch,4GB
4,-4.375,9.5,Dell,16-inch,8GB,Apple,14-inch,8GB
4,-0.0015716552734375,3.375,Dell,16-inch,8GB,Apple,14-inch,16GB
4,-0.0478515625,6.4375,Dell,16-inch,8GB,Apple,16-inch,4GB
4,-0.099609375,7.15625,Dell,16-inch,8GB,Apple,16-inch,8GB
4,-0.0007171630859375,2.875,Dell,16-inch,8GB,Apple,16-inch,16GB
4,-16.375,9.5,Dell,16-inch,16GB,ASUS,13-inch,4GB
4,-0.0135498046875,5.25,Dell,16-inch,16GB,ASUS,13-inch,8GB
4,-5.875,9.5,Dell,16-inch,16GB,ASUS,13-inch,16GB
4,-17.25,9.5,Dell,16-inch,16GB,ASUS,14-inch,4GB
4,-0.0291748046875,5.96875,Dell,16-inch,16GB,ASUS,14-inch,8GB
4,-5.625,9.5,Dell,16-inch,16GB,ASUS,14-inch,16GB
4,-0.00131988525390625,3.25,Dell,16-inch,16GB,ASUS,16-inch,4GB
4,-6.625,9.5,Dell,16-inch,16GB,ASUS,16-inch,8GB
4,-4.625,9.5,Dell,16-inch,16GB,ASUS,16-inch,16GB
4,-15.625,9.5,Dell,16-inch,16GB,Lenovo,13-inch,4GB
4,-0.004608154296875,4.25,Dell,16-inch,16GB,Lenovo,13-inch,8GB
4,-5.75,9.5,Dell,16-inch,16GB,Lenovo,13-inch,16GB
4,-16.125,9.5,Dell,16-inch,16GB,Lenovo,14-inch,4GB
4,-0.006103515625,4.5,Dell,16-inch,16GB,Lenovo,14-inch,8GB
4,-5.25,9.5,Dell,16-inch,16GB,Lenovo,14-inch,16GB
4,-0.003997802734375,4.125,Dell,16-inch,16GB,Lenovo,16-inch,4GB
4,-6.5,9.5,Dell,16-inch,16GB,Lenovo,16-inch,8GB
4,-4.25,9.5,Dell,16-inch,16GB,Lenovo,16-inch,16GB
4,-15.0,9.5,Dell,16-inch,16GB,HP,13-inch,4GB
4,-0.006103515625,4.5,Dell,16-inch,16GB,HP,13-inch,8GB
4,-5.125,9.5,Dell,16-inch,16GB,HP,13-inch,16GB
4,-16.0,9.5,Dell,16-inch,16GB,HP,14-inch,4GB
4,-0.00799560546875,4.75,Dell,16-inch,16GB,HP,14-inch,8GB
4,-4.75,9.5,Dell,16-inch,16GB,HP,14-inch,16GB
4,-0.0025634765625,3.75,Dell,16-inch,16GB,HP,16-inch,4GB
4,-6.375,9.5,Dell,16-inch,16GB,HP,16-inch,8GB
4,-2.015625,9.375,Dell,16-inch,16GB,HP,16-inch,16GB
4,-14.875,9.5,Dell,16-inch,16GB,Dell,13-inch,4GB
4,-0.099609375,7.15625,Dell,16-inch,16GB,Dell,13-inch,8GB
4,-5.5,9.5,Dell,16-inch,16GB,Dell,13-inch,16GB
4,-14.375,9.5,Dell,16-inch,16GB,Dell,14-inch,4GB
4,-1.703125,9.3125,Dell,16-inch,16GB,Dell,14-inch,8GB
4,-5.375,9.5,Dell,16-inch,16GB,Dell,14-inch,16GB
4,0.000431060791015625,0.875,Dell,16-inch,16GB,Dell,16-inch,4GB
4,-9.25,9.5,Dell,16-inch,16GB,Dell,16-inch,8GB
4,-16.5,9.5,Dell,16-inch,16GB,Apple,13-inch,4GB
4,-0.006988525390625,4.625,Dell,16-inch,16GB,Apple,13-inch,8GB
4,-3.765625,9.5,Dell,16-inch,16GB,Apple,13-inch,16GB
4,-17.875,9.5,Dell,16-inch,16GB,Apple,14-inch,4GB
4,-0.00799560546875,4.75,Dell,16-inch,16GB,Apple,14-inch,8GB
4,-4.15625,9.5,Dell,16-inch,16GB,Apple,14-inch,16GB
4,-9.25,9.5,Dell,16-inch,16GB,Apple,16-inch,4GB
4,-4.75,9.5,Dell,16-inch,16GB,Apple,16-inch,8GB
4,-0.099609375,7.15625,Dell,16-inch,16GB,Apple,16-inch,16GB
4,-8.875,9.5,Apple,13-inch,4GB,ASUS,13-inch,4GB
4,-15.375,9.5,Apple,13-inch,4GB,ASUS,13-inch,8GB
4,-15.125,9.5,Apple,13-inch,4GB,ASUS,13-inch,16GB
4,-8.625,9.5,Apple,13-inch,4GB,ASUS,14-inch,4GB
4,-14.75,9.5,Apple,13-inch,4GB,ASUS,14-inch,8GB
4,-13.75,9.5,Apple,13-inch,4GB,ASUS,14-inch,16GB
4,-6.5,9.5,Apple,13-inch,4GB,ASUS,16-inch,4GB
4,-14.375,9.5,Apple,13-inch,4GB,ASUS,16-inch,8GB
4,-11.125,9.5,Apple,13-inch,4GB,ASUS,16-inch,16GB
4,-8.375,9.5,Apple,13-inch,4GB,Lenovo,13-inch,4GB
4,-15.25,9.5,Apple,13-inch,4GB,Lenovo,13-inch,8GB
4,-16.0,9.5,Apple,13-inch,4GB,Lenovo,13-inch,16GB
4,-8.0,9.5,Apple,13-inch,4GB,Lenovo,14-inch,4GB
4,-14.375,9.5,Apple,13-inch,4GB,Lenovo,14-inch,8GB
4,-14.25,9.5,Apple,13-inch,4GB,Lenovo,14-inch,16GB
4,-5.25,9.5,Apple,13-inch,4GB,Lenovo,16-inch,4GB
4,-14.125,9.5,Apple,13-inch,4GB,Lenovo,16-inch,8GB
4,-11.375,9.5,Apple,13-inch,4GB,Lenovo,16-inch,16GB
4,-7.375,9.5,Apple,13-inch,4GB,HP,13-inch,4GB
4,-15.0,9.5,Apple,13-inch,4GB,HP,13-inch,8GB
4,-15.625,9.5,Apple,13-inch,4GB,HP,13-inch,16GB
4,-7.375,9.5,Apple,13-inch,4GB,HP,14-inch,4GB
4,-14.25,9.5,Apple,13-inch,4GB,HP,14-inch,8GB
4,-14.0,9.5,Apple,13-inch,4GB,HP,14-inch,16GB
4,-5.0,9.5,Apple,13-inch,4GB,HP,16-inch,4GB
4,-14.375,9.5,Apple,13-inch,4GB,HP,16-inch,8GB
4,-11.0,9.5,Apple,13-inch,4GB,HP,16-inch,16GB
4,-8.5,9.5,Apple,13-inch,4GB,Dell,13-inch,4GB
4,-14.375,9.5,Apple,13-inch,4GB,Dell,13-inch,8GB
4,-14.375,9.5,Apple,13-inch,4GB,Dell,13-inch,16GB
4,-8.25,9.5,Apple,13-inch,4GB,Dell,14-inch,4GB
4,-13.5,9.5,Apple,13-inch,4GB,Dell,14-inch,8GB
4,-13.0,9.5,Apple,13-inch,4GB,Dell,14-inch,16GB
4,-2.578125,9.4375,Apple,13-inch,4GB,Dell,16-inch,4GB
4,-13.875,9.5,Apple,13-inch,4GB,Dell,16-inch,8GB
4,-10.5,9.5,Apple,13-inch,4GB,Dell,16-inch,16GB
4,-14.5,9.5,Apple,13-inch,4GB,Apple,13-inch,8GB
4,-12.375,9.5,Apple,13-inch,4GB,Apple,13-inch,16GB
4,-5.75,9.5,Apple,13-inch,4GB,Apple,14-inch,4GB
4,-11.625,9.5,Apple,13-inch,4GB,Apple,14-inch,8GB
4,-12.0,9.5,Apple,13-inch,4GB,Apple,14-inch,16GB
4,-0.00799560546875,4.75,Apple,13-inch,4GB,Apple,16-inch,4GB
4,-12.75,9.5,Apple,13-inch,4GB,Apple,16-inch,8GB
4,-9.125,9.5,Apple,13-inch,4GB,Apple,16-inch,16GB
4,-8.0,9.5,Apple,13-inch,8GB,ASUS,13-inch,4GB
4,-7.375,9.5,Apple,13-inch,8GB,ASUS,13-inch,8GB
4,-6.375,9.5,Apple,13-inch,8GB,ASUS,13-inch,16GB
4,-11.5,9.5,Apple,13-inch,8GB,ASUS,14-inch,4GB
4,-7.625,9.5,Apple,13-inch,8GB,ASUS,14-inch,8GB
4,-5.75,9.5,Apple,13-inch,8GB,ASUS,14-inch,16GB
4,-9.125,9.5,Apple,13-inch,8GB,ASUS,16-inch,4GB
4,-5.875,9.5,Apple,13-inch,8GB,ASUS,16-inch,8GB
4,-1.9140625,9.3125,Apple,13-inch,8GB,ASUS,16-inch,16GB
4,-7.375,9.5,Apple,13-inch,8GB,Lenovo,13-inch,4GB
4,-7.25,9.5,Apple,13-inch,8GB,Lenovo,13-inch,8GB
4,-6.125,9.5,Apple,13-inch,8GB,Lenovo,13-inch,16GB
4,-11.125,9.5,Apple,13-inch,8GB,Lenovo,14-inch,4GB
4,-7.5,9.5,Apple,13-inch,8GB,Lenovo,14-inch,8GB
4,-5.875,9.5,Apple,13-inch,8GB,Lenovo,14-inch,16GB
4,-8.75,9.5,Apple,13-inch,8GB,Lenovo,16-inch,4GB
4,-6.5,9.5,Apple,13-inch,8GB,Lenovo,16-inch,8GB
4,-1.140625,9.125,Apple,13-inch,8GB,Lenovo,16-inch,16GB
4,-0.57421875,8.6875,Apple,13-inch,8GB,HP,13-inch,4GB
4,-7.0,9.5,Apple,13-inch,8GB,HP,13-inch,8GB
4,-6.125,9.5,Apple,13-inch,8GB,HP,13-inch,16GB
4,-9.5,9.5,Apple,13-inch,8GB,HP,14-inch,4GB
4,-7.0,9.5,Apple,13-inch,8GB,HP,14-inch,8GB
4,-5.375,9.5,Apple,13-inch,8GB,HP,14-inch,16GB
4,-7.5,9.5,Apple,13-inch,8GB,HP,16-inch,4GB
4,-5.625,9.5,Apple,13-inch,8GB,HP,16-inch,8GB
4,-0.82421875,8.9375,Apple,13-inch,8GB,HP,16-inch,16GB
4,-6.0,9.5,Apple,13-inch,8GB,Dell,13-inch,4GB
4,-7.375,9.5,Apple,13-inch,8GB,Dell,13-inch,8GB
4,-5.875,9.5,Apple,13-inch,8GB,Dell,13-inch,16GB
4,-10.25,9.5,Apple,13-inch,8GB,Dell,14-inch,4GB
4,-7.125,9.5,Apple,13-inch,8GB,Dell,14-inch,8GB
4,-3.53125,9.5,Apple,13-inch,8GB,Dell,14-inch,16GB
4,-8.0,9.5,Apple,13-inch,8GB,Dell,16-inch,4GB
4,-5.25,9.5,Apple,13-inch,8GB,Dell,16-inch,8GB
4,-0.0615234375,6.6875,Apple,13-inch,8GB,Dell,16-inch,16GB
4,-0.000194549560546875,2.375,Apple,13-inch,8GB,Apple,13-inch,4GB
4,-3.765625,9.5,Apple,13-inch,8GB,Apple,13-inch,16GB
4,-2.8125,9.4375,Apple,13-inch,8GB,Apple,14-inch,4GB
4,-5.25,9.5,Apple,13-inch,8GB,Apple,14-inch,8GB
4,-0.006988525390625,4.625,Apple,13-inch,8GB,Apple,14-inch,16GB
4,-0.00299072265625,3.875,Apple,13-inch,8GB,Apple,16-inch,4GB
4,-0.00531005859375,4.375,Apple,13-inch,8GB,Apple,16-inch,8GB
4,-0.003997802734375,4.125,Apple,13-inch,8GB,Apple,16-inch,16GB
4,-19.0,9.5,Apple,13-inch,16GB,ASUS,13-inch,4GB
4,-8.375,9.5,Apple,13-inch,16GB,ASUS,13-inch,8GB
4,-6.75,9.5,Apple,13-inch,16GB,ASUS,13-inch,16GB
4,-19.5,9.5,Apple,13-inch,16GB,ASUS,14-inch,4GB
4,-7.625,9.5,Apple,13-inch,16GB,ASUS,14-inch,8GB
4,-7.5,9.5,Apple,13-inch,16GB,ASUS,14-inch,16GB
4,-14.875,9.5,Apple,13-inch,16GB,ASUS,16-inch,4GB
4,-7.125,9.5,Apple,13-inch,16GB,ASUS,16-inch,8GB
4,-6.375,9.5,Apple,13-inch,16GB,ASUS,16-inch,16GB
4,-18.0,9.5,Apple,13-inch,16GB,Lenovo,13-inch,4GB
4,-8.25,9.5,Apple,13-inch,16GB,Lenovo,13-inch,8GB
4,-6.75,9.5,Apple,13-inch,16GB,Lenovo,13-inch,16GB
4,-19.375,9.5,Apple,13-inch,16GB,Lenovo,14-inch,4GB
4,-7.125,9.5,Apple,13-inch,16GB,Lenovo,14-inch,8GB
4,-7.625,9.5,Apple,13-inch,16GB,Lenovo,14-inch,16GB
4,-15.375,9.5,Apple,13-inch,16GB,Lenovo,16-inch,4GB
4,-7.0,9.5,Apple,13-inch,16GB,Lenovo,16-inch,8GB
4,-6.25,9.5,Apple,13-inch,16GB,Lenovo,16-inch,16GB
4,-16.125,9.5,Apple,13-inch,16GB,HP,13-inch,4GB
4,-8.125,9.5,Apple,13-inch,16GB,HP,13-inch,8GB
4,-5.75,9.5,Apple,13-inch,16GB,HP,13-inch,16GB
4,-18.25,9.5,Apple,13-inch,16GB,HP,14-inch,4GB
4,-6.75,9.5,Apple,13-inch,16GB,HP,14-inch,8GB
4,-7.125,9.5,Apple,13-inch,16GB,HP,14-inch,16GB
4,-13.625,9.5,Apple,13-inch,16GB,HP,16-inch,4GB
4,-6.75,9.5,Apple,13-inch,16GB,HP,16-inch,8GB
4,-5.75,9.5,Apple,13-inch,16GB,HP,16-inch,16GB
4,-18.25,9.5,Apple,13-inch,16GB,Dell,13-inch,4GB
4,-7.875,9.5,Apple,13-inch,16GB,Dell,13-inch,8GB
4,-6.25,9.5,Apple,13-inch,16GB,Dell,13-inch,16GB
4,-19.5,9.5,Apple,13-inch,16GB,Dell,14-inch,4GB
4,-6.75,9.5,Apple,13-inch,16GB,Dell,14-inch,8GB
4,-7.5,9.5,Apple,13-inch,16GB,Dell,14-inch,16GB
4,-15.25,9.5,Apple,13-inch,16GB,Dell,16-inch,4GB
4,-6.625,9.5,Apple,13-inch,16GB,Dell,16-inch,8GB
4,-5.625,9.5,Apple,13-inch,16GB,Dell,16-inch,16GB
4,-0.0291748046875,5.96875,Apple,13-inch,16GB,Apple,13-inch,4GB
4,-12.0,9.5,Apple,13-inch,16GB,Apple,13-inch,8GB
4,-15.25,9.5,Apple,13-inch,16GB,Apple,14-inch,4GB
4,-9.875,9.5,Apple,13-inch,16GB,Apple,14-inch,8GB
4,-2.9375,9.4375,Apple,13-inch,16GB,Apple,14-inch,16GB
4,-8.625,9.5,Apple,13-inch,16GB,Apple,16-inch,4GB
4,-7.625,9.5,Apple,13-inch,16GB,Apple,16-inch,8GB
4,-0.01190185546875,5.125,Apple,13-inch,16GB,Apple,16-inch,16GB
4,-9.0,9.5,Apple,14-inch,4GB,ASUS,13-inch,4GB
4,-16.375,9.5,Apple,14-inch,4GB,ASUS,13-inch,8GB
4,-15.5,9.5,Apple,14-inch,4GB,ASUS,13-inch,16GB
4,-9.125,9.5,Apple,14-inch,4GB,ASUS,14-inch,4GB
4,-16.0,9.5,Apple,14-inch,4GB,ASUS,14-inch,8GB
4,-15.625,9.5,Apple,14-inch,4GB,ASUS,14-inch,16GB
4,-6.0,9.5,Apple,14-inch,4GB,ASUS,16-inch,4GB
4,-14.875,9.5,Apple,14-inch,4GB,ASUS,16-inch,8GB
4,-11.5,9.5,Apple,14-inch,4GB,ASUS,16-inch,16GB
4,-8.875,9.5,Apple,14-inch,4GB,Lenovo,13-inch,4GB
4,-16.0,9.5,Apple,14-inch,4GB,Lenovo,13-inch,8GB
4,-16.5,9.5,Apple,14-inch,4GB,Lenovo,13-inch,16GB
4,-8.5,9.5,Apple,14-inch,4GB,Lenovo,14-inch,4GB
4,-16.0,9.5,Apple,14-inch,4GB,Lenovo,14-inch,8GB
4,-16.375,9.5,Apple,14-inch,4GB,Lenovo,14-inch,16GB
4,-6.0,9.5,Apple,14-inch,4GB,Lenovo,16-inch,4GB
4,-14.75,9.5,Apple,14-inch,4GB,Lenovo,16-inch,8GB
4,-11.625,9.5,Apple,14-inch,4GB,Lenovo,16-inch,16GB
4,-8.125,9.5,Apple,14-inch,4GB,HP,13-inch,4GB
4,-15.75,9.5,Apple,14-inch,4GB,HP,13-inch,8GB
4,-16.0,9.5,Apple,14-inch,4GB,HP,13-inch,16GB
4,-7.875,9.5,Apple,14-inch,4GB,HP,14-inch,4GB
4,-16.0,9.5,Apple,14-inch,4GB,HP,14-inch,8GB
4,-16.0,9.5,Apple,14-inch,4GB,HP,14-inch,16GB
4,-5.625,9.5,Apple,14-inch,4GB,HP,16-inch,4GB
4,-14.75,9.5,Apple,14-inch,4GB,HP,16-inch,8GB
4,-11.5,9.5,Apple,14-inch,4GB,HP,16-inch,16GB
4,-8.625,9.5,Apple,14-inch,4GB,Dell,13-inch,4GB
4,-15.0,9.5,Apple,14-inch,4GB,Dell,13-inch,8GB
4,-14.875,9.5,Apple,14-inch,4GB,Dell,13-inch,16GB
4,-8.625,9.5,Apple,14-inch,4GB,Dell,14-inch,4GB
4,-15.625,9.5,Apple,14-inch,4GB,Dell,14-inch,8GB
4,-14.625,9.5,Apple,14-inch,4GB,Dell,14-inch,16GB
4,-4.875,9.5,Apple,14-inch,4GB,Dell,16-inch,4GB
4,-14.25,9.5,Apple,14-inch,4GB,Dell,16-inch,8GB
4,-10.875,9.5,Apple,14-inch,4GB,Dell,16-inch,16GB
4,-4.03125,9.5,Apple,14-inch,4GB,Apple,13-inch,4GB
4,-14.5,9.5,Apple,14-inch,4GB,Apple,13-inch,8GB
4,-15.625,9.5,Apple,14-inch,4GB,Apple,13-inch,16GB
4,-15.75,9.5,Apple,14-inch,4GB,Apple,14-inch,8GB
4,-13.5,9.5,Apple,14-inch,4GB,Apple,14-inch,16GB
4,-0.0291748046875,5.96875,Apple,14-inch,4GB,Apple,16-inch,4GB
4,-12.625,9.5,Apple,14-inch,4GB,Apple,16-inch,8GB
4,-9.125,9.5,Apple,14-inch,4GB,Apple,16-inch,16GB
4,-7.375,9.5,Apple,14-inch,8GB,ASUS,13-inch,4GB
4,-7.75,9.5,Apple,14-inch,8GB,ASUS,13-inch,8GB
4,-6.875,9.5,Apple,14-inch,8GB,ASUS,13-inch,16GB
4,-4.5,9.5,Apple,14-inch,8GB,ASUS,14-inch,4GB
4,-7.5,9.5,Apple,14-inch,8GB,ASUS,14-inch,8GB
4,-6.375,9.5,Apple,14-inch,8GB,ASUS,14-inch,16GB
4,-6.625,9.5,Apple,14-inch,8GB,ASUS,16-inch,4GB
4,-4.25,9.5,Apple,14-inch,8GB,ASUS,16-inch,8GB
4,-0.97265625,9.0,Apple,14-inch,8GB,ASUS,16-inch,16GB
4,-7.375,9.5,Apple,14-inch,8GB,Lenovo,13-inch,4GB
4,-7.375,9.5,Apple,14-inch,8GB,Lenovo,13-inch,8GB
4,-6.625,9.5,Apple,14-inch,8GB,Lenovo,13-inch,16GB
4,-4.03125,9.5,Apple,14-inch,8GB,Lenovo,14-inch,4GB
4,-7.25,9.5,Apple,14-inch,8GB,Lenovo,14-inch,8GB
4,-6.125,9.5,Apple,14-inch,8GB,Lenovo,14-inch,16GB
4,-6.0,9.5,Apple,14-inch,8GB,Lenovo,16-inch,4GB
4,-5.125,9.5,Apple,14-inch,8GB,Lenovo,16-inch,8GB
4,-0.474609375,8.5,Apple,14-inch,8GB,Lenovo,16-inch,16GB
4,-1.3125,9.1875,Apple,14-inch,8GB,HP,13-inch,4GB
4,-6.75,9.5,Apple,14-inch,8GB,HP,13-inch,8GB
4,-6.5,9.5,Apple,14-inch,8GB,HP,13-inch,16GB
4,-0.03759765625,6.21875,Apple,14-inch,8GB,HP,14-inch,4GB
4,-6.375,9.5,Apple,14-inch,8GB,HP,14-inch,8GB
4,-6.125,9.5,Apple,14-inch,8GB,HP,14-inch,16GB
4,-0.251953125,8.0,Apple,14-inch,8GB,HP,16-inch,4GB
4,-3.53125,9.5,Apple,14-inch,8GB,HP,16-inch,8GB
4,-1.703125,9.3125,Apple,14-inch,8GB,HP,16-inch,16GB
4,-6.5,9.5,Apple,14-inch,8GB,Dell,13-inch,4GB
4,-7.0,9.5,Apple,14-inch,8GB,Dell,13-inch,8GB
4,-6.25,9.5,Apple,14-inch,8GB,Dell,13-inch,16GB
4,-0.3125,8.1875,Apple,14-inch,8GB,Dell,14-inch,4GB
4,-6.875,9.5,Apple,14-inch,8GB,Dell,14-inch,8GB
4,-5.875,9.5,Apple,14-inch,8GB,Dell,14-inch,16GB
4,-0.2001953125,7.8125,Apple,14-inch,8GB,Dell,16-inch,4GB
4,-2.125,9.375,Apple,14-inch,8GB,Dell,16-inch,8GB
4,-0.017578125,5.46875,Apple,14-inch,8GB,Dell,16-inch,16GB
4,-7.5,9.5,Apple,14-inch,8GB,Apple,13-inch,4GB
4,-6.0,9.5,Apple,14-inch,8GB,Apple,13-inch,8GB
4,-6.25,9.5,Apple,14-inch,8GB,Apple,13-inch,16GB
4,0.0001220703125,1.875,Apple,14-inch,8GB,Apple,14-inch,4GB
4,-5.5,9.5,Apple,14-inch,8GB,Apple,14-inch,16GB
4,-0.0007171630859375,2.875,Apple,14-inch,8GB,Apple,16-inch,4GB
4,-0.003997802734375,4.125,Apple,14-inch,8GB,Apple,16-inch,8GB
4,-0.00299072265625,3.875,Apple,14-inch,8GB,Apple,16-inch,16GB
4,-18.375,9.5,Apple,14-inch,16GB,ASUS,13-inch,4GB
4,-7.625,9.5,Apple,14-inch,16GB,ASUS,13-inch,8GB
4,-7.375,9.5,Apple,14-inch,16GB,ASUS,13-inch,16GB
4,-17.25,9.5,Apple,14-inch,16GB,ASUS,14-inch,4GB
4,-7.875,9.5,Apple,14-inch,16GB,ASUS,14-inch,8GB
4,-6.625,9.5,Apple,14-inch,16GB,ASUS,14-inch,16GB
4,-14.75,9.5,Apple,14-inch,16GB,ASUS,16-inch,4GB
4,-6.375,9.5,Apple,14-inch,16GB,ASUS,16-inch,8GB
4,-5.625,9.5,Apple,14-inch,16GB,ASUS,16-inch,16GB
4,-18.25,9.5,Apple,14-inch,16GB,Lenovo,13-inch,4GB
4,-7.5,9.5,Apple,14-inch,16GB,Lenovo,13-inch,8GB
4,-7.625,9.5,Apple,14-inch,16GB,Lenovo,13-inch,16GB
4,-16.5,9.5,Apple,14-inch,16GB,Lenovo,14-inch,4GB
4,-7.625,9.5,Apple,14-inch,16GB,Lenovo,14-inch,8GB
4,-6.625,9.5,Apple,14-inch,16GB,Lenovo,14-inch,16GB
4,-15.625,9.5,Apple,14-inch,16GB,Lenovo,16-inch,4GB
4,-6.5,9.5,Apple,14-inch,16GB,Lenovo,16-inch,8GB
4,-5.5,9.5,Apple,14-inch,16GB,Lenovo,16-inch,16GB
4,-16.625,9.5,Apple,14-inch,16GB,HP,13-inch,4GB
4,-7.25,9.5,Apple,14-inch,16GB,HP,13-inch,8GB
4,-6.625,9.5,Apple,14-inch,16GB,HP,13-inch,16GB
4,-13.75,9.5,Apple,14-inch,16GB,HP,14-inch,4GB
4,-7.375,9.5,Apple,14-inch,16GB,HP,14-inch,8GB
4,-6.125,9.5,Apple,14-inch,16GB,HP,14-inch,16GB
4,-13.375,9.5,Apple,14-inch,16GB,HP,16-inch,4GB
4,-6.125,9.5,Apple,14-inch,16GB,HP,16-inch,8GB
4,-4.875,9.5,Apple,14-inch,16GB,HP,16-inch,16GB
4,-18.25,9.5,Apple,14-inch,16GB,Dell,13-inch,4GB
4,-7.25,9.5,Apple,14-inch,16GB,Dell,13-inch,8GB
4,-7.0,9.5,Apple,14-inch,16GB,Dell,13-inch,16GB
4,-16.25,9.5,Apple,14-inch,16GB,Dell,14-inch,4GB
4,-7.25,9.5,Apple,14-inch,16GB,Dell,14-inch,8GB
4,-6.625,9.5,Apple,14-inch,16GB,Dell,14-inch,16GB
4,-14.75,9.5,Apple,14-inch,16GB,Dell,16-inch,4GB
4,-5.875,9.5,Apple,14-inch,16GB,Dell,16-inch,8GB
4,-4.875,9.5,Apple,14-inch,16GB,Dell,16-inch,16GB
4,-18.125,9.5,Apple,14-inch,16GB,Apple,13-inch,4GB
4,-7.875,9.5,Apple,14-inch,16GB,Apple,13-inch,8GB
4,-0.03759765625,6.21875,Apple,14-inch,16GB,Apple,13-inch,16GB
4,-0.001861572265625,3.5,Apple,14-inch,16GB,Apple,14-inch,4GB
4,-11.75,9.5,Apple,14-inch,16GB,Apple,14-inch,8GB
4,-8.125,9.5,Apple,14-inch,16GB,Apple,16-inch,4GB
4,-6.75,9.5,Apple,14-inch,16GB,Apple,16-inch,8GB
4,-0.0025634765625,3.75,Apple,14-inch,16GB,Apple,16-inch,16GB
4,-11.0,9.5,Apple,16-inch,4GB,ASUS,13-inch,4GB
4,-14.75,9.5,Apple,16-inch,4GB,ASUS,13-inch,8GB
4,-14.375,9.5,Apple,16-inch,4GB,ASUS,13-inch,16GB
4,-11.0,9.5,Apple,16-inch,4GB,ASUS,14-inch,4GB
4,-15.75,9.5,Apple,16-inch,4GB,ASUS,14-inch,8GB
4,-14.625,9.5,Apple,16-inch,4GB,ASUS,14-inch,16GB
4,-10.375,9.5,Apple,16-inch,4GB,ASUS,16-inch,4GB
4,-17.625,9.5,Apple,16-inch,4GB,ASUS,16-inch,8GB
4,-12.75,9.5,Apple,16-inch,4GB,ASUS,16-inch,16GB
4,-10.375,9.5,Apple,16-inch,4GB,Lenovo,13-inch,4GB
4,-14.5,9.5,Apple,16-inch,4GB,Lenovo,13-inch,8GB
4,-14.625,9.5,Apple,16-inch,4GB,Lenovo,13-inch,16GB
4,-10.625,9.5,Apple,16-inch,4GB,Lenovo,14-inch,4GB
4,-15.125,9.5,Apple,16-inch,4GB,Lenovo,14-inch,8GB
4,-15.375,9.5,Apple,16-inch,4GB,Lenovo,14-inch,16GB
4,-10.25,9.5,Apple,16-inch,4GB,Lenovo,16-inch,4GB
4,-17.0,9.5,Apple,16-inch,4GB,Lenovo,16-inch,8GB
4,-13.75,9.5,Apple,16-inch,4GB,Lenovo,16-inch,16GB
4,-10.125,9.5,Apple,16-inch,4GB,HP,13-inch,4GB
4,-13.625,9.5,Apple,16-inch,4GB,HP,13-inch,8GB
4,-14.625,9.5,Apple,16-inch,4GB,HP,13-inch,16GB
4,-10.5,9.5,Apple,16-inch,4GB,HP,14-inch,4GB
4,-14.375,9.5,Apple,16-inch,4GB,HP,14-inch,8GB
4,-15.375,9.5,Apple,16-inch,4GB,HP,14-inch,16GB
4,-9.875,9.5,Apple,16-inch,4GB,HP,16-inch,4GB
4,-16.875,9.5,Apple,16-inch,4GB,HP,16-inch,8GB
4,-13.875,9.5,Apple,16-inch,4GB,HP,16-inch,16GB
4,-10.25,9.5,Apple,16-inch,4GB,Dell,13-inch,4GB
4,-13.75,9.5,Apple,16-inch,4GB,Dell,13-inch,8GB
4,-13.875,9.5,Apple,16-inch,4GB,Dell,13-inch,16GB
4,-10.625,9.5,Apple,16-inch,4GB,Dell,14-inch,4GB
4,-14.0,9.5,Apple,16-inch,4GB,Dell,14-inch,8GB
4,-14.125,9.5,Apple,16-inch,4GB,Dell,14-inch,16GB
4,-10.25,9.5,Apple,16-inch,4GB,Dell,16-inch,4GB
4,-16.5,9.5,Apple,16-inch,4GB,Dell,16-inch,8GB
4,-12.625,9.5,Apple,16-inch,4GB,Dell,16-inch,16GB
4,-7.5,9.5,Apple,16-inch,4GB,Apple,13-inch,4GB
4,-15.875,9.5,Apple,16-inch,4GB,Apple,13-inch,8GB
4,-15.25,9.5,Apple,16-inch,4GB,Apple,13-inch,16GB
4,-8.125,9.5,Apple,16-inch,4GB,Apple,14-inch,4GB
4,-17.375,9.5,Apple,16-inch,4GB,Apple,14-inch,8GB
4,-17.0,9.5,Apple,16-inch,4GB,Apple,14-inch,16GB
4,-16.875,9.5,Apple,16-inch,4GB,Apple,16-inch,8GB
4,-13.875,9.5,Apple,16-inch,4GB,Apple,16-inch,16GB
4,-10.25,9.5,Apple,16-inch,8GB,ASUS,13-inch,4GB
4,-8.125,9.5,Apple,16-inch,8GB,ASUS,13-inch,8GB
4,-5.625,9.5,Apple,16-inch,8GB,ASUS,13-inch,16GB
4,-10.125,9.5,Apple,16-inch,8GB,ASUS,14-inch,4GB
4,-8.0,9.5,Apple,16-inch,8GB,ASUS,14-inch,8GB
4,-6.375,9.5,Apple,16-inch,8GB,ASUS,14-inch,16GB
4,-0.00089263916015625,3.0,Apple,16-inch,8GB,ASUS,16-inch,4GB
4,-8.0,9.5,Apple,16-inch,8GB,ASUS,16-inch,8GB
4,-2.34375,9.375,Apple,16-inch,8GB,ASUS,16-inch,16GB
4,-10.0,9.5,Apple,16-inch,8GB,Lenovo,13-inch,4GB
4,-8.0,9.5,Apple,16-inch,8GB,Lenovo,13-inch,8GB
4,-5.625,9.5,Apple,16-inch,8GB,Lenovo,13-inch,16GB
4,-9.625,9.5,Apple,16-inch,8GB,Lenovo,14-inch,4GB
4,-7.875,9.5,Apple,16-inch,8GB,Lenovo,14-inch,8GB
4,-6.375,9.5,Apple,16-inch,8GB,Lenovo,14-inch,16GB
4,-0.00089263916015625,3.0,Apple,16-inch,8GB,Lenovo,16-inch,4GB
4,-7.75,9.5,Apple,16-inch,8GB,Lenovo,16-inch,8GB
4,-2.8125,9.4375,Apple,16-inch,8GB,Lenovo,16-inch,16GB
4,-8.375,9.5,Apple,16-inch,8GB,HP,13-inch,4GB
4,-7.25,9.5,Apple,16-inch,8GB,HP,13-inch,8GB
4,-4.75,9.5,Apple,16-inch,8GB,HP,13-inch,16GB
4,-8.25,9.5,Apple,16-inch,8GB,HP,14-inch,4GB
4,-7.25,9.5,Apple,16-inch,8GB,HP,14-inch,8GB
4,-5.75,9.5,Apple,16-inch,8GB,HP,14-inch,16GB
4,-0.000194549560546875,2.375,Apple,16-inch,8GB,HP,16-inch,4GB
4,-7.375,9.5,Apple,16-inch,8GB,HP,16-inch,8GB
4,-4.25,9.5,Apple,16-inch,8GB,HP,16-inch,16GB
4,-9.25,9.5,Apple,16-inch,8GB,Dell,13-inch,4GB
4,-7.625,9.5,Apple,16-inch,8GB,Dell,13-inch,8GB
4,-3.53125,9.5,Apple,16-inch,8GB,Dell,13-inch,16GB
4,-8.625,9.5,Apple,16-inch,8GB,Dell,14-inch,4GB
4,-7.5,9.5,Apple,16-inch,8GB,Dell,14-inch,8GB
4,-4.25,9.5,Apple,16-inch,8GB,Dell,14-inch,16GB
4,-9.918212890625e-05,2.25,Apple,16-inch,8GB,Dell,16-inch,4GB
4,-7.875,9.5,Apple,16-inch,8GB,Dell,16-inch,8GB
4,-0.0135498046875,5.25,Apple,16-inch,8GB,Dell,16-inch,16GB
4,-7.375,9.5,Apple,16-inch,8GB,Apple,13-inch,4GB
4,-7.75,9.5,Apple,16-inch,8GB,Apple,13-inch,8GB
4,-5.875,9.5,Apple,16-inch,8GB,Apple,13-inch,16GB
4,-8.125,9.5,Apple,16-inch,8GB,Apple,14-inch,4GB
4,-7.875,9.5,Apple,16-inch,8GB,Apple,14-inch,8GB
4,-7.5,9.5,Apple,16-inch,8GB,Apple,14-inch,16GB
4,0.00052642822265625,0.125,Apple,16-inch,8GB,Apple,16-inch,4GB
4,-5.625,9.5,Apple,16-inch,8GB,Apple,16-inch,16GB
4,-17.125,9.5,Apple,16-inch,16GB,ASUS,13-inch,4GB
4,-7.375,9.5,Apple,16-inch,16GB,ASUS,13-inch,8GB
4,-7.375,9.5,Apple,16-inch,16GB,ASUS,13-inch,16GB
4,-16.75,9.5,Apple,16-inch,16GB,ASUS,14-inch,4GB
4,-7.25,9.5,Apple,16-inch,16GB,ASUS,14-inch,8GB
4,-6.75,9.5,Apple,16-inch,16GB,ASUS,14-inch,16GB
4,-11.0,9.5,Apple,16-inch,16GB,ASUS,16-inch,4GB
4,-8.0,9.5,Apple,16-inch,16GB,ASUS,16-inch,8GB
4,-7.0,9.5,Apple,16-inch,16GB,ASUS,16-inch,16GB
4,-16.625,9.5,Apple,16-inch,16GB,Lenovo,13-inch,4GB
4,-7.0,9.5,Apple,16-inch,16GB,Lenovo,13-inch,8GB
4,-7.25,9.5,Apple,16-inch,16GB,Lenovo,13-inch,16GB
4,-16.125,9.5,Apple,16-inch,16GB,Lenovo,14-inch,4GB
4,-6.75,9.5,Apple,16-inch,16GB,Lenovo,14-inch,8GB
4,-7.0,9.5,Apple,16-inch,16GB,Lenovo,14-inch,16GB
4,-10.625,9.5,Apple,16-inch,16GB,Lenovo,16-inch,4GB
4,-8.0,9.5,Apple,16-inch,16GB,Lenovo,16-inch,8GB
4,-7.0,9.5,Apple,16-inch,16GB,Lenovo,16-inch,16GB
4,-15.625,9.5,Apple,16-inch,16GB,HP,13-inch,4GB
4,-6.875,9.5,Apple,16-inch,16GB,HP,13-inch,8GB
4,-6.375,9.5,Apple,16-inch,16GB,HP,13-inch,16GB
4,-15.375,9.5,Apple,16-inch,16GB,HP,14-inch,4GB
4,-6.5,9.5,Apple,16-inch,16GB,HP,14-inch,8GB
4,-6.125,9.5,Apple,16-inch,16GB,HP,14-inch,16GB
4,-9.75,9.5,Apple,16-inch,16GB,HP,16-inch,4GB
4,-7.625,9.5,Apple,16-inch,16GB,HP,16-inch,8GB
4,-6.75,9.5,Apple,16-inch,16GB,HP,16-inch,16GB
4,-16.5,9.5,Apple,16-inch,16GB,Dell,13-inch,4GB
4,-6.875,9.5,Apple,16-inch,16GB,Dell,13-inch,8GB
4,-6.625,9.5,Apple,16-inch,16GB,Dell,13-inch,16GB
4,-16.375,9.5,Apple,16-inch,16GB,Dell,14-inch,4GB
4,-6.75,9.5,Apple,16-inch,16GB,Dell,14-inch,8GB
4,-6.125,9.5,Apple,16-inch,16GB,Dell,14-inch,16GB
4,-10.375,9.5,Apple,16-inch,16GB,Dell,16-inch,4GB
4,-7.875,9.5,Apple,16-inch,16GB,Dell,16-inch,8GB
4,-6.75,9.5,Apple,16-inch,16GB,Dell,16-inch,16GB
4,-16.375,9.5,Apple,16-inch,16GB,Apple,13-inch,4GB
4,-6.375,9.5,Apple,16-inch,16GB,Apple,13-inch,8GB
4,-5.625,9.5,Apple,16-inch,16GB,Apple,13-inch,16GB
4,-15.75,9.5,Apple,16-inch,16GB,Apple,14-inch,4GB
4,-7.0,9.5,Apple,16-inch,16GB,Apple,14-inch,8GB
4,-5.5,9.5,Apple,16-inch,16GB,Apple,14-inch,16GB
4,0.000179290771484375,1.75,Apple,16-inch,16GB,Apple,16-inch,4GB
4,-9.5,9.5,Apple,16-inch,16GB,Apple,16-inch,8GB
