Color,BT_Score
yellow,0.23509340415444768
purple,0.12937053026299594
blue,0.024344369225552498
green,-0.10480003446838992
red,-0.2840082691745778
