Color,BT_Score
yellow,0.12047057962618624
blue,0.08830627280261183
red,-0.007990921673709295
purple,-0.04007397283557168
green,-0.16071195791950998
