Color,BT_Score
purple,0.5644236959587445
yellow,0.3440295395555353
blue,0.17296526888731734
green,-0.33737713031553085
red,-0.7440413740860592
