template_idx,score_a,score_b,a_brand,a_screen,a_ram,b_brand,b_screen,b_ram
0,-1.3515625,-0.349609375,ASUS,13-inch,4GB,ASUS,13-inch,8GB
0,-1.2421875,-0.37109375,ASUS,13-inch,4GB,ASUS,13-inch,16GB
0,-1.4296875,-0.302734375,ASUS,13-inch,4GB,ASUS,14-inch,4GB
0,-1.34375,-0.345703125,ASUS,13-inch,4GB,ASUS,14-inch,8GB
0,-1.4296875,-0.30859375,ASUS,13-inch,4GB,ASUS,14-inch,16GB
0,-1.5234375,-0.2734375,ASUS,13-inch,4GB,ASUS,16-inch,4GB
0,-1.4375,-0.310546875,ASUS,13-inch,4GB,ASUS,16-inch,8GB
0,-1.3359375,-0.333984375,ASUS,13-inch,4GB,ASUS,16-inch,16GB
0,-1.4296875,-0.302734375,ASUS,13-inch,4GB,Lenovo,13-inch,4GB
0,-1.34375,-0.34765625,ASUS,13-inch,4GB,Lenovo,13-inch,8GB
0,-1.4296875,-0.302734375,ASUS,13-inch,4GB,Lenovo,13-inch,16GB
0,-1.4296875,-0.302734375,ASUS,13-inch,4GB,Lenovo,14-inch,4GB
0,-1.4375,-0.3125,ASUS,13-inch,4GB,Lenovo,14-inch,8GB
0,-1.3359375,-0.337890625,ASUS,13-inch,4GB,Lenovo,14-inch,16GB
0,-1.5234375,-0.2734375,ASUS,13-inch,4GB,Lenovo,16-inch,4GB
0,-1.4453125,-0.31640625,ASUS,13-inch,4GB,Lenovo,16-inch,8GB
0,-1.4296875,-0.3046875,ASUS,13-inch,4GB,Lenovo,16-inch,16GB
0,-1.421875,-0.298828125,ASUS,13-inch,4GB,HP,13-inch,4GB
0,-1.4296875,-0.306640625,ASUS,13-inch,4GB,HP,13-inch,8GB
0,-1.3359375,-0.3359375,ASUS,13-inch,4GB,HP,13-inch,16GB
0,-1.6171875,-0.2431640625,ASUS,13-inch,4GB,HP,14-inch,4GB
0,-1.53125,-0.279296875,ASUS,13-inch,4GB,HP,14-inch,8GB
0,-1.3359375,-0.337890625,ASUS,13-inch,4GB,HP,14-inch,16GB
0,-1.515625,-0.26953125,ASUS,13-inch,4GB,HP,16-inch,4GB
0,-1.7265625,-0.2275390625,ASUS,13-inch,4GB,HP,16-inch,8GB
0,-1.3359375,-0.333984375,ASUS,13-inch,4GB,HP,16-inch,16GB
0,-1.6171875,-0.2412109375,ASUS,13-inch,4GB,Dell,13-inch,4GB
0,-1.5234375,-0.275390625,ASUS,13-inch,4GB,Dell,13-inch,8GB
0,-1.4296875,-0.302734375,ASUS,13-inch,4GB,Dell,13-inch,16GB
0,-1.6171875,-0.2431640625,ASUS,13-inch,4GB,Dell,14-inch,4GB
0,-1.625,-0.251953125,ASUS,13-inch,4GB,Dell,14-inch,8GB
0,-1.4296875,-0.306640625,ASUS,13-inch,4GB,Dell,14-inch,16GB
0,-1.71875,-0.21875,ASUS,13-inch,4GB,Dell,16-inch,4GB
0,-1.6328125,-0.255859375,ASUS,13-inch,4GB,Dell,16-inch,8GB
0,-1.421875,-0.30078125,ASUS,13-inch,4GB,Dell,16-inch,16GB
0,-1.5234375,-0.2734375,ASUS,13-inch,4GB,Apple,13-inch,4GB
0,-1.53125,-0.283203125,ASUS,13-inch,4GB,Apple,13-inch,8GB
0,-1.4296875,-0.302734375,ASUS,13-inch,4GB,Apple,13-inch,16GB
0,-1.6171875,-0.2451171875,ASUS,13-inch,4GB,Apple,14-inch,4GB
0,-1.6328125,-0.2578125,ASUS,13-inch,4GB,Apple,14-inch,8GB
0,-1.4296875,-0.3046875,ASUS,13-inch,4GB,Apple,14-inch,16GB
0,-1.7265625,-0.22265625,ASUS,13-inch,4GB,Apple,16-inch,4GB
0,-1.8359375,-0.2138671875,ASUS,13-inch,4GB,Apple,16-inch,8GB
0,-1.4296875,-0.302734375,ASUS,13-inch,4GB,Apple,16-inch,16GB
0,-1.71875,-0.2158203125,ASUS,13-inch,8GB,ASUS,13-inch,4GB
0,-1.8125,-0.1904296875,ASUS,13-inch,8GB,ASUS,13-inch,16GB
0,-1.71875,-0.216796875,ASUS,13-inch,8GB,ASUS,14-inch,4GB
0,-1.71875,-0.2158203125,ASUS,13-inch,8GB,ASUS,14-inch,8GB
0,-1.8203125,-0.1943359375,ASUS,13-inch,8GB,ASUS,14-inch,16GB
0,-1.8203125,-0.1943359375,ASUS,13-inch,8GB,ASUS,16-inch,4GB
0,-1.8203125,-0.1953125,ASUS,13-inch,8GB,ASUS,16-inch,8GB
0,-2.03125,-0.154296875,ASUS,13-inch,8GB,ASUS,16-inch,16GB
0,-1.8203125,-0.1943359375,ASUS,13-inch,8GB,Lenovo,13-inch,4GB
0,-1.8203125,-0.1962890625,ASUS,13-inch,8GB,Lenovo,13-inch,8GB
0,-1.921875,-0.171875,ASUS,13-inch,8GB,Lenovo,13-inch,16GB
0,-1.921875,-0.1748046875,ASUS,13-inch,8GB,Lenovo,14-inch,4GB
0,-1.921875,-0.17578125,ASUS,13-inch,8GB,Lenovo,14-inch,8GB
0,-1.921875,-0.1748046875,ASUS,13-inch,8GB,Lenovo,14-inch,16GB
0,-1.921875,-0.173828125,ASUS,13-inch,8GB,Lenovo,16-inch,4GB
0,-1.921875,-0.1748046875,ASUS,13-inch,8GB,Lenovo,16-inch,8GB
0,-2.03125,-0.154296875,ASUS,13-inch,8GB,Lenovo,16-inch,16GB
0,-2.03125,-0.154296875,ASUS,13-inch,8GB,HP,13-inch,4GB
0,-2.03125,-0.1552734375,ASUS,13-inch,8GB,HP,13-inch,8GB
0,-2.03125,-0.154296875,ASUS,13-inch,8GB,HP,13-inch,16GB
0,-1.921875,-0.171875,ASUS,13-inch,8GB,HP,14-inch,4GB
0,-2.03125,-0.1572265625,ASUS,13-inch,8GB,HP,14-inch,8GB
0,-1.8203125,-0.1953125,ASUS,13-inch,8GB,HP,14-inch,16GB
0,-2.03125,-0.154296875,ASUS,13-inch,8GB,HP,16-inch,4GB
0,-1.921875,-0.173828125,ASUS,13-inch,8GB,HP,16-inch,8GB
0,-2.140625,-0.138671875,ASUS,13-inch,8GB,HP,16-inch,16GB
0,-1.8203125,-0.1923828125,ASUS,13-inch,8GB,Dell,13-inch,4GB
0,-1.8203125,-0.193359375,ASUS,13-inch,8GB,Dell,13-inch,8GB
0,-1.921875,-0.169921875,ASUS,13-inch,8GB,Dell,13-inch,16GB
0,-1.921875,-0.173828125,ASUS,13-inch,8GB,Dell,14-inch,4GB
0,-1.8203125,-0.1943359375,ASUS,13-inch,8GB,Dell,14-inch,8GB
0,-1.8203125,-0.193359375,ASUS,13-inch,8GB,Dell,14-inch,16GB
0,-2.03125,-0.1552734375,ASUS,13-inch,8GB,Dell,16-inch,4GB
0,-1.921875,-0.1728515625,ASUS,13-inch,8GB,Dell,16-inch,8GB
0,-2.140625,-0.1376953125,ASUS,13-inch,8GB,Dell,16-inch,16GB
0,-1.921875,-0.173828125,ASUS,13-inch,8GB,Apple,13-inch,4GB
0,-1.921875,-0.173828125,ASUS,13-inch,8GB,Apple,13-inch,8GB
0,-2.03125,-0.15234375,ASUS,13-inch,8GB,Apple,13-inch,16GB
0,-2.140625,-0.1416015625,ASUS,13-inch,8GB,Apple,14-inch,4GB
0,-1.921875,-0.173828125,ASUS,13-inch,8GB,Apple,14-inch,8GB
0,-2.03125,-0.154296875,ASUS,13-inch,8GB,Apple,14-inch,16GB
0,-2.25,-0.126953125,ASUS,13-inch,8GB,Apple,16-inch,4GB
0,-2.03125,-0.158203125,ASUS,13-inch,8GB,Apple,16-inch,8GB
0,-2.140625,-0.140625,ASUS,13-inch,8GB,Apple,16-inch,16GB
0,-1.328125,-0.330078125,ASUS,13-inch,16GB,ASUS,13-inch,4GB
0,-1.2421875,-0.365234375,ASUS,13-inch,16GB,ASUS,13-inch,8GB
0,-1.609375,-0.2373046875,ASUS,13-inch,16GB,ASUS,14-inch,4GB
0,-1.609375,-0.2373046875,ASUS,13-inch,16GB,ASUS,14-inch,8GB
0,-1.8125,-0.189453125,ASUS,13-inch,16GB,ASUS,14-inch,16GB
0,-1.5234375,-0.271484375,ASUS,13-inch,16GB,ASUS,16-inch,4GB
0,-1.328125,-0.330078125,ASUS,13-inch,16GB,ASUS,16-inch,8GB
0,-1.8125,-0.19140625,ASUS,13-inch,16GB,ASUS,16-inch,16GB
0,-1.421875,-0.30078125,ASUS,13-inch,16GB,Lenovo,13-inch,4GB
0,-1.15625,-0.404296875,ASUS,13-inch,16GB,Lenovo,13-inch,8GB
0,-1.71875,-0.2158203125,ASUS,13-inch,16GB,Lenovo,13-inch,16GB
0,-1.515625,-0.265625,ASUS,13-inch,16GB,Lenovo,14-inch,4GB
0,-1.6171875,-0.23828125,ASUS,13-inch,16GB,Lenovo,14-inch,8GB
0,-2.03125,-0.15234375,ASUS,13-inch,16GB,Lenovo,14-inch,16GB
0,-1.71875,-0.2216796875,ASUS,13-inch,16GB,Lenovo,16-inch,4GB
0,-1.2421875,-0.3671875,ASUS,13-inch,16GB,Lenovo,16-inch,8GB
0,-1.8203125,-0.1953125,ASUS,13-inch,16GB,Lenovo,16-inch,16GB
0,-1.8203125,-0.1943359375,ASUS,13-inch,16GB,HP,13-inch,4GB
0,-1.328125,-0.328125,ASUS,13-inch,16GB,HP,13-inch,8GB
0,-1.8203125,-0.1923828125,ASUS,13-inch,16GB,HP,13-inch,16GB
0,-1.7109375,-0.212890625,ASUS,13-inch,16GB,HP,14-inch,4GB
0,-1.7109375,-0.212890625,ASUS,13-inch,16GB,HP,14-inch,8GB
0,-2.03125,-0.1533203125,ASUS,13-inch,16GB,HP,14-inch,16GB
0,-1.609375,-0.23828125,ASUS,13-inch,16GB,HP,16-inch,4GB
0,-1.421875,-0.296875,ASUS,13-inch,16GB,HP,16-inch,8GB
0,-1.921875,-0.1728515625,ASUS,13-inch,16GB,HP,16-inch,16GB
0,-1.515625,-0.265625,ASUS,13-inch,16GB,Dell,13-inch,4GB
0,-1.421875,-0.294921875,ASUS,13-inch,16GB,Dell,13-inch,8GB
0,-1.8203125,-0.193359375,ASUS,13-inch,16GB,Dell,13-inch,16GB
0,-1.7109375,-0.212890625,ASUS,13-inch,16GB,Dell,14-inch,4GB
0,-1.8203125,-0.19140625,ASUS,13-inch,16GB,Dell,14-inch,8GB
0,-2.140625,-0.13671875,ASUS,13-inch,16GB,Dell,14-inch,16GB
0,-1.71875,-0.2197265625,ASUS,13-inch,16GB,Dell,16-inch,4GB
0,-1.421875,-0.298828125,ASUS,13-inch,16GB,Dell,16-inch,8GB
0,-1.921875,-0.173828125,ASUS,13-inch,16GB,Dell,16-inch,16GB
0,-1.4296875,-0.302734375,ASUS,13-inch,16GB,Apple,13-inch,4GB
0,-1.421875,-0.294921875,ASUS,13-inch,16GB,Apple,13-inch,8GB
0,-1.609375,-0.236328125,ASUS,13-inch,16GB,Apple,13-inch,16GB
0,-1.609375,-0.2373046875,ASUS,13-inch,16GB,Apple,14-inch,4GB
0,-1.8203125,-0.1923828125,ASUS,13-inch,16GB,Apple,14-inch,8GB
0,-1.8125,-0.1904296875,ASUS,13-inch,16GB,Apple,14-inch,16GB
0,-1.5234375,-0.271484375,ASUS,13-inch,16GB,Apple,16-inch,4GB
0,-1.3359375,-0.33203125,ASUS,13-inch,16GB,Apple,16-inch,8GB
0,-1.7109375,-0.2138671875,ASUS,13-inch,16GB,Apple,16-inch,16GB
0,-1.5234375,-0.271484375,ASUS,14-inch,4GB,ASUS,13-inch,4GB
0,-1.7265625,-0.224609375,ASUS,14-inch,4GB,ASUS,13-inch,8GB
0,-1.421875,-0.30078125,ASUS,14-inch,4GB,ASUS,13-inch,16GB
0,-1.4375,-0.310546875,ASUS,14-inch,4GB,ASUS,14-inch,8GB
0,-1.15625,-0.40625,ASUS,14-inch,4GB,ASUS,14-inch,16GB
0,-1.421875,-0.30078125,ASUS,14-inch,4GB,ASUS,16-inch,4GB
0,-1.625,-0.25,ASUS,14-inch,4GB,ASUS,16-inch,8GB
0,-1.421875,-0.298828125,ASUS,14-inch,4GB,ASUS,16-inch,16GB
0,-1.5234375,-0.271484375,ASUS,14-inch,4GB,Lenovo,13-inch,4GB
0,-1.625,-0.25,ASUS,14-inch,4GB,Lenovo,13-inch,8GB
0,-1.421875,-0.30078125,ASUS,14-inch,4GB,Lenovo,13-inch,16GB
0,-1.3359375,-0.33203125,ASUS,14-inch,4GB,Lenovo,14-inch,4GB
0,-1.34375,-0.33984375,ASUS,14-inch,4GB,Lenovo,14-inch,8GB
0,-1.0703125,-0.447265625,ASUS,14-inch,4GB,Lenovo,14-inch,16GB
0,-1.421875,-0.30078125,ASUS,14-inch,4GB,Lenovo,16-inch,4GB
0,-1.625,-0.25390625,ASUS,14-inch,4GB,Lenovo,16-inch,8GB
0,-1.5234375,-0.271484375,ASUS,14-inch,4GB,Lenovo,16-inch,16GB
0,-1.71875,-0.21875,ASUS,14-inch,4GB,HP,13-inch,4GB
0,-1.7265625,-0.2275390625,ASUS,14-inch,4GB,HP,13-inch,8GB
0,-1.5234375,-0.271484375,ASUS,14-inch,4GB,HP,13-inch,16GB
0,-1.5234375,-0.26953125,ASUS,14-inch,4GB,HP,14-inch,4GB
0,-1.4375,-0.310546875,ASUS,14-inch,4GB,HP,14-inch,8GB
0,-1.0703125,-0.447265625,ASUS,14-inch,4GB,HP,14-inch,16GB
0,-1.6171875,-0.2412109375,ASUS,14-inch,4GB,HP,16-inch,4GB
0,-1.7265625,-0.2265625,ASUS,14-inch,4GB,HP,16-inch,8GB
0,-1.5234375,-0.26953125,ASUS,14-inch,4GB,HP,16-inch,16GB
0,-1.6171875,-0.244140625,ASUS,14-inch,4GB,Dell,13-inch,4GB
0,-1.625,-0.248046875,ASUS,14-inch,4GB,Dell,13-inch,8GB
0,-1.421875,-0.30078125,ASUS,14-inch,4GB,Dell,13-inch,16GB
0,-1.421875,-0.30078125,ASUS,14-inch,4GB,Dell,14-inch,4GB
0,-1.4296875,-0.3046875,ASUS,14-inch,4GB,Dell,14-inch,8GB
0,-1.15625,-0.40625,ASUS,14-inch,4GB,Dell,14-inch,16GB
0,-1.5234375,-0.26953125,ASUS,14-inch,4GB,Dell,16-inch,4GB
0,-1.7265625,-0.2255859375,ASUS,14-inch,4GB,Dell,16-inch,8GB
0,-1.421875,-0.298828125,ASUS,14-inch,4GB,Dell,16-inch,16GB
0,-1.71875,-0.22265625,ASUS,14-inch,4GB,Apple,13-inch,4GB
0,-1.8359375,-0.208984375,ASUS,14-inch,4GB,Apple,13-inch,8GB
0,-1.5234375,-0.271484375,ASUS,14-inch,4GB,Apple,13-inch,16GB
0,-1.421875,-0.30078125,ASUS,14-inch,4GB,Apple,14-inch,4GB
0,-1.625,-0.251953125,ASUS,14-inch,4GB,Apple,14-inch,8GB
0,-1.2421875,-0.365234375,ASUS,14-inch,4GB,Apple,14-inch,16GB
0,-1.625,-0.2470703125,ASUS,14-inch,4GB,Apple,16-inch,4GB
0,-1.9375,-0.1845703125,ASUS,14-inch,4GB,Apple,16-inch,8GB
0,-1.5234375,-0.2734375,ASUS,14-inch,4GB,Apple,16-inch,16GB
0,-1.71875,-0.2177734375,ASUS,14-inch,8GB,ASUS,13-inch,4GB
0,-1.6171875,-0.2421875,ASUS,14-inch,8GB,ASUS,13-inch,8GB
0,-1.7109375,-0.2138671875,ASUS,14-inch,8GB,ASUS,13-inch,16GB
0,-1.515625,-0.26953125,ASUS,14-inch,8GB,ASUS,14-inch,4GB
0,-1.515625,-0.265625,ASUS,14-inch,8GB,ASUS,14-inch,16GB
0,-1.8203125,-0.1943359375,ASUS,14-inch,8GB,ASUS,16-inch,4GB
0,-1.71875,-0.216796875,ASUS,14-inch,8GB,ASUS,16-inch,8GB
0,-1.7109375,-0.2138671875,ASUS,14-inch,8GB,ASUS,16-inch,16GB
0,-1.71875,-0.220703125,ASUS,14-inch,8GB,Lenovo,13-inch,4GB
0,-1.6171875,-0.2451171875,ASUS,14-inch,8GB,Lenovo,13-inch,8GB
0,-1.8203125,-0.1923828125,ASUS,14-inch,8GB,Lenovo,13-inch,16GB
0,-1.515625,-0.26953125,ASUS,14-inch,8GB,Lenovo,14-inch,4GB
0,-1.5234375,-0.26953125,ASUS,14-inch,8GB,Lenovo,14-inch,8GB
0,-1.609375,-0.23828125,ASUS,14-inch,8GB,Lenovo,14-inch,16GB
0,-1.8203125,-0.1953125,ASUS,14-inch,8GB,Lenovo,16-inch,4GB
0,-1.6171875,-0.244140625,ASUS,14-inch,8GB,Lenovo,16-inch,8GB
0,-1.921875,-0.171875,ASUS,14-inch,8GB,Lenovo,16-inch,16GB
0,-1.921875,-0.1728515625,ASUS,14-inch,8GB,HP,13-inch,4GB
0,-1.71875,-0.21875,ASUS,14-inch,8GB,HP,13-inch,8GB
0,-1.8203125,-0.1923828125,ASUS,14-inch,8GB,HP,13-inch,16GB
0,-1.8203125,-0.193359375,ASUS,14-inch,8GB,HP,14-inch,4GB
0,-1.71875,-0.2158203125,ASUS,14-inch,8GB,HP,14-inch,8GB
0,-1.515625,-0.265625,ASUS,14-inch,8GB,HP,14-inch,16GB
0,-1.921875,-0.1728515625,ASUS,14-inch,8GB,HP,16-inch,4GB
0,-1.71875,-0.216796875,ASUS,14-inch,8GB,HP,16-inch,8GB
0,-1.921875,-0.171875,ASUS,14-inch,8GB,HP,16-inch,16GB
0,-1.71875,-0.2158203125,ASUS,14-inch,8GB,Dell,13-inch,4GB
0,-1.71875,-0.2177734375,ASUS,14-inch,8GB,Dell,13-inch,8GB
0,-1.921875,-0.1708984375,ASUS,14-inch,8GB,Dell,13-inch,16GB
0,-1.7109375,-0.2138671875,ASUS,14-inch,8GB,Dell,14-inch,4GB
0,-1.6171875,-0.240234375,ASUS,14-inch,8GB,Dell,14-inch,8GB
0,-1.515625,-0.263671875,ASUS,14-inch,8GB,Dell,14-inch,16GB
0,-1.921875,-0.1728515625,ASUS,14-inch,8GB,Dell,16-inch,4GB
0,-1.71875,-0.2177734375,ASUS,14-inch,8GB,Dell,16-inch,8GB
0,-1.8203125,-0.193359375,ASUS,14-inch,8GB,Dell,16-inch,16GB
0,-1.8203125,-0.1982421875,ASUS,14-inch,8GB,Apple,13-inch,4GB
0,-1.8203125,-0.1982421875,ASUS,14-inch,8GB,Apple,13-inch,8GB
0,-1.921875,-0.173828125,ASUS,14-inch,8GB,Apple,13-inch,16GB
0,-1.71875,-0.21875,ASUS,14-inch,8GB,Apple,14-inch,4GB
0,-1.71875,-0.2177734375,ASUS,14-inch,8GB,Apple,14-inch,8GB
0,-1.8125,-0.189453125,ASUS,14-inch,8GB,Apple,14-inch,16GB
0,-2.03125,-0.158203125,ASUS,14-inch,8GB,Apple,16-inch,4GB
0,-1.9296875,-0.1767578125,ASUS,14-inch,8GB,Apple,16-inch,8GB
0,-2.03125,-0.15625,ASUS,14-inch,8GB,Apple,16-inch,16GB
0,-1.3359375,-0.333984375,ASUS,14-inch,16GB,ASUS,13-inch,4GB
0,-1.421875,-0.30078125,ASUS,14-inch,16GB,ASUS,13-inch,8GB
0,-1.328125,-0.326171875,ASUS,14-inch,16GB,ASUS,13-inch,16GB
0,-1.328125,-0.33203125,ASUS,14-inch,16GB,ASUS,14-inch,4GB
0,-1.15625,-0.40625,ASUS,14-inch,16GB,ASUS,14-inch,8GB
0,-1.328125,-0.33203125,ASUS,14-inch,16GB,ASUS,16-inch,4GB
0,-1.2421875,-0.369140625,ASUS,14-inch,16GB,ASUS,16-inch,8GB
0,-1.1484375,-0.400390625,ASUS,14-inch,16GB,ASUS,16-inch,16GB
0,-1.4296875,-0.302734375,ASUS,14-inch,16GB,Lenovo,13-inch,4GB
0,-1.3359375,-0.3359375,ASUS,14-inch,16GB,Lenovo,13-inch,8GB
0,-1.71875,-0.216796875,ASUS,14-inch,16GB,Lenovo,13-inch,16GB
0,-1.4296875,-0.3046875,ASUS,14-inch,16GB,Lenovo,14-inch,4GB
0,-1.2421875,-0.37109375,ASUS,14-inch,16GB,Lenovo,14-inch,8GB
0,-1.3359375,-0.333984375,ASUS,14-inch,16GB,Lenovo,14-inch,16GB
0,-1.5234375,-0.2734375,ASUS,14-inch,16GB,Lenovo,16-inch,4GB
0,-1.3359375,-0.3359375,ASUS,14-inch,16GB,Lenovo,16-inch,8GB
0,-1.421875,-0.298828125,ASUS,14-inch,16GB,Lenovo,16-inch,16GB
0,-1.4296875,-0.302734375,ASUS,14-inch,16GB,HP,13-inch,4GB
0,-1.4296875,-0.302734375,ASUS,14-inch,16GB,HP,13-inch,8GB
0,-1.6171875,-0.23828125,ASUS,14-inch,16GB,HP,13-inch,16GB
0,-1.4296875,-0.302734375,ASUS,14-inch,16GB,HP,14-inch,4GB
0,-1.2421875,-0.369140625,ASUS,14-inch,16GB,HP,14-inch,8GB
0,-1.328125,-0.330078125,ASUS,14-inch,16GB,HP,14-inch,16GB
0,-1.4296875,-0.302734375,ASUS,14-inch,16GB,HP,16-inch,4GB
0,-1.4296875,-0.302734375,ASUS,14-inch,16GB,HP,16-inch,8GB
0,-1.421875,-0.296875,ASUS,14-inch,16GB,HP,16-inch,16GB
0,-1.421875,-0.30078125,ASUS,14-inch,16GB,Dell,13-inch,4GB
0,-1.421875,-0.298828125,ASUS,14-inch,16GB,Dell,13-inch,8GB
0,-1.421875,-0.294921875,ASUS,14-inch,16GB,Dell,13-inch,16GB
0,-1.3359375,-0.3359375,ASUS,14-inch,16GB,Dell,14-inch,4GB
0,-1.15625,-0.408203125,ASUS,14-inch,16GB,Dell,14-inch,8GB
0,-1.15625,-0.404296875,ASUS,14-inch,16GB,Dell,14-inch,16GB
0,-1.5234375,-0.26953125,ASUS,14-inch,16GB,Dell,16-inch,4GB
0,-1.328125,-0.33203125,ASUS,14-inch,16GB,Dell,16-inch,8GB
0,-1.6171875,-0.2421875,ASUS,14-inch,16GB,Dell,16-inch,16GB
0,-1.4296875,-0.3046875,ASUS,14-inch,16GB,Apple,13-inch,4GB
0,-1.5234375,-0.2734375,ASUS,14-inch,16GB,Apple,13-inch,8GB
0,-1.2421875,-0.3671875,ASUS,14-inch,16GB,Apple,13-inch,16GB
0,-1.3359375,-0.333984375,ASUS,14-inch,16GB,Apple,14-inch,4GB
0,-1.3359375,-0.333984375,ASUS,14-inch,16GB,Apple,14-inch,8GB
0,-1.2421875,-0.365234375,ASUS,14-inch,16GB,Apple,14-inch,16GB
0,-1.421875,-0.30078125,ASUS,14-inch,16GB,Apple,16-inch,4GB
0,-1.4296875,-0.302734375,ASUS,14-inch,16GB,Apple,16-inch,8GB
0,-1.3359375,-0.33203125,ASUS,14-inch,16GB,Apple,16-inch,16GB
0,-1.71875,-0.2216796875,ASUS,16-inch,4GB,ASUS,13-inch,4GB
0,-1.7265625,-0.2265625,ASUS,16-inch,4GB,ASUS,13-inch,8GB
0,-1.6171875,-0.244140625,ASUS,16-inch,4GB,ASUS,13-inch,16GB
0,-1.625,-0.2470703125,ASUS,16-inch,4GB,ASUS,14-inch,4GB
0,-1.7265625,-0.228515625,ASUS,16-inch,4GB,ASUS,14-inch,8GB
0,-1.5234375,-0.2734375,ASUS,16-inch,4GB,ASUS,14-inch,16GB
0,-1.4375,-0.3125,ASUS,16-inch,4GB,ASUS,16-inch,8GB
0,-1.3359375,-0.33203125,ASUS,16-inch,4GB,ASUS,16-inch,16GB
0,-1.71875,-0.22265625,ASUS,16-inch,4GB,Lenovo,13-inch,4GB
0,-1.7265625,-0.2294921875,ASUS,16-inch,4GB,Lenovo,13-inch,8GB
0,-1.71875,-0.220703125,ASUS,16-inch,4GB,Lenovo,13-inch,16GB
0,-1.71875,-0.22265625,ASUS,16-inch,4GB,Lenovo,14-inch,4GB
0,-1.8359375,-0.20703125,ASUS,16-inch,4GB,Lenovo,14-inch,8GB
0,-1.71875,-0.2197265625,ASUS,16-inch,4GB,Lenovo,14-inch,16GB
0,-1.4296875,-0.30859375,ASUS,16-inch,4GB,Lenovo,16-inch,4GB
0,-1.5390625,-0.28515625,ASUS,16-inch,4GB,Lenovo,16-inch,8GB
0,-1.3359375,-0.33203125,ASUS,16-inch,4GB,Lenovo,16-inch,16GB
0,-1.9296875,-0.1806640625,ASUS,16-inch,4GB,HP,13-inch,4GB
0,-1.9375,-0.1875,ASUS,16-inch,4GB,HP,13-inch,8GB
0,-1.8203125,-0.197265625,ASUS,16-inch,4GB,HP,13-inch,16GB
0,-1.9296875,-0.1787109375,ASUS,16-inch,4GB,HP,14-inch,4GB
0,-1.8359375,-0.2080078125,ASUS,16-inch,4GB,HP,14-inch,8GB
0,-1.71875,-0.2197265625,ASUS,16-inch,4GB,HP,14-inch,16GB
0,-1.6171875,-0.2421875,ASUS,16-inch,4GB,HP,16-inch,4GB
0,-1.53125,-0.279296875,ASUS,16-inch,4GB,HP,16-inch,8GB
0,-1.4296875,-0.30078125,ASUS,16-inch,4GB,HP,16-inch,16GB
0,-1.8203125,-0.19921875,ASUS,16-inch,4GB,Dell,13-inch,4GB
0,-1.828125,-0.2021484375,ASUS,16-inch,4GB,Dell,13-inch,8GB
0,-1.8203125,-0.1953125,ASUS,16-inch,4GB,Dell,13-inch,16GB
0,-1.8203125,-0.1982421875,ASUS,16-inch,4GB,Dell,14-inch,4GB
0,-1.828125,-0.2041015625,ASUS,16-inch,4GB,Dell,14-inch,8GB
0,-1.71875,-0.21875,ASUS,16-inch,4GB,Dell,14-inch,16GB
0,-1.6171875,-0.2431640625,ASUS,16-inch,4GB,Dell,16-inch,4GB
0,-1.53125,-0.28125,ASUS,16-inch,4GB,Dell,16-inch,8GB
0,-1.4296875,-0.302734375,ASUS,16-inch,4GB,Dell,16-inch,16GB
0,-1.828125,-0.203125,ASUS,16-inch,4GB,Apple,13-inch,4GB
0,-1.9453125,-0.19140625,ASUS,16-inch,4GB,Apple,13-inch,8GB
0,-1.828125,-0.2001953125,ASUS,16-inch,4GB,Apple,13-inch,16GB
0,-1.9296875,-0.1826171875,ASUS,16-inch,4GB,Apple,14-inch,4GB
0,-1.9375,-0.1904296875,ASUS,16-inch,4GB,Apple,14-inch,8GB
0,-1.828125,-0.2001953125,ASUS,16-inch,4GB,Apple,14-inch,16GB
0,-1.7265625,-0.224609375,ASUS,16-inch,4GB,Apple,16-inch,4GB
0,-1.734375,-0.2353515625,ASUS,16-inch,4GB,Apple,16-inch,8GB
0,-1.625,-0.25390625,ASUS,16-inch,4GB,Apple,16-inch,16GB
0,-2.25,-0.1259765625,ASUS,16-inch,8GB,ASUS,13-inch,4GB
0,-2.359375,-0.1162109375,ASUS,16-inch,8GB,ASUS,13-inch,8GB
0,-2.8125,-0.06982421875,ASUS,16-inch,8GB,ASUS,13-inch,16GB
0,-1.8203125,-0.1943359375,ASUS,16-inch,8GB,ASUS,14-inch,4GB
0,-1.921875,-0.1748046875,ASUS,16-inch,8GB,ASUS,14-inch,8GB
0,-2.25,-0.1220703125,ASUS,16-inch,8GB,ASUS,14-inch,16GB
0,-1.921875,-0.173828125,ASUS,16-inch,8GB,ASUS,16-inch,4GB
0,-1.609375,-0.236328125,ASUS,16-inch,8GB,ASUS,16-inch,16GB
0,-1.921875,-0.1748046875,ASUS,16-inch,8GB,Lenovo,13-inch,4GB
0,-2.03125,-0.158203125,ASUS,16-inch,8GB,Lenovo,13-inch,8GB
0,-2.25,-0.12451171875,ASUS,16-inch,8GB,Lenovo,13-inch,16GB
0,-1.921875,-0.17578125,ASUS,16-inch,8GB,Lenovo,14-inch,4GB
0,-2.25,-0.126953125,ASUS,16-inch,8GB,Lenovo,14-inch,8GB
0,-2.25,-0.12158203125,ASUS,16-inch,8GB,Lenovo,14-inch,16GB
0,-2.03125,-0.15625,ASUS,16-inch,8GB,Lenovo,16-inch,4GB
0,-1.921875,-0.1748046875,ASUS,16-inch,8GB,Lenovo,16-inch,8GB
0,-2.140625,-0.1376953125,ASUS,16-inch,8GB,Lenovo,16-inch,16GB
0,-1.921875,-0.173828125,ASUS,16-inch,8GB,HP,13-inch,4GB
0,-2.03125,-0.1591796875,ASUS,16-inch,8GB,HP,13-inch,8GB
0,-2.25,-0.1240234375,ASUS,16-inch,8GB,HP,13-inch,16GB
0,-2.140625,-0.138671875,ASUS,16-inch,8GB,HP,14-inch,4GB
0,-2.03125,-0.15625,ASUS,16-inch,8GB,HP,14-inch,8GB
0,-2.359375,-0.11083984375,ASUS,16-inch,8GB,HP,14-inch,16GB
0,-1.921875,-0.171875,ASUS,16-inch,8GB,HP,16-inch,4GB
0,-2.03125,-0.154296875,ASUS,16-inch,8GB,HP,16-inch,8GB
0,-2.140625,-0.13671875,ASUS,16-inch,8GB,HP,16-inch,16GB
0,-2.03125,-0.154296875,ASUS,16-inch,8GB,Dell,13-inch,4GB
0,-2.03125,-0.158203125,ASUS,16-inch,8GB,Dell,13-inch,8GB
0,-2.25,-0.123046875,ASUS,16-inch,8GB,Dell,13-inch,16GB
0,-2.03125,-0.1533203125,ASUS,16-inch,8GB,Dell,14-inch,4GB
0,-1.921875,-0.1748046875,ASUS,16-inch,8GB,Dell,14-inch,8GB
0,-2.25,-0.1220703125,ASUS,16-inch,8GB,Dell,14-inch,16GB
0,-2.03125,-0.15234375,ASUS,16-inch,8GB,Dell,16-inch,4GB
0,-2.03125,-0.1533203125,ASUS,16-inch,8GB,Dell,16-inch,8GB
0,-2.140625,-0.1357421875,ASUS,16-inch,8GB,Dell,16-inch,16GB
0,-1.9296875,-0.177734375,ASUS,16-inch,8GB,Apple,13-inch,4GB
0,-2.03125,-0.162109375,ASUS,16-inch,8GB,Apple,13-inch,8GB
0,-2.359375,-0.1123046875,ASUS,16-inch,8GB,Apple,13-inch,16GB
0,-2.140625,-0.140625,ASUS,16-inch,8GB,Apple,14-inch,4GB
0,-2.375,-0.11962890625,ASUS,16-inch,8GB,Apple,14-inch,8GB
0,-2.59375,-0.08642578125,ASUS,16-inch,8GB,Apple,14-inch,16GB
0,-2.25,-0.1259765625,ASUS,16-inch,8GB,Apple,16-inch,4GB
0,-2.140625,-0.1396484375,ASUS,16-inch,8GB,Apple,16-inch,8GB
0,-2.25,-0.1220703125,ASUS,16-inch,8GB,Apple,16-inch,16GB
0,-1.3359375,-0.333984375,ASUS,16-inch,16GB,ASUS,13-inch,4GB
0,-1.421875,-0.30078125,ASUS,16-inch,16GB,ASUS,13-inch,8GB
0,-1.8203125,-0.1943359375,ASUS,16-inch,16GB,ASUS,13-inch,16GB
0,-1.421875,-0.296875,ASUS,16-inch,16GB,ASUS,14-inch,4GB
0,-1.6171875,-0.2412109375,ASUS,16-inch,16GB,ASUS,14-inch,8GB
0,-1.8203125,-0.193359375,ASUS,16-inch,16GB,ASUS,14-inch,16GB
0,-1.5234375,-0.26953125,ASUS,16-inch,16GB,ASUS,16-inch,4GB
0,-1.2421875,-0.369140625,ASUS,16-inch,16GB,ASUS,16-inch,8GB
0,-1.4296875,-0.3046875,ASUS,16-inch,16GB,Lenovo,13-inch,4GB
0,-1.625,-0.2490234375,ASUS,16-inch,16GB,Lenovo,13-inch,8GB
0,-1.8203125,-0.1953125,ASUS,16-inch,16GB,Lenovo,13-inch,16GB
0,-1.6171875,-0.2421875,ASUS,16-inch,16GB,Lenovo,14-inch,4GB
0,-1.5234375,-0.271484375,ASUS,16-inch,16GB,Lenovo,14-inch,8GB
0,-1.8203125,-0.1953125,ASUS,16-inch,16GB,Lenovo,14-inch,16GB
0,-1.4296875,-0.302734375,ASUS,16-inch,16GB,Lenovo,16-inch,4GB
0,-1.2421875,-0.369140625,ASUS,16-inch,16GB,Lenovo,16-inch,8GB
0,-1.71875,-0.2197265625,ASUS,16-inch,16GB,Lenovo,16-inch,16GB
0,-1.515625,-0.26953125,ASUS,16-inch,16GB,HP,13-inch,4GB
0,-1.2421875,-0.3671875,ASUS,16-inch,16GB,HP,13-inch,8GB
0,-1.8203125,-0.193359375,ASUS,16-inch,16GB,HP,13-inch,16GB
0,-1.7109375,-0.21484375,ASUS,16-inch,16GB,HP,14-inch,4GB
0,-1.5234375,-0.26953125,ASUS,16-inch,16GB,HP,14-inch,8GB
0,-1.921875,-0.173828125,ASUS,16-inch,16GB,HP,14-inch,16GB
0,-1.6171875,-0.2412109375,ASUS,16-inch,16GB,HP,16-inch,4GB
0,-1.328125,-0.33203125,ASUS,16-inch,16GB,HP,16-inch,8GB
0,-1.71875,-0.2177734375,ASUS,16-inch,16GB,HP,16-inch,16GB
0,-1.421875,-0.298828125,ASUS,16-inch,16GB,Dell,13-inch,4GB
0,-1.3359375,-0.33203125,ASUS,16-inch,16GB,Dell,13-inch,8GB
0,-1.8203125,-0.1943359375,ASUS,16-inch,16GB,Dell,13-inch,16GB
0,-1.6171875,-0.240234375,ASUS,16-inch,16GB,Dell,14-inch,4GB
0,-1.515625,-0.267578125,ASUS,16-inch,16GB,Dell,14-inch,8GB
0,-1.921875,-0.1728515625,ASUS,16-inch,16GB,Dell,14-inch,16GB
0,-1.6171875,-0.2431640625,ASUS,16-inch,16GB,Dell,16-inch,4GB
0,-1.328125,-0.330078125,ASUS,16-inch,16GB,Dell,16-inch,8GB
0,-1.71875,-0.2177734375,ASUS,16-inch,16GB,Dell,16-inch,16GB
0,-1.4296875,-0.302734375,ASUS,16-inch,16GB,Apple,13-inch,4GB
0,-1.5234375,-0.2734375,ASUS,16-inch,16GB,Apple,13-inch,8GB
0,-1.421875,-0.296875,ASUS,16-inch,16GB,Apple,13-inch,16GB
0,-1.5234375,-0.271484375,ASUS,16-inch,16GB,Apple,14-inch,4GB
0,-1.6171875,-0.2421875,ASUS,16-inch,16GB,Apple,14-inch,8GB
0,-1.921875,-0.1748046875,ASUS,16-inch,16GB,Apple,14-inch,16GB
0,-1.4296875,-0.306640625,ASUS,16-inch,16GB,Apple,16-inch,4GB
0,-1.421875,-0.298828125,ASUS,16-inch,16GB,Apple,16-inch,8GB
0,-1.8203125,-0.1962890625,ASUS,16-inch,16GB,Apple,16-inch,16GB
0,-1.3359375,-0.333984375,Lenovo,13-inch,4GB,ASUS,13-inch,4GB
0,-1.5234375,-0.2734375,Lenovo,13-inch,4GB,ASUS,13-inch,8GB
0,-1.5234375,-0.271484375,Lenovo,13-inch,4GB,ASUS,13-inch,16GB
0,-1.6171875,-0.2431640625,Lenovo,13-inch,4GB,ASUS,14-inch,4GB
0,-1.625,-0.2490234375,Lenovo,13-inch,4GB,ASUS,14-inch,8GB
0,-1.5234375,-0.271484375,Lenovo,13-inch,4GB,ASUS,14-inch,16GB
0,-1.6171875,-0.2421875,Lenovo,13-inch,4GB,ASUS,16-inch,4GB
0,-1.7265625,-0.2236328125,Lenovo,13-inch,4GB,ASUS,16-inch,8GB
0,-1.6171875,-0.2421875,Lenovo,13-inch,4GB,ASUS,16-inch,16GB
0,-1.2578125,-0.37890625,Lenovo,13-inch,4GB,Lenovo,13-inch,8GB
0,-1.1640625,-0.416015625,Lenovo,13-inch,4GB,Lenovo,13-inch,16GB
0,-1.4296875,-0.302734375,Lenovo,13-inch,4GB,Lenovo,14-inch,4GB
0,-1.34375,-0.34375,Lenovo,13-inch,4GB,Lenovo,14-inch,8GB
0,-1.4296875,-0.306640625,Lenovo,13-inch,4GB,Lenovo,14-inch,16GB
0,-1.421875,-0.30078125,Lenovo,13-inch,4GB,Lenovo,16-inch,4GB
0,-1.53125,-0.279296875,Lenovo,13-inch,4GB,Lenovo,16-inch,8GB
0,-1.7265625,-0.2236328125,Lenovo,13-inch,4GB,Lenovo,16-inch,16GB
0,-1.3359375,-0.333984375,Lenovo,13-inch,4GB,HP,13-inch,4GB
0,-1.4296875,-0.30859375,Lenovo,13-inch,4GB,HP,13-inch,8GB
0,-1.5234375,-0.2734375,Lenovo,13-inch,4GB,HP,13-inch,16GB
0,-1.5234375,-0.271484375,Lenovo,13-inch,4GB,HP,14-inch,4GB
0,-1.5234375,-0.27734375,Lenovo,13-inch,4GB,HP,14-inch,8GB
0,-1.5234375,-0.275390625,Lenovo,13-inch,4GB,HP,14-inch,16GB
0,-1.71875,-0.2177734375,Lenovo,13-inch,4GB,HP,16-inch,4GB
0,-1.7265625,-0.2255859375,Lenovo,13-inch,4GB,HP,16-inch,8GB
0,-1.625,-0.2470703125,Lenovo,13-inch,4GB,HP,16-inch,16GB
0,-1.3359375,-0.3359375,Lenovo,13-inch,4GB,Dell,13-inch,4GB
0,-1.5234375,-0.271484375,Lenovo,13-inch,4GB,Dell,13-inch,8GB
0,-1.4296875,-0.306640625,Lenovo,13-inch,4GB,Dell,13-inch,16GB
0,-1.5234375,-0.271484375,Lenovo,13-inch,4GB,Dell,14-inch,4GB
0,-1.53125,-0.27734375,Lenovo,13-inch,4GB,Dell,14-inch,8GB
0,-1.5234375,-0.275390625,Lenovo,13-inch,4GB,Dell,14-inch,16GB
0,-1.71875,-0.2177734375,Lenovo,13-inch,4GB,Dell,16-inch,4GB
0,-1.625,-0.2490234375,Lenovo,13-inch,4GB,Dell,16-inch,8GB
0,-1.625,-0.2470703125,Lenovo,13-inch,4GB,Dell,16-inch,16GB
0,-1.25,-0.373046875,Lenovo,13-inch,4GB,Apple,13-inch,4GB
0,-1.4375,-0.310546875,Lenovo,13-inch,4GB,Apple,13-inch,8GB
0,-1.25,-0.37109375,Lenovo,13-inch,4GB,Apple,13-inch,16GB
0,-1.4296875,-0.306640625,Lenovo,13-inch,4GB,Apple,14-inch,4GB
0,-1.6328125,-0.255859375,Lenovo,13-inch,4GB,Apple,14-inch,8GB
0,-1.4296875,-0.3046875,Lenovo,13-inch,4GB,Apple,14-inch,16GB
0,-1.5234375,-0.275390625,Lenovo,13-inch,4GB,Apple,16-inch,4GB
0,-1.8359375,-0.208984375,Lenovo,13-inch,4GB,Apple,16-inch,8GB
0,-1.4296875,-0.3046875,Lenovo,13-inch,4GB,Apple,16-inch,16GB
0,-1.8125,-0.19140625,Lenovo,13-inch,8GB,ASUS,13-inch,4GB
0,-1.71875,-0.2158203125,Lenovo,13-inch,8GB,ASUS,13-inch,8GB
0,-2.03125,-0.15234375,Lenovo,13-inch,8GB,ASUS,13-inch,16GB
0,-2.140625,-0.1376953125,Lenovo,13-inch,8GB,ASUS,14-inch,4GB
0,-1.921875,-0.1728515625,Lenovo,13-inch,8GB,ASUS,14-inch,8GB
0,-2.25,-0.12255859375,Lenovo,13-inch,8GB,ASUS,14-inch,16GB
0,-2.25,-0.1240234375,Lenovo,13-inch,8GB,ASUS,16-inch,4GB
0,-2.03125,-0.1552734375,Lenovo,13-inch,8GB,ASUS,16-inch,8GB
0,-2.359375,-0.10888671875,Lenovo,13-inch,8GB,ASUS,16-inch,16GB
0,-1.6171875,-0.240234375,Lenovo,13-inch,8GB,Lenovo,13-inch,4GB
0,-1.7109375,-0.21484375,Lenovo,13-inch,8GB,Lenovo,13-inch,16GB
0,-1.71875,-0.2177734375,Lenovo,13-inch,8GB,Lenovo,14-inch,4GB
0,-1.6171875,-0.2431640625,Lenovo,13-inch,8GB,Lenovo,14-inch,8GB
0,-1.71875,-0.216796875,Lenovo,13-inch,8GB,Lenovo,14-inch,16GB
0,-1.921875,-0.173828125,Lenovo,13-inch,8GB,Lenovo,16-inch,4GB
0,-1.71875,-0.216796875,Lenovo,13-inch,8GB,Lenovo,16-inch,8GB
0,-2.03125,-0.154296875,Lenovo,13-inch,8GB,Lenovo,16-inch,16GB
0,-1.921875,-0.171875,Lenovo,13-inch,8GB,HP,13-inch,4GB
0,-1.921875,-0.171875,Lenovo,13-inch,8GB,HP,13-inch,8GB
0,-1.921875,-0.1708984375,Lenovo,13-inch,8GB,HP,13-inch,16GB
0,-2.03125,-0.1533203125,Lenovo,13-inch,8GB,HP,14-inch,4GB
0,-1.921875,-0.1728515625,Lenovo,13-inch,8GB,HP,14-inch,8GB
0,-1.921875,-0.1728515625,Lenovo,13-inch,8GB,HP,14-inch,16GB
0,-2.140625,-0.1357421875,Lenovo,13-inch,8GB,HP,16-inch,4GB
0,-1.8203125,-0.193359375,Lenovo,13-inch,8GB,HP,16-inch,8GB
0,-2.140625,-0.1376953125,Lenovo,13-inch,8GB,HP,16-inch,16GB
0,-1.8125,-0.19140625,Lenovo,13-inch,8GB,Dell,13-inch,4GB
0,-1.71875,-0.21484375,Lenovo,13-inch,8GB,Dell,13-inch,8GB
0,-1.7109375,-0.212890625,Lenovo,13-inch,8GB,Dell,13-inch,16GB
0,-1.921875,-0.171875,Lenovo,13-inch,8GB,Dell,14-inch,4GB
0,-1.8203125,-0.193359375,Lenovo,13-inch,8GB,Dell,14-inch,8GB
0,-1.8203125,-0.1923828125,Lenovo,13-inch,8GB,Dell,14-inch,16GB
0,-2.03125,-0.154296875,Lenovo,13-inch,8GB,Dell,16-inch,4GB
0,-1.921875,-0.173828125,Lenovo,13-inch,8GB,Dell,16-inch,8GB
0,-2.140625,-0.1376953125,Lenovo,13-inch,8GB,Dell,16-inch,16GB
0,-1.6171875,-0.2421875,Lenovo,13-inch,8GB,Apple,13-inch,4GB
0,-1.6171875,-0.2431640625,Lenovo,13-inch,8GB,Apple,13-inch,8GB
0,-1.7109375,-0.212890625,Lenovo,13-inch,8GB,Apple,13-inch,16GB
0,-1.71875,-0.2197265625,Lenovo,13-inch,8GB,Apple,14-inch,4GB
0,-1.8203125,-0.1953125,Lenovo,13-inch,8GB,Apple,14-inch,8GB
0,-1.921875,-0.173828125,Lenovo,13-inch,8GB,Apple,14-inch,16GB
0,-1.8203125,-0.1982421875,Lenovo,13-inch,8GB,Apple,16-inch,4GB
0,-1.8203125,-0.1953125,Lenovo,13-inch,8GB,Apple,16-inch,8GB
0,-1.8203125,-0.1943359375,Lenovo,13-inch,8GB,Apple,16-inch,16GB
0,-1.421875,-0.30078125,Lenovo,13-inch,16GB,ASUS,13-inch,4GB
0,-1.2421875,-0.37109375,Lenovo,13-inch,16GB,ASUS,13-inch,8GB
0,-1.8203125,-0.1943359375,Lenovo,13-inch,16GB,ASUS,13-inch,16GB
0,-1.515625,-0.26953125,Lenovo,13-inch,16GB,ASUS,14-inch,4GB
0,-1.3359375,-0.333984375,Lenovo,13-inch,16GB,ASUS,14-inch,8GB
0,-2.03125,-0.154296875,Lenovo,13-inch,16GB,ASUS,14-inch,16GB
0,-1.4296875,-0.302734375,Lenovo,13-inch,16GB,ASUS,16-inch,4GB
0,-1.25,-0.376953125,Lenovo,13-inch,16GB,ASUS,16-inch,8GB
0,-1.8203125,-0.1943359375,Lenovo,13-inch,16GB,ASUS,16-inch,16GB
0,-1.25,-0.37109375,Lenovo,13-inch,16GB,Lenovo,13-inch,4GB
0,-1.078125,-0.44921875,Lenovo,13-inch,16GB,Lenovo,13-inch,8GB
0,-1.4296875,-0.3046875,Lenovo,13-inch,16GB,Lenovo,14-inch,4GB
0,-1.3359375,-0.333984375,Lenovo,13-inch,16GB,Lenovo,14-inch,8GB
0,-1.8203125,-0.1953125,Lenovo,13-inch,16GB,Lenovo,14-inch,16GB
0,-1.4296875,-0.30859375,Lenovo,13-inch,16GB,Lenovo,16-inch,4GB
0,-1.25,-0.376953125,Lenovo,13-inch,16GB,Lenovo,16-inch,8GB
0,-1.6171875,-0.2421875,Lenovo,13-inch,16GB,Lenovo,16-inch,16GB
0,-1.5234375,-0.271484375,Lenovo,13-inch,16GB,HP,13-inch,4GB
0,-1.15625,-0.408203125,Lenovo,13-inch,16GB,HP,13-inch,8GB
0,-1.71875,-0.2158203125,Lenovo,13-inch,16GB,HP,13-inch,16GB
0,-1.71875,-0.21875,Lenovo,13-inch,16GB,HP,14-inch,4GB
0,-1.421875,-0.298828125,Lenovo,13-inch,16GB,HP,14-inch,8GB
0,-1.921875,-0.1748046875,Lenovo,13-inch,16GB,HP,14-inch,16GB
0,-1.5234375,-0.271484375,Lenovo,13-inch,16GB,HP,16-inch,4GB
0,-1.3359375,-0.333984375,Lenovo,13-inch,16GB,HP,16-inch,8GB
0,-1.8203125,-0.1982421875,Lenovo,13-inch,16GB,HP,16-inch,16GB
0,-1.4296875,-0.30078125,Lenovo,13-inch,16GB,Dell,13-inch,4GB
0,-1.15625,-0.408203125,Lenovo,13-inch,16GB,Dell,13-inch,8GB
0,-1.6171875,-0.2421875,Lenovo,13-inch,16GB,Dell,13-inch,16GB
0,-1.4296875,-0.302734375,Lenovo,13-inch,16GB,Dell,14-inch,4GB
0,-1.3359375,-0.33203125,Lenovo,13-inch,16GB,Dell,14-inch,8GB
0,-1.921875,-0.17578125,Lenovo,13-inch,16GB,Dell,14-inch,16GB
0,-1.4375,-0.30859375,Lenovo,13-inch,16GB,Dell,16-inch,4GB
0,-1.4296875,-0.306640625,Lenovo,13-inch,16GB,Dell,16-inch,8GB
0,-1.71875,-0.21875,Lenovo,13-inch,16GB,Dell,16-inch,16GB
0,-1.34375,-0.33984375,Lenovo,13-inch,16GB,Apple,13-inch,4GB
0,-1.3359375,-0.33984375,Lenovo,13-inch,16GB,Apple,13-inch,8GB
0,-1.3359375,-0.3359375,Lenovo,13-inch,16GB,Apple,13-inch,16GB
0,-1.4296875,-0.306640625,Lenovo,13-inch,16GB,Apple,14-inch,4GB
0,-1.4296875,-0.302734375,Lenovo,13-inch,16GB,Apple,14-inch,8GB
0,-1.71875,-0.220703125,Lenovo,13-inch,16GB,Apple,14-inch,16GB
0,-1.53125,-0.283203125,Lenovo,13-inch,16GB,Apple,16-inch,4GB
0,-1.34375,-0.34375,Lenovo,13-inch,16GB,Apple,16-inch,8GB
0,-1.4296875,-0.306640625,Lenovo,13-inch,16GB,Apple,16-inch,16GB
0,-1.8203125,-0.1953125,Lenovo,14-inch,4GB,ASUS,13-inch,4GB
0,-2.03125,-0.162109375,Lenovo,14-inch,4GB,ASUS,13-inch,8GB
0,-1.8203125,-0.1943359375,Lenovo,14-inch,4GB,ASUS,13-inch,16GB
0,-1.421875,-0.30078125,Lenovo,14-inch,4GB,ASUS,14-inch,4GB
0,-1.5234375,-0.275390625,Lenovo,14-inch,4GB,ASUS,14-inch,8GB
0,-1.328125,-0.330078125,Lenovo,14-inch,4GB,ASUS,14-inch,16GB
0,-1.6171875,-0.2412109375,Lenovo,14-inch,4GB,ASUS,16-inch,4GB
0,-1.828125,-0.2001953125,Lenovo,14-inch,4GB,ASUS,16-inch,8GB
0,-1.515625,-0.267578125,Lenovo,14-inch,4GB,ASUS,16-inch,16GB
0,-1.6171875,-0.2412109375,Lenovo,14-inch,4GB,Lenovo,13-inch,4GB
0,-1.7265625,-0.2255859375,Lenovo,14-inch,4GB,Lenovo,13-inch,8GB
0,-1.5234375,-0.271484375,Lenovo,14-inch,4GB,Lenovo,13-inch,16GB
0,-1.1640625,-0.412109375,Lenovo,14-inch,4GB,Lenovo,14-inch,8GB
0,-1.078125,-0.453125,Lenovo,14-inch,4GB,Lenovo,14-inch,16GB
0,-1.421875,-0.30078125,Lenovo,14-inch,4GB,Lenovo,16-inch,4GB
0,-1.4296875,-0.306640625,Lenovo,14-inch,4GB,Lenovo,16-inch,8GB
0,-1.3359375,-0.3359375,Lenovo,14-inch,4GB,Lenovo,16-inch,16GB
0,-1.71875,-0.21875,Lenovo,14-inch,4GB,HP,13-inch,4GB
0,-1.828125,-0.2041015625,Lenovo,14-inch,4GB,HP,13-inch,8GB
0,-1.71875,-0.2197265625,Lenovo,14-inch,4GB,HP,13-inch,16GB
0,-1.3359375,-0.333984375,Lenovo,14-inch,4GB,HP,14-inch,4GB
0,-1.4296875,-0.3046875,Lenovo,14-inch,4GB,HP,14-inch,8GB
0,-1.078125,-0.451171875,Lenovo,14-inch,4GB,HP,14-inch,16GB
0,-1.6171875,-0.2431640625,Lenovo,14-inch,4GB,HP,16-inch,4GB
0,-1.828125,-0.203125,Lenovo,14-inch,4GB,HP,16-inch,8GB
0,-1.6171875,-0.2451171875,Lenovo,14-inch,4GB,HP,16-inch,16GB
0,-1.6171875,-0.2431640625,Lenovo,14-inch,4GB,Dell,13-inch,4GB
0,-1.828125,-0.201171875,Lenovo,14-inch,4GB,Dell,13-inch,8GB
0,-1.71875,-0.220703125,Lenovo,14-inch,4GB,Dell,13-inch,16GB
0,-1.2421875,-0.369140625,Lenovo,14-inch,4GB,Dell,14-inch,4GB
0,-1.4296875,-0.306640625,Lenovo,14-inch,4GB,Dell,14-inch,8GB
0,-1.15625,-0.408203125,Lenovo,14-inch,4GB,Dell,14-inch,16GB
0,-1.6171875,-0.2431640625,Lenovo,14-inch,4GB,Dell,16-inch,4GB
0,-1.625,-0.25,Lenovo,14-inch,4GB,Dell,16-inch,8GB
0,-1.5234375,-0.271484375,Lenovo,14-inch,4GB,Dell,16-inch,16GB
0,-1.5234375,-0.27734375,Lenovo,14-inch,4GB,Apple,13-inch,4GB
0,-1.9375,-0.189453125,Lenovo,14-inch,4GB,Apple,13-inch,8GB
0,-1.625,-0.2470703125,Lenovo,14-inch,4GB,Apple,13-inch,16GB
0,-1.25,-0.376953125,Lenovo,14-inch,4GB,Apple,14-inch,4GB
0,-1.53125,-0.283203125,Lenovo,14-inch,4GB,Apple,14-inch,8GB
0,-0.921875,-0.546875,Lenovo,14-inch,4GB,Apple,14-inch,16GB
0,-1.625,-0.25,Lenovo,14-inch,4GB,Apple,16-inch,4GB
0,-1.9375,-0.1875,Lenovo,14-inch,4GB,Apple,16-inch,8GB
0,-1.4296875,-0.3046875,Lenovo,14-inch,4GB,Apple,16-inch,16GB
0,-2.03125,-0.1552734375,Lenovo,14-inch,8GB,ASUS,13-inch,4GB
0,-1.8203125,-0.193359375,Lenovo,14-inch,8GB,ASUS,13-inch,8GB
0,-2.140625,-0.13671875,Lenovo,14-inch,8GB,ASUS,13-inch,16GB
0,-1.71875,-0.21484375,Lenovo,14-inch,8GB,ASUS,14-inch,4GB
0,-1.6171875,-0.240234375,Lenovo,14-inch,8GB,ASUS,14-inch,8GB
0,-1.8125,-0.19140625,Lenovo,14-inch,8GB,ASUS,14-inch,16GB
0,-2.03125,-0.154296875,Lenovo,14-inch,8GB,ASUS,16-inch,4GB
0,-1.8203125,-0.193359375,Lenovo,14-inch,8GB,ASUS,16-inch,8GB
0,-2.03125,-0.1533203125,Lenovo,14-inch,8GB,ASUS,16-inch,16GB
0,-1.8203125,-0.1943359375,Lenovo,14-inch,8GB,Lenovo,13-inch,4GB
0,-1.515625,-0.267578125,Lenovo,14-inch,8GB,Lenovo,13-inch,8GB
0,-1.7109375,-0.21484375,Lenovo,14-inch,8GB,Lenovo,13-inch,16GB
0,-1.8203125,-0.1943359375,Lenovo,14-inch,8GB,Lenovo,14-inch,4GB
0,-1.71875,-0.2177734375,Lenovo,14-inch,8GB,Lenovo,14-inch,16GB
0,-1.71875,-0.216796875,Lenovo,14-inch,8GB,Lenovo,16-inch,4GB
0,-1.6171875,-0.2392578125,Lenovo,14-inch,8GB,Lenovo,16-inch,8GB
0,-1.71875,-0.21484375,Lenovo,14-inch,8GB,Lenovo,16-inch,16GB
0,-2.03125,-0.1533203125,Lenovo,14-inch,8GB,HP,13-inch,4GB
0,-1.8203125,-0.1943359375,Lenovo,14-inch,8GB,HP,13-inch,8GB
0,-2.03125,-0.1533203125,Lenovo,14-inch,8GB,HP,13-inch,16GB
0,-1.8203125,-0.193359375,Lenovo,14-inch,8GB,HP,14-inch,4GB
0,-1.6171875,-0.240234375,Lenovo,14-inch,8GB,HP,14-inch,8GB
0,-1.7109375,-0.2138671875,Lenovo,14-inch,8GB,HP,14-inch,16GB
0,-2.140625,-0.13671875,Lenovo,14-inch,8GB,HP,16-inch,4GB
0,-1.8203125,-0.1923828125,Lenovo,14-inch,8GB,HP,16-inch,8GB
0,-1.921875,-0.171875,Lenovo,14-inch,8GB,HP,16-inch,16GB
0,-1.8203125,-0.19140625,Lenovo,14-inch,8GB,Dell,13-inch,4GB
0,-1.6171875,-0.2412109375,Lenovo,14-inch,8GB,Dell,13-inch,8GB
0,-1.921875,-0.1708984375,Lenovo,14-inch,8GB,Dell,13-inch,16GB
0,-1.515625,-0.265625,Lenovo,14-inch,8GB,Dell,14-inch,4GB
0,-1.421875,-0.296875,Lenovo,14-inch,8GB,Dell,14-inch,8GB
0,-1.6171875,-0.2392578125,Lenovo,14-inch,8GB,Dell,14-inch,16GB
0,-1.921875,-0.1728515625,Lenovo,14-inch,8GB,Dell,16-inch,4GB
0,-1.7109375,-0.21484375,Lenovo,14-inch,8GB,Dell,16-inch,8GB
0,-1.921875,-0.1708984375,Lenovo,14-inch,8GB,Dell,16-inch,16GB
0,-1.8203125,-0.1982421875,Lenovo,14-inch,8GB,Apple,13-inch,4GB
0,-1.71875,-0.21875,Lenovo,14-inch,8GB,Apple,13-inch,8GB
0,-1.8203125,-0.193359375,Lenovo,14-inch,8GB,Apple,13-inch,16GB
0,-1.4296875,-0.30078125,Lenovo,14-inch,8GB,Apple,14-inch,4GB
0,-1.6171875,-0.2431640625,Lenovo,14-inch,8GB,Apple,14-inch,8GB
0,-1.515625,-0.265625,Lenovo,14-inch,8GB,Apple,14-inch,16GB
0,-2.03125,-0.1572265625,Lenovo,14-inch,8GB,Apple,16-inch,4GB
0,-1.8203125,-0.1953125,Lenovo,14-inch,8GB,Apple,16-inch,8GB
0,-1.8203125,-0.193359375,Lenovo,14-inch,8GB,Apple,16-inch,16GB
0,-1.5234375,-0.275390625,Lenovo,14-inch,16GB,ASUS,13-inch,4GB
0,-1.3359375,-0.337890625,Lenovo,14-inch,16GB,ASUS,13-inch,8GB
0,-1.8203125,-0.1943359375,Lenovo,14-inch,16GB,ASUS,13-inch,16GB
0,-1.4296875,-0.306640625,Lenovo,14-inch,16GB,ASUS,14-inch,4GB
0,-1.25,-0.37109375,Lenovo,14-inch,16GB,ASUS,14-inch,8GB
0,-1.4296875,-0.30078125,Lenovo,14-inch,16GB,ASUS,14-inch,16GB
0,-1.53125,-0.27734375,Lenovo,14-inch,16GB,ASUS,16-inch,4GB
0,-1.34375,-0.33984375,Lenovo,14-inch,16GB,ASUS,16-inch,8GB
0,-1.5234375,-0.271484375,Lenovo,14-inch,16GB,ASUS,16-inch,16GB
0,-1.3359375,-0.337890625,Lenovo,14-inch,16GB,Lenovo,13-inch,4GB
0,-1.34375,-0.341796875,Lenovo,14-inch,16GB,Lenovo,13-inch,8GB
0,-1.71875,-0.21875,Lenovo,14-inch,16GB,Lenovo,13-inch,16GB
0,-1.4296875,-0.3046875,Lenovo,14-inch,16GB,Lenovo,14-inch,4GB
0,-1.1640625,-0.412109375,Lenovo,14-inch,16GB,Lenovo,14-inch,8GB
0,-1.34375,-0.341796875,Lenovo,14-inch,16GB,Lenovo,16-inch,4GB
0,-1.25,-0.376953125,Lenovo,14-inch,16GB,Lenovo,16-inch,8GB
0,-1.421875,-0.30078125,Lenovo,14-inch,16GB,Lenovo,16-inch,16GB
0,-1.5234375,-0.275390625,Lenovo,14-inch,16GB,HP,13-inch,4GB
0,-1.5234375,-0.275390625,Lenovo,14-inch,16GB,HP,13-inch,8GB
0,-1.71875,-0.220703125,Lenovo,14-inch,16GB,HP,13-inch,16GB
0,-1.4296875,-0.3046875,Lenovo,14-inch,16GB,HP,14-inch,4GB
0,-1.3359375,-0.3359375,Lenovo,14-inch,16GB,HP,14-inch,8GB
0,-1.6171875,-0.244140625,Lenovo,14-inch,16GB,HP,14-inch,16GB
0,-1.625,-0.248046875,Lenovo,14-inch,16GB,HP,16-inch,4GB
0,-1.4296875,-0.30859375,Lenovo,14-inch,16GB,HP,16-inch,8GB
0,-1.5234375,-0.275390625,Lenovo,14-inch,16GB,HP,16-inch,16GB
0,-1.4296875,-0.3046875,Lenovo,14-inch,16GB,Dell,13-inch,4GB
0,-1.5234375,-0.27734375,Lenovo,14-inch,16GB,Dell,13-inch,8GB
0,-1.5234375,-0.26953125,Lenovo,14-inch,16GB,Dell,13-inch,16GB
0,-1.4296875,-0.30859375,Lenovo,14-inch,16GB,Dell,14-inch,4GB
0,-1.25,-0.373046875,Lenovo,14-inch,16GB,Dell,14-inch,8GB
0,-1.5234375,-0.271484375,Lenovo,14-inch,16GB,Dell,14-inch,16GB
0,-1.53125,-0.27734375,Lenovo,14-inch,16GB,Dell,16-inch,4GB
0,-1.53125,-0.279296875,Lenovo,14-inch,16GB,Dell,16-inch,8GB
0,-1.5234375,-0.2734375,Lenovo,14-inch,16GB,Dell,16-inch,16GB
0,-1.34375,-0.34375,Lenovo,14-inch,16GB,Apple,13-inch,4GB
0,-1.34375,-0.34375,Lenovo,14-inch,16GB,Apple,13-inch,8GB
0,-1.34375,-0.34375,Lenovo,14-inch,16GB,Apple,13-inch,16GB
0,-1.34375,-0.34375,Lenovo,14-inch,16GB,Apple,14-inch,4GB
0,-1.34375,-0.34375,Lenovo,14-inch,16GB,Apple,14-inch,8GB
0,-1.25,-0.376953125,Lenovo,14-inch,16GB,Apple,14-inch,16GB
0,-1.4375,-0.314453125,Lenovo,14-inch,16GB,Apple,16-inch,4GB
0,-1.53125,-0.28125,Lenovo,14-inch,16GB,Apple,16-inch,8GB
0,-1.34375,-0.345703125,Lenovo,14-inch,16GB,Apple,16-inch,16GB
0,-1.8203125,-0.1962890625,Lenovo,16-inch,4GB,ASUS,13-inch,4GB
0,-2.03125,-0.162109375,Lenovo,16-inch,4GB,ASUS,13-inch,8GB
0,-2.03125,-0.1591796875,Lenovo,16-inch,4GB,ASUS,13-inch,16GB
0,-1.8203125,-0.197265625,Lenovo,16-inch,4GB,ASUS,14-inch,4GB
0,-2.046875,-0.1640625,Lenovo,16-inch,4GB,ASUS,14-inch,8GB
0,-1.9296875,-0.1767578125,Lenovo,16-inch,4GB,ASUS,14-inch,16GB
0,-1.421875,-0.30078125,Lenovo,16-inch,4GB,ASUS,16-inch,4GB
0,-1.625,-0.25,Lenovo,16-inch,4GB,ASUS,16-inch,8GB
0,-1.5234375,-0.2734375,Lenovo,16-inch,4GB,ASUS,16-inch,16GB
0,-1.6171875,-0.2451171875,Lenovo,16-inch,4GB,Lenovo,13-inch,4GB
0,-1.9296875,-0.1806640625,Lenovo,16-inch,4GB,Lenovo,13-inch,8GB
0,-1.71875,-0.220703125,Lenovo,16-inch,4GB,Lenovo,13-inch,16GB
0,-1.6171875,-0.24609375,Lenovo,16-inch,4GB,Lenovo,14-inch,4GB
0,-1.7265625,-0.2275390625,Lenovo,16-inch,4GB,Lenovo,14-inch,8GB
0,-1.5234375,-0.271484375,Lenovo,16-inch,4GB,Lenovo,14-inch,16GB
0,-1.25,-0.376953125,Lenovo,16-inch,4GB,Lenovo,16-inch,8GB
0,-1.25,-0.37109375,Lenovo,16-inch,4GB,Lenovo,16-inch,16GB
0,-1.71875,-0.2197265625,Lenovo,16-inch,4GB,HP,13-inch,4GB
0,-2.03125,-0.1640625,Lenovo,16-inch,4GB,HP,13-inch,8GB
0,-1.9296875,-0.1787109375,Lenovo,16-inch,4GB,HP,13-inch,16GB
0,-1.8203125,-0.197265625,Lenovo,16-inch,4GB,HP,14-inch,4GB
0,-1.9375,-0.18359375,Lenovo,16-inch,4GB,HP,14-inch,8GB
0,-1.8203125,-0.19921875,Lenovo,16-inch,4GB,HP,14-inch,16GB
0,-1.328125,-0.33203125,Lenovo,16-inch,4GB,HP,16-inch,4GB
0,-1.625,-0.2470703125,Lenovo,16-inch,4GB,HP,16-inch,8GB
0,-1.5234375,-0.271484375,Lenovo,16-inch,4GB,HP,16-inch,16GB
0,-1.71875,-0.2197265625,Lenovo,16-inch,4GB,Dell,13-inch,4GB
0,-1.9296875,-0.181640625,Lenovo,16-inch,4GB,Dell,13-inch,8GB
0,-1.8203125,-0.1982421875,Lenovo,16-inch,4GB,Dell,13-inch,16GB
0,-1.71875,-0.2197265625,Lenovo,16-inch,4GB,Dell,14-inch,4GB
0,-1.9375,-0.18359375,Lenovo,16-inch,4GB,Dell,14-inch,8GB
0,-1.8203125,-0.1982421875,Lenovo,16-inch,4GB,Dell,14-inch,16GB
0,-1.3359375,-0.333984375,Lenovo,16-inch,4GB,Dell,16-inch,4GB
0,-1.5234375,-0.275390625,Lenovo,16-inch,4GB,Dell,16-inch,8GB
0,-1.3359375,-0.3359375,Lenovo,16-inch,4GB,Dell,16-inch,16GB
0,-1.7265625,-0.2236328125,Lenovo,16-inch,4GB,Apple,13-inch,4GB
0,-1.9375,-0.185546875,Lenovo,16-inch,4GB,Apple,13-inch,8GB
0,-1.7265625,-0.22265625,Lenovo,16-inch,4GB,Apple,13-inch,16GB
0,-1.7265625,-0.224609375,Lenovo,16-inch,4GB,Apple,14-inch,4GB
0,-1.9375,-0.1884765625,Lenovo,16-inch,4GB,Apple,14-inch,8GB
0,-1.5234375,-0.275390625,Lenovo,16-inch,4GB,Apple,14-inch,16GB
0,-1.3359375,-0.33984375,Lenovo,16-inch,4GB,Apple,16-inch,4GB
0,-1.6328125,-0.255859375,Lenovo,16-inch,4GB,Apple,16-inch,8GB
0,-1.34375,-0.341796875,Lenovo,16-inch,4GB,Apple,16-inch,16GB
0,-2.359375,-0.11181640625,Lenovo,16-inch,8GB,ASUS,13-inch,4GB
0,-2.359375,-0.11328125,Lenovo,16-inch,8GB,ASUS,13-inch,8GB
0,-2.828125,-0.0703125,Lenovo,16-inch,8GB,ASUS,13-inch,16GB
0,-2.484375,-0.1015625,Lenovo,16-inch,8GB,ASUS,14-inch,4GB
0,-2.359375,-0.1123046875,Lenovo,16-inch,8GB,ASUS,14-inch,8GB
0,-2.59375,-0.0869140625,Lenovo,16-inch,8GB,ASUS,14-inch,16GB
0,-2.140625,-0.1376953125,Lenovo,16-inch,8GB,ASUS,16-inch,4GB
0,-1.921875,-0.173828125,Lenovo,16-inch,8GB,ASUS,16-inch,8GB
0,-2.140625,-0.1357421875,Lenovo,16-inch,8GB,ASUS,16-inch,16GB
0,-2.140625,-0.142578125,Lenovo,16-inch,8GB,Lenovo,13-inch,4GB
0,-2.140625,-0.14453125,Lenovo,16-inch,8GB,Lenovo,13-inch,8GB
0,-2.703125,-0.08056640625,Lenovo,16-inch,8GB,Lenovo,13-inch,16GB
0,-1.8203125,-0.1953125,Lenovo,16-inch,8GB,Lenovo,14-inch,4GB
0,-1.8203125,-0.1962890625,Lenovo,16-inch,8GB,Lenovo,14-inch,8GB
0,-2.140625,-0.1376953125,Lenovo,16-inch,8GB,Lenovo,14-inch,16GB
0,-1.9296875,-0.1767578125,Lenovo,16-inch,8GB,Lenovo,16-inch,4GB
0,-1.7109375,-0.2138671875,Lenovo,16-inch,8GB,Lenovo,16-inch,16GB
0,-2.46875,-0.09912109375,Lenovo,16-inch,8GB,HP,13-inch,4GB
0,-2.359375,-0.11279296875,Lenovo,16-inch,8GB,HP,13-inch,8GB
0,-2.8125,-0.0693359375,Lenovo,16-inch,8GB,HP,13-inch,16GB
0,-2.359375,-0.1123046875,Lenovo,16-inch,8GB,HP,14-inch,4GB
0,-2.25,-0.1259765625,Lenovo,16-inch,8GB,HP,14-inch,8GB
0,-2.59375,-0.0869140625,Lenovo,16-inch,8GB,HP,14-inch,16GB
0,-2.03125,-0.1533203125,Lenovo,16-inch,8GB,HP,16-inch,4GB
0,-1.921875,-0.1708984375,Lenovo,16-inch,8GB,HP,16-inch,8GB
0,-2.25,-0.12109375,Lenovo,16-inch,8GB,HP,16-inch,16GB
0,-2.359375,-0.1142578125,Lenovo,16-inch,8GB,Dell,13-inch,4GB
0,-2.25,-0.1298828125,Lenovo,16-inch,8GB,Dell,13-inch,8GB
0,-2.828125,-0.07177734375,Lenovo,16-inch,8GB,Dell,13-inch,16GB
0,-2.25,-0.12451171875,Lenovo,16-inch,8GB,Dell,14-inch,4GB
0,-2.25,-0.1259765625,Lenovo,16-inch,8GB,Dell,14-inch,8GB
0,-2.578125,-0.0859375,Lenovo,16-inch,8GB,Dell,14-inch,16GB
0,-1.921875,-0.1708984375,Lenovo,16-inch,8GB,Dell,16-inch,4GB
0,-1.71875,-0.2158203125,Lenovo,16-inch,8GB,Dell,16-inch,8GB
0,-1.921875,-0.1708984375,Lenovo,16-inch,8GB,Dell,16-inch,16GB
0,-1.828125,-0.2001953125,Lenovo,16-inch,8GB,Apple,13-inch,4GB
0,-1.828125,-0.2001953125,Lenovo,16-inch,8GB,Apple,13-inch,8GB
0,-2.25,-0.12451171875,Lenovo,16-inch,8GB,Apple,13-inch,16GB
0,-2.359375,-0.11279296875,Lenovo,16-inch,8GB,Apple,14-inch,4GB
0,-2.359375,-0.115234375,Lenovo,16-inch,8GB,Apple,14-inch,8GB
0,-2.46875,-0.09912109375,Lenovo,16-inch,8GB,Apple,14-inch,16GB
0,-1.71875,-0.220703125,Lenovo,16-inch,8GB,Apple,16-inch,4GB
0,-1.8203125,-0.1982421875,Lenovo,16-inch,8GB,Apple,16-inch,8GB
0,-2.03125,-0.1533203125,Lenovo,16-inch,8GB,Apple,16-inch,16GB
0,-1.5234375,-0.271484375,Lenovo,16-inch,16GB,ASUS,13-inch,4GB
0,-1.3359375,-0.333984375,Lenovo,16-inch,16GB,ASUS,13-inch,8GB
0,-2.03125,-0.1552734375,Lenovo,16-inch,16GB,ASUS,13-inch,16GB
0,-1.6171875,-0.2451171875,Lenovo,16-inch,16GB,ASUS,14-inch,4GB
0,-1.3359375,-0.3359375,Lenovo,16-inch,16GB,ASUS,14-inch,8GB
0,-2.03125,-0.15625,Lenovo,16-inch,16GB,ASUS,14-inch,16GB
0,-1.3359375,-0.33984375,Lenovo,16-inch,16GB,ASUS,16-inch,4GB
0,-1.1640625,-0.412109375,Lenovo,16-inch,16GB,ASUS,16-inch,8GB
0,-1.71875,-0.2197265625,Lenovo,16-inch,16GB,ASUS,16-inch,16GB
0,-1.3359375,-0.3359375,Lenovo,16-inch,16GB,Lenovo,13-inch,4GB
0,-1.3359375,-0.337890625,Lenovo,16-inch,16GB,Lenovo,13-inch,8GB
0,-1.71875,-0.2197265625,Lenovo,16-inch,16GB,Lenovo,13-inch,16GB
0,-1.25,-0.373046875,Lenovo,16-inch,16GB,Lenovo,14-inch,4GB
0,-1.3359375,-0.337890625,Lenovo,16-inch,16GB,Lenovo,14-inch,8GB
0,-1.71875,-0.2197265625,Lenovo,16-inch,16GB,Lenovo,14-inch,16GB
0,-1.625,-0.25390625,Lenovo,16-inch,16GB,Lenovo,16-inch,4GB
0,-1.34375,-0.345703125,Lenovo,16-inch,16GB,Lenovo,16-inch,8GB
0,-1.5234375,-0.271484375,Lenovo,16-inch,16GB,HP,13-inch,4GB
0,-1.4296875,-0.306640625,Lenovo,16-inch,16GB,HP,13-inch,8GB
0,-1.8203125,-0.1953125,Lenovo,16-inch,16GB,HP,13-inch,16GB
0,-1.5234375,-0.2734375,Lenovo,16-inch,16GB,HP,14-inch,4GB
0,-1.4296875,-0.306640625,Lenovo,16-inch,16GB,HP,14-inch,8GB
0,-1.921875,-0.1748046875,Lenovo,16-inch,16GB,HP,14-inch,16GB
0,-1.5234375,-0.2734375,Lenovo,16-inch,16GB,HP,16-inch,4GB
0,-1.25,-0.375,Lenovo,16-inch,16GB,HP,16-inch,8GB
0,-1.71875,-0.2197265625,Lenovo,16-inch,16GB,HP,16-inch,16GB
0,-1.421875,-0.30078125,Lenovo,16-inch,16GB,Dell,13-inch,4GB
0,-1.3359375,-0.3359375,Lenovo,16-inch,16GB,Dell,13-inch,8GB
0,-1.8203125,-0.193359375,Lenovo,16-inch,16GB,Dell,13-inch,16GB
0,-1.4296875,-0.3046875,Lenovo,16-inch,16GB,Dell,14-inch,4GB
0,-1.4296875,-0.3046875,Lenovo,16-inch,16GB,Dell,14-inch,8GB
0,-1.71875,-0.2177734375,Lenovo,16-inch,16GB,Dell,14-inch,16GB
0,-1.3359375,-0.337890625,Lenovo,16-inch,16GB,Dell,16-inch,4GB
0,-1.25,-0.376953125,Lenovo,16-inch,16GB,Dell,16-inch,8GB
0,-1.71875,-0.2216796875,Lenovo,16-inch,16GB,Dell,16-inch,16GB
0,-1.3359375,-0.33984375,Lenovo,16-inch,16GB,Apple,13-inch,4GB
0,-1.3359375,-0.337890625,Lenovo,16-inch,16GB,Apple,13-inch,8GB
0,-1.71875,-0.2216796875,Lenovo,16-inch,16GB,Apple,13-inch,16GB
0,-1.34375,-0.341796875,Lenovo,16-inch,16GB,Apple,14-inch,4GB
0,-1.4296875,-0.306640625,Lenovo,16-inch,16GB,Apple,14-inch,8GB
0,-1.4296875,-0.3046875,Lenovo,16-inch,16GB,Apple,14-inch,16GB
0,-1.171875,-0.42578125,Lenovo,16-inch,16GB,Apple,16-inch,4GB
0,-1.25,-0.375,Lenovo,16-inch,16GB,Apple,16-inch,8GB
0,-1.4296875,-0.306640625,Lenovo,16-inch,16GB,Apple,16-inch,16GB
0,-1.0703125,-0.44921875,HP,13-inch,4GB,ASUS,13-inch,4GB
0,-1.0,-0.5,HP,13-inch,4GB,ASUS,13-inch,8GB
0,-0.92578125,-0.55078125,HP,13-inch,4GB,ASUS,13-inch,16GB
0,-1.15625,-0.408203125,HP,13-inch,4GB,ASUS,14-inch,4GB
0,-1.1640625,-0.41796875,HP,13-inch,4GB,ASUS,14-inch,8GB
0,-0.93359375,-0.55859375,HP,13-inch,4GB,ASUS,14-inch,16GB
0,-1.5234375,-0.26953125,HP,13-inch,4GB,ASUS,16-inch,4GB
0,-1.2578125,-0.37890625,HP,13-inch,4GB,ASUS,16-inch,8GB
0,-1.0859375,-0.45703125,HP,13-inch,4GB,ASUS,16-inch,16GB
0,-0.8515625,-0.6015625,HP,13-inch,4GB,Lenovo,13-inch,4GB
0,-0.93359375,-0.55859375,HP,13-inch,4GB,Lenovo,13-inch,8GB
0,-0.859375,-0.609375,HP,13-inch,4GB,Lenovo,13-inch,16GB
0,-1.078125,-0.453125,HP,13-inch,4GB,Lenovo,14-inch,4GB
0,-1.171875,-0.421875,HP,13-inch,4GB,Lenovo,14-inch,8GB
0,-0.9375,-0.5625,HP,13-inch,4GB,Lenovo,14-inch,16GB
0,-1.2421875,-0.369140625,HP,13-inch,4GB,Lenovo,16-inch,4GB
0,-1.2578125,-0.3828125,HP,13-inch,4GB,Lenovo,16-inch,8GB
0,-1.0859375,-0.4609375,HP,13-inch,4GB,Lenovo,16-inch,16GB
0,-0.9375,-0.5625,HP,13-inch,4GB,HP,13-inch,8GB
0,-0.80078125,-0.67578125,HP,13-inch,4GB,HP,13-inch,16GB
0,-1.078125,-0.453125,HP,13-inch,4GB,HP,14-inch,4GB
0,-1.015625,-0.515625,HP,13-inch,4GB,HP,14-inch,8GB
0,-0.8046875,-0.6796875,HP,13-inch,4GB,HP,14-inch,16GB
0,-1.078125,-0.453125,HP,13-inch,4GB,HP,16-inch,4GB
0,-1.09375,-0.46484375,HP,13-inch,4GB,HP,16-inch,8GB
0,-0.9375,-0.5625,HP,13-inch,4GB,HP,16-inch,16GB
0,-0.99609375,-0.498046875,HP,13-inch,4GB,Dell,13-inch,4GB
0,-1.0859375,-0.4609375,HP,13-inch,4GB,Dell,13-inch,8GB
0,-0.94140625,-0.56640625,HP,13-inch,4GB,Dell,13-inch,16GB
0,-1.15625,-0.41015625,HP,13-inch,4GB,Dell,14-inch,4GB
0,-1.171875,-0.419921875,HP,13-inch,4GB,Dell,14-inch,8GB
0,-0.94140625,-0.56640625,HP,13-inch,4GB,Dell,14-inch,16GB
0,-1.5234375,-0.26953125,HP,13-inch,4GB,Dell,16-inch,4GB
0,-1.2578125,-0.3828125,HP,13-inch,4GB,Dell,16-inch,8GB
0,-1.0859375,-0.4609375,HP,13-inch,4GB,Dell,16-inch,16GB
0,-0.78125,-0.65625,HP,13-inch,4GB,Apple,13-inch,4GB
0,-0.9296875,-0.5546875,HP,13-inch,4GB,Apple,13-inch,8GB
0,-0.85546875,-0.60546875,HP,13-inch,4GB,Apple,13-inch,16GB
0,-1.0859375,-0.45703125,HP,13-inch,4GB,Apple,14-inch,4GB
0,-1.2578125,-0.38671875,HP,13-inch,4GB,Apple,14-inch,8GB
0,-0.93359375,-0.55859375,HP,13-inch,4GB,Apple,14-inch,16GB
0,-1.25,-0.373046875,HP,13-inch,4GB,Apple,16-inch,4GB
0,-1.265625,-0.388671875,HP,13-inch,4GB,Apple,16-inch,8GB
0,-1.0859375,-0.4609375,HP,13-inch,4GB,Apple,16-inch,16GB
0,-1.8203125,-0.19140625,HP,13-inch,8GB,ASUS,13-inch,4GB
0,-1.6171875,-0.2412109375,HP,13-inch,8GB,ASUS,13-inch,8GB
0,-1.8203125,-0.1953125,HP,13-inch,8GB,ASUS,13-inch,16GB
0,-1.921875,-0.1748046875,HP,13-inch,8GB,ASUS,14-inch,4GB
0,-1.71875,-0.216796875,HP,13-inch,8GB,ASUS,14-inch,8GB
0,-1.828125,-0.2001953125,HP,13-inch,8GB,ASUS,14-inch,16GB
0,-2.25,-0.12353515625,HP,13-inch,8GB,ASUS,16-inch,4GB
0,-2.03125,-0.15625,HP,13-inch,8GB,ASUS,16-inch,8GB
0,-2.03125,-0.158203125,HP,13-inch,8GB,ASUS,16-inch,16GB
0,-1.71875,-0.2158203125,HP,13-inch,8GB,Lenovo,13-inch,4GB
0,-1.5234375,-0.271484375,HP,13-inch,8GB,Lenovo,13-inch,8GB
0,-1.6171875,-0.24609375,HP,13-inch,8GB,Lenovo,13-inch,16GB
0,-1.8203125,-0.1962890625,HP,13-inch,8GB,Lenovo,14-inch,4GB
0,-1.625,-0.2470703125,HP,13-inch,8GB,Lenovo,14-inch,8GB
0,-1.7265625,-0.2275390625,HP,13-inch,8GB,Lenovo,14-inch,16GB
0,-2.03125,-0.15625,HP,13-inch,8GB,Lenovo,16-inch,4GB
0,-1.8203125,-0.197265625,HP,13-inch,8GB,Lenovo,16-inch,8GB
0,-1.9296875,-0.1787109375,HP,13-inch,8GB,Lenovo,16-inch,16GB
0,-1.71875,-0.21875,HP,13-inch,8GB,HP,13-inch,4GB
0,-1.5234375,-0.2734375,HP,13-inch,8GB,HP,13-inch,16GB
0,-1.5234375,-0.2734375,HP,13-inch,8GB,HP,14-inch,4GB
0,-1.3359375,-0.337890625,HP,13-inch,8GB,HP,14-inch,8GB
0,-1.2578125,-0.3828125,HP,13-inch,8GB,HP,14-inch,16GB
0,-1.9296875,-0.17578125,HP,13-inch,8GB,HP,16-inch,4GB
0,-1.6171875,-0.24609375,HP,13-inch,8GB,HP,16-inch,8GB
0,-1.625,-0.25,HP,13-inch,8GB,HP,16-inch,16GB
0,-1.71875,-0.2158203125,HP,13-inch,8GB,Dell,13-inch,4GB
0,-1.6171875,-0.244140625,HP,13-inch,8GB,Dell,13-inch,8GB
0,-1.625,-0.2470703125,HP,13-inch,8GB,Dell,13-inch,16GB
0,-1.8203125,-0.1962890625,HP,13-inch,8GB,Dell,14-inch,4GB
0,-1.71875,-0.220703125,HP,13-inch,8GB,Dell,14-inch,8GB
0,-1.625,-0.251953125,HP,13-inch,8GB,Dell,14-inch,16GB
0,-1.921875,-0.173828125,HP,13-inch,8GB,Dell,16-inch,4GB
0,-1.921875,-0.17578125,HP,13-inch,8GB,Dell,16-inch,8GB
0,-1.9296875,-0.1767578125,HP,13-inch,8GB,Dell,16-inch,16GB
0,-1.6171875,-0.2421875,HP,13-inch,8GB,Apple,13-inch,4GB
0,-1.515625,-0.267578125,HP,13-inch,8GB,Apple,13-inch,8GB
0,-1.6171875,-0.2412109375,HP,13-inch,8GB,Apple,13-inch,16GB
0,-1.7265625,-0.2236328125,HP,13-inch,8GB,Apple,14-inch,4GB
0,-1.5234375,-0.2734375,HP,13-inch,8GB,Apple,14-inch,8GB
0,-1.7265625,-0.224609375,HP,13-inch,8GB,Apple,14-inch,16GB
0,-2.03125,-0.16015625,HP,13-inch,8GB,Apple,16-inch,4GB
0,-1.8203125,-0.1982421875,HP,13-inch,8GB,Apple,16-inch,8GB
0,-1.71875,-0.22265625,HP,13-inch,8GB,Apple,16-inch,16GB
0,-1.5234375,-0.2734375,HP,13-inch,16GB,ASUS,13-inch,4GB
0,-0.84765625,-0.59765625,HP,13-inch,16GB,ASUS,13-inch,8GB
0,-1.3359375,-0.333984375,HP,13-inch,16GB,ASUS,13-inch,16GB
0,-1.515625,-0.26953125,HP,13-inch,16GB,ASUS,14-inch,4GB
0,-1.4296875,-0.302734375,HP,13-inch,16GB,ASUS,14-inch,8GB
0,-1.6171875,-0.2421875,HP,13-inch,16GB,ASUS,14-inch,16GB
0,-1.4296875,-0.30078125,HP,13-inch,16GB,ASUS,16-inch,4GB
0,-1.34375,-0.341796875,HP,13-inch,16GB,ASUS,16-inch,8GB
0,-1.5234375,-0.271484375,HP,13-inch,16GB,ASUS,16-inch,16GB
0,-1.3359375,-0.337890625,HP,13-inch,16GB,Lenovo,13-inch,4GB
0,-0.921875,-0.546875,HP,13-inch,16GB,Lenovo,13-inch,8GB
0,-1.1015625,-0.47265625,HP,13-inch,16GB,Lenovo,13-inch,16GB
0,-1.2421875,-0.37109375,HP,13-inch,16GB,Lenovo,14-inch,4GB
0,-1.3359375,-0.333984375,HP,13-inch,16GB,Lenovo,14-inch,8GB
0,-1.5234375,-0.2734375,HP,13-inch,16GB,Lenovo,14-inch,16GB
0,-1.3359375,-0.337890625,HP,13-inch,16GB,Lenovo,16-inch,4GB
0,-1.078125,-0.455078125,HP,13-inch,16GB,Lenovo,16-inch,8GB
0,-1.4296875,-0.306640625,HP,13-inch,16GB,Lenovo,16-inch,16GB
0,-1.2421875,-0.37109375,HP,13-inch,16GB,HP,13-inch,4GB
0,-0.77734375,-0.65234375,HP,13-inch,16GB,HP,13-inch,8GB
0,-1.4296875,-0.302734375,HP,13-inch,16GB,HP,14-inch,4GB
0,-1.2421875,-0.365234375,HP,13-inch,16GB,HP,14-inch,8GB
0,-1.2421875,-0.369140625,HP,13-inch,16GB,HP,14-inch,16GB
0,-1.4296875,-0.30078125,HP,13-inch,16GB,HP,16-inch,4GB
0,-0.921875,-0.546875,HP,13-inch,16GB,HP,16-inch,8GB
0,-1.4296875,-0.302734375,HP,13-inch,16GB,HP,16-inch,16GB
0,-1.2421875,-0.37109375,HP,13-inch,16GB,Dell,13-inch,4GB
0,-0.91796875,-0.54296875,HP,13-inch,16GB,Dell,13-inch,8GB
0,-1.25,-0.373046875,HP,13-inch,16GB,Dell,13-inch,16GB
0,-1.3359375,-0.333984375,HP,13-inch,16GB,Dell,14-inch,4GB
0,-1.5234375,-0.26953125,HP,13-inch,16GB,Dell,14-inch,8GB
0,-1.5234375,-0.2734375,HP,13-inch,16GB,Dell,14-inch,16GB
0,-1.3359375,-0.333984375,HP,13-inch,16GB,Dell,16-inch,4GB
0,-1.078125,-0.453125,HP,13-inch,16GB,Dell,16-inch,8GB
0,-1.4296875,-0.3046875,HP,13-inch,16GB,Dell,16-inch,16GB
0,-1.3359375,-0.337890625,HP,13-inch,16GB,Apple,13-inch,4GB
0,-0.921875,-0.546875,HP,13-inch,16GB,Apple,13-inch,8GB
0,-1.078125,-0.451171875,HP,13-inch,16GB,Apple,13-inch,16GB
0,-1.3359375,-0.337890625,HP,13-inch,16GB,Apple,14-inch,4GB
0,-1.3359375,-0.3359375,HP,13-inch,16GB,Apple,14-inch,8GB
0,-1.515625,-0.26953125,HP,13-inch,16GB,Apple,14-inch,16GB
0,-1.25,-0.373046875,HP,13-inch,16GB,Apple,16-inch,4GB
0,-1.25,-0.37890625,HP,13-inch,16GB,Apple,16-inch,8GB
0,-1.4296875,-0.302734375,HP,13-inch,16GB,Apple,16-inch,16GB
0,-1.25,-0.37109375,HP,14-inch,4GB,ASUS,13-inch,4GB
0,-1.4375,-0.30859375,HP,14-inch,4GB,ASUS,13-inch,8GB
0,-1.15625,-0.41015625,HP,14-inch,4GB,ASUS,13-inch,16GB
0,-0.99609375,-0.494140625,HP,14-inch,4GB,ASUS,14-inch,4GB
0,-1.078125,-0.451171875,HP,14-inch,4GB,ASUS,14-inch,8GB
0,-0.78125,-0.65625,HP,14-inch,4GB,ASUS,14-inch,16GB
0,-1.2421875,-0.3671875,HP,14-inch,4GB,ASUS,16-inch,4GB
0,-1.3359375,-0.337890625,HP,14-inch,4GB,ASUS,16-inch,8GB
0,-0.99609375,-0.49609375,HP,14-inch,4GB,ASUS,16-inch,16GB
0,-1.25,-0.373046875,HP,14-inch,4GB,Lenovo,13-inch,4GB
0,-1.53125,-0.28125,HP,14-inch,4GB,Lenovo,13-inch,8GB
0,-1.0,-0.5,HP,14-inch,4GB,Lenovo,13-inch,16GB
0,-0.921875,-0.546875,HP,14-inch,4GB,Lenovo,14-inch,4GB
0,-1.1640625,-0.412109375,HP,14-inch,4GB,Lenovo,14-inch,8GB
0,-0.78515625,-0.66015625,HP,14-inch,4GB,Lenovo,14-inch,16GB
0,-1.15625,-0.41015625,HP,14-inch,4GB,Lenovo,16-inch,4GB
0,-1.34375,-0.341796875,HP,14-inch,4GB,Lenovo,16-inch,8GB
0,-0.92578125,-0.55078125,HP,14-inch,4GB,Lenovo,16-inch,16GB
0,-1.15625,-0.41015625,HP,14-inch,4GB,HP,13-inch,4GB
0,-1.25,-0.376953125,HP,14-inch,4GB,HP,13-inch,8GB
0,-0.92578125,-0.55078125,HP,14-inch,4GB,HP,13-inch,16GB
0,-0.93359375,-0.55859375,HP,14-inch,4GB,HP,14-inch,8GB
0,-0.79296875,-0.66796875,HP,14-inch,4GB,HP,14-inch,16GB
0,-1.15625,-0.408203125,HP,14-inch,4GB,HP,16-inch,4GB
0,-1.0859375,-0.4609375,HP,14-inch,4GB,HP,16-inch,8GB
0,-0.859375,-0.609375,HP,14-inch,4GB,HP,16-inch,16GB
0,-1.25,-0.37109375,HP,14-inch,4GB,Dell,13-inch,4GB
0,-1.34375,-0.33984375,HP,14-inch,4GB,Dell,13-inch,8GB
0,-0.92578125,-0.55078125,HP,14-inch,4GB,Dell,13-inch,16GB
0,-0.91796875,-0.54296875,HP,14-inch,4GB,Dell,14-inch,4GB
0,-1.1640625,-0.4140625,HP,14-inch,4GB,Dell,14-inch,8GB
0,-0.8515625,-0.6015625,HP,14-inch,4GB,Dell,14-inch,16GB
0,-1.2421875,-0.369140625,HP,14-inch,4GB,Dell,16-inch,4GB
0,-1.25,-0.37890625,HP,14-inch,4GB,Dell,16-inch,8GB
0,-0.921875,-0.546875,HP,14-inch,4GB,Dell,16-inch,16GB
0,-1.078125,-0.455078125,HP,14-inch,4GB,Apple,13-inch,4GB
0,-1.34375,-0.345703125,HP,14-inch,4GB,Apple,13-inch,8GB
0,-0.92578125,-0.55078125,HP,14-inch,4GB,Apple,13-inch,16GB
0,-1.0,-0.5,HP,14-inch,4GB,Apple,14-inch,4GB
0,-1.1640625,-0.41796875,HP,14-inch,4GB,Apple,14-inch,8GB
0,-0.78515625,-0.66015625,HP,14-inch,4GB,Apple,14-inch,16GB
0,-1.1640625,-0.416015625,HP,14-inch,4GB,Apple,16-inch,4GB
0,-1.3515625,-0.34765625,HP,14-inch,4GB,Apple,16-inch,8GB
0,-0.9296875,-0.5546875,HP,14-inch,4GB,Apple,16-inch,16GB
0,-1.921875,-0.173828125,HP,14-inch,8GB,ASUS,13-inch,4GB
0,-2.03125,-0.1572265625,HP,14-inch,8GB,ASUS,13-inch,8GB
0,-2.03125,-0.15625,HP,14-inch,8GB,ASUS,13-inch,16GB
0,-1.8203125,-0.19140625,HP,14-inch,8GB,ASUS,14-inch,4GB
0,-1.6171875,-0.2421875,HP,14-inch,8GB,ASUS,14-inch,8GB
0,-1.71875,-0.2158203125,HP,14-inch,8GB,ASUS,14-inch,16GB
0,-1.921875,-0.171875,HP,14-inch,8GB,ASUS,16-inch,4GB
0,-1.921875,-0.173828125,HP,14-inch,8GB,ASUS,16-inch,8GB
0,-2.03125,-0.1572265625,HP,14-inch,8GB,ASUS,16-inch,16GB
0,-1.921875,-0.1748046875,HP,14-inch,8GB,Lenovo,13-inch,4GB
0,-1.8203125,-0.197265625,HP,14-inch,8GB,Lenovo,13-inch,8GB
0,-2.03125,-0.158203125,HP,14-inch,8GB,Lenovo,13-inch,16GB
0,-1.71875,-0.21484375,HP,14-inch,8GB,Lenovo,14-inch,4GB
0,-1.5234375,-0.26953125,HP,14-inch,8GB,Lenovo,14-inch,8GB
0,-1.3359375,-0.33203125,HP,14-inch,8GB,Lenovo,14-inch,16GB
0,-1.921875,-0.173828125,HP,14-inch,8GB,Lenovo,16-inch,4GB
0,-1.8203125,-0.1982421875,HP,14-inch,8GB,Lenovo,16-inch,8GB
0,-2.03125,-0.15625,HP,14-inch,8GB,Lenovo,16-inch,16GB
0,-1.6171875,-0.244140625,HP,14-inch,8GB,HP,13-inch,4GB
0,-1.71875,-0.21875,HP,14-inch,8GB,HP,13-inch,8GB
0,-1.71875,-0.2216796875,HP,14-inch,8GB,HP,13-inch,16GB
0,-1.71875,-0.2216796875,HP,14-inch,8GB,HP,14-inch,4GB
0,-1.828125,-0.205078125,HP,14-inch,8GB,HP,14-inch,16GB
0,-1.8203125,-0.1953125,HP,14-inch,8GB,HP,16-inch,4GB
0,-1.5234375,-0.26953125,HP,14-inch,8GB,HP,16-inch,8GB
0,-1.421875,-0.30078125,HP,14-inch,8GB,HP,16-inch,16GB
0,-1.71875,-0.2158203125,HP,14-inch,8GB,Dell,13-inch,4GB
0,-1.8203125,-0.197265625,HP,14-inch,8GB,Dell,13-inch,8GB
0,-1.8203125,-0.1953125,HP,14-inch,8GB,Dell,13-inch,16GB
0,-1.71875,-0.2158203125,HP,14-inch,8GB,Dell,14-inch,4GB
0,-1.6171875,-0.244140625,HP,14-inch,8GB,Dell,14-inch,8GB
0,-1.421875,-0.298828125,HP,14-inch,8GB,Dell,14-inch,16GB
0,-1.8125,-0.19140625,HP,14-inch,8GB,Dell,16-inch,4GB
0,-1.8203125,-0.1962890625,HP,14-inch,8GB,Dell,16-inch,8GB
0,-1.921875,-0.173828125,HP,14-inch,8GB,Dell,16-inch,16GB
0,-2.03125,-0.1611328125,HP,14-inch,8GB,Apple,13-inch,4GB
0,-1.9296875,-0.1767578125,HP,14-inch,8GB,Apple,13-inch,8GB
0,-1.71875,-0.2197265625,HP,14-inch,8GB,Apple,13-inch,16GB
0,-1.6171875,-0.2412109375,HP,14-inch,8GB,Apple,14-inch,4GB
0,-1.6171875,-0.2421875,HP,14-inch,8GB,Apple,14-inch,8GB
0,-1.515625,-0.267578125,HP,14-inch,8GB,Apple,14-inch,16GB
0,-2.03125,-0.1572265625,HP,14-inch,8GB,Apple,16-inch,4GB
0,-1.625,-0.248046875,HP,14-inch,8GB,Apple,16-inch,8GB
0,-1.71875,-0.220703125,HP,14-inch,8GB,Apple,16-inch,16GB
0,-1.078125,-0.455078125,HP,14-inch,16GB,ASUS,13-inch,4GB
0,-0.8515625,-0.6015625,HP,14-inch,16GB,ASUS,13-inch,8GB
0,-1.421875,-0.30078125,HP,14-inch,16GB,ASUS,13-inch,16GB
0,-1.2421875,-0.369140625,HP,14-inch,16GB,ASUS,14-inch,4GB
0,-0.84765625,-0.59765625,HP,14-inch,16GB,ASUS,14-inch,8GB
0,-1.328125,-0.33203125,HP,14-inch,16GB,ASUS,14-inch,16GB
0,-1.1640625,-0.412109375,HP,14-inch,16GB,ASUS,16-inch,4GB
0,-0.85546875,-0.60546875,HP,14-inch,16GB,ASUS,16-inch,8GB
0,-1.25,-0.37109375,HP,14-inch,16GB,ASUS,16-inch,16GB
0,-1.1796875,-0.42578125,HP,14-inch,16GB,Lenovo,13-inch,4GB
0,-1.09375,-0.466796875,HP,14-inch,16GB,Lenovo,13-inch,8GB
0,-1.3359375,-0.33984375,HP,14-inch,16GB,Lenovo,13-inch,16GB
0,-1.078125,-0.455078125,HP,14-inch,16GB,Lenovo,14-inch,4GB
0,-0.78125,-0.65625,HP,14-inch,16GB,Lenovo,14-inch,8GB
0,-1.3359375,-0.333984375,HP,14-inch,16GB,Lenovo,14-inch,16GB
0,-1.1640625,-0.416015625,HP,14-inch,16GB,Lenovo,16-inch,4GB
0,-0.9296875,-0.5546875,HP,14-inch,16GB,Lenovo,16-inch,8GB
0,-1.1640625,-0.416015625,HP,14-inch,16GB,Lenovo,16-inch,16GB
0,-1.0,-0.5,HP,14-inch,16GB,HP,13-inch,4GB
0,-0.8515625,-0.6015625,HP,14-inch,16GB,HP,13-inch,8GB
0,-1.0,-0.5,HP,14-inch,16GB,HP,13-inch,16GB
0,-1.0703125,-0.44921875,HP,14-inch,16GB,HP,14-inch,4GB
0,-0.78125,-0.65625,HP,14-inch,16GB,HP,14-inch,8GB
0,-1.1640625,-0.412109375,HP,14-inch,16GB,HP,16-inch,4GB
0,-0.921875,-0.546875,HP,14-inch,16GB,HP,16-inch,8GB
0,-1.25,-0.373046875,HP,14-inch,16GB,HP,16-inch,16GB
0,-1.0,-0.50390625,HP,14-inch,16GB,Dell,13-inch,4GB
0,-1.0,-0.50390625,HP,14-inch,16GB,Dell,13-inch,8GB
0,-1.1640625,-0.412109375,HP,14-inch,16GB,Dell,13-inch,16GB
0,-1.15625,-0.41015625,HP,14-inch,16GB,Dell,14-inch,4GB
0,-0.84765625,-0.59765625,HP,14-inch,16GB,Dell,14-inch,8GB
0,-1.1640625,-0.41015625,HP,14-inch,16GB,Dell,14-inch,16GB
0,-1.078125,-0.455078125,HP,14-inch,16GB,Dell,16-inch,4GB
0,-1.09375,-0.46484375,HP,14-inch,16GB,Dell,16-inch,8GB
0,-1.25,-0.373046875,HP,14-inch,16GB,Dell,16-inch,16GB
0,-1.0078125,-0.50390625,HP,14-inch,16GB,Apple,13-inch,4GB
0,-1.0859375,-0.4609375,HP,14-inch,16GB,Apple,13-inch,8GB
0,-1.078125,-0.455078125,HP,14-inch,16GB,Apple,13-inch,16GB
0,-1.1640625,-0.416015625,HP,14-inch,16GB,Apple,14-inch,4GB
0,-0.859375,-0.609375,HP,14-inch,16GB,Apple,14-inch,8GB
0,-1.25,-0.373046875,HP,14-inch,16GB,Apple,14-inch,16GB
0,-1.0859375,-0.462890625,HP,14-inch,16GB,Apple,16-inch,4GB
0,-0.859375,-0.609375,HP,14-inch,16GB,Apple,16-inch,8GB
0,-1.1640625,-0.416015625,HP,14-inch,16GB,Apple,16-inch,16GB
0,-1.9296875,-0.1767578125,HP,16-inch,4GB,ASUS,13-inch,4GB
0,-1.828125,-0.203125,HP,16-inch,4GB,ASUS,13-inch,8GB
0,-1.5234375,-0.275390625,HP,16-inch,4GB,ASUS,13-inch,16GB
0,-2.03125,-0.158203125,HP,16-inch,4GB,ASUS,14-inch,4GB
0,-2.03125,-0.1640625,HP,16-inch,4GB,ASUS,14-inch,8GB
0,-1.4296875,-0.302734375,HP,16-inch,4GB,ASUS,14-inch,16GB
0,-1.15625,-0.408203125,HP,16-inch,4GB,ASUS,16-inch,4GB
0,-1.1640625,-0.412109375,HP,16-inch,4GB,ASUS,16-inch,8GB
0,-1.25,-0.373046875,HP,16-inch,4GB,ASUS,16-inch,16GB
0,-1.5234375,-0.2734375,HP,16-inch,4GB,Lenovo,13-inch,4GB
0,-1.625,-0.25390625,HP,16-inch,4GB,Lenovo,13-inch,8GB
0,-1.34375,-0.341796875,HP,16-inch,4GB,Lenovo,13-inch,16GB
0,-1.6171875,-0.2451171875,HP,16-inch,4GB,Lenovo,14-inch,4GB
0,-1.625,-0.251953125,HP,16-inch,4GB,Lenovo,14-inch,8GB
0,-1.3359375,-0.337890625,HP,16-inch,4GB,Lenovo,14-inch,16GB
0,-0.921875,-0.546875,HP,16-inch,4GB,Lenovo,16-inch,4GB
0,-1.1640625,-0.416015625,HP,16-inch,4GB,Lenovo,16-inch,8GB
0,-1.0,-0.5,HP,16-inch,4GB,Lenovo,16-inch,16GB
0,-1.7265625,-0.224609375,HP,16-inch,4GB,HP,13-inch,4GB
0,-1.4375,-0.314453125,HP,16-inch,4GB,HP,13-inch,8GB
0,-1.34375,-0.34375,HP,16-inch,4GB,HP,13-inch,16GB
0,-1.625,-0.2470703125,HP,16-inch,4GB,HP,14-inch,4GB
0,-1.4375,-0.310546875,HP,16-inch,4GB,HP,14-inch,8GB
0,-1.171875,-0.419921875,HP,16-inch,4GB,HP,14-inch,16GB
0,-0.93359375,-0.55859375,HP,16-inch,4GB,HP,16-inch,8GB
0,-1.0078125,-0.5078125,HP,16-inch,4GB,HP,16-inch,16GB
0,-1.71875,-0.21875,HP,16-inch,4GB,Dell,13-inch,4GB
0,-1.53125,-0.28125,HP,16-inch,4GB,Dell,13-inch,8GB
0,-1.34375,-0.341796875,HP,16-inch,4GB,Dell,13-inch,16GB
0,-1.9296875,-0.177734375,HP,16-inch,4GB,Dell,14-inch,4GB
0,-1.9296875,-0.1806640625,HP,16-inch,4GB,Dell,14-inch,8GB
0,-1.25,-0.375,HP,16-inch,4GB,Dell,14-inch,16GB
0,-1.15625,-0.408203125,HP,16-inch,4GB,Dell,16-inch,4GB
0,-1.25,-0.37890625,HP,16-inch,4GB,Dell,16-inch,8GB
0,-1.0,-0.5,HP,16-inch,4GB,Dell,16-inch,16GB
0,-1.53125,-0.279296875,HP,16-inch,4GB,Apple,13-inch,4GB
0,-1.5390625,-0.287109375,HP,16-inch,4GB,Apple,13-inch,8GB
0,-1.828125,-0.2060546875,HP,16-inch,4GB,Apple,13-inch,16GB
0,-1.8203125,-0.1982421875,HP,16-inch,4GB,Apple,14-inch,4GB
0,-1.5390625,-0.28515625,HP,16-inch,4GB,Apple,14-inch,8GB
0,-1.5234375,-0.27734375,HP,16-inch,4GB,Apple,14-inch,16GB
0,-1.1640625,-0.412109375,HP,16-inch,4GB,Apple,16-inch,4GB
0,-1.2578125,-0.37890625,HP,16-inch,4GB,Apple,16-inch,8GB
0,-0.92578125,-0.55078125,HP,16-inch,4GB,Apple,16-inch,16GB
0,-2.140625,-0.138671875,HP,16-inch,8GB,ASUS,13-inch,4GB
0,-2.03125,-0.1552734375,HP,16-inch,8GB,ASUS,13-inch,8GB
0,-2.359375,-0.1123046875,HP,16-inch,8GB,ASUS,13-inch,16GB
0,-2.03125,-0.1552734375,HP,16-inch,8GB,ASUS,14-inch,4GB
0,-2.03125,-0.15625,HP,16-inch,8GB,ASUS,14-inch,8GB
0,-2.46875,-0.1005859375,HP,16-inch,8GB,ASUS,14-inch,16GB
0,-1.921875,-0.169921875,HP,16-inch,8GB,ASUS,16-inch,4GB
0,-1.8203125,-0.19140625,HP,16-inch,8GB,ASUS,16-inch,8GB
0,-1.921875,-0.1728515625,HP,16-inch,8GB,ASUS,16-inch,16GB
0,-2.03125,-0.1572265625,HP,16-inch,8GB,Lenovo,13-inch,4GB
0,-1.9296875,-0.17578125,HP,16-inch,8GB,Lenovo,13-inch,8GB
0,-2.25,-0.12890625,HP,16-inch,8GB,Lenovo,13-inch,16GB
0,-1.921875,-0.1748046875,HP,16-inch,8GB,Lenovo,14-inch,4GB
0,-1.9296875,-0.1767578125,HP,16-inch,8GB,Lenovo,14-inch,8GB
0,-2.25,-0.126953125,HP,16-inch,8GB,Lenovo,14-inch,16GB
0,-1.8203125,-0.1923828125,HP,16-inch,8GB,Lenovo,16-inch,4GB
0,-1.515625,-0.265625,HP,16-inch,8GB,Lenovo,16-inch,8GB
0,-1.921875,-0.17578125,HP,16-inch,8GB,Lenovo,16-inch,16GB
0,-1.8203125,-0.197265625,HP,16-inch,8GB,HP,13-inch,4GB
0,-2.25,-0.126953125,HP,16-inch,8GB,HP,13-inch,8GB
0,-1.9296875,-0.1787109375,HP,16-inch,8GB,HP,13-inch,16GB
0,-1.71875,-0.2177734375,HP,16-inch,8GB,HP,14-inch,4GB
0,-2.03125,-0.158203125,HP,16-inch,8GB,HP,14-inch,8GB
0,-1.6171875,-0.2451171875,HP,16-inch,8GB,HP,14-inch,16GB
0,-1.71875,-0.2158203125,HP,16-inch,8GB,HP,16-inch,4GB
0,-1.515625,-0.267578125,HP,16-inch,8GB,HP,16-inch,16GB
0,-2.03125,-0.1552734375,HP,16-inch,8GB,Dell,13-inch,4GB
0,-2.03125,-0.15625,HP,16-inch,8GB,Dell,13-inch,8GB
0,-2.140625,-0.1416015625,HP,16-inch,8GB,Dell,13-inch,16GB
0,-1.921875,-0.1728515625,HP,16-inch,8GB,Dell,14-inch,4GB
0,-1.921875,-0.173828125,HP,16-inch,8GB,Dell,14-inch,8GB
0,-2.25,-0.126953125,HP,16-inch,8GB,Dell,14-inch,16GB
0,-1.8203125,-0.19140625,HP,16-inch,8GB,Dell,16-inch,4GB
0,-1.515625,-0.267578125,HP,16-inch,8GB,Dell,16-inch,8GB
0,-1.71875,-0.2177734375,HP,16-inch,8GB,Dell,16-inch,16GB
0,-2.03125,-0.1591796875,HP,16-inch,8GB,Apple,13-inch,4GB
0,-2.03125,-0.1572265625,HP,16-inch,8GB,Apple,13-inch,8GB
0,-2.03125,-0.1591796875,HP,16-inch,8GB,Apple,13-inch,16GB
0,-2.140625,-0.1416015625,HP,16-inch,8GB,Apple,14-inch,4GB
0,-1.9296875,-0.177734375,HP,16-inch,8GB,Apple,14-inch,8GB
0,-2.03125,-0.158203125,HP,16-inch,8GB,Apple,14-inch,16GB
0,-1.921875,-0.173828125,HP,16-inch,8GB,Apple,16-inch,4GB
0,-1.6171875,-0.2412109375,HP,16-inch,8GB,Apple,16-inch,8GB
0,-1.71875,-0.2158203125,HP,16-inch,8GB,Apple,16-inch,16GB
0,-1.421875,-0.30078125,HP,16-inch,16GB,ASUS,13-inch,4GB
0,-0.9921875,-0.494140625,HP,16-inch,16GB,ASUS,13-inch,8GB
0,-1.515625,-0.26953125,HP,16-inch,16GB,ASUS,13-inch,16GB
0,-1.7265625,-0.2255859375,HP,16-inch,16GB,ASUS,14-inch,4GB
0,-0.8515625,-0.6015625,HP,16-inch,16GB,ASUS,14-inch,8GB
0,-1.828125,-0.2001953125,HP,16-inch,16GB,ASUS,14-inch,16GB
0,-1.53125,-0.279296875,HP,16-inch,16GB,ASUS,16-inch,4GB
0,-0.71875,-0.71875,HP,16-inch,16GB,ASUS,16-inch,8GB
0,-1.25,-0.376953125,HP,16-inch,16GB,ASUS,16-inch,16GB
0,-1.4296875,-0.302734375,HP,16-inch,16GB,Lenovo,13-inch,4GB
0,-0.8515625,-0.6015625,HP,16-inch,16GB,Lenovo,13-inch,8GB
0,-1.5234375,-0.271484375,HP,16-inch,16GB,Lenovo,13-inch,16GB
0,-1.828125,-0.203125,HP,16-inch,16GB,Lenovo,14-inch,4GB
0,-0.73046875,-0.73046875,HP,16-inch,16GB,Lenovo,14-inch,8GB
0,-1.6328125,-0.255859375,HP,16-inch,16GB,Lenovo,14-inch,16GB
0,-1.1796875,-0.427734375,HP,16-inch,16GB,Lenovo,16-inch,4GB
0,-0.609375,-0.859375,HP,16-inch,16GB,Lenovo,16-inch,8GB
0,-1.171875,-0.423828125,HP,16-inch,16GB,Lenovo,16-inch,16GB
0,-1.15625,-0.40625,HP,16-inch,16GB,HP,13-inch,4GB
0,-1.0,-0.498046875,HP,16-inch,16GB,HP,13-inch,8GB
0,-1.3359375,-0.33203125,HP,16-inch,16GB,HP,13-inch,16GB
0,-0.921875,-0.546875,HP,16-inch,16GB,HP,14-inch,4GB
0,-0.796875,-0.671875,HP,16-inch,16GB,HP,14-inch,8GB
0,-1.7265625,-0.228515625,HP,16-inch,16GB,HP,14-inch,16GB
0,-1.625,-0.2490234375,HP,16-inch,16GB,HP,16-inch,4GB
0,-0.55078125,-0.92578125,HP,16-inch,16GB,HP,16-inch,8GB
0,-1.15625,-0.40625,HP,16-inch,16GB,Dell,13-inch,4GB
0,-0.8515625,-0.6015625,HP,16-inch,16GB,Dell,13-inch,8GB
0,-1.421875,-0.30078125,HP,16-inch,16GB,Dell,13-inch,16GB
0,-1.6171875,-0.2431640625,HP,16-inch,16GB,Dell,14-inch,4GB
0,-0.7890625,-0.6640625,HP,16-inch,16GB,Dell,14-inch,8GB
0,-1.6328125,-0.25390625,HP,16-inch,16GB,Dell,14-inch,16GB
0,-1.4375,-0.3125,HP,16-inch,16GB,Dell,16-inch,4GB
0,-0.6015625,-0.8515625,HP,16-inch,16GB,Dell,16-inch,8GB
0,-1.25,-0.37890625,HP,16-inch,16GB,Dell,16-inch,16GB
0,-1.1640625,-0.41015625,HP,16-inch,16GB,Apple,13-inch,4GB
0,-1.0,-0.5,HP,16-inch,16GB,Apple,13-inch,8GB
0,-1.2421875,-0.369140625,HP,16-inch,16GB,Apple,13-inch,16GB
0,-1.3359375,-0.333984375,HP,16-inch,16GB,Apple,14-inch,4GB
0,-0.859375,-0.609375,HP,16-inch,16GB,Apple,14-inch,8GB
0,-1.9375,-0.18359375,HP,16-inch,16GB,Apple,14-inch,16GB
0,-1.828125,-0.203125,HP,16-inch,16GB,Apple,16-inch,4GB
0,-0.61328125,-0.86328125,HP,16-inch,16GB,Apple,16-inch,8GB
0,-1.3359375,-0.33984375,HP,16-inch,16GB,Apple,16-inch,16GB
0,-1.6171875,-0.2431640625,Dell,13-inch,4GB,ASUS,13-inch,4GB
0,-1.2421875,-0.3671875,Dell,13-inch,4GB,ASUS,13-inch,8GB
0,-1.2421875,-0.3671875,Dell,13-inch,4GB,ASUS,13-inch,16GB
0,-1.5234375,-0.271484375,Dell,13-inch,4GB,ASUS,14-inch,4GB
0,-1.6171875,-0.24609375,Dell,13-inch,4GB,ASUS,14-inch,8GB
0,-1.15625,-0.408203125,Dell,13-inch,4GB,ASUS,14-inch,16GB
0,-1.71875,-0.216796875,Dell,13-inch,4GB,ASUS,16-inch,4GB
0,-1.5234375,-0.271484375,Dell,13-inch,4GB,ASUS,16-inch,8GB
0,-1.421875,-0.30078125,Dell,13-inch,4GB,ASUS,16-inch,16GB
0,-1.078125,-0.453125,Dell,13-inch,4GB,Lenovo,13-inch,4GB
0,-1.1640625,-0.412109375,Dell,13-inch,4GB,Lenovo,13-inch,8GB
0,-1.078125,-0.453125,Dell,13-inch,4GB,Lenovo,13-inch,16GB
0,-1.15625,-0.41015625,Dell,13-inch,4GB,Lenovo,14-inch,4GB
0,-1.4296875,-0.306640625,Dell,13-inch,4GB,Lenovo,14-inch,8GB
0,-1.078125,-0.455078125,Dell,13-inch,4GB,Lenovo,14-inch,16GB
0,-1.3359375,-0.33203125,Dell,13-inch,4GB,Lenovo,16-inch,4GB
0,-1.4296875,-0.3046875,Dell,13-inch,4GB,Lenovo,16-inch,8GB
0,-1.25,-0.373046875,Dell,13-inch,4GB,Lenovo,16-inch,16GB
0,-1.4296875,-0.30078125,Dell,13-inch,4GB,HP,13-inch,4GB
0,-1.25,-0.37109375,Dell,13-inch,4GB,HP,13-inch,8GB
0,-1.078125,-0.455078125,Dell,13-inch,4GB,HP,13-inch,16GB
0,-1.4296875,-0.302734375,Dell,13-inch,4GB,HP,14-inch,4GB
0,-1.625,-0.248046875,Dell,13-inch,4GB,HP,14-inch,8GB
0,-1.1640625,-0.412109375,Dell,13-inch,4GB,HP,14-inch,16GB
0,-1.515625,-0.26953125,Dell,13-inch,4GB,HP,16-inch,4GB
0,-1.6171875,-0.24609375,Dell,13-inch,4GB,HP,16-inch,8GB
0,-1.3359375,-0.333984375,Dell,13-inch,4GB,HP,16-inch,16GB
0,-1.078125,-0.45703125,Dell,13-inch,4GB,Dell,13-inch,8GB
0,-1.078125,-0.45703125,Dell,13-inch,4GB,Dell,13-inch,16GB
0,-1.15625,-0.41015625,Dell,13-inch,4GB,Dell,14-inch,4GB
0,-1.1640625,-0.416015625,Dell,13-inch,4GB,Dell,14-inch,8GB
0,-0.9296875,-0.5546875,Dell,13-inch,4GB,Dell,14-inch,16GB
0,-1.2421875,-0.3671875,Dell,13-inch,4GB,Dell,16-inch,4GB
0,-1.25,-0.373046875,Dell,13-inch,4GB,Dell,16-inch,8GB
0,-1.25,-0.373046875,Dell,13-inch,4GB,Dell,16-inch,16GB
0,-1.078125,-0.44921875,Dell,13-inch,4GB,Apple,13-inch,4GB
0,-1.1640625,-0.4140625,Dell,13-inch,4GB,Apple,13-inch,8GB
0,-1.15625,-0.40625,Dell,13-inch,4GB,Apple,13-inch,16GB
0,-1.1640625,-0.41015625,Dell,13-inch,4GB,Apple,14-inch,4GB
0,-1.34375,-0.341796875,Dell,13-inch,4GB,Apple,14-inch,8GB
0,-1.078125,-0.451171875,Dell,13-inch,4GB,Apple,14-inch,16GB
0,-1.3359375,-0.3359375,Dell,13-inch,4GB,Apple,16-inch,4GB
0,-1.4375,-0.3125,Dell,13-inch,4GB,Apple,16-inch,8GB
0,-1.25,-0.373046875,Dell,13-inch,4GB,Apple,16-inch,16GB
0,-1.921875,-0.16796875,Dell,13-inch,8GB,ASUS,13-inch,4GB
0,-2.03125,-0.1513671875,Dell,13-inch,8GB,ASUS,13-inch,8GB
0,-2.03125,-0.15234375,Dell,13-inch,8GB,ASUS,13-inch,16GB
0,-1.8125,-0.189453125,Dell,13-inch,8GB,ASUS,14-inch,4GB
0,-2.140625,-0.13671875,Dell,13-inch,8GB,ASUS,14-inch,8GB
0,-2.03125,-0.1533203125,Dell,13-inch,8GB,ASUS,14-inch,16GB
0,-1.921875,-0.169921875,Dell,13-inch,8GB,ASUS,16-inch,4GB
0,-2.140625,-0.1357421875,Dell,13-inch,8GB,ASUS,16-inch,8GB
0,-2.359375,-0.1083984375,Dell,13-inch,8GB,ASUS,16-inch,16GB
0,-1.7109375,-0.212890625,Dell,13-inch,8GB,Lenovo,13-inch,4GB
0,-1.7109375,-0.2138671875,Dell,13-inch,8GB,Lenovo,13-inch,8GB
0,-1.71875,-0.21484375,Dell,13-inch,8GB,Lenovo,13-inch,16GB
0,-1.7109375,-0.212890625,Dell,13-inch,8GB,Lenovo,14-inch,4GB
0,-1.921875,-0.171875,Dell,13-inch,8GB,Lenovo,14-inch,8GB
0,-1.8203125,-0.193359375,Dell,13-inch,8GB,Lenovo,14-inch,16GB
0,-1.921875,-0.169921875,Dell,13-inch,8GB,Lenovo,16-inch,4GB
0,-1.8203125,-0.1923828125,Dell,13-inch,8GB,Lenovo,16-inch,8GB
0,-2.140625,-0.1376953125,Dell,13-inch,8GB,Lenovo,16-inch,16GB
0,-1.8125,-0.1904296875,Dell,13-inch,8GB,HP,13-inch,4GB
0,-2.140625,-0.13671875,Dell,13-inch,8GB,HP,13-inch,8GB
0,-2.03125,-0.1533203125,Dell,13-inch,8GB,HP,13-inch,16GB
0,-1.8125,-0.189453125,Dell,13-inch,8GB,HP,14-inch,4GB
0,-2.03125,-0.15234375,Dell,13-inch,8GB,HP,14-inch,8GB
0,-1.921875,-0.1728515625,Dell,13-inch,8GB,HP,14-inch,16GB
0,-1.921875,-0.169921875,Dell,13-inch,8GB,HP,16-inch,4GB
0,-2.03125,-0.15234375,Dell,13-inch,8GB,HP,16-inch,8GB
0,-2.140625,-0.13671875,Dell,13-inch,8GB,HP,16-inch,16GB
0,-1.609375,-0.2373046875,Dell,13-inch,8GB,Dell,13-inch,4GB
0,-1.515625,-0.265625,Dell,13-inch,8GB,Dell,13-inch,16GB
0,-1.7109375,-0.212890625,Dell,13-inch,8GB,Dell,14-inch,4GB
0,-1.71875,-0.21484375,Dell,13-inch,8GB,Dell,14-inch,8GB
0,-1.515625,-0.267578125,Dell,13-inch,8GB,Dell,14-inch,16GB
0,-1.8125,-0.1904296875,Dell,13-inch,8GB,Dell,16-inch,4GB
0,-1.8203125,-0.19140625,Dell,13-inch,8GB,Dell,16-inch,8GB
0,-1.921875,-0.171875,Dell,13-inch,8GB,Dell,16-inch,16GB
0,-1.7109375,-0.212890625,Dell,13-inch,8GB,Apple,13-inch,4GB
0,-1.6171875,-0.2392578125,Dell,13-inch,8GB,Apple,13-inch,8GB
0,-1.8125,-0.1904296875,Dell,13-inch,8GB,Apple,13-inch,16GB
0,-1.8203125,-0.1923828125,Dell,13-inch,8GB,Apple,14-inch,4GB
0,-1.8203125,-0.1943359375,Dell,13-inch,8GB,Apple,14-inch,8GB
0,-1.921875,-0.1728515625,Dell,13-inch,8GB,Apple,14-inch,16GB
0,-2.03125,-0.1533203125,Dell,13-inch,8GB,Apple,16-inch,4GB
0,-1.8203125,-0.193359375,Dell,13-inch,8GB,Apple,16-inch,8GB
0,-2.03125,-0.1533203125,Dell,13-inch,8GB,Apple,16-inch,16GB
0,-1.15625,-0.41015625,Dell,13-inch,16GB,ASUS,13-inch,4GB
0,-1.1640625,-0.412109375,Dell,13-inch,16GB,ASUS,13-inch,8GB
0,-1.5234375,-0.271484375,Dell,13-inch,16GB,ASUS,13-inch,16GB
0,-1.328125,-0.33203125,Dell,13-inch,16GB,ASUS,14-inch,4GB
0,-1.1640625,-0.4140625,Dell,13-inch,16GB,ASUS,14-inch,8GB
0,-1.6171875,-0.2431640625,Dell,13-inch,16GB,ASUS,14-inch,16GB
0,-1.25,-0.37109375,Dell,13-inch,16GB,ASUS,16-inch,4GB
0,-1.2578125,-0.37890625,Dell,13-inch,16GB,ASUS,16-inch,8GB
0,-1.5234375,-0.275390625,Dell,13-inch,16GB,ASUS,16-inch,16GB
0,-1.1640625,-0.416015625,Dell,13-inch,16GB,Lenovo,13-inch,4GB
0,-1.25,-0.376953125,Dell,13-inch,16GB,Lenovo,13-inch,8GB
0,-1.3359375,-0.33984375,Dell,13-inch,16GB,Lenovo,13-inch,16GB
0,-1.2421875,-0.37109375,Dell,13-inch,16GB,Lenovo,14-inch,4GB
0,-1.25,-0.376953125,Dell,13-inch,16GB,Lenovo,14-inch,8GB
0,-1.4296875,-0.302734375,Dell,13-inch,16GB,Lenovo,14-inch,16GB
0,-1.25,-0.37890625,Dell,13-inch,16GB,Lenovo,16-inch,4GB
0,-1.2578125,-0.384765625,Dell,13-inch,16GB,Lenovo,16-inch,8GB
0,-1.4375,-0.30859375,Dell,13-inch,16GB,Lenovo,16-inch,16GB
0,-1.2421875,-0.369140625,Dell,13-inch,16GB,HP,13-inch,4GB
0,-1.421875,-0.298828125,Dell,13-inch,16GB,HP,13-inch,8GB
0,-1.4296875,-0.3046875,Dell,13-inch,16GB,HP,13-inch,16GB
0,-1.421875,-0.298828125,Dell,13-inch,16GB,HP,14-inch,4GB
0,-1.25,-0.375,Dell,13-inch,16GB,HP,14-inch,8GB
0,-1.421875,-0.298828125,Dell,13-inch,16GB,HP,14-inch,16GB
0,-1.421875,-0.298828125,Dell,13-inch,16GB,HP,16-inch,4GB
0,-1.34375,-0.33984375,Dell,13-inch,16GB,HP,16-inch,8GB
0,-1.5234375,-0.275390625,Dell,13-inch,16GB,HP,16-inch,16GB
0,-1.1640625,-0.4140625,Dell,13-inch,16GB,Dell,13-inch,4GB
0,-1.0859375,-0.458984375,Dell,13-inch,16GB,Dell,13-inch,8GB
0,-1.1640625,-0.41015625,Dell,13-inch,16GB,Dell,14-inch,4GB
0,-1.3359375,-0.3359375,Dell,13-inch,16GB,Dell,14-inch,8GB
0,-1.2421875,-0.369140625,Dell,13-inch,16GB,Dell,14-inch,16GB
0,-1.25,-0.37890625,Dell,13-inch,16GB,Dell,16-inch,4GB
0,-1.34375,-0.34375,Dell,13-inch,16GB,Dell,16-inch,8GB
0,-1.4296875,-0.3046875,Dell,13-inch,16GB,Dell,16-inch,16GB
0,-1.0859375,-0.4609375,Dell,13-inch,16GB,Apple,13-inch,4GB
0,-1.171875,-0.41796875,Dell,13-inch,16GB,Apple,13-inch,8GB
0,-1.078125,-0.45703125,Dell,13-inch,16GB,Apple,13-inch,16GB
0,-1.1640625,-0.416015625,Dell,13-inch,16GB,Apple,14-inch,4GB
0,-1.2578125,-0.380859375,Dell,13-inch,16GB,Apple,14-inch,8GB
0,-1.15625,-0.41015625,Dell,13-inch,16GB,Apple,14-inch,16GB
0,-1.2578125,-0.38671875,Dell,13-inch,16GB,Apple,16-inch,4GB
0,-1.3515625,-0.3515625,Dell,13-inch,16GB,Apple,16-inch,8GB
0,-1.0078125,-0.5078125,Dell,13-inch,16GB,Apple,16-inch,16GB
0,-1.3359375,-0.333984375,Dell,14-inch,4GB,ASUS,13-inch,4GB
0,-1.5234375,-0.27734375,Dell,14-inch,4GB,ASUS,13-inch,8GB
0,-1.2421875,-0.365234375,Dell,14-inch,4GB,ASUS,13-inch,16GB
0,-1.3359375,-0.33203125,Dell,14-inch,4GB,ASUS,14-inch,4GB
0,-1.25,-0.373046875,Dell,14-inch,4GB,ASUS,14-inch,8GB
0,-1.078125,-0.44921875,Dell,14-inch,4GB,ASUS,14-inch,16GB
0,-1.3359375,-0.33203125,Dell,14-inch,4GB,ASUS,16-inch,4GB
0,-1.53125,-0.27734375,Dell,14-inch,4GB,ASUS,16-inch,8GB
0,-1.15625,-0.404296875,Dell,14-inch,4GB,ASUS,16-inch,16GB
0,-1.25,-0.373046875,Dell,14-inch,4GB,Lenovo,13-inch,4GB
0,-1.53125,-0.28125,Dell,14-inch,4GB,Lenovo,13-inch,8GB
0,-1.3359375,-0.3359375,Dell,14-inch,4GB,Lenovo,13-inch,16GB
0,-1.0,-0.5,Dell,14-inch,4GB,Lenovo,14-inch,4GB
0,-1.25,-0.376953125,Dell,14-inch,4GB,Lenovo,14-inch,8GB
0,-1.0,-0.498046875,Dell,14-inch,4GB,Lenovo,14-inch,16GB
0,-1.1640625,-0.412109375,Dell,14-inch,4GB,Lenovo,16-inch,4GB
0,-1.34375,-0.345703125,Dell,14-inch,4GB,Lenovo,16-inch,8GB
0,-1.15625,-0.408203125,Dell,14-inch,4GB,Lenovo,16-inch,16GB
0,-1.421875,-0.30078125,Dell,14-inch,4GB,HP,13-inch,4GB
0,-1.625,-0.251953125,Dell,14-inch,4GB,HP,13-inch,8GB
0,-1.4296875,-0.302734375,Dell,14-inch,4GB,HP,13-inch,16GB
0,-1.15625,-0.408203125,Dell,14-inch,4GB,HP,14-inch,4GB
0,-1.3359375,-0.337890625,Dell,14-inch,4GB,HP,14-inch,8GB
0,-1.078125,-0.453125,Dell,14-inch,4GB,HP,14-inch,16GB
0,-1.2421875,-0.3671875,Dell,14-inch,4GB,HP,16-inch,4GB
0,-1.4296875,-0.306640625,Dell,14-inch,4GB,HP,16-inch,8GB
0,-1.2421875,-0.3671875,Dell,14-inch,4GB,HP,16-inch,16GB
0,-1.2421875,-0.37109375,Dell,14-inch,4GB,Dell,13-inch,4GB
0,-1.53125,-0.279296875,Dell,14-inch,4GB,Dell,13-inch,8GB
0,-1.25,-0.373046875,Dell,14-inch,4GB,Dell,13-inch,16GB
0,-1.0859375,-0.458984375,Dell,14-inch,4GB,Dell,14-inch,8GB
0,-1.0,-0.50390625,Dell,14-inch,4GB,Dell,14-inch,16GB
0,-1.15625,-0.408203125,Dell,14-inch,4GB,Dell,16-inch,4GB
0,-1.25,-0.37890625,Dell,14-inch,4GB,Dell,16-inch,8GB
0,-1.078125,-0.455078125,Dell,14-inch,4GB,Dell,16-inch,16GB
0,-1.3359375,-0.33984375,Dell,14-inch,4GB,Apple,13-inch,4GB
0,-1.5390625,-0.2890625,Dell,14-inch,4GB,Apple,13-inch,8GB
0,-1.25,-0.37109375,Dell,14-inch,4GB,Apple,13-inch,16GB
0,-1.078125,-0.455078125,Dell,14-inch,4GB,Apple,14-inch,4GB
0,-1.2578125,-0.38671875,Dell,14-inch,4GB,Apple,14-inch,8GB
0,-0.99609375,-0.49609375,Dell,14-inch,4GB,Apple,14-inch,16GB
0,-1.25,-0.375,Dell,14-inch,4GB,Apple,16-inch,4GB
0,-1.5390625,-0.287109375,Dell,14-inch,4GB,Apple,16-inch,8GB
0,-1.1640625,-0.412109375,Dell,14-inch,4GB,Apple,16-inch,16GB
0,-1.8203125,-0.193359375,Dell,14-inch,8GB,ASUS,13-inch,4GB
0,-1.8203125,-0.1943359375,Dell,14-inch,8GB,ASUS,13-inch,8GB
0,-2.140625,-0.13671875,Dell,14-inch,8GB,ASUS,13-inch,16GB
0,-1.8125,-0.189453125,Dell,14-inch,8GB,ASUS,14-inch,4GB
0,-1.921875,-0.171875,Dell,14-inch,8GB,ASUS,14-inch,8GB
0,-2.03125,-0.15234375,Dell,14-inch,8GB,ASUS,14-inch,16GB
0,-2.03125,-0.1533203125,Dell,14-inch,8GB,ASUS,16-inch,4GB
0,-1.921875,-0.173828125,Dell,14-inch,8GB,ASUS,16-inch,8GB
0,-2.140625,-0.1357421875,Dell,14-inch,8GB,ASUS,16-inch,16GB
0,-1.71875,-0.21875,Dell,14-inch,8GB,Lenovo,13-inch,4GB
0,-1.71875,-0.2197265625,Dell,14-inch,8GB,Lenovo,13-inch,8GB
0,-1.921875,-0.1748046875,Dell,14-inch,8GB,Lenovo,13-inch,16GB
0,-1.7109375,-0.2138671875,Dell,14-inch,8GB,Lenovo,14-inch,4GB
0,-1.71875,-0.2158203125,Dell,14-inch,8GB,Lenovo,14-inch,8GB
0,-1.71875,-0.216796875,Dell,14-inch,8GB,Lenovo,14-inch,16GB
0,-1.71875,-0.21484375,Dell,14-inch,8GB,Lenovo,16-inch,4GB
0,-1.71875,-0.21875,Dell,14-inch,8GB,Lenovo,16-inch,8GB
0,-1.921875,-0.1728515625,Dell,14-inch,8GB,Lenovo,16-inch,16GB
0,-1.8203125,-0.19140625,Dell,14-inch,8GB,HP,13-inch,4GB
0,-1.921875,-0.1728515625,Dell,14-inch,8GB,HP,13-inch,8GB
0,-1.921875,-0.1728515625,Dell,14-inch,8GB,HP,13-inch,16GB
0,-1.8125,-0.189453125,Dell,14-inch,8GB,HP,14-inch,4GB
0,-2.03125,-0.15234375,Dell,14-inch,8GB,HP,14-inch,8GB
0,-1.8203125,-0.1923828125,Dell,14-inch,8GB,HP,14-inch,16GB
0,-1.921875,-0.169921875,Dell,14-inch,8GB,HP,16-inch,4GB
0,-1.921875,-0.1728515625,Dell,14-inch,8GB,HP,16-inch,8GB
0,-2.03125,-0.154296875,Dell,14-inch,8GB,HP,16-inch,16GB
0,-1.515625,-0.26953125,Dell,14-inch,8GB,Dell,13-inch,4GB
0,-1.421875,-0.298828125,Dell,14-inch,8GB,Dell,13-inch,8GB
0,-1.6171875,-0.240234375,Dell,14-inch,8GB,Dell,13-inch,16GB
0,-1.515625,-0.265625,Dell,14-inch,8GB,Dell,14-inch,4GB
0,-1.421875,-0.294921875,Dell,14-inch,8GB,Dell,14-inch,16GB
0,-1.515625,-0.267578125,Dell,14-inch,8GB,Dell,16-inch,4GB
0,-1.515625,-0.267578125,Dell,14-inch,8GB,Dell,16-inch,8GB
0,-1.515625,-0.267578125,Dell,14-inch,8GB,Dell,16-inch,16GB
0,-1.5234375,-0.2734375,Dell,14-inch,8GB,Apple,13-inch,4GB
0,-1.6171875,-0.244140625,Dell,14-inch,8GB,Apple,13-inch,8GB
0,-1.921875,-0.1728515625,Dell,14-inch,8GB,Apple,13-inch,16GB
0,-1.5234375,-0.26953125,Dell,14-inch,8GB,Apple,14-inch,4GB
0,-1.5234375,-0.271484375,Dell,14-inch,8GB,Apple,14-inch,8GB
0,-1.7109375,-0.2138671875,Dell,14-inch,8GB,Apple,14-inch,16GB
0,-1.71875,-0.216796875,Dell,14-inch,8GB,Apple,16-inch,4GB
0,-1.6171875,-0.244140625,Dell,14-inch,8GB,Apple,16-inch,8GB
0,-1.8203125,-0.193359375,Dell,14-inch,8GB,Apple,16-inch,16GB
0,-1.3359375,-0.337890625,Dell,14-inch,16GB,ASUS,13-inch,4GB
0,-1.4296875,-0.3046875,Dell,14-inch,16GB,ASUS,13-inch,8GB
0,-1.6171875,-0.2421875,Dell,14-inch,16GB,ASUS,13-inch,16GB
0,-1.3359375,-0.3359375,Dell,14-inch,16GB,ASUS,14-inch,4GB
0,-1.25,-0.375,Dell,14-inch,16GB,ASUS,14-inch,8GB
0,-1.5234375,-0.271484375,Dell,14-inch,16GB,ASUS,14-inch,16GB
0,-1.3359375,-0.337890625,Dell,14-inch,16GB,ASUS,16-inch,4GB
0,-1.34375,-0.33984375,Dell,14-inch,16GB,ASUS,16-inch,8GB
0,-1.5234375,-0.271484375,Dell,14-inch,16GB,ASUS,16-inch,16GB
0,-1.3359375,-0.337890625,Dell,14-inch,16GB,Lenovo,13-inch,4GB
0,-1.4375,-0.310546875,Dell,14-inch,16GB,Lenovo,13-inch,8GB
0,-1.4296875,-0.30078125,Dell,14-inch,16GB,Lenovo,13-inch,16GB
0,-1.25,-0.376953125,Dell,14-inch,16GB,Lenovo,14-inch,4GB
0,-1.34375,-0.341796875,Dell,14-inch,16GB,Lenovo,14-inch,8GB
0,-1.34375,-0.341796875,Dell,14-inch,16GB,Lenovo,14-inch,16GB
0,-1.25,-0.37890625,Dell,14-inch,16GB,Lenovo,16-inch,4GB
0,-1.4375,-0.3125,Dell,14-inch,16GB,Lenovo,16-inch,8GB
0,-1.1640625,-0.412109375,Dell,14-inch,16GB,Lenovo,16-inch,16GB
0,-1.3359375,-0.3359375,Dell,14-inch,16GB,HP,13-inch,4GB
0,-1.4296875,-0.306640625,Dell,14-inch,16GB,HP,13-inch,8GB
0,-1.4296875,-0.30078125,Dell,14-inch,16GB,HP,13-inch,16GB
0,-1.25,-0.373046875,Dell,14-inch,16GB,HP,14-inch,4GB
0,-1.25,-0.375,Dell,14-inch,16GB,HP,14-inch,8GB
0,-1.2421875,-0.369140625,Dell,14-inch,16GB,HP,14-inch,16GB
0,-1.3359375,-0.337890625,Dell,14-inch,16GB,HP,16-inch,4GB
0,-1.34375,-0.341796875,Dell,14-inch,16GB,HP,16-inch,8GB
0,-1.4296875,-0.3046875,Dell,14-inch,16GB,HP,16-inch,16GB
0,-1.25,-0.375,Dell,14-inch,16GB,Dell,13-inch,4GB
0,-1.34375,-0.341796875,Dell,14-inch,16GB,Dell,13-inch,8GB
0,-1.2421875,-0.3671875,Dell,14-inch,16GB,Dell,13-inch,16GB
0,-1.25,-0.373046875,Dell,14-inch,16GB,Dell,14-inch,4GB
0,-1.171875,-0.419921875,Dell,14-inch,16GB,Dell,14-inch,8GB
0,-1.34375,-0.341796875,Dell,14-inch,16GB,Dell,16-inch,4GB
0,-1.34375,-0.345703125,Dell,14-inch,16GB,Dell,16-inch,8GB
0,-1.25,-0.373046875,Dell,14-inch,16GB,Dell,16-inch,16GB
0,-1.34375,-0.341796875,Dell,14-inch,16GB,Apple,13-inch,4GB
0,-1.4375,-0.310546875,Dell,14-inch,16GB,Apple,13-inch,8GB
0,-1.2578125,-0.3828125,Dell,14-inch,16GB,Apple,13-inch,16GB
0,-1.2578125,-0.380859375,Dell,14-inch,16GB,Apple,14-inch,4GB
0,-1.171875,-0.419921875,Dell,14-inch,16GB,Apple,14-inch,8GB
0,-1.2578125,-0.380859375,Dell,14-inch,16GB,Apple,14-inch,16GB
0,-1.2578125,-0.37890625,Dell,14-inch,16GB,Apple,16-inch,4GB
0,-1.3515625,-0.34765625,Dell,14-inch,16GB,Apple,16-inch,8GB
0,-1.171875,-0.423828125,Dell,14-inch,16GB,Apple,16-inch,16GB
0,-1.5234375,-0.2734375,Dell,16-inch,4GB,ASUS,13-inch,4GB
0,-1.9296875,-0.181640625,Dell,16-inch,4GB,ASUS,13-inch,8GB
0,-1.6171875,-0.244140625,Dell,16-inch,4GB,ASUS,13-inch,16GB
0,-1.5234375,-0.26953125,Dell,16-inch,4GB,ASUS,14-inch,4GB
0,-1.828125,-0.2021484375,Dell,16-inch,4GB,ASUS,14-inch,8GB
0,-1.5234375,-0.271484375,Dell,16-inch,4GB,ASUS,14-inch,16GB
0,-1.421875,-0.298828125,Dell,16-inch,4GB,ASUS,16-inch,4GB
0,-1.4296875,-0.302734375,Dell,16-inch,4GB,ASUS,16-inch,8GB
0,-1.421875,-0.298828125,Dell,16-inch,4GB,ASUS,16-inch,16GB
0,-1.4296875,-0.302734375,Dell,16-inch,4GB,Lenovo,13-inch,4GB
0,-1.7265625,-0.2255859375,Dell,16-inch,4GB,Lenovo,13-inch,8GB
0,-1.6171875,-0.2451171875,Dell,16-inch,4GB,Lenovo,13-inch,16GB
0,-1.4296875,-0.3046875,Dell,16-inch,4GB,Lenovo,14-inch,4GB
0,-1.625,-0.25,Dell,16-inch,4GB,Lenovo,14-inch,8GB
0,-1.5234375,-0.2734375,Dell,16-inch,4GB,Lenovo,14-inch,16GB
0,-1.15625,-0.41015625,Dell,16-inch,4GB,Lenovo,16-inch,4GB
0,-1.3359375,-0.337890625,Dell,16-inch,4GB,Lenovo,16-inch,8GB
0,-1.25,-0.373046875,Dell,16-inch,4GB,Lenovo,16-inch,16GB
0,-1.421875,-0.298828125,Dell,16-inch,4GB,HP,13-inch,4GB
0,-1.828125,-0.2021484375,Dell,16-inch,4GB,HP,13-inch,8GB
0,-1.6171875,-0.244140625,Dell,16-inch,4GB,HP,13-inch,16GB
0,-1.421875,-0.298828125,Dell,16-inch,4GB,HP,14-inch,4GB
0,-1.828125,-0.201171875,Dell,16-inch,4GB,HP,14-inch,8GB
0,-1.625,-0.2470703125,Dell,16-inch,4GB,HP,14-inch,16GB
0,-1.4296875,-0.302734375,Dell,16-inch,4GB,HP,16-inch,4GB
0,-1.5234375,-0.2734375,Dell,16-inch,4GB,HP,16-inch,8GB
0,-1.3359375,-0.3359375,Dell,16-inch,4GB,HP,16-inch,16GB
0,-1.4296875,-0.302734375,Dell,16-inch,4GB,Dell,13-inch,4GB
0,-1.7265625,-0.2236328125,Dell,16-inch,4GB,Dell,13-inch,8GB
0,-1.5234375,-0.2734375,Dell,16-inch,4GB,Dell,13-inch,16GB
0,-1.4296875,-0.302734375,Dell,16-inch,4GB,Dell,14-inch,4GB
0,-1.625,-0.25,Dell,16-inch,4GB,Dell,14-inch,8GB
0,-1.4296875,-0.306640625,Dell,16-inch,4GB,Dell,14-inch,16GB
0,-1.34375,-0.341796875,Dell,16-inch,4GB,Dell,16-inch,8GB
0,-1.3359375,-0.333984375,Dell,16-inch,4GB,Dell,16-inch,16GB
0,-1.4296875,-0.306640625,Dell,16-inch,4GB,Apple,13-inch,4GB
0,-1.8359375,-0.20703125,Dell,16-inch,4GB,Apple,13-inch,8GB
0,-1.5234375,-0.2734375,Dell,16-inch,4GB,Apple,13-inch,16GB
0,-1.4296875,-0.306640625,Dell,16-inch,4GB,Apple,14-inch,4GB
0,-1.8359375,-0.2109375,Dell,16-inch,4GB,Apple,14-inch,8GB
0,-1.3359375,-0.337890625,Dell,16-inch,4GB,Apple,14-inch,16GB
0,-1.25,-0.373046875,Dell,16-inch,4GB,Apple,16-inch,4GB
0,-1.4375,-0.3125,Dell,16-inch,4GB,Apple,16-inch,8GB
0,-1.25,-0.373046875,Dell,16-inch,4GB,Apple,16-inch,16GB
0,-2.140625,-0.13671875,Dell,16-inch,8GB,ASUS,13-inch,4GB
0,-2.03125,-0.15625,Dell,16-inch,8GB,ASUS,13-inch,8GB
0,-2.359375,-0.1083984375,Dell,16-inch,8GB,ASUS,13-inch,16GB
0,-1.921875,-0.171875,Dell,16-inch,8GB,ASUS,14-inch,4GB
0,-2.03125,-0.154296875,Dell,16-inch,8GB,ASUS,14-inch,8GB
0,-2.25,-0.12158203125,Dell,16-inch,8GB,ASUS,14-inch,16GB
0,-1.921875,-0.1728515625,Dell,16-inch,8GB,ASUS,16-inch,4GB
0,-2.140625,-0.13671875,Dell,16-inch,8GB,ASUS,16-inch,8GB
0,-1.921875,-0.1708984375,Dell,16-inch,8GB,ASUS,16-inch,16GB
0,-1.8203125,-0.1923828125,Dell,16-inch,8GB,Lenovo,13-inch,4GB
0,-1.8203125,-0.1962890625,Dell,16-inch,8GB,Lenovo,13-inch,8GB
0,-2.140625,-0.1376953125,Dell,16-inch,8GB,Lenovo,13-inch,16GB
0,-1.8203125,-0.1923828125,Dell,16-inch,8GB,Lenovo,14-inch,4GB
0,-1.921875,-0.1748046875,Dell,16-inch,8GB,Lenovo,14-inch,8GB
0,-2.03125,-0.1552734375,Dell,16-inch,8GB,Lenovo,14-inch,16GB
0,-1.5234375,-0.26953125,Dell,16-inch,8GB,Lenovo,16-inch,4GB
0,-1.8203125,-0.193359375,Dell,16-inch,8GB,Lenovo,16-inch,8GB
0,-1.7109375,-0.21484375,Dell,16-inch,8GB,Lenovo,16-inch,16GB
0,-1.921875,-0.1708984375,Dell,16-inch,8GB,HP,13-inch,4GB
0,-1.921875,-0.171875,Dell,16-inch,8GB,HP,13-inch,8GB
0,-2.359375,-0.10986328125,Dell,16-inch,8GB,HP,13-inch,16GB
0,-1.7109375,-0.2119140625,Dell,16-inch,8GB,HP,14-inch,4GB
0,-2.25,-0.123046875,Dell,16-inch,8GB,HP,14-inch,8GB
0,-2.359375,-0.10986328125,Dell,16-inch,8GB,HP,14-inch,16GB
0,-1.8203125,-0.1953125,Dell,16-inch,8GB,HP,16-inch,4GB
0,-2.03125,-0.154296875,Dell,16-inch,8GB,HP,16-inch,8GB
0,-1.921875,-0.1708984375,Dell,16-inch,8GB,HP,16-inch,16GB
0,-1.71875,-0.216796875,Dell,16-inch,8GB,Dell,13-inch,4GB
0,-1.71875,-0.2177734375,Dell,16-inch,8GB,Dell,13-inch,8GB
0,-1.921875,-0.171875,Dell,16-inch,8GB,Dell,13-inch,16GB
0,-1.6171875,-0.2412109375,Dell,16-inch,8GB,Dell,14-inch,4GB
0,-1.71875,-0.2177734375,Dell,16-inch,8GB,Dell,14-inch,8GB
0,-1.921875,-0.171875,Dell,16-inch,8GB,Dell,14-inch,16GB
0,-1.921875,-0.171875,Dell,16-inch,8GB,Dell,16-inch,4GB
0,-1.515625,-0.263671875,Dell,16-inch,8GB,Dell,16-inch,16GB
0,-1.8203125,-0.1982421875,Dell,16-inch,8GB,Apple,13-inch,4GB
0,-1.71875,-0.21875,Dell,16-inch,8GB,Apple,13-inch,8GB
0,-2.03125,-0.1552734375,Dell,16-inch,8GB,Apple,13-inch,16GB
0,-1.8203125,-0.1953125,Dell,16-inch,8GB,Apple,14-inch,4GB
0,-1.8203125,-0.1962890625,Dell,16-inch,8GB,Apple,14-inch,8GB
0,-2.140625,-0.13671875,Dell,16-inch,8GB,Apple,14-inch,16GB
0,-2.03125,-0.1591796875,Dell,16-inch,8GB,Apple,16-inch,4GB
0,-1.9296875,-0.1767578125,Dell,16-inch,8GB,Apple,16-inch,8GB
0,-1.609375,-0.2353515625,Dell,16-inch,8GB,Apple,16-inch,16GB
0,-1.53125,-0.27734375,Dell,16-inch,16GB,ASUS,13-inch,4GB
0,-1.4375,-0.310546875,Dell,16-inch,16GB,ASUS,13-inch,8GB
0,-2.03125,-0.1591796875,Dell,16-inch,16GB,ASUS,13-inch,16GB
0,-1.625,-0.25,Dell,16-inch,16GB,ASUS,14-inch,4GB
0,-1.7265625,-0.228515625,Dell,16-inch,16GB,ASUS,14-inch,8GB
0,-2.140625,-0.142578125,Dell,16-inch,16GB,ASUS,14-inch,16GB
0,-1.25,-0.373046875,Dell,16-inch,16GB,ASUS,16-inch,4GB
0,-1.25,-0.376953125,Dell,16-inch,16GB,ASUS,16-inch,8GB
0,-1.71875,-0.2197265625,Dell,16-inch,16GB,ASUS,16-inch,16GB
0,-1.4296875,-0.30859375,Dell,16-inch,16GB,Lenovo,13-inch,4GB
0,-1.4453125,-0.31640625,Dell,16-inch,16GB,Lenovo,13-inch,8GB
0,-2.140625,-0.1455078125,Dell,16-inch,16GB,Lenovo,13-inch,16GB
0,-1.25,-0.375,Dell,16-inch,16GB,Lenovo,14-inch,4GB
0,-1.34375,-0.34375,Dell,16-inch,16GB,Lenovo,14-inch,8GB
0,-1.71875,-0.21875,Dell,16-inch,16GB,Lenovo,14-inch,16GB
0,-1.25,-0.375,Dell,16-inch,16GB,Lenovo,16-inch,4GB
0,-1.2578125,-0.380859375,Dell,16-inch,16GB,Lenovo,16-inch,8GB
0,-1.5234375,-0.275390625,Dell,16-inch,16GB,Lenovo,16-inch,16GB
0,-1.5234375,-0.2734375,Dell,16-inch,16GB,HP,13-inch,4GB
0,-1.6328125,-0.25390625,Dell,16-inch,16GB,HP,13-inch,8GB
0,-2.25,-0.1298828125,Dell,16-inch,16GB,HP,13-inch,16GB
0,-1.4296875,-0.3046875,Dell,16-inch,16GB,HP,14-inch,4GB
0,-1.53125,-0.283203125,Dell,16-inch,16GB,HP,14-inch,8GB
0,-2.140625,-0.14453125,Dell,16-inch,16GB,HP,14-inch,16GB
0,-1.6171875,-0.244140625,Dell,16-inch,16GB,HP,16-inch,4GB
0,-1.25,-0.375,Dell,16-inch,16GB,HP,16-inch,8GB
0,-1.625,-0.248046875,Dell,16-inch,16GB,HP,16-inch,16GB
0,-1.171875,-0.419921875,Dell,16-inch,16GB,Dell,13-inch,4GB
0,-1.2578125,-0.38671875,Dell,16-inch,16GB,Dell,13-inch,8GB
0,-1.9296875,-0.17578125,Dell,16-inch,16GB,Dell,13-inch,16GB
0,-1.0078125,-0.50390625,Dell,16-inch,16GB,Dell,14-inch,4GB
0,-1.265625,-0.388671875,Dell,16-inch,16GB,Dell,14-inch,8GB
0,-2.03125,-0.15625,Dell,16-inch,16GB,Dell,14-inch,16GB
0,-1.25,-0.373046875,Dell,16-inch,16GB,Dell,16-inch,4GB
0,-1.2578125,-0.380859375,Dell,16-inch,16GB,Dell,16-inch,8GB
0,-1.4375,-0.310546875,Dell,16-inch,16GB,Apple,13-inch,4GB
0,-1.5390625,-0.2890625,Dell,16-inch,16GB,Apple,13-inch,8GB
0,-1.828125,-0.203125,Dell,16-inch,16GB,Apple,13-inch,16GB
0,-1.25,-0.375,Dell,16-inch,16GB,Apple,14-inch,4GB
0,-1.34375,-0.345703125,Dell,16-inch,16GB,Apple,14-inch,8GB
0,-1.34375,-0.33984375,Dell,16-inch,16GB,Apple,14-inch,16GB
0,-1.171875,-0.41796875,Dell,16-inch,16GB,Apple,16-inch,4GB
0,-1.0859375,-0.462890625,Dell,16-inch,16GB,Apple,16-inch,8GB
0,-1.5234375,-0.2734375,Dell,16-inch,16GB,Apple,16-inch,16GB
0,-1.515625,-0.267578125,Apple,13-inch,4GB,ASUS,13-inch,4GB
0,-1.421875,-0.30078125,Apple,13-inch,4GB,ASUS,13-inch,8GB
0,-1.421875,-0.298828125,Apple,13-inch,4GB,ASUS,13-inch,16GB
0,-1.6171875,-0.2412109375,Apple,13-inch,4GB,ASUS,14-inch,4GB
0,-1.625,-0.2490234375,Apple,13-inch,4GB,ASUS,14-inch,8GB
0,-1.421875,-0.30078125,Apple,13-inch,4GB,ASUS,14-inch,16GB
0,-1.8203125,-0.1962890625,Apple,13-inch,4GB,ASUS,16-inch,4GB
0,-1.4296875,-0.3046875,Apple,13-inch,4GB,ASUS,16-inch,8GB
0,-1.4296875,-0.302734375,Apple,13-inch,4GB,ASUS,16-inch,16GB
0,-1.3359375,-0.3359375,Apple,13-inch,4GB,Lenovo,13-inch,4GB
0,-1.3359375,-0.337890625,Apple,13-inch,4GB,Lenovo,13-inch,8GB
0,-1.3359375,-0.3359375,Apple,13-inch,4GB,Lenovo,13-inch,16GB
0,-1.5234375,-0.2734375,Apple,13-inch,4GB,Lenovo,14-inch,4GB
0,-1.4375,-0.310546875,Apple,13-inch,4GB,Lenovo,14-inch,8GB
0,-1.25,-0.375,Apple,13-inch,4GB,Lenovo,14-inch,16GB
0,-1.6171875,-0.2421875,Apple,13-inch,4GB,Lenovo,16-inch,4GB
0,-1.4296875,-0.30859375,Apple,13-inch,4GB,Lenovo,16-inch,8GB
0,-1.4375,-0.30859375,Apple,13-inch,4GB,Lenovo,16-inch,16GB
0,-1.421875,-0.30078125,Apple,13-inch,4GB,HP,13-inch,4GB
0,-1.4296875,-0.3046875,Apple,13-inch,4GB,HP,13-inch,8GB
0,-1.25,-0.373046875,Apple,13-inch,4GB,HP,13-inch,16GB
0,-1.5234375,-0.271484375,Apple,13-inch,4GB,HP,14-inch,4GB
0,-1.4375,-0.310546875,Apple,13-inch,4GB,HP,14-inch,8GB
0,-1.25,-0.373046875,Apple,13-inch,4GB,HP,14-inch,16GB
0,-1.6171875,-0.2421875,Apple,13-inch,4GB,HP,16-inch,4GB
0,-1.4296875,-0.30859375,Apple,13-inch,4GB,HP,16-inch,8GB
0,-1.4296875,-0.306640625,Apple,13-inch,4GB,HP,16-inch,16GB
0,-1.328125,-0.33203125,Apple,13-inch,4GB,Dell,13-inch,4GB
0,-1.3359375,-0.3359375,Apple,13-inch,4GB,Dell,13-inch,8GB
0,-1.3359375,-0.3359375,Apple,13-inch,4GB,Dell,13-inch,16GB
0,-1.5234375,-0.271484375,Apple,13-inch,4GB,Dell,14-inch,4GB
0,-1.34375,-0.345703125,Apple,13-inch,4GB,Dell,14-inch,8GB
0,-1.25,-0.375,Apple,13-inch,4GB,Dell,14-inch,16GB
0,-1.6171875,-0.2421875,Apple,13-inch,4GB,Dell,16-inch,4GB
0,-1.4296875,-0.306640625,Apple,13-inch,4GB,Dell,16-inch,8GB
0,-1.4296875,-0.306640625,Apple,13-inch,4GB,Dell,16-inch,16GB
0,-1.171875,-0.41796875,Apple,13-inch,4GB,Apple,13-inch,8GB
0,-1.078125,-0.453125,Apple,13-inch,4GB,Apple,13-inch,16GB
0,-1.25,-0.373046875,Apple,13-inch,4GB,Apple,14-inch,4GB
0,-1.171875,-0.41796875,Apple,13-inch,4GB,Apple,14-inch,8GB
0,-1.1640625,-0.41796875,Apple,13-inch,4GB,Apple,14-inch,16GB
0,-1.4296875,-0.302734375,Apple,13-inch,4GB,Apple,16-inch,4GB
0,-1.34375,-0.34375,Apple,13-inch,4GB,Apple,16-inch,8GB
0,-1.25,-0.376953125,Apple,13-inch,4GB,Apple,16-inch,16GB
0,-2.140625,-0.1357421875,Apple,13-inch,8GB,ASUS,13-inch,4GB
0,-2.140625,-0.13671875,Apple,13-inch,8GB,ASUS,13-inch,8GB
0,-2.140625,-0.1357421875,Apple,13-inch,8GB,ASUS,13-inch,16GB
0,-2.140625,-0.13671875,Apple,13-inch,8GB,ASUS,14-inch,4GB
0,-2.140625,-0.13671875,Apple,13-inch,8GB,ASUS,14-inch,8GB
0,-2.25,-0.12353515625,Apple,13-inch,8GB,ASUS,14-inch,16GB
0,-2.359375,-0.1083984375,Apple,13-inch,8GB,ASUS,16-inch,4GB
0,-2.359375,-0.1083984375,Apple,13-inch,8GB,ASUS,16-inch,8GB
0,-2.46875,-0.09814453125,Apple,13-inch,8GB,ASUS,16-inch,16GB
0,-1.8203125,-0.1923828125,Apple,13-inch,8GB,Lenovo,13-inch,4GB
0,-1.8203125,-0.1943359375,Apple,13-inch,8GB,Lenovo,13-inch,8GB
0,-1.921875,-0.173828125,Apple,13-inch,8GB,Lenovo,13-inch,16GB
0,-2.03125,-0.154296875,Apple,13-inch,8GB,Lenovo,14-inch,4GB
0,-1.921875,-0.173828125,Apple,13-inch,8GB,Lenovo,14-inch,8GB
0,-2.03125,-0.154296875,Apple,13-inch,8GB,Lenovo,14-inch,16GB
0,-2.140625,-0.1376953125,Apple,13-inch,8GB,Lenovo,16-inch,4GB
0,-2.140625,-0.1376953125,Apple,13-inch,8GB,Lenovo,16-inch,8GB
0,-2.140625,-0.138671875,Apple,13-inch,8GB,Lenovo,16-inch,16GB
0,-1.921875,-0.1728515625,Apple,13-inch,8GB,HP,13-inch,4GB
0,-2.03125,-0.1552734375,Apple,13-inch,8GB,HP,13-inch,8GB
0,-1.921875,-0.1728515625,Apple,13-inch,8GB,HP,13-inch,16GB
0,-2.140625,-0.1376953125,Apple,13-inch,8GB,HP,14-inch,4GB
0,-2.03125,-0.15625,Apple,13-inch,8GB,HP,14-inch,8GB
0,-2.03125,-0.15625,Apple,13-inch,8GB,HP,14-inch,16GB
0,-2.140625,-0.1376953125,Apple,13-inch,8GB,HP,16-inch,4GB
0,-2.140625,-0.1376953125,Apple,13-inch,8GB,HP,16-inch,8GB
0,-2.359375,-0.1123046875,Apple,13-inch,8GB,HP,16-inch,16GB
0,-1.8125,-0.1904296875,Apple,13-inch,8GB,Dell,13-inch,4GB
0,-1.921875,-0.1728515625,Apple,13-inch,8GB,Dell,13-inch,8GB
0,-1.921875,-0.171875,Apple,13-inch,8GB,Dell,13-inch,16GB
0,-2.03125,-0.1533203125,Apple,13-inch,8GB,Dell,14-inch,4GB
0,-1.8203125,-0.1943359375,Apple,13-inch,8GB,Dell,14-inch,8GB
0,-2.03125,-0.1552734375,Apple,13-inch,8GB,Dell,14-inch,16GB
0,-2.03125,-0.15234375,Apple,13-inch,8GB,Dell,16-inch,4GB
0,-2.140625,-0.138671875,Apple,13-inch,8GB,Dell,16-inch,8GB
0,-2.25,-0.12451171875,Apple,13-inch,8GB,Dell,16-inch,16GB
0,-1.515625,-0.267578125,Apple,13-inch,8GB,Apple,13-inch,4GB
0,-1.7109375,-0.21484375,Apple,13-inch,8GB,Apple,13-inch,16GB
0,-1.6171875,-0.2451171875,Apple,13-inch,8GB,Apple,14-inch,4GB
0,-1.6171875,-0.2421875,Apple,13-inch,8GB,Apple,14-inch,8GB
0,-1.8203125,-0.1953125,Apple,13-inch,8GB,Apple,14-inch,16GB
0,-2.25,-0.12353515625,Apple,13-inch,8GB,Apple,16-inch,4GB
0,-1.921875,-0.1728515625,Apple,13-inch,8GB,Apple,16-inch,8GB
0,-2.03125,-0.1552734375,Apple,13-inch,8GB,Apple,16-inch,16GB
0,-1.6171875,-0.2392578125,Apple,13-inch,16GB,ASUS,13-inch,4GB
0,-1.328125,-0.328125,Apple,13-inch,16GB,ASUS,13-inch,8GB
0,-1.921875,-0.173828125,Apple,13-inch,16GB,ASUS,13-inch,16GB
0,-2.03125,-0.1552734375,Apple,13-inch,16GB,ASUS,14-inch,4GB
0,-1.6171875,-0.2392578125,Apple,13-inch,16GB,ASUS,14-inch,8GB
0,-2.140625,-0.1376953125,Apple,13-inch,16GB,ASUS,14-inch,16GB
0,-2.03125,-0.1552734375,Apple,13-inch,16GB,ASUS,16-inch,4GB
0,-1.421875,-0.30078125,Apple,13-inch,16GB,ASUS,16-inch,8GB
0,-1.921875,-0.1728515625,Apple,13-inch,16GB,ASUS,16-inch,16GB
0,-1.4296875,-0.302734375,Apple,13-inch,16GB,Lenovo,13-inch,4GB
0,-1.2421875,-0.369140625,Apple,13-inch,16GB,Lenovo,13-inch,8GB
0,-1.8203125,-0.1982421875,Apple,13-inch,16GB,Lenovo,13-inch,16GB
0,-1.5234375,-0.26953125,Apple,13-inch,16GB,Lenovo,14-inch,4GB
0,-1.421875,-0.296875,Apple,13-inch,16GB,Lenovo,14-inch,8GB
0,-1.8203125,-0.1943359375,Apple,13-inch,16GB,Lenovo,14-inch,16GB
0,-1.9296875,-0.1787109375,Apple,13-inch,16GB,Lenovo,16-inch,4GB
0,-1.3359375,-0.3359375,Apple,13-inch,16GB,Lenovo,16-inch,8GB
0,-1.71875,-0.2197265625,Apple,13-inch,16GB,Lenovo,16-inch,16GB
0,-1.5234375,-0.271484375,Apple,13-inch,16GB,HP,13-inch,4GB
0,-1.328125,-0.33203125,Apple,13-inch,16GB,HP,13-inch,8GB
0,-1.8203125,-0.1953125,Apple,13-inch,16GB,HP,13-inch,16GB
0,-1.5234375,-0.271484375,Apple,13-inch,16GB,HP,14-inch,4GB
0,-1.71875,-0.2158203125,Apple,13-inch,16GB,HP,14-inch,8GB
0,-1.71875,-0.21875,Apple,13-inch,16GB,HP,14-inch,16GB
0,-2.140625,-0.1416015625,Apple,13-inch,16GB,HP,16-inch,4GB
0,-1.4296875,-0.30078125,Apple,13-inch,16GB,HP,16-inch,8GB
0,-1.8203125,-0.1953125,Apple,13-inch,16GB,HP,16-inch,16GB
0,-1.5234375,-0.26953125,Apple,13-inch,16GB,Dell,13-inch,4GB
0,-1.421875,-0.296875,Apple,13-inch,16GB,Dell,13-inch,8GB
0,-1.8203125,-0.1982421875,Apple,13-inch,16GB,Dell,13-inch,16GB
0,-1.6171875,-0.2412109375,Apple,13-inch,16GB,Dell,14-inch,4GB
0,-1.71875,-0.21484375,Apple,13-inch,16GB,Dell,14-inch,8GB
0,-1.8203125,-0.1943359375,Apple,13-inch,16GB,Dell,14-inch,16GB
0,-2.25,-0.12890625,Apple,13-inch,16GB,Dell,16-inch,4GB
0,-1.5234375,-0.2734375,Apple,13-inch,16GB,Dell,16-inch,8GB
0,-1.8203125,-0.1982421875,Apple,13-inch,16GB,Dell,16-inch,16GB
0,-1.3359375,-0.333984375,Apple,13-inch,16GB,Apple,13-inch,4GB
0,-1.2421875,-0.369140625,Apple,13-inch,16GB,Apple,13-inch,8GB
0,-1.515625,-0.267578125,Apple,13-inch,16GB,Apple,14-inch,4GB
0,-1.421875,-0.296875,Apple,13-inch,16GB,Apple,14-inch,8GB
0,-1.921875,-0.1728515625,Apple,13-inch,16GB,Apple,14-inch,16GB
0,-1.8203125,-0.197265625,Apple,13-inch,16GB,Apple,16-inch,4GB
0,-1.6171875,-0.2431640625,Apple,13-inch,16GB,Apple,16-inch,8GB
0,-2.03125,-0.15625,Apple,13-inch,16GB,Apple,16-inch,16GB
0,-1.71875,-0.216796875,Apple,14-inch,4GB,ASUS,13-inch,4GB
0,-1.625,-0.2470703125,Apple,14-inch,4GB,ASUS,13-inch,8GB
0,-1.515625,-0.267578125,Apple,14-inch,4GB,ASUS,13-inch,16GB
0,-1.328125,-0.33203125,Apple,14-inch,4GB,ASUS,14-inch,4GB
0,-1.3359375,-0.3359375,Apple,14-inch,4GB,ASUS,14-inch,8GB
0,-1.0703125,-0.447265625,Apple,14-inch,4GB,ASUS,14-inch,16GB
0,-1.515625,-0.267578125,Apple,14-inch,4GB,ASUS,16-inch,4GB
0,-1.5234375,-0.275390625,Apple,14-inch,4GB,ASUS,16-inch,8GB
0,-1.421875,-0.298828125,Apple,14-inch,4GB,ASUS,16-inch,16GB
0,-1.4296875,-0.302734375,Apple,14-inch,4GB,Lenovo,13-inch,4GB
0,-1.53125,-0.279296875,Apple,14-inch,4GB,Lenovo,13-inch,8GB
0,-1.4296875,-0.30078125,Apple,14-inch,4GB,Lenovo,13-inch,16GB
0,-1.25,-0.375,Apple,14-inch,4GB,Lenovo,14-inch,4GB
0,-1.25,-0.376953125,Apple,14-inch,4GB,Lenovo,14-inch,8GB
0,-0.921875,-0.546875,Apple,14-inch,4GB,Lenovo,14-inch,16GB
0,-1.421875,-0.30078125,Apple,14-inch,4GB,Lenovo,16-inch,4GB
0,-1.34375,-0.341796875,Apple,14-inch,4GB,Lenovo,16-inch,8GB
0,-1.3359375,-0.3359375,Apple,14-inch,4GB,Lenovo,16-inch,16GB
0,-1.5234375,-0.271484375,Apple,14-inch,4GB,HP,13-inch,4GB
0,-1.53125,-0.279296875,Apple,14-inch,4GB,HP,13-inch,8GB
0,-1.2421875,-0.37109375,Apple,14-inch,4GB,HP,13-inch,16GB
0,-1.1640625,-0.41015625,Apple,14-inch,4GB,HP,14-inch,4GB
0,-1.25,-0.376953125,Apple,14-inch,4GB,HP,14-inch,8GB
0,-0.99609375,-0.49609375,Apple,14-inch,4GB,HP,14-inch,16GB
0,-1.421875,-0.298828125,Apple,14-inch,4GB,HP,16-inch,4GB
0,-1.34375,-0.34375,Apple,14-inch,4GB,HP,16-inch,8GB
0,-1.2421875,-0.37109375,Apple,14-inch,4GB,HP,16-inch,16GB
0,-1.421875,-0.298828125,Apple,14-inch,4GB,Dell,13-inch,4GB
0,-1.5234375,-0.275390625,Apple,14-inch,4GB,Dell,13-inch,8GB
0,-1.2421875,-0.369140625,Apple,14-inch,4GB,Dell,13-inch,16GB
0,-1.2421875,-0.369140625,Apple,14-inch,4GB,Dell,14-inch,4GB
0,-1.34375,-0.341796875,Apple,14-inch,4GB,Dell,14-inch,8GB
0,-0.99609375,-0.49609375,Apple,14-inch,4GB,Dell,14-inch,16GB
0,-1.5234375,-0.26953125,Apple,14-inch,4GB,Dell,16-inch,4GB
0,-1.3359375,-0.33984375,Apple,14-inch,4GB,Dell,16-inch,8GB
0,-1.1640625,-0.41015625,Apple,14-inch,4GB,Dell,16-inch,16GB
0,-1.2421875,-0.37109375,Apple,14-inch,4GB,Apple,13-inch,4GB
0,-1.4375,-0.30859375,Apple,14-inch,4GB,Apple,13-inch,8GB
0,-1.15625,-0.41015625,Apple,14-inch,4GB,Apple,13-inch,16GB
0,-1.0859375,-0.45703125,Apple,14-inch,4GB,Apple,14-inch,8GB
0,-0.78125,-0.65625,Apple,14-inch,4GB,Apple,14-inch,16GB
0,-1.2421875,-0.3671875,Apple,14-inch,4GB,Apple,16-inch,4GB
0,-1.1640625,-0.41796875,Apple,14-inch,4GB,Apple,16-inch,8GB
0,-1.0,-0.5,Apple,14-inch,4GB,Apple,16-inch,16GB
0,-2.140625,-0.138671875,Apple,14-inch,8GB,ASUS,13-inch,4GB
0,-1.71875,-0.216796875,Apple,14-inch,8GB,ASUS,13-inch,8GB
0,-2.140625,-0.13671875,Apple,14-inch,8GB,ASUS,13-inch,16GB
0,-1.921875,-0.1728515625,Apple,14-inch,8GB,ASUS,14-inch,4GB
0,-1.6171875,-0.2412109375,Apple,14-inch,8GB,ASUS,14-inch,8GB
0,-1.921875,-0.1708984375,Apple,14-inch,8GB,ASUS,14-inch,16GB
0,-2.25,-0.12255859375,Apple,14-inch,8GB,ASUS,16-inch,4GB
0,-1.921875,-0.1728515625,Apple,14-inch,8GB,ASUS,16-inch,8GB
0,-2.25,-0.12255859375,Apple,14-inch,8GB,ASUS,16-inch,16GB
0,-1.71875,-0.21875,Apple,14-inch,8GB,Lenovo,13-inch,4GB
0,-1.6171875,-0.2451171875,Apple,14-inch,8GB,Lenovo,13-inch,8GB
0,-2.03125,-0.154296875,Apple,14-inch,8GB,Lenovo,13-inch,16GB
0,-1.6171875,-0.2421875,Apple,14-inch,8GB,Lenovo,14-inch,4GB
0,-1.421875,-0.30078125,Apple,14-inch,8GB,Lenovo,14-inch,8GB
0,-1.7109375,-0.21484375,Apple,14-inch,8GB,Lenovo,14-inch,16GB
0,-2.03125,-0.1572265625,Apple,14-inch,8GB,Lenovo,16-inch,4GB
0,-1.8203125,-0.193359375,Apple,14-inch,8GB,Lenovo,16-inch,8GB
0,-2.03125,-0.154296875,Apple,14-inch,8GB,Lenovo,16-inch,16GB
0,-2.03125,-0.15625,Apple,14-inch,8GB,HP,13-inch,4GB
0,-1.71875,-0.2197265625,Apple,14-inch,8GB,HP,13-inch,8GB
0,-2.03125,-0.1552734375,Apple,14-inch,8GB,HP,13-inch,16GB
0,-1.71875,-0.2177734375,Apple,14-inch,8GB,HP,14-inch,4GB
0,-1.6171875,-0.2421875,Apple,14-inch,8GB,HP,14-inch,8GB
0,-1.7109375,-0.21484375,Apple,14-inch,8GB,HP,14-inch,16GB
0,-2.140625,-0.138671875,Apple,14-inch,8GB,HP,16-inch,4GB
0,-1.71875,-0.216796875,Apple,14-inch,8GB,HP,16-inch,8GB
0,-2.03125,-0.1552734375,Apple,14-inch,8GB,HP,16-inch,16GB
0,-1.71875,-0.2158203125,Apple,14-inch,8GB,Dell,13-inch,4GB
0,-1.6171875,-0.244140625,Apple,14-inch,8GB,Dell,13-inch,8GB
0,-1.921875,-0.173828125,Apple,14-inch,8GB,Dell,13-inch,16GB
0,-1.6171875,-0.2392578125,Apple,14-inch,8GB,Dell,14-inch,4GB
0,-1.421875,-0.298828125,Apple,14-inch,8GB,Dell,14-inch,8GB
0,-1.6171875,-0.2412109375,Apple,14-inch,8GB,Dell,14-inch,16GB
0,-1.921875,-0.1748046875,Apple,14-inch,8GB,Dell,16-inch,4GB
0,-1.71875,-0.2158203125,Apple,14-inch,8GB,Dell,16-inch,8GB
0,-2.140625,-0.1396484375,Apple,14-inch,8GB,Dell,16-inch,16GB
0,-1.6171875,-0.244140625,Apple,14-inch,8GB,Apple,13-inch,4GB
0,-1.421875,-0.298828125,Apple,14-inch,8GB,Apple,13-inch,8GB
0,-1.8203125,-0.193359375,Apple,14-inch,8GB,Apple,13-inch,16GB
0,-1.8203125,-0.1943359375,Apple,14-inch,8GB,Apple,14-inch,4GB
0,-1.71875,-0.2158203125,Apple,14-inch,8GB,Apple,14-inch,16GB
0,-1.8203125,-0.1953125,Apple,14-inch,8GB,Apple,16-inch,4GB
0,-1.5234375,-0.26953125,Apple,14-inch,8GB,Apple,16-inch,8GB
0,-1.921875,-0.1728515625,Apple,14-inch,8GB,Apple,16-inch,16GB
0,-1.5234375,-0.271484375,Apple,14-inch,16GB,ASUS,13-inch,4GB
0,-1.5234375,-0.2734375,Apple,14-inch,16GB,ASUS,13-inch,8GB
0,-1.921875,-0.1728515625,Apple,14-inch,16GB,ASUS,13-inch,16GB
0,-1.5234375,-0.271484375,Apple,14-inch,16GB,ASUS,14-inch,4GB
0,-1.4296875,-0.302734375,Apple,14-inch,16GB,ASUS,14-inch,8GB
0,-1.8203125,-0.1943359375,Apple,14-inch,16GB,ASUS,14-inch,16GB
0,-1.6171875,-0.24609375,Apple,14-inch,16GB,ASUS,16-inch,4GB
0,-1.5234375,-0.275390625,Apple,14-inch,16GB,ASUS,16-inch,8GB
0,-1.921875,-0.173828125,Apple,14-inch,16GB,ASUS,16-inch,16GB
0,-1.625,-0.248046875,Apple,14-inch,16GB,Lenovo,13-inch,4GB
0,-1.5234375,-0.27734375,Apple,14-inch,16GB,Lenovo,13-inch,8GB
0,-1.8203125,-0.1953125,Apple,14-inch,16GB,Lenovo,13-inch,16GB
0,-1.53125,-0.27734375,Apple,14-inch,16GB,Lenovo,14-inch,4GB
0,-1.2421875,-0.37109375,Apple,14-inch,16GB,Lenovo,14-inch,8GB
0,-1.71875,-0.22265625,Apple,14-inch,16GB,Lenovo,14-inch,16GB
0,-1.7265625,-0.224609375,Apple,14-inch,16GB,Lenovo,16-inch,4GB
0,-1.625,-0.251953125,Apple,14-inch,16GB,Lenovo,16-inch,8GB
0,-1.8203125,-0.197265625,Apple,14-inch,16GB,Lenovo,16-inch,16GB
0,-1.625,-0.2470703125,Apple,14-inch,16GB,HP,13-inch,4GB
0,-1.6171875,-0.24609375,Apple,14-inch,16GB,HP,13-inch,8GB
0,-2.03125,-0.1572265625,Apple,14-inch,16GB,HP,13-inch,16GB
0,-1.625,-0.2470703125,Apple,14-inch,16GB,HP,14-inch,4GB
0,-1.3359375,-0.333984375,Apple,14-inch,16GB,HP,14-inch,8GB
0,-1.6171875,-0.2431640625,Apple,14-inch,16GB,HP,14-inch,16GB
0,-1.625,-0.248046875,Apple,14-inch,16GB,HP,16-inch,4GB
0,-1.7265625,-0.2265625,Apple,14-inch,16GB,HP,16-inch,8GB
0,-1.8203125,-0.1962890625,Apple,14-inch,16GB,HP,16-inch,16GB
0,-1.4296875,-0.3046875,Apple,14-inch,16GB,Dell,13-inch,4GB
0,-1.6171875,-0.2451171875,Apple,14-inch,16GB,Dell,13-inch,8GB
0,-1.8203125,-0.193359375,Apple,14-inch,16GB,Dell,13-inch,16GB
0,-1.4296875,-0.306640625,Apple,14-inch,16GB,Dell,14-inch,4GB
0,-1.3359375,-0.333984375,Apple,14-inch,16GB,Dell,14-inch,8GB
0,-1.625,-0.24609375,Apple,14-inch,16GB,Dell,14-inch,16GB
0,-1.625,-0.25,Apple,14-inch,16GB,Dell,16-inch,4GB
0,-1.625,-0.251953125,Apple,14-inch,16GB,Dell,16-inch,8GB
0,-1.8203125,-0.1962890625,Apple,14-inch,16GB,Dell,16-inch,16GB
0,-1.3359375,-0.337890625,Apple,14-inch,16GB,Apple,13-inch,4GB
0,-1.5234375,-0.27734375,Apple,14-inch,16GB,Apple,13-inch,8GB
0,-1.71875,-0.2177734375,Apple,14-inch,16GB,Apple,13-inch,16GB
0,-1.3359375,-0.337890625,Apple,14-inch,16GB,Apple,14-inch,4GB
0,-1.25,-0.373046875,Apple,14-inch,16GB,Apple,14-inch,8GB
0,-1.5234375,-0.275390625,Apple,14-inch,16GB,Apple,16-inch,4GB
0,-1.4296875,-0.306640625,Apple,14-inch,16GB,Apple,16-inch,8GB
0,-1.71875,-0.2197265625,Apple,14-inch,16GB,Apple,16-inch,16GB
0,-2.03125,-0.158203125,Apple,16-inch,4GB,ASUS,13-inch,4GB
0,-2.140625,-0.14453125,Apple,16-inch,4GB,ASUS,13-inch,8GB
0,-2.140625,-0.1396484375,Apple,16-inch,4GB,ASUS,13-inch,16GB
0,-1.921875,-0.173828125,Apple,16-inch,4GB,ASUS,14-inch,4GB
0,-2.03125,-0.162109375,Apple,16-inch,4GB,ASUS,14-inch,8GB
0,-1.921875,-0.173828125,Apple,16-inch,4GB,ASUS,14-inch,16GB
0,-1.71875,-0.2158203125,Apple,16-inch,4GB,ASUS,16-inch,4GB
0,-1.71875,-0.220703125,Apple,16-inch,4GB,ASUS,16-inch,8GB
0,-1.71875,-0.2158203125,Apple,16-inch,4GB,ASUS,16-inch,16GB
0,-1.8203125,-0.1982421875,Apple,16-inch,4GB,Lenovo,13-inch,4GB
0,-1.9296875,-0.1826171875,Apple,16-inch,4GB,Lenovo,13-inch,8GB
0,-2.03125,-0.1572265625,Apple,16-inch,4GB,Lenovo,13-inch,16GB
0,-1.8203125,-0.1982421875,Apple,16-inch,4GB,Lenovo,14-inch,4GB
0,-1.9296875,-0.181640625,Apple,16-inch,4GB,Lenovo,14-inch,8GB
0,-1.9296875,-0.177734375,Apple,16-inch,4GB,Lenovo,14-inch,16GB
0,-1.5234375,-0.271484375,Apple,16-inch,4GB,Lenovo,16-inch,4GB
0,-1.5234375,-0.2734375,Apple,16-inch,4GB,Lenovo,16-inch,8GB
0,-1.421875,-0.30078125,Apple,16-inch,4GB,Lenovo,16-inch,16GB
0,-1.8203125,-0.197265625,Apple,16-inch,4GB,HP,13-inch,4GB
0,-2.03125,-0.1640625,Apple,16-inch,4GB,HP,13-inch,8GB
0,-1.9296875,-0.17578125,Apple,16-inch,4GB,HP,13-inch,16GB
0,-1.9296875,-0.1787109375,Apple,16-inch,4GB,HP,14-inch,4GB
0,-1.9296875,-0.1826171875,Apple,16-inch,4GB,HP,14-inch,8GB
0,-1.71875,-0.2197265625,Apple,16-inch,4GB,HP,14-inch,16GB
0,-1.6171875,-0.2421875,Apple,16-inch,4GB,HP,16-inch,4GB
0,-1.625,-0.248046875,Apple,16-inch,4GB,HP,16-inch,8GB
0,-1.5234375,-0.271484375,Apple,16-inch,4GB,HP,16-inch,16GB
0,-1.8203125,-0.197265625,Apple,16-inch,4GB,Dell,13-inch,4GB
0,-1.9296875,-0.1796875,Apple,16-inch,4GB,Dell,13-inch,8GB
0,-1.9296875,-0.1767578125,Apple,16-inch,4GB,Dell,13-inch,16GB
0,-1.71875,-0.2197265625,Apple,16-inch,4GB,Dell,14-inch,4GB
0,-1.9296875,-0.1796875,Apple,16-inch,4GB,Dell,14-inch,8GB
0,-1.8203125,-0.1962890625,Apple,16-inch,4GB,Dell,14-inch,16GB
0,-1.421875,-0.298828125,Apple,16-inch,4GB,Dell,16-inch,4GB
0,-1.5234375,-0.27734375,Apple,16-inch,4GB,Dell,16-inch,8GB
0,-1.4296875,-0.30078125,Apple,16-inch,4GB,Dell,16-inch,16GB
0,-1.6171875,-0.2451171875,Apple,16-inch,4GB,Apple,13-inch,4GB
0,-1.9375,-0.1865234375,Apple,16-inch,4GB,Apple,13-inch,8GB
0,-1.71875,-0.2216796875,Apple,16-inch,4GB,Apple,13-inch,16GB
0,-1.6171875,-0.244140625,Apple,16-inch,4GB,Apple,14-inch,4GB
0,-1.7265625,-0.2255859375,Apple,16-inch,4GB,Apple,14-inch,8GB
0,-1.5234375,-0.2734375,Apple,16-inch,4GB,Apple,14-inch,16GB
0,-1.25,-0.375,Apple,16-inch,4GB,Apple,16-inch,8GB
0,-1.15625,-0.408203125,Apple,16-inch,4GB,Apple,16-inch,16GB
0,-2.46875,-0.09716796875,Apple,16-inch,8GB,ASUS,13-inch,4GB
0,-2.25,-0.1240234375,Apple,16-inch,8GB,ASUS,13-inch,8GB
0,-2.9375,-0.06103515625,Apple,16-inch,8GB,ASUS,13-inch,16GB
0,-2.359375,-0.10791015625,Apple,16-inch,8GB,ASUS,14-inch,4GB
0,-2.359375,-0.1103515625,Apple,16-inch,8GB,ASUS,14-inch,8GB
0,-2.8125,-0.06884765625,Apple,16-inch,8GB,ASUS,14-inch,16GB
0,-2.25,-0.12060546875,Apple,16-inch,8GB,ASUS,16-inch,4GB
0,-2.359375,-0.107421875,Apple,16-inch,8GB,ASUS,16-inch,8GB
0,-2.359375,-0.10791015625,Apple,16-inch,8GB,ASUS,16-inch,16GB
0,-2.359375,-0.10986328125,Apple,16-inch,8GB,Lenovo,13-inch,4GB
0,-2.03125,-0.1552734375,Apple,16-inch,8GB,Lenovo,13-inch,8GB
0,-2.59375,-0.0869140625,Apple,16-inch,8GB,Lenovo,13-inch,16GB
0,-2.359375,-0.10986328125,Apple,16-inch,8GB,Lenovo,14-inch,4GB
0,-2.03125,-0.15625,Apple,16-inch,8GB,Lenovo,14-inch,8GB
0,-2.59375,-0.08740234375,Apple,16-inch,8GB,Lenovo,14-inch,16GB
0,-2.140625,-0.1376953125,Apple,16-inch,8GB,Lenovo,16-inch,4GB
0,-1.921875,-0.1728515625,Apple,16-inch,8GB,Lenovo,16-inch,8GB
0,-2.25,-0.12158203125,Apple,16-inch,8GB,Lenovo,16-inch,16GB
0,-2.46875,-0.09765625,Apple,16-inch,8GB,HP,13-inch,4GB
0,-2.140625,-0.138671875,Apple,16-inch,8GB,HP,13-inch,8GB
0,-2.59375,-0.087890625,Apple,16-inch,8GB,HP,13-inch,16GB
0,-2.359375,-0.1083984375,Apple,16-inch,8GB,HP,14-inch,4GB
0,-2.25,-0.125,Apple,16-inch,8GB,HP,14-inch,8GB
0,-2.59375,-0.08740234375,Apple,16-inch,8GB,HP,14-inch,16GB
0,-2.25,-0.1220703125,Apple,16-inch,8GB,HP,16-inch,4GB
0,-2.359375,-0.10791015625,Apple,16-inch,8GB,HP,16-inch,8GB
0,-2.359375,-0.109375,Apple,16-inch,8GB,HP,16-inch,16GB
0,-2.25,-0.1220703125,Apple,16-inch,8GB,Dell,13-inch,4GB
0,-2.03125,-0.15625,Apple,16-inch,8GB,Dell,13-inch,8GB
0,-2.46875,-0.09716796875,Apple,16-inch,8GB,Dell,13-inch,16GB
0,-2.25,-0.1220703125,Apple,16-inch,8GB,Dell,14-inch,4GB
0,-2.03125,-0.1552734375,Apple,16-inch,8GB,Dell,14-inch,8GB
0,-2.46875,-0.09814453125,Apple,16-inch,8GB,Dell,14-inch,16GB
0,-2.25,-0.12109375,Apple,16-inch,8GB,Dell,16-inch,4GB
0,-2.140625,-0.13671875,Apple,16-inch,8GB,Dell,16-inch,8GB
0,-2.359375,-0.10791015625,Apple,16-inch,8GB,Dell,16-inch,16GB
0,-2.25,-0.1259765625,Apple,16-inch,8GB,Apple,13-inch,4GB
0,-1.921875,-0.1748046875,Apple,16-inch,8GB,Apple,13-inch,8GB
0,-2.359375,-0.10888671875,Apple,16-inch,8GB,Apple,13-inch,16GB
0,-2.25,-0.126953125,Apple,16-inch,8GB,Apple,14-inch,4GB
0,-2.03125,-0.15625,Apple,16-inch,8GB,Apple,14-inch,8GB
0,-2.25,-0.1220703125,Apple,16-inch,8GB,Apple,14-inch,16GB
0,-1.8203125,-0.19140625,Apple,16-inch,8GB,Apple,16-inch,4GB
0,-1.8125,-0.189453125,Apple,16-inch,8GB,Apple,16-inch,16GB
0,-1.8203125,-0.1962890625,Apple,16-inch,16GB,ASUS,13-inch,4GB
0,-1.8203125,-0.197265625,Apple,16-inch,16GB,ASUS,13-inch,8GB
0,-2.140625,-0.1376953125,Apple,16-inch,16GB,ASUS,13-inch,16GB
0,-1.921875,-0.1728515625,Apple,16-inch,16GB,ASUS,14-inch,4GB
0,-1.8203125,-0.1923828125,Apple,16-inch,16GB,ASUS,14-inch,8GB
0,-2.140625,-0.138671875,Apple,16-inch,16GB,ASUS,14-inch,16GB
0,-1.6171875,-0.240234375,Apple,16-inch,16GB,ASUS,16-inch,4GB
0,-1.515625,-0.267578125,Apple,16-inch,16GB,ASUS,16-inch,8GB
0,-1.921875,-0.173828125,Apple,16-inch,16GB,ASUS,16-inch,16GB
0,-1.6171875,-0.2451171875,Apple,16-inch,16GB,Lenovo,13-inch,4GB
0,-1.6171875,-0.2431640625,Apple,16-inch,16GB,Lenovo,13-inch,8GB
0,-2.03125,-0.158203125,Apple,16-inch,16GB,Lenovo,13-inch,16GB
0,-1.8203125,-0.1953125,Apple,16-inch,16GB,Lenovo,14-inch,4GB
0,-1.71875,-0.21875,Apple,16-inch,16GB,Lenovo,14-inch,8GB
0,-1.921875,-0.17578125,Apple,16-inch,16GB,Lenovo,14-inch,16GB
0,-1.5234375,-0.2734375,Apple,16-inch,16GB,Lenovo,16-inch,4GB
0,-1.515625,-0.26953125,Apple,16-inch,16GB,Lenovo,16-inch,8GB
0,-1.8203125,-0.1982421875,Apple,16-inch,16GB,Lenovo,16-inch,16GB
0,-1.8203125,-0.1962890625,Apple,16-inch,16GB,HP,13-inch,4GB
0,-1.8203125,-0.1943359375,Apple,16-inch,16GB,HP,13-inch,8GB
0,-2.03125,-0.1572265625,Apple,16-inch,16GB,HP,13-inch,16GB
0,-1.9296875,-0.17578125,Apple,16-inch,16GB,HP,14-inch,4GB
0,-1.8203125,-0.1953125,Apple,16-inch,16GB,HP,14-inch,8GB
0,-2.03125,-0.158203125,Apple,16-inch,16GB,HP,14-inch,16GB
0,-1.6171875,-0.244140625,Apple,16-inch,16GB,HP,16-inch,4GB
0,-1.6171875,-0.2421875,Apple,16-inch,16GB,HP,16-inch,8GB
0,-1.9296875,-0.1767578125,Apple,16-inch,16GB,HP,16-inch,16GB
0,-1.71875,-0.2158203125,Apple,16-inch,16GB,Dell,13-inch,4GB
0,-1.71875,-0.216796875,Apple,16-inch,16GB,Dell,13-inch,8GB
0,-1.921875,-0.1748046875,Apple,16-inch,16GB,Dell,13-inch,16GB
0,-1.921875,-0.1748046875,Apple,16-inch,16GB,Dell,14-inch,4GB
0,-1.71875,-0.216796875,Apple,16-inch,16GB,Dell,14-inch,8GB
0,-1.921875,-0.1748046875,Apple,16-inch,16GB,Dell,14-inch,16GB
0,-1.6171875,-0.2421875,Apple,16-inch,16GB,Dell,16-inch,4GB
0,-1.515625,-0.26953125,Apple,16-inch,16GB,Dell,16-inch,8GB
0,-1.8203125,-0.197265625,Apple,16-inch,16GB,Dell,16-inch,16GB
0,-1.6171875,-0.244140625,Apple,16-inch,16GB,Apple,13-inch,4GB
0,-1.71875,-0.2177734375,Apple,16-inch,16GB,Apple,13-inch,8GB
0,-1.921875,-0.1748046875,Apple,16-inch,16GB,Apple,13-inch,16GB
0,-1.515625,-0.26953125,Apple,16-inch,16GB,Apple,14-inch,4GB
0,-1.71875,-0.216796875,Apple,16-inch,16GB,Apple,14-inch,8GB
0,-1.921875,-0.173828125,Apple,16-inch,16GB,Apple,14-inch,16GB
0,-1.5234375,-0.26953125,Apple,16-inch,16GB,Apple,16-inch,4GB
0,-1.2421875,-0.3671875,Apple,16-inch,16GB,Apple,16-inch,8GB
1,-2.25,-0.11962890625,ASUS,13-inch,4GB,ASUS,13-inch,8GB
1,-1.921875,-0.16796875,ASUS,13-inch,4GB,ASUS,13-inch,16GB
1,-2.578125,-0.0849609375,ASUS,13-inch,4GB,ASUS,14-inch,4GB
1,-2.25,-0.11962890625,ASUS,13-inch,4GB,ASUS,14-inch,8GB
1,-1.8125,-0.1904296875,ASUS,13-inch,4GB,ASUS,14-inch,16GB
1,-2.46875,-0.095703125,ASUS,13-inch,4GB,ASUS,16-inch,4GB
1,-2.140625,-0.1337890625,ASUS,13-inch,4GB,ASUS,16-inch,8GB
1,-2.25,-0.12109375,ASUS,13-inch,4GB,ASUS,16-inch,16GB
1,-2.578125,-0.08447265625,ASUS,13-inch,4GB,Lenovo,13-inch,4GB
1,-2.140625,-0.1328125,ASUS,13-inch,4GB,Lenovo,13-inch,8GB
1,-2.03125,-0.1494140625,ASUS,13-inch,4GB,Lenovo,13-inch,16GB
1,-2.359375,-0.1064453125,ASUS,13-inch,4GB,Lenovo,14-inch,4GB
1,-2.140625,-0.134765625,ASUS,13-inch,4GB,Lenovo,14-inch,8GB
1,-1.921875,-0.16796875,ASUS,13-inch,4GB,Lenovo,14-inch,16GB
1,-2.359375,-0.10595703125,ASUS,13-inch,4GB,Lenovo,16-inch,4GB
1,-2.03125,-0.1513671875,ASUS,13-inch,4GB,Lenovo,16-inch,8GB
1,-2.03125,-0.1513671875,ASUS,13-inch,4GB,Lenovo,16-inch,16GB
1,-2.578125,-0.08447265625,ASUS,13-inch,4GB,HP,13-inch,4GB
1,-2.25,-0.119140625,ASUS,13-inch,4GB,HP,13-inch,8GB
1,-2.03125,-0.150390625,ASUS,13-inch,4GB,HP,13-inch,16GB
1,-2.46875,-0.0947265625,ASUS,13-inch,4GB,HP,14-inch,4GB
1,-2.25,-0.1201171875,ASUS,13-inch,4GB,HP,14-inch,8GB
1,-1.921875,-0.169921875,ASUS,13-inch,4GB,HP,14-inch,16GB
1,-2.359375,-0.1064453125,ASUS,13-inch,4GB,HP,16-inch,4GB
1,-1.921875,-0.1689453125,ASUS,13-inch,4GB,HP,16-inch,8GB
1,-2.03125,-0.1513671875,ASUS,13-inch,4GB,HP,16-inch,16GB
1,-2.703125,-0.07470703125,ASUS,13-inch,4GB,Dell,13-inch,4GB
1,-2.46875,-0.09423828125,ASUS,13-inch,4GB,Dell,13-inch,8GB
1,-2.140625,-0.1337890625,ASUS,13-inch,4GB,Dell,13-inch,16GB
1,-2.46875,-0.0947265625,ASUS,13-inch,4GB,Dell,14-inch,4GB
1,-2.25,-0.11962890625,ASUS,13-inch,4GB,Dell,14-inch,8GB
1,-2.03125,-0.150390625,ASUS,13-inch,4GB,Dell,14-inch,16GB
1,-2.578125,-0.08447265625,ASUS,13-inch,4GB,Dell,16-inch,4GB
1,-2.140625,-0.134765625,ASUS,13-inch,4GB,Dell,16-inch,8GB
1,-2.140625,-0.134765625,ASUS,13-inch,4GB,Dell,16-inch,16GB
1,-2.359375,-0.10546875,ASUS,13-inch,4GB,Apple,13-inch,4GB
1,-2.140625,-0.1337890625,ASUS,13-inch,4GB,Apple,13-inch,8GB
1,-2.03125,-0.150390625,ASUS,13-inch,4GB,Apple,13-inch,16GB
1,-2.359375,-0.1064453125,ASUS,13-inch,4GB,Apple,14-inch,4GB
1,-2.25,-0.11962890625,ASUS,13-inch,4GB,Apple,14-inch,8GB
1,-1.921875,-0.169921875,ASUS,13-inch,4GB,Apple,14-inch,16GB
1,-2.46875,-0.095703125,ASUS,13-inch,4GB,Apple,16-inch,4GB
1,-2.25,-0.11962890625,ASUS,13-inch,4GB,Apple,16-inch,8GB
1,-2.140625,-0.13671875,ASUS,13-inch,4GB,Apple,16-inch,16GB
1,-1.9140625,-0.166015625,ASUS,13-inch,8GB,ASUS,13-inch,4GB
1,-1.9140625,-0.166015625,ASUS,13-inch,8GB,ASUS,13-inch,16GB
1,-2.03125,-0.150390625,ASUS,13-inch,8GB,ASUS,14-inch,4GB
1,-2.140625,-0.1337890625,ASUS,13-inch,8GB,ASUS,14-inch,8GB
1,-2.03125,-0.1494140625,ASUS,13-inch,8GB,ASUS,14-inch,16GB
1,-2.140625,-0.1337890625,ASUS,13-inch,8GB,ASUS,16-inch,4GB
1,-2.140625,-0.1337890625,ASUS,13-inch,8GB,ASUS,16-inch,8GB
1,-2.03125,-0.150390625,ASUS,13-inch,8GB,ASUS,16-inch,16GB
1,-2.359375,-0.1044921875,ASUS,13-inch,8GB,Lenovo,13-inch,4GB
1,-2.359375,-0.10498046875,ASUS,13-inch,8GB,Lenovo,13-inch,8GB
1,-2.25,-0.11767578125,ASUS,13-inch,8GB,Lenovo,13-inch,16GB
1,-2.140625,-0.1328125,ASUS,13-inch,8GB,Lenovo,14-inch,4GB
1,-2.125,-0.1328125,ASUS,13-inch,8GB,Lenovo,14-inch,8GB
1,-2.125,-0.1328125,ASUS,13-inch,8GB,Lenovo,14-inch,16GB
1,-2.25,-0.1181640625,ASUS,13-inch,8GB,Lenovo,16-inch,4GB
1,-2.125,-0.1328125,ASUS,13-inch,8GB,Lenovo,16-inch,8GB
1,-2.140625,-0.1337890625,ASUS,13-inch,8GB,Lenovo,16-inch,16GB
1,-2.359375,-0.1044921875,ASUS,13-inch,8GB,HP,13-inch,4GB
1,-2.46875,-0.09375,ASUS,13-inch,8GB,HP,13-inch,8GB
1,-2.25,-0.11767578125,ASUS,13-inch,8GB,HP,13-inch,16GB
1,-2.25,-0.1181640625,ASUS,13-inch,8GB,HP,14-inch,4GB
1,-2.359375,-0.10546875,ASUS,13-inch,8GB,HP,14-inch,8GB
1,-2.140625,-0.1328125,ASUS,13-inch,8GB,HP,14-inch,16GB
1,-2.140625,-0.1328125,ASUS,13-inch,8GB,HP,16-inch,4GB
1,-2.25,-0.1181640625,ASUS,13-inch,8GB,HP,16-inch,8GB
1,-1.921875,-0.16796875,ASUS,13-inch,8GB,HP,16-inch,16GB
1,-2.359375,-0.1044921875,ASUS,13-inch,8GB,Dell,13-inch,4GB
1,-2.46875,-0.09326171875,ASUS,13-inch,8GB,Dell,13-inch,8GB
1,-2.25,-0.11865234375,ASUS,13-inch,8GB,Dell,13-inch,16GB
1,-2.359375,-0.10498046875,ASUS,13-inch,8GB,Dell,14-inch,4GB
1,-2.359375,-0.10595703125,ASUS,13-inch,8GB,Dell,14-inch,8GB
1,-2.140625,-0.1337890625,ASUS,13-inch,8GB,Dell,14-inch,16GB
1,-2.359375,-0.10546875,ASUS,13-inch,8GB,Dell,16-inch,4GB
1,-2.25,-0.11865234375,ASUS,13-inch,8GB,Dell,16-inch,8GB
1,-2.140625,-0.1337890625,ASUS,13-inch,8GB,Dell,16-inch,16GB
1,-2.25,-0.11767578125,ASUS,13-inch,8GB,Apple,13-inch,4GB
1,-2.359375,-0.10498046875,ASUS,13-inch,8GB,Apple,13-inch,8GB
1,-2.125,-0.1328125,ASUS,13-inch,8GB,Apple,13-inch,16GB
1,-2.25,-0.11962890625,ASUS,13-inch,8GB,Apple,14-inch,4GB
1,-2.25,-0.11865234375,ASUS,13-inch,8GB,Apple,14-inch,8GB
1,-2.140625,-0.1337890625,ASUS,13-inch,8GB,Apple,14-inch,16GB
1,-2.359375,-0.10693359375,ASUS,13-inch,8GB,Apple,16-inch,4GB
1,-2.25,-0.119140625,ASUS,13-inch,8GB,Apple,16-inch,8GB
1,-2.03125,-0.150390625,ASUS,13-inch,8GB,Apple,16-inch,16GB
1,-2.140625,-0.1328125,ASUS,13-inch,16GB,ASUS,13-inch,4GB
1,-1.9140625,-0.1650390625,ASUS,13-inch,16GB,ASUS,13-inch,8GB
1,-2.25,-0.1181640625,ASUS,13-inch,16GB,ASUS,14-inch,4GB
1,-2.234375,-0.1171875,ASUS,13-inch,16GB,ASUS,14-inch,8GB
1,-2.46875,-0.09375,ASUS,13-inch,16GB,ASUS,14-inch,16GB
1,-2.359375,-0.10546875,ASUS,13-inch,16GB,ASUS,16-inch,4GB
1,-2.359375,-0.1044921875,ASUS,13-inch,16GB,ASUS,16-inch,8GB
1,-2.25,-0.1171875,ASUS,13-inch,16GB,ASUS,16-inch,16GB
1,-2.359375,-0.1064453125,ASUS,13-inch,16GB,Lenovo,13-inch,4GB
1,-2.25,-0.1181640625,ASUS,13-inch,16GB,Lenovo,13-inch,8GB
1,-2.140625,-0.1337890625,ASUS,13-inch,16GB,Lenovo,13-inch,16GB
1,-2.46875,-0.09423828125,ASUS,13-inch,16GB,Lenovo,14-inch,4GB
1,-2.234375,-0.1171875,ASUS,13-inch,16GB,Lenovo,14-inch,8GB
1,-2.46875,-0.09423828125,ASUS,13-inch,16GB,Lenovo,14-inch,16GB
1,-2.578125,-0.08349609375,ASUS,13-inch,16GB,Lenovo,16-inch,4GB
1,-2.46875,-0.09326171875,ASUS,13-inch,16GB,Lenovo,16-inch,8GB
1,-2.359375,-0.10498046875,ASUS,13-inch,16GB,Lenovo,16-inch,16GB
1,-2.25,-0.119140625,ASUS,13-inch,16GB,HP,13-inch,4GB
1,-2.015625,-0.1474609375,ASUS,13-inch,16GB,HP,13-inch,8GB
1,-2.03125,-0.1494140625,ASUS,13-inch,16GB,HP,13-inch,16GB
1,-2.46875,-0.09423828125,ASUS,13-inch,16GB,HP,14-inch,4GB
1,-2.125,-0.1318359375,ASUS,13-inch,16GB,HP,14-inch,8GB
1,-2.46875,-0.09375,ASUS,13-inch,16GB,HP,14-inch,16GB
1,-2.46875,-0.09423828125,ASUS,13-inch,16GB,HP,16-inch,4GB
1,-2.578125,-0.08251953125,ASUS,13-inch,16GB,HP,16-inch,8GB
1,-2.25,-0.11767578125,ASUS,13-inch,16GB,HP,16-inch,16GB
1,-2.25,-0.11962890625,ASUS,13-inch,16GB,Dell,13-inch,4GB
1,-2.125,-0.1318359375,ASUS,13-inch,16GB,Dell,13-inch,8GB
1,-2.140625,-0.1337890625,ASUS,13-inch,16GB,Dell,13-inch,16GB
1,-2.46875,-0.09423828125,ASUS,13-inch,16GB,Dell,14-inch,4GB
1,-2.125,-0.1318359375,ASUS,13-inch,16GB,Dell,14-inch,8GB
1,-2.46875,-0.0947265625,ASUS,13-inch,16GB,Dell,14-inch,16GB
1,-2.703125,-0.07470703125,ASUS,13-inch,16GB,Dell,16-inch,4GB
1,-2.578125,-0.0830078125,ASUS,13-inch,16GB,Dell,16-inch,8GB
1,-2.25,-0.1181640625,ASUS,13-inch,16GB,Dell,16-inch,16GB
1,-2.140625,-0.1337890625,ASUS,13-inch,16GB,Apple,13-inch,4GB
1,-2.125,-0.1318359375,ASUS,13-inch,16GB,Apple,13-inch,8GB
1,-2.03125,-0.1494140625,ASUS,13-inch,16GB,Apple,13-inch,16GB
1,-2.46875,-0.09521484375,ASUS,13-inch,16GB,Apple,14-inch,4GB
1,-2.25,-0.11767578125,ASUS,13-inch,16GB,Apple,14-inch,8GB
1,-2.46875,-0.09521484375,ASUS,13-inch,16GB,Apple,14-inch,16GB
1,-2.46875,-0.09423828125,ASUS,13-inch,16GB,Apple,16-inch,4GB
1,-2.46875,-0.09326171875,ASUS,13-inch,16GB,Apple,16-inch,8GB
1,-2.25,-0.1181640625,ASUS,13-inch,16GB,Apple,16-inch,16GB
1,-2.46875,-0.09375,ASUS,14-inch,4GB,ASUS,13-inch,4GB
1,-2.25,-0.1171875,ASUS,14-inch,4GB,ASUS,13-inch,8GB
1,-2.125,-0.1318359375,ASUS,14-inch,4GB,ASUS,13-inch,16GB
1,-2.359375,-0.1044921875,ASUS,14-inch,4GB,ASUS,14-inch,8GB
1,-1.9140625,-0.1650390625,ASUS,14-inch,4GB,ASUS,14-inch,16GB
1,-2.578125,-0.08349609375,ASUS,14-inch,4GB,ASUS,16-inch,4GB
1,-2.25,-0.11767578125,ASUS,14-inch,4GB,ASUS,16-inch,8GB
1,-2.125,-0.1328125,ASUS,14-inch,4GB,ASUS,16-inch,16GB
1,-2.25,-0.11767578125,ASUS,14-inch,4GB,Lenovo,13-inch,4GB
1,-2.015625,-0.1484375,ASUS,14-inch,4GB,Lenovo,13-inch,8GB
1,-2.03125,-0.1484375,ASUS,14-inch,4GB,Lenovo,13-inch,16GB
1,-2.359375,-0.1044921875,ASUS,14-inch,4GB,Lenovo,14-inch,4GB
1,-2.234375,-0.1171875,ASUS,14-inch,4GB,Lenovo,14-inch,8GB
1,-2.015625,-0.1474609375,ASUS,14-inch,4GB,Lenovo,14-inch,16GB
1,-2.359375,-0.1044921875,ASUS,14-inch,4GB,Lenovo,16-inch,4GB
1,-2.125,-0.1318359375,ASUS,14-inch,4GB,Lenovo,16-inch,8GB
1,-2.015625,-0.1484375,ASUS,14-inch,4GB,Lenovo,16-inch,16GB
1,-2.359375,-0.10546875,ASUS,14-inch,4GB,HP,13-inch,4GB
1,-2.03125,-0.1494140625,ASUS,14-inch,4GB,HP,13-inch,8GB
1,-2.03125,-0.1494140625,ASUS,14-inch,4GB,HP,13-inch,16GB
1,-2.46875,-0.09326171875,ASUS,14-inch,4GB,HP,14-inch,4GB
1,-2.125,-0.1318359375,ASUS,14-inch,4GB,HP,14-inch,8GB
1,-2.015625,-0.1484375,ASUS,14-inch,4GB,HP,14-inch,16GB
1,-2.46875,-0.09375,ASUS,14-inch,4GB,HP,16-inch,4GB
1,-2.125,-0.1328125,ASUS,14-inch,4GB,HP,16-inch,8GB
1,-2.25,-0.1181640625,ASUS,14-inch,4GB,HP,16-inch,16GB
1,-2.46875,-0.09326171875,ASUS,14-inch,4GB,Dell,13-inch,4GB
1,-2.125,-0.1328125,ASUS,14-inch,4GB,Dell,13-inch,8GB
1,-2.125,-0.1318359375,ASUS,14-inch,4GB,Dell,13-inch,16GB
1,-2.578125,-0.08251953125,ASUS,14-inch,4GB,Dell,14-inch,4GB
1,-2.359375,-0.10400390625,ASUS,14-inch,4GB,Dell,14-inch,8GB
1,-2.25,-0.1171875,ASUS,14-inch,4GB,Dell,14-inch,16GB
1,-2.578125,-0.0830078125,ASUS,14-inch,4GB,Dell,16-inch,4GB
1,-2.25,-0.1181640625,ASUS,14-inch,4GB,Dell,16-inch,8GB
1,-2.25,-0.1181640625,ASUS,14-inch,4GB,Dell,16-inch,16GB
1,-2.46875,-0.09375,ASUS,14-inch,4GB,Apple,13-inch,4GB
1,-2.25,-0.1181640625,ASUS,14-inch,4GB,Apple,13-inch,8GB
1,-2.140625,-0.1328125,ASUS,14-inch,4GB,Apple,13-inch,16GB
1,-2.46875,-0.0927734375,ASUS,14-inch,4GB,Apple,14-inch,4GB
1,-2.234375,-0.1171875,ASUS,14-inch,4GB,Apple,14-inch,8GB
1,-2.25,-0.1171875,ASUS,14-inch,4GB,Apple,14-inch,16GB
1,-2.46875,-0.09375,ASUS,14-inch,4GB,Apple,16-inch,4GB
1,-2.359375,-0.10546875,ASUS,14-inch,4GB,Apple,16-inch,8GB
1,-2.25,-0.11865234375,ASUS,14-inch,4GB,Apple,16-inch,16GB
1,-2.25,-0.11865234375,ASUS,14-inch,8GB,ASUS,13-inch,4GB
1,-2.25,-0.11865234375,ASUS,14-inch,8GB,ASUS,13-inch,8GB
1,-2.25,-0.1181640625,ASUS,14-inch,8GB,ASUS,13-inch,16GB
1,-2.125,-0.1328125,ASUS,14-inch,8GB,ASUS,14-inch,4GB
1,-2.015625,-0.1474609375,ASUS,14-inch,8GB,ASUS,14-inch,16GB
1,-2.359375,-0.10546875,ASUS,14-inch,8GB,ASUS,16-inch,4GB
1,-2.359375,-0.10546875,ASUS,14-inch,8GB,ASUS,16-inch,8GB
1,-2.25,-0.1181640625,ASUS,14-inch,8GB,ASUS,16-inch,16GB
1,-2.25,-0.1181640625,ASUS,14-inch,8GB,Lenovo,13-inch,4GB
1,-2.25,-0.11767578125,ASUS,14-inch,8GB,Lenovo,13-inch,8GB
1,-2.125,-0.1318359375,ASUS,14-inch,8GB,Lenovo,13-inch,16GB
1,-2.359375,-0.1044921875,ASUS,14-inch,8GB,Lenovo,14-inch,4GB
1,-2.46875,-0.09326171875,ASUS,14-inch,8GB,Lenovo,14-inch,8GB
1,-2.125,-0.130859375,ASUS,14-inch,8GB,Lenovo,14-inch,16GB
1,-2.359375,-0.10498046875,ASUS,14-inch,8GB,Lenovo,16-inch,4GB
1,-2.25,-0.11767578125,ASUS,14-inch,8GB,Lenovo,16-inch,8GB
1,-2.359375,-0.10498046875,ASUS,14-inch,8GB,Lenovo,16-inch,16GB
1,-2.25,-0.1181640625,ASUS,14-inch,8GB,HP,13-inch,4GB
1,-2.46875,-0.09375,ASUS,14-inch,8GB,HP,13-inch,8GB
1,-2.03125,-0.1494140625,ASUS,14-inch,8GB,HP,13-inch,16GB
1,-2.359375,-0.10498046875,ASUS,14-inch,8GB,HP,14-inch,4GB
1,-2.359375,-0.1044921875,ASUS,14-inch,8GB,HP,14-inch,8GB
1,-2.25,-0.1171875,ASUS,14-inch,8GB,HP,14-inch,16GB
1,-2.359375,-0.10546875,ASUS,14-inch,8GB,HP,16-inch,4GB
1,-2.359375,-0.10498046875,ASUS,14-inch,8GB,HP,16-inch,8GB
1,-2.359375,-0.10546875,ASUS,14-inch,8GB,HP,16-inch,16GB
1,-2.359375,-0.10546875,ASUS,14-inch,8GB,Dell,13-inch,4GB
1,-2.359375,-0.10546875,ASUS,14-inch,8GB,Dell,13-inch,8GB
1,-2.140625,-0.1328125,ASUS,14-inch,8GB,Dell,13-inch,16GB
1,-2.46875,-0.09375,ASUS,14-inch,8GB,Dell,14-inch,4GB
1,-2.46875,-0.09326171875,ASUS,14-inch,8GB,Dell,14-inch,8GB
1,-2.125,-0.1318359375,ASUS,14-inch,8GB,Dell,14-inch,16GB
1,-2.46875,-0.09326171875,ASUS,14-inch,8GB,Dell,16-inch,4GB
1,-2.359375,-0.10546875,ASUS,14-inch,8GB,Dell,16-inch,8GB
1,-2.46875,-0.09375,ASUS,14-inch,8GB,Dell,16-inch,16GB
1,-2.25,-0.119140625,ASUS,14-inch,8GB,Apple,13-inch,4GB
1,-2.359375,-0.10546875,ASUS,14-inch,8GB,Apple,13-inch,8GB
1,-2.140625,-0.1337890625,ASUS,14-inch,8GB,Apple,13-inch,16GB
1,-2.46875,-0.09375,ASUS,14-inch,8GB,Apple,14-inch,4GB
1,-2.46875,-0.09326171875,ASUS,14-inch,8GB,Apple,14-inch,8GB
1,-2.25,-0.11767578125,ASUS,14-inch,8GB,Apple,14-inch,16GB
1,-2.46875,-0.0947265625,ASUS,14-inch,8GB,Apple,16-inch,4GB
1,-2.46875,-0.0947265625,ASUS,14-inch,8GB,Apple,16-inch,8GB
1,-2.46875,-0.09423828125,ASUS,14-inch,8GB,Apple,16-inch,16GB
1,-1.9140625,-0.166015625,ASUS,14-inch,16GB,ASUS,13-inch,4GB
1,-2.015625,-0.1474609375,ASUS,14-inch,16GB,ASUS,13-inch,8GB
1,-1.7109375,-0.20703125,ASUS,14-inch,16GB,ASUS,13-inch,16GB
1,-1.9140625,-0.1650390625,ASUS,14-inch,16GB,ASUS,14-inch,4GB
1,-1.8125,-0.18359375,ASUS,14-inch,16GB,ASUS,14-inch,8GB
1,-2.125,-0.1318359375,ASUS,14-inch,16GB,ASUS,16-inch,4GB
1,-2.125,-0.130859375,ASUS,14-inch,16GB,ASUS,16-inch,8GB
1,-1.9140625,-0.1640625,ASUS,14-inch,16GB,ASUS,16-inch,16GB
1,-2.125,-0.1318359375,ASUS,14-inch,16GB,Lenovo,13-inch,4GB
1,-2.125,-0.1318359375,ASUS,14-inch,16GB,Lenovo,13-inch,8GB
1,-1.8125,-0.1865234375,ASUS,14-inch,16GB,Lenovo,13-inch,16GB
1,-2.125,-0.1318359375,ASUS,14-inch,16GB,Lenovo,14-inch,4GB
1,-2.125,-0.130859375,ASUS,14-inch,16GB,Lenovo,14-inch,8GB
1,-1.703125,-0.2060546875,ASUS,14-inch,16GB,Lenovo,14-inch,16GB
1,-2.359375,-0.1044921875,ASUS,14-inch,16GB,Lenovo,16-inch,4GB
1,-2.234375,-0.11669921875,ASUS,14-inch,16GB,Lenovo,16-inch,8GB
1,-1.8125,-0.1845703125,ASUS,14-inch,16GB,Lenovo,16-inch,16GB
1,-2.015625,-0.1484375,ASUS,14-inch,16GB,HP,13-inch,4GB
1,-2.25,-0.11767578125,ASUS,14-inch,16GB,HP,13-inch,8GB
1,-1.9140625,-0.166015625,ASUS,14-inch,16GB,HP,13-inch,16GB
1,-2.125,-0.1318359375,ASUS,14-inch,16GB,HP,14-inch,4GB
1,-2.125,-0.130859375,ASUS,14-inch,16GB,HP,14-inch,8GB
1,-1.703125,-0.20703125,ASUS,14-inch,16GB,HP,14-inch,16GB
1,-2.359375,-0.1044921875,ASUS,14-inch,16GB,HP,16-inch,4GB
1,-2.234375,-0.1171875,ASUS,14-inch,16GB,HP,16-inch,8GB
1,-1.8125,-0.1845703125,ASUS,14-inch,16GB,HP,16-inch,16GB
1,-2.125,-0.1318359375,ASUS,14-inch,16GB,Dell,13-inch,4GB
1,-2.125,-0.1318359375,ASUS,14-inch,16GB,Dell,13-inch,8GB
1,-1.8125,-0.185546875,ASUS,14-inch,16GB,Dell,13-inch,16GB
1,-2.015625,-0.1474609375,ASUS,14-inch,16GB,Dell,14-inch,4GB
1,-2.125,-0.130859375,ASUS,14-inch,16GB,Dell,14-inch,8GB
1,-1.703125,-0.20703125,ASUS,14-inch,16GB,Dell,14-inch,16GB
1,-2.359375,-0.1044921875,ASUS,14-inch,16GB,Dell,16-inch,4GB
1,-2.359375,-0.1044921875,ASUS,14-inch,16GB,Dell,16-inch,8GB
1,-1.9140625,-0.1650390625,ASUS,14-inch,16GB,Dell,16-inch,16GB
1,-2.125,-0.1318359375,ASUS,14-inch,16GB,Apple,13-inch,4GB
1,-2.125,-0.1318359375,ASUS,14-inch,16GB,Apple,13-inch,8GB
1,-1.8125,-0.185546875,ASUS,14-inch,16GB,Apple,13-inch,16GB
1,-2.015625,-0.1474609375,ASUS,14-inch,16GB,Apple,14-inch,4GB
1,-2.015625,-0.1474609375,ASUS,14-inch,16GB,Apple,14-inch,8GB
1,-1.703125,-0.20703125,ASUS,14-inch,16GB,Apple,14-inch,16GB
1,-2.359375,-0.10498046875,ASUS,14-inch,16GB,Apple,16-inch,4GB
1,-2.359375,-0.1044921875,ASUS,14-inch,16GB,Apple,16-inch,8GB
1,-1.9140625,-0.1650390625,ASUS,14-inch,16GB,Apple,16-inch,16GB
1,-2.703125,-0.07470703125,ASUS,16-inch,4GB,ASUS,13-inch,4GB
1,-2.578125,-0.08349609375,ASUS,16-inch,4GB,ASUS,13-inch,8GB
1,-2.578125,-0.08349609375,ASUS,16-inch,4GB,ASUS,13-inch,16GB
1,-2.578125,-0.08349609375,ASUS,16-inch,4GB,ASUS,14-inch,4GB
1,-2.578125,-0.08349609375,ASUS,16-inch,4GB,ASUS,14-inch,8GB
1,-2.359375,-0.10546875,ASUS,16-inch,4GB,ASUS,14-inch,16GB
1,-2.25,-0.1181640625,ASUS,16-inch,4GB,ASUS,16-inch,8GB
1,-2.25,-0.1181640625,ASUS,16-inch,4GB,ASUS,16-inch,16GB
1,-2.703125,-0.07421875,ASUS,16-inch,4GB,Lenovo,13-inch,4GB
1,-2.46875,-0.09375,ASUS,16-inch,4GB,Lenovo,13-inch,8GB
1,-2.46875,-0.09375,ASUS,16-inch,4GB,Lenovo,13-inch,16GB
1,-2.703125,-0.07373046875,ASUS,16-inch,4GB,Lenovo,14-inch,4GB
1,-2.46875,-0.09326171875,ASUS,16-inch,4GB,Lenovo,14-inch,8GB
1,-2.359375,-0.10498046875,ASUS,16-inch,4GB,Lenovo,14-inch,16GB
1,-2.578125,-0.0830078125,ASUS,16-inch,4GB,Lenovo,16-inch,4GB
1,-2.46875,-0.09375,ASUS,16-inch,4GB,Lenovo,16-inch,8GB
1,-2.359375,-0.10498046875,ASUS,16-inch,4GB,Lenovo,16-inch,16GB
1,-2.8125,-0.06591796875,ASUS,16-inch,4GB,HP,13-inch,4GB
1,-2.46875,-0.09423828125,ASUS,16-inch,4GB,HP,13-inch,8GB
1,-2.46875,-0.09423828125,ASUS,16-inch,4GB,HP,13-inch,16GB
1,-2.8125,-0.06591796875,ASUS,16-inch,4GB,HP,14-inch,4GB
1,-2.578125,-0.08349609375,ASUS,16-inch,4GB,HP,14-inch,8GB
1,-2.46875,-0.09423828125,ASUS,16-inch,4GB,HP,14-inch,16GB
1,-2.8125,-0.06591796875,ASUS,16-inch,4GB,HP,16-inch,4GB
1,-2.46875,-0.09423828125,ASUS,16-inch,4GB,HP,16-inch,8GB
1,-2.359375,-0.10546875,ASUS,16-inch,4GB,HP,16-inch,16GB
1,-2.8125,-0.06591796875,ASUS,16-inch,4GB,Dell,13-inch,4GB
1,-2.578125,-0.08349609375,ASUS,16-inch,4GB,Dell,13-inch,8GB
1,-2.578125,-0.08349609375,ASUS,16-inch,4GB,Dell,13-inch,16GB
1,-2.8125,-0.06591796875,ASUS,16-inch,4GB,Dell,14-inch,4GB
1,-2.578125,-0.08349609375,ASUS,16-inch,4GB,Dell,14-inch,8GB
1,-2.46875,-0.09375,ASUS,16-inch,4GB,Dell,14-inch,16GB
1,-2.8125,-0.06591796875,ASUS,16-inch,4GB,Dell,16-inch,4GB
1,-2.578125,-0.0830078125,ASUS,16-inch,4GB,Dell,16-inch,8GB
1,-2.46875,-0.09375,ASUS,16-inch,4GB,Dell,16-inch,16GB
1,-2.703125,-0.07421875,ASUS,16-inch,4GB,Apple,13-inch,4GB
1,-2.578125,-0.083984375,ASUS,16-inch,4GB,Apple,13-inch,8GB
1,-2.46875,-0.09423828125,ASUS,16-inch,4GB,Apple,13-inch,16GB
1,-2.703125,-0.07373046875,ASUS,16-inch,4GB,Apple,14-inch,4GB
1,-2.578125,-0.083984375,ASUS,16-inch,4GB,Apple,14-inch,8GB
1,-2.46875,-0.09375,ASUS,16-inch,4GB,Apple,14-inch,16GB
1,-2.703125,-0.07373046875,ASUS,16-inch,4GB,Apple,16-inch,4GB
1,-2.46875,-0.09375,ASUS,16-inch,4GB,Apple,16-inch,8GB
1,-2.46875,-0.09375,ASUS,16-inch,4GB,Apple,16-inch,16GB
1,-2.59375,-0.08642578125,ASUS,16-inch,8GB,ASUS,13-inch,4GB
1,-2.703125,-0.0771484375,ASUS,16-inch,8GB,ASUS,13-inch,8GB
1,-2.46875,-0.09716796875,ASUS,16-inch,8GB,ASUS,13-inch,16GB
1,-2.578125,-0.08349609375,ASUS,16-inch,8GB,ASUS,14-inch,4GB
1,-2.703125,-0.07421875,ASUS,16-inch,8GB,ASUS,14-inch,8GB
1,-2.578125,-0.08349609375,ASUS,16-inch,8GB,ASUS,14-inch,16GB
1,-2.703125,-0.07373046875,ASUS,16-inch,8GB,ASUS,16-inch,4GB
1,-2.359375,-0.10400390625,ASUS,16-inch,8GB,ASUS,16-inch,16GB
1,-2.703125,-0.07373046875,ASUS,16-inch,8GB,Lenovo,13-inch,4GB
1,-2.8125,-0.06591796875,ASUS,16-inch,8GB,Lenovo,13-inch,8GB
1,-2.8125,-0.06640625,ASUS,16-inch,8GB,Lenovo,13-inch,16GB
1,-2.59375,-0.08740234375,ASUS,16-inch,8GB,Lenovo,14-inch,4GB
1,-2.9375,-0.06201171875,ASUS,16-inch,8GB,Lenovo,14-inch,8GB
1,-2.703125,-0.0771484375,ASUS,16-inch,8GB,Lenovo,14-inch,16GB
1,-2.703125,-0.0732421875,ASUS,16-inch,8GB,Lenovo,16-inch,4GB
1,-2.9375,-0.057861328125,ASUS,16-inch,8GB,Lenovo,16-inch,8GB
1,-2.703125,-0.0732421875,ASUS,16-inch,8GB,Lenovo,16-inch,16GB
1,-2.578125,-0.0830078125,ASUS,16-inch,8GB,HP,13-inch,4GB
1,-2.8125,-0.06591796875,ASUS,16-inch,8GB,HP,13-inch,8GB
1,-2.578125,-0.0830078125,ASUS,16-inch,8GB,HP,13-inch,16GB
1,-2.703125,-0.07373046875,ASUS,16-inch,8GB,HP,14-inch,4GB
1,-2.8125,-0.06591796875,ASUS,16-inch,8GB,HP,14-inch,8GB
1,-2.703125,-0.07373046875,ASUS,16-inch,8GB,HP,14-inch,16GB
1,-2.703125,-0.07373046875,ASUS,16-inch,8GB,HP,16-inch,4GB
1,-2.9375,-0.05810546875,ASUS,16-inch,8GB,HP,16-inch,8GB
1,-2.703125,-0.07373046875,ASUS,16-inch,8GB,HP,16-inch,16GB
1,-2.703125,-0.07373046875,ASUS,16-inch,8GB,Dell,13-inch,4GB
1,-2.8125,-0.06591796875,ASUS,16-inch,8GB,Dell,13-inch,8GB
1,-2.703125,-0.07470703125,ASUS,16-inch,8GB,Dell,13-inch,16GB
1,-2.703125,-0.07373046875,ASUS,16-inch,8GB,Dell,14-inch,4GB
1,-2.8125,-0.06591796875,ASUS,16-inch,8GB,Dell,14-inch,8GB
1,-2.703125,-0.07421875,ASUS,16-inch,8GB,Dell,14-inch,16GB
1,-2.703125,-0.07373046875,ASUS,16-inch,8GB,Dell,16-inch,4GB
1,-2.9375,-0.058349609375,ASUS,16-inch,8GB,Dell,16-inch,8GB
1,-2.703125,-0.07373046875,ASUS,16-inch,8GB,Dell,16-inch,16GB
1,-2.8125,-0.06591796875,ASUS,16-inch,8GB,Apple,13-inch,4GB
1,-2.8125,-0.06591796875,ASUS,16-inch,8GB,Apple,13-inch,8GB
1,-2.46875,-0.09423828125,ASUS,16-inch,8GB,Apple,13-inch,16GB
1,-2.59375,-0.08740234375,ASUS,16-inch,8GB,Apple,14-inch,4GB
1,-2.9375,-0.062255859375,ASUS,16-inch,8GB,Apple,14-inch,8GB
1,-2.59375,-0.08740234375,ASUS,16-inch,8GB,Apple,14-inch,16GB
1,-2.8125,-0.0654296875,ASUS,16-inch,8GB,Apple,16-inch,4GB
1,-2.9375,-0.057861328125,ASUS,16-inch,8GB,Apple,16-inch,8GB
1,-2.578125,-0.0830078125,ASUS,16-inch,8GB,Apple,16-inch,16GB
1,-2.46875,-0.09521484375,ASUS,16-inch,16GB,ASUS,13-inch,4GB
1,-2.25,-0.1181640625,ASUS,16-inch,16GB,ASUS,13-inch,8GB
1,-2.25,-0.11865234375,ASUS,16-inch,16GB,ASUS,13-inch,16GB
1,-2.46875,-0.09423828125,ASUS,16-inch,16GB,ASUS,14-inch,4GB
1,-2.46875,-0.09326171875,ASUS,16-inch,16GB,ASUS,14-inch,8GB
1,-2.359375,-0.10595703125,ASUS,16-inch,16GB,ASUS,14-inch,16GB
1,-2.578125,-0.083984375,ASUS,16-inch,16GB,ASUS,16-inch,4GB
1,-2.359375,-0.10400390625,ASUS,16-inch,16GB,ASUS,16-inch,8GB
1,-2.46875,-0.09521484375,ASUS,16-inch,16GB,Lenovo,13-inch,4GB
1,-2.25,-0.11865234375,ASUS,16-inch,16GB,Lenovo,13-inch,8GB
1,-2.25,-0.1201171875,ASUS,16-inch,16GB,Lenovo,13-inch,16GB
1,-2.578125,-0.083984375,ASUS,16-inch,16GB,Lenovo,14-inch,4GB
1,-2.46875,-0.09375,ASUS,16-inch,16GB,Lenovo,14-inch,8GB
1,-2.359375,-0.10595703125,ASUS,16-inch,16GB,Lenovo,14-inch,16GB
1,-2.578125,-0.08447265625,ASUS,16-inch,16GB,Lenovo,16-inch,4GB
1,-2.46875,-0.09326171875,ASUS,16-inch,16GB,Lenovo,16-inch,8GB
1,-2.359375,-0.10546875,ASUS,16-inch,16GB,Lenovo,16-inch,16GB
1,-2.46875,-0.09521484375,ASUS,16-inch,16GB,HP,13-inch,4GB
1,-2.25,-0.119140625,ASUS,16-inch,16GB,HP,13-inch,8GB
1,-2.25,-0.11962890625,ASUS,16-inch,16GB,HP,13-inch,16GB
1,-2.46875,-0.09375,ASUS,16-inch,16GB,HP,14-inch,4GB
1,-2.46875,-0.09375,ASUS,16-inch,16GB,HP,14-inch,8GB
1,-2.359375,-0.1064453125,ASUS,16-inch,16GB,HP,14-inch,16GB
1,-2.578125,-0.08447265625,ASUS,16-inch,16GB,HP,16-inch,4GB
1,-2.359375,-0.10498046875,ASUS,16-inch,16GB,HP,16-inch,8GB
1,-2.140625,-0.1328125,ASUS,16-inch,16GB,HP,16-inch,16GB
1,-2.46875,-0.09521484375,ASUS,16-inch,16GB,Dell,13-inch,4GB
1,-2.25,-0.11865234375,ASUS,16-inch,16GB,Dell,13-inch,8GB
1,-2.25,-0.11962890625,ASUS,16-inch,16GB,Dell,13-inch,16GB
1,-2.46875,-0.09423828125,ASUS,16-inch,16GB,Dell,14-inch,4GB
1,-2.359375,-0.10546875,ASUS,16-inch,16GB,Dell,14-inch,8GB
1,-2.25,-0.119140625,ASUS,16-inch,16GB,Dell,14-inch,16GB
1,-2.578125,-0.083984375,ASUS,16-inch,16GB,Dell,16-inch,4GB
1,-2.46875,-0.09326171875,ASUS,16-inch,16GB,Dell,16-inch,8GB
1,-2.25,-0.119140625,ASUS,16-inch,16GB,Dell,16-inch,16GB
1,-2.359375,-0.1064453125,ASUS,16-inch,16GB,Apple,13-inch,4GB
1,-2.359375,-0.10595703125,ASUS,16-inch,16GB,Apple,13-inch,8GB
1,-2.25,-0.11962890625,ASUS,16-inch,16GB,Apple,13-inch,16GB
1,-2.46875,-0.0947265625,ASUS,16-inch,16GB,Apple,14-inch,4GB
1,-2.46875,-0.09375,ASUS,16-inch,16GB,Apple,14-inch,8GB
1,-2.25,-0.119140625,ASUS,16-inch,16GB,Apple,14-inch,16GB
1,-2.578125,-0.083984375,ASUS,16-inch,16GB,Apple,16-inch,4GB
1,-2.46875,-0.09375,ASUS,16-inch,16GB,Apple,16-inch,8GB
1,-2.25,-0.11865234375,ASUS,16-inch,16GB,Apple,16-inch,16GB
1,-2.8125,-0.06640625,Lenovo,13-inch,4GB,ASUS,13-inch,4GB
1,-2.359375,-0.10546875,Lenovo,13-inch,4GB,ASUS,13-inch,8GB
1,-2.03125,-0.1494140625,Lenovo,13-inch,4GB,ASUS,13-inch,16GB
1,-2.8125,-0.0673828125,Lenovo,13-inch,4GB,ASUS,14-inch,4GB
1,-2.46875,-0.095703125,Lenovo,13-inch,4GB,ASUS,14-inch,8GB
1,-2.140625,-0.134765625,Lenovo,13-inch,4GB,ASUS,14-inch,16GB
1,-2.8125,-0.06689453125,Lenovo,13-inch,4GB,ASUS,16-inch,4GB
1,-2.46875,-0.095703125,Lenovo,13-inch,4GB,ASUS,16-inch,8GB
1,-2.25,-0.11962890625,Lenovo,13-inch,4GB,ASUS,16-inch,16GB
1,-1.9140625,-0.1669921875,Lenovo,13-inch,4GB,Lenovo,13-inch,8GB
1,-1.8125,-0.1865234375,Lenovo,13-inch,4GB,Lenovo,13-inch,16GB
1,-2.578125,-0.08447265625,Lenovo,13-inch,4GB,Lenovo,14-inch,4GB
1,-2.140625,-0.1337890625,Lenovo,13-inch,4GB,Lenovo,14-inch,8GB
1,-1.609375,-0.2353515625,Lenovo,13-inch,4GB,Lenovo,14-inch,16GB
1,-2.703125,-0.0751953125,Lenovo,13-inch,4GB,Lenovo,16-inch,4GB
1,-2.359375,-0.107421875,Lenovo,13-inch,4GB,Lenovo,16-inch,8GB
1,-1.921875,-0.1689453125,Lenovo,13-inch,4GB,Lenovo,16-inch,16GB
1,-2.578125,-0.0849609375,Lenovo,13-inch,4GB,HP,13-inch,4GB
1,-2.46875,-0.0947265625,Lenovo,13-inch,4GB,HP,13-inch,8GB
1,-2.03125,-0.150390625,Lenovo,13-inch,4GB,HP,13-inch,16GB
1,-2.703125,-0.07568359375,Lenovo,13-inch,4GB,HP,14-inch,4GB
1,-2.25,-0.12060546875,Lenovo,13-inch,4GB,HP,14-inch,8GB
1,-2.03125,-0.1513671875,Lenovo,13-inch,4GB,HP,14-inch,16GB
1,-2.703125,-0.07568359375,Lenovo,13-inch,4GB,HP,16-inch,4GB
1,-2.359375,-0.107421875,Lenovo,13-inch,4GB,HP,16-inch,8GB
1,-2.140625,-0.134765625,Lenovo,13-inch,4GB,HP,16-inch,16GB
1,-2.703125,-0.07470703125,Lenovo,13-inch,4GB,Dell,13-inch,4GB
1,-2.578125,-0.08349609375,Lenovo,13-inch,4GB,Dell,13-inch,8GB
1,-2.03125,-0.1494140625,Lenovo,13-inch,4GB,Dell,13-inch,16GB
1,-2.8125,-0.06689453125,Lenovo,13-inch,4GB,Dell,14-inch,4GB
1,-2.359375,-0.10693359375,Lenovo,13-inch,4GB,Dell,14-inch,8GB
1,-2.03125,-0.150390625,Lenovo,13-inch,4GB,Dell,14-inch,16GB
1,-2.703125,-0.07470703125,Lenovo,13-inch,4GB,Dell,16-inch,4GB
1,-2.359375,-0.1064453125,Lenovo,13-inch,4GB,Dell,16-inch,8GB
1,-2.25,-0.119140625,Lenovo,13-inch,4GB,Dell,16-inch,16GB
1,-2.46875,-0.09375,Lenovo,13-inch,4GB,Apple,13-inch,4GB
1,-2.140625,-0.1328125,Lenovo,13-inch,4GB,Apple,13-inch,8GB
1,-1.9140625,-0.1669921875,Lenovo,13-inch,4GB,Apple,13-inch,16GB
1,-2.46875,-0.09521484375,Lenovo,13-inch,4GB,Apple,14-inch,4GB
1,-2.25,-0.12109375,Lenovo,13-inch,4GB,Apple,14-inch,8GB
1,-1.921875,-0.16796875,Lenovo,13-inch,4GB,Apple,14-inch,16GB
1,-2.25,-0.11962890625,Lenovo,13-inch,4GB,Apple,16-inch,4GB
1,-2.25,-0.12060546875,Lenovo,13-inch,4GB,Apple,16-inch,8GB
1,-2.140625,-0.1357421875,Lenovo,13-inch,4GB,Apple,16-inch,16GB
1,-2.125,-0.130859375,Lenovo,13-inch,8GB,ASUS,13-inch,4GB
1,-2.578125,-0.08251953125,Lenovo,13-inch,8GB,ASUS,13-inch,8GB
1,-2.359375,-0.1044921875,Lenovo,13-inch,8GB,ASUS,13-inch,16GB
1,-2.03125,-0.1494140625,Lenovo,13-inch,8GB,ASUS,14-inch,4GB
1,-2.359375,-0.10546875,Lenovo,13-inch,8GB,ASUS,14-inch,8GB
1,-2.359375,-0.10546875,Lenovo,13-inch,8GB,ASUS,14-inch,16GB
1,-2.25,-0.1181640625,Lenovo,13-inch,8GB,ASUS,16-inch,4GB
1,-2.46875,-0.09375,Lenovo,13-inch,8GB,ASUS,16-inch,8GB
1,-2.359375,-0.10546875,Lenovo,13-inch,8GB,ASUS,16-inch,16GB
1,-1.8125,-0.185546875,Lenovo,13-inch,8GB,Lenovo,13-inch,4GB
1,-1.9140625,-0.166015625,Lenovo,13-inch,8GB,Lenovo,13-inch,16GB
1,-1.7109375,-0.2080078125,Lenovo,13-inch,8GB,Lenovo,14-inch,4GB
1,-1.9140625,-0.1669921875,Lenovo,13-inch,8GB,Lenovo,14-inch,8GB
1,-1.9140625,-0.1669921875,Lenovo,13-inch,8GB,Lenovo,14-inch,16GB
1,-1.9140625,-0.166015625,Lenovo,13-inch,8GB,Lenovo,16-inch,4GB
1,-2.03125,-0.1494140625,Lenovo,13-inch,8GB,Lenovo,16-inch,8GB
1,-1.9140625,-0.1669921875,Lenovo,13-inch,8GB,Lenovo,16-inch,16GB
1,-2.234375,-0.1171875,Lenovo,13-inch,8GB,HP,13-inch,4GB
1,-2.359375,-0.10498046875,Lenovo,13-inch,8GB,HP,13-inch,8GB
1,-2.25,-0.1181640625,Lenovo,13-inch,8GB,HP,13-inch,16GB
1,-2.125,-0.1328125,Lenovo,13-inch,8GB,HP,14-inch,4GB
1,-2.25,-0.11865234375,Lenovo,13-inch,8GB,HP,14-inch,8GB
1,-2.125,-0.1328125,Lenovo,13-inch,8GB,HP,14-inch,16GB
1,-2.25,-0.1181640625,Lenovo,13-inch,8GB,HP,16-inch,4GB
1,-2.25,-0.1181640625,Lenovo,13-inch,8GB,HP,16-inch,8GB
1,-2.03125,-0.1494140625,Lenovo,13-inch,8GB,HP,16-inch,16GB
1,-2.125,-0.1318359375,Lenovo,13-inch,8GB,Dell,13-inch,4GB
1,-2.25,-0.1181640625,Lenovo,13-inch,8GB,Dell,13-inch,8GB
1,-2.359375,-0.10546875,Lenovo,13-inch,8GB,Dell,13-inch,16GB
1,-2.03125,-0.1484375,Lenovo,13-inch,8GB,Dell,14-inch,4GB
1,-2.25,-0.11865234375,Lenovo,13-inch,8GB,Dell,14-inch,8GB
1,-2.140625,-0.1328125,Lenovo,13-inch,8GB,Dell,14-inch,16GB
1,-2.140625,-0.1328125,Lenovo,13-inch,8GB,Dell,16-inch,4GB
1,-2.25,-0.1181640625,Lenovo,13-inch,8GB,Dell,16-inch,8GB
1,-2.03125,-0.1494140625,Lenovo,13-inch,8GB,Dell,16-inch,16GB
1,-1.8125,-0.185546875,Lenovo,13-inch,8GB,Apple,13-inch,4GB
1,-2.25,-0.11767578125,Lenovo,13-inch,8GB,Apple,13-inch,8GB
1,-1.9140625,-0.166015625,Lenovo,13-inch,8GB,Apple,13-inch,16GB
1,-1.9140625,-0.1669921875,Lenovo,13-inch,8GB,Apple,14-inch,4GB
1,-1.9140625,-0.166015625,Lenovo,13-inch,8GB,Apple,14-inch,8GB
1,-1.9140625,-0.166015625,Lenovo,13-inch,8GB,Apple,14-inch,16GB
1,-1.9140625,-0.16796875,Lenovo,13-inch,8GB,Apple,16-inch,4GB
1,-2.03125,-0.1494140625,Lenovo,13-inch,8GB,Apple,16-inch,8GB
1,-1.8125,-0.1875,Lenovo,13-inch,8GB,Apple,16-inch,16GB
1,-2.578125,-0.08447265625,Lenovo,13-inch,16GB,ASUS,13-inch,4GB
1,-2.46875,-0.09375,Lenovo,13-inch,16GB,ASUS,13-inch,8GB
1,-2.578125,-0.08447265625,Lenovo,13-inch,16GB,ASUS,13-inch,16GB
1,-2.703125,-0.07568359375,Lenovo,13-inch,16GB,ASUS,14-inch,4GB
1,-2.703125,-0.07470703125,Lenovo,13-inch,16GB,ASUS,14-inch,8GB
1,-3.046875,-0.05322265625,Lenovo,13-inch,16GB,ASUS,14-inch,16GB
1,-2.703125,-0.07470703125,Lenovo,13-inch,16GB,ASUS,16-inch,4GB
1,-2.578125,-0.08349609375,Lenovo,13-inch,16GB,ASUS,16-inch,8GB
1,-2.703125,-0.07470703125,Lenovo,13-inch,16GB,ASUS,16-inch,16GB
1,-2.25,-0.119140625,Lenovo,13-inch,16GB,Lenovo,13-inch,4GB
1,-1.9140625,-0.1669921875,Lenovo,13-inch,16GB,Lenovo,13-inch,8GB
1,-2.25,-0.11962890625,Lenovo,13-inch,16GB,Lenovo,14-inch,4GB
1,-2.46875,-0.09326171875,Lenovo,13-inch,16GB,Lenovo,14-inch,8GB
1,-2.8125,-0.06689453125,Lenovo,13-inch,16GB,Lenovo,14-inch,16GB
1,-2.46875,-0.09423828125,Lenovo,13-inch,16GB,Lenovo,16-inch,4GB
1,-2.359375,-0.10498046875,Lenovo,13-inch,16GB,Lenovo,16-inch,8GB
1,-2.703125,-0.07470703125,Lenovo,13-inch,16GB,Lenovo,16-inch,16GB
1,-2.359375,-0.10693359375,Lenovo,13-inch,16GB,HP,13-inch,4GB
1,-2.359375,-0.10498046875,Lenovo,13-inch,16GB,HP,13-inch,8GB
1,-2.359375,-0.1064453125,Lenovo,13-inch,16GB,HP,13-inch,16GB
1,-2.46875,-0.09521484375,Lenovo,13-inch,16GB,HP,14-inch,4GB
1,-2.46875,-0.09326171875,Lenovo,13-inch,16GB,HP,14-inch,8GB
1,-2.9375,-0.06005859375,Lenovo,13-inch,16GB,HP,14-inch,16GB
1,-2.578125,-0.083984375,Lenovo,13-inch,16GB,HP,16-inch,4GB
1,-2.703125,-0.07373046875,Lenovo,13-inch,16GB,HP,16-inch,8GB
1,-2.703125,-0.07470703125,Lenovo,13-inch,16GB,HP,16-inch,16GB
1,-2.359375,-0.10693359375,Lenovo,13-inch,16GB,Dell,13-inch,4GB
1,-2.359375,-0.10546875,Lenovo,13-inch,16GB,Dell,13-inch,8GB
1,-2.46875,-0.095703125,Lenovo,13-inch,16GB,Dell,13-inch,16GB
1,-2.578125,-0.0849609375,Lenovo,13-inch,16GB,Dell,14-inch,4GB
1,-2.46875,-0.09423828125,Lenovo,13-inch,16GB,Dell,14-inch,8GB
1,-2.8125,-0.06787109375,Lenovo,13-inch,16GB,Dell,14-inch,16GB
1,-2.703125,-0.07470703125,Lenovo,13-inch,16GB,Dell,16-inch,4GB
1,-2.703125,-0.07421875,Lenovo,13-inch,16GB,Dell,16-inch,8GB
1,-2.578125,-0.08447265625,Lenovo,13-inch,16GB,Dell,16-inch,16GB
1,-2.359375,-0.10693359375,Lenovo,13-inch,16GB,Apple,13-inch,4GB
1,-2.25,-0.11865234375,Lenovo,13-inch,16GB,Apple,13-inch,8GB
1,-2.46875,-0.09619140625,Lenovo,13-inch,16GB,Apple,13-inch,16GB
1,-2.578125,-0.08447265625,Lenovo,13-inch,16GB,Apple,14-inch,4GB
1,-2.578125,-0.08349609375,Lenovo,13-inch,16GB,Apple,14-inch,8GB
1,-2.9375,-0.06005859375,Lenovo,13-inch,16GB,Apple,14-inch,16GB
1,-2.578125,-0.08447265625,Lenovo,13-inch,16GB,Apple,16-inch,4GB
1,-2.46875,-0.09423828125,Lenovo,13-inch,16GB,Apple,16-inch,8GB
1,-2.46875,-0.095703125,Lenovo,13-inch,16GB,Apple,16-inch,16GB
1,-3.171875,-0.0458984375,Lenovo,14-inch,4GB,ASUS,13-inch,4GB
1,-2.8125,-0.06591796875,Lenovo,14-inch,4GB,ASUS,13-inch,8GB
1,-2.703125,-0.07373046875,Lenovo,14-inch,4GB,ASUS,13-inch,16GB
1,-3.171875,-0.0458984375,Lenovo,14-inch,4GB,ASUS,14-inch,4GB
1,-2.9375,-0.05810546875,Lenovo,14-inch,4GB,ASUS,14-inch,8GB
1,-2.46875,-0.0927734375,Lenovo,14-inch,4GB,ASUS,14-inch,16GB
1,-3.046875,-0.05224609375,Lenovo,14-inch,4GB,ASUS,16-inch,4GB
1,-2.8125,-0.06591796875,Lenovo,14-inch,4GB,ASUS,16-inch,8GB
1,-2.578125,-0.0830078125,Lenovo,14-inch,4GB,ASUS,16-inch,16GB
1,-2.9375,-0.058349609375,Lenovo,14-inch,4GB,Lenovo,13-inch,4GB
1,-2.578125,-0.08251953125,Lenovo,14-inch,4GB,Lenovo,13-inch,8GB
1,-2.359375,-0.1044921875,Lenovo,14-inch,4GB,Lenovo,13-inch,16GB
1,-2.578125,-0.08203125,Lenovo,14-inch,4GB,Lenovo,14-inch,8GB
1,-2.234375,-0.11669921875,Lenovo,14-inch,4GB,Lenovo,14-inch,16GB
1,-2.9375,-0.05859375,Lenovo,14-inch,4GB,Lenovo,16-inch,4GB
1,-2.359375,-0.10498046875,Lenovo,14-inch,4GB,Lenovo,16-inch,8GB
1,-2.359375,-0.10498046875,Lenovo,14-inch,4GB,Lenovo,16-inch,16GB
1,-2.9375,-0.05859375,Lenovo,14-inch,4GB,HP,13-inch,4GB
1,-2.578125,-0.08349609375,Lenovo,14-inch,4GB,HP,13-inch,8GB
1,-2.578125,-0.0830078125,Lenovo,14-inch,4GB,HP,13-inch,16GB
1,-2.9375,-0.058349609375,Lenovo,14-inch,4GB,HP,14-inch,4GB
1,-2.578125,-0.0830078125,Lenovo,14-inch,4GB,HP,14-inch,8GB
1,-2.46875,-0.09326171875,Lenovo,14-inch,4GB,HP,14-inch,16GB
1,-2.9375,-0.05859375,Lenovo,14-inch,4GB,HP,16-inch,4GB
1,-2.578125,-0.08349609375,Lenovo,14-inch,4GB,HP,16-inch,8GB
1,-2.578125,-0.08349609375,Lenovo,14-inch,4GB,HP,16-inch,16GB
1,-3.046875,-0.052001953125,Lenovo,14-inch,4GB,Dell,13-inch,4GB
1,-2.703125,-0.07421875,Lenovo,14-inch,4GB,Dell,13-inch,8GB
1,-2.578125,-0.0830078125,Lenovo,14-inch,4GB,Dell,13-inch,16GB
1,-3.046875,-0.051513671875,Lenovo,14-inch,4GB,Dell,14-inch,4GB
1,-2.703125,-0.0732421875,Lenovo,14-inch,4GB,Dell,14-inch,8GB
1,-2.46875,-0.0927734375,Lenovo,14-inch,4GB,Dell,14-inch,16GB
1,-2.9375,-0.05859375,Lenovo,14-inch,4GB,Dell,16-inch,4GB
1,-2.578125,-0.0830078125,Lenovo,14-inch,4GB,Dell,16-inch,8GB
1,-2.578125,-0.0830078125,Lenovo,14-inch,4GB,Dell,16-inch,16GB
1,-2.703125,-0.07373046875,Lenovo,14-inch,4GB,Apple,13-inch,4GB
1,-2.578125,-0.083984375,Lenovo,14-inch,4GB,Apple,13-inch,8GB
1,-2.46875,-0.09375,Lenovo,14-inch,4GB,Apple,13-inch,16GB
1,-2.703125,-0.0732421875,Lenovo,14-inch,4GB,Apple,14-inch,4GB
1,-2.578125,-0.08251953125,Lenovo,14-inch,4GB,Apple,14-inch,8GB
1,-2.234375,-0.11669921875,Lenovo,14-inch,4GB,Apple,14-inch,16GB
1,-2.578125,-0.0830078125,Lenovo,14-inch,4GB,Apple,16-inch,4GB
1,-2.578125,-0.08349609375,Lenovo,14-inch,4GB,Apple,16-inch,8GB
1,-2.25,-0.1181640625,Lenovo,14-inch,4GB,Apple,16-inch,16GB
1,-2.25,-0.11767578125,Lenovo,14-inch,8GB,ASUS,13-inch,4GB
1,-2.46875,-0.09326171875,Lenovo,14-inch,8GB,ASUS,13-inch,8GB
1,-2.25,-0.11767578125,Lenovo,14-inch,8GB,ASUS,13-inch,16GB
1,-2.46875,-0.09326171875,Lenovo,14-inch,8GB,ASUS,14-inch,4GB
1,-2.46875,-0.09326171875,Lenovo,14-inch,8GB,ASUS,14-inch,8GB
1,-2.46875,-0.09326171875,Lenovo,14-inch,8GB,ASUS,14-inch,16GB
1,-2.578125,-0.0830078125,Lenovo,14-inch,8GB,ASUS,16-inch,4GB
1,-2.703125,-0.07373046875,Lenovo,14-inch,8GB,ASUS,16-inch,8GB
1,-2.578125,-0.08349609375,Lenovo,14-inch,8GB,ASUS,16-inch,16GB
1,-2.015625,-0.1484375,Lenovo,14-inch,8GB,Lenovo,13-inch,4GB
1,-2.015625,-0.1484375,Lenovo,14-inch,8GB,Lenovo,13-inch,8GB
1,-2.015625,-0.1484375,Lenovo,14-inch,8GB,Lenovo,13-inch,16GB
1,-2.140625,-0.138671875,Lenovo,14-inch,8GB,Lenovo,14-inch,4GB
1,-2.140625,-0.1396484375,Lenovo,14-inch,8GB,Lenovo,14-inch,16GB
1,-2.25,-0.1181640625,Lenovo,14-inch,8GB,Lenovo,16-inch,4GB
1,-2.25,-0.11767578125,Lenovo,14-inch,8GB,Lenovo,16-inch,8GB
1,-2.25,-0.11767578125,Lenovo,14-inch,8GB,Lenovo,16-inch,16GB
1,-2.03125,-0.1484375,Lenovo,14-inch,8GB,HP,13-inch,4GB
1,-2.46875,-0.09326171875,Lenovo,14-inch,8GB,HP,13-inch,8GB
1,-2.25,-0.1181640625,Lenovo,14-inch,8GB,HP,13-inch,16GB
1,-2.25,-0.11767578125,Lenovo,14-inch,8GB,HP,14-inch,4GB
1,-2.46875,-0.0927734375,Lenovo,14-inch,8GB,HP,14-inch,8GB
1,-2.25,-0.11767578125,Lenovo,14-inch,8GB,HP,14-inch,16GB
1,-2.25,-0.11767578125,Lenovo,14-inch,8GB,HP,16-inch,4GB
1,-2.46875,-0.0927734375,Lenovo,14-inch,8GB,HP,16-inch,8GB
1,-2.25,-0.11767578125,Lenovo,14-inch,8GB,HP,16-inch,16GB
1,-2.125,-0.1328125,Lenovo,14-inch,8GB,Dell,13-inch,4GB
1,-2.25,-0.1181640625,Lenovo,14-inch,8GB,Dell,13-inch,8GB
1,-2.03125,-0.1484375,Lenovo,14-inch,8GB,Dell,13-inch,16GB
1,-2.359375,-0.10498046875,Lenovo,14-inch,8GB,Dell,14-inch,4GB
1,-2.359375,-0.10498046875,Lenovo,14-inch,8GB,Dell,14-inch,8GB
1,-2.25,-0.1181640625,Lenovo,14-inch,8GB,Dell,14-inch,16GB
1,-2.25,-0.1181640625,Lenovo,14-inch,8GB,Dell,16-inch,4GB
1,-2.46875,-0.09326171875,Lenovo,14-inch,8GB,Dell,16-inch,8GB
1,-2.359375,-0.10498046875,Lenovo,14-inch,8GB,Dell,16-inch,16GB
1,-2.03125,-0.1494140625,Lenovo,14-inch,8GB,Apple,13-inch,4GB
1,-2.25,-0.1181640625,Lenovo,14-inch,8GB,Apple,13-inch,8GB
1,-2.015625,-0.1484375,Lenovo,14-inch,8GB,Apple,13-inch,16GB
1,-2.25,-0.11767578125,Lenovo,14-inch,8GB,Apple,14-inch,4GB
1,-2.25,-0.1171875,Lenovo,14-inch,8GB,Apple,14-inch,8GB
1,-2.125,-0.1318359375,Lenovo,14-inch,8GB,Apple,14-inch,16GB
1,-2.140625,-0.1328125,Lenovo,14-inch,8GB,Apple,16-inch,4GB
1,-2.359375,-0.10546875,Lenovo,14-inch,8GB,Apple,16-inch,8GB
1,-2.25,-0.11767578125,Lenovo,14-inch,8GB,Apple,16-inch,16GB
1,-2.703125,-0.07470703125,Lenovo,14-inch,16GB,ASUS,13-inch,4GB
1,-2.8125,-0.06591796875,Lenovo,14-inch,16GB,ASUS,13-inch,8GB
1,-2.703125,-0.0751953125,Lenovo,14-inch,16GB,ASUS,13-inch,16GB
1,-2.703125,-0.0751953125,Lenovo,14-inch,16GB,ASUS,14-inch,4GB
1,-2.8125,-0.06591796875,Lenovo,14-inch,16GB,ASUS,14-inch,8GB
1,-2.578125,-0.083984375,Lenovo,14-inch,16GB,ASUS,14-inch,16GB
1,-3.171875,-0.046875,Lenovo,14-inch,16GB,ASUS,16-inch,4GB
1,-3.046875,-0.052001953125,Lenovo,14-inch,16GB,ASUS,16-inch,8GB
1,-2.8125,-0.06640625,Lenovo,14-inch,16GB,ASUS,16-inch,16GB
1,-2.359375,-0.10546875,Lenovo,14-inch,16GB,Lenovo,13-inch,4GB
1,-2.46875,-0.09375,Lenovo,14-inch,16GB,Lenovo,13-inch,8GB
1,-2.359375,-0.1064453125,Lenovo,14-inch,16GB,Lenovo,13-inch,16GB
1,-2.46875,-0.09423828125,Lenovo,14-inch,16GB,Lenovo,14-inch,4GB
1,-2.25,-0.11767578125,Lenovo,14-inch,16GB,Lenovo,14-inch,8GB
1,-3.046875,-0.05224609375,Lenovo,14-inch,16GB,Lenovo,16-inch,4GB
1,-2.9375,-0.05810546875,Lenovo,14-inch,16GB,Lenovo,16-inch,8GB
1,-2.703125,-0.07421875,Lenovo,14-inch,16GB,Lenovo,16-inch,16GB
1,-2.578125,-0.08447265625,Lenovo,14-inch,16GB,HP,13-inch,4GB
1,-2.703125,-0.0751953125,Lenovo,14-inch,16GB,HP,13-inch,8GB
1,-2.703125,-0.07568359375,Lenovo,14-inch,16GB,HP,13-inch,16GB
1,-2.578125,-0.083984375,Lenovo,14-inch,16GB,HP,14-inch,4GB
1,-2.703125,-0.07421875,Lenovo,14-inch,16GB,HP,14-inch,8GB
1,-2.578125,-0.083984375,Lenovo,14-inch,16GB,HP,14-inch,16GB
1,-3.046875,-0.052490234375,Lenovo,14-inch,16GB,HP,16-inch,4GB
1,-2.9375,-0.05859375,Lenovo,14-inch,16GB,HP,16-inch,8GB
1,-2.8125,-0.06591796875,Lenovo,14-inch,16GB,HP,16-inch,16GB
1,-2.703125,-0.07568359375,Lenovo,14-inch,16GB,Dell,13-inch,4GB
1,-2.703125,-0.0751953125,Lenovo,14-inch,16GB,Dell,13-inch,8GB
1,-2.703125,-0.07568359375,Lenovo,14-inch,16GB,Dell,13-inch,16GB
1,-2.703125,-0.0751953125,Lenovo,14-inch,16GB,Dell,14-inch,4GB
1,-2.8125,-0.06591796875,Lenovo,14-inch,16GB,Dell,14-inch,8GB
1,-2.46875,-0.09521484375,Lenovo,14-inch,16GB,Dell,14-inch,16GB
1,-3.171875,-0.046875,Lenovo,14-inch,16GB,Dell,16-inch,4GB
1,-3.171875,-0.046142578125,Lenovo,14-inch,16GB,Dell,16-inch,8GB
1,-2.703125,-0.0751953125,Lenovo,14-inch,16GB,Dell,16-inch,16GB
1,-2.578125,-0.08447265625,Lenovo,14-inch,16GB,Apple,13-inch,4GB
1,-2.578125,-0.08447265625,Lenovo,14-inch,16GB,Apple,13-inch,8GB
1,-2.46875,-0.095703125,Lenovo,14-inch,16GB,Apple,13-inch,16GB
1,-2.578125,-0.0849609375,Lenovo,14-inch,16GB,Apple,14-inch,4GB
1,-2.703125,-0.07421875,Lenovo,14-inch,16GB,Apple,14-inch,8GB
1,-2.359375,-0.1064453125,Lenovo,14-inch,16GB,Apple,14-inch,16GB
1,-2.9375,-0.06005859375,Lenovo,14-inch,16GB,Apple,16-inch,4GB
1,-2.8125,-0.06591796875,Lenovo,14-inch,16GB,Apple,16-inch,8GB
1,-2.578125,-0.0849609375,Lenovo,14-inch,16GB,Apple,16-inch,16GB
1,-2.578125,-0.0830078125,Lenovo,16-inch,4GB,ASUS,13-inch,4GB
1,-2.46875,-0.09326171875,Lenovo,16-inch,4GB,ASUS,13-inch,8GB
1,-2.46875,-0.0947265625,Lenovo,16-inch,4GB,ASUS,13-inch,16GB
1,-2.578125,-0.0830078125,Lenovo,16-inch,4GB,ASUS,14-inch,4GB
1,-2.46875,-0.09375,Lenovo,16-inch,4GB,ASUS,14-inch,8GB
1,-2.46875,-0.09375,Lenovo,16-inch,4GB,ASUS,14-inch,16GB
1,-2.46875,-0.0927734375,Lenovo,16-inch,4GB,ASUS,16-inch,4GB
1,-2.359375,-0.10498046875,Lenovo,16-inch,4GB,ASUS,16-inch,8GB
1,-2.359375,-0.10498046875,Lenovo,16-inch,4GB,ASUS,16-inch,16GB
1,-2.25,-0.11767578125,Lenovo,16-inch,4GB,Lenovo,13-inch,4GB
1,-2.125,-0.1318359375,Lenovo,16-inch,4GB,Lenovo,13-inch,8GB
1,-2.25,-0.1181640625,Lenovo,16-inch,4GB,Lenovo,13-inch,16GB
1,-2.25,-0.11767578125,Lenovo,16-inch,4GB,Lenovo,14-inch,4GB
1,-2.125,-0.1318359375,Lenovo,16-inch,4GB,Lenovo,14-inch,8GB
1,-2.03125,-0.1484375,Lenovo,16-inch,4GB,Lenovo,14-inch,16GB
1,-1.9140625,-0.166015625,Lenovo,16-inch,4GB,Lenovo,16-inch,8GB
1,-1.9140625,-0.1669921875,Lenovo,16-inch,4GB,Lenovo,16-inch,16GB
1,-2.359375,-0.10498046875,Lenovo,16-inch,4GB,HP,13-inch,4GB
1,-2.125,-0.1328125,Lenovo,16-inch,4GB,HP,13-inch,8GB
1,-2.359375,-0.1064453125,Lenovo,16-inch,4GB,HP,13-inch,16GB
1,-2.46875,-0.09375,Lenovo,16-inch,4GB,HP,14-inch,4GB
1,-2.25,-0.1181640625,Lenovo,16-inch,4GB,HP,14-inch,8GB
1,-2.25,-0.1181640625,Lenovo,16-inch,4GB,HP,14-inch,16GB
1,-2.359375,-0.10498046875,Lenovo,16-inch,4GB,HP,16-inch,4GB
1,-2.25,-0.1181640625,Lenovo,16-inch,4GB,HP,16-inch,8GB
1,-2.125,-0.1318359375,Lenovo,16-inch,4GB,HP,16-inch,16GB
1,-2.359375,-0.10498046875,Lenovo,16-inch,4GB,Dell,13-inch,4GB
1,-2.25,-0.11865234375,Lenovo,16-inch,4GB,Dell,13-inch,8GB
1,-2.46875,-0.0947265625,Lenovo,16-inch,4GB,Dell,13-inch,16GB
1,-2.46875,-0.09326171875,Lenovo,16-inch,4GB,Dell,14-inch,4GB
1,-2.25,-0.1181640625,Lenovo,16-inch,4GB,Dell,14-inch,8GB
1,-2.359375,-0.10595703125,Lenovo,16-inch,4GB,Dell,14-inch,16GB
1,-2.359375,-0.10498046875,Lenovo,16-inch,4GB,Dell,16-inch,4GB
1,-2.359375,-0.1044921875,Lenovo,16-inch,4GB,Dell,16-inch,8GB
1,-2.125,-0.1328125,Lenovo,16-inch,4GB,Dell,16-inch,16GB
1,-2.25,-0.11767578125,Lenovo,16-inch,4GB,Apple,13-inch,4GB
1,-2.140625,-0.1328125,Lenovo,16-inch,4GB,Apple,13-inch,8GB
1,-2.25,-0.119140625,Lenovo,16-inch,4GB,Apple,13-inch,16GB
1,-2.359375,-0.10498046875,Lenovo,16-inch,4GB,Apple,14-inch,4GB
1,-2.25,-0.1181640625,Lenovo,16-inch,4GB,Apple,14-inch,8GB
1,-2.25,-0.1181640625,Lenovo,16-inch,4GB,Apple,14-inch,16GB
1,-2.25,-0.1171875,Lenovo,16-inch,4GB,Apple,16-inch,4GB
1,-2.015625,-0.1474609375,Lenovo,16-inch,4GB,Apple,16-inch,8GB
1,-2.125,-0.1328125,Lenovo,16-inch,4GB,Apple,16-inch,16GB
1,-2.703125,-0.078125,Lenovo,16-inch,8GB,ASUS,13-inch,4GB
1,-3.0625,-0.054931640625,Lenovo,16-inch,8GB,ASUS,13-inch,8GB
1,-2.9375,-0.0625,Lenovo,16-inch,8GB,ASUS,13-inch,16GB
1,-2.59375,-0.0888671875,Lenovo,16-inch,8GB,ASUS,14-inch,4GB
1,-2.9375,-0.062255859375,Lenovo,16-inch,8GB,ASUS,14-inch,8GB
1,-3.0625,-0.0556640625,Lenovo,16-inch,8GB,ASUS,14-inch,16GB
1,-2.703125,-0.0732421875,Lenovo,16-inch,8GB,ASUS,16-inch,4GB
1,-3.046875,-0.051513671875,Lenovo,16-inch,8GB,ASUS,16-inch,8GB
1,-2.8125,-0.0654296875,Lenovo,16-inch,8GB,ASUS,16-inch,16GB
1,-2.359375,-0.1083984375,Lenovo,16-inch,8GB,Lenovo,13-inch,4GB
1,-2.359375,-0.107421875,Lenovo,16-inch,8GB,Lenovo,13-inch,8GB
1,-2.359375,-0.109375,Lenovo,16-inch,8GB,Lenovo,13-inch,16GB
1,-2.25,-0.1181640625,Lenovo,16-inch,8GB,Lenovo,14-inch,4GB
1,-2.359375,-0.10498046875,Lenovo,16-inch,8GB,Lenovo,14-inch,8GB
1,-2.46875,-0.09326171875,Lenovo,16-inch,8GB,Lenovo,14-inch,16GB
1,-2.359375,-0.10888671875,Lenovo,16-inch,8GB,Lenovo,16-inch,4GB
1,-2.03125,-0.1533203125,Lenovo,16-inch,8GB,Lenovo,16-inch,16GB
1,-2.46875,-0.09716796875,Lenovo,16-inch,8GB,HP,13-inch,4GB
1,-2.8125,-0.06884765625,Lenovo,16-inch,8GB,HP,13-inch,8GB
1,-2.703125,-0.0771484375,Lenovo,16-inch,8GB,HP,13-inch,16GB
1,-2.359375,-0.10986328125,Lenovo,16-inch,8GB,HP,14-inch,4GB
1,-2.703125,-0.0791015625,Lenovo,16-inch,8GB,HP,14-inch,8GB
1,-2.703125,-0.078125,Lenovo,16-inch,8GB,HP,14-inch,16GB
1,-2.578125,-0.08203125,Lenovo,16-inch,8GB,HP,16-inch,4GB
1,-2.703125,-0.07373046875,Lenovo,16-inch,8GB,HP,16-inch,8GB
1,-2.578125,-0.08251953125,Lenovo,16-inch,8GB,HP,16-inch,16GB
1,-2.359375,-0.109375,Lenovo,16-inch,8GB,Dell,13-inch,4GB
1,-2.46875,-0.09716796875,Lenovo,16-inch,8GB,Dell,13-inch,8GB
1,-2.59375,-0.08642578125,Lenovo,16-inch,8GB,Dell,13-inch,16GB
1,-2.46875,-0.09765625,Lenovo,16-inch,8GB,Dell,14-inch,4GB
1,-2.703125,-0.078125,Lenovo,16-inch,8GB,Dell,14-inch,8GB
1,-2.8125,-0.0693359375,Lenovo,16-inch,8GB,Dell,14-inch,16GB
1,-2.8125,-0.0654296875,Lenovo,16-inch,8GB,Dell,16-inch,4GB
1,-2.8125,-0.0654296875,Lenovo,16-inch,8GB,Dell,16-inch,8GB
1,-2.578125,-0.08251953125,Lenovo,16-inch,8GB,Dell,16-inch,16GB
1,-2.359375,-0.1044921875,Lenovo,16-inch,8GB,Apple,13-inch,4GB
1,-2.46875,-0.0927734375,Lenovo,16-inch,8GB,Apple,13-inch,8GB
1,-2.46875,-0.09375,Lenovo,16-inch,8GB,Apple,13-inch,16GB
1,-2.359375,-0.1103515625,Lenovo,16-inch,8GB,Apple,14-inch,4GB
1,-2.703125,-0.078125,Lenovo,16-inch,8GB,Apple,14-inch,8GB
1,-2.59375,-0.08740234375,Lenovo,16-inch,8GB,Apple,14-inch,16GB
1,-2.703125,-0.0732421875,Lenovo,16-inch,8GB,Apple,16-inch,4GB
1,-2.578125,-0.08251953125,Lenovo,16-inch,8GB,Apple,16-inch,8GB
1,-2.359375,-0.1044921875,Lenovo,16-inch,8GB,Apple,16-inch,16GB
1,-2.578125,-0.083984375,Lenovo,16-inch,16GB,ASUS,13-inch,4GB
1,-2.46875,-0.09423828125,Lenovo,16-inch,16GB,ASUS,13-inch,8GB
1,-2.578125,-0.08447265625,Lenovo,16-inch,16GB,ASUS,13-inch,16GB
1,-2.578125,-0.083984375,Lenovo,16-inch,16GB,ASUS,14-inch,4GB
1,-2.46875,-0.09423828125,Lenovo,16-inch,16GB,ASUS,14-inch,8GB
1,-2.8125,-0.06689453125,Lenovo,16-inch,16GB,ASUS,14-inch,16GB
1,-2.578125,-0.08447265625,Lenovo,16-inch,16GB,ASUS,16-inch,4GB
1,-2.578125,-0.08349609375,Lenovo,16-inch,16GB,ASUS,16-inch,8GB
1,-2.578125,-0.0849609375,Lenovo,16-inch,16GB,ASUS,16-inch,16GB
1,-2.46875,-0.09423828125,Lenovo,16-inch,16GB,Lenovo,13-inch,4GB
1,-2.46875,-0.09423828125,Lenovo,16-inch,16GB,Lenovo,13-inch,8GB
1,-2.578125,-0.0849609375,Lenovo,16-inch,16GB,Lenovo,13-inch,16GB
1,-2.46875,-0.09423828125,Lenovo,16-inch,16GB,Lenovo,14-inch,4GB
1,-2.46875,-0.09375,Lenovo,16-inch,16GB,Lenovo,14-inch,8GB
1,-2.703125,-0.0751953125,Lenovo,16-inch,16GB,Lenovo,14-inch,16GB
1,-2.59375,-0.087890625,Lenovo,16-inch,16GB,Lenovo,16-inch,4GB
1,-2.578125,-0.0849609375,Lenovo,16-inch,16GB,Lenovo,16-inch,8GB
1,-2.578125,-0.083984375,Lenovo,16-inch,16GB,HP,13-inch,4GB
1,-2.578125,-0.083984375,Lenovo,16-inch,16GB,HP,13-inch,8GB
1,-2.578125,-0.0849609375,Lenovo,16-inch,16GB,HP,13-inch,16GB
1,-2.578125,-0.083984375,Lenovo,16-inch,16GB,HP,14-inch,4GB
1,-2.578125,-0.08349609375,Lenovo,16-inch,16GB,HP,14-inch,8GB
1,-2.8125,-0.06689453125,Lenovo,16-inch,16GB,HP,14-inch,16GB
1,-2.578125,-0.083984375,Lenovo,16-inch,16GB,HP,16-inch,4GB
1,-2.46875,-0.09375,Lenovo,16-inch,16GB,HP,16-inch,8GB
1,-2.578125,-0.08447265625,Lenovo,16-inch,16GB,HP,16-inch,16GB
1,-2.578125,-0.083984375,Lenovo,16-inch,16GB,Dell,13-inch,4GB
1,-2.46875,-0.09423828125,Lenovo,16-inch,16GB,Dell,13-inch,8GB
1,-2.46875,-0.095703125,Lenovo,16-inch,16GB,Dell,13-inch,16GB
1,-2.703125,-0.07470703125,Lenovo,16-inch,16GB,Dell,14-inch,4GB
1,-2.578125,-0.083984375,Lenovo,16-inch,16GB,Dell,14-inch,8GB
1,-2.578125,-0.08447265625,Lenovo,16-inch,16GB,Dell,14-inch,16GB
1,-2.703125,-0.0751953125,Lenovo,16-inch,16GB,Dell,16-inch,4GB
1,-2.578125,-0.08349609375,Lenovo,16-inch,16GB,Dell,16-inch,8GB
1,-2.46875,-0.09521484375,Lenovo,16-inch,16GB,Dell,16-inch,16GB
1,-2.578125,-0.083984375,Lenovo,16-inch,16GB,Apple,13-inch,4GB
1,-2.578125,-0.08349609375,Lenovo,16-inch,16GB,Apple,13-inch,8GB
1,-2.46875,-0.095703125,Lenovo,16-inch,16GB,Apple,13-inch,16GB
1,-2.46875,-0.09423828125,Lenovo,16-inch,16GB,Apple,14-inch,4GB
1,-2.46875,-0.09375,Lenovo,16-inch,16GB,Apple,14-inch,8GB
1,-2.578125,-0.08544921875,Lenovo,16-inch,16GB,Apple,14-inch,16GB
1,-2.359375,-0.107421875,Lenovo,16-inch,16GB,Apple,16-inch,4GB
1,-2.46875,-0.09375,Lenovo,16-inch,16GB,Apple,16-inch,8GB
1,-2.359375,-0.107421875,Lenovo,16-inch,16GB,Apple,16-inch,16GB
1,-2.359375,-0.1064453125,HP,13-inch,4GB,ASUS,13-inch,4GB
1,-1.8125,-0.1884765625,HP,13-inch,4GB,ASUS,13-inch,8GB
1,-1.609375,-0.234375,HP,13-inch,4GB,ASUS,13-inch,16GB
1,-2.140625,-0.1328125,HP,13-inch,4GB,ASUS,14-inch,4GB
1,-1.8125,-0.1884765625,HP,13-inch,4GB,ASUS,14-inch,8GB
1,-1.515625,-0.26171875,HP,13-inch,4GB,ASUS,14-inch,16GB
1,-2.359375,-0.1064453125,HP,13-inch,4GB,ASUS,16-inch,4GB
1,-1.921875,-0.16796875,HP,13-inch,4GB,ASUS,16-inch,8GB
1,-1.7109375,-0.2119140625,HP,13-inch,4GB,ASUS,16-inch,16GB
1,-2.03125,-0.150390625,HP,13-inch,4GB,Lenovo,13-inch,4GB
1,-1.8125,-0.1884765625,HP,13-inch,4GB,Lenovo,13-inch,8GB
1,-1.3203125,-0.322265625,HP,13-inch,4GB,Lenovo,13-inch,16GB
1,-2.140625,-0.1337890625,HP,13-inch,4GB,Lenovo,14-inch,4GB
1,-1.7109375,-0.2109375,HP,13-inch,4GB,Lenovo,14-inch,8GB
1,-1.234375,-0.359375,HP,13-inch,4GB,Lenovo,14-inch,16GB
1,-2.359375,-0.10595703125,HP,13-inch,4GB,Lenovo,16-inch,4GB
1,-1.7109375,-0.2099609375,HP,13-inch,4GB,Lenovo,16-inch,8GB
1,-1.515625,-0.26171875,HP,13-inch,4GB,Lenovo,16-inch,16GB
1,-1.5078125,-0.26171875,HP,13-inch,4GB,HP,13-inch,8GB
1,-1.3203125,-0.32421875,HP,13-inch,4GB,HP,13-inch,16GB
1,-2.03125,-0.150390625,HP,13-inch,4GB,HP,14-inch,4GB
1,-1.515625,-0.26171875,HP,13-inch,4GB,HP,14-inch,8GB
1,-1.0703125,-0.44140625,HP,13-inch,4GB,HP,14-inch,16GB
1,-2.140625,-0.1337890625,HP,13-inch,4GB,HP,16-inch,4GB
1,-1.609375,-0.236328125,HP,13-inch,4GB,HP,16-inch,8GB
1,-1.234375,-0.36328125,HP,13-inch,4GB,HP,16-inch,16GB
1,-2.25,-0.11962890625,HP,13-inch,4GB,Dell,13-inch,4GB
1,-2.140625,-0.1337890625,HP,13-inch,4GB,Dell,13-inch,8GB
1,-1.515625,-0.263671875,HP,13-inch,4GB,Dell,13-inch,16GB
1,-2.140625,-0.1337890625,HP,13-inch,4GB,Dell,14-inch,4GB
1,-2.03125,-0.150390625,HP,13-inch,4GB,Dell,14-inch,8GB
1,-1.4140625,-0.291015625,HP,13-inch,4GB,Dell,14-inch,16GB
1,-2.359375,-0.1064453125,HP,13-inch,4GB,Dell,16-inch,4GB
1,-2.03125,-0.150390625,HP,13-inch,4GB,Dell,16-inch,8GB
1,-1.515625,-0.263671875,HP,13-inch,4GB,Dell,16-inch,16GB
1,-1.921875,-0.16796875,HP,13-inch,4GB,Apple,13-inch,4GB
1,-1.7109375,-0.2109375,HP,13-inch,4GB,Apple,13-inch,8GB
1,-1.515625,-0.26171875,HP,13-inch,4GB,Apple,13-inch,16GB
1,-2.03125,-0.150390625,HP,13-inch,4GB,Apple,14-inch,4GB
1,-1.7109375,-0.2119140625,HP,13-inch,4GB,Apple,14-inch,8GB
1,-1.515625,-0.263671875,HP,13-inch,4GB,Apple,14-inch,16GB
1,-2.03125,-0.150390625,HP,13-inch,4GB,Apple,16-inch,4GB
1,-1.609375,-0.236328125,HP,13-inch,4GB,Apple,16-inch,8GB
1,-1.515625,-0.263671875,HP,13-inch,4GB,Apple,16-inch,16GB
1,-2.578125,-0.0849609375,HP,13-inch,8GB,ASUS,13-inch,4GB
1,-2.46875,-0.09521484375,HP,13-inch,8GB,ASUS,13-inch,8GB
1,-2.359375,-0.10693359375,HP,13-inch,8GB,ASUS,13-inch,16GB
1,-2.46875,-0.095703125,HP,13-inch,8GB,ASUS,14-inch,4GB
1,-2.46875,-0.09521484375,HP,13-inch,8GB,ASUS,14-inch,8GB
1,-2.359375,-0.1083984375,HP,13-inch,8GB,ASUS,14-inch,16GB
1,-2.703125,-0.0751953125,HP,13-inch,8GB,ASUS,16-inch,4GB
1,-2.578125,-0.08447265625,HP,13-inch,8GB,ASUS,16-inch,8GB
1,-2.359375,-0.10791015625,HP,13-inch,8GB,ASUS,16-inch,16GB
1,-2.359375,-0.1064453125,HP,13-inch,8GB,Lenovo,13-inch,4GB
1,-2.46875,-0.0947265625,HP,13-inch,8GB,Lenovo,13-inch,8GB
1,-2.140625,-0.134765625,HP,13-inch,8GB,Lenovo,13-inch,16GB
1,-2.359375,-0.1064453125,HP,13-inch,8GB,Lenovo,14-inch,4GB
1,-2.359375,-0.107421875,HP,13-inch,8GB,Lenovo,14-inch,8GB
1,-2.25,-0.12109375,HP,13-inch,8GB,Lenovo,14-inch,16GB
1,-2.578125,-0.08447265625,HP,13-inch,8GB,Lenovo,16-inch,4GB
1,-2.359375,-0.1064453125,HP,13-inch,8GB,Lenovo,16-inch,8GB
1,-2.359375,-0.107421875,HP,13-inch,8GB,Lenovo,16-inch,16GB
1,-2.140625,-0.1337890625,HP,13-inch,8GB,HP,13-inch,4GB
1,-2.03125,-0.150390625,HP,13-inch,8GB,HP,13-inch,16GB
1,-2.25,-0.11962890625,HP,13-inch,8GB,HP,14-inch,4GB
1,-2.140625,-0.1337890625,HP,13-inch,8GB,HP,14-inch,8GB
1,-2.03125,-0.1513671875,HP,13-inch,8GB,HP,14-inch,16GB
1,-2.140625,-0.1337890625,HP,13-inch,8GB,HP,16-inch,4GB
1,-2.140625,-0.134765625,HP,13-inch,8GB,HP,16-inch,8GB
1,-1.921875,-0.169921875,HP,13-inch,8GB,HP,16-inch,16GB
1,-2.46875,-0.095703125,HP,13-inch,8GB,Dell,13-inch,4GB
1,-2.46875,-0.095703125,HP,13-inch,8GB,Dell,13-inch,8GB
1,-2.140625,-0.134765625,HP,13-inch,8GB,Dell,13-inch,16GB
1,-2.359375,-0.10693359375,HP,13-inch,8GB,Dell,14-inch,4GB
1,-2.46875,-0.095703125,HP,13-inch,8GB,Dell,14-inch,8GB
1,-2.25,-0.12158203125,HP,13-inch,8GB,Dell,14-inch,16GB
1,-2.578125,-0.0849609375,HP,13-inch,8GB,Dell,16-inch,4GB
1,-2.578125,-0.0849609375,HP,13-inch,8GB,Dell,16-inch,8GB
1,-2.46875,-0.095703125,HP,13-inch,8GB,Dell,16-inch,16GB
1,-2.359375,-0.1064453125,HP,13-inch,8GB,Apple,13-inch,4GB
1,-2.359375,-0.10693359375,HP,13-inch,8GB,Apple,13-inch,8GB
1,-2.03125,-0.150390625,HP,13-inch,8GB,Apple,13-inch,16GB
1,-2.359375,-0.10791015625,HP,13-inch,8GB,Apple,14-inch,4GB
1,-2.359375,-0.10693359375,HP,13-inch,8GB,Apple,14-inch,8GB
1,-2.140625,-0.1357421875,HP,13-inch,8GB,Apple,14-inch,16GB
1,-2.359375,-0.10693359375,HP,13-inch,8GB,Apple,16-inch,4GB
1,-2.359375,-0.10595703125,HP,13-inch,8GB,Apple,16-inch,8GB
1,-2.140625,-0.134765625,HP,13-inch,8GB,Apple,16-inch,16GB
1,-1.921875,-0.1728515625,HP,13-inch,16GB,ASUS,13-inch,4GB
1,-1.7109375,-0.212890625,HP,13-inch,16GB,ASUS,13-inch,8GB
1,-1.609375,-0.2373046875,HP,13-inch,16GB,ASUS,13-inch,16GB
1,-2.25,-0.1240234375,HP,13-inch,16GB,ASUS,14-inch,4GB
1,-2.03125,-0.1513671875,HP,13-inch,16GB,ASUS,14-inch,8GB
1,-2.25,-0.1220703125,HP,13-inch,16GB,ASUS,14-inch,16GB
1,-2.140625,-0.13671875,HP,13-inch,16GB,ASUS,16-inch,4GB
1,-2.140625,-0.1357421875,HP,13-inch,16GB,ASUS,16-inch,8GB
1,-2.25,-0.12109375,HP,13-inch,16GB,ASUS,16-inch,16GB
1,-1.7109375,-0.2138671875,HP,13-inch,16GB,Lenovo,13-inch,4GB
1,-1.609375,-0.2353515625,HP,13-inch,16GB,Lenovo,13-inch,8GB
1,-1.515625,-0.267578125,HP,13-inch,16GB,Lenovo,13-inch,16GB
1,-2.03125,-0.154296875,HP,13-inch,16GB,Lenovo,14-inch,4GB
1,-1.921875,-0.169921875,HP,13-inch,16GB,Lenovo,14-inch,8GB
1,-2.140625,-0.1357421875,HP,13-inch,16GB,Lenovo,14-inch,16GB
1,-2.03125,-0.1513671875,HP,13-inch,16GB,Lenovo,16-inch,4GB
1,-1.921875,-0.1689453125,HP,13-inch,16GB,Lenovo,16-inch,8GB
1,-2.03125,-0.1513671875,HP,13-inch,16GB,Lenovo,16-inch,16GB
1,-1.421875,-0.29296875,HP,13-inch,16GB,HP,13-inch,4GB
1,-1.515625,-0.26171875,HP,13-inch,16GB,HP,13-inch,8GB
1,-1.8125,-0.1904296875,HP,13-inch,16GB,HP,14-inch,4GB
1,-1.8125,-0.1884765625,HP,13-inch,16GB,HP,14-inch,8GB
1,-1.8125,-0.1884765625,HP,13-inch,16GB,HP,14-inch,16GB
1,-1.921875,-0.1689453125,HP,13-inch,16GB,HP,16-inch,4GB
1,-2.140625,-0.1337890625,HP,13-inch,16GB,HP,16-inch,8GB
1,-2.25,-0.119140625,HP,13-inch,16GB,HP,16-inch,16GB
1,-1.8203125,-0.1923828125,HP,13-inch,16GB,Dell,13-inch,4GB
1,-1.8125,-0.189453125,HP,13-inch,16GB,Dell,13-inch,8GB
1,-1.609375,-0.23828125,HP,13-inch,16GB,Dell,13-inch,16GB
1,-2.03125,-0.154296875,HP,13-inch,16GB,Dell,14-inch,4GB
1,-2.03125,-0.15234375,HP,13-inch,16GB,Dell,14-inch,8GB
1,-2.140625,-0.1376953125,HP,13-inch,16GB,Dell,14-inch,16GB
1,-2.25,-0.1220703125,HP,13-inch,16GB,Dell,16-inch,4GB
1,-2.140625,-0.1357421875,HP,13-inch,16GB,Dell,16-inch,8GB
1,-2.03125,-0.1533203125,HP,13-inch,16GB,Dell,16-inch,16GB
1,-1.921875,-0.173828125,HP,13-inch,16GB,Apple,13-inch,4GB
1,-1.609375,-0.23828125,HP,13-inch,16GB,Apple,13-inch,8GB
1,-1.421875,-0.29296875,HP,13-inch,16GB,Apple,13-inch,16GB
1,-2.140625,-0.1396484375,HP,13-inch,16GB,Apple,14-inch,4GB
1,-1.921875,-0.171875,HP,13-inch,16GB,Apple,14-inch,8GB
1,-2.03125,-0.154296875,HP,13-inch,16GB,Apple,14-inch,16GB
1,-2.140625,-0.1376953125,HP,13-inch,16GB,Apple,16-inch,4GB
1,-1.921875,-0.1708984375,HP,13-inch,16GB,Apple,16-inch,8GB
1,-2.25,-0.12158203125,HP,13-inch,16GB,Apple,16-inch,16GB
1,-2.578125,-0.08349609375,HP,14-inch,4GB,ASUS,13-inch,4GB
1,-2.359375,-0.10546875,HP,14-inch,4GB,ASUS,13-inch,8GB
1,-2.03125,-0.1494140625,HP,14-inch,4GB,ASUS,13-inch,16GB
1,-2.46875,-0.09375,HP,14-inch,4GB,ASUS,14-inch,4GB
1,-2.25,-0.1181640625,HP,14-inch,4GB,ASUS,14-inch,8GB
1,-1.9140625,-0.1669921875,HP,14-inch,4GB,ASUS,14-inch,16GB
1,-2.703125,-0.07421875,HP,14-inch,4GB,ASUS,16-inch,4GB
1,-2.359375,-0.10546875,HP,14-inch,4GB,ASUS,16-inch,8GB
1,-1.8125,-0.1865234375,HP,14-inch,4GB,ASUS,16-inch,16GB
1,-2.578125,-0.083984375,HP,14-inch,4GB,Lenovo,13-inch,4GB
1,-2.125,-0.1318359375,HP,14-inch,4GB,Lenovo,13-inch,8GB
1,-1.8125,-0.1865234375,HP,14-inch,4GB,Lenovo,13-inch,16GB
1,-2.359375,-0.10546875,HP,14-inch,4GB,Lenovo,14-inch,4GB
1,-2.125,-0.1328125,HP,14-inch,4GB,Lenovo,14-inch,8GB
1,-1.7109375,-0.2080078125,HP,14-inch,4GB,Lenovo,14-inch,16GB
1,-2.46875,-0.09375,HP,14-inch,4GB,Lenovo,16-inch,4GB
1,-2.015625,-0.1484375,HP,14-inch,4GB,Lenovo,16-inch,8GB
1,-1.609375,-0.232421875,HP,14-inch,4GB,Lenovo,16-inch,16GB
1,-2.578125,-0.083984375,HP,14-inch,4GB,HP,13-inch,4GB
1,-1.9140625,-0.166015625,HP,14-inch,4GB,HP,13-inch,8GB
1,-1.7109375,-0.2080078125,HP,14-inch,4GB,HP,13-inch,16GB
1,-1.9140625,-0.166015625,HP,14-inch,4GB,HP,14-inch,8GB
1,-1.5078125,-0.2578125,HP,14-inch,4GB,HP,14-inch,16GB
1,-2.359375,-0.10546875,HP,14-inch,4GB,HP,16-inch,4GB
1,-1.8125,-0.185546875,HP,14-inch,4GB,HP,16-inch,8GB
1,-1.7109375,-0.2080078125,HP,14-inch,4GB,HP,16-inch,16GB
1,-2.578125,-0.083984375,HP,14-inch,4GB,Dell,13-inch,4GB
1,-2.25,-0.1181640625,HP,14-inch,4GB,Dell,13-inch,8GB
1,-1.609375,-0.2333984375,HP,14-inch,4GB,Dell,13-inch,16GB
1,-2.46875,-0.09423828125,HP,14-inch,4GB,Dell,14-inch,4GB
1,-2.25,-0.1181640625,HP,14-inch,4GB,Dell,14-inch,8GB
1,-1.8125,-0.1865234375,HP,14-inch,4GB,Dell,14-inch,16GB
1,-2.578125,-0.08349609375,HP,14-inch,4GB,Dell,16-inch,4GB
1,-2.140625,-0.1328125,HP,14-inch,4GB,Dell,16-inch,8GB
1,-1.7109375,-0.2080078125,HP,14-inch,4GB,Dell,16-inch,16GB
1,-2.359375,-0.10546875,HP,14-inch,4GB,Apple,13-inch,4GB
1,-2.03125,-0.1494140625,HP,14-inch,4GB,Apple,13-inch,8GB
1,-1.7109375,-0.208984375,HP,14-inch,4GB,Apple,13-inch,16GB
1,-2.125,-0.1328125,HP,14-inch,4GB,Apple,14-inch,4GB
1,-2.25,-0.119140625,HP,14-inch,4GB,Apple,14-inch,8GB
1,-1.8125,-0.1865234375,HP,14-inch,4GB,Apple,14-inch,16GB
1,-2.25,-0.11865234375,HP,14-inch,4GB,Apple,16-inch,4GB
1,-1.9140625,-0.1669921875,HP,14-inch,4GB,Apple,16-inch,8GB
1,-1.609375,-0.2333984375,HP,14-inch,4GB,Apple,16-inch,16GB
1,-2.578125,-0.083984375,HP,14-inch,8GB,ASUS,13-inch,4GB
1,-2.578125,-0.0849609375,HP,14-inch,8GB,ASUS,13-inch,8GB
1,-2.46875,-0.09521484375,HP,14-inch,8GB,ASUS,13-inch,16GB
1,-2.703125,-0.07568359375,HP,14-inch,8GB,ASUS,14-inch,4GB
1,-2.46875,-0.09521484375,HP,14-inch,8GB,ASUS,14-inch,8GB
1,-2.46875,-0.09521484375,HP,14-inch,8GB,ASUS,14-inch,16GB
1,-2.8125,-0.0673828125,HP,14-inch,8GB,ASUS,16-inch,4GB
1,-2.578125,-0.083984375,HP,14-inch,8GB,ASUS,16-inch,8GB
1,-2.578125,-0.0849609375,HP,14-inch,8GB,ASUS,16-inch,16GB
1,-2.46875,-0.09521484375,HP,14-inch,8GB,Lenovo,13-inch,4GB
1,-2.46875,-0.09423828125,HP,14-inch,8GB,Lenovo,13-inch,8GB
1,-2.25,-0.11962890625,HP,14-inch,8GB,Lenovo,13-inch,16GB
1,-2.46875,-0.09521484375,HP,14-inch,8GB,Lenovo,14-inch,4GB
1,-2.359375,-0.10595703125,HP,14-inch,8GB,Lenovo,14-inch,8GB
1,-2.25,-0.119140625,HP,14-inch,8GB,Lenovo,14-inch,16GB
1,-2.703125,-0.0751953125,HP,14-inch,8GB,Lenovo,16-inch,4GB
1,-2.46875,-0.09375,HP,14-inch,8GB,Lenovo,16-inch,8GB
1,-2.46875,-0.09521484375,HP,14-inch,8GB,Lenovo,16-inch,16GB
1,-2.46875,-0.0947265625,HP,14-inch,8GB,HP,13-inch,4GB
1,-2.25,-0.119140625,HP,14-inch,8GB,HP,13-inch,8GB
1,-2.25,-0.11962890625,HP,14-inch,8GB,HP,13-inch,16GB
1,-2.25,-0.125,HP,14-inch,8GB,HP,14-inch,4GB
1,-2.140625,-0.1416015625,HP,14-inch,8GB,HP,14-inch,16GB
1,-2.703125,-0.0751953125,HP,14-inch,8GB,HP,16-inch,4GB
1,-2.578125,-0.08447265625,HP,14-inch,8GB,HP,16-inch,8GB
1,-2.46875,-0.09521484375,HP,14-inch,8GB,HP,16-inch,16GB
1,-2.359375,-0.1064453125,HP,14-inch,8GB,Dell,13-inch,4GB
1,-2.359375,-0.107421875,HP,14-inch,8GB,Dell,13-inch,8GB
1,-2.359375,-0.10693359375,HP,14-inch,8GB,Dell,13-inch,16GB
1,-2.46875,-0.095703125,HP,14-inch,8GB,Dell,14-inch,4GB
1,-2.46875,-0.09521484375,HP,14-inch,8GB,Dell,14-inch,8GB
1,-2.25,-0.11962890625,HP,14-inch,8GB,Dell,14-inch,16GB
1,-2.578125,-0.08544921875,HP,14-inch,8GB,Dell,16-inch,4GB
1,-2.359375,-0.1064453125,HP,14-inch,8GB,Dell,16-inch,8GB
1,-2.46875,-0.09619140625,HP,14-inch,8GB,Dell,16-inch,16GB
1,-2.46875,-0.09521484375,HP,14-inch,8GB,Apple,13-inch,4GB
1,-2.46875,-0.0947265625,HP,14-inch,8GB,Apple,13-inch,8GB
1,-2.25,-0.1201171875,HP,14-inch,8GB,Apple,13-inch,16GB
1,-2.46875,-0.09521484375,HP,14-inch,8GB,Apple,14-inch,4GB
1,-2.46875,-0.09521484375,HP,14-inch,8GB,Apple,14-inch,8GB
1,-2.25,-0.119140625,HP,14-inch,8GB,Apple,14-inch,16GB
1,-2.703125,-0.07568359375,HP,14-inch,8GB,Apple,16-inch,4GB
1,-2.578125,-0.08447265625,HP,14-inch,8GB,Apple,16-inch,8GB
1,-2.359375,-0.107421875,HP,14-inch,8GB,Apple,16-inch,16GB
1,-1.921875,-0.1708984375,HP,14-inch,16GB,ASUS,13-inch,4GB
1,-1.921875,-0.1708984375,HP,14-inch,16GB,ASUS,13-inch,8GB
1,-1.7109375,-0.212890625,HP,14-inch,16GB,ASUS,13-inch,16GB
1,-1.921875,-0.169921875,HP,14-inch,16GB,ASUS,14-inch,4GB
1,-2.03125,-0.150390625,HP,14-inch,16GB,ASUS,14-inch,8GB
1,-1.609375,-0.234375,HP,14-inch,16GB,ASUS,14-inch,16GB
1,-2.140625,-0.134765625,HP,14-inch,16GB,ASUS,16-inch,4GB
1,-2.140625,-0.1337890625,HP,14-inch,16GB,ASUS,16-inch,8GB
1,-1.8125,-0.189453125,HP,14-inch,16GB,ASUS,16-inch,16GB
1,-1.8125,-0.19140625,HP,14-inch,16GB,Lenovo,13-inch,4GB
1,-1.8125,-0.189453125,HP,14-inch,16GB,Lenovo,13-inch,8GB
1,-1.515625,-0.263671875,HP,14-inch,16GB,Lenovo,13-inch,16GB
1,-1.921875,-0.1689453125,HP,14-inch,16GB,Lenovo,14-inch,4GB
1,-1.8125,-0.1875,HP,14-inch,16GB,Lenovo,14-inch,8GB
1,-1.609375,-0.234375,HP,14-inch,16GB,Lenovo,14-inch,16GB
1,-1.921875,-0.16796875,HP,14-inch,16GB,Lenovo,16-inch,4GB
1,-1.9140625,-0.16796875,HP,14-inch,16GB,Lenovo,16-inch,8GB
1,-1.7109375,-0.2099609375,HP,14-inch,16GB,Lenovo,16-inch,16GB
1,-1.609375,-0.2373046875,HP,14-inch,16GB,HP,13-inch,4GB
1,-1.5078125,-0.26171875,HP,14-inch,16GB,HP,13-inch,8GB
1,-1.3203125,-0.32421875,HP,14-inch,16GB,HP,13-inch,16GB
1,-1.609375,-0.236328125,HP,14-inch,16GB,HP,14-inch,4GB
1,-1.7109375,-0.208984375,HP,14-inch,16GB,HP,14-inch,8GB
1,-1.8125,-0.1884765625,HP,14-inch,16GB,HP,16-inch,4GB
1,-2.03125,-0.1494140625,HP,14-inch,16GB,HP,16-inch,8GB
1,-1.7109375,-0.2099609375,HP,14-inch,16GB,HP,16-inch,16GB
1,-1.8125,-0.19140625,HP,14-inch,16GB,Dell,13-inch,4GB
1,-1.921875,-0.1708984375,HP,14-inch,16GB,Dell,13-inch,8GB
1,-1.609375,-0.23828125,HP,14-inch,16GB,Dell,13-inch,16GB
1,-1.8125,-0.1904296875,HP,14-inch,16GB,Dell,14-inch,4GB
1,-2.03125,-0.150390625,HP,14-inch,16GB,Dell,14-inch,8GB
1,-1.609375,-0.234375,HP,14-inch,16GB,Dell,14-inch,16GB
1,-2.03125,-0.1513671875,HP,14-inch,16GB,Dell,16-inch,4GB
1,-2.03125,-0.150390625,HP,14-inch,16GB,Dell,16-inch,8GB
1,-1.8125,-0.189453125,HP,14-inch,16GB,Dell,16-inch,16GB
1,-1.7109375,-0.2138671875,HP,14-inch,16GB,Apple,13-inch,4GB
1,-1.921875,-0.171875,HP,14-inch,16GB,Apple,13-inch,8GB
1,-1.421875,-0.29296875,HP,14-inch,16GB,Apple,13-inch,16GB
1,-1.921875,-0.169921875,HP,14-inch,16GB,Apple,14-inch,4GB
1,-1.921875,-0.1708984375,HP,14-inch,16GB,Apple,14-inch,8GB
1,-1.515625,-0.26171875,HP,14-inch,16GB,Apple,14-inch,16GB
1,-1.921875,-0.1708984375,HP,14-inch,16GB,Apple,16-inch,4GB
1,-1.8125,-0.1904296875,HP,14-inch,16GB,Apple,16-inch,8GB
1,-1.609375,-0.2353515625,HP,14-inch,16GB,Apple,16-inch,16GB
1,-2.8125,-0.06640625,HP,16-inch,4GB,ASUS,13-inch,4GB
1,-2.578125,-0.08447265625,HP,16-inch,4GB,ASUS,13-inch,8GB
1,-2.46875,-0.0947265625,HP,16-inch,4GB,ASUS,13-inch,16GB
1,-2.8125,-0.06640625,HP,16-inch,4GB,ASUS,14-inch,4GB
1,-2.703125,-0.0751953125,HP,16-inch,4GB,ASUS,14-inch,8GB
1,-2.46875,-0.09423828125,HP,16-inch,4GB,ASUS,14-inch,16GB
1,-2.578125,-0.083984375,HP,16-inch,4GB,ASUS,16-inch,4GB
1,-2.359375,-0.1064453125,HP,16-inch,4GB,ASUS,16-inch,8GB
1,-2.03125,-0.1494140625,HP,16-inch,4GB,ASUS,16-inch,16GB
1,-2.8125,-0.06591796875,HP,16-inch,4GB,Lenovo,13-inch,4GB
1,-2.46875,-0.09521484375,HP,16-inch,4GB,Lenovo,13-inch,8GB
1,-2.46875,-0.09521484375,HP,16-inch,4GB,Lenovo,13-inch,16GB
1,-2.703125,-0.07470703125,HP,16-inch,4GB,Lenovo,14-inch,4GB
1,-2.46875,-0.0947265625,HP,16-inch,4GB,Lenovo,14-inch,8GB
1,-2.46875,-0.09423828125,HP,16-inch,4GB,Lenovo,14-inch,16GB
1,-2.46875,-0.09423828125,HP,16-inch,4GB,Lenovo,16-inch,4GB
1,-2.25,-0.119140625,HP,16-inch,4GB,Lenovo,16-inch,8GB
1,-1.9140625,-0.1669921875,HP,16-inch,4GB,Lenovo,16-inch,16GB
1,-2.578125,-0.08447265625,HP,16-inch,4GB,HP,13-inch,4GB
1,-2.46875,-0.09521484375,HP,16-inch,4GB,HP,13-inch,8GB
1,-2.46875,-0.0947265625,HP,16-inch,4GB,HP,13-inch,16GB
1,-2.578125,-0.08447265625,HP,16-inch,4GB,HP,14-inch,4GB
1,-2.359375,-0.10595703125,HP,16-inch,4GB,HP,14-inch,8GB
1,-2.359375,-0.1064453125,HP,16-inch,4GB,HP,14-inch,16GB
1,-2.03125,-0.1494140625,HP,16-inch,4GB,HP,16-inch,8GB
1,-1.8125,-0.1875,HP,16-inch,4GB,HP,16-inch,16GB
1,-2.703125,-0.07470703125,HP,16-inch,4GB,Dell,13-inch,4GB
1,-2.46875,-0.0947265625,HP,16-inch,4GB,Dell,13-inch,8GB
1,-2.46875,-0.09521484375,HP,16-inch,4GB,Dell,13-inch,16GB
1,-2.8125,-0.06640625,HP,16-inch,4GB,Dell,14-inch,4GB
1,-2.578125,-0.083984375,HP,16-inch,4GB,Dell,14-inch,8GB
1,-2.46875,-0.0947265625,HP,16-inch,4GB,Dell,14-inch,16GB
1,-2.578125,-0.08447265625,HP,16-inch,4GB,Dell,16-inch,4GB
1,-2.46875,-0.09521484375,HP,16-inch,4GB,Dell,16-inch,8GB
1,-2.140625,-0.1328125,HP,16-inch,4GB,Dell,16-inch,16GB
1,-2.578125,-0.083984375,HP,16-inch,4GB,Apple,13-inch,4GB
1,-2.46875,-0.095703125,HP,16-inch,4GB,Apple,13-inch,8GB
1,-2.359375,-0.107421875,HP,16-inch,4GB,Apple,13-inch,16GB
1,-2.578125,-0.08447265625,HP,16-inch,4GB,Apple,14-inch,4GB
1,-2.359375,-0.10693359375,HP,16-inch,4GB,Apple,14-inch,8GB
1,-2.359375,-0.1064453125,HP,16-inch,4GB,Apple,14-inch,16GB
1,-2.359375,-0.10595703125,HP,16-inch,4GB,Apple,16-inch,4GB
1,-2.359375,-0.10693359375,HP,16-inch,4GB,Apple,16-inch,8GB
1,-2.03125,-0.1494140625,HP,16-inch,4GB,Apple,16-inch,16GB
1,-2.703125,-0.0751953125,HP,16-inch,8GB,ASUS,13-inch,4GB
1,-2.703125,-0.0751953125,HP,16-inch,8GB,ASUS,13-inch,8GB
1,-2.8125,-0.06689453125,HP,16-inch,8GB,ASUS,13-inch,16GB
1,-2.703125,-0.0751953125,HP,16-inch,8GB,ASUS,14-inch,4GB
1,-2.8125,-0.0673828125,HP,16-inch,8GB,ASUS,14-inch,8GB
1,-2.8125,-0.0673828125,HP,16-inch,8GB,ASUS,14-inch,16GB
1,-2.703125,-0.07470703125,HP,16-inch,8GB,ASUS,16-inch,4GB
1,-2.703125,-0.0751953125,HP,16-inch,8GB,ASUS,16-inch,8GB
1,-2.578125,-0.083984375,HP,16-inch,8GB,ASUS,16-inch,16GB
1,-2.578125,-0.08447265625,HP,16-inch,8GB,Lenovo,13-inch,4GB
1,-2.578125,-0.08447265625,HP,16-inch,8GB,Lenovo,13-inch,8GB
1,-2.703125,-0.07568359375,HP,16-inch,8GB,Lenovo,13-inch,16GB
1,-2.703125,-0.07470703125,HP,16-inch,8GB,Lenovo,14-inch,4GB
1,-2.703125,-0.07470703125,HP,16-inch,8GB,Lenovo,14-inch,8GB
1,-2.703125,-0.0751953125,HP,16-inch,8GB,Lenovo,14-inch,16GB
1,-2.578125,-0.08349609375,HP,16-inch,8GB,Lenovo,16-inch,4GB
1,-2.578125,-0.083984375,HP,16-inch,8GB,Lenovo,16-inch,8GB
1,-2.359375,-0.10546875,HP,16-inch,8GB,Lenovo,16-inch,16GB
1,-2.578125,-0.08447265625,HP,16-inch,8GB,HP,13-inch,4GB
1,-2.578125,-0.08447265625,HP,16-inch,8GB,HP,13-inch,8GB
1,-2.703125,-0.07568359375,HP,16-inch,8GB,HP,13-inch,16GB
1,-2.578125,-0.08447265625,HP,16-inch,8GB,HP,14-inch,4GB
1,-2.578125,-0.08447265625,HP,16-inch,8GB,HP,14-inch,8GB
1,-2.8125,-0.06689453125,HP,16-inch,8GB,HP,14-inch,16GB
1,-2.46875,-0.0947265625,HP,16-inch,8GB,HP,16-inch,4GB
1,-2.25,-0.1181640625,HP,16-inch,8GB,HP,16-inch,16GB
1,-2.703125,-0.0751953125,HP,16-inch,8GB,Dell,13-inch,4GB
1,-2.8125,-0.0673828125,HP,16-inch,8GB,Dell,13-inch,8GB
1,-2.8125,-0.06787109375,HP,16-inch,8GB,Dell,13-inch,16GB
1,-2.578125,-0.08447265625,HP,16-inch,8GB,Dell,14-inch,4GB
1,-2.703125,-0.0751953125,HP,16-inch,8GB,Dell,14-inch,8GB
1,-2.8125,-0.06689453125,HP,16-inch,8GB,Dell,14-inch,16GB
1,-2.578125,-0.083984375,HP,16-inch,8GB,Dell,16-inch,4GB
1,-2.703125,-0.0751953125,HP,16-inch,8GB,Dell,16-inch,8GB
1,-2.578125,-0.083984375,HP,16-inch,8GB,Dell,16-inch,16GB
1,-2.8125,-0.06689453125,HP,16-inch,8GB,Apple,13-inch,4GB
1,-2.703125,-0.0751953125,HP,16-inch,8GB,Apple,13-inch,8GB
1,-2.578125,-0.08544921875,HP,16-inch,8GB,Apple,13-inch,16GB
1,-2.703125,-0.0751953125,HP,16-inch,8GB,Apple,14-inch,4GB
1,-2.703125,-0.07568359375,HP,16-inch,8GB,Apple,14-inch,8GB
1,-2.578125,-0.0849609375,HP,16-inch,8GB,Apple,14-inch,16GB
1,-2.703125,-0.07470703125,HP,16-inch,8GB,Apple,16-inch,4GB
1,-2.578125,-0.083984375,HP,16-inch,8GB,Apple,16-inch,8GB
1,-2.359375,-0.10546875,HP,16-inch,8GB,Apple,16-inch,16GB
1,-2.25,-0.12158203125,HP,16-inch,16GB,ASUS,13-inch,4GB
1,-2.140625,-0.1337890625,HP,16-inch,16GB,ASUS,13-inch,8GB
1,-2.03125,-0.1513671875,HP,16-inch,16GB,ASUS,13-inch,16GB
1,-2.140625,-0.146484375,HP,16-inch,16GB,ASUS,14-inch,4GB
1,-2.03125,-0.16015625,HP,16-inch,16GB,ASUS,14-inch,8GB
1,-2.140625,-0.1416015625,HP,16-inch,16GB,ASUS,14-inch,16GB
1,-2.03125,-0.1611328125,HP,16-inch,16GB,ASUS,16-inch,4GB
1,-1.921875,-0.17578125,HP,16-inch,16GB,ASUS,16-inch,8GB
1,-1.8203125,-0.1943359375,HP,16-inch,16GB,ASUS,16-inch,16GB
1,-2.140625,-0.13671875,HP,16-inch,16GB,Lenovo,13-inch,4GB
1,-2.03125,-0.1513671875,HP,16-inch,16GB,Lenovo,13-inch,8GB
1,-1.921875,-0.169921875,HP,16-inch,16GB,Lenovo,13-inch,16GB
1,-1.9296875,-0.177734375,HP,16-inch,16GB,Lenovo,14-inch,4GB
1,-1.8203125,-0.1962890625,HP,16-inch,16GB,Lenovo,14-inch,8GB
1,-1.8203125,-0.1962890625,HP,16-inch,16GB,Lenovo,14-inch,16GB
1,-1.9296875,-0.177734375,HP,16-inch,16GB,Lenovo,16-inch,4GB
1,-1.921875,-0.173828125,HP,16-inch,16GB,Lenovo,16-inch,8GB
1,-1.71875,-0.2158203125,HP,16-inch,16GB,Lenovo,16-inch,16GB
1,-1.921875,-0.1689453125,HP,16-inch,16GB,HP,13-inch,4GB
1,-1.921875,-0.1689453125,HP,16-inch,16GB,HP,13-inch,8GB
1,-1.8125,-0.1904296875,HP,16-inch,16GB,HP,13-inch,16GB
1,-1.7265625,-0.2236328125,HP,16-inch,16GB,HP,14-inch,4GB
1,-1.8203125,-0.1943359375,HP,16-inch,16GB,HP,14-inch,8GB
1,-1.8203125,-0.1953125,HP,16-inch,16GB,HP,14-inch,16GB
1,-1.71875,-0.220703125,HP,16-inch,16GB,HP,16-inch,4GB
1,-1.7109375,-0.21484375,HP,16-inch,16GB,HP,16-inch,8GB
1,-2.03125,-0.15234375,HP,16-inch,16GB,Dell,13-inch,4GB
1,-1.921875,-0.169921875,HP,16-inch,16GB,Dell,13-inch,8GB
1,-2.03125,-0.1533203125,HP,16-inch,16GB,Dell,13-inch,16GB
1,-1.828125,-0.19921875,HP,16-inch,16GB,Dell,14-inch,4GB
1,-1.8203125,-0.1953125,HP,16-inch,16GB,Dell,14-inch,8GB
1,-1.9296875,-0.1787109375,HP,16-inch,16GB,Dell,14-inch,16GB
1,-1.9296875,-0.1787109375,HP,16-inch,16GB,Dell,16-inch,4GB
1,-2.140625,-0.138671875,HP,16-inch,16GB,Dell,16-inch,8GB
1,-1.71875,-0.2158203125,HP,16-inch,16GB,Dell,16-inch,16GB
1,-2.03125,-0.154296875,HP,16-inch,16GB,Apple,13-inch,4GB
1,-2.03125,-0.1513671875,HP,16-inch,16GB,Apple,13-inch,8GB
1,-1.8125,-0.19140625,HP,16-inch,16GB,Apple,13-inch,16GB
1,-2.03125,-0.162109375,HP,16-inch,16GB,Apple,14-inch,4GB
1,-1.8203125,-0.1962890625,HP,16-inch,16GB,Apple,14-inch,8GB
1,-1.8203125,-0.197265625,HP,16-inch,16GB,Apple,14-inch,16GB
1,-2.03125,-0.1611328125,HP,16-inch,16GB,Apple,16-inch,4GB
1,-2.03125,-0.15625,HP,16-inch,16GB,Apple,16-inch,8GB
1,-1.71875,-0.216796875,HP,16-inch,16GB,Apple,16-inch,16GB
1,-2.578125,-0.083984375,Dell,13-inch,4GB,ASUS,13-inch,4GB
1,-2.25,-0.11865234375,Dell,13-inch,4GB,ASUS,13-inch,8GB
1,-2.03125,-0.150390625,Dell,13-inch,4GB,ASUS,13-inch,16GB
1,-2.703125,-0.07470703125,Dell,13-inch,4GB,ASUS,14-inch,4GB
1,-2.46875,-0.09521484375,Dell,13-inch,4GB,ASUS,14-inch,8GB
1,-2.140625,-0.1337890625,Dell,13-inch,4GB,ASUS,14-inch,16GB
1,-2.578125,-0.08447265625,Dell,13-inch,4GB,ASUS,16-inch,4GB
1,-2.359375,-0.10693359375,Dell,13-inch,4GB,ASUS,16-inch,8GB
1,-2.140625,-0.1337890625,Dell,13-inch,4GB,ASUS,16-inch,16GB
1,-2.25,-0.119140625,Dell,13-inch,4GB,Lenovo,13-inch,4GB
1,-1.609375,-0.2333984375,Dell,13-inch,4GB,Lenovo,13-inch,8GB
1,-1.8125,-0.1875,Dell,13-inch,4GB,Lenovo,13-inch,16GB
1,-2.46875,-0.0947265625,Dell,13-inch,4GB,Lenovo,14-inch,4GB
1,-2.03125,-0.150390625,Dell,13-inch,4GB,Lenovo,14-inch,8GB
1,-1.8125,-0.1875,Dell,13-inch,4GB,Lenovo,14-inch,16GB
1,-2.359375,-0.10595703125,Dell,13-inch,4GB,Lenovo,16-inch,4GB
1,-2.03125,-0.1513671875,Dell,13-inch,4GB,Lenovo,16-inch,8GB
1,-1.921875,-0.1689453125,Dell,13-inch,4GB,Lenovo,16-inch,16GB
1,-2.46875,-0.0947265625,Dell,13-inch,4GB,HP,13-inch,4GB
1,-2.03125,-0.150390625,Dell,13-inch,4GB,HP,13-inch,8GB
1,-1.921875,-0.1689453125,Dell,13-inch,4GB,HP,13-inch,16GB
1,-2.578125,-0.08447265625,Dell,13-inch,4GB,HP,14-inch,4GB
1,-2.140625,-0.134765625,Dell,13-inch,4GB,HP,14-inch,8GB
1,-2.03125,-0.150390625,Dell,13-inch,4GB,HP,14-inch,16GB
1,-2.46875,-0.0947265625,Dell,13-inch,4GB,HP,16-inch,4GB
1,-2.03125,-0.150390625,Dell,13-inch,4GB,HP,16-inch,8GB
1,-2.03125,-0.1513671875,Dell,13-inch,4GB,HP,16-inch,16GB
1,-1.8125,-0.1865234375,Dell,13-inch,4GB,Dell,13-inch,8GB
1,-1.8125,-0.1875,Dell,13-inch,4GB,Dell,13-inch,16GB
1,-2.46875,-0.09521484375,Dell,13-inch,4GB,Dell,14-inch,4GB
1,-2.140625,-0.134765625,Dell,13-inch,4GB,Dell,14-inch,8GB
1,-1.921875,-0.169921875,Dell,13-inch,4GB,Dell,14-inch,16GB
1,-2.578125,-0.08447265625,Dell,13-inch,4GB,Dell,16-inch,4GB
1,-2.25,-0.1201171875,Dell,13-inch,4GB,Dell,16-inch,8GB
1,-2.140625,-0.134765625,Dell,13-inch,4GB,Dell,16-inch,16GB
1,-2.140625,-0.1328125,Dell,13-inch,4GB,Apple,13-inch,4GB
1,-2.03125,-0.1494140625,Dell,13-inch,4GB,Apple,13-inch,8GB
1,-1.9140625,-0.16796875,Dell,13-inch,4GB,Apple,13-inch,16GB
1,-2.359375,-0.1064453125,Dell,13-inch,4GB,Apple,14-inch,4GB
1,-2.140625,-0.134765625,Dell,13-inch,4GB,Apple,14-inch,8GB
1,-1.921875,-0.1689453125,Dell,13-inch,4GB,Apple,14-inch,16GB
1,-2.46875,-0.09521484375,Dell,13-inch,4GB,Apple,16-inch,4GB
1,-2.140625,-0.134765625,Dell,13-inch,4GB,Apple,16-inch,8GB
1,-1.921875,-0.1689453125,Dell,13-inch,4GB,Apple,16-inch,16GB
1,-2.359375,-0.10498046875,Dell,13-inch,8GB,ASUS,13-inch,4GB
1,-2.46875,-0.09375,Dell,13-inch,8GB,ASUS,13-inch,8GB
1,-2.25,-0.1181640625,Dell,13-inch,8GB,ASUS,13-inch,16GB
1,-2.25,-0.1181640625,Dell,13-inch,8GB,ASUS,14-inch,4GB
1,-2.703125,-0.07470703125,Dell,13-inch,8GB,ASUS,14-inch,8GB
1,-2.359375,-0.10595703125,Dell,13-inch,8GB,ASUS,14-inch,16GB
1,-2.359375,-0.10546875,Dell,13-inch,8GB,ASUS,16-inch,4GB
1,-2.578125,-0.08349609375,Dell,13-inch,8GB,ASUS,16-inch,8GB
1,-2.46875,-0.09375,Dell,13-inch,8GB,ASUS,16-inch,16GB
1,-2.015625,-0.1474609375,Dell,13-inch,8GB,Lenovo,13-inch,4GB
1,-2.25,-0.11767578125,Dell,13-inch,8GB,Lenovo,13-inch,8GB
1,-2.125,-0.1328125,Dell,13-inch,8GB,Lenovo,13-inch,16GB
1,-1.9140625,-0.166015625,Dell,13-inch,8GB,Lenovo,14-inch,4GB
1,-2.25,-0.11865234375,Dell,13-inch,8GB,Lenovo,14-inch,8GB
1,-2.140625,-0.1328125,Dell,13-inch,8GB,Lenovo,14-inch,16GB
1,-2.03125,-0.1484375,Dell,13-inch,8GB,Lenovo,16-inch,4GB
1,-2.140625,-0.1337890625,Dell,13-inch,8GB,Lenovo,16-inch,8GB
1,-2.140625,-0.1328125,Dell,13-inch,8GB,Lenovo,16-inch,16GB
1,-2.125,-0.1318359375,Dell,13-inch,8GB,HP,13-inch,4GB
1,-2.359375,-0.10546875,Dell,13-inch,8GB,HP,13-inch,8GB
1,-2.25,-0.11865234375,Dell,13-inch,8GB,HP,13-inch,16GB
1,-2.25,-0.1181640625,Dell,13-inch,8GB,HP,14-inch,4GB
1,-2.46875,-0.09423828125,Dell,13-inch,8GB,HP,14-inch,8GB
1,-2.25,-0.119140625,Dell,13-inch,8GB,HP,14-inch,16GB
1,-2.25,-0.1181640625,Dell,13-inch,8GB,HP,16-inch,4GB
1,-2.46875,-0.09423828125,Dell,13-inch,8GB,HP,16-inch,8GB
1,-2.25,-0.11865234375,Dell,13-inch,8GB,HP,16-inch,16GB
1,-1.8125,-0.1865234375,Dell,13-inch,8GB,Dell,13-inch,4GB
1,-1.9140625,-0.1669921875,Dell,13-inch,8GB,Dell,13-inch,16GB
1,-1.9140625,-0.16796875,Dell,13-inch,8GB,Dell,14-inch,4GB
1,-2.140625,-0.1337890625,Dell,13-inch,8GB,Dell,14-inch,8GB
1,-2.03125,-0.150390625,Dell,13-inch,8GB,Dell,14-inch,16GB
1,-2.03125,-0.150390625,Dell,13-inch,8GB,Dell,16-inch,4GB
1,-2.25,-0.11962890625,Dell,13-inch,8GB,Dell,16-inch,8GB
1,-2.140625,-0.1337890625,Dell,13-inch,8GB,Dell,16-inch,16GB
1,-2.125,-0.1318359375,Dell,13-inch,8GB,Apple,13-inch,4GB
1,-2.25,-0.1181640625,Dell,13-inch,8GB,Apple,13-inch,8GB
1,-2.03125,-0.1494140625,Dell,13-inch,8GB,Apple,13-inch,16GB
1,-2.03125,-0.1494140625,Dell,13-inch,8GB,Apple,14-inch,4GB
1,-2.25,-0.11962890625,Dell,13-inch,8GB,Apple,14-inch,8GB
1,-2.140625,-0.1337890625,Dell,13-inch,8GB,Apple,14-inch,16GB
1,-2.140625,-0.1337890625,Dell,13-inch,8GB,Apple,16-inch,4GB
1,-2.25,-0.119140625,Dell,13-inch,8GB,Apple,16-inch,8GB
1,-2.140625,-0.1328125,Dell,13-inch,8GB,Apple,16-inch,16GB
1,-2.46875,-0.0966796875,Dell,13-inch,16GB,ASUS,13-inch,4GB
1,-2.359375,-0.1064453125,Dell,13-inch,16GB,ASUS,13-inch,8GB
1,-2.578125,-0.0859375,Dell,13-inch,16GB,ASUS,13-inch,16GB
1,-2.703125,-0.076171875,Dell,13-inch,16GB,ASUS,14-inch,4GB
1,-2.703125,-0.0751953125,Dell,13-inch,16GB,ASUS,14-inch,8GB
1,-2.8125,-0.0673828125,Dell,13-inch,16GB,ASUS,14-inch,16GB
1,-3.046875,-0.053955078125,Dell,13-inch,16GB,ASUS,16-inch,4GB
1,-2.8125,-0.06689453125,Dell,13-inch,16GB,ASUS,16-inch,8GB
1,-2.8125,-0.068359375,Dell,13-inch,16GB,ASUS,16-inch,16GB
1,-2.578125,-0.0849609375,Dell,13-inch,16GB,Lenovo,13-inch,4GB
1,-2.359375,-0.1064453125,Dell,13-inch,16GB,Lenovo,13-inch,8GB
1,-2.46875,-0.09619140625,Dell,13-inch,16GB,Lenovo,13-inch,16GB
1,-2.8125,-0.06787109375,Dell,13-inch,16GB,Lenovo,14-inch,4GB
1,-2.703125,-0.0751953125,Dell,13-inch,16GB,Lenovo,14-inch,8GB
1,-2.8125,-0.06787109375,Dell,13-inch,16GB,Lenovo,14-inch,16GB
1,-3.046875,-0.053955078125,Dell,13-inch,16GB,Lenovo,16-inch,4GB
1,-2.8125,-0.06689453125,Dell,13-inch,16GB,Lenovo,16-inch,8GB
1,-2.8125,-0.06787109375,Dell,13-inch,16GB,Lenovo,16-inch,16GB
1,-2.578125,-0.08544921875,Dell,13-inch,16GB,HP,13-inch,4GB
1,-2.359375,-0.1064453125,Dell,13-inch,16GB,HP,13-inch,8GB
1,-2.59375,-0.08642578125,Dell,13-inch,16GB,HP,13-inch,16GB
1,-2.8125,-0.0673828125,Dell,13-inch,16GB,HP,14-inch,4GB
1,-2.578125,-0.08447265625,Dell,13-inch,16GB,HP,14-inch,8GB
1,-2.703125,-0.07568359375,Dell,13-inch,16GB,HP,14-inch,16GB
1,-3.046875,-0.053955078125,Dell,13-inch,16GB,HP,16-inch,4GB
1,-2.8125,-0.06689453125,Dell,13-inch,16GB,HP,16-inch,8GB
1,-2.8125,-0.06787109375,Dell,13-inch,16GB,HP,16-inch,16GB
1,-2.25,-0.12109375,Dell,13-inch,16GB,Dell,13-inch,4GB
1,-2.25,-0.119140625,Dell,13-inch,16GB,Dell,13-inch,8GB
1,-2.46875,-0.09619140625,Dell,13-inch,16GB,Dell,14-inch,4GB
1,-2.703125,-0.07470703125,Dell,13-inch,16GB,Dell,14-inch,8GB
1,-2.578125,-0.08544921875,Dell,13-inch,16GB,Dell,14-inch,16GB
1,-2.8125,-0.068359375,Dell,13-inch,16GB,Dell,16-inch,4GB
1,-2.8125,-0.06689453125,Dell,13-inch,16GB,Dell,16-inch,8GB
1,-2.9375,-0.060791015625,Dell,13-inch,16GB,Dell,16-inch,16GB
1,-2.46875,-0.09765625,Dell,13-inch,16GB,Apple,13-inch,4GB
1,-2.359375,-0.1064453125,Dell,13-inch,16GB,Apple,13-inch,8GB
1,-2.359375,-0.10791015625,Dell,13-inch,16GB,Apple,13-inch,16GB
1,-2.703125,-0.07666015625,Dell,13-inch,16GB,Apple,14-inch,4GB
1,-2.703125,-0.07568359375,Dell,13-inch,16GB,Apple,14-inch,8GB
1,-2.578125,-0.0859375,Dell,13-inch,16GB,Apple,14-inch,16GB
1,-2.8125,-0.06884765625,Dell,13-inch,16GB,Apple,16-inch,4GB
1,-2.703125,-0.0751953125,Dell,13-inch,16GB,Apple,16-inch,8GB
1,-2.59375,-0.08642578125,Dell,13-inch,16GB,Apple,16-inch,16GB
1,-2.8125,-0.06591796875,Dell,14-inch,4GB,ASUS,13-inch,4GB
1,-2.578125,-0.08349609375,Dell,14-inch,4GB,ASUS,13-inch,8GB
1,-2.359375,-0.10546875,Dell,14-inch,4GB,ASUS,13-inch,16GB
1,-2.703125,-0.07421875,Dell,14-inch,4GB,ASUS,14-inch,4GB
1,-2.578125,-0.08349609375,Dell,14-inch,4GB,ASUS,14-inch,8GB
1,-2.359375,-0.10498046875,Dell,14-inch,4GB,ASUS,14-inch,16GB
1,-2.703125,-0.07470703125,Dell,14-inch,4GB,ASUS,16-inch,4GB
1,-2.578125,-0.083984375,Dell,14-inch,4GB,ASUS,16-inch,8GB
1,-2.46875,-0.09423828125,Dell,14-inch,4GB,ASUS,16-inch,16GB
1,-2.703125,-0.07470703125,Dell,14-inch,4GB,Lenovo,13-inch,4GB
1,-2.25,-0.1181640625,Dell,14-inch,4GB,Lenovo,13-inch,8GB
1,-2.125,-0.1328125,Dell,14-inch,4GB,Lenovo,13-inch,16GB
1,-2.578125,-0.08349609375,Dell,14-inch,4GB,Lenovo,14-inch,4GB
1,-2.46875,-0.09375,Dell,14-inch,4GB,Lenovo,14-inch,8GB
1,-2.125,-0.1328125,Dell,14-inch,4GB,Lenovo,14-inch,16GB
1,-2.578125,-0.08349609375,Dell,14-inch,4GB,Lenovo,16-inch,4GB
1,-2.25,-0.1181640625,Dell,14-inch,4GB,Lenovo,16-inch,8GB
1,-2.03125,-0.1484375,Dell,14-inch,4GB,Lenovo,16-inch,16GB
1,-2.8125,-0.06640625,Dell,14-inch,4GB,HP,13-inch,4GB
1,-2.46875,-0.09423828125,Dell,14-inch,4GB,HP,13-inch,8GB
1,-2.359375,-0.10595703125,Dell,14-inch,4GB,HP,13-inch,16GB
1,-2.703125,-0.07470703125,Dell,14-inch,4GB,HP,14-inch,4GB
1,-2.578125,-0.08349609375,Dell,14-inch,4GB,HP,14-inch,8GB
1,-2.25,-0.11865234375,Dell,14-inch,4GB,HP,14-inch,16GB
1,-2.703125,-0.07470703125,Dell,14-inch,4GB,HP,16-inch,4GB
1,-2.46875,-0.0947265625,Dell,14-inch,4GB,HP,16-inch,8GB
1,-2.359375,-0.10595703125,Dell,14-inch,4GB,HP,16-inch,16GB
1,-2.703125,-0.07470703125,Dell,14-inch,4GB,Dell,13-inch,4GB
1,-2.359375,-0.10595703125,Dell,14-inch,4GB,Dell,13-inch,8GB
1,-2.359375,-0.10546875,Dell,14-inch,4GB,Dell,13-inch,16GB
1,-2.359375,-0.1044921875,Dell,14-inch,4GB,Dell,14-inch,8GB
1,-2.125,-0.1328125,Dell,14-inch,4GB,Dell,14-inch,16GB
1,-2.703125,-0.07470703125,Dell,14-inch,4GB,Dell,16-inch,4GB
1,-2.359375,-0.10498046875,Dell,14-inch,4GB,Dell,16-inch,8GB
1,-2.359375,-0.10546875,Dell,14-inch,4GB,Dell,16-inch,16GB
1,-2.578125,-0.08349609375,Dell,14-inch,4GB,Apple,13-inch,4GB
1,-2.25,-0.119140625,Dell,14-inch,4GB,Apple,13-inch,8GB
1,-2.140625,-0.1337890625,Dell,14-inch,4GB,Apple,13-inch,16GB
1,-2.578125,-0.0830078125,Dell,14-inch,4GB,Apple,14-inch,4GB
1,-2.46875,-0.09326171875,Dell,14-inch,4GB,Apple,14-inch,8GB
1,-2.25,-0.1181640625,Dell,14-inch,4GB,Apple,14-inch,16GB
1,-2.578125,-0.083984375,Dell,14-inch,4GB,Apple,16-inch,4GB
1,-2.46875,-0.0947265625,Dell,14-inch,4GB,Apple,16-inch,8GB
1,-2.140625,-0.1337890625,Dell,14-inch,4GB,Apple,16-inch,16GB
1,-2.703125,-0.07373046875,Dell,14-inch,8GB,ASUS,13-inch,4GB
1,-3.046875,-0.052001953125,Dell,14-inch,8GB,ASUS,13-inch,8GB
1,-2.703125,-0.07470703125,Dell,14-inch,8GB,ASUS,13-inch,16GB
1,-2.8125,-0.0654296875,Dell,14-inch,8GB,ASUS,14-inch,4GB
1,-2.9375,-0.058349609375,Dell,14-inch,8GB,ASUS,14-inch,8GB
1,-2.578125,-0.08349609375,Dell,14-inch,8GB,ASUS,14-inch,16GB
1,-3.046875,-0.052001953125,Dell,14-inch,8GB,ASUS,16-inch,4GB
1,-3.171875,-0.046142578125,Dell,14-inch,8GB,ASUS,16-inch,8GB
1,-2.9375,-0.05859375,Dell,14-inch,8GB,ASUS,16-inch,16GB
1,-2.578125,-0.0830078125,Dell,14-inch,8GB,Lenovo,13-inch,4GB
1,-2.703125,-0.07421875,Dell,14-inch,8GB,Lenovo,13-inch,8GB
1,-2.46875,-0.09375,Dell,14-inch,8GB,Lenovo,13-inch,16GB
1,-2.46875,-0.09326171875,Dell,14-inch,8GB,Lenovo,14-inch,4GB
1,-2.703125,-0.07373046875,Dell,14-inch,8GB,Lenovo,14-inch,8GB
1,-2.359375,-0.10498046875,Dell,14-inch,8GB,Lenovo,14-inch,16GB
1,-2.703125,-0.07373046875,Dell,14-inch,8GB,Lenovo,16-inch,4GB
1,-2.703125,-0.07421875,Dell,14-inch,8GB,Lenovo,16-inch,8GB
1,-2.703125,-0.07421875,Dell,14-inch,8GB,Lenovo,16-inch,16GB
1,-2.703125,-0.07421875,Dell,14-inch,8GB,HP,13-inch,4GB
1,-2.8125,-0.06591796875,Dell,14-inch,8GB,HP,13-inch,8GB
1,-2.578125,-0.08349609375,Dell,14-inch,8GB,HP,13-inch,16GB
1,-2.46875,-0.09326171875,Dell,14-inch,8GB,HP,14-inch,4GB
1,-2.8125,-0.06591796875,Dell,14-inch,8GB,HP,14-inch,8GB
1,-2.46875,-0.09375,Dell,14-inch,8GB,HP,14-inch,16GB
1,-2.8125,-0.06591796875,Dell,14-inch,8GB,HP,16-inch,4GB
1,-2.9375,-0.05859375,Dell,14-inch,8GB,HP,16-inch,8GB
1,-2.703125,-0.07421875,Dell,14-inch,8GB,HP,16-inch,16GB
1,-2.46875,-0.09423828125,Dell,14-inch,8GB,Dell,13-inch,4GB
1,-2.578125,-0.08349609375,Dell,14-inch,8GB,Dell,13-inch,8GB
1,-2.578125,-0.08349609375,Dell,14-inch,8GB,Dell,13-inch,16GB
1,-2.359375,-0.1044921875,Dell,14-inch,8GB,Dell,14-inch,4GB
1,-2.46875,-0.09326171875,Dell,14-inch,8GB,Dell,14-inch,16GB
1,-2.8125,-0.06591796875,Dell,14-inch,8GB,Dell,16-inch,4GB
1,-2.8125,-0.06591796875,Dell,14-inch,8GB,Dell,16-inch,8GB
1,-2.8125,-0.06640625,Dell,14-inch,8GB,Dell,16-inch,16GB
1,-2.578125,-0.083984375,Dell,14-inch,8GB,Apple,13-inch,4GB
1,-2.703125,-0.07470703125,Dell,14-inch,8GB,Apple,13-inch,8GB
1,-2.578125,-0.083984375,Dell,14-inch,8GB,Apple,13-inch,16GB
1,-2.578125,-0.08349609375,Dell,14-inch,8GB,Apple,14-inch,4GB
1,-2.578125,-0.0830078125,Dell,14-inch,8GB,Apple,14-inch,8GB
1,-2.359375,-0.10498046875,Dell,14-inch,8GB,Apple,14-inch,16GB
1,-2.8125,-0.06591796875,Dell,14-inch,8GB,Apple,16-inch,4GB
1,-2.8125,-0.06640625,Dell,14-inch,8GB,Apple,16-inch,8GB
1,-2.8125,-0.06640625,Dell,14-inch,8GB,Apple,16-inch,16GB
1,-2.140625,-0.134765625,Dell,14-inch,16GB,ASUS,13-inch,4GB
1,-2.140625,-0.1337890625,Dell,14-inch,16GB,ASUS,13-inch,8GB
1,-2.140625,-0.134765625,Dell,14-inch,16GB,ASUS,13-inch,16GB
1,-2.03125,-0.150390625,Dell,14-inch,16GB,ASUS,14-inch,4GB
1,-2.03125,-0.1494140625,Dell,14-inch,16GB,ASUS,14-inch,8GB
1,-2.03125,-0.150390625,Dell,14-inch,16GB,ASUS,14-inch,16GB
1,-2.359375,-0.10693359375,Dell,14-inch,16GB,ASUS,16-inch,4GB
1,-2.25,-0.1181640625,Dell,14-inch,16GB,ASUS,16-inch,8GB
1,-2.140625,-0.134765625,Dell,14-inch,16GB,ASUS,16-inch,16GB
1,-2.140625,-0.1337890625,Dell,14-inch,16GB,Lenovo,13-inch,4GB
1,-2.03125,-0.150390625,Dell,14-inch,16GB,Lenovo,13-inch,8GB
1,-2.03125,-0.1513671875,Dell,14-inch,16GB,Lenovo,13-inch,16GB
1,-2.03125,-0.150390625,Dell,14-inch,16GB,Lenovo,14-inch,4GB
1,-2.03125,-0.1494140625,Dell,14-inch,16GB,Lenovo,14-inch,8GB
1,-1.921875,-0.169921875,Dell,14-inch,16GB,Lenovo,14-inch,16GB
1,-2.359375,-0.10693359375,Dell,14-inch,16GB,Lenovo,16-inch,4GB
1,-2.359375,-0.10595703125,Dell,14-inch,16GB,Lenovo,16-inch,8GB
1,-2.03125,-0.1513671875,Dell,14-inch,16GB,Lenovo,16-inch,16GB
1,-2.140625,-0.1337890625,Dell,14-inch,16GB,HP,13-inch,4GB
1,-2.03125,-0.150390625,Dell,14-inch,16GB,HP,13-inch,8GB
1,-2.140625,-0.134765625,Dell,14-inch,16GB,HP,13-inch,16GB
1,-2.140625,-0.134765625,Dell,14-inch,16GB,HP,14-inch,4GB
1,-2.03125,-0.1494140625,Dell,14-inch,16GB,HP,14-inch,8GB
1,-2.03125,-0.1513671875,Dell,14-inch,16GB,HP,14-inch,16GB
1,-2.25,-0.11962890625,Dell,14-inch,16GB,HP,16-inch,4GB
1,-2.359375,-0.10595703125,Dell,14-inch,16GB,HP,16-inch,8GB
1,-2.140625,-0.134765625,Dell,14-inch,16GB,HP,16-inch,16GB
1,-1.921875,-0.1689453125,Dell,14-inch,16GB,Dell,13-inch,4GB
1,-2.03125,-0.150390625,Dell,14-inch,16GB,Dell,13-inch,8GB
1,-1.8125,-0.189453125,Dell,14-inch,16GB,Dell,13-inch,16GB
1,-1.8125,-0.189453125,Dell,14-inch,16GB,Dell,14-inch,4GB
1,-1.8125,-0.1875,Dell,14-inch,16GB,Dell,14-inch,8GB
1,-2.140625,-0.1337890625,Dell,14-inch,16GB,Dell,16-inch,4GB
1,-2.140625,-0.1328125,Dell,14-inch,16GB,Dell,16-inch,8GB
1,-2.03125,-0.15234375,Dell,14-inch,16GB,Dell,16-inch,16GB
1,-2.03125,-0.1513671875,Dell,14-inch,16GB,Apple,13-inch,4GB
1,-2.03125,-0.150390625,Dell,14-inch,16GB,Apple,13-inch,8GB
1,-1.8125,-0.1904296875,Dell,14-inch,16GB,Apple,13-inch,16GB
1,-1.921875,-0.1689453125,Dell,14-inch,16GB,Apple,14-inch,4GB
1,-1.8125,-0.1875,Dell,14-inch,16GB,Apple,14-inch,8GB
1,-1.7109375,-0.2119140625,Dell,14-inch,16GB,Apple,14-inch,16GB
1,-2.25,-0.12060546875,Dell,14-inch,16GB,Apple,16-inch,4GB
1,-2.140625,-0.1337890625,Dell,14-inch,16GB,Apple,16-inch,8GB
1,-2.03125,-0.15234375,Dell,14-inch,16GB,Apple,16-inch,16GB
1,-2.25,-0.119140625,Dell,16-inch,4GB,ASUS,13-inch,4GB
1,-2.359375,-0.10693359375,Dell,16-inch,4GB,ASUS,13-inch,8GB
1,-2.46875,-0.095703125,Dell,16-inch,4GB,ASUS,13-inch,16GB
1,-2.25,-0.1181640625,Dell,16-inch,4GB,ASUS,14-inch,4GB
1,-2.46875,-0.0947265625,Dell,16-inch,4GB,ASUS,14-inch,8GB
1,-2.46875,-0.09521484375,Dell,16-inch,4GB,ASUS,14-inch,16GB
1,-2.25,-0.11865234375,Dell,16-inch,4GB,ASUS,16-inch,4GB
1,-2.25,-0.119140625,Dell,16-inch,4GB,ASUS,16-inch,8GB
1,-2.25,-0.11962890625,Dell,16-inch,4GB,ASUS,16-inch,16GB
1,-2.140625,-0.1337890625,Dell,16-inch,4GB,Lenovo,13-inch,4GB
1,-2.140625,-0.1337890625,Dell,16-inch,4GB,Lenovo,13-inch,8GB
1,-2.25,-0.12060546875,Dell,16-inch,4GB,Lenovo,13-inch,16GB
1,-2.140625,-0.1328125,Dell,16-inch,4GB,Lenovo,14-inch,4GB
1,-2.25,-0.11962890625,Dell,16-inch,4GB,Lenovo,14-inch,8GB
1,-2.25,-0.11962890625,Dell,16-inch,4GB,Lenovo,14-inch,16GB
1,-2.03125,-0.1494140625,Dell,16-inch,4GB,Lenovo,16-inch,4GB
1,-1.9140625,-0.16796875,Dell,16-inch,4GB,Lenovo,16-inch,8GB
1,-1.9140625,-0.16796875,Dell,16-inch,4GB,Lenovo,16-inch,16GB
1,-2.03125,-0.1494140625,Dell,16-inch,4GB,HP,13-inch,4GB
1,-2.25,-0.11962890625,Dell,16-inch,4GB,HP,13-inch,8GB
1,-2.25,-0.12060546875,Dell,16-inch,4GB,HP,13-inch,16GB
1,-2.140625,-0.1337890625,Dell,16-inch,4GB,HP,14-inch,4GB
1,-2.359375,-0.10693359375,Dell,16-inch,4GB,HP,14-inch,8GB
1,-2.25,-0.12060546875,Dell,16-inch,4GB,HP,14-inch,16GB
1,-2.140625,-0.1337890625,Dell,16-inch,4GB,HP,16-inch,4GB
1,-2.140625,-0.134765625,Dell,16-inch,4GB,HP,16-inch,8GB
1,-2.03125,-0.150390625,Dell,16-inch,4GB,HP,16-inch,16GB
1,-2.140625,-0.1337890625,Dell,16-inch,4GB,Dell,13-inch,4GB
1,-2.25,-0.1201171875,Dell,16-inch,4GB,Dell,13-inch,8GB
1,-2.25,-0.1201171875,Dell,16-inch,4GB,Dell,13-inch,16GB
1,-2.25,-0.119140625,Dell,16-inch,4GB,Dell,14-inch,4GB
1,-2.25,-0.11962890625,Dell,16-inch,4GB,Dell,14-inch,8GB
1,-2.25,-0.12060546875,Dell,16-inch,4GB,Dell,14-inch,16GB
1,-1.8125,-0.1875,Dell,16-inch,4GB,Dell,16-inch,8GB
1,-2.03125,-0.150390625,Dell,16-inch,4GB,Dell,16-inch,16GB
1,-2.140625,-0.134765625,Dell,16-inch,4GB,Apple,13-inch,4GB
1,-2.25,-0.1201171875,Dell,16-inch,4GB,Apple,13-inch,8GB
1,-2.359375,-0.107421875,Dell,16-inch,4GB,Apple,13-inch,16GB
1,-2.140625,-0.1337890625,Dell,16-inch,4GB,Apple,14-inch,4GB
1,-2.359375,-0.10693359375,Dell,16-inch,4GB,Apple,14-inch,8GB
1,-2.25,-0.1201171875,Dell,16-inch,4GB,Apple,14-inch,16GB
1,-2.140625,-0.1337890625,Dell,16-inch,4GB,Apple,16-inch,4GB
1,-2.140625,-0.134765625,Dell,16-inch,4GB,Apple,16-inch,8GB
1,-2.140625,-0.134765625,Dell,16-inch,4GB,Apple,16-inch,16GB
1,-2.9375,-0.05859375,Dell,16-inch,8GB,ASUS,13-inch,4GB
1,-3.046875,-0.052001953125,Dell,16-inch,8GB,ASUS,13-inch,8GB
1,-3.171875,-0.046630859375,Dell,16-inch,8GB,ASUS,13-inch,16GB
1,-3.171875,-0.04638671875,Dell,16-inch,8GB,ASUS,14-inch,4GB
1,-2.9375,-0.05859375,Dell,16-inch,8GB,ASUS,14-inch,8GB
1,-3.296875,-0.041259765625,Dell,16-inch,8GB,ASUS,14-inch,16GB
1,-3.171875,-0.048583984375,Dell,16-inch,8GB,ASUS,16-inch,4GB
1,-3.296875,-0.043212890625,Dell,16-inch,8GB,ASUS,16-inch,8GB
1,-2.8125,-0.068359375,Dell,16-inch,8GB,ASUS,16-inch,16GB
1,-2.703125,-0.07373046875,Dell,16-inch,8GB,Lenovo,13-inch,4GB
1,-2.703125,-0.07421875,Dell,16-inch,8GB,Lenovo,13-inch,8GB
1,-2.9375,-0.059326171875,Dell,16-inch,8GB,Lenovo,13-inch,16GB
1,-2.8125,-0.0654296875,Dell,16-inch,8GB,Lenovo,14-inch,4GB
1,-2.9375,-0.058349609375,Dell,16-inch,8GB,Lenovo,14-inch,8GB
1,-2.9375,-0.05859375,Dell,16-inch,8GB,Lenovo,14-inch,16GB
1,-3.046875,-0.053466796875,Dell,16-inch,8GB,Lenovo,16-inch,4GB
1,-3.171875,-0.0478515625,Dell,16-inch,8GB,Lenovo,16-inch,8GB
1,-2.703125,-0.07666015625,Dell,16-inch,8GB,Lenovo,16-inch,16GB
1,-2.703125,-0.07421875,Dell,16-inch,8GB,HP,13-inch,4GB
1,-2.8125,-0.06591796875,Dell,16-inch,8GB,HP,13-inch,8GB
1,-2.9375,-0.05908203125,Dell,16-inch,8GB,HP,13-inch,16GB
1,-2.8125,-0.06640625,Dell,16-inch,8GB,HP,14-inch,4GB
1,-2.9375,-0.058837890625,Dell,16-inch,8GB,HP,14-inch,8GB
1,-3.046875,-0.05224609375,Dell,16-inch,8GB,HP,14-inch,16GB
1,-3.046875,-0.05419921875,Dell,16-inch,8GB,HP,16-inch,4GB
1,-3.046875,-0.05419921875,Dell,16-inch,8GB,HP,16-inch,8GB
1,-2.703125,-0.0771484375,Dell,16-inch,8GB,HP,16-inch,16GB
1,-2.703125,-0.07470703125,Dell,16-inch,8GB,Dell,13-inch,4GB
1,-2.703125,-0.07421875,Dell,16-inch,8GB,Dell,13-inch,8GB
1,-2.8125,-0.06640625,Dell,16-inch,8GB,Dell,13-inch,16GB
1,-2.703125,-0.07470703125,Dell,16-inch,8GB,Dell,14-inch,4GB
1,-2.703125,-0.07421875,Dell,16-inch,8GB,Dell,14-inch,8GB
1,-2.9375,-0.05908203125,Dell,16-inch,8GB,Dell,14-inch,16GB
1,-2.9375,-0.060546875,Dell,16-inch,8GB,Dell,16-inch,4GB
1,-2.8125,-0.0673828125,Dell,16-inch,8GB,Dell,16-inch,16GB
1,-2.8125,-0.06591796875,Dell,16-inch,8GB,Apple,13-inch,4GB
1,-2.9375,-0.058837890625,Dell,16-inch,8GB,Apple,13-inch,8GB
1,-2.9375,-0.0595703125,Dell,16-inch,8GB,Apple,13-inch,16GB
1,-2.8125,-0.06640625,Dell,16-inch,8GB,Apple,14-inch,4GB
1,-2.9375,-0.05859375,Dell,16-inch,8GB,Apple,14-inch,8GB
1,-2.9375,-0.05908203125,Dell,16-inch,8GB,Apple,14-inch,16GB
1,-3.0625,-0.05517578125,Dell,16-inch,8GB,Apple,16-inch,4GB
1,-2.9375,-0.060791015625,Dell,16-inch,8GB,Apple,16-inch,8GB
1,-2.46875,-0.095703125,Dell,16-inch,8GB,Apple,16-inch,16GB
1,-2.359375,-0.1123046875,Dell,16-inch,16GB,ASUS,13-inch,4GB
1,-2.359375,-0.1123046875,Dell,16-inch,16GB,ASUS,13-inch,8GB
1,-2.59375,-0.0888671875,Dell,16-inch,16GB,ASUS,13-inch,16GB
1,-2.25,-0.1220703125,Dell,16-inch,16GB,ASUS,14-inch,4GB
1,-2.359375,-0.109375,Dell,16-inch,16GB,ASUS,14-inch,8GB
1,-2.359375,-0.109375,Dell,16-inch,16GB,ASUS,14-inch,16GB
1,-2.140625,-0.1337890625,Dell,16-inch,16GB,ASUS,16-inch,4GB
1,-2.25,-0.11865234375,Dell,16-inch,16GB,ASUS,16-inch,8GB
1,-2.140625,-0.1337890625,Dell,16-inch,16GB,ASUS,16-inch,16GB
1,-2.359375,-0.1123046875,Dell,16-inch,16GB,Lenovo,13-inch,4GB
1,-2.46875,-0.1005859375,Dell,16-inch,16GB,Lenovo,13-inch,8GB
1,-2.46875,-0.09912109375,Dell,16-inch,16GB,Lenovo,13-inch,16GB
1,-2.25,-0.119140625,Dell,16-inch,16GB,Lenovo,14-inch,4GB
1,-2.359375,-0.1064453125,Dell,16-inch,16GB,Lenovo,14-inch,8GB
1,-2.25,-0.1201171875,Dell,16-inch,16GB,Lenovo,14-inch,16GB
1,-2.359375,-0.1064453125,Dell,16-inch,16GB,Lenovo,16-inch,4GB
1,-2.25,-0.11865234375,Dell,16-inch,16GB,Lenovo,16-inch,8GB
1,-2.140625,-0.1337890625,Dell,16-inch,16GB,Lenovo,16-inch,16GB
1,-2.25,-0.12451171875,Dell,16-inch,16GB,HP,13-inch,4GB
1,-2.359375,-0.11181640625,Dell,16-inch,16GB,HP,13-inch,8GB
1,-2.25,-0.1240234375,Dell,16-inch,16GB,HP,13-inch,16GB
1,-2.359375,-0.11181640625,Dell,16-inch,16GB,HP,14-inch,4GB
1,-2.46875,-0.10009765625,Dell,16-inch,16GB,HP,14-inch,8GB
1,-2.46875,-0.09912109375,Dell,16-inch,16GB,HP,14-inch,16GB
1,-2.25,-0.11865234375,Dell,16-inch,16GB,HP,16-inch,4GB
1,-2.25,-0.119140625,Dell,16-inch,16GB,HP,16-inch,8GB
1,-2.25,-0.1201171875,Dell,16-inch,16GB,HP,16-inch,16GB
1,-2.359375,-0.11474609375,Dell,16-inch,16GB,Dell,13-inch,4GB
1,-2.25,-0.1259765625,Dell,16-inch,16GB,Dell,13-inch,8GB
1,-2.59375,-0.0888671875,Dell,16-inch,16GB,Dell,13-inch,16GB
1,-2.25,-0.1279296875,Dell,16-inch,16GB,Dell,14-inch,4GB
1,-2.46875,-0.10107421875,Dell,16-inch,16GB,Dell,14-inch,8GB
1,-2.46875,-0.1005859375,Dell,16-inch,16GB,Dell,14-inch,16GB
1,-2.03125,-0.1494140625,Dell,16-inch,16GB,Dell,16-inch,4GB
1,-2.140625,-0.1337890625,Dell,16-inch,16GB,Dell,16-inch,8GB
1,-2.25,-0.1259765625,Dell,16-inch,16GB,Apple,13-inch,4GB
1,-2.359375,-0.1103515625,Dell,16-inch,16GB,Apple,13-inch,8GB
1,-2.25,-0.1259765625,Dell,16-inch,16GB,Apple,13-inch,16GB
1,-2.140625,-0.1337890625,Dell,16-inch,16GB,Apple,14-inch,4GB
1,-2.359375,-0.10595703125,Dell,16-inch,16GB,Apple,14-inch,8GB
1,-2.25,-0.1201171875,Dell,16-inch,16GB,Apple,14-inch,16GB
1,-2.140625,-0.1337890625,Dell,16-inch,16GB,Apple,16-inch,4GB
1,-2.140625,-0.1328125,Dell,16-inch,16GB,Apple,16-inch,8GB
1,-1.8125,-0.189453125,Dell,16-inch,16GB,Apple,16-inch,16GB
1,-2.578125,-0.083984375,Apple,13-inch,4GB,ASUS,13-inch,4GB
1,-1.9140625,-0.1669921875,Apple,13-inch,4GB,ASUS,13-inch,8GB
1,-1.8125,-0.1865234375,Apple,13-inch,4GB,ASUS,13-inch,16GB
1,-2.578125,-0.08544921875,Apple,13-inch,4GB,ASUS,14-inch,4GB
1,-2.03125,-0.1513671875,Apple,13-inch,4GB,ASUS,14-inch,8GB
1,-1.8125,-0.1884765625,Apple,13-inch,4GB,ASUS,14-inch,16GB
1,-2.359375,-0.107421875,Apple,13-inch,4GB,ASUS,16-inch,4GB
1,-1.921875,-0.1689453125,Apple,13-inch,4GB,ASUS,16-inch,8GB
1,-1.515625,-0.263671875,Apple,13-inch,4GB,ASUS,16-inch,16GB
1,-2.359375,-0.10546875,Apple,13-inch,4GB,Lenovo,13-inch,4GB
1,-2.03125,-0.1484375,Apple,13-inch,4GB,Lenovo,13-inch,8GB
1,-1.5078125,-0.259765625,Apple,13-inch,4GB,Lenovo,13-inch,16GB
1,-2.25,-0.11962890625,Apple,13-inch,4GB,Lenovo,14-inch,4GB
1,-1.8125,-0.1884765625,Apple,13-inch,4GB,Lenovo,14-inch,8GB
1,-1.609375,-0.236328125,Apple,13-inch,4GB,Lenovo,14-inch,16GB
1,-2.359375,-0.1064453125,Apple,13-inch,4GB,Lenovo,16-inch,4GB
1,-1.921875,-0.1689453125,Apple,13-inch,4GB,Lenovo,16-inch,8GB
1,-1.515625,-0.263671875,Apple,13-inch,4GB,Lenovo,16-inch,16GB
1,-2.25,-0.119140625,Apple,13-inch,4GB,HP,13-inch,4GB
1,-1.9140625,-0.166015625,Apple,13-inch,4GB,HP,13-inch,8GB
1,-1.4140625,-0.2890625,Apple,13-inch,4GB,HP,13-inch,16GB
1,-2.25,-0.12060546875,Apple,13-inch,4GB,HP,14-inch,4GB
1,-1.921875,-0.16796875,Apple,13-inch,4GB,HP,14-inch,8GB
1,-1.515625,-0.263671875,Apple,13-inch,4GB,HP,14-inch,16GB
1,-2.25,-0.1201171875,Apple,13-inch,4GB,HP,16-inch,4GB
1,-1.921875,-0.16796875,Apple,13-inch,4GB,HP,16-inch,8GB
1,-1.515625,-0.265625,Apple,13-inch,4GB,HP,16-inch,16GB
1,-2.25,-0.119140625,Apple,13-inch,4GB,Dell,13-inch,4GB
1,-2.25,-0.1181640625,Apple,13-inch,4GB,Dell,13-inch,8GB
1,-1.609375,-0.2333984375,Apple,13-inch,4GB,Dell,13-inch,16GB
1,-2.25,-0.11962890625,Apple,13-inch,4GB,Dell,14-inch,4GB
1,-2.03125,-0.150390625,Apple,13-inch,4GB,Dell,14-inch,8GB
1,-1.609375,-0.2353515625,Apple,13-inch,4GB,Dell,14-inch,16GB
1,-2.25,-0.1201171875,Apple,13-inch,4GB,Dell,16-inch,4GB
1,-2.03125,-0.150390625,Apple,13-inch,4GB,Dell,16-inch,8GB
1,-1.609375,-0.2373046875,Apple,13-inch,4GB,Dell,16-inch,16GB
1,-1.515625,-0.26171875,Apple,13-inch,4GB,Apple,13-inch,8GB
1,-1.4140625,-0.29296875,Apple,13-inch,4GB,Apple,13-inch,16GB
1,-2.03125,-0.15234375,Apple,13-inch,4GB,Apple,14-inch,4GB
1,-1.609375,-0.2373046875,Apple,13-inch,4GB,Apple,14-inch,8GB
1,-1.421875,-0.294921875,Apple,13-inch,4GB,Apple,14-inch,16GB
1,-1.921875,-0.171875,Apple,13-inch,4GB,Apple,16-inch,4GB
1,-1.515625,-0.265625,Apple,13-inch,4GB,Apple,16-inch,8GB
1,-1.328125,-0.330078125,Apple,13-inch,4GB,Apple,16-inch,16GB
1,-2.359375,-0.10546875,Apple,13-inch,8GB,ASUS,13-inch,4GB
1,-2.703125,-0.07421875,Apple,13-inch,8GB,ASUS,13-inch,8GB
1,-2.359375,-0.10546875,Apple,13-inch,8GB,ASUS,13-inch,16GB
1,-2.46875,-0.09423828125,Apple,13-inch,8GB,ASUS,14-inch,4GB
1,-2.46875,-0.09375,Apple,13-inch,8GB,ASUS,14-inch,8GB
1,-2.25,-0.1181640625,Apple,13-inch,8GB,ASUS,14-inch,16GB
1,-2.578125,-0.0830078125,Apple,13-inch,8GB,ASUS,16-inch,4GB
1,-2.46875,-0.09326171875,Apple,13-inch,8GB,ASUS,16-inch,8GB
1,-2.46875,-0.09375,Apple,13-inch,8GB,ASUS,16-inch,16GB
1,-2.25,-0.1181640625,Apple,13-inch,8GB,Lenovo,13-inch,4GB
1,-2.46875,-0.09326171875,Apple,13-inch,8GB,Lenovo,13-inch,8GB
1,-2.25,-0.1181640625,Apple,13-inch,8GB,Lenovo,13-inch,16GB
1,-2.46875,-0.09375,Apple,13-inch,8GB,Lenovo,14-inch,4GB
1,-2.359375,-0.1044921875,Apple,13-inch,8GB,Lenovo,14-inch,8GB
1,-2.25,-0.11865234375,Apple,13-inch,8GB,Lenovo,14-inch,16GB
1,-2.578125,-0.08349609375,Apple,13-inch,8GB,Lenovo,16-inch,4GB
1,-2.25,-0.1171875,Apple,13-inch,8GB,Lenovo,16-inch,8GB
1,-1.9140625,-0.1669921875,Apple,13-inch,8GB,Lenovo,16-inch,16GB
1,-2.25,-0.1181640625,Apple,13-inch,8GB,HP,13-inch,4GB
1,-2.46875,-0.09375,Apple,13-inch,8GB,HP,13-inch,8GB
1,-2.03125,-0.1494140625,Apple,13-inch,8GB,HP,13-inch,16GB
1,-2.359375,-0.10546875,Apple,13-inch,8GB,HP,14-inch,4GB
1,-2.46875,-0.09326171875,Apple,13-inch,8GB,HP,14-inch,8GB
1,-2.140625,-0.1328125,Apple,13-inch,8GB,HP,14-inch,16GB
1,-2.46875,-0.09375,Apple,13-inch,8GB,HP,16-inch,4GB
1,-2.46875,-0.09326171875,Apple,13-inch,8GB,HP,16-inch,8GB
1,-2.03125,-0.1494140625,Apple,13-inch,8GB,HP,16-inch,16GB
1,-2.359375,-0.10546875,Apple,13-inch,8GB,Dell,13-inch,4GB
1,-2.359375,-0.10498046875,Apple,13-inch,8GB,Dell,13-inch,8GB
1,-2.140625,-0.1337890625,Apple,13-inch,8GB,Dell,13-inch,16GB
1,-2.359375,-0.10546875,Apple,13-inch,8GB,Dell,14-inch,4GB
1,-2.359375,-0.10546875,Apple,13-inch,8GB,Dell,14-inch,8GB
1,-2.140625,-0.1328125,Apple,13-inch,8GB,Dell,14-inch,16GB
1,-2.46875,-0.09375,Apple,13-inch,8GB,Dell,16-inch,4GB
1,-2.359375,-0.10498046875,Apple,13-inch,8GB,Dell,16-inch,8GB
1,-2.03125,-0.1494140625,Apple,13-inch,8GB,Dell,16-inch,16GB
1,-1.7109375,-0.2080078125,Apple,13-inch,8GB,Apple,13-inch,4GB
1,-1.9140625,-0.1669921875,Apple,13-inch,8GB,Apple,13-inch,16GB
1,-1.609375,-0.2333984375,Apple,13-inch,8GB,Apple,14-inch,4GB
1,-1.7109375,-0.2080078125,Apple,13-inch,8GB,Apple,14-inch,8GB
1,-1.7109375,-0.2099609375,Apple,13-inch,8GB,Apple,14-inch,16GB
1,-1.8125,-0.1865234375,Apple,13-inch,8GB,Apple,16-inch,4GB
1,-1.8125,-0.1865234375,Apple,13-inch,8GB,Apple,16-inch,8GB
1,-1.609375,-0.2333984375,Apple,13-inch,8GB,Apple,16-inch,16GB
1,-2.25,-0.11865234375,Apple,13-inch,16GB,ASUS,13-inch,4GB
1,-2.25,-0.1181640625,Apple,13-inch,16GB,ASUS,13-inch,8GB
1,-2.125,-0.1318359375,Apple,13-inch,16GB,ASUS,13-inch,16GB
1,-2.578125,-0.08349609375,Apple,13-inch,16GB,ASUS,14-inch,4GB
1,-2.46875,-0.0927734375,Apple,13-inch,16GB,ASUS,14-inch,8GB
1,-2.578125,-0.08349609375,Apple,13-inch,16GB,ASUS,14-inch,16GB
1,-2.46875,-0.09375,Apple,13-inch,16GB,ASUS,16-inch,4GB
1,-2.46875,-0.0927734375,Apple,13-inch,16GB,ASUS,16-inch,8GB
1,-2.46875,-0.0927734375,Apple,13-inch,16GB,ASUS,16-inch,16GB
1,-2.03125,-0.150390625,Apple,13-inch,16GB,Lenovo,13-inch,4GB
1,-2.015625,-0.1474609375,Apple,13-inch,16GB,Lenovo,13-inch,8GB
1,-1.9140625,-0.166015625,Apple,13-inch,16GB,Lenovo,13-inch,16GB
1,-2.46875,-0.09423828125,Apple,13-inch,16GB,Lenovo,14-inch,4GB
1,-2.015625,-0.1474609375,Apple,13-inch,16GB,Lenovo,14-inch,8GB
1,-2.46875,-0.09375,Apple,13-inch,16GB,Lenovo,14-inch,16GB
1,-2.25,-0.1181640625,Apple,13-inch,16GB,Lenovo,16-inch,4GB
1,-2.359375,-0.1044921875,Apple,13-inch,16GB,Lenovo,16-inch,8GB
1,-2.125,-0.1318359375,Apple,13-inch,16GB,Lenovo,16-inch,16GB
1,-2.03125,-0.1494140625,Apple,13-inch,16GB,HP,13-inch,4GB
1,-1.9140625,-0.1650390625,Apple,13-inch,16GB,HP,13-inch,8GB
1,-1.9140625,-0.1669921875,Apple,13-inch,16GB,HP,13-inch,16GB
1,-2.359375,-0.10546875,Apple,13-inch,16GB,HP,14-inch,4GB
1,-2.015625,-0.1474609375,Apple,13-inch,16GB,HP,14-inch,8GB
1,-2.25,-0.1181640625,Apple,13-inch,16GB,HP,14-inch,16GB
1,-2.25,-0.11865234375,Apple,13-inch,16GB,HP,16-inch,4GB
1,-2.234375,-0.1171875,Apple,13-inch,16GB,HP,16-inch,8GB
1,-2.125,-0.1318359375,Apple,13-inch,16GB,HP,16-inch,16GB
1,-2.03125,-0.150390625,Apple,13-inch,16GB,Dell,13-inch,4GB
1,-2.125,-0.1318359375,Apple,13-inch,16GB,Dell,13-inch,8GB
1,-1.9140625,-0.1669921875,Apple,13-inch,16GB,Dell,13-inch,16GB
1,-2.46875,-0.09423828125,Apple,13-inch,16GB,Dell,14-inch,4GB
1,-2.015625,-0.1474609375,Apple,13-inch,16GB,Dell,14-inch,8GB
1,-2.359375,-0.10546875,Apple,13-inch,16GB,Dell,14-inch,16GB
1,-2.25,-0.119140625,Apple,13-inch,16GB,Dell,16-inch,4GB
1,-2.125,-0.1318359375,Apple,13-inch,16GB,Dell,16-inch,8GB
1,-2.125,-0.1318359375,Apple,13-inch,16GB,Dell,16-inch,16GB
1,-1.921875,-0.16796875,Apple,13-inch,16GB,Apple,13-inch,4GB
1,-1.7109375,-0.2080078125,Apple,13-inch,16GB,Apple,13-inch,8GB
1,-2.25,-0.11865234375,Apple,13-inch,16GB,Apple,14-inch,4GB
1,-2.015625,-0.1474609375,Apple,13-inch,16GB,Apple,14-inch,8GB
1,-2.46875,-0.09375,Apple,13-inch,16GB,Apple,14-inch,16GB
1,-2.703125,-0.07421875,Apple,13-inch,16GB,Apple,16-inch,4GB
1,-2.578125,-0.08349609375,Apple,13-inch,16GB,Apple,16-inch,8GB
1,-2.703125,-0.07373046875,Apple,13-inch,16GB,Apple,16-inch,16GB
1,-3.171875,-0.0458984375,Apple,14-inch,4GB,ASUS,13-inch,4GB
1,-2.703125,-0.07373046875,Apple,14-inch,4GB,ASUS,13-inch,8GB
1,-2.25,-0.11767578125,Apple,14-inch,4GB,ASUS,13-inch,16GB
1,-2.8125,-0.06494140625,Apple,14-inch,4GB,ASUS,14-inch,4GB
1,-2.578125,-0.08251953125,Apple,14-inch,4GB,ASUS,14-inch,8GB
1,-2.015625,-0.1474609375,Apple,14-inch,4GB,ASUS,14-inch,16GB
1,-3.046875,-0.0517578125,Apple,14-inch,4GB,ASUS,16-inch,4GB
1,-2.578125,-0.0830078125,Apple,14-inch,4GB,ASUS,16-inch,8GB
1,-2.25,-0.11767578125,Apple,14-inch,4GB,ASUS,16-inch,16GB
1,-2.703125,-0.07373046875,Apple,14-inch,4GB,Lenovo,13-inch,4GB
1,-2.359375,-0.1044921875,Apple,14-inch,4GB,Lenovo,13-inch,8GB
1,-2.125,-0.1318359375,Apple,14-inch,4GB,Lenovo,13-inch,16GB
1,-2.46875,-0.09228515625,Apple,14-inch,4GB,Lenovo,14-inch,4GB
1,-2.015625,-0.1474609375,Apple,14-inch,4GB,Lenovo,14-inch,8GB
1,-1.703125,-0.2060546875,Apple,14-inch,4GB,Lenovo,14-inch,16GB
1,-2.578125,-0.08251953125,Apple,14-inch,4GB,Lenovo,16-inch,4GB
1,-2.015625,-0.1474609375,Apple,14-inch,4GB,Lenovo,16-inch,8GB
1,-1.8125,-0.185546875,Apple,14-inch,4GB,Lenovo,16-inch,16GB
1,-2.8125,-0.06591796875,Apple,14-inch,4GB,HP,13-inch,4GB
1,-2.359375,-0.10498046875,Apple,14-inch,4GB,HP,13-inch,8GB
1,-2.015625,-0.1484375,Apple,14-inch,4GB,HP,13-inch,16GB
1,-2.46875,-0.0927734375,Apple,14-inch,4GB,HP,14-inch,4GB
1,-2.125,-0.130859375,Apple,14-inch,4GB,HP,14-inch,8GB
1,-1.8125,-0.185546875,Apple,14-inch,4GB,HP,14-inch,16GB
1,-2.703125,-0.07421875,Apple,14-inch,4GB,HP,16-inch,4GB
1,-2.015625,-0.1484375,Apple,14-inch,4GB,HP,16-inch,8GB
1,-1.9140625,-0.166015625,Apple,14-inch,4GB,HP,16-inch,16GB
1,-2.9375,-0.05859375,Apple,14-inch,4GB,Dell,13-inch,4GB
1,-2.578125,-0.0830078125,Apple,14-inch,4GB,Dell,13-inch,8GB
1,-2.125,-0.1318359375,Apple,14-inch,4GB,Dell,13-inch,16GB
1,-2.578125,-0.08251953125,Apple,14-inch,4GB,Dell,14-inch,4GB
1,-2.359375,-0.1044921875,Apple,14-inch,4GB,Dell,14-inch,8GB
1,-1.8125,-0.185546875,Apple,14-inch,4GB,Dell,14-inch,16GB
1,-2.703125,-0.07373046875,Apple,14-inch,4GB,Dell,16-inch,4GB
1,-2.125,-0.1318359375,Apple,14-inch,4GB,Dell,16-inch,8GB
1,-2.015625,-0.1484375,Apple,14-inch,4GB,Dell,16-inch,16GB
1,-2.25,-0.1181640625,Apple,14-inch,4GB,Apple,13-inch,4GB
1,-1.9140625,-0.166015625,Apple,14-inch,4GB,Apple,13-inch,8GB
1,-2.015625,-0.1484375,Apple,14-inch,4GB,Apple,13-inch,16GB
1,-1.9140625,-0.166015625,Apple,14-inch,4GB,Apple,14-inch,8GB
1,-1.703125,-0.20703125,Apple,14-inch,4GB,Apple,14-inch,16GB
1,-2.46875,-0.09423828125,Apple,14-inch,4GB,Apple,16-inch,4GB
1,-1.8125,-0.1865234375,Apple,14-inch,4GB,Apple,16-inch,8GB
1,-1.8125,-0.1865234375,Apple,14-inch,4GB,Apple,16-inch,16GB
1,-2.703125,-0.0751953125,Apple,14-inch,8GB,ASUS,13-inch,4GB
1,-2.8125,-0.06640625,Apple,14-inch,8GB,ASUS,13-inch,8GB
1,-2.46875,-0.09423828125,Apple,14-inch,8GB,ASUS,13-inch,16GB
1,-2.578125,-0.08349609375,Apple,14-inch,8GB,ASUS,14-inch,4GB
1,-2.8125,-0.06591796875,Apple,14-inch,8GB,ASUS,14-inch,8GB
1,-2.359375,-0.10546875,Apple,14-inch,8GB,ASUS,14-inch,16GB
1,-2.9375,-0.059326171875,Apple,14-inch,8GB,ASUS,16-inch,4GB
1,-2.9375,-0.058837890625,Apple,14-inch,8GB,ASUS,16-inch,8GB
1,-2.578125,-0.08349609375,Apple,14-inch,8GB,ASUS,16-inch,16GB
1,-2.46875,-0.09375,Apple,14-inch,8GB,Lenovo,13-inch,4GB
1,-2.578125,-0.08349609375,Apple,14-inch,8GB,Lenovo,13-inch,8GB
1,-2.359375,-0.10595703125,Apple,14-inch,8GB,Lenovo,13-inch,16GB
1,-2.359375,-0.10546875,Apple,14-inch,8GB,Lenovo,14-inch,4GB
1,-2.46875,-0.0927734375,Apple,14-inch,8GB,Lenovo,14-inch,8GB
1,-2.25,-0.11767578125,Apple,14-inch,8GB,Lenovo,14-inch,16GB
1,-2.8125,-0.06591796875,Apple,14-inch,8GB,Lenovo,16-inch,4GB
1,-2.8125,-0.06591796875,Apple,14-inch,8GB,Lenovo,16-inch,8GB
1,-2.46875,-0.09375,Apple,14-inch,8GB,Lenovo,16-inch,16GB
1,-2.46875,-0.09423828125,Apple,14-inch,8GB,HP,13-inch,4GB
1,-2.578125,-0.08349609375,Apple,14-inch,8GB,HP,13-inch,8GB
1,-2.25,-0.11865234375,Apple,14-inch,8GB,HP,13-inch,16GB
1,-2.359375,-0.10595703125,Apple,14-inch,8GB,HP,14-inch,4GB
1,-2.46875,-0.09375,Apple,14-inch,8GB,HP,14-inch,8GB
1,-2.140625,-0.1328125,Apple,14-inch,8GB,HP,14-inch,16GB
1,-2.703125,-0.07470703125,Apple,14-inch,8GB,HP,16-inch,4GB
1,-2.8125,-0.06591796875,Apple,14-inch,8GB,HP,16-inch,8GB
1,-2.359375,-0.10546875,Apple,14-inch,8GB,HP,16-inch,16GB
1,-2.46875,-0.09521484375,Apple,14-inch,8GB,Dell,13-inch,4GB
1,-2.46875,-0.09423828125,Apple,14-inch,8GB,Dell,13-inch,8GB
1,-2.359375,-0.1064453125,Apple,14-inch,8GB,Dell,13-inch,16GB
1,-2.46875,-0.0947265625,Apple,14-inch,8GB,Dell,14-inch,4GB
1,-2.46875,-0.09375,Apple,14-inch,8GB,Dell,14-inch,8GB
1,-2.140625,-0.1328125,Apple,14-inch,8GB,Dell,14-inch,16GB
1,-2.703125,-0.0751953125,Apple,14-inch,8GB,Dell,16-inch,4GB
1,-2.703125,-0.07470703125,Apple,14-inch,8GB,Dell,16-inch,8GB
1,-2.46875,-0.09423828125,Apple,14-inch,8GB,Dell,16-inch,16GB
1,-2.359375,-0.1064453125,Apple,14-inch,8GB,Apple,13-inch,4GB
1,-2.25,-0.119140625,Apple,14-inch,8GB,Apple,13-inch,8GB
1,-2.359375,-0.1064453125,Apple,14-inch,8GB,Apple,13-inch,16GB
1,-2.46875,-0.09912109375,Apple,14-inch,8GB,Apple,14-inch,4GB
1,-2.25,-0.12353515625,Apple,14-inch,8GB,Apple,14-inch,16GB
1,-2.578125,-0.083984375,Apple,14-inch,8GB,Apple,16-inch,4GB
1,-2.578125,-0.08349609375,Apple,14-inch,8GB,Apple,16-inch,8GB
1,-2.46875,-0.09423828125,Apple,14-inch,8GB,Apple,16-inch,16GB
1,-2.46875,-0.09423828125,Apple,14-inch,16GB,ASUS,13-inch,4GB
1,-2.578125,-0.08349609375,Apple,14-inch,16GB,ASUS,13-inch,8GB
1,-2.578125,-0.08349609375,Apple,14-inch,16GB,ASUS,13-inch,16GB
1,-2.46875,-0.09375,Apple,14-inch,16GB,ASUS,14-inch,4GB
1,-2.46875,-0.09326171875,Apple,14-inch,16GB,ASUS,14-inch,8GB
1,-2.25,-0.11767578125,Apple,14-inch,16GB,ASUS,14-inch,16GB
1,-2.8125,-0.06591796875,Apple,14-inch,16GB,ASUS,16-inch,4GB
1,-2.8125,-0.0654296875,Apple,14-inch,16GB,ASUS,16-inch,8GB
1,-2.46875,-0.09228515625,Apple,14-inch,16GB,ASUS,16-inch,16GB
1,-2.46875,-0.09423828125,Apple,14-inch,16GB,Lenovo,13-inch,4GB
1,-2.359375,-0.10546875,Apple,14-inch,16GB,Lenovo,13-inch,8GB
1,-2.46875,-0.09423828125,Apple,14-inch,16GB,Lenovo,13-inch,16GB
1,-2.25,-0.11767578125,Apple,14-inch,16GB,Lenovo,14-inch,4GB
1,-2.25,-0.1171875,Apple,14-inch,16GB,Lenovo,14-inch,8GB
1,-2.125,-0.1318359375,Apple,14-inch,16GB,Lenovo,14-inch,16GB
1,-2.8125,-0.06591796875,Apple,14-inch,16GB,Lenovo,16-inch,4GB
1,-2.8125,-0.0654296875,Apple,14-inch,16GB,Lenovo,16-inch,8GB
1,-2.703125,-0.07373046875,Apple,14-inch,16GB,Lenovo,16-inch,16GB
1,-2.46875,-0.09423828125,Apple,14-inch,16GB,HP,13-inch,4GB
1,-2.03125,-0.1484375,Apple,14-inch,16GB,HP,13-inch,8GB
1,-2.46875,-0.09423828125,Apple,14-inch,16GB,HP,13-inch,16GB
1,-2.25,-0.1181640625,Apple,14-inch,16GB,HP,14-inch,4GB
1,-2.25,-0.1171875,Apple,14-inch,16GB,HP,14-inch,8GB
1,-2.125,-0.1318359375,Apple,14-inch,16GB,HP,14-inch,16GB
1,-2.578125,-0.0830078125,Apple,14-inch,16GB,HP,16-inch,4GB
1,-2.703125,-0.0732421875,Apple,14-inch,16GB,HP,16-inch,8GB
1,-2.46875,-0.09326171875,Apple,14-inch,16GB,HP,16-inch,16GB
1,-2.25,-0.119140625,Apple,14-inch,16GB,Dell,13-inch,4GB
1,-2.140625,-0.1328125,Apple,14-inch,16GB,Dell,13-inch,8GB
1,-2.140625,-0.1328125,Apple,14-inch,16GB,Dell,13-inch,16GB
1,-2.25,-0.1181640625,Apple,14-inch,16GB,Dell,14-inch,4GB
1,-2.359375,-0.1044921875,Apple,14-inch,16GB,Dell,14-inch,8GB
1,-1.9140625,-0.166015625,Apple,14-inch,16GB,Dell,14-inch,16GB
1,-2.703125,-0.07470703125,Apple,14-inch,16GB,Dell,16-inch,4GB
1,-2.703125,-0.07373046875,Apple,14-inch,16GB,Dell,16-inch,8GB
1,-2.359375,-0.10498046875,Apple,14-inch,16GB,Dell,16-inch,16GB
1,-2.359375,-0.1064453125,Apple,14-inch,16GB,Apple,13-inch,4GB
1,-2.359375,-0.10546875,Apple,14-inch,16GB,Apple,13-inch,8GB
1,-2.140625,-0.1337890625,Apple,14-inch,16GB,Apple,13-inch,16GB
1,-2.359375,-0.10595703125,Apple,14-inch,16GB,Apple,14-inch,4GB
1,-2.359375,-0.1044921875,Apple,14-inch,16GB,Apple,14-inch,8GB
1,-2.703125,-0.07470703125,Apple,14-inch,16GB,Apple,16-inch,4GB
1,-2.703125,-0.07373046875,Apple,14-inch,16GB,Apple,16-inch,8GB
1,-2.578125,-0.0830078125,Apple,14-inch,16GB,Apple,16-inch,16GB
1,-2.8125,-0.0654296875,Apple,16-inch,4GB,ASUS,13-inch,4GB
1,-2.8125,-0.06591796875,Apple,16-inch,4GB,ASUS,13-inch,8GB
1,-2.703125,-0.07470703125,Apple,16-inch,4GB,ASUS,13-inch,16GB
1,-2.9375,-0.057861328125,Apple,16-inch,4GB,ASUS,14-inch,4GB
1,-2.8125,-0.06591796875,Apple,16-inch,4GB,ASUS,14-inch,8GB
1,-2.703125,-0.07421875,Apple,16-inch,4GB,ASUS,14-inch,16GB
1,-2.578125,-0.0830078125,Apple,16-inch,4GB,ASUS,16-inch,4GB
1,-2.46875,-0.09326171875,Apple,16-inch,4GB,ASUS,16-inch,8GB
1,-2.25,-0.11767578125,Apple,16-inch,4GB,ASUS,16-inch,16GB
1,-2.578125,-0.0830078125,Apple,16-inch,4GB,Lenovo,13-inch,4GB
1,-2.578125,-0.0830078125,Apple,16-inch,4GB,Lenovo,13-inch,8GB
1,-2.578125,-0.08349609375,Apple,16-inch,4GB,Lenovo,13-inch,16GB
1,-2.703125,-0.0732421875,Apple,16-inch,4GB,Lenovo,14-inch,4GB
1,-2.46875,-0.0927734375,Apple,16-inch,4GB,Lenovo,14-inch,8GB
1,-2.578125,-0.0830078125,Apple,16-inch,4GB,Lenovo,14-inch,16GB
1,-2.359375,-0.1044921875,Apple,16-inch,4GB,Lenovo,16-inch,4GB
1,-2.25,-0.11767578125,Apple,16-inch,4GB,Lenovo,16-inch,8GB
1,-2.125,-0.130859375,Apple,16-inch,4GB,Lenovo,16-inch,16GB
1,-2.46875,-0.09375,Apple,16-inch,4GB,HP,13-inch,4GB
1,-2.578125,-0.08349609375,Apple,16-inch,4GB,HP,13-inch,8GB
1,-2.359375,-0.10546875,Apple,16-inch,4GB,HP,13-inch,16GB
1,-2.703125,-0.07373046875,Apple,16-inch,4GB,HP,14-inch,4GB
1,-2.578125,-0.0830078125,Apple,16-inch,4GB,HP,14-inch,8GB
1,-2.46875,-0.09375,Apple,16-inch,4GB,HP,14-inch,16GB
1,-2.359375,-0.1044921875,Apple,16-inch,4GB,HP,16-inch,4GB
1,-2.25,-0.11767578125,Apple,16-inch,4GB,HP,16-inch,8GB
1,-2.015625,-0.1474609375,Apple,16-inch,4GB,HP,16-inch,16GB
1,-2.578125,-0.08349609375,Apple,16-inch,4GB,Dell,13-inch,4GB
1,-2.703125,-0.07373046875,Apple,16-inch,4GB,Dell,13-inch,8GB
1,-2.578125,-0.083984375,Apple,16-inch,4GB,Dell,13-inch,16GB
1,-2.703125,-0.07373046875,Apple,16-inch,4GB,Dell,14-inch,4GB
1,-2.578125,-0.0830078125,Apple,16-inch,4GB,Dell,14-inch,8GB
1,-2.578125,-0.0830078125,Apple,16-inch,4GB,Dell,14-inch,16GB
1,-2.359375,-0.10498046875,Apple,16-inch,4GB,Dell,16-inch,4GB
1,-2.359375,-0.10546875,Apple,16-inch,4GB,Dell,16-inch,8GB
1,-2.125,-0.1318359375,Apple,16-inch,4GB,Dell,16-inch,16GB
1,-2.46875,-0.09375,Apple,16-inch,4GB,Apple,13-inch,4GB
1,-2.46875,-0.09375,Apple,16-inch,4GB,Apple,13-inch,8GB
1,-2.46875,-0.09423828125,Apple,16-inch,4GB,Apple,13-inch,16GB
1,-2.578125,-0.0830078125,Apple,16-inch,4GB,Apple,14-inch,4GB
1,-2.46875,-0.09375,Apple,16-inch,4GB,Apple,14-inch,8GB
1,-2.359375,-0.10546875,Apple,16-inch,4GB,Apple,14-inch,16GB
1,-2.125,-0.1318359375,Apple,16-inch,4GB,Apple,16-inch,8GB
1,-2.125,-0.1318359375,Apple,16-inch,4GB,Apple,16-inch,16GB
1,-3.171875,-0.0458984375,Apple,16-inch,8GB,ASUS,13-inch,4GB
1,-3.171875,-0.0458984375,Apple,16-inch,8GB,ASUS,13-inch,8GB
1,-3.171875,-0.0458984375,Apple,16-inch,8GB,ASUS,13-inch,16GB
1,-3.171875,-0.0458984375,Apple,16-inch,8GB,ASUS,14-inch,4GB
1,-3.296875,-0.04052734375,Apple,16-inch,8GB,ASUS,14-inch,8GB
1,-3.296875,-0.040771484375,Apple,16-inch,8GB,ASUS,14-inch,16GB
1,-2.9375,-0.058349609375,Apple,16-inch,8GB,ASUS,16-inch,4GB
1,-3.046875,-0.051513671875,Apple,16-inch,8GB,ASUS,16-inch,8GB
1,-2.9375,-0.05810546875,Apple,16-inch,8GB,ASUS,16-inch,16GB
1,-2.9375,-0.05810546875,Apple,16-inch,8GB,Lenovo,13-inch,4GB
1,-3.046875,-0.0517578125,Apple,16-inch,8GB,Lenovo,13-inch,8GB
1,-2.8125,-0.06591796875,Apple,16-inch,8GB,Lenovo,13-inch,16GB
1,-2.9375,-0.05810546875,Apple,16-inch,8GB,Lenovo,14-inch,4GB
1,-3.171875,-0.045654296875,Apple,16-inch,8GB,Lenovo,14-inch,8GB
1,-3.046875,-0.0517578125,Apple,16-inch,8GB,Lenovo,14-inch,16GB
1,-2.8125,-0.06494140625,Apple,16-inch,8GB,Lenovo,16-inch,4GB
1,-2.9375,-0.0576171875,Apple,16-inch,8GB,Lenovo,16-inch,8GB
1,-2.8125,-0.06494140625,Apple,16-inch,8GB,Lenovo,16-inch,16GB
1,-2.8125,-0.0654296875,Apple,16-inch,8GB,HP,13-inch,4GB
1,-3.046875,-0.0517578125,Apple,16-inch,8GB,HP,13-inch,8GB
1,-2.9375,-0.05859375,Apple,16-inch,8GB,HP,13-inch,16GB
1,-2.9375,-0.05810546875,Apple,16-inch,8GB,HP,14-inch,4GB
1,-3.046875,-0.051513671875,Apple,16-inch,8GB,HP,14-inch,8GB
1,-2.9375,-0.05810546875,Apple,16-inch,8GB,HP,14-inch,16GB
1,-2.703125,-0.0732421875,Apple,16-inch,8GB,HP,16-inch,4GB
1,-2.8125,-0.0654296875,Apple,16-inch,8GB,HP,16-inch,8GB
1,-2.703125,-0.0732421875,Apple,16-inch,8GB,HP,16-inch,16GB
1,-2.8125,-0.06591796875,Apple,16-inch,8GB,Dell,13-inch,4GB
1,-2.9375,-0.05859375,Apple,16-inch,8GB,Dell,13-inch,8GB
1,-2.9375,-0.058837890625,Apple,16-inch,8GB,Dell,13-inch,16GB
1,-2.8125,-0.0654296875,Apple,16-inch,8GB,Dell,14-inch,4GB
1,-3.046875,-0.051513671875,Apple,16-inch,8GB,Dell,14-inch,8GB
1,-3.046875,-0.0517578125,Apple,16-inch,8GB,Dell,14-inch,16GB
1,-2.8125,-0.0654296875,Apple,16-inch,8GB,Dell,16-inch,4GB
1,-2.8125,-0.0654296875,Apple,16-inch,8GB,Dell,16-inch,8GB
1,-2.8125,-0.0654296875,Apple,16-inch,8GB,Dell,16-inch,16GB
1,-2.9375,-0.05859375,Apple,16-inch,8GB,Apple,13-inch,4GB
1,-2.9375,-0.05859375,Apple,16-inch,8GB,Apple,13-inch,8GB
1,-2.8125,-0.06591796875,Apple,16-inch,8GB,Apple,13-inch,16GB
1,-2.9375,-0.058837890625,Apple,16-inch,8GB,Apple,14-inch,4GB
1,-2.9375,-0.058349609375,Apple,16-inch,8GB,Apple,14-inch,8GB
1,-2.8125,-0.06591796875,Apple,16-inch,8GB,Apple,14-inch,16GB
1,-2.8125,-0.06591796875,Apple,16-inch,8GB,Apple,16-inch,4GB
1,-2.703125,-0.0732421875,Apple,16-inch,8GB,Apple,16-inch,16GB
1,-2.46875,-0.09423828125,Apple,16-inch,16GB,ASUS,13-inch,4GB
1,-2.578125,-0.08349609375,Apple,16-inch,16GB,ASUS,13-inch,8GB
1,-2.703125,-0.07421875,Apple,16-inch,16GB,ASUS,13-inch,16GB
1,-2.703125,-0.07421875,Apple,16-inch,16GB,ASUS,14-inch,4GB
1,-2.703125,-0.0732421875,Apple,16-inch,16GB,ASUS,14-inch,8GB
1,-2.703125,-0.07470703125,Apple,16-inch,16GB,ASUS,14-inch,16GB
1,-2.578125,-0.08349609375,Apple,16-inch,16GB,ASUS,16-inch,4GB
1,-2.578125,-0.0830078125,Apple,16-inch,16GB,ASUS,16-inch,8GB
1,-2.46875,-0.09375,Apple,16-inch,16GB,ASUS,16-inch,16GB
1,-2.578125,-0.08447265625,Apple,16-inch,16GB,Lenovo,13-inch,4GB
1,-2.359375,-0.10546875,Apple,16-inch,16GB,Lenovo,13-inch,8GB
1,-2.359375,-0.10595703125,Apple,16-inch,16GB,Lenovo,13-inch,16GB
1,-2.578125,-0.08349609375,Apple,16-inch,16GB,Lenovo,14-inch,4GB
1,-2.578125,-0.0830078125,Apple,16-inch,16GB,Lenovo,14-inch,8GB
1,-2.578125,-0.08349609375,Apple,16-inch,16GB,Lenovo,14-inch,16GB
1,-2.578125,-0.08349609375,Apple,16-inch,16GB,Lenovo,16-inch,4GB
1,-2.46875,-0.09326171875,Apple,16-inch,16GB,Lenovo,16-inch,8GB
1,-2.46875,-0.09375,Apple,16-inch,16GB,Lenovo,16-inch,16GB
1,-2.359375,-0.1064453125,Apple,16-inch,16GB,HP,13-inch,4GB
1,-2.359375,-0.10546875,Apple,16-inch,16GB,HP,13-inch,8GB
1,-2.46875,-0.09423828125,Apple,16-inch,16GB,HP,13-inch,16GB
1,-2.578125,-0.08349609375,Apple,16-inch,16GB,HP,14-inch,4GB
1,-2.46875,-0.09326171875,Apple,16-inch,16GB,HP,14-inch,8GB
1,-2.46875,-0.09375,Apple,16-inch,16GB,HP,14-inch,16GB
1,-2.46875,-0.09423828125,Apple,16-inch,16GB,HP,16-inch,4GB
1,-2.46875,-0.09326171875,Apple,16-inch,16GB,HP,16-inch,8GB
1,-2.359375,-0.10498046875,Apple,16-inch,16GB,HP,16-inch,16GB
1,-2.359375,-0.10595703125,Apple,16-inch,16GB,Dell,13-inch,4GB
1,-2.359375,-0.10546875,Apple,16-inch,16GB,Dell,13-inch,8GB
1,-2.25,-0.119140625,Apple,16-inch,16GB,Dell,13-inch,16GB
1,-2.46875,-0.09423828125,Apple,16-inch,16GB,Dell,14-inch,4GB
1,-2.578125,-0.0830078125,Apple,16-inch,16GB,Dell,14-inch,8GB
1,-2.359375,-0.10546875,Apple,16-inch,16GB,Dell,14-inch,16GB
1,-2.578125,-0.08349609375,Apple,16-inch,16GB,Dell,16-inch,4GB
1,-2.46875,-0.0927734375,Apple,16-inch,16GB,Dell,16-inch,8GB
1,-2.359375,-0.10546875,Apple,16-inch,16GB,Dell,16-inch,16GB
1,-2.46875,-0.0947265625,Apple,16-inch,16GB,Apple,13-inch,4GB
1,-2.359375,-0.10546875,Apple,16-inch,16GB,Apple,13-inch,8GB
1,-2.25,-0.119140625,Apple,16-inch,16GB,Apple,13-inch,16GB
1,-2.46875,-0.09375,Apple,16-inch,16GB,Apple,14-inch,4GB
1,-2.359375,-0.10498046875,Apple,16-inch,16GB,Apple,14-inch,8GB
1,-2.359375,-0.10595703125,Apple,16-inch,16GB,Apple,14-inch,16GB
1,-2.578125,-0.08349609375,Apple,16-inch,16GB,Apple,16-inch,4GB
1,-2.359375,-0.10400390625,Apple,16-inch,16GB,Apple,16-inch,8GB
2,-0.92578125,-0.55078125,ASUS,13-inch,4GB,ASUS,13-inch,8GB
2,-0.921875,-0.546875,ASUS,13-inch,4GB,ASUS,13-inch,16GB
2,-1.5234375,-0.2734375,ASUS,13-inch,4GB,ASUS,14-inch,4GB
2,-1.25,-0.37109375,ASUS,13-inch,4GB,ASUS,14-inch,8GB
2,-0.78125,-0.65625,ASUS,13-inch,4GB,ASUS,14-inch,16GB
2,-1.8203125,-0.197265625,ASUS,13-inch,4GB,ASUS,16-inch,4GB
2,-1.2421875,-0.369140625,ASUS,13-inch,4GB,ASUS,16-inch,8GB
2,-1.078125,-0.453125,ASUS,13-inch,4GB,ASUS,16-inch,16GB
2,-1.3359375,-0.333984375,ASUS,13-inch,4GB,Lenovo,13-inch,4GB
2,-1.0,-0.5,ASUS,13-inch,4GB,Lenovo,13-inch,8GB
2,-0.99609375,-0.498046875,ASUS,13-inch,4GB,Lenovo,13-inch,16GB
2,-1.5234375,-0.2734375,ASUS,13-inch,4GB,Lenovo,14-inch,4GB
2,-1.15625,-0.408203125,ASUS,13-inch,4GB,Lenovo,14-inch,8GB
2,-0.99609375,-0.49609375,ASUS,13-inch,4GB,Lenovo,14-inch,16GB
2,-1.6171875,-0.2431640625,ASUS,13-inch,4GB,Lenovo,16-inch,4GB
2,-1.078125,-0.451171875,ASUS,13-inch,4GB,Lenovo,16-inch,8GB
2,-1.1640625,-0.412109375,ASUS,13-inch,4GB,Lenovo,16-inch,16GB
2,-1.5234375,-0.271484375,ASUS,13-inch,4GB,HP,13-inch,4GB
2,-1.3359375,-0.337890625,ASUS,13-inch,4GB,HP,13-inch,8GB
2,-1.0,-0.498046875,ASUS,13-inch,4GB,HP,13-inch,16GB
2,-1.71875,-0.220703125,ASUS,13-inch,4GB,HP,14-inch,4GB
2,-1.15625,-0.41015625,ASUS,13-inch,4GB,HP,14-inch,8GB
2,-1.0,-0.498046875,ASUS,13-inch,4GB,HP,14-inch,16GB
2,-1.71875,-0.21875,ASUS,13-inch,4GB,HP,16-inch,4GB
2,-1.1640625,-0.412109375,ASUS,13-inch,4GB,HP,16-inch,8GB
2,-1.25,-0.373046875,ASUS,13-inch,4GB,HP,16-inch,16GB
2,-1.328125,-0.33203125,ASUS,13-inch,4GB,Dell,13-inch,4GB
2,-1.1640625,-0.41015625,ASUS,13-inch,4GB,Dell,13-inch,8GB
2,-0.99609375,-0.49609375,ASUS,13-inch,4GB,Dell,13-inch,16GB
2,-1.8203125,-0.197265625,ASUS,13-inch,4GB,Dell,14-inch,4GB
2,-1.3359375,-0.333984375,ASUS,13-inch,4GB,Dell,14-inch,8GB
2,-1.15625,-0.408203125,ASUS,13-inch,4GB,Dell,14-inch,16GB
2,-1.71875,-0.21875,ASUS,13-inch,4GB,Dell,16-inch,4GB
2,-1.25,-0.37109375,ASUS,13-inch,4GB,Dell,16-inch,8GB
2,-1.25,-0.373046875,ASUS,13-inch,4GB,Dell,16-inch,16GB
2,-1.6171875,-0.24609375,ASUS,13-inch,4GB,Apple,13-inch,4GB
2,-1.25,-0.373046875,ASUS,13-inch,4GB,Apple,13-inch,8GB
2,-1.0703125,-0.44921875,ASUS,13-inch,4GB,Apple,13-inch,16GB
2,-1.9296875,-0.181640625,ASUS,13-inch,4GB,Apple,14-inch,4GB
2,-1.7265625,-0.2265625,ASUS,13-inch,4GB,Apple,14-inch,8GB
2,-1.078125,-0.451171875,ASUS,13-inch,4GB,Apple,14-inch,16GB
2,-1.9296875,-0.1806640625,ASUS,13-inch,4GB,Apple,16-inch,4GB
2,-1.625,-0.25,ASUS,13-inch,4GB,Apple,16-inch,8GB
2,-1.25,-0.373046875,ASUS,13-inch,4GB,Apple,16-inch,16GB
2,-1.609375,-0.2353515625,ASUS,13-inch,8GB,ASUS,13-inch,4GB
2,-2.03125,-0.150390625,ASUS,13-inch,8GB,ASUS,13-inch,16GB
2,-1.7109375,-0.212890625,ASUS,13-inch,8GB,ASUS,14-inch,4GB
2,-1.921875,-0.1708984375,ASUS,13-inch,8GB,ASUS,14-inch,8GB
2,-2.03125,-0.15625,ASUS,13-inch,8GB,ASUS,14-inch,16GB
2,-2.03125,-0.1513671875,ASUS,13-inch,8GB,ASUS,16-inch,4GB
2,-2.25,-0.12158203125,ASUS,13-inch,8GB,ASUS,16-inch,8GB
2,-2.03125,-0.15234375,ASUS,13-inch,8GB,ASUS,16-inch,16GB
2,-1.921875,-0.169921875,ASUS,13-inch,8GB,Lenovo,13-inch,4GB
2,-2.140625,-0.1376953125,ASUS,13-inch,8GB,Lenovo,13-inch,8GB
2,-2.140625,-0.1376953125,ASUS,13-inch,8GB,Lenovo,13-inch,16GB
2,-1.8125,-0.19140625,ASUS,13-inch,8GB,Lenovo,14-inch,4GB
2,-2.03125,-0.1533203125,ASUS,13-inch,8GB,Lenovo,14-inch,8GB
2,-1.921875,-0.17578125,ASUS,13-inch,8GB,Lenovo,14-inch,16GB
2,-1.921875,-0.169921875,ASUS,13-inch,8GB,Lenovo,16-inch,4GB
2,-2.25,-0.12158203125,ASUS,13-inch,8GB,Lenovo,16-inch,8GB
2,-2.03125,-0.1533203125,ASUS,13-inch,8GB,Lenovo,16-inch,16GB
2,-1.921875,-0.169921875,ASUS,13-inch,8GB,HP,13-inch,4GB
2,-2.25,-0.1220703125,ASUS,13-inch,8GB,HP,13-inch,8GB
2,-2.25,-0.123046875,ASUS,13-inch,8GB,HP,13-inch,16GB
2,-1.8125,-0.1904296875,ASUS,13-inch,8GB,HP,14-inch,4GB
2,-2.03125,-0.154296875,ASUS,13-inch,8GB,HP,14-inch,8GB
2,-1.921875,-0.17578125,ASUS,13-inch,8GB,HP,14-inch,16GB
2,-1.921875,-0.1689453125,ASUS,13-inch,8GB,HP,16-inch,4GB
2,-2.140625,-0.1357421875,ASUS,13-inch,8GB,HP,16-inch,8GB
2,-2.140625,-0.1376953125,ASUS,13-inch,8GB,HP,16-inch,16GB
2,-1.8125,-0.189453125,ASUS,13-inch,8GB,Dell,13-inch,4GB
2,-2.03125,-0.1513671875,ASUS,13-inch,8GB,Dell,13-inch,8GB
2,-2.140625,-0.1376953125,ASUS,13-inch,8GB,Dell,13-inch,16GB
2,-1.8125,-0.189453125,ASUS,13-inch,8GB,Dell,14-inch,4GB
2,-1.921875,-0.171875,ASUS,13-inch,8GB,Dell,14-inch,8GB
2,-1.921875,-0.17578125,ASUS,13-inch,8GB,Dell,14-inch,16GB
2,-1.921875,-0.1689453125,ASUS,13-inch,8GB,Dell,16-inch,4GB
2,-2.25,-0.12109375,ASUS,13-inch,8GB,Dell,16-inch,8GB
2,-2.25,-0.1220703125,ASUS,13-inch,8GB,Dell,16-inch,16GB
2,-2.03125,-0.1533203125,ASUS,13-inch,8GB,Apple,13-inch,4GB
2,-2.03125,-0.15234375,ASUS,13-inch,8GB,Apple,13-inch,8GB
2,-2.359375,-0.1083984375,ASUS,13-inch,8GB,Apple,13-inch,16GB
2,-2.140625,-0.1376953125,ASUS,13-inch,8GB,Apple,14-inch,4GB
2,-2.359375,-0.10986328125,ASUS,13-inch,8GB,Apple,14-inch,8GB
2,-2.140625,-0.140625,ASUS,13-inch,8GB,Apple,14-inch,16GB
2,-2.359375,-0.10888671875,ASUS,13-inch,8GB,Apple,16-inch,4GB
2,-2.46875,-0.0986328125,ASUS,13-inch,8GB,Apple,16-inch,8GB
2,-2.25,-0.123046875,ASUS,13-inch,8GB,Apple,16-inch,16GB
2,-1.0703125,-0.44140625,ASUS,13-inch,16GB,ASUS,13-inch,4GB
2,-1.3203125,-0.322265625,ASUS,13-inch,16GB,ASUS,13-inch,8GB
2,-1.3203125,-0.32421875,ASUS,13-inch,16GB,ASUS,14-inch,4GB
2,-1.5078125,-0.2578125,ASUS,13-inch,16GB,ASUS,14-inch,8GB
2,-1.4140625,-0.291015625,ASUS,13-inch,16GB,ASUS,14-inch,16GB
2,-1.515625,-0.263671875,ASUS,13-inch,16GB,ASUS,16-inch,4GB
2,-1.3203125,-0.322265625,ASUS,13-inch,16GB,ASUS,16-inch,8GB
2,-1.515625,-0.26171875,ASUS,13-inch,16GB,ASUS,16-inch,16GB
2,-1.421875,-0.29296875,ASUS,13-inch,16GB,Lenovo,13-inch,4GB
2,-1.3203125,-0.3203125,ASUS,13-inch,16GB,Lenovo,13-inch,8GB
2,-1.421875,-0.294921875,ASUS,13-inch,16GB,Lenovo,13-inch,16GB
2,-1.4140625,-0.291015625,ASUS,13-inch,16GB,Lenovo,14-inch,4GB
2,-1.3203125,-0.322265625,ASUS,13-inch,16GB,Lenovo,14-inch,8GB
2,-1.609375,-0.2353515625,ASUS,13-inch,16GB,Lenovo,14-inch,16GB
2,-1.609375,-0.234375,ASUS,13-inch,16GB,Lenovo,16-inch,4GB
2,-1.4140625,-0.2890625,ASUS,13-inch,16GB,Lenovo,16-inch,8GB
2,-1.609375,-0.236328125,ASUS,13-inch,16GB,Lenovo,16-inch,16GB
2,-1.4140625,-0.29296875,ASUS,13-inch,16GB,HP,13-inch,4GB
2,-1.4140625,-0.291015625,ASUS,13-inch,16GB,HP,13-inch,8GB
2,-1.515625,-0.263671875,ASUS,13-inch,16GB,HP,13-inch,16GB
2,-1.4140625,-0.291015625,ASUS,13-inch,16GB,HP,14-inch,4GB
2,-1.4140625,-0.291015625,ASUS,13-inch,16GB,HP,14-inch,8GB
2,-1.515625,-0.26171875,ASUS,13-inch,16GB,HP,14-inch,16GB
2,-1.5078125,-0.26171875,ASUS,13-inch,16GB,HP,16-inch,4GB
2,-1.5078125,-0.259765625,ASUS,13-inch,16GB,HP,16-inch,8GB
2,-1.515625,-0.263671875,ASUS,13-inch,16GB,HP,16-inch,16GB
2,-1.4140625,-0.291015625,ASUS,13-inch,16GB,Dell,13-inch,4GB
2,-1.3203125,-0.322265625,ASUS,13-inch,16GB,Dell,13-inch,8GB
2,-1.421875,-0.294921875,ASUS,13-inch,16GB,Dell,13-inch,16GB
2,-1.4140625,-0.2890625,ASUS,13-inch,16GB,Dell,14-inch,4GB
2,-1.328125,-0.32421875,ASUS,13-inch,16GB,Dell,14-inch,8GB
2,-1.515625,-0.263671875,ASUS,13-inch,16GB,Dell,14-inch,16GB
2,-1.609375,-0.234375,ASUS,13-inch,16GB,Dell,16-inch,4GB
2,-1.5078125,-0.259765625,ASUS,13-inch,16GB,Dell,16-inch,8GB
2,-1.515625,-0.26171875,ASUS,13-inch,16GB,Dell,16-inch,16GB
2,-1.1484375,-0.400390625,ASUS,13-inch,16GB,Apple,13-inch,4GB
2,-1.515625,-0.26171875,ASUS,13-inch,16GB,Apple,13-inch,8GB
2,-1.328125,-0.326171875,ASUS,13-inch,16GB,Apple,13-inch,16GB
2,-1.515625,-0.263671875,ASUS,13-inch,16GB,Apple,14-inch,4GB
2,-1.515625,-0.263671875,ASUS,13-inch,16GB,Apple,14-inch,8GB
2,-1.515625,-0.263671875,ASUS,13-inch,16GB,Apple,14-inch,16GB
2,-1.515625,-0.263671875,ASUS,13-inch,16GB,Apple,16-inch,4GB
2,-1.4140625,-0.291015625,ASUS,13-inch,16GB,Apple,16-inch,8GB
2,-1.515625,-0.263671875,ASUS,13-inch,16GB,Apple,16-inch,16GB
2,-1.2421875,-0.36328125,ASUS,14-inch,4GB,ASUS,13-inch,4GB
2,-1.1484375,-0.400390625,ASUS,14-inch,4GB,ASUS,13-inch,8GB
2,-1.15625,-0.40234375,ASUS,14-inch,4GB,ASUS,13-inch,16GB
2,-1.328125,-0.330078125,ASUS,14-inch,4GB,ASUS,14-inch,8GB
2,-0.7734375,-0.6484375,ASUS,14-inch,4GB,ASUS,14-inch,16GB
2,-1.328125,-0.33203125,ASUS,14-inch,4GB,ASUS,16-inch,4GB
2,-1.0703125,-0.4453125,ASUS,14-inch,4GB,ASUS,16-inch,8GB
2,-0.9140625,-0.5390625,ASUS,14-inch,4GB,ASUS,16-inch,16GB
2,-1.234375,-0.361328125,ASUS,14-inch,4GB,Lenovo,13-inch,4GB
2,-1.0703125,-0.443359375,ASUS,14-inch,4GB,Lenovo,13-inch,8GB
2,-1.328125,-0.328125,ASUS,14-inch,4GB,Lenovo,13-inch,16GB
2,-1.2421875,-0.36328125,ASUS,14-inch,4GB,Lenovo,14-inch,4GB
2,-1.0703125,-0.4453125,ASUS,14-inch,4GB,Lenovo,14-inch,8GB
2,-0.98828125,-0.48828125,ASUS,14-inch,4GB,Lenovo,14-inch,16GB
2,-1.2421875,-0.365234375,ASUS,14-inch,4GB,Lenovo,16-inch,4GB
2,-1.0703125,-0.447265625,ASUS,14-inch,4GB,Lenovo,16-inch,8GB
2,-1.234375,-0.36328125,ASUS,14-inch,4GB,Lenovo,16-inch,16GB
2,-1.328125,-0.330078125,ASUS,14-inch,4GB,HP,13-inch,4GB
2,-1.328125,-0.326171875,ASUS,14-inch,4GB,HP,13-inch,8GB
2,-1.328125,-0.328125,ASUS,14-inch,4GB,HP,13-inch,16GB
2,-1.328125,-0.328125,ASUS,14-inch,4GB,HP,14-inch,4GB
2,-1.0703125,-0.4453125,ASUS,14-inch,4GB,HP,14-inch,8GB
2,-0.9140625,-0.5390625,ASUS,14-inch,4GB,HP,14-inch,16GB
2,-1.2421875,-0.365234375,ASUS,14-inch,4GB,HP,16-inch,4GB
2,-1.2421875,-0.3671875,ASUS,14-inch,4GB,HP,16-inch,8GB
2,-1.328125,-0.328125,ASUS,14-inch,4GB,HP,16-inch,16GB
2,-1.421875,-0.294921875,ASUS,14-inch,4GB,Dell,13-inch,4GB
2,-1.328125,-0.328125,ASUS,14-inch,4GB,Dell,13-inch,8GB
2,-1.328125,-0.328125,ASUS,14-inch,4GB,Dell,13-inch,16GB
2,-1.421875,-0.294921875,ASUS,14-inch,4GB,Dell,14-inch,4GB
2,-1.328125,-0.328125,ASUS,14-inch,4GB,Dell,14-inch,8GB
2,-1.15625,-0.40234375,ASUS,14-inch,4GB,Dell,14-inch,16GB
2,-1.328125,-0.330078125,ASUS,14-inch,4GB,Dell,16-inch,4GB
2,-1.328125,-0.330078125,ASUS,14-inch,4GB,Dell,16-inch,8GB
2,-1.1484375,-0.40234375,ASUS,14-inch,4GB,Dell,16-inch,16GB
2,-1.421875,-0.296875,ASUS,14-inch,4GB,Apple,13-inch,4GB
2,-1.515625,-0.265625,ASUS,14-inch,4GB,Apple,13-inch,8GB
2,-1.328125,-0.330078125,ASUS,14-inch,4GB,Apple,13-inch,16GB
2,-1.7109375,-0.21484375,ASUS,14-inch,4GB,Apple,14-inch,4GB
2,-1.6171875,-0.2431640625,ASUS,14-inch,4GB,Apple,14-inch,8GB
2,-1.1484375,-0.400390625,ASUS,14-inch,4GB,Apple,14-inch,16GB
2,-1.71875,-0.2177734375,ASUS,14-inch,4GB,Apple,16-inch,4GB
2,-1.421875,-0.30078125,ASUS,14-inch,4GB,Apple,16-inch,8GB
2,-1.15625,-0.404296875,ASUS,14-inch,4GB,Apple,16-inch,16GB
2,-1.7109375,-0.2099609375,ASUS,14-inch,8GB,ASUS,13-inch,4GB
2,-1.609375,-0.2333984375,ASUS,14-inch,8GB,ASUS,13-inch,8GB
2,-1.921875,-0.169921875,ASUS,14-inch,8GB,ASUS,13-inch,16GB
2,-1.609375,-0.234375,ASUS,14-inch,8GB,ASUS,14-inch,4GB
2,-1.5078125,-0.259765625,ASUS,14-inch,8GB,ASUS,14-inch,16GB
2,-1.609375,-0.234375,ASUS,14-inch,8GB,ASUS,16-inch,4GB
2,-1.7109375,-0.2109375,ASUS,14-inch,8GB,ASUS,16-inch,8GB
2,-1.609375,-0.234375,ASUS,14-inch,8GB,ASUS,16-inch,16GB
2,-1.609375,-0.234375,ASUS,14-inch,8GB,Lenovo,13-inch,4GB
2,-1.609375,-0.2353515625,ASUS,14-inch,8GB,Lenovo,13-inch,8GB
2,-1.609375,-0.236328125,ASUS,14-inch,8GB,Lenovo,13-inch,16GB
2,-1.4140625,-0.291015625,ASUS,14-inch,8GB,Lenovo,14-inch,4GB
2,-1.8125,-0.189453125,ASUS,14-inch,8GB,Lenovo,14-inch,8GB
2,-1.921875,-0.16796875,ASUS,14-inch,8GB,Lenovo,14-inch,16GB
2,-1.7109375,-0.2109375,ASUS,14-inch,8GB,Lenovo,16-inch,4GB
2,-1.7109375,-0.2119140625,ASUS,14-inch,8GB,Lenovo,16-inch,8GB
2,-1.921875,-0.169921875,ASUS,14-inch,8GB,Lenovo,16-inch,16GB
2,-1.7109375,-0.2099609375,ASUS,14-inch,8GB,HP,13-inch,4GB
2,-1.7109375,-0.2109375,ASUS,14-inch,8GB,HP,13-inch,8GB
2,-1.8125,-0.189453125,ASUS,14-inch,8GB,HP,13-inch,16GB
2,-1.3203125,-0.322265625,ASUS,14-inch,8GB,HP,14-inch,4GB
2,-1.921875,-0.1689453125,ASUS,14-inch,8GB,HP,14-inch,8GB
2,-1.8125,-0.189453125,ASUS,14-inch,8GB,HP,14-inch,16GB
2,-1.7109375,-0.208984375,ASUS,14-inch,8GB,HP,16-inch,4GB
2,-1.7109375,-0.2109375,ASUS,14-inch,8GB,HP,16-inch,8GB
2,-2.03125,-0.1513671875,ASUS,14-inch,8GB,HP,16-inch,16GB
2,-1.609375,-0.2333984375,ASUS,14-inch,8GB,Dell,13-inch,4GB
2,-1.609375,-0.2353515625,ASUS,14-inch,8GB,Dell,13-inch,8GB
2,-1.8125,-0.1884765625,ASUS,14-inch,8GB,Dell,13-inch,16GB
2,-1.5078125,-0.26171875,ASUS,14-inch,8GB,Dell,14-inch,4GB
2,-1.8125,-0.1904296875,ASUS,14-inch,8GB,Dell,14-inch,8GB
2,-1.9140625,-0.16796875,ASUS,14-inch,8GB,Dell,14-inch,16GB
2,-1.7109375,-0.2099609375,ASUS,14-inch,8GB,Dell,16-inch,4GB
2,-1.7109375,-0.2119140625,ASUS,14-inch,8GB,Dell,16-inch,8GB
2,-2.03125,-0.1513671875,ASUS,14-inch,8GB,Dell,16-inch,16GB
2,-2.03125,-0.1513671875,ASUS,14-inch,8GB,Apple,13-inch,4GB
2,-1.8125,-0.1884765625,ASUS,14-inch,8GB,Apple,13-inch,8GB
2,-1.921875,-0.1708984375,ASUS,14-inch,8GB,Apple,13-inch,16GB
2,-1.921875,-0.169921875,ASUS,14-inch,8GB,Apple,14-inch,4GB
2,-1.921875,-0.171875,ASUS,14-inch,8GB,Apple,14-inch,8GB
2,-2.03125,-0.150390625,ASUS,14-inch,8GB,Apple,14-inch,16GB
2,-2.140625,-0.13671875,ASUS,14-inch,8GB,Apple,16-inch,4GB
2,-1.921875,-0.169921875,ASUS,14-inch,8GB,Apple,16-inch,8GB
2,-2.03125,-0.15234375,ASUS,14-inch,8GB,Apple,16-inch,16GB
2,-1.234375,-0.359375,ASUS,14-inch,16GB,ASUS,13-inch,4GB
2,-1.4140625,-0.291015625,ASUS,14-inch,16GB,ASUS,13-inch,8GB
2,-1.3203125,-0.32421875,ASUS,14-inch,16GB,ASUS,13-inch,16GB
2,-1.0625,-0.439453125,ASUS,14-inch,16GB,ASUS,14-inch,4GB
2,-0.98046875,-0.48046875,ASUS,14-inch,16GB,ASUS,14-inch,8GB
2,-1.3203125,-0.32421875,ASUS,14-inch,16GB,ASUS,16-inch,4GB
2,-1.1484375,-0.39453125,ASUS,14-inch,16GB,ASUS,16-inch,8GB
2,-1.4140625,-0.291015625,ASUS,14-inch,16GB,ASUS,16-inch,16GB
2,-1.4140625,-0.291015625,ASUS,14-inch,16GB,Lenovo,13-inch,4GB
2,-1.515625,-0.263671875,ASUS,14-inch,16GB,Lenovo,13-inch,8GB
2,-1.4140625,-0.29296875,ASUS,14-inch,16GB,Lenovo,13-inch,16GB
2,-1.234375,-0.359375,ASUS,14-inch,16GB,Lenovo,14-inch,4GB
2,-1.0625,-0.4375,ASUS,14-inch,16GB,Lenovo,14-inch,8GB
2,-1.3203125,-0.32421875,ASUS,14-inch,16GB,Lenovo,14-inch,16GB
2,-1.4140625,-0.291015625,ASUS,14-inch,16GB,Lenovo,16-inch,4GB
2,-1.234375,-0.357421875,ASUS,14-inch,16GB,Lenovo,16-inch,8GB
2,-1.4140625,-0.291015625,ASUS,14-inch,16GB,Lenovo,16-inch,16GB
2,-1.3203125,-0.32421875,ASUS,14-inch,16GB,HP,13-inch,4GB
2,-1.4140625,-0.29296875,ASUS,14-inch,16GB,HP,13-inch,8GB
2,-1.5078125,-0.26171875,ASUS,14-inch,16GB,HP,13-inch,16GB
2,-1.3203125,-0.322265625,ASUS,14-inch,16GB,HP,14-inch,4GB
2,-1.0625,-0.4375,ASUS,14-inch,16GB,HP,14-inch,8GB
2,-1.3203125,-0.32421875,ASUS,14-inch,16GB,HP,14-inch,16GB
2,-1.4140625,-0.2890625,ASUS,14-inch,16GB,HP,16-inch,4GB
2,-1.1484375,-0.396484375,ASUS,14-inch,16GB,HP,16-inch,8GB
2,-1.3203125,-0.322265625,ASUS,14-inch,16GB,HP,16-inch,16GB
2,-1.234375,-0.359375,ASUS,14-inch,16GB,Dell,13-inch,4GB
2,-1.4140625,-0.29296875,ASUS,14-inch,16GB,Dell,13-inch,8GB
2,-1.4140625,-0.29296875,ASUS,14-inch,16GB,Dell,13-inch,16GB
2,-1.1484375,-0.396484375,ASUS,14-inch,16GB,Dell,14-inch,4GB
2,-1.0625,-0.4375,ASUS,14-inch,16GB,Dell,14-inch,8GB
2,-1.0625,-0.439453125,ASUS,14-inch,16GB,Dell,14-inch,16GB
2,-1.3203125,-0.322265625,ASUS,14-inch,16GB,Dell,16-inch,4GB
2,-1.1484375,-0.396484375,ASUS,14-inch,16GB,Dell,16-inch,8GB
2,-1.234375,-0.357421875,ASUS,14-inch,16GB,Dell,16-inch,16GB
2,-1.4140625,-0.29296875,ASUS,14-inch,16GB,Apple,13-inch,4GB
2,-1.7109375,-0.2138671875,ASUS,14-inch,16GB,Apple,13-inch,8GB
2,-1.4140625,-0.291015625,ASUS,14-inch,16GB,Apple,13-inch,16GB
2,-1.515625,-0.263671875,ASUS,14-inch,16GB,Apple,14-inch,4GB
2,-1.234375,-0.359375,ASUS,14-inch,16GB,Apple,14-inch,8GB
2,-1.0625,-0.439453125,ASUS,14-inch,16GB,Apple,14-inch,16GB
2,-1.4140625,-0.291015625,ASUS,14-inch,16GB,Apple,16-inch,4GB
2,-1.4140625,-0.29296875,ASUS,14-inch,16GB,Apple,16-inch,8GB
2,-1.328125,-0.32421875,ASUS,14-inch,16GB,Apple,16-inch,16GB
2,-1.515625,-0.267578125,ASUS,16-inch,4GB,ASUS,13-inch,4GB
2,-1.515625,-0.267578125,ASUS,16-inch,4GB,ASUS,13-inch,8GB
2,-1.328125,-0.330078125,ASUS,16-inch,4GB,ASUS,13-inch,16GB
2,-1.421875,-0.296875,ASUS,16-inch,4GB,ASUS,14-inch,4GB
2,-1.328125,-0.330078125,ASUS,16-inch,4GB,ASUS,14-inch,8GB
2,-1.0703125,-0.4453125,ASUS,16-inch,4GB,ASUS,14-inch,16GB
2,-0.91796875,-0.54296875,ASUS,16-inch,4GB,ASUS,16-inch,8GB
2,-0.77734375,-0.65234375,ASUS,16-inch,4GB,ASUS,16-inch,16GB
2,-1.6171875,-0.2412109375,ASUS,16-inch,4GB,Lenovo,13-inch,4GB
2,-1.421875,-0.296875,ASUS,16-inch,4GB,Lenovo,13-inch,8GB
2,-1.421875,-0.296875,ASUS,16-inch,4GB,Lenovo,13-inch,16GB
2,-1.6171875,-0.240234375,ASUS,16-inch,4GB,Lenovo,14-inch,4GB
2,-1.2421875,-0.36328125,ASUS,16-inch,4GB,Lenovo,14-inch,8GB
2,-1.328125,-0.328125,ASUS,16-inch,4GB,Lenovo,14-inch,16GB
2,-0.9140625,-0.5390625,ASUS,16-inch,4GB,Lenovo,16-inch,4GB
2,-0.99609375,-0.494140625,ASUS,16-inch,4GB,Lenovo,16-inch,8GB
2,-0.77734375,-0.65234375,ASUS,16-inch,4GB,Lenovo,16-inch,16GB
2,-1.6171875,-0.240234375,ASUS,16-inch,4GB,HP,13-inch,4GB
2,-1.5234375,-0.26953125,ASUS,16-inch,4GB,HP,13-inch,8GB
2,-1.515625,-0.267578125,ASUS,16-inch,4GB,HP,13-inch,16GB
2,-1.6171875,-0.2412109375,ASUS,16-inch,4GB,HP,14-inch,4GB
2,-1.421875,-0.298828125,ASUS,16-inch,4GB,HP,14-inch,8GB
2,-1.328125,-0.330078125,ASUS,16-inch,4GB,HP,14-inch,16GB
2,-1.0703125,-0.44921875,ASUS,16-inch,4GB,HP,16-inch,4GB
2,-1.078125,-0.453125,ASUS,16-inch,4GB,HP,16-inch,8GB
2,-0.84765625,-0.59765625,ASUS,16-inch,4GB,HP,16-inch,16GB
2,-1.71875,-0.2158203125,ASUS,16-inch,4GB,Dell,13-inch,4GB
2,-1.515625,-0.267578125,ASUS,16-inch,4GB,Dell,13-inch,8GB
2,-1.515625,-0.265625,ASUS,16-inch,4GB,Dell,13-inch,16GB
2,-1.6171875,-0.240234375,ASUS,16-inch,4GB,Dell,14-inch,4GB
2,-1.421875,-0.298828125,ASUS,16-inch,4GB,Dell,14-inch,8GB
2,-1.421875,-0.296875,ASUS,16-inch,4GB,Dell,14-inch,16GB
2,-1.0703125,-0.4453125,ASUS,16-inch,4GB,Dell,16-inch,4GB
2,-1.078125,-0.451171875,ASUS,16-inch,4GB,Dell,16-inch,8GB
2,-0.91796875,-0.54296875,ASUS,16-inch,4GB,Dell,16-inch,16GB
2,-1.921875,-0.1748046875,ASUS,16-inch,4GB,Apple,13-inch,4GB
2,-1.8203125,-0.1962890625,ASUS,16-inch,4GB,Apple,13-inch,8GB
2,-1.71875,-0.2158203125,ASUS,16-inch,4GB,Apple,13-inch,16GB
2,-1.8203125,-0.1943359375,ASUS,16-inch,4GB,Apple,14-inch,4GB
2,-1.71875,-0.21875,ASUS,16-inch,4GB,Apple,14-inch,8GB
2,-1.328125,-0.330078125,ASUS,16-inch,4GB,Apple,14-inch,16GB
2,-1.328125,-0.330078125,ASUS,16-inch,4GB,Apple,16-inch,4GB
2,-1.2421875,-0.37109375,ASUS,16-inch,4GB,Apple,16-inch,8GB
2,-1.0703125,-0.447265625,ASUS,16-inch,4GB,Apple,16-inch,16GB
2,-2.59375,-0.0869140625,ASUS,16-inch,8GB,ASUS,13-inch,4GB
2,-2.59375,-0.08642578125,ASUS,16-inch,8GB,ASUS,13-inch,8GB
2,-2.359375,-0.10791015625,ASUS,16-inch,8GB,ASUS,13-inch,16GB
2,-1.609375,-0.232421875,ASUS,16-inch,8GB,ASUS,14-inch,4GB
2,-1.5078125,-0.259765625,ASUS,16-inch,8GB,ASUS,14-inch,8GB
2,-1.7109375,-0.2099609375,ASUS,16-inch,8GB,ASUS,14-inch,16GB
2,-1.609375,-0.232421875,ASUS,16-inch,8GB,ASUS,16-inch,4GB
2,-1.609375,-0.2314453125,ASUS,16-inch,8GB,ASUS,16-inch,16GB
2,-1.7109375,-0.2099609375,ASUS,16-inch,8GB,Lenovo,13-inch,4GB
2,-1.7109375,-0.2099609375,ASUS,16-inch,8GB,Lenovo,13-inch,8GB
2,-1.8125,-0.1884765625,ASUS,16-inch,8GB,Lenovo,13-inch,16GB
2,-2.703125,-0.0771484375,ASUS,16-inch,8GB,Lenovo,14-inch,4GB
2,-2.46875,-0.09814453125,ASUS,16-inch,8GB,Lenovo,14-inch,8GB
2,-2.25,-0.12109375,ASUS,16-inch,8GB,Lenovo,14-inch,16GB
2,-1.9140625,-0.16796875,ASUS,16-inch,8GB,Lenovo,16-inch,4GB
2,-1.8125,-0.1875,ASUS,16-inch,8GB,Lenovo,16-inch,8GB
2,-1.8125,-0.1875,ASUS,16-inch,8GB,Lenovo,16-inch,16GB
2,-1.7109375,-0.208984375,ASUS,16-inch,8GB,HP,13-inch,4GB
2,-1.609375,-0.234375,ASUS,16-inch,8GB,HP,13-inch,8GB
2,-2.03125,-0.1513671875,ASUS,16-inch,8GB,HP,13-inch,16GB
2,-1.7109375,-0.208984375,ASUS,16-inch,8GB,HP,14-inch,4GB
2,-1.7109375,-0.208984375,ASUS,16-inch,8GB,HP,14-inch,8GB
2,-1.8125,-0.1884765625,ASUS,16-inch,8GB,HP,14-inch,16GB
2,-1.9140625,-0.16796875,ASUS,16-inch,8GB,HP,16-inch,4GB
2,-1.8125,-0.1884765625,ASUS,16-inch,8GB,HP,16-inch,8GB
2,-1.8125,-0.1884765625,ASUS,16-inch,8GB,HP,16-inch,16GB
2,-1.7109375,-0.208984375,ASUS,16-inch,8GB,Dell,13-inch,4GB
2,-1.7109375,-0.2099609375,ASUS,16-inch,8GB,Dell,13-inch,8GB
2,-2.03125,-0.150390625,ASUS,16-inch,8GB,Dell,13-inch,16GB
2,-1.609375,-0.232421875,ASUS,16-inch,8GB,Dell,14-inch,4GB
2,-1.609375,-0.2333984375,ASUS,16-inch,8GB,Dell,14-inch,8GB
2,-1.7109375,-0.208984375,ASUS,16-inch,8GB,Dell,14-inch,16GB
2,-1.8125,-0.1875,ASUS,16-inch,8GB,Dell,16-inch,4GB
2,-1.7109375,-0.2099609375,ASUS,16-inch,8GB,Dell,16-inch,8GB
2,-1.7109375,-0.2099609375,ASUS,16-inch,8GB,Dell,16-inch,16GB
2,-2.140625,-0.134765625,ASUS,16-inch,8GB,Apple,13-inch,4GB
2,-1.9140625,-0.16796875,ASUS,16-inch,8GB,Apple,13-inch,8GB
2,-2.140625,-0.134765625,ASUS,16-inch,8GB,Apple,13-inch,16GB
2,-3.296875,-0.043701171875,ASUS,16-inch,8GB,Apple,14-inch,4GB
2,-2.703125,-0.07763671875,ASUS,16-inch,8GB,Apple,14-inch,8GB
2,-2.9375,-0.060546875,ASUS,16-inch,8GB,Apple,14-inch,16GB
2,-2.25,-0.12060546875,ASUS,16-inch,8GB,Apple,16-inch,4GB
2,-2.140625,-0.1337890625,ASUS,16-inch,8GB,Apple,16-inch,8GB
2,-2.25,-0.1201171875,ASUS,16-inch,8GB,Apple,16-inch,16GB
2,-1.7109375,-0.2119140625,ASUS,16-inch,16GB,ASUS,13-inch,4GB
2,-1.921875,-0.1689453125,ASUS,16-inch,16GB,ASUS,13-inch,8GB
2,-1.609375,-0.236328125,ASUS,16-inch,16GB,ASUS,13-inch,16GB
2,-1.8125,-0.1884765625,ASUS,16-inch,16GB,ASUS,14-inch,4GB
2,-2.03125,-0.150390625,ASUS,16-inch,16GB,ASUS,14-inch,8GB
2,-1.4140625,-0.291015625,ASUS,16-inch,16GB,ASUS,14-inch,16GB
2,-1.8125,-0.1904296875,ASUS,16-inch,16GB,ASUS,16-inch,4GB
2,-1.4140625,-0.2890625,ASUS,16-inch,16GB,ASUS,16-inch,8GB
2,-1.7109375,-0.2119140625,ASUS,16-inch,16GB,Lenovo,13-inch,4GB
2,-1.7109375,-0.2119140625,ASUS,16-inch,16GB,Lenovo,13-inch,8GB
2,-1.609375,-0.2373046875,ASUS,16-inch,16GB,Lenovo,13-inch,16GB
2,-1.8125,-0.189453125,ASUS,16-inch,16GB,Lenovo,14-inch,4GB
2,-1.8125,-0.1904296875,ASUS,16-inch,16GB,Lenovo,14-inch,8GB
2,-1.609375,-0.2353515625,ASUS,16-inch,16GB,Lenovo,14-inch,16GB
2,-1.8125,-0.1904296875,ASUS,16-inch,16GB,Lenovo,16-inch,4GB
2,-1.4140625,-0.29296875,ASUS,16-inch,16GB,Lenovo,16-inch,8GB
2,-1.8203125,-0.1923828125,ASUS,16-inch,16GB,Lenovo,16-inch,16GB
2,-1.7109375,-0.2119140625,ASUS,16-inch,16GB,HP,13-inch,4GB
2,-1.8125,-0.1904296875,ASUS,16-inch,16GB,HP,13-inch,8GB
2,-1.609375,-0.236328125,ASUS,16-inch,16GB,HP,13-inch,16GB
2,-1.7109375,-0.2109375,ASUS,16-inch,16GB,HP,14-inch,4GB
2,-1.921875,-0.1708984375,ASUS,16-inch,16GB,HP,14-inch,8GB
2,-1.609375,-0.2353515625,ASUS,16-inch,16GB,HP,14-inch,16GB
2,-1.921875,-0.1689453125,ASUS,16-inch,16GB,HP,16-inch,4GB
2,-1.7109375,-0.2109375,ASUS,16-inch,16GB,HP,16-inch,8GB
2,-1.609375,-0.2373046875,ASUS,16-inch,16GB,HP,16-inch,16GB
2,-1.609375,-0.2353515625,ASUS,16-inch,16GB,Dell,13-inch,4GB
2,-1.7109375,-0.212890625,ASUS,16-inch,16GB,Dell,13-inch,8GB
2,-1.609375,-0.236328125,ASUS,16-inch,16GB,Dell,13-inch,16GB
2,-1.7109375,-0.2099609375,ASUS,16-inch,16GB,Dell,14-inch,4GB
2,-1.7109375,-0.212890625,ASUS,16-inch,16GB,Dell,14-inch,8GB
2,-1.4140625,-0.291015625,ASUS,16-inch,16GB,Dell,14-inch,16GB
2,-1.7109375,-0.2109375,ASUS,16-inch,16GB,Dell,16-inch,4GB
2,-1.4140625,-0.291015625,ASUS,16-inch,16GB,Dell,16-inch,8GB
2,-1.328125,-0.32421875,ASUS,16-inch,16GB,Dell,16-inch,16GB
2,-1.8125,-0.1904296875,ASUS,16-inch,16GB,Apple,13-inch,4GB
2,-1.8203125,-0.19140625,ASUS,16-inch,16GB,Apple,13-inch,8GB
2,-1.609375,-0.236328125,ASUS,16-inch,16GB,Apple,13-inch,16GB
2,-1.921875,-0.169921875,ASUS,16-inch,16GB,Apple,14-inch,4GB
2,-2.03125,-0.15234375,ASUS,16-inch,16GB,Apple,14-inch,8GB
2,-1.515625,-0.26171875,ASUS,16-inch,16GB,Apple,14-inch,16GB
2,-2.03125,-0.15234375,ASUS,16-inch,16GB,Apple,16-inch,4GB
2,-1.921875,-0.1708984375,ASUS,16-inch,16GB,Apple,16-inch,8GB
2,-1.609375,-0.236328125,ASUS,16-inch,16GB,Apple,16-inch,16GB
2,-1.8203125,-0.1962890625,Lenovo,13-inch,4GB,ASUS,13-inch,4GB
2,-1.421875,-0.296875,Lenovo,13-inch,4GB,ASUS,13-inch,8GB
2,-1.15625,-0.404296875,Lenovo,13-inch,4GB,ASUS,13-inch,16GB
2,-2.140625,-0.142578125,Lenovo,13-inch,4GB,ASUS,14-inch,4GB
2,-1.6171875,-0.2431640625,Lenovo,13-inch,4GB,ASUS,14-inch,8GB
2,-1.078125,-0.44921875,Lenovo,13-inch,4GB,ASUS,14-inch,16GB
2,-2.03125,-0.158203125,Lenovo,13-inch,4GB,ASUS,16-inch,4GB
2,-1.71875,-0.220703125,Lenovo,13-inch,4GB,ASUS,16-inch,8GB
2,-1.3359375,-0.3359375,Lenovo,13-inch,4GB,ASUS,16-inch,16GB
2,-1.15625,-0.40625,Lenovo,13-inch,4GB,Lenovo,13-inch,8GB
2,-0.71484375,-0.71484375,Lenovo,13-inch,4GB,Lenovo,13-inch,16GB
2,-1.5234375,-0.271484375,Lenovo,13-inch,4GB,Lenovo,14-inch,4GB
2,-1.0703125,-0.447265625,Lenovo,13-inch,4GB,Lenovo,14-inch,8GB
2,-0.77734375,-0.65234375,Lenovo,13-inch,4GB,Lenovo,14-inch,16GB
2,-1.71875,-0.21875,Lenovo,13-inch,4GB,Lenovo,16-inch,4GB
2,-1.421875,-0.30078125,Lenovo,13-inch,4GB,Lenovo,16-inch,8GB
2,-0.99609375,-0.498046875,Lenovo,13-inch,4GB,Lenovo,16-inch,16GB
2,-1.6171875,-0.2431640625,Lenovo,13-inch,4GB,HP,13-inch,4GB
2,-1.421875,-0.298828125,Lenovo,13-inch,4GB,HP,13-inch,8GB
2,-1.078125,-0.451171875,Lenovo,13-inch,4GB,HP,13-inch,16GB
2,-1.71875,-0.2177734375,Lenovo,13-inch,4GB,HP,14-inch,4GB
2,-1.3359375,-0.33203125,Lenovo,13-inch,4GB,HP,14-inch,8GB
2,-1.2421875,-0.37109375,Lenovo,13-inch,4GB,HP,14-inch,16GB
2,-1.8203125,-0.1962890625,Lenovo,13-inch,4GB,HP,16-inch,4GB
2,-1.421875,-0.296875,Lenovo,13-inch,4GB,HP,16-inch,8GB
2,-1.4296875,-0.30078125,Lenovo,13-inch,4GB,HP,16-inch,16GB
2,-1.515625,-0.267578125,Lenovo,13-inch,4GB,Dell,13-inch,4GB
2,-1.421875,-0.294921875,Lenovo,13-inch,4GB,Dell,13-inch,8GB
2,-1.2421875,-0.369140625,Lenovo,13-inch,4GB,Dell,13-inch,16GB
2,-1.8203125,-0.1962890625,Lenovo,13-inch,4GB,Dell,14-inch,4GB
2,-1.2421875,-0.365234375,Lenovo,13-inch,4GB,Dell,14-inch,8GB
2,-1.2421875,-0.37109375,Lenovo,13-inch,4GB,Dell,14-inch,16GB
2,-1.8203125,-0.1943359375,Lenovo,13-inch,4GB,Dell,16-inch,4GB
2,-1.421875,-0.298828125,Lenovo,13-inch,4GB,Dell,16-inch,8GB
2,-1.4296875,-0.30078125,Lenovo,13-inch,4GB,Dell,16-inch,16GB
2,-1.6171875,-0.2451171875,Lenovo,13-inch,4GB,Apple,13-inch,4GB
2,-1.4296875,-0.302734375,Lenovo,13-inch,4GB,Apple,13-inch,8GB
2,-1.2421875,-0.3671875,Lenovo,13-inch,4GB,Apple,13-inch,16GB
2,-1.8203125,-0.19921875,Lenovo,13-inch,4GB,Apple,14-inch,4GB
2,-1.5234375,-0.275390625,Lenovo,13-inch,4GB,Apple,14-inch,8GB
2,-1.15625,-0.41015625,Lenovo,13-inch,4GB,Apple,14-inch,16GB
2,-1.8203125,-0.19921875,Lenovo,13-inch,4GB,Apple,16-inch,4GB
2,-1.5234375,-0.275390625,Lenovo,13-inch,4GB,Apple,16-inch,8GB
2,-1.3359375,-0.3359375,Lenovo,13-inch,4GB,Apple,16-inch,16GB
2,-2.03125,-0.1494140625,Lenovo,13-inch,8GB,ASUS,13-inch,4GB
2,-2.25,-0.11962890625,Lenovo,13-inch,8GB,ASUS,13-inch,8GB
2,-2.46875,-0.09716796875,Lenovo,13-inch,8GB,ASUS,13-inch,16GB
2,-1.921875,-0.1689453125,Lenovo,13-inch,8GB,ASUS,14-inch,4GB
2,-2.46875,-0.0966796875,Lenovo,13-inch,8GB,ASUS,14-inch,8GB
2,-2.25,-0.123046875,Lenovo,13-inch,8GB,ASUS,14-inch,16GB
2,-2.140625,-0.134765625,Lenovo,13-inch,8GB,ASUS,16-inch,4GB
2,-2.578125,-0.0859375,Lenovo,13-inch,8GB,ASUS,16-inch,8GB
2,-2.359375,-0.1083984375,Lenovo,13-inch,8GB,ASUS,16-inch,16GB
2,-1.609375,-0.234375,Lenovo,13-inch,8GB,Lenovo,13-inch,4GB
2,-1.921875,-0.169921875,Lenovo,13-inch,8GB,Lenovo,13-inch,16GB
2,-1.515625,-0.26171875,Lenovo,13-inch,8GB,Lenovo,14-inch,4GB
2,-1.921875,-0.169921875,Lenovo,13-inch,8GB,Lenovo,14-inch,8GB
2,-2.03125,-0.1572265625,Lenovo,13-inch,8GB,Lenovo,14-inch,16GB
2,-1.921875,-0.1689453125,Lenovo,13-inch,8GB,Lenovo,16-inch,4GB
2,-2.140625,-0.1357421875,Lenovo,13-inch,8GB,Lenovo,16-inch,8GB
2,-2.03125,-0.154296875,Lenovo,13-inch,8GB,Lenovo,16-inch,16GB
2,-2.03125,-0.1513671875,Lenovo,13-inch,8GB,HP,13-inch,4GB
2,-2.25,-0.12109375,Lenovo,13-inch,8GB,HP,13-inch,8GB
2,-2.140625,-0.13671875,Lenovo,13-inch,8GB,HP,13-inch,16GB
2,-1.8125,-0.189453125,Lenovo,13-inch,8GB,HP,14-inch,4GB
2,-2.03125,-0.1533203125,Lenovo,13-inch,8GB,HP,14-inch,8GB
2,-2.140625,-0.1396484375,Lenovo,13-inch,8GB,HP,14-inch,16GB
2,-1.921875,-0.16796875,Lenovo,13-inch,8GB,HP,16-inch,4GB
2,-2.140625,-0.13671875,Lenovo,13-inch,8GB,HP,16-inch,8GB
2,-2.25,-0.12255859375,Lenovo,13-inch,8GB,HP,16-inch,16GB
2,-1.8125,-0.1875,Lenovo,13-inch,8GB,Dell,13-inch,4GB
2,-2.03125,-0.150390625,Lenovo,13-inch,8GB,Dell,13-inch,8GB
2,-2.03125,-0.1533203125,Lenovo,13-inch,8GB,Dell,13-inch,16GB
2,-1.7109375,-0.2109375,Lenovo,13-inch,8GB,Dell,14-inch,4GB
2,-2.140625,-0.13671875,Lenovo,13-inch,8GB,Dell,14-inch,8GB
2,-1.921875,-0.1728515625,Lenovo,13-inch,8GB,Dell,14-inch,16GB
2,-1.921875,-0.16796875,Lenovo,13-inch,8GB,Dell,16-inch,4GB
2,-2.140625,-0.1357421875,Lenovo,13-inch,8GB,Dell,16-inch,8GB
2,-2.140625,-0.1357421875,Lenovo,13-inch,8GB,Dell,16-inch,16GB
2,-2.140625,-0.1357421875,Lenovo,13-inch,8GB,Apple,13-inch,4GB
2,-2.03125,-0.1513671875,Lenovo,13-inch,8GB,Apple,13-inch,8GB
2,-2.359375,-0.109375,Lenovo,13-inch,8GB,Apple,13-inch,16GB
2,-2.03125,-0.15234375,Lenovo,13-inch,8GB,Apple,14-inch,4GB
2,-2.359375,-0.1103515625,Lenovo,13-inch,8GB,Apple,14-inch,8GB
2,-2.359375,-0.11181640625,Lenovo,13-inch,8GB,Apple,14-inch,16GB
2,-2.25,-0.12158203125,Lenovo,13-inch,8GB,Apple,16-inch,4GB
2,-2.25,-0.12255859375,Lenovo,13-inch,8GB,Apple,16-inch,8GB
2,-2.359375,-0.11083984375,Lenovo,13-inch,8GB,Apple,16-inch,16GB
2,-1.609375,-0.234375,Lenovo,13-inch,16GB,ASUS,13-inch,4GB
2,-1.4140625,-0.2890625,Lenovo,13-inch,16GB,ASUS,13-inch,8GB
2,-1.7109375,-0.212890625,Lenovo,13-inch,16GB,ASUS,13-inch,16GB
2,-1.515625,-0.26171875,Lenovo,13-inch,16GB,ASUS,14-inch,4GB
2,-1.5078125,-0.26171875,Lenovo,13-inch,16GB,ASUS,14-inch,8GB
2,-2.03125,-0.150390625,Lenovo,13-inch,16GB,ASUS,14-inch,16GB
2,-1.8125,-0.189453125,Lenovo,13-inch,16GB,ASUS,16-inch,4GB
2,-1.609375,-0.234375,Lenovo,13-inch,16GB,ASUS,16-inch,8GB
2,-1.921875,-0.1689453125,Lenovo,13-inch,16GB,ASUS,16-inch,16GB
2,-1.234375,-0.361328125,Lenovo,13-inch,16GB,Lenovo,13-inch,4GB
2,-1.4140625,-0.291015625,Lenovo,13-inch,16GB,Lenovo,13-inch,8GB
2,-1.328125,-0.326171875,Lenovo,13-inch,16GB,Lenovo,14-inch,4GB
2,-1.5078125,-0.26171875,Lenovo,13-inch,16GB,Lenovo,14-inch,8GB
2,-1.7109375,-0.2119140625,Lenovo,13-inch,16GB,Lenovo,14-inch,16GB
2,-1.515625,-0.265625,Lenovo,13-inch,16GB,Lenovo,16-inch,4GB
2,-1.3203125,-0.32421875,Lenovo,13-inch,16GB,Lenovo,16-inch,8GB
2,-1.7109375,-0.2119140625,Lenovo,13-inch,16GB,Lenovo,16-inch,16GB
2,-1.7109375,-0.2119140625,Lenovo,13-inch,16GB,HP,13-inch,4GB
2,-1.4140625,-0.29296875,Lenovo,13-inch,16GB,HP,13-inch,8GB
2,-1.7109375,-0.2138671875,Lenovo,13-inch,16GB,HP,13-inch,16GB
2,-1.609375,-0.236328125,Lenovo,13-inch,16GB,HP,14-inch,4GB
2,-1.421875,-0.29296875,Lenovo,13-inch,16GB,HP,14-inch,8GB
2,-1.921875,-0.169921875,Lenovo,13-inch,16GB,HP,14-inch,16GB
2,-1.7109375,-0.2109375,Lenovo,13-inch,16GB,HP,16-inch,4GB
2,-1.5078125,-0.26171875,Lenovo,13-inch,16GB,HP,16-inch,8GB
2,-1.921875,-0.169921875,Lenovo,13-inch,16GB,HP,16-inch,16GB
2,-1.609375,-0.236328125,Lenovo,13-inch,16GB,Dell,13-inch,4GB
2,-1.4140625,-0.291015625,Lenovo,13-inch,16GB,Dell,13-inch,8GB
2,-1.7109375,-0.2138671875,Lenovo,13-inch,16GB,Dell,13-inch,16GB
2,-1.609375,-0.2353515625,Lenovo,13-inch,16GB,Dell,14-inch,4GB
2,-1.421875,-0.29296875,Lenovo,13-inch,16GB,Dell,14-inch,8GB
2,-1.921875,-0.1689453125,Lenovo,13-inch,16GB,Dell,14-inch,16GB
2,-1.921875,-0.169921875,Lenovo,13-inch,16GB,Dell,16-inch,4GB
2,-1.609375,-0.234375,Lenovo,13-inch,16GB,Dell,16-inch,8GB
2,-1.8125,-0.1904296875,Lenovo,13-inch,16GB,Dell,16-inch,16GB
2,-1.7109375,-0.21484375,Lenovo,13-inch,16GB,Apple,13-inch,4GB
2,-1.515625,-0.267578125,Lenovo,13-inch,16GB,Apple,13-inch,8GB
2,-1.8203125,-0.1943359375,Lenovo,13-inch,16GB,Apple,13-inch,16GB
2,-1.921875,-0.171875,Lenovo,13-inch,16GB,Apple,14-inch,4GB
2,-1.515625,-0.265625,Lenovo,13-inch,16GB,Apple,14-inch,8GB
2,-2.03125,-0.154296875,Lenovo,13-inch,16GB,Apple,14-inch,16GB
2,-1.921875,-0.171875,Lenovo,13-inch,16GB,Apple,16-inch,4GB
2,-1.6171875,-0.23828125,Lenovo,13-inch,16GB,Apple,16-inch,8GB
2,-1.921875,-0.1728515625,Lenovo,13-inch,16GB,Apple,16-inch,16GB
2,-2.25,-0.1220703125,Lenovo,14-inch,4GB,ASUS,13-inch,4GB
2,-2.140625,-0.138671875,Lenovo,14-inch,4GB,ASUS,13-inch,8GB
2,-1.7109375,-0.2138671875,Lenovo,14-inch,4GB,ASUS,13-inch,16GB
2,-1.421875,-0.29296875,Lenovo,14-inch,4GB,ASUS,14-inch,4GB
2,-1.328125,-0.326171875,Lenovo,14-inch,4GB,ASUS,14-inch,8GB
2,-1.328125,-0.326171875,Lenovo,14-inch,4GB,ASUS,14-inch,16GB
2,-2.140625,-0.138671875,Lenovo,14-inch,4GB,ASUS,16-inch,4GB
2,-1.8203125,-0.1953125,Lenovo,14-inch,4GB,ASUS,16-inch,8GB
2,-1.421875,-0.294921875,Lenovo,14-inch,4GB,ASUS,16-inch,16GB
2,-1.609375,-0.2373046875,Lenovo,14-inch,4GB,Lenovo,13-inch,4GB
2,-1.515625,-0.263671875,Lenovo,14-inch,4GB,Lenovo,13-inch,8GB
2,-1.1484375,-0.40234375,Lenovo,14-inch,4GB,Lenovo,13-inch,16GB
2,-0.91015625,-0.53515625,Lenovo,14-inch,4GB,Lenovo,14-inch,8GB
2,-0.76953125,-0.64453125,Lenovo,14-inch,4GB,Lenovo,14-inch,16GB
2,-1.6171875,-0.2412109375,Lenovo,14-inch,4GB,Lenovo,16-inch,4GB
2,-1.328125,-0.330078125,Lenovo,14-inch,4GB,Lenovo,16-inch,8GB
2,-0.9921875,-0.490234375,Lenovo,14-inch,4GB,Lenovo,16-inch,16GB
2,-1.8203125,-0.19140625,Lenovo,14-inch,4GB,HP,13-inch,4GB
2,-1.6171875,-0.2392578125,Lenovo,14-inch,4GB,HP,13-inch,8GB
2,-1.515625,-0.26953125,Lenovo,14-inch,4GB,HP,13-inch,16GB
2,-1.328125,-0.326171875,Lenovo,14-inch,4GB,HP,14-inch,4GB
2,-1.234375,-0.361328125,Lenovo,14-inch,4GB,HP,14-inch,8GB
2,-1.0703125,-0.443359375,Lenovo,14-inch,4GB,HP,14-inch,16GB
2,-1.8203125,-0.1943359375,Lenovo,14-inch,4GB,HP,16-inch,4GB
2,-1.421875,-0.298828125,Lenovo,14-inch,4GB,HP,16-inch,8GB
2,-1.6171875,-0.240234375,Lenovo,14-inch,4GB,HP,16-inch,16GB
2,-2.03125,-0.1533203125,Lenovo,14-inch,4GB,Dell,13-inch,4GB
2,-1.7109375,-0.2138671875,Lenovo,14-inch,4GB,Dell,13-inch,8GB
2,-1.515625,-0.267578125,Lenovo,14-inch,4GB,Dell,13-inch,16GB
2,-1.234375,-0.361328125,Lenovo,14-inch,4GB,Dell,14-inch,4GB
2,-1.1484375,-0.3984375,Lenovo,14-inch,4GB,Dell,14-inch,8GB
2,-1.0703125,-0.443359375,Lenovo,14-inch,4GB,Dell,14-inch,16GB
2,-1.921875,-0.173828125,Lenovo,14-inch,4GB,Dell,16-inch,4GB
2,-1.421875,-0.298828125,Lenovo,14-inch,4GB,Dell,16-inch,8GB
2,-1.6171875,-0.2392578125,Lenovo,14-inch,4GB,Dell,16-inch,16GB
2,-1.8203125,-0.1923828125,Lenovo,14-inch,4GB,Apple,13-inch,4GB
2,-1.71875,-0.216796875,Lenovo,14-inch,4GB,Apple,13-inch,8GB
2,-1.8203125,-0.1943359375,Lenovo,14-inch,4GB,Apple,13-inch,16GB
2,-1.328125,-0.326171875,Lenovo,14-inch,4GB,Apple,14-inch,4GB
2,-1.2421875,-0.36328125,Lenovo,14-inch,4GB,Apple,14-inch,8GB
2,-1.234375,-0.361328125,Lenovo,14-inch,4GB,Apple,14-inch,16GB
2,-1.8203125,-0.1953125,Lenovo,14-inch,4GB,Apple,16-inch,4GB
2,-1.71875,-0.21875,Lenovo,14-inch,4GB,Apple,16-inch,8GB
2,-1.515625,-0.267578125,Lenovo,14-inch,4GB,Apple,16-inch,16GB
2,-2.140625,-0.1337890625,Lenovo,14-inch,8GB,ASUS,13-inch,4GB
2,-2.25,-0.119140625,Lenovo,14-inch,8GB,ASUS,13-inch,8GB
2,-2.359375,-0.107421875,Lenovo,14-inch,8GB,ASUS,13-inch,16GB
2,-1.5078125,-0.259765625,Lenovo,14-inch,8GB,ASUS,14-inch,4GB
2,-2.03125,-0.150390625,Lenovo,14-inch,8GB,ASUS,14-inch,8GB
2,-2.359375,-0.10693359375,Lenovo,14-inch,8GB,ASUS,14-inch,16GB
2,-2.25,-0.11962890625,Lenovo,14-inch,8GB,ASUS,16-inch,4GB
2,-2.25,-0.11962890625,Lenovo,14-inch,8GB,ASUS,16-inch,8GB
2,-2.25,-0.12060546875,Lenovo,14-inch,8GB,ASUS,16-inch,16GB
2,-1.8125,-0.1875,Lenovo,14-inch,8GB,Lenovo,13-inch,4GB
2,-1.7109375,-0.2099609375,Lenovo,14-inch,8GB,Lenovo,13-inch,8GB
2,-1.921875,-0.1689453125,Lenovo,14-inch,8GB,Lenovo,13-inch,16GB
2,-1.515625,-0.26171875,Lenovo,14-inch,8GB,Lenovo,14-inch,4GB
2,-2.140625,-0.1337890625,Lenovo,14-inch,8GB,Lenovo,14-inch,16GB
2,-1.8125,-0.1875,Lenovo,14-inch,8GB,Lenovo,16-inch,4GB
2,-1.7109375,-0.2099609375,Lenovo,14-inch,8GB,Lenovo,16-inch,8GB
2,-1.8125,-0.189453125,Lenovo,14-inch,8GB,Lenovo,16-inch,16GB
2,-1.9140625,-0.16796875,Lenovo,14-inch,8GB,HP,13-inch,4GB
2,-1.921875,-0.16796875,Lenovo,14-inch,8GB,HP,13-inch,8GB
2,-2.03125,-0.15234375,Lenovo,14-inch,8GB,HP,13-inch,16GB
2,-1.609375,-0.2333984375,Lenovo,14-inch,8GB,HP,14-inch,4GB
2,-1.609375,-0.232421875,Lenovo,14-inch,8GB,HP,14-inch,8GB
2,-1.921875,-0.16796875,Lenovo,14-inch,8GB,HP,14-inch,16GB
2,-1.8125,-0.1865234375,Lenovo,14-inch,8GB,HP,16-inch,4GB
2,-1.9140625,-0.16796875,Lenovo,14-inch,8GB,HP,16-inch,8GB
2,-2.03125,-0.1513671875,Lenovo,14-inch,8GB,HP,16-inch,16GB
2,-1.8125,-0.1875,Lenovo,14-inch,8GB,Dell,13-inch,4GB
2,-1.921875,-0.1689453125,Lenovo,14-inch,8GB,Dell,13-inch,8GB
2,-2.03125,-0.1513671875,Lenovo,14-inch,8GB,Dell,13-inch,16GB
2,-1.234375,-0.357421875,Lenovo,14-inch,8GB,Dell,14-inch,4GB
2,-1.7109375,-0.2099609375,Lenovo,14-inch,8GB,Dell,14-inch,8GB
2,-1.8125,-0.1884765625,Lenovo,14-inch,8GB,Dell,14-inch,16GB
2,-1.921875,-0.16796875,Lenovo,14-inch,8GB,Dell,16-inch,4GB
2,-1.921875,-0.1689453125,Lenovo,14-inch,8GB,Dell,16-inch,8GB
2,-2.03125,-0.15234375,Lenovo,14-inch,8GB,Dell,16-inch,16GB
2,-2.140625,-0.1357421875,Lenovo,14-inch,8GB,Apple,13-inch,4GB
2,-2.140625,-0.134765625,Lenovo,14-inch,8GB,Apple,13-inch,8GB
2,-2.359375,-0.10888671875,Lenovo,14-inch,8GB,Apple,13-inch,16GB
2,-1.7109375,-0.208984375,Lenovo,14-inch,8GB,Apple,14-inch,4GB
2,-1.609375,-0.2333984375,Lenovo,14-inch,8GB,Apple,14-inch,8GB
2,-2.140625,-0.1337890625,Lenovo,14-inch,8GB,Apple,14-inch,16GB
2,-2.25,-0.12060546875,Lenovo,14-inch,8GB,Apple,16-inch,4GB
2,-2.140625,-0.1357421875,Lenovo,14-inch,8GB,Apple,16-inch,8GB
2,-2.25,-0.12109375,Lenovo,14-inch,8GB,Apple,16-inch,16GB
2,-1.7109375,-0.2099609375,Lenovo,14-inch,16GB,ASUS,13-inch,4GB
2,-1.609375,-0.2353515625,Lenovo,14-inch,16GB,ASUS,13-inch,8GB
2,-2.03125,-0.150390625,Lenovo,14-inch,16GB,ASUS,13-inch,16GB
2,-1.7109375,-0.2109375,Lenovo,14-inch,16GB,ASUS,14-inch,4GB
2,-1.3203125,-0.322265625,Lenovo,14-inch,16GB,ASUS,14-inch,8GB
2,-1.8125,-0.1884765625,Lenovo,14-inch,16GB,ASUS,14-inch,16GB
2,-2.03125,-0.1513671875,Lenovo,14-inch,16GB,ASUS,16-inch,4GB
2,-1.609375,-0.234375,Lenovo,14-inch,16GB,ASUS,16-inch,8GB
2,-1.8125,-0.189453125,Lenovo,14-inch,16GB,ASUS,16-inch,16GB
2,-1.328125,-0.326171875,Lenovo,14-inch,16GB,Lenovo,13-inch,4GB
2,-1.4140625,-0.29296875,Lenovo,14-inch,16GB,Lenovo,13-inch,8GB
2,-1.515625,-0.263671875,Lenovo,14-inch,16GB,Lenovo,13-inch,16GB
2,-1.3203125,-0.32421875,Lenovo,14-inch,16GB,Lenovo,14-inch,4GB
2,-1.234375,-0.359375,Lenovo,14-inch,16GB,Lenovo,14-inch,8GB
2,-1.515625,-0.263671875,Lenovo,14-inch,16GB,Lenovo,16-inch,4GB
2,-1.3203125,-0.32421875,Lenovo,14-inch,16GB,Lenovo,16-inch,8GB
2,-1.8125,-0.189453125,Lenovo,14-inch,16GB,Lenovo,16-inch,16GB
2,-1.609375,-0.2353515625,Lenovo,14-inch,16GB,HP,13-inch,4GB
2,-1.421875,-0.29296875,Lenovo,14-inch,16GB,HP,13-inch,8GB
2,-1.8125,-0.19140625,Lenovo,14-inch,16GB,HP,13-inch,16GB
2,-1.609375,-0.236328125,Lenovo,14-inch,16GB,HP,14-inch,4GB
2,-1.5078125,-0.26171875,Lenovo,14-inch,16GB,HP,14-inch,8GB
2,-1.8125,-0.19140625,Lenovo,14-inch,16GB,HP,14-inch,16GB
2,-1.8125,-0.189453125,Lenovo,14-inch,16GB,HP,16-inch,4GB
2,-1.609375,-0.234375,Lenovo,14-inch,16GB,HP,16-inch,8GB
2,-1.921875,-0.1708984375,Lenovo,14-inch,16GB,HP,16-inch,16GB
2,-1.609375,-0.2353515625,Lenovo,14-inch,16GB,Dell,13-inch,4GB
2,-1.421875,-0.29296875,Lenovo,14-inch,16GB,Dell,13-inch,8GB
2,-1.921875,-0.1708984375,Lenovo,14-inch,16GB,Dell,13-inch,16GB
2,-1.515625,-0.263671875,Lenovo,14-inch,16GB,Dell,14-inch,4GB
2,-1.4140625,-0.291015625,Lenovo,14-inch,16GB,Dell,14-inch,8GB
2,-1.7109375,-0.212890625,Lenovo,14-inch,16GB,Dell,14-inch,16GB
2,-1.8125,-0.189453125,Lenovo,14-inch,16GB,Dell,16-inch,4GB
2,-1.609375,-0.2353515625,Lenovo,14-inch,16GB,Dell,16-inch,8GB
2,-1.8125,-0.1904296875,Lenovo,14-inch,16GB,Dell,16-inch,16GB
2,-1.8125,-0.19140625,Lenovo,14-inch,16GB,Apple,13-inch,4GB
2,-1.515625,-0.267578125,Lenovo,14-inch,16GB,Apple,13-inch,8GB
2,-1.921875,-0.171875,Lenovo,14-inch,16GB,Apple,13-inch,16GB
2,-1.921875,-0.171875,Lenovo,14-inch,16GB,Apple,14-inch,4GB
2,-1.515625,-0.265625,Lenovo,14-inch,16GB,Apple,14-inch,8GB
2,-1.8203125,-0.19140625,Lenovo,14-inch,16GB,Apple,14-inch,16GB
2,-2.140625,-0.138671875,Lenovo,14-inch,16GB,Apple,16-inch,4GB
2,-1.7109375,-0.21484375,Lenovo,14-inch,16GB,Apple,16-inch,8GB
2,-2.03125,-0.1533203125,Lenovo,14-inch,16GB,Apple,16-inch,16GB
2,-1.515625,-0.263671875,Lenovo,16-inch,4GB,ASUS,13-inch,4GB
2,-1.421875,-0.294921875,Lenovo,16-inch,4GB,ASUS,13-inch,8GB
2,-1.7109375,-0.2138671875,Lenovo,16-inch,4GB,ASUS,13-inch,16GB
2,-1.421875,-0.29296875,Lenovo,16-inch,4GB,ASUS,14-inch,4GB
2,-1.328125,-0.326171875,Lenovo,16-inch,4GB,ASUS,14-inch,8GB
2,-1.609375,-0.2373046875,Lenovo,16-inch,4GB,ASUS,14-inch,16GB
2,-1.234375,-0.361328125,Lenovo,16-inch,4GB,ASUS,16-inch,4GB
2,-1.2421875,-0.36328125,Lenovo,16-inch,4GB,ASUS,16-inch,8GB
2,-1.234375,-0.36328125,Lenovo,16-inch,4GB,ASUS,16-inch,16GB
2,-1.1484375,-0.400390625,Lenovo,16-inch,4GB,Lenovo,13-inch,4GB
2,-1.1484375,-0.400390625,Lenovo,16-inch,4GB,Lenovo,13-inch,8GB
2,-1.0703125,-0.443359375,Lenovo,16-inch,4GB,Lenovo,13-inch,16GB
2,-1.234375,-0.36328125,Lenovo,16-inch,4GB,Lenovo,14-inch,4GB
2,-1.234375,-0.36328125,Lenovo,16-inch,4GB,Lenovo,14-inch,8GB
2,-0.91015625,-0.53515625,Lenovo,16-inch,4GB,Lenovo,14-inch,16GB
2,-0.83984375,-0.58984375,Lenovo,16-inch,4GB,Lenovo,16-inch,8GB
2,-0.7734375,-0.6484375,Lenovo,16-inch,4GB,Lenovo,16-inch,16GB
2,-1.234375,-0.361328125,Lenovo,16-inch,4GB,HP,13-inch,4GB
2,-1.1484375,-0.40234375,Lenovo,16-inch,4GB,HP,13-inch,8GB
2,-1.421875,-0.296875,Lenovo,16-inch,4GB,HP,13-inch,16GB
2,-1.234375,-0.361328125,Lenovo,16-inch,4GB,HP,14-inch,4GB
2,-1.1484375,-0.400390625,Lenovo,16-inch,4GB,HP,14-inch,8GB
2,-1.328125,-0.328125,Lenovo,16-inch,4GB,HP,14-inch,16GB
2,-0.98828125,-0.490234375,Lenovo,16-inch,4GB,HP,16-inch,4GB
2,-0.98828125,-0.490234375,Lenovo,16-inch,4GB,HP,16-inch,8GB
2,-0.9921875,-0.4921875,Lenovo,16-inch,4GB,HP,16-inch,16GB
2,-1.421875,-0.294921875,Lenovo,16-inch,4GB,Dell,13-inch,4GB
2,-1.234375,-0.361328125,Lenovo,16-inch,4GB,Dell,13-inch,8GB
2,-1.609375,-0.2373046875,Lenovo,16-inch,4GB,Dell,13-inch,16GB
2,-1.328125,-0.326171875,Lenovo,16-inch,4GB,Dell,14-inch,4GB
2,-1.1484375,-0.400390625,Lenovo,16-inch,4GB,Dell,14-inch,8GB
2,-1.515625,-0.263671875,Lenovo,16-inch,4GB,Dell,14-inch,16GB
2,-0.98828125,-0.48828125,Lenovo,16-inch,4GB,Dell,16-inch,4GB
2,-0.98828125,-0.48828125,Lenovo,16-inch,4GB,Dell,16-inch,8GB
2,-0.9921875,-0.4921875,Lenovo,16-inch,4GB,Dell,16-inch,16GB
2,-1.2421875,-0.36328125,Lenovo,16-inch,4GB,Apple,13-inch,4GB
2,-1.234375,-0.36328125,Lenovo,16-inch,4GB,Apple,13-inch,8GB
2,-1.421875,-0.29296875,Lenovo,16-inch,4GB,Apple,13-inch,16GB
2,-1.328125,-0.328125,Lenovo,16-inch,4GB,Apple,14-inch,4GB
2,-1.2421875,-0.36328125,Lenovo,16-inch,4GB,Apple,14-inch,8GB
2,-1.421875,-0.294921875,Lenovo,16-inch,4GB,Apple,14-inch,16GB
2,-1.15625,-0.40234375,Lenovo,16-inch,4GB,Apple,16-inch,4GB
2,-1.15625,-0.404296875,Lenovo,16-inch,4GB,Apple,16-inch,8GB
2,-1.2421875,-0.365234375,Lenovo,16-inch,4GB,Apple,16-inch,16GB
2,-3.171875,-0.0478515625,Lenovo,16-inch,8GB,ASUS,13-inch,4GB
2,-3.046875,-0.053955078125,Lenovo,16-inch,8GB,ASUS,13-inch,8GB
2,-3.046875,-0.054443359375,Lenovo,16-inch,8GB,ASUS,13-inch,16GB
2,-3.296875,-0.04248046875,Lenovo,16-inch,8GB,ASUS,14-inch,4GB
2,-3.046875,-0.05419921875,Lenovo,16-inch,8GB,ASUS,14-inch,8GB
2,-3.0625,-0.054931640625,Lenovo,16-inch,8GB,ASUS,14-inch,16GB
2,-2.25,-0.11865234375,Lenovo,16-inch,8GB,ASUS,16-inch,4GB
2,-2.140625,-0.1328125,Lenovo,16-inch,8GB,ASUS,16-inch,8GB
2,-2.25,-0.119140625,Lenovo,16-inch,8GB,ASUS,16-inch,16GB
2,-2.46875,-0.09619140625,Lenovo,16-inch,8GB,Lenovo,13-inch,4GB
2,-2.46875,-0.095703125,Lenovo,16-inch,8GB,Lenovo,13-inch,8GB
2,-2.46875,-0.09619140625,Lenovo,16-inch,8GB,Lenovo,13-inch,16GB
2,-1.609375,-0.2333984375,Lenovo,16-inch,8GB,Lenovo,14-inch,4GB
2,-1.7109375,-0.208984375,Lenovo,16-inch,8GB,Lenovo,14-inch,8GB
2,-2.03125,-0.150390625,Lenovo,16-inch,8GB,Lenovo,14-inch,16GB
2,-2.59375,-0.0859375,Lenovo,16-inch,8GB,Lenovo,16-inch,4GB
2,-2.25,-0.11865234375,Lenovo,16-inch,8GB,Lenovo,16-inch,16GB
2,-2.9375,-0.060302734375,Lenovo,16-inch,8GB,HP,13-inch,4GB
2,-2.8125,-0.06787109375,Lenovo,16-inch,8GB,HP,13-inch,8GB
2,-2.9375,-0.060791015625,Lenovo,16-inch,8GB,HP,13-inch,16GB
2,-2.9375,-0.060791015625,Lenovo,16-inch,8GB,HP,14-inch,4GB
2,-2.8125,-0.068359375,Lenovo,16-inch,8GB,HP,14-inch,8GB
2,-2.9375,-0.060791015625,Lenovo,16-inch,8GB,HP,14-inch,16GB
2,-1.9140625,-0.1669921875,Lenovo,16-inch,8GB,HP,16-inch,4GB
2,-1.9140625,-0.16796875,Lenovo,16-inch,8GB,HP,16-inch,8GB
2,-2.140625,-0.1337890625,Lenovo,16-inch,8GB,HP,16-inch,16GB
2,-2.359375,-0.10791015625,Lenovo,16-inch,8GB,Dell,13-inch,4GB
2,-2.59375,-0.0859375,Lenovo,16-inch,8GB,Dell,13-inch,8GB
2,-2.703125,-0.07666015625,Lenovo,16-inch,8GB,Dell,13-inch,16GB
2,-2.9375,-0.060791015625,Lenovo,16-inch,8GB,Dell,14-inch,4GB
2,-2.703125,-0.0771484375,Lenovo,16-inch,8GB,Dell,14-inch,8GB
2,-2.703125,-0.07666015625,Lenovo,16-inch,8GB,Dell,14-inch,16GB
2,-1.8125,-0.1865234375,Lenovo,16-inch,8GB,Dell,16-inch,4GB
2,-1.609375,-0.2333984375,Lenovo,16-inch,8GB,Dell,16-inch,8GB
2,-2.03125,-0.1494140625,Lenovo,16-inch,8GB,Dell,16-inch,16GB
2,-2.140625,-0.134765625,Lenovo,16-inch,8GB,Apple,13-inch,4GB
2,-2.03125,-0.150390625,Lenovo,16-inch,8GB,Apple,13-inch,8GB
2,-2.359375,-0.107421875,Lenovo,16-inch,8GB,Apple,13-inch,16GB
2,-3.40625,-0.03857421875,Lenovo,16-inch,8GB,Apple,14-inch,4GB
2,-2.9375,-0.062255859375,Lenovo,16-inch,8GB,Apple,14-inch,8GB
2,-3.171875,-0.049072265625,Lenovo,16-inch,8GB,Apple,14-inch,16GB
2,-2.140625,-0.134765625,Lenovo,16-inch,8GB,Apple,16-inch,4GB
2,-2.03125,-0.1513671875,Lenovo,16-inch,8GB,Apple,16-inch,8GB
2,-2.46875,-0.095703125,Lenovo,16-inch,8GB,Apple,16-inch,16GB
2,-1.7109375,-0.2109375,Lenovo,16-inch,16GB,ASUS,13-inch,4GB
2,-1.5078125,-0.26171875,Lenovo,16-inch,16GB,ASUS,13-inch,8GB
2,-1.7109375,-0.2099609375,Lenovo,16-inch,16GB,ASUS,13-inch,16GB
2,-1.8125,-0.1884765625,Lenovo,16-inch,16GB,ASUS,14-inch,4GB
2,-1.609375,-0.236328125,Lenovo,16-inch,16GB,ASUS,14-inch,8GB
2,-1.921875,-0.16796875,Lenovo,16-inch,16GB,ASUS,14-inch,16GB
2,-1.609375,-0.236328125,Lenovo,16-inch,16GB,ASUS,16-inch,4GB
2,-1.4140625,-0.291015625,Lenovo,16-inch,16GB,ASUS,16-inch,8GB
2,-1.609375,-0.236328125,Lenovo,16-inch,16GB,ASUS,16-inch,16GB
2,-1.328125,-0.32421875,Lenovo,16-inch,16GB,Lenovo,13-inch,4GB
2,-1.609375,-0.236328125,Lenovo,16-inch,16GB,Lenovo,13-inch,8GB
2,-1.515625,-0.263671875,Lenovo,16-inch,16GB,Lenovo,13-inch,16GB
2,-1.515625,-0.263671875,Lenovo,16-inch,16GB,Lenovo,14-inch,4GB
2,-1.515625,-0.263671875,Lenovo,16-inch,16GB,Lenovo,14-inch,8GB
2,-1.3203125,-0.32421875,Lenovo,16-inch,16GB,Lenovo,14-inch,16GB
2,-1.515625,-0.26953125,Lenovo,16-inch,16GB,Lenovo,16-inch,4GB
2,-1.328125,-0.328125,Lenovo,16-inch,16GB,Lenovo,16-inch,8GB
2,-1.5078125,-0.26171875,Lenovo,16-inch,16GB,HP,13-inch,4GB
2,-1.609375,-0.236328125,Lenovo,16-inch,16GB,HP,13-inch,8GB
2,-1.609375,-0.2353515625,Lenovo,16-inch,16GB,HP,13-inch,16GB
2,-1.7109375,-0.2109375,Lenovo,16-inch,16GB,HP,14-inch,4GB
2,-1.609375,-0.2373046875,Lenovo,16-inch,16GB,HP,14-inch,8GB
2,-1.7109375,-0.2109375,Lenovo,16-inch,16GB,HP,14-inch,16GB
2,-1.609375,-0.236328125,Lenovo,16-inch,16GB,HP,16-inch,4GB
2,-1.328125,-0.32421875,Lenovo,16-inch,16GB,HP,16-inch,8GB
2,-1.421875,-0.294921875,Lenovo,16-inch,16GB,HP,16-inch,16GB
2,-1.609375,-0.2353515625,Lenovo,16-inch,16GB,Dell,13-inch,4GB
2,-1.515625,-0.263671875,Lenovo,16-inch,16GB,Dell,13-inch,8GB
2,-1.609375,-0.234375,Lenovo,16-inch,16GB,Dell,13-inch,16GB
2,-1.7109375,-0.2109375,Lenovo,16-inch,16GB,Dell,14-inch,4GB
2,-1.7109375,-0.212890625,Lenovo,16-inch,16GB,Dell,14-inch,8GB
2,-1.609375,-0.236328125,Lenovo,16-inch,16GB,Dell,14-inch,16GB
2,-1.421875,-0.294921875,Lenovo,16-inch,16GB,Dell,16-inch,4GB
2,-1.234375,-0.361328125,Lenovo,16-inch,16GB,Dell,16-inch,8GB
2,-1.421875,-0.29296875,Lenovo,16-inch,16GB,Dell,16-inch,16GB
2,-1.8125,-0.19140625,Lenovo,16-inch,16GB,Apple,13-inch,4GB
2,-1.7109375,-0.2138671875,Lenovo,16-inch,16GB,Apple,13-inch,8GB
2,-1.8125,-0.1904296875,Lenovo,16-inch,16GB,Apple,13-inch,16GB
2,-1.921875,-0.1708984375,Lenovo,16-inch,16GB,Apple,14-inch,4GB
2,-1.71875,-0.21484375,Lenovo,16-inch,16GB,Apple,14-inch,8GB
2,-1.921875,-0.1708984375,Lenovo,16-inch,16GB,Apple,14-inch,16GB
2,-1.8203125,-0.19921875,Lenovo,16-inch,16GB,Apple,16-inch,4GB
2,-1.515625,-0.265625,Lenovo,16-inch,16GB,Apple,16-inch,8GB
2,-1.8203125,-0.1943359375,Lenovo,16-inch,16GB,Apple,16-inch,16GB
2,-0.91796875,-0.54296875,HP,13-inch,4GB,ASUS,13-inch,4GB
2,-0.78125,-0.65625,HP,13-inch,4GB,ASUS,13-inch,8GB
2,-0.71484375,-0.71484375,HP,13-inch,4GB,ASUS,13-inch,16GB
2,-1.2421875,-0.3671875,HP,13-inch,4GB,ASUS,14-inch,4GB
2,-0.99609375,-0.494140625,HP,13-inch,4GB,ASUS,14-inch,8GB
2,-0.71484375,-0.71484375,HP,13-inch,4GB,ASUS,14-inch,16GB
2,-1.2421875,-0.369140625,HP,13-inch,4GB,ASUS,16-inch,4GB
2,-1.078125,-0.451171875,HP,13-inch,4GB,ASUS,16-inch,8GB
2,-0.84765625,-0.59765625,HP,13-inch,4GB,ASUS,16-inch,16GB
2,-0.78125,-0.65625,HP,13-inch,4GB,Lenovo,13-inch,4GB
2,-0.71875,-0.71875,HP,13-inch,4GB,Lenovo,13-inch,8GB
2,-0.6015625,-0.8515625,HP,13-inch,4GB,Lenovo,13-inch,16GB
2,-0.99609375,-0.49609375,HP,13-inch,4GB,Lenovo,14-inch,4GB
2,-0.84765625,-0.59765625,HP,13-inch,4GB,Lenovo,14-inch,8GB
2,-0.65625,-0.78125,HP,13-inch,4GB,Lenovo,14-inch,16GB
2,-1.078125,-0.451171875,HP,13-inch,4GB,Lenovo,16-inch,4GB
2,-1.0,-0.498046875,HP,13-inch,4GB,Lenovo,16-inch,8GB
2,-0.8515625,-0.6015625,HP,13-inch,4GB,Lenovo,16-inch,16GB
2,-0.92578125,-0.55078125,HP,13-inch,4GB,HP,13-inch,8GB
2,-0.55078125,-0.92578125,HP,13-inch,4GB,HP,13-inch,16GB
2,-1.0,-0.50390625,HP,13-inch,4GB,HP,14-inch,4GB
2,-0.8515625,-0.6015625,HP,13-inch,4GB,HP,14-inch,8GB
2,-0.55078125,-0.92578125,HP,13-inch,4GB,HP,14-inch,16GB
2,-1.078125,-0.453125,HP,13-inch,4GB,HP,16-inch,4GB
2,-0.92578125,-0.55078125,HP,13-inch,4GB,HP,16-inch,8GB
2,-0.72265625,-0.72265625,HP,13-inch,4GB,HP,16-inch,16GB
2,-0.8515625,-0.6015625,HP,13-inch,4GB,Dell,13-inch,4GB
2,-0.921875,-0.546875,HP,13-inch,4GB,Dell,13-inch,8GB
2,-0.78515625,-0.66015625,HP,13-inch,4GB,Dell,13-inch,16GB
2,-1.0703125,-0.44921875,HP,13-inch,4GB,Dell,14-inch,4GB
2,-0.99609375,-0.49609375,HP,13-inch,4GB,Dell,14-inch,8GB
2,-0.84765625,-0.59765625,HP,13-inch,4GB,Dell,14-inch,16GB
2,-1.2421875,-0.369140625,HP,13-inch,4GB,Dell,16-inch,4GB
2,-1.078125,-0.453125,HP,13-inch,4GB,Dell,16-inch,8GB
2,-0.921875,-0.546875,HP,13-inch,4GB,Dell,16-inch,16GB
2,-0.92578125,-0.55078125,HP,13-inch,4GB,Apple,13-inch,4GB
2,-0.9296875,-0.5546875,HP,13-inch,4GB,Apple,13-inch,8GB
2,-0.78515625,-0.66015625,HP,13-inch,4GB,Apple,13-inch,16GB
2,-1.1640625,-0.41015625,HP,13-inch,4GB,Apple,14-inch,4GB
2,-1.078125,-0.455078125,HP,13-inch,4GB,Apple,14-inch,8GB
2,-0.8515625,-0.6015625,HP,13-inch,4GB,Apple,14-inch,16GB
2,-1.25,-0.375,HP,13-inch,4GB,Apple,16-inch,4GB
2,-1.1640625,-0.416015625,HP,13-inch,4GB,Apple,16-inch,8GB
2,-0.921875,-0.546875,HP,13-inch,4GB,Apple,16-inch,16GB
2,-1.921875,-0.169921875,HP,13-inch,8GB,ASUS,13-inch,4GB
2,-1.921875,-0.171875,HP,13-inch,8GB,ASUS,13-inch,8GB
2,-2.140625,-0.1376953125,HP,13-inch,8GB,ASUS,13-inch,16GB
2,-2.03125,-0.15234375,HP,13-inch,8GB,ASUS,14-inch,4GB
2,-1.921875,-0.1728515625,HP,13-inch,8GB,ASUS,14-inch,8GB
2,-2.03125,-0.1572265625,HP,13-inch,8GB,ASUS,14-inch,16GB
2,-2.140625,-0.13671875,HP,13-inch,8GB,ASUS,16-inch,4GB
2,-2.03125,-0.154296875,HP,13-inch,8GB,ASUS,16-inch,8GB
2,-2.140625,-0.1396484375,HP,13-inch,8GB,ASUS,16-inch,16GB
2,-1.7109375,-0.212890625,HP,13-inch,8GB,Lenovo,13-inch,4GB
2,-1.8203125,-0.1953125,HP,13-inch,8GB,Lenovo,13-inch,8GB
2,-1.8203125,-0.1943359375,HP,13-inch,8GB,Lenovo,13-inch,16GB
2,-1.71875,-0.21484375,HP,13-inch,8GB,Lenovo,14-inch,4GB
2,-1.71875,-0.216796875,HP,13-inch,8GB,Lenovo,14-inch,8GB
2,-1.9296875,-0.1806640625,HP,13-inch,8GB,Lenovo,14-inch,16GB
2,-2.03125,-0.15234375,HP,13-inch,8GB,Lenovo,16-inch,4GB
2,-1.921875,-0.1728515625,HP,13-inch,8GB,Lenovo,16-inch,8GB
2,-2.03125,-0.15625,HP,13-inch,8GB,Lenovo,16-inch,16GB
2,-1.609375,-0.2373046875,HP,13-inch,8GB,HP,13-inch,4GB
2,-1.8203125,-0.193359375,HP,13-inch,8GB,HP,13-inch,16GB
2,-1.6171875,-0.23828125,HP,13-inch,8GB,HP,14-inch,4GB
2,-1.5234375,-0.26953125,HP,13-inch,8GB,HP,14-inch,8GB
2,-1.625,-0.25,HP,13-inch,8GB,HP,14-inch,16GB
2,-1.921875,-0.1708984375,HP,13-inch,8GB,HP,16-inch,4GB
2,-1.921875,-0.17578125,HP,13-inch,8GB,HP,16-inch,8GB
2,-1.921875,-0.17578125,HP,13-inch,8GB,HP,16-inch,16GB
2,-1.7109375,-0.212890625,HP,13-inch,8GB,Dell,13-inch,4GB
2,-1.6171875,-0.2392578125,HP,13-inch,8GB,Dell,13-inch,8GB
2,-1.8203125,-0.1943359375,HP,13-inch,8GB,Dell,13-inch,16GB
2,-1.7109375,-0.2119140625,HP,13-inch,8GB,Dell,14-inch,4GB
2,-1.6171875,-0.240234375,HP,13-inch,8GB,Dell,14-inch,8GB
2,-1.9296875,-0.1767578125,HP,13-inch,8GB,Dell,14-inch,16GB
2,-1.921875,-0.169921875,HP,13-inch,8GB,Dell,16-inch,4GB
2,-1.921875,-0.1728515625,HP,13-inch,8GB,Dell,16-inch,8GB
2,-2.03125,-0.15625,HP,13-inch,8GB,Dell,16-inch,16GB
2,-2.03125,-0.154296875,HP,13-inch,8GB,Apple,13-inch,4GB
2,-2.03125,-0.15625,HP,13-inch,8GB,Apple,13-inch,8GB
2,-2.140625,-0.1376953125,HP,13-inch,8GB,Apple,13-inch,16GB
2,-2.03125,-0.1552734375,HP,13-inch,8GB,Apple,14-inch,4GB
2,-2.03125,-0.1552734375,HP,13-inch,8GB,Apple,14-inch,8GB
2,-2.140625,-0.14453125,HP,13-inch,8GB,Apple,14-inch,16GB
2,-2.25,-0.12451171875,HP,13-inch,8GB,Apple,16-inch,4GB
2,-2.03125,-0.1552734375,HP,13-inch,8GB,Apple,16-inch,8GB
2,-2.25,-0.126953125,HP,13-inch,8GB,Apple,16-inch,16GB
2,-1.0703125,-0.443359375,HP,13-inch,16GB,ASUS,13-inch,4GB
2,-0.91015625,-0.53515625,HP,13-inch,16GB,ASUS,13-inch,8GB
2,-1.0703125,-0.44140625,HP,13-inch,16GB,ASUS,13-inch,16GB
2,-1.234375,-0.361328125,HP,13-inch,16GB,ASUS,14-inch,4GB
2,-1.234375,-0.359375,HP,13-inch,16GB,ASUS,14-inch,8GB
2,-1.609375,-0.236328125,HP,13-inch,16GB,ASUS,14-inch,16GB
2,-1.328125,-0.326171875,HP,13-inch,16GB,ASUS,16-inch,4GB
2,-1.234375,-0.359375,HP,13-inch,16GB,ASUS,16-inch,8GB
2,-1.515625,-0.265625,HP,13-inch,16GB,ASUS,16-inch,16GB
2,-1.1484375,-0.400390625,HP,13-inch,16GB,Lenovo,13-inch,4GB
2,-0.984375,-0.486328125,HP,13-inch,16GB,Lenovo,13-inch,8GB
2,-1.7109375,-0.212890625,HP,13-inch,16GB,Lenovo,13-inch,16GB
2,-1.234375,-0.361328125,HP,13-inch,16GB,Lenovo,14-inch,4GB
2,-1.0703125,-0.443359375,HP,13-inch,16GB,Lenovo,14-inch,8GB
2,-1.421875,-0.294921875,HP,13-inch,16GB,Lenovo,14-inch,16GB
2,-1.234375,-0.361328125,HP,13-inch,16GB,Lenovo,16-inch,4GB
2,-1.1484375,-0.400390625,HP,13-inch,16GB,Lenovo,16-inch,8GB
2,-1.515625,-0.265625,HP,13-inch,16GB,Lenovo,16-inch,16GB
2,-0.9140625,-0.5390625,HP,13-inch,16GB,HP,13-inch,4GB
2,-1.3203125,-0.322265625,HP,13-inch,16GB,HP,13-inch,8GB
2,-1.234375,-0.361328125,HP,13-inch,16GB,HP,14-inch,4GB
2,-1.234375,-0.361328125,HP,13-inch,16GB,HP,14-inch,8GB
2,-1.421875,-0.294921875,HP,13-inch,16GB,HP,14-inch,16GB
2,-1.234375,-0.361328125,HP,13-inch,16GB,HP,16-inch,4GB
2,-1.234375,-0.361328125,HP,13-inch,16GB,HP,16-inch,8GB
2,-1.7109375,-0.2138671875,HP,13-inch,16GB,HP,16-inch,16GB
2,-1.15625,-0.40234375,HP,13-inch,16GB,Dell,13-inch,4GB
2,-1.0625,-0.439453125,HP,13-inch,16GB,Dell,13-inch,8GB
2,-1.0703125,-0.4453125,HP,13-inch,16GB,Dell,13-inch,16GB
2,-1.234375,-0.361328125,HP,13-inch,16GB,Dell,14-inch,4GB
2,-1.421875,-0.294921875,HP,13-inch,16GB,Dell,14-inch,8GB
2,-1.421875,-0.294921875,HP,13-inch,16GB,Dell,14-inch,16GB
2,-1.234375,-0.361328125,HP,13-inch,16GB,Dell,16-inch,4GB
2,-1.328125,-0.326171875,HP,13-inch,16GB,Dell,16-inch,8GB
2,-1.515625,-0.265625,HP,13-inch,16GB,Dell,16-inch,16GB
2,-1.328125,-0.33203125,HP,13-inch,16GB,Apple,13-inch,4GB
2,-0.9921875,-0.4921875,HP,13-inch,16GB,Apple,13-inch,8GB
2,-1.0703125,-0.4453125,HP,13-inch,16GB,Apple,13-inch,16GB
2,-1.328125,-0.328125,HP,13-inch,16GB,Apple,14-inch,4GB
2,-1.15625,-0.40625,HP,13-inch,16GB,Apple,14-inch,8GB
2,-1.515625,-0.265625,HP,13-inch,16GB,Apple,14-inch,16GB
2,-1.421875,-0.296875,HP,13-inch,16GB,Apple,16-inch,4GB
2,-1.2421875,-0.365234375,HP,13-inch,16GB,Apple,16-inch,8GB
2,-1.6171875,-0.2392578125,HP,13-inch,16GB,Apple,16-inch,16GB
2,-1.421875,-0.296875,HP,14-inch,4GB,ASUS,13-inch,4GB
2,-1.15625,-0.40234375,HP,14-inch,4GB,ASUS,13-inch,8GB
2,-0.9921875,-0.4921875,HP,14-inch,4GB,ASUS,13-inch,16GB
2,-1.0703125,-0.4453125,HP,14-inch,4GB,ASUS,14-inch,4GB
2,-0.84375,-0.59375,HP,14-inch,4GB,ASUS,14-inch,8GB
2,-0.84375,-0.59375,HP,14-inch,4GB,ASUS,14-inch,16GB
2,-1.328125,-0.330078125,HP,14-inch,4GB,ASUS,16-inch,4GB
2,-1.15625,-0.40625,HP,14-inch,4GB,ASUS,16-inch,8GB
2,-0.84375,-0.59375,HP,14-inch,4GB,ASUS,16-inch,16GB
2,-1.15625,-0.40234375,HP,14-inch,4GB,Lenovo,13-inch,4GB
2,-0.9140625,-0.5390625,HP,14-inch,4GB,Lenovo,13-inch,8GB
2,-0.77734375,-0.65234375,HP,14-inch,4GB,Lenovo,13-inch,16GB
2,-0.7734375,-0.6484375,HP,14-inch,4GB,Lenovo,14-inch,4GB
2,-0.7734375,-0.6484375,HP,14-inch,4GB,Lenovo,14-inch,8GB
2,-0.6484375,-0.7734375,HP,14-inch,4GB,Lenovo,14-inch,16GB
2,-1.0703125,-0.44921875,HP,14-inch,4GB,Lenovo,16-inch,4GB
2,-0.91796875,-0.54296875,HP,14-inch,4GB,Lenovo,16-inch,8GB
2,-0.7109375,-0.7109375,HP,14-inch,4GB,Lenovo,16-inch,16GB
2,-1.0703125,-0.447265625,HP,14-inch,4GB,HP,13-inch,4GB
2,-0.9140625,-0.5390625,HP,14-inch,4GB,HP,13-inch,8GB
2,-0.84765625,-0.59765625,HP,14-inch,4GB,HP,13-inch,16GB
2,-0.77734375,-0.65234375,HP,14-inch,4GB,HP,14-inch,8GB
2,-0.54296875,-0.91796875,HP,14-inch,4GB,HP,14-inch,16GB
2,-0.99609375,-0.49609375,HP,14-inch,4GB,HP,16-inch,4GB
2,-0.921875,-0.546875,HP,14-inch,4GB,HP,16-inch,8GB
2,-0.71484375,-0.71484375,HP,14-inch,4GB,HP,16-inch,16GB
2,-1.2421875,-0.365234375,HP,14-inch,4GB,Dell,13-inch,4GB
2,-1.15625,-0.404296875,HP,14-inch,4GB,Dell,13-inch,8GB
2,-0.84765625,-0.59765625,HP,14-inch,4GB,Dell,13-inch,16GB
2,-0.9140625,-0.5390625,HP,14-inch,4GB,Dell,14-inch,4GB
2,-0.9921875,-0.4921875,HP,14-inch,4GB,Dell,14-inch,8GB
2,-0.77734375,-0.65234375,HP,14-inch,4GB,Dell,14-inch,16GB
2,-1.2421875,-0.3671875,HP,14-inch,4GB,Dell,16-inch,4GB
2,-1.0703125,-0.447265625,HP,14-inch,4GB,Dell,16-inch,8GB
2,-0.84765625,-0.59765625,HP,14-inch,4GB,Dell,16-inch,16GB
2,-1.2421875,-0.369140625,HP,14-inch,4GB,Apple,13-inch,4GB
2,-1.078125,-0.451171875,HP,14-inch,4GB,Apple,13-inch,8GB
2,-0.99609375,-0.49609375,HP,14-inch,4GB,Apple,13-inch,16GB
2,-1.0703125,-0.44921875,HP,14-inch,4GB,Apple,14-inch,4GB
2,-1.078125,-0.451171875,HP,14-inch,4GB,Apple,14-inch,8GB
2,-0.9140625,-0.5390625,HP,14-inch,4GB,Apple,14-inch,16GB
2,-1.15625,-0.408203125,HP,14-inch,4GB,Apple,16-inch,4GB
2,-1.1640625,-0.41015625,HP,14-inch,4GB,Apple,16-inch,8GB
2,-0.91796875,-0.54296875,HP,14-inch,4GB,Apple,16-inch,16GB
2,-2.140625,-0.1357421875,HP,14-inch,8GB,ASUS,13-inch,4GB
2,-2.25,-0.12158203125,HP,14-inch,8GB,ASUS,13-inch,8GB
2,-2.25,-0.12255859375,HP,14-inch,8GB,ASUS,13-inch,16GB
2,-2.03125,-0.150390625,HP,14-inch,8GB,ASUS,14-inch,4GB
2,-2.03125,-0.1513671875,HP,14-inch,8GB,ASUS,14-inch,8GB
2,-2.140625,-0.1357421875,HP,14-inch,8GB,ASUS,14-inch,16GB
2,-2.25,-0.12060546875,HP,14-inch,8GB,ASUS,16-inch,4GB
2,-2.359375,-0.109375,HP,14-inch,8GB,ASUS,16-inch,8GB
2,-2.140625,-0.1376953125,HP,14-inch,8GB,ASUS,16-inch,16GB
2,-1.921875,-0.169921875,HP,14-inch,8GB,Lenovo,13-inch,4GB
2,-1.921875,-0.171875,HP,14-inch,8GB,Lenovo,13-inch,8GB
2,-1.921875,-0.173828125,HP,14-inch,8GB,Lenovo,13-inch,16GB
2,-1.8125,-0.1884765625,HP,14-inch,8GB,Lenovo,14-inch,4GB
2,-1.8125,-0.189453125,HP,14-inch,8GB,Lenovo,14-inch,8GB
2,-1.8125,-0.1904296875,HP,14-inch,8GB,Lenovo,14-inch,16GB
2,-2.03125,-0.15234375,HP,14-inch,8GB,Lenovo,16-inch,4GB
2,-2.03125,-0.1533203125,HP,14-inch,8GB,Lenovo,16-inch,8GB
2,-2.03125,-0.15625,HP,14-inch,8GB,Lenovo,16-inch,16GB
2,-1.8125,-0.19140625,HP,14-inch,8GB,HP,13-inch,4GB
2,-1.8203125,-0.19140625,HP,14-inch,8GB,HP,13-inch,8GB
2,-1.921875,-0.173828125,HP,14-inch,8GB,HP,13-inch,16GB
2,-1.8125,-0.1904296875,HP,14-inch,8GB,HP,14-inch,4GB
2,-1.8125,-0.189453125,HP,14-inch,8GB,HP,14-inch,16GB
2,-1.921875,-0.1708984375,HP,14-inch,8GB,HP,16-inch,4GB
2,-2.03125,-0.1533203125,HP,14-inch,8GB,HP,16-inch,8GB
2,-1.921875,-0.1728515625,HP,14-inch,8GB,HP,16-inch,16GB
2,-1.8125,-0.1884765625,HP,14-inch,8GB,Dell,13-inch,4GB
2,-2.03125,-0.1533203125,HP,14-inch,8GB,Dell,13-inch,8GB
2,-1.921875,-0.173828125,HP,14-inch,8GB,Dell,13-inch,16GB
2,-1.7109375,-0.2109375,HP,14-inch,8GB,Dell,14-inch,4GB
2,-1.7109375,-0.212890625,HP,14-inch,8GB,Dell,14-inch,8GB
2,-1.8125,-0.1904296875,HP,14-inch,8GB,Dell,14-inch,16GB
2,-2.03125,-0.15234375,HP,14-inch,8GB,Dell,16-inch,4GB
2,-2.03125,-0.1533203125,HP,14-inch,8GB,Dell,16-inch,8GB
2,-2.140625,-0.138671875,HP,14-inch,8GB,Dell,16-inch,16GB
2,-2.140625,-0.1376953125,HP,14-inch,8GB,Apple,13-inch,4GB
2,-2.140625,-0.1376953125,HP,14-inch,8GB,Apple,13-inch,8GB
2,-2.03125,-0.1552734375,HP,14-inch,8GB,Apple,13-inch,16GB
2,-2.140625,-0.13671875,HP,14-inch,8GB,Apple,14-inch,4GB
2,-2.140625,-0.1357421875,HP,14-inch,8GB,Apple,14-inch,8GB
2,-2.140625,-0.13671875,HP,14-inch,8GB,Apple,14-inch,16GB
2,-2.25,-0.123046875,HP,14-inch,8GB,Apple,16-inch,4GB
2,-2.25,-0.12353515625,HP,14-inch,8GB,Apple,16-inch,8GB
2,-2.140625,-0.1396484375,HP,14-inch,8GB,Apple,16-inch,16GB
2,-1.234375,-0.359375,HP,14-inch,16GB,ASUS,13-inch,4GB
2,-1.234375,-0.361328125,HP,14-inch,16GB,ASUS,13-inch,8GB
2,-1.515625,-0.26171875,HP,14-inch,16GB,ASUS,13-inch,16GB
2,-1.3203125,-0.32421875,HP,14-inch,16GB,ASUS,14-inch,4GB
2,-1.1484375,-0.3984375,HP,14-inch,16GB,ASUS,14-inch,8GB
2,-1.234375,-0.361328125,HP,14-inch,16GB,ASUS,14-inch,16GB
2,-1.4140625,-0.291015625,HP,14-inch,16GB,ASUS,16-inch,4GB
2,-1.234375,-0.361328125,HP,14-inch,16GB,ASUS,16-inch,8GB
2,-1.515625,-0.263671875,HP,14-inch,16GB,ASUS,16-inch,16GB
2,-1.234375,-0.361328125,HP,14-inch,16GB,Lenovo,13-inch,4GB
2,-1.234375,-0.361328125,HP,14-inch,16GB,Lenovo,13-inch,8GB
2,-1.421875,-0.29296875,HP,14-inch,16GB,Lenovo,13-inch,16GB
2,-1.234375,-0.359375,HP,14-inch,16GB,Lenovo,14-inch,4GB
2,-1.1484375,-0.3984375,HP,14-inch,16GB,Lenovo,14-inch,8GB
2,-1.2421875,-0.36328125,HP,14-inch,16GB,Lenovo,14-inch,16GB
2,-1.234375,-0.359375,HP,14-inch,16GB,Lenovo,16-inch,4GB
2,-1.1484375,-0.400390625,HP,14-inch,16GB,Lenovo,16-inch,8GB
2,-1.421875,-0.294921875,HP,14-inch,16GB,Lenovo,16-inch,16GB
2,-1.1484375,-0.400390625,HP,14-inch,16GB,HP,13-inch,4GB
2,-1.0625,-0.439453125,HP,14-inch,16GB,HP,13-inch,8GB
2,-1.234375,-0.36328125,HP,14-inch,16GB,HP,13-inch,16GB
2,-1.0703125,-0.44140625,HP,14-inch,16GB,HP,14-inch,4GB
2,-1.0625,-0.439453125,HP,14-inch,16GB,HP,14-inch,8GB
2,-1.1484375,-0.3984375,HP,14-inch,16GB,HP,16-inch,4GB
2,-1.1484375,-0.3984375,HP,14-inch,16GB,HP,16-inch,8GB
2,-1.515625,-0.263671875,HP,14-inch,16GB,HP,16-inch,16GB
2,-1.1484375,-0.3984375,HP,14-inch,16GB,Dell,13-inch,4GB
2,-1.234375,-0.361328125,HP,14-inch,16GB,Dell,13-inch,8GB
2,-1.421875,-0.294921875,HP,14-inch,16GB,Dell,13-inch,16GB
2,-1.328125,-0.32421875,HP,14-inch,16GB,Dell,14-inch,4GB
2,-1.234375,-0.359375,HP,14-inch,16GB,Dell,14-inch,8GB
2,-1.1484375,-0.400390625,HP,14-inch,16GB,Dell,14-inch,16GB
2,-1.4140625,-0.291015625,HP,14-inch,16GB,Dell,16-inch,4GB
2,-1.328125,-0.326171875,HP,14-inch,16GB,Dell,16-inch,8GB
2,-1.421875,-0.294921875,HP,14-inch,16GB,Dell,16-inch,16GB
2,-1.328125,-0.326171875,HP,14-inch,16GB,Apple,13-inch,4GB
2,-1.15625,-0.40625,HP,14-inch,16GB,Apple,13-inch,8GB
2,-1.421875,-0.296875,HP,14-inch,16GB,Apple,13-inch,16GB
2,-1.421875,-0.294921875,HP,14-inch,16GB,Apple,14-inch,4GB
2,-1.328125,-0.330078125,HP,14-inch,16GB,Apple,14-inch,8GB
2,-1.328125,-0.328125,HP,14-inch,16GB,Apple,14-inch,16GB
2,-1.421875,-0.29296875,HP,14-inch,16GB,Apple,16-inch,4GB
2,-1.2421875,-0.3671875,HP,14-inch,16GB,Apple,16-inch,8GB
2,-1.6171875,-0.23828125,HP,14-inch,16GB,Apple,16-inch,16GB
2,-1.515625,-0.267578125,HP,16-inch,4GB,ASUS,13-inch,4GB
2,-1.2421875,-0.369140625,HP,16-inch,4GB,ASUS,13-inch,8GB
2,-1.2421875,-0.365234375,HP,16-inch,4GB,ASUS,13-inch,16GB
2,-1.421875,-0.296875,HP,16-inch,4GB,ASUS,14-inch,4GB
2,-1.2421875,-0.3671875,HP,16-inch,4GB,ASUS,14-inch,8GB
2,-1.0703125,-0.4453125,HP,16-inch,4GB,ASUS,14-inch,16GB
2,-1.0703125,-0.447265625,HP,16-inch,4GB,ASUS,16-inch,4GB
2,-0.99609375,-0.49609375,HP,16-inch,4GB,ASUS,16-inch,8GB
2,-0.91796875,-0.54296875,HP,16-inch,4GB,ASUS,16-inch,16GB
2,-1.2421875,-0.365234375,HP,16-inch,4GB,Lenovo,13-inch,4GB
2,-1.078125,-0.44921875,HP,16-inch,4GB,Lenovo,13-inch,8GB
2,-1.0703125,-0.4453125,HP,16-inch,4GB,Lenovo,13-inch,16GB
2,-1.15625,-0.40234375,HP,16-inch,4GB,Lenovo,14-inch,4GB
2,-0.91796875,-0.54296875,HP,16-inch,4GB,Lenovo,14-inch,8GB
2,-0.91796875,-0.54296875,HP,16-inch,4GB,Lenovo,14-inch,16GB
2,-0.84765625,-0.59765625,HP,16-inch,4GB,Lenovo,16-inch,4GB
2,-0.71875,-0.71875,HP,16-inch,4GB,Lenovo,16-inch,8GB
2,-0.7109375,-0.7109375,HP,16-inch,4GB,Lenovo,16-inch,16GB
2,-1.15625,-0.40625,HP,16-inch,4GB,HP,13-inch,4GB
2,-1.078125,-0.451171875,HP,16-inch,4GB,HP,13-inch,8GB
2,-0.99609375,-0.49609375,HP,16-inch,4GB,HP,13-inch,16GB
2,-0.99609375,-0.494140625,HP,16-inch,4GB,HP,14-inch,4GB
2,-0.84765625,-0.59765625,HP,16-inch,4GB,HP,14-inch,8GB
2,-0.91796875,-0.54296875,HP,16-inch,4GB,HP,14-inch,16GB
2,-0.78515625,-0.66015625,HP,16-inch,4GB,HP,16-inch,8GB
2,-0.65625,-0.78125,HP,16-inch,4GB,HP,16-inch,16GB
2,-1.328125,-0.330078125,HP,16-inch,4GB,Dell,13-inch,4GB
2,-1.2421875,-0.369140625,HP,16-inch,4GB,Dell,13-inch,8GB
2,-1.15625,-0.408203125,HP,16-inch,4GB,Dell,13-inch,16GB
2,-1.328125,-0.330078125,HP,16-inch,4GB,Dell,14-inch,4GB
2,-1.0703125,-0.447265625,HP,16-inch,4GB,Dell,14-inch,8GB
2,-1.0703125,-0.447265625,HP,16-inch,4GB,Dell,14-inch,16GB
2,-0.921875,-0.546875,HP,16-inch,4GB,Dell,16-inch,4GB
2,-0.8515625,-0.6015625,HP,16-inch,4GB,Dell,16-inch,8GB
2,-0.77734375,-0.65234375,HP,16-inch,4GB,Dell,16-inch,16GB
2,-1.3359375,-0.333984375,HP,16-inch,4GB,Apple,13-inch,4GB
2,-1.3359375,-0.337890625,HP,16-inch,4GB,Apple,13-inch,8GB
2,-1.2421875,-0.3671875,HP,16-inch,4GB,Apple,13-inch,16GB
2,-1.328125,-0.33203125,HP,16-inch,4GB,Apple,14-inch,4GB
2,-1.3359375,-0.333984375,HP,16-inch,4GB,Apple,14-inch,8GB
2,-1.15625,-0.40625,HP,16-inch,4GB,Apple,14-inch,16GB
2,-1.078125,-0.451171875,HP,16-inch,4GB,Apple,16-inch,4GB
2,-1.0,-0.5,HP,16-inch,4GB,Apple,16-inch,8GB
2,-0.99609375,-0.49609375,HP,16-inch,4GB,Apple,16-inch,16GB
2,-2.03125,-0.1513671875,HP,16-inch,8GB,ASUS,13-inch,4GB
2,-2.140625,-0.1357421875,HP,16-inch,8GB,ASUS,13-inch,8GB
2,-2.25,-0.12158203125,HP,16-inch,8GB,ASUS,13-inch,16GB
2,-2.140625,-0.134765625,HP,16-inch,8GB,ASUS,14-inch,4GB
2,-2.140625,-0.1357421875,HP,16-inch,8GB,ASUS,14-inch,8GB
2,-2.140625,-0.1357421875,HP,16-inch,8GB,ASUS,14-inch,16GB
2,-2.140625,-0.134765625,HP,16-inch,8GB,ASUS,16-inch,4GB
2,-2.03125,-0.1513671875,HP,16-inch,8GB,ASUS,16-inch,8GB
2,-2.25,-0.12109375,HP,16-inch,8GB,ASUS,16-inch,16GB
2,-1.8125,-0.189453125,HP,16-inch,8GB,Lenovo,13-inch,4GB
2,-1.921875,-0.171875,HP,16-inch,8GB,Lenovo,13-inch,8GB
2,-2.03125,-0.1533203125,HP,16-inch,8GB,Lenovo,13-inch,16GB
2,-1.8125,-0.1904296875,HP,16-inch,8GB,Lenovo,14-inch,4GB
2,-1.8125,-0.1904296875,HP,16-inch,8GB,Lenovo,14-inch,8GB
2,-2.03125,-0.15234375,HP,16-inch,8GB,Lenovo,14-inch,16GB
2,-1.8125,-0.1884765625,HP,16-inch,8GB,Lenovo,16-inch,4GB
2,-1.8203125,-0.19140625,HP,16-inch,8GB,Lenovo,16-inch,8GB
2,-1.921875,-0.1708984375,HP,16-inch,8GB,Lenovo,16-inch,16GB
2,-1.8125,-0.1904296875,HP,16-inch,8GB,HP,13-inch,4GB
2,-1.8125,-0.1904296875,HP,16-inch,8GB,HP,13-inch,8GB
2,-2.03125,-0.15234375,HP,16-inch,8GB,HP,13-inch,16GB
2,-1.7109375,-0.2109375,HP,16-inch,8GB,HP,14-inch,4GB
2,-1.609375,-0.2373046875,HP,16-inch,8GB,HP,14-inch,8GB
2,-1.921875,-0.1708984375,HP,16-inch,8GB,HP,14-inch,16GB
2,-1.609375,-0.2353515625,HP,16-inch,8GB,HP,16-inch,4GB
2,-1.609375,-0.234375,HP,16-inch,8GB,HP,16-inch,16GB
2,-1.8125,-0.1884765625,HP,16-inch,8GB,Dell,13-inch,4GB
2,-1.8125,-0.1904296875,HP,16-inch,8GB,Dell,13-inch,8GB
2,-1.921875,-0.1708984375,HP,16-inch,8GB,Dell,13-inch,16GB
2,-1.8125,-0.189453125,HP,16-inch,8GB,Dell,14-inch,4GB
2,-1.8125,-0.1904296875,HP,16-inch,8GB,Dell,14-inch,8GB
2,-1.921875,-0.169921875,HP,16-inch,8GB,Dell,14-inch,16GB
2,-1.7109375,-0.2109375,HP,16-inch,8GB,Dell,16-inch,4GB
2,-1.7109375,-0.2119140625,HP,16-inch,8GB,Dell,16-inch,8GB
2,-2.03125,-0.1513671875,HP,16-inch,8GB,Dell,16-inch,16GB
2,-2.03125,-0.1533203125,HP,16-inch,8GB,Apple,13-inch,4GB
2,-2.03125,-0.1533203125,HP,16-inch,8GB,Apple,13-inch,8GB
2,-2.140625,-0.13671875,HP,16-inch,8GB,Apple,13-inch,16GB
2,-2.140625,-0.1357421875,HP,16-inch,8GB,Apple,14-inch,4GB
2,-2.140625,-0.1357421875,HP,16-inch,8GB,Apple,14-inch,8GB
2,-2.25,-0.1220703125,HP,16-inch,8GB,Apple,14-inch,16GB
2,-2.25,-0.1220703125,HP,16-inch,8GB,Apple,16-inch,4GB
2,-2.140625,-0.13671875,HP,16-inch,8GB,Apple,16-inch,8GB
2,-2.140625,-0.1357421875,HP,16-inch,8GB,Apple,16-inch,16GB
2,-1.515625,-0.263671875,HP,16-inch,16GB,ASUS,13-inch,4GB
2,-1.515625,-0.263671875,HP,16-inch,16GB,ASUS,13-inch,8GB
2,-1.609375,-0.2353515625,HP,16-inch,16GB,ASUS,13-inch,16GB
2,-2.59375,-0.0908203125,HP,16-inch,16GB,ASUS,14-inch,4GB
2,-1.6171875,-0.2412109375,HP,16-inch,16GB,ASUS,14-inch,8GB
2,-2.59375,-0.08740234375,HP,16-inch,16GB,ASUS,14-inch,16GB
2,-2.359375,-0.11181640625,HP,16-inch,16GB,ASUS,16-inch,4GB
2,-1.7109375,-0.2138671875,HP,16-inch,16GB,ASUS,16-inch,8GB
2,-1.71875,-0.21484375,HP,16-inch,16GB,ASUS,16-inch,16GB
2,-1.515625,-0.265625,HP,16-inch,16GB,Lenovo,13-inch,4GB
2,-1.515625,-0.265625,HP,16-inch,16GB,Lenovo,13-inch,8GB
2,-1.515625,-0.263671875,HP,16-inch,16GB,Lenovo,13-inch,16GB
2,-2.59375,-0.0927734375,HP,16-inch,16GB,Lenovo,14-inch,4GB
2,-1.421875,-0.30078125,HP,16-inch,16GB,Lenovo,14-inch,8GB
2,-2.359375,-0.11572265625,HP,16-inch,16GB,Lenovo,14-inch,16GB
2,-2.359375,-0.11279296875,HP,16-inch,16GB,Lenovo,16-inch,4GB
2,-1.421875,-0.296875,HP,16-inch,16GB,Lenovo,16-inch,8GB
2,-1.421875,-0.298828125,HP,16-inch,16GB,Lenovo,16-inch,16GB
2,-1.421875,-0.294921875,HP,16-inch,16GB,HP,13-inch,4GB
2,-1.515625,-0.263671875,HP,16-inch,16GB,HP,13-inch,8GB
2,-1.515625,-0.263671875,HP,16-inch,16GB,HP,13-inch,16GB
2,-2.484375,-0.1025390625,HP,16-inch,16GB,HP,14-inch,4GB
2,-1.328125,-0.330078125,HP,16-inch,16GB,HP,14-inch,8GB
2,-2.140625,-0.142578125,HP,16-inch,16GB,HP,14-inch,16GB
2,-1.921875,-0.1748046875,HP,16-inch,16GB,HP,16-inch,4GB
2,-1.328125,-0.326171875,HP,16-inch,16GB,HP,16-inch,8GB
2,-1.328125,-0.326171875,HP,16-inch,16GB,Dell,13-inch,4GB
2,-1.421875,-0.294921875,HP,16-inch,16GB,Dell,13-inch,8GB
2,-1.515625,-0.263671875,HP,16-inch,16GB,Dell,13-inch,16GB
2,-2.59375,-0.08984375,HP,16-inch,16GB,Dell,14-inch,4GB
2,-1.421875,-0.294921875,HP,16-inch,16GB,Dell,14-inch,8GB
2,-2.359375,-0.11376953125,HP,16-inch,16GB,Dell,14-inch,16GB
2,-2.359375,-0.111328125,HP,16-inch,16GB,Dell,16-inch,4GB
2,-1.609375,-0.23828125,HP,16-inch,16GB,Dell,16-inch,8GB
2,-1.71875,-0.2177734375,HP,16-inch,16GB,Dell,16-inch,16GB
2,-1.515625,-0.267578125,HP,16-inch,16GB,Apple,13-inch,4GB
2,-1.515625,-0.267578125,HP,16-inch,16GB,Apple,13-inch,8GB
2,-1.421875,-0.294921875,HP,16-inch,16GB,Apple,13-inch,16GB
2,-2.703125,-0.083984375,HP,16-inch,16GB,Apple,14-inch,4GB
2,-1.6171875,-0.2451171875,HP,16-inch,16GB,Apple,14-inch,8GB
2,-2.484375,-0.10302734375,HP,16-inch,16GB,Apple,14-inch,16GB
2,-2.828125,-0.07373046875,HP,16-inch,16GB,Apple,16-inch,4GB
2,-1.6171875,-0.244140625,HP,16-inch,16GB,Apple,16-inch,8GB
2,-1.921875,-0.1748046875,HP,16-inch,16GB,Apple,16-inch,16GB
2,-1.328125,-0.33203125,Dell,13-inch,4GB,ASUS,13-inch,4GB
2,-1.2421875,-0.3671875,Dell,13-inch,4GB,ASUS,13-inch,8GB
2,-0.91796875,-0.54296875,Dell,13-inch,4GB,ASUS,13-inch,16GB
2,-1.4296875,-0.30078125,Dell,13-inch,4GB,ASUS,14-inch,4GB
2,-1.2421875,-0.369140625,Dell,13-inch,4GB,ASUS,14-inch,8GB
2,-1.078125,-0.451171875,Dell,13-inch,4GB,ASUS,14-inch,16GB
2,-1.5234375,-0.26953125,Dell,13-inch,4GB,ASUS,16-inch,4GB
2,-1.3359375,-0.333984375,Dell,13-inch,4GB,ASUS,16-inch,8GB
2,-1.15625,-0.408203125,Dell,13-inch,4GB,ASUS,16-inch,16GB
2,-0.99609375,-0.49609375,Dell,13-inch,4GB,Lenovo,13-inch,4GB
2,-0.9921875,-0.494140625,Dell,13-inch,4GB,Lenovo,13-inch,8GB
2,-0.71875,-0.71875,Dell,13-inch,4GB,Lenovo,13-inch,16GB
2,-1.078125,-0.453125,Dell,13-inch,4GB,Lenovo,14-inch,4GB
2,-0.84765625,-0.59765625,Dell,13-inch,4GB,Lenovo,14-inch,8GB
2,-0.921875,-0.546875,Dell,13-inch,4GB,Lenovo,14-inch,16GB
2,-1.3359375,-0.33203125,Dell,13-inch,4GB,Lenovo,16-inch,4GB
2,-1.15625,-0.408203125,Dell,13-inch,4GB,Lenovo,16-inch,8GB
2,-1.15625,-0.41015625,Dell,13-inch,4GB,Lenovo,16-inch,16GB
2,-1.25,-0.37109375,Dell,13-inch,4GB,HP,13-inch,4GB
2,-1.15625,-0.408203125,Dell,13-inch,4GB,HP,13-inch,8GB
2,-0.85546875,-0.60546875,Dell,13-inch,4GB,HP,13-inch,16GB
2,-1.2421875,-0.369140625,Dell,13-inch,4GB,HP,14-inch,4GB
2,-1.078125,-0.44921875,Dell,13-inch,4GB,HP,14-inch,8GB
2,-1.0,-0.5,Dell,13-inch,4GB,HP,14-inch,16GB
2,-1.5234375,-0.26953125,Dell,13-inch,4GB,HP,16-inch,4GB
2,-1.2421875,-0.369140625,Dell,13-inch,4GB,HP,16-inch,8GB
2,-1.2421875,-0.37109375,Dell,13-inch,4GB,HP,16-inch,16GB
2,-0.99609375,-0.49609375,Dell,13-inch,4GB,Dell,13-inch,8GB
2,-0.71484375,-0.71484375,Dell,13-inch,4GB,Dell,13-inch,16GB
2,-1.2421875,-0.369140625,Dell,13-inch,4GB,Dell,14-inch,4GB
2,-0.91796875,-0.54296875,Dell,13-inch,4GB,Dell,14-inch,8GB
2,-0.78125,-0.65625,Dell,13-inch,4GB,Dell,14-inch,16GB
2,-1.421875,-0.30078125,Dell,13-inch,4GB,Dell,16-inch,4GB
2,-1.15625,-0.408203125,Dell,13-inch,4GB,Dell,16-inch,8GB
2,-0.99609375,-0.49609375,Dell,13-inch,4GB,Dell,16-inch,16GB
2,-1.15625,-0.41015625,Dell,13-inch,4GB,Apple,13-inch,4GB
2,-1.25,-0.37109375,Dell,13-inch,4GB,Apple,13-inch,8GB
2,-1.078125,-0.451171875,Dell,13-inch,4GB,Apple,13-inch,16GB
2,-1.3359375,-0.3359375,Dell,13-inch,4GB,Apple,14-inch,4GB
2,-1.3359375,-0.3359375,Dell,13-inch,4GB,Apple,14-inch,8GB
2,-1.0,-0.5,Dell,13-inch,4GB,Apple,14-inch,16GB
2,-1.4296875,-0.302734375,Dell,13-inch,4GB,Apple,16-inch,4GB
2,-1.3359375,-0.3359375,Dell,13-inch,4GB,Apple,16-inch,8GB
2,-1.1640625,-0.41015625,Dell,13-inch,4GB,Apple,16-inch,16GB
2,-2.140625,-0.134765625,Dell,13-inch,8GB,ASUS,13-inch,4GB
2,-2.25,-0.1201171875,Dell,13-inch,8GB,ASUS,13-inch,8GB
2,-2.140625,-0.1357421875,Dell,13-inch,8GB,ASUS,13-inch,16GB
2,-1.921875,-0.1689453125,Dell,13-inch,8GB,ASUS,14-inch,4GB
2,-2.25,-0.12109375,Dell,13-inch,8GB,ASUS,14-inch,8GB
2,-2.03125,-0.1533203125,Dell,13-inch,8GB,ASUS,14-inch,16GB
2,-2.03125,-0.150390625,Dell,13-inch,8GB,ASUS,16-inch,4GB
2,-2.359375,-0.10693359375,Dell,13-inch,8GB,ASUS,16-inch,8GB
2,-2.03125,-0.15234375,Dell,13-inch,8GB,ASUS,16-inch,16GB
2,-1.8125,-0.189453125,Dell,13-inch,8GB,Lenovo,13-inch,4GB
2,-2.03125,-0.15234375,Dell,13-inch,8GB,Lenovo,13-inch,8GB
2,-1.8203125,-0.19140625,Dell,13-inch,8GB,Lenovo,13-inch,16GB
2,-1.8125,-0.189453125,Dell,13-inch,8GB,Lenovo,14-inch,4GB
2,-1.921875,-0.169921875,Dell,13-inch,8GB,Lenovo,14-inch,8GB
2,-1.7109375,-0.21484375,Dell,13-inch,8GB,Lenovo,14-inch,16GB
2,-1.921875,-0.1689453125,Dell,13-inch,8GB,Lenovo,16-inch,4GB
2,-2.140625,-0.1357421875,Dell,13-inch,8GB,Lenovo,16-inch,8GB
2,-1.921875,-0.1728515625,Dell,13-inch,8GB,Lenovo,16-inch,16GB
2,-1.921875,-0.1689453125,Dell,13-inch,8GB,HP,13-inch,4GB
2,-2.25,-0.12158203125,Dell,13-inch,8GB,HP,13-inch,8GB
2,-1.921875,-0.1708984375,Dell,13-inch,8GB,HP,13-inch,16GB
2,-1.8125,-0.1884765625,Dell,13-inch,8GB,HP,14-inch,4GB
2,-2.03125,-0.1533203125,Dell,13-inch,8GB,HP,14-inch,8GB
2,-1.8203125,-0.19140625,Dell,13-inch,8GB,HP,14-inch,16GB
2,-2.03125,-0.150390625,Dell,13-inch,8GB,HP,16-inch,4GB
2,-2.140625,-0.134765625,Dell,13-inch,8GB,HP,16-inch,8GB
2,-2.03125,-0.15234375,Dell,13-inch,8GB,HP,16-inch,16GB
2,-1.609375,-0.2333984375,Dell,13-inch,8GB,Dell,13-inch,4GB
2,-1.7109375,-0.2099609375,Dell,13-inch,8GB,Dell,13-inch,16GB
2,-1.609375,-0.236328125,Dell,13-inch,8GB,Dell,14-inch,4GB
2,-1.7109375,-0.2119140625,Dell,13-inch,8GB,Dell,14-inch,8GB
2,-1.6171875,-0.23828125,Dell,13-inch,8GB,Dell,14-inch,16GB
2,-1.921875,-0.1689453125,Dell,13-inch,8GB,Dell,16-inch,4GB
2,-2.140625,-0.1357421875,Dell,13-inch,8GB,Dell,16-inch,8GB
2,-1.921875,-0.1708984375,Dell,13-inch,8GB,Dell,16-inch,16GB
2,-2.25,-0.12158203125,Dell,13-inch,8GB,Apple,13-inch,4GB
2,-2.140625,-0.13671875,Dell,13-inch,8GB,Apple,13-inch,8GB
2,-2.140625,-0.1357421875,Dell,13-inch,8GB,Apple,13-inch,16GB
2,-2.140625,-0.1376953125,Dell,13-inch,8GB,Apple,14-inch,4GB
2,-2.25,-0.123046875,Dell,13-inch,8GB,Apple,14-inch,8GB
2,-2.140625,-0.138671875,Dell,13-inch,8GB,Apple,14-inch,16GB
2,-2.359375,-0.10888671875,Dell,13-inch,8GB,Apple,16-inch,4GB
2,-2.359375,-0.10888671875,Dell,13-inch,8GB,Apple,16-inch,8GB
2,-2.140625,-0.13671875,Dell,13-inch,8GB,Apple,16-inch,16GB
2,-1.8125,-0.1904296875,Dell,13-inch,16GB,ASUS,13-inch,4GB
2,-1.5078125,-0.26171875,Dell,13-inch,16GB,ASUS,13-inch,8GB
2,-2.140625,-0.13671875,Dell,13-inch,16GB,ASUS,13-inch,16GB
2,-1.328125,-0.32421875,Dell,13-inch,16GB,ASUS,14-inch,4GB
2,-1.609375,-0.2353515625,Dell,13-inch,16GB,ASUS,14-inch,8GB
2,-1.921875,-0.1708984375,Dell,13-inch,16GB,ASUS,14-inch,16GB
2,-2.03125,-0.1533203125,Dell,13-inch,16GB,ASUS,16-inch,4GB
2,-1.8125,-0.1884765625,Dell,13-inch,16GB,ASUS,16-inch,8GB
2,-2.03125,-0.1533203125,Dell,13-inch,16GB,ASUS,16-inch,16GB
2,-1.7109375,-0.2138671875,Dell,13-inch,16GB,Lenovo,13-inch,4GB
2,-1.515625,-0.26171875,Dell,13-inch,16GB,Lenovo,13-inch,8GB
2,-1.71875,-0.2158203125,Dell,13-inch,16GB,Lenovo,13-inch,16GB
2,-1.234375,-0.361328125,Dell,13-inch,16GB,Lenovo,14-inch,4GB
2,-1.515625,-0.263671875,Dell,13-inch,16GB,Lenovo,14-inch,8GB
2,-1.6171875,-0.2392578125,Dell,13-inch,16GB,Lenovo,14-inch,16GB
2,-1.8203125,-0.1923828125,Dell,13-inch,16GB,Lenovo,16-inch,4GB
2,-1.609375,-0.236328125,Dell,13-inch,16GB,Lenovo,16-inch,8GB
2,-1.8203125,-0.1953125,Dell,13-inch,16GB,Lenovo,16-inch,16GB
2,-1.8203125,-0.19140625,Dell,13-inch,16GB,HP,13-inch,4GB
2,-1.609375,-0.2373046875,Dell,13-inch,16GB,HP,13-inch,8GB
2,-1.8203125,-0.193359375,Dell,13-inch,16GB,HP,13-inch,16GB
2,-1.328125,-0.32421875,Dell,13-inch,16GB,HP,14-inch,4GB
2,-1.609375,-0.2373046875,Dell,13-inch,16GB,HP,14-inch,8GB
2,-1.8203125,-0.19140625,Dell,13-inch,16GB,HP,14-inch,16GB
2,-2.03125,-0.1533203125,Dell,13-inch,16GB,HP,16-inch,4GB
2,-1.8125,-0.1904296875,Dell,13-inch,16GB,HP,16-inch,8GB
2,-2.03125,-0.1552734375,Dell,13-inch,16GB,HP,16-inch,16GB
2,-1.328125,-0.328125,Dell,13-inch,16GB,Dell,13-inch,4GB
2,-1.234375,-0.359375,Dell,13-inch,16GB,Dell,13-inch,8GB
2,-1.1484375,-0.400390625,Dell,13-inch,16GB,Dell,14-inch,4GB
2,-1.4140625,-0.291015625,Dell,13-inch,16GB,Dell,14-inch,8GB
2,-1.515625,-0.265625,Dell,13-inch,16GB,Dell,14-inch,16GB
2,-1.609375,-0.23828125,Dell,13-inch,16GB,Dell,16-inch,4GB
2,-1.515625,-0.263671875,Dell,13-inch,16GB,Dell,16-inch,8GB
2,-1.921875,-0.1708984375,Dell,13-inch,16GB,Dell,16-inch,16GB
2,-1.8203125,-0.1923828125,Dell,13-inch,16GB,Apple,13-inch,4GB
2,-1.6171875,-0.2392578125,Dell,13-inch,16GB,Apple,13-inch,8GB
2,-1.71875,-0.2158203125,Dell,13-inch,16GB,Apple,13-inch,16GB
2,-1.515625,-0.267578125,Dell,13-inch,16GB,Apple,14-inch,4GB
2,-1.421875,-0.298828125,Dell,13-inch,16GB,Apple,14-inch,8GB
2,-1.8203125,-0.19140625,Dell,13-inch,16GB,Apple,14-inch,16GB
2,-1.8203125,-0.193359375,Dell,13-inch,16GB,Apple,16-inch,4GB
2,-1.71875,-0.216796875,Dell,13-inch,16GB,Apple,16-inch,8GB
2,-1.8203125,-0.193359375,Dell,13-inch,16GB,Apple,16-inch,16GB
2,-1.515625,-0.265625,Dell,14-inch,4GB,ASUS,13-inch,4GB
2,-1.6171875,-0.240234375,Dell,14-inch,4GB,ASUS,13-inch,8GB
2,-1.0703125,-0.4453125,Dell,14-inch,4GB,ASUS,13-inch,16GB
2,-1.234375,-0.36328125,Dell,14-inch,4GB,ASUS,14-inch,4GB
2,-1.2421875,-0.36328125,Dell,14-inch,4GB,ASUS,14-inch,8GB
2,-1.0703125,-0.447265625,Dell,14-inch,4GB,ASUS,14-inch,16GB
2,-1.6171875,-0.240234375,Dell,14-inch,4GB,ASUS,16-inch,4GB
2,-1.5234375,-0.26953125,Dell,14-inch,4GB,ASUS,16-inch,8GB
2,-1.0703125,-0.4453125,Dell,14-inch,4GB,ASUS,16-inch,16GB
2,-1.328125,-0.330078125,Dell,14-inch,4GB,Lenovo,13-inch,4GB
2,-1.1484375,-0.40234375,Dell,14-inch,4GB,Lenovo,13-inch,8GB
2,-0.9921875,-0.4921875,Dell,14-inch,4GB,Lenovo,13-inch,16GB
2,-0.9921875,-0.4921875,Dell,14-inch,4GB,Lenovo,14-inch,4GB
2,-0.9140625,-0.5390625,Dell,14-inch,4GB,Lenovo,14-inch,8GB
2,-0.7734375,-0.6484375,Dell,14-inch,4GB,Lenovo,14-inch,16GB
2,-1.3359375,-0.33203125,Dell,14-inch,4GB,Lenovo,16-inch,4GB
2,-1.2421875,-0.3671875,Dell,14-inch,4GB,Lenovo,16-inch,8GB
2,-0.84375,-0.59375,Dell,14-inch,4GB,Lenovo,16-inch,16GB
2,-1.421875,-0.296875,Dell,14-inch,4GB,HP,13-inch,4GB
2,-1.421875,-0.296875,Dell,14-inch,4GB,HP,13-inch,8GB
2,-1.0703125,-0.447265625,Dell,14-inch,4GB,HP,13-inch,16GB
2,-1.15625,-0.404296875,Dell,14-inch,4GB,HP,14-inch,4GB
2,-1.0703125,-0.447265625,Dell,14-inch,4GB,HP,14-inch,8GB
2,-0.91796875,-0.54296875,Dell,14-inch,4GB,HP,14-inch,16GB
2,-1.328125,-0.330078125,Dell,14-inch,4GB,HP,16-inch,4GB
2,-1.3359375,-0.33203125,Dell,14-inch,4GB,HP,16-inch,8GB
2,-1.0703125,-0.44921875,Dell,14-inch,4GB,HP,16-inch,16GB
2,-1.234375,-0.36328125,Dell,14-inch,4GB,Dell,13-inch,4GB
2,-1.1484375,-0.400390625,Dell,14-inch,4GB,Dell,13-inch,8GB
2,-0.9921875,-0.4921875,Dell,14-inch,4GB,Dell,13-inch,16GB
2,-0.9140625,-0.5390625,Dell,14-inch,4GB,Dell,14-inch,8GB
2,-0.7109375,-0.7109375,Dell,14-inch,4GB,Dell,14-inch,16GB
2,-1.2421875,-0.3671875,Dell,14-inch,4GB,Dell,16-inch,4GB
2,-1.15625,-0.40625,Dell,14-inch,4GB,Dell,16-inch,8GB
2,-0.84375,-0.59375,Dell,14-inch,4GB,Dell,16-inch,16GB
2,-1.421875,-0.296875,Dell,14-inch,4GB,Apple,13-inch,4GB
2,-1.421875,-0.30078125,Dell,14-inch,4GB,Apple,13-inch,8GB
2,-1.2421875,-0.3671875,Dell,14-inch,4GB,Apple,13-inch,16GB
2,-1.2421875,-0.365234375,Dell,14-inch,4GB,Apple,14-inch,4GB
2,-1.328125,-0.33203125,Dell,14-inch,4GB,Apple,14-inch,8GB
2,-1.15625,-0.404296875,Dell,14-inch,4GB,Apple,14-inch,16GB
2,-1.5234375,-0.26953125,Dell,14-inch,4GB,Apple,16-inch,4GB
2,-1.4296875,-0.302734375,Dell,14-inch,4GB,Apple,16-inch,8GB
2,-1.078125,-0.451171875,Dell,14-inch,4GB,Apple,16-inch,16GB
2,-2.140625,-0.1337890625,Dell,14-inch,8GB,ASUS,13-inch,4GB
2,-2.25,-0.1201171875,Dell,14-inch,8GB,ASUS,13-inch,8GB
2,-2.25,-0.12109375,Dell,14-inch,8GB,ASUS,13-inch,16GB
2,-2.140625,-0.1337890625,Dell,14-inch,8GB,ASUS,14-inch,4GB
2,-2.359375,-0.1064453125,Dell,14-inch,8GB,ASUS,14-inch,8GB
2,-2.25,-0.1201171875,Dell,14-inch,8GB,ASUS,14-inch,16GB
2,-2.359375,-0.107421875,Dell,14-inch,8GB,ASUS,16-inch,4GB
2,-2.578125,-0.08544921875,Dell,14-inch,8GB,ASUS,16-inch,8GB
2,-2.359375,-0.10791015625,Dell,14-inch,8GB,ASUS,16-inch,16GB
2,-1.921875,-0.1689453125,Dell,14-inch,8GB,Lenovo,13-inch,4GB
2,-2.03125,-0.1513671875,Dell,14-inch,8GB,Lenovo,13-inch,8GB
2,-1.921875,-0.169921875,Dell,14-inch,8GB,Lenovo,13-inch,16GB
2,-1.8125,-0.1875,Dell,14-inch,8GB,Lenovo,14-inch,4GB
2,-2.03125,-0.150390625,Dell,14-inch,8GB,Lenovo,14-inch,8GB
2,-1.921875,-0.1689453125,Dell,14-inch,8GB,Lenovo,14-inch,16GB
2,-2.03125,-0.1513671875,Dell,14-inch,8GB,Lenovo,16-inch,4GB
2,-2.140625,-0.1357421875,Dell,14-inch,8GB,Lenovo,16-inch,8GB
2,-2.03125,-0.15234375,Dell,14-inch,8GB,Lenovo,16-inch,16GB
2,-2.03125,-0.150390625,Dell,14-inch,8GB,HP,13-inch,4GB
2,-2.140625,-0.134765625,Dell,14-inch,8GB,HP,13-inch,8GB
2,-1.921875,-0.169921875,Dell,14-inch,8GB,HP,13-inch,16GB
2,-1.921875,-0.16796875,Dell,14-inch,8GB,HP,14-inch,4GB
2,-2.140625,-0.134765625,Dell,14-inch,8GB,HP,14-inch,8GB
2,-1.921875,-0.1689453125,Dell,14-inch,8GB,HP,14-inch,16GB
2,-2.140625,-0.134765625,Dell,14-inch,8GB,HP,16-inch,4GB
2,-2.25,-0.12060546875,Dell,14-inch,8GB,HP,16-inch,8GB
2,-1.921875,-0.1708984375,Dell,14-inch,8GB,HP,16-inch,16GB
2,-1.7109375,-0.2099609375,Dell,14-inch,8GB,Dell,13-inch,4GB
2,-1.8125,-0.1884765625,Dell,14-inch,8GB,Dell,13-inch,8GB
2,-1.7109375,-0.2109375,Dell,14-inch,8GB,Dell,13-inch,16GB
2,-1.5078125,-0.259765625,Dell,14-inch,8GB,Dell,14-inch,4GB
2,-1.609375,-0.232421875,Dell,14-inch,8GB,Dell,14-inch,16GB
2,-1.921875,-0.1689453125,Dell,14-inch,8GB,Dell,16-inch,4GB
2,-2.03125,-0.150390625,Dell,14-inch,8GB,Dell,16-inch,8GB
2,-1.8125,-0.1904296875,Dell,14-inch,8GB,Dell,16-inch,16GB
2,-2.25,-0.1220703125,Dell,14-inch,8GB,Apple,13-inch,4GB
2,-2.25,-0.12109375,Dell,14-inch,8GB,Apple,13-inch,8GB
2,-2.25,-0.12255859375,Dell,14-inch,8GB,Apple,13-inch,16GB
2,-2.25,-0.12060546875,Dell,14-inch,8GB,Apple,14-inch,4GB
2,-2.140625,-0.134765625,Dell,14-inch,8GB,Apple,14-inch,8GB
2,-2.140625,-0.1337890625,Dell,14-inch,8GB,Apple,14-inch,16GB
2,-2.359375,-0.1083984375,Dell,14-inch,8GB,Apple,16-inch,4GB
2,-2.46875,-0.09716796875,Dell,14-inch,8GB,Apple,16-inch,8GB
2,-2.359375,-0.1103515625,Dell,14-inch,8GB,Apple,16-inch,16GB
2,-1.234375,-0.359375,Dell,14-inch,16GB,ASUS,13-inch,4GB
2,-1.3203125,-0.32421875,Dell,14-inch,16GB,ASUS,13-inch,8GB
2,-1.921875,-0.1708984375,Dell,14-inch,16GB,ASUS,13-inch,16GB
2,-1.515625,-0.263671875,Dell,14-inch,16GB,ASUS,14-inch,4GB
2,-1.5078125,-0.26171875,Dell,14-inch,16GB,ASUS,14-inch,8GB
2,-1.921875,-0.1708984375,Dell,14-inch,16GB,ASUS,14-inch,16GB
2,-1.609375,-0.2373046875,Dell,14-inch,16GB,ASUS,16-inch,4GB
2,-1.609375,-0.2353515625,Dell,14-inch,16GB,ASUS,16-inch,8GB
2,-1.921875,-0.171875,Dell,14-inch,16GB,ASUS,16-inch,16GB
2,-1.0625,-0.439453125,Dell,14-inch,16GB,Lenovo,13-inch,4GB
2,-1.328125,-0.326171875,Dell,14-inch,16GB,Lenovo,13-inch,8GB
2,-1.515625,-0.265625,Dell,14-inch,16GB,Lenovo,13-inch,16GB
2,-1.421875,-0.29296875,Dell,14-inch,16GB,Lenovo,14-inch,4GB
2,-1.515625,-0.263671875,Dell,14-inch,16GB,Lenovo,14-inch,8GB
2,-1.421875,-0.298828125,Dell,14-inch,16GB,Lenovo,14-inch,16GB
2,-1.421875,-0.29296875,Dell,14-inch,16GB,Lenovo,16-inch,4GB
2,-1.515625,-0.263671875,Dell,14-inch,16GB,Lenovo,16-inch,8GB
2,-1.515625,-0.26953125,Dell,14-inch,16GB,Lenovo,16-inch,16GB
2,-1.1484375,-0.3984375,Dell,14-inch,16GB,HP,13-inch,4GB
2,-1.515625,-0.265625,Dell,14-inch,16GB,HP,13-inch,8GB
2,-1.6171875,-0.23828125,Dell,14-inch,16GB,HP,13-inch,16GB
2,-1.515625,-0.263671875,Dell,14-inch,16GB,HP,14-inch,4GB
2,-1.515625,-0.263671875,Dell,14-inch,16GB,HP,14-inch,8GB
2,-1.515625,-0.265625,Dell,14-inch,16GB,HP,14-inch,16GB
2,-1.7109375,-0.212890625,Dell,14-inch,16GB,HP,16-inch,4GB
2,-1.609375,-0.2373046875,Dell,14-inch,16GB,HP,16-inch,8GB
2,-1.71875,-0.216796875,Dell,14-inch,16GB,HP,16-inch,16GB
2,-0.98828125,-0.48828125,Dell,14-inch,16GB,Dell,13-inch,4GB
2,-1.515625,-0.263671875,Dell,14-inch,16GB,Dell,13-inch,8GB
2,-1.234375,-0.36328125,Dell,14-inch,16GB,Dell,13-inch,16GB
2,-1.1484375,-0.400390625,Dell,14-inch,16GB,Dell,14-inch,4GB
2,-1.3203125,-0.32421875,Dell,14-inch,16GB,Dell,14-inch,8GB
2,-1.234375,-0.361328125,Dell,14-inch,16GB,Dell,16-inch,4GB
2,-1.3203125,-0.32421875,Dell,14-inch,16GB,Dell,16-inch,8GB
2,-1.515625,-0.263671875,Dell,14-inch,16GB,Dell,16-inch,16GB
2,-1.328125,-0.328125,Dell,14-inch,16GB,Apple,13-inch,4GB
2,-1.6171875,-0.240234375,Dell,14-inch,16GB,Apple,13-inch,8GB
2,-1.515625,-0.267578125,Dell,14-inch,16GB,Apple,13-inch,16GB
2,-1.421875,-0.294921875,Dell,14-inch,16GB,Apple,14-inch,4GB
2,-1.328125,-0.330078125,Dell,14-inch,16GB,Apple,14-inch,8GB
2,-1.421875,-0.296875,Dell,14-inch,16GB,Apple,14-inch,16GB
2,-1.6171875,-0.23828125,Dell,14-inch,16GB,Apple,16-inch,4GB
2,-1.421875,-0.296875,Dell,14-inch,16GB,Apple,16-inch,8GB
2,-1.515625,-0.267578125,Dell,14-inch,16GB,Apple,16-inch,16GB
2,-1.515625,-0.265625,Dell,16-inch,4GB,ASUS,13-inch,4GB
2,-1.71875,-0.2158203125,Dell,16-inch,4GB,ASUS,13-inch,8GB
2,-1.8203125,-0.1923828125,Dell,16-inch,4GB,ASUS,13-inch,16GB
2,-1.421875,-0.296875,Dell,16-inch,4GB,ASUS,14-inch,4GB
2,-1.6171875,-0.2421875,Dell,16-inch,4GB,ASUS,14-inch,8GB
2,-1.515625,-0.265625,Dell,16-inch,4GB,ASUS,14-inch,16GB
2,-1.515625,-0.267578125,Dell,16-inch,4GB,ASUS,16-inch,4GB
2,-1.421875,-0.294921875,Dell,16-inch,4GB,ASUS,16-inch,8GB
2,-2.140625,-0.138671875,Dell,16-inch,4GB,ASUS,16-inch,16GB
2,-1.328125,-0.330078125,Dell,16-inch,4GB,Lenovo,13-inch,4GB
2,-1.328125,-0.330078125,Dell,16-inch,4GB,Lenovo,13-inch,8GB
2,-1.515625,-0.267578125,Dell,16-inch,4GB,Lenovo,13-inch,16GB
2,-1.2421875,-0.3671875,Dell,16-inch,4GB,Lenovo,14-inch,4GB
2,-1.3359375,-0.33203125,Dell,16-inch,4GB,Lenovo,14-inch,8GB
2,-1.328125,-0.326171875,Dell,16-inch,4GB,Lenovo,14-inch,16GB
2,-1.0703125,-0.447265625,Dell,16-inch,4GB,Lenovo,16-inch,4GB
2,-1.2421875,-0.36328125,Dell,16-inch,4GB,Lenovo,16-inch,8GB
2,-1.6171875,-0.240234375,Dell,16-inch,4GB,Lenovo,16-inch,16GB
2,-1.328125,-0.330078125,Dell,16-inch,4GB,HP,13-inch,4GB
2,-1.515625,-0.26953125,Dell,16-inch,4GB,HP,13-inch,8GB
2,-1.6171875,-0.2412109375,Dell,16-inch,4GB,HP,13-inch,16GB
2,-1.328125,-0.330078125,Dell,16-inch,4GB,HP,14-inch,4GB
2,-1.421875,-0.30078125,Dell,16-inch,4GB,HP,14-inch,8GB
2,-1.421875,-0.296875,Dell,16-inch,4GB,HP,14-inch,16GB
2,-1.328125,-0.33203125,Dell,16-inch,4GB,HP,16-inch,4GB
2,-1.421875,-0.298828125,Dell,16-inch,4GB,HP,16-inch,8GB
2,-1.8203125,-0.1953125,Dell,16-inch,4GB,HP,16-inch,16GB
2,-1.328125,-0.328125,Dell,16-inch,4GB,Dell,13-inch,4GB
2,-1.421875,-0.296875,Dell,16-inch,4GB,Dell,13-inch,8GB
2,-1.515625,-0.267578125,Dell,16-inch,4GB,Dell,13-inch,16GB
2,-1.2421875,-0.365234375,Dell,16-inch,4GB,Dell,14-inch,4GB
2,-1.2421875,-0.369140625,Dell,16-inch,4GB,Dell,14-inch,8GB
2,-1.328125,-0.330078125,Dell,16-inch,4GB,Dell,14-inch,16GB
2,-0.9921875,-0.4921875,Dell,16-inch,4GB,Dell,16-inch,8GB
2,-1.2421875,-0.365234375,Dell,16-inch,4GB,Dell,16-inch,16GB
2,-1.421875,-0.298828125,Dell,16-inch,4GB,Apple,13-inch,4GB
2,-1.5234375,-0.271484375,Dell,16-inch,4GB,Apple,13-inch,8GB
2,-1.71875,-0.216796875,Dell,16-inch,4GB,Apple,13-inch,16GB
2,-1.328125,-0.33203125,Dell,16-inch,4GB,Apple,14-inch,4GB
2,-1.4296875,-0.302734375,Dell,16-inch,4GB,Apple,14-inch,8GB
2,-1.421875,-0.296875,Dell,16-inch,4GB,Apple,14-inch,16GB
2,-1.3359375,-0.33203125,Dell,16-inch,4GB,Apple,16-inch,4GB
2,-1.328125,-0.330078125,Dell,16-inch,4GB,Apple,16-inch,8GB
2,-2.03125,-0.15625,Dell,16-inch,4GB,Apple,16-inch,16GB
2,-2.03125,-0.150390625,Dell,16-inch,8GB,ASUS,13-inch,4GB
2,-2.140625,-0.134765625,Dell,16-inch,8GB,ASUS,13-inch,8GB
2,-2.578125,-0.08544921875,Dell,16-inch,8GB,ASUS,13-inch,16GB
2,-1.921875,-0.16796875,Dell,16-inch,8GB,ASUS,14-inch,4GB
2,-2.140625,-0.134765625,Dell,16-inch,8GB,ASUS,14-inch,8GB
2,-2.359375,-0.1064453125,Dell,16-inch,8GB,ASUS,14-inch,16GB
2,-2.8125,-0.06787109375,Dell,16-inch,8GB,ASUS,16-inch,4GB
2,-2.9375,-0.060302734375,Dell,16-inch,8GB,ASUS,16-inch,8GB
2,-2.8125,-0.06689453125,Dell,16-inch,8GB,ASUS,16-inch,16GB
2,-1.8125,-0.189453125,Dell,16-inch,8GB,Lenovo,13-inch,4GB
2,-1.921875,-0.1689453125,Dell,16-inch,8GB,Lenovo,13-inch,8GB
2,-2.25,-0.12109375,Dell,16-inch,8GB,Lenovo,13-inch,16GB
2,-1.7109375,-0.2099609375,Dell,16-inch,8GB,Lenovo,14-inch,4GB
2,-1.921875,-0.1689453125,Dell,16-inch,8GB,Lenovo,14-inch,8GB
2,-2.140625,-0.1357421875,Dell,16-inch,8GB,Lenovo,14-inch,16GB
2,-2.359375,-0.10693359375,Dell,16-inch,8GB,Lenovo,16-inch,4GB
2,-2.46875,-0.095703125,Dell,16-inch,8GB,Lenovo,16-inch,8GB
2,-2.359375,-0.10595703125,Dell,16-inch,8GB,Lenovo,16-inch,16GB
2,-1.8125,-0.1875,Dell,16-inch,8GB,HP,13-inch,4GB
2,-2.03125,-0.1513671875,Dell,16-inch,8GB,HP,13-inch,8GB
2,-2.359375,-0.107421875,Dell,16-inch,8GB,HP,13-inch,16GB
2,-1.7109375,-0.2099609375,Dell,16-inch,8GB,HP,14-inch,4GB
2,-1.921875,-0.1689453125,Dell,16-inch,8GB,HP,14-inch,8GB
2,-2.140625,-0.134765625,Dell,16-inch,8GB,HP,14-inch,16GB
2,-2.578125,-0.0859375,Dell,16-inch,8GB,HP,16-inch,4GB
2,-2.703125,-0.076171875,Dell,16-inch,8GB,HP,16-inch,8GB
2,-2.46875,-0.0947265625,Dell,16-inch,8GB,HP,16-inch,16GB
2,-1.7109375,-0.2099609375,Dell,16-inch,8GB,Dell,13-inch,4GB
2,-1.921875,-0.16796875,Dell,16-inch,8GB,Dell,13-inch,8GB
2,-2.03125,-0.150390625,Dell,16-inch,8GB,Dell,13-inch,16GB
2,-1.609375,-0.234375,Dell,16-inch,8GB,Dell,14-inch,4GB
2,-1.921875,-0.16796875,Dell,16-inch,8GB,Dell,14-inch,8GB
2,-2.03125,-0.150390625,Dell,16-inch,8GB,Dell,14-inch,16GB
2,-2.03125,-0.150390625,Dell,16-inch,8GB,Dell,16-inch,4GB
2,-2.25,-0.1181640625,Dell,16-inch,8GB,Dell,16-inch,16GB
2,-2.140625,-0.1357421875,Dell,16-inch,8GB,Apple,13-inch,4GB
2,-2.140625,-0.1357421875,Dell,16-inch,8GB,Apple,13-inch,8GB
2,-2.359375,-0.10791015625,Dell,16-inch,8GB,Apple,13-inch,16GB
2,-2.140625,-0.1357421875,Dell,16-inch,8GB,Apple,14-inch,4GB
2,-2.140625,-0.1357421875,Dell,16-inch,8GB,Apple,14-inch,8GB
2,-2.46875,-0.09619140625,Dell,16-inch,8GB,Apple,14-inch,16GB
2,-2.8125,-0.06884765625,Dell,16-inch,8GB,Apple,16-inch,4GB
2,-2.703125,-0.07568359375,Dell,16-inch,8GB,Apple,16-inch,8GB
2,-2.46875,-0.09375,Dell,16-inch,8GB,Apple,16-inch,16GB
2,-2.25,-0.1220703125,Dell,16-inch,16GB,ASUS,13-inch,4GB
2,-2.140625,-0.1357421875,Dell,16-inch,16GB,ASUS,13-inch,8GB
2,-2.703125,-0.080078125,Dell,16-inch,16GB,ASUS,13-inch,16GB
2,-1.609375,-0.2353515625,Dell,16-inch,16GB,ASUS,14-inch,4GB
2,-1.921875,-0.1708984375,Dell,16-inch,16GB,ASUS,14-inch,8GB
2,-2.03125,-0.1533203125,Dell,16-inch,16GB,ASUS,14-inch,16GB
2,-2.03125,-0.1513671875,Dell,16-inch,16GB,ASUS,16-inch,4GB
2,-2.03125,-0.1513671875,Dell,16-inch,16GB,ASUS,16-inch,8GB
2,-2.03125,-0.15234375,Dell,16-inch,16GB,ASUS,16-inch,16GB
2,-2.140625,-0.1376953125,Dell,16-inch,16GB,Lenovo,13-inch,4GB
2,-2.140625,-0.1376953125,Dell,16-inch,16GB,Lenovo,13-inch,8GB
2,-2.46875,-0.10107421875,Dell,16-inch,16GB,Lenovo,13-inch,16GB
2,-1.4140625,-0.291015625,Dell,16-inch,16GB,Lenovo,14-inch,4GB
2,-1.8125,-0.189453125,Dell,16-inch,16GB,Lenovo,14-inch,8GB
2,-1.609375,-0.236328125,Dell,16-inch,16GB,Lenovo,14-inch,16GB
2,-1.921875,-0.1708984375,Dell,16-inch,16GB,Lenovo,16-inch,4GB
2,-2.03125,-0.1533203125,Dell,16-inch,16GB,Lenovo,16-inch,8GB
2,-1.515625,-0.267578125,Dell,16-inch,16GB,Lenovo,16-inch,16GB
2,-1.921875,-0.171875,Dell,16-inch,16GB,HP,13-inch,4GB
2,-2.03125,-0.1552734375,Dell,16-inch,16GB,HP,13-inch,8GB
2,-2.25,-0.1240234375,Dell,16-inch,16GB,HP,13-inch,16GB
2,-1.8125,-0.189453125,Dell,16-inch,16GB,HP,14-inch,4GB
2,-2.140625,-0.1396484375,Dell,16-inch,16GB,HP,14-inch,8GB
2,-2.140625,-0.1376953125,Dell,16-inch,16GB,HP,14-inch,16GB
2,-2.140625,-0.13671875,Dell,16-inch,16GB,HP,16-inch,4GB
2,-2.140625,-0.1357421875,Dell,16-inch,16GB,HP,16-inch,8GB
2,-1.8203125,-0.1923828125,Dell,16-inch,16GB,HP,16-inch,16GB
2,-2.359375,-0.11328125,Dell,16-inch,16GB,Dell,13-inch,4GB
2,-2.359375,-0.11279296875,Dell,16-inch,16GB,Dell,13-inch,8GB
2,-2.25,-0.1298828125,Dell,16-inch,16GB,Dell,13-inch,16GB
2,-2.140625,-0.1396484375,Dell,16-inch,16GB,Dell,14-inch,4GB
2,-2.359375,-0.1123046875,Dell,16-inch,16GB,Dell,14-inch,8GB
2,-2.140625,-0.142578125,Dell,16-inch,16GB,Dell,14-inch,16GB
2,-1.8125,-0.189453125,Dell,16-inch,16GB,Dell,16-inch,4GB
2,-1.8125,-0.1875,Dell,16-inch,16GB,Dell,16-inch,8GB
2,-1.8203125,-0.19140625,Dell,16-inch,16GB,Apple,13-inch,4GB
2,-2.140625,-0.140625,Dell,16-inch,16GB,Apple,13-inch,8GB
2,-2.359375,-0.11279296875,Dell,16-inch,16GB,Apple,13-inch,16GB
2,-1.609375,-0.236328125,Dell,16-inch,16GB,Apple,14-inch,4GB
2,-2.03125,-0.15234375,Dell,16-inch,16GB,Apple,14-inch,8GB
2,-1.515625,-0.263671875,Dell,16-inch,16GB,Apple,14-inch,16GB
2,-1.7109375,-0.212890625,Dell,16-inch,16GB,Apple,16-inch,4GB
2,-1.8203125,-0.193359375,Dell,16-inch,16GB,Apple,16-inch,8GB
2,-1.6171875,-0.2392578125,Dell,16-inch,16GB,Apple,16-inch,16GB
2,-1.515625,-0.265625,Apple,13-inch,4GB,ASUS,13-inch,4GB
2,-1.328125,-0.328125,Apple,13-inch,4GB,ASUS,13-inch,8GB
2,-1.0703125,-0.4453125,Apple,13-inch,4GB,ASUS,13-inch,16GB
2,-1.921875,-0.1748046875,Apple,13-inch,4GB,ASUS,14-inch,4GB
2,-1.71875,-0.2177734375,Apple,13-inch,4GB,ASUS,14-inch,8GB
2,-1.15625,-0.404296875,Apple,13-inch,4GB,ASUS,14-inch,16GB
2,-1.8203125,-0.1943359375,Apple,13-inch,4GB,ASUS,16-inch,4GB
2,-1.6171875,-0.2431640625,Apple,13-inch,4GB,ASUS,16-inch,8GB
2,-0.9921875,-0.4921875,Apple,13-inch,4GB,ASUS,16-inch,16GB
2,-1.515625,-0.267578125,Apple,13-inch,4GB,Lenovo,13-inch,4GB
2,-1.328125,-0.328125,Apple,13-inch,4GB,Lenovo,13-inch,8GB
2,-0.9921875,-0.4921875,Apple,13-inch,4GB,Lenovo,13-inch,16GB
2,-1.6171875,-0.2412109375,Apple,13-inch,4GB,Lenovo,14-inch,4GB
2,-1.421875,-0.296875,Apple,13-inch,4GB,Lenovo,14-inch,8GB
2,-0.9921875,-0.494140625,Apple,13-inch,4GB,Lenovo,14-inch,16GB
2,-1.71875,-0.2197265625,Apple,13-inch,4GB,Lenovo,16-inch,4GB
2,-1.5234375,-0.271484375,Apple,13-inch,4GB,Lenovo,16-inch,8GB
2,-1.0703125,-0.447265625,Apple,13-inch,4GB,Lenovo,16-inch,16GB
2,-1.515625,-0.267578125,Apple,13-inch,4GB,HP,13-inch,4GB
2,-1.328125,-0.330078125,Apple,13-inch,4GB,HP,13-inch,8GB
2,-0.9140625,-0.5390625,Apple,13-inch,4GB,HP,13-inch,16GB
2,-1.71875,-0.216796875,Apple,13-inch,4GB,HP,14-inch,4GB
2,-1.5234375,-0.26953125,Apple,13-inch,4GB,HP,14-inch,8GB
2,-1.0703125,-0.447265625,Apple,13-inch,4GB,HP,14-inch,16GB
2,-1.921875,-0.17578125,Apple,13-inch,4GB,HP,16-inch,4GB
2,-1.6171875,-0.244140625,Apple,13-inch,4GB,HP,16-inch,8GB
2,-1.0703125,-0.447265625,Apple,13-inch,4GB,HP,16-inch,16GB
2,-1.421875,-0.296875,Apple,13-inch,4GB,Dell,13-inch,4GB
2,-1.421875,-0.298828125,Apple,13-inch,4GB,Dell,13-inch,8GB
2,-1.0703125,-0.447265625,Apple,13-inch,4GB,Dell,13-inch,16GB
2,-1.6171875,-0.2412109375,Apple,13-inch,4GB,Dell,14-inch,4GB
2,-1.6171875,-0.2431640625,Apple,13-inch,4GB,Dell,14-inch,8GB
2,-0.9921875,-0.4921875,Apple,13-inch,4GB,Dell,14-inch,16GB
2,-1.8203125,-0.1962890625,Apple,13-inch,4GB,Dell,16-inch,4GB
2,-1.71875,-0.21875,Apple,13-inch,4GB,Dell,16-inch,8GB
2,-0.9921875,-0.4921875,Apple,13-inch,4GB,Dell,16-inch,16GB
2,-1.3359375,-0.33203125,Apple,13-inch,4GB,Apple,13-inch,8GB
2,-0.84765625,-0.59765625,Apple,13-inch,4GB,Apple,13-inch,16GB
2,-1.4296875,-0.302734375,Apple,13-inch,4GB,Apple,14-inch,4GB
2,-1.25,-0.37109375,Apple,13-inch,4GB,Apple,14-inch,8GB
2,-0.921875,-0.546875,Apple,13-inch,4GB,Apple,14-inch,16GB
2,-1.6171875,-0.24609375,Apple,13-inch,4GB,Apple,16-inch,4GB
2,-1.4296875,-0.3046875,Apple,13-inch,4GB,Apple,16-inch,8GB
2,-0.921875,-0.546875,Apple,13-inch,4GB,Apple,16-inch,16GB
2,-2.03125,-0.150390625,Apple,13-inch,8GB,ASUS,13-inch,4GB
2,-2.359375,-0.10693359375,Apple,13-inch,8GB,ASUS,13-inch,8GB
2,-2.359375,-0.10888671875,Apple,13-inch,8GB,ASUS,13-inch,16GB
2,-2.03125,-0.1513671875,Apple,13-inch,8GB,ASUS,14-inch,4GB
2,-2.359375,-0.1083984375,Apple,13-inch,8GB,ASUS,14-inch,8GB
2,-2.25,-0.12158203125,Apple,13-inch,8GB,ASUS,14-inch,16GB
2,-2.46875,-0.0947265625,Apple,13-inch,8GB,ASUS,16-inch,4GB
2,-2.703125,-0.0751953125,Apple,13-inch,8GB,ASUS,16-inch,8GB
2,-2.46875,-0.09619140625,Apple,13-inch,8GB,ASUS,16-inch,16GB
2,-2.03125,-0.15234375,Apple,13-inch,8GB,Lenovo,13-inch,4GB
2,-2.359375,-0.109375,Apple,13-inch,8GB,Lenovo,13-inch,8GB
2,-2.25,-0.12353515625,Apple,13-inch,8GB,Lenovo,13-inch,16GB
2,-2.03125,-0.1513671875,Apple,13-inch,8GB,Lenovo,14-inch,4GB
2,-2.359375,-0.1083984375,Apple,13-inch,8GB,Lenovo,14-inch,8GB
2,-2.140625,-0.138671875,Apple,13-inch,8GB,Lenovo,14-inch,16GB
2,-2.359375,-0.10791015625,Apple,13-inch,8GB,Lenovo,16-inch,4GB
2,-2.46875,-0.09619140625,Apple,13-inch,8GB,Lenovo,16-inch,8GB
2,-2.25,-0.12158203125,Apple,13-inch,8GB,Lenovo,16-inch,16GB
2,-2.03125,-0.15234375,Apple,13-inch,8GB,HP,13-inch,4GB
2,-2.46875,-0.09716796875,Apple,13-inch,8GB,HP,13-inch,8GB
2,-2.140625,-0.13671875,Apple,13-inch,8GB,HP,13-inch,16GB
2,-2.03125,-0.1513671875,Apple,13-inch,8GB,HP,14-inch,4GB
2,-2.359375,-0.1083984375,Apple,13-inch,8GB,HP,14-inch,8GB
2,-2.03125,-0.1533203125,Apple,13-inch,8GB,HP,14-inch,16GB
2,-2.25,-0.1201171875,Apple,13-inch,8GB,HP,16-inch,4GB
2,-2.578125,-0.08544921875,Apple,13-inch,8GB,HP,16-inch,8GB
2,-2.359375,-0.109375,Apple,13-inch,8GB,HP,16-inch,16GB
2,-1.921875,-0.1689453125,Apple,13-inch,8GB,Dell,13-inch,4GB
2,-2.140625,-0.13671875,Apple,13-inch,8GB,Dell,13-inch,8GB
2,-2.140625,-0.1376953125,Apple,13-inch,8GB,Dell,13-inch,16GB
2,-1.921875,-0.1689453125,Apple,13-inch,8GB,Dell,14-inch,4GB
2,-2.140625,-0.13671875,Apple,13-inch,8GB,Dell,14-inch,8GB
2,-1.921875,-0.171875,Apple,13-inch,8GB,Dell,14-inch,16GB
2,-2.140625,-0.1337890625,Apple,13-inch,8GB,Dell,16-inch,4GB
2,-2.46875,-0.0966796875,Apple,13-inch,8GB,Dell,16-inch,8GB
2,-2.140625,-0.13671875,Apple,13-inch,8GB,Dell,16-inch,16GB
2,-1.8125,-0.1884765625,Apple,13-inch,8GB,Apple,13-inch,4GB
2,-1.921875,-0.169921875,Apple,13-inch,8GB,Apple,13-inch,16GB
2,-1.921875,-0.171875,Apple,13-inch,8GB,Apple,14-inch,4GB
2,-2.140625,-0.1376953125,Apple,13-inch,8GB,Apple,14-inch,8GB
2,-2.03125,-0.15625,Apple,13-inch,8GB,Apple,14-inch,16GB
2,-2.03125,-0.1533203125,Apple,13-inch,8GB,Apple,16-inch,4GB
2,-2.46875,-0.09716796875,Apple,13-inch,8GB,Apple,16-inch,8GB
2,-2.140625,-0.13671875,Apple,13-inch,8GB,Apple,16-inch,16GB
2,-1.9140625,-0.1669921875,Apple,13-inch,16GB,ASUS,13-inch,4GB
2,-1.7109375,-0.2099609375,Apple,13-inch,16GB,ASUS,13-inch,8GB
2,-1.921875,-0.1708984375,Apple,13-inch,16GB,ASUS,13-inch,16GB
2,-1.921875,-0.1689453125,Apple,13-inch,16GB,ASUS,14-inch,4GB
2,-1.7109375,-0.2109375,Apple,13-inch,16GB,ASUS,14-inch,8GB
2,-2.140625,-0.134765625,Apple,13-inch,16GB,ASUS,14-inch,16GB
2,-2.03125,-0.150390625,Apple,13-inch,16GB,ASUS,16-inch,4GB
2,-1.8125,-0.1884765625,Apple,13-inch,16GB,ASUS,16-inch,8GB
2,-2.140625,-0.134765625,Apple,13-inch,16GB,ASUS,16-inch,16GB
2,-1.921875,-0.169921875,Apple,13-inch,16GB,Lenovo,13-inch,4GB
2,-1.5078125,-0.26171875,Apple,13-inch,16GB,Lenovo,13-inch,8GB
2,-2.03125,-0.15625,Apple,13-inch,16GB,Lenovo,13-inch,16GB
2,-2.03125,-0.1513671875,Apple,13-inch,16GB,Lenovo,14-inch,4GB
2,-1.7109375,-0.2109375,Apple,13-inch,16GB,Lenovo,14-inch,8GB
2,-2.140625,-0.1376953125,Apple,13-inch,16GB,Lenovo,14-inch,16GB
2,-2.03125,-0.1533203125,Apple,13-inch,16GB,Lenovo,16-inch,4GB
2,-1.609375,-0.2353515625,Apple,13-inch,16GB,Lenovo,16-inch,8GB
2,-2.359375,-0.11083984375,Apple,13-inch,16GB,Lenovo,16-inch,16GB
2,-2.140625,-0.1357421875,Apple,13-inch,16GB,HP,13-inch,4GB
2,-1.5078125,-0.26171875,Apple,13-inch,16GB,HP,13-inch,8GB
2,-1.921875,-0.171875,Apple,13-inch,16GB,HP,13-inch,16GB
2,-2.140625,-0.1357421875,Apple,13-inch,16GB,HP,14-inch,4GB
2,-1.7109375,-0.212890625,Apple,13-inch,16GB,HP,14-inch,8GB
2,-2.25,-0.12255859375,Apple,13-inch,16GB,HP,14-inch,16GB
2,-2.140625,-0.1357421875,Apple,13-inch,16GB,HP,16-inch,4GB
2,-1.609375,-0.2353515625,Apple,13-inch,16GB,HP,16-inch,8GB
2,-2.25,-0.12353515625,Apple,13-inch,16GB,HP,16-inch,16GB
2,-1.8125,-0.189453125,Apple,13-inch,16GB,Dell,13-inch,4GB
2,-1.5078125,-0.259765625,Apple,13-inch,16GB,Dell,13-inch,8GB
2,-1.921875,-0.17578125,Apple,13-inch,16GB,Dell,13-inch,16GB
2,-1.921875,-0.1689453125,Apple,13-inch,16GB,Dell,14-inch,4GB
2,-1.609375,-0.23828125,Apple,13-inch,16GB,Dell,14-inch,8GB
2,-2.03125,-0.15234375,Apple,13-inch,16GB,Dell,14-inch,16GB
2,-2.140625,-0.1357421875,Apple,13-inch,16GB,Dell,16-inch,4GB
2,-1.609375,-0.234375,Apple,13-inch,16GB,Dell,16-inch,8GB
2,-2.03125,-0.1533203125,Apple,13-inch,16GB,Dell,16-inch,16GB
2,-1.515625,-0.265625,Apple,13-inch,16GB,Apple,13-inch,4GB
2,-1.515625,-0.263671875,Apple,13-inch,16GB,Apple,13-inch,8GB
2,-1.7109375,-0.2138671875,Apple,13-inch,16GB,Apple,14-inch,4GB
2,-1.609375,-0.2353515625,Apple,13-inch,16GB,Apple,14-inch,8GB
2,-1.71875,-0.2158203125,Apple,13-inch,16GB,Apple,14-inch,16GB
2,-2.25,-0.123046875,Apple,13-inch,16GB,Apple,16-inch,4GB
2,-1.921875,-0.1689453125,Apple,13-inch,16GB,Apple,16-inch,8GB
2,-2.46875,-0.09814453125,Apple,13-inch,16GB,Apple,16-inch,16GB
2,-1.7109375,-0.2109375,Apple,14-inch,4GB,ASUS,13-inch,4GB
2,-1.515625,-0.263671875,Apple,14-inch,4GB,ASUS,13-inch,8GB
2,-1.1484375,-0.3984375,Apple,14-inch,4GB,ASUS,13-inch,16GB
2,-1.1484375,-0.3984375,Apple,14-inch,4GB,ASUS,14-inch,4GB
2,-1.1484375,-0.3984375,Apple,14-inch,4GB,ASUS,14-inch,8GB
2,-0.8359375,-0.5859375,Apple,14-inch,4GB,ASUS,14-inch,16GB
2,-1.7109375,-0.212890625,Apple,14-inch,4GB,ASUS,16-inch,4GB
2,-1.515625,-0.263671875,Apple,14-inch,4GB,ASUS,16-inch,8GB
2,-0.984375,-0.486328125,Apple,14-inch,4GB,ASUS,16-inch,16GB
2,-1.4140625,-0.29296875,Apple,14-inch,4GB,Lenovo,13-inch,4GB
2,-1.1484375,-0.400390625,Apple,14-inch,4GB,Lenovo,13-inch,8GB
2,-0.98828125,-0.48828125,Apple,14-inch,4GB,Lenovo,13-inch,16GB
2,-0.91015625,-0.53515625,Apple,14-inch,4GB,Lenovo,14-inch,4GB
2,-0.91015625,-0.53515625,Apple,14-inch,4GB,Lenovo,14-inch,8GB
2,-0.703125,-0.703125,Apple,14-inch,4GB,Lenovo,14-inch,16GB
2,-1.421875,-0.294921875,Apple,14-inch,4GB,Lenovo,16-inch,4GB
2,-1.15625,-0.40234375,Apple,14-inch,4GB,Lenovo,16-inch,8GB
2,-0.83984375,-0.58984375,Apple,14-inch,4GB,Lenovo,16-inch,16GB
2,-1.515625,-0.263671875,Apple,14-inch,4GB,HP,13-inch,4GB
2,-1.328125,-0.328125,Apple,14-inch,4GB,HP,13-inch,8GB
2,-0.98828125,-0.48828125,Apple,14-inch,4GB,HP,13-inch,16GB
2,-0.984375,-0.486328125,Apple,14-inch,4GB,HP,14-inch,4GB
2,-0.91015625,-0.53515625,Apple,14-inch,4GB,HP,14-inch,8GB
2,-0.703125,-0.703125,Apple,14-inch,4GB,HP,14-inch,16GB
2,-1.515625,-0.265625,Apple,14-inch,4GB,HP,16-inch,4GB
2,-1.2421875,-0.36328125,Apple,14-inch,4GB,HP,16-inch,8GB
2,-0.91015625,-0.53515625,Apple,14-inch,4GB,HP,16-inch,16GB
2,-1.515625,-0.263671875,Apple,14-inch,4GB,Dell,13-inch,4GB
2,-1.421875,-0.294921875,Apple,14-inch,4GB,Dell,13-inch,8GB
2,-0.98828125,-0.48828125,Apple,14-inch,4GB,Dell,13-inch,16GB
2,-0.91015625,-0.53515625,Apple,14-inch,4GB,Dell,14-inch,4GB
2,-1.0625,-0.44140625,Apple,14-inch,4GB,Dell,14-inch,8GB
2,-0.76953125,-0.64453125,Apple,14-inch,4GB,Dell,14-inch,16GB
2,-1.421875,-0.294921875,Apple,14-inch,4GB,Dell,16-inch,4GB
2,-1.2421875,-0.365234375,Apple,14-inch,4GB,Dell,16-inch,8GB
2,-0.9140625,-0.5390625,Apple,14-inch,4GB,Dell,16-inch,16GB
2,-1.421875,-0.296875,Apple,14-inch,4GB,Apple,13-inch,4GB
2,-1.328125,-0.328125,Apple,14-inch,4GB,Apple,13-inch,8GB
2,-0.98828125,-0.48828125,Apple,14-inch,4GB,Apple,13-inch,16GB
2,-0.84375,-0.59375,Apple,14-inch,4GB,Apple,14-inch,8GB
2,-0.6484375,-0.7734375,Apple,14-inch,4GB,Apple,14-inch,16GB
2,-1.328125,-0.330078125,Apple,14-inch,4GB,Apple,16-inch,4GB
2,-1.0703125,-0.447265625,Apple,14-inch,4GB,Apple,16-inch,8GB
2,-0.84375,-0.59375,Apple,14-inch,4GB,Apple,16-inch,16GB
2,-2.25,-0.1181640625,Apple,14-inch,8GB,ASUS,13-inch,4GB
2,-2.359375,-0.1064453125,Apple,14-inch,8GB,ASUS,13-inch,8GB
2,-2.359375,-0.1064453125,Apple,14-inch,8GB,ASUS,13-inch,16GB
2,-1.8125,-0.1865234375,Apple,14-inch,8GB,ASUS,14-inch,4GB
2,-1.8125,-0.1865234375,Apple,14-inch,8GB,ASUS,14-inch,8GB
2,-2.03125,-0.1494140625,Apple,14-inch,8GB,ASUS,14-inch,16GB
2,-2.46875,-0.0947265625,Apple,14-inch,8GB,ASUS,16-inch,4GB
2,-2.578125,-0.083984375,Apple,14-inch,8GB,ASUS,16-inch,8GB
2,-2.25,-0.11962890625,Apple,14-inch,8GB,ASUS,16-inch,16GB
2,-2.03125,-0.1494140625,Apple,14-inch,8GB,Lenovo,13-inch,4GB
2,-2.140625,-0.134765625,Apple,14-inch,8GB,Lenovo,13-inch,8GB
2,-2.140625,-0.134765625,Apple,14-inch,8GB,Lenovo,13-inch,16GB
2,-1.609375,-0.2333984375,Apple,14-inch,8GB,Lenovo,14-inch,4GB
2,-1.609375,-0.2333984375,Apple,14-inch,8GB,Lenovo,14-inch,8GB
2,-1.8125,-0.1884765625,Apple,14-inch,8GB,Lenovo,14-inch,16GB
2,-2.25,-0.11962890625,Apple,14-inch,8GB,Lenovo,16-inch,4GB
2,-2.25,-0.119140625,Apple,14-inch,8GB,Lenovo,16-inch,8GB
2,-2.03125,-0.150390625,Apple,14-inch,8GB,Lenovo,16-inch,16GB
2,-2.140625,-0.1328125,Apple,14-inch,8GB,HP,13-inch,4GB
2,-2.140625,-0.1337890625,Apple,14-inch,8GB,HP,13-inch,8GB
2,-2.03125,-0.150390625,Apple,14-inch,8GB,HP,13-inch,16GB
2,-1.7109375,-0.208984375,Apple,14-inch,8GB,HP,14-inch,4GB
2,-1.8125,-0.1875,Apple,14-inch,8GB,HP,14-inch,8GB
2,-1.8125,-0.1875,Apple,14-inch,8GB,HP,14-inch,16GB
2,-2.25,-0.11962890625,Apple,14-inch,8GB,HP,16-inch,4GB
2,-2.25,-0.119140625,Apple,14-inch,8GB,HP,16-inch,8GB
2,-2.03125,-0.150390625,Apple,14-inch,8GB,HP,16-inch,16GB
2,-2.140625,-0.1337890625,Apple,14-inch,8GB,Dell,13-inch,4GB
2,-2.03125,-0.1513671875,Apple,14-inch,8GB,Dell,13-inch,8GB
2,-2.140625,-0.1337890625,Apple,14-inch,8GB,Dell,13-inch,16GB
2,-1.609375,-0.232421875,Apple,14-inch,8GB,Dell,14-inch,4GB
2,-1.7109375,-0.2099609375,Apple,14-inch,8GB,Dell,14-inch,8GB
2,-1.7109375,-0.2099609375,Apple,14-inch,8GB,Dell,14-inch,16GB
2,-2.140625,-0.1337890625,Apple,14-inch,8GB,Dell,16-inch,4GB
2,-2.25,-0.1201171875,Apple,14-inch,8GB,Dell,16-inch,8GB
2,-1.921875,-0.16796875,Apple,14-inch,8GB,Dell,16-inch,16GB
2,-2.03125,-0.150390625,Apple,14-inch,8GB,Apple,13-inch,4GB
2,-2.03125,-0.1513671875,Apple,14-inch,8GB,Apple,13-inch,8GB
2,-2.140625,-0.1357421875,Apple,14-inch,8GB,Apple,13-inch,16GB
2,-2.8125,-0.06787109375,Apple,14-inch,8GB,Apple,14-inch,4GB
2,-2.140625,-0.1337890625,Apple,14-inch,8GB,Apple,14-inch,16GB
2,-2.25,-0.1201171875,Apple,14-inch,8GB,Apple,16-inch,4GB
2,-2.25,-0.1201171875,Apple,14-inch,8GB,Apple,16-inch,8GB
2,-2.140625,-0.134765625,Apple,14-inch,8GB,Apple,16-inch,16GB
2,-1.9140625,-0.1669921875,Apple,14-inch,16GB,ASUS,13-inch,4GB
2,-1.7109375,-0.208984375,Apple,14-inch,16GB,ASUS,13-inch,8GB
2,-2.25,-0.11865234375,Apple,14-inch,16GB,ASUS,13-inch,16GB
2,-1.7109375,-0.2080078125,Apple,14-inch,16GB,ASUS,14-inch,4GB
2,-1.609375,-0.232421875,Apple,14-inch,16GB,ASUS,14-inch,8GB
2,-1.7109375,-0.208984375,Apple,14-inch,16GB,ASUS,14-inch,16GB
2,-2.03125,-0.1494140625,Apple,14-inch,16GB,ASUS,16-inch,4GB
2,-2.03125,-0.1494140625,Apple,14-inch,16GB,ASUS,16-inch,8GB
2,-2.03125,-0.1494140625,Apple,14-inch,16GB,ASUS,16-inch,16GB
2,-2.03125,-0.150390625,Apple,14-inch,16GB,Lenovo,13-inch,4GB
2,-1.7109375,-0.2099609375,Apple,14-inch,16GB,Lenovo,13-inch,8GB
2,-2.140625,-0.134765625,Apple,14-inch,16GB,Lenovo,13-inch,16GB
2,-1.921875,-0.16796875,Apple,14-inch,16GB,Lenovo,14-inch,4GB
2,-1.5078125,-0.259765625,Apple,14-inch,16GB,Lenovo,14-inch,8GB
2,-1.8125,-0.189453125,Apple,14-inch,16GB,Lenovo,14-inch,16GB
2,-2.03125,-0.150390625,Apple,14-inch,16GB,Lenovo,16-inch,4GB
2,-1.9140625,-0.16796875,Apple,14-inch,16GB,Lenovo,16-inch,8GB
2,-2.140625,-0.134765625,Apple,14-inch,16GB,Lenovo,16-inch,16GB
2,-1.921875,-0.16796875,Apple,14-inch,16GB,HP,13-inch,4GB
2,-1.7109375,-0.2109375,Apple,14-inch,16GB,HP,13-inch,8GB
2,-1.921875,-0.16796875,Apple,14-inch,16GB,HP,13-inch,16GB
2,-1.921875,-0.16796875,Apple,14-inch,16GB,HP,14-inch,4GB
2,-1.5078125,-0.259765625,Apple,14-inch,16GB,HP,14-inch,8GB
2,-1.8125,-0.1884765625,Apple,14-inch,16GB,HP,14-inch,16GB
2,-2.140625,-0.1337890625,Apple,14-inch,16GB,HP,16-inch,4GB
2,-1.7109375,-0.208984375,Apple,14-inch,16GB,HP,16-inch,8GB
2,-2.25,-0.1201171875,Apple,14-inch,16GB,HP,16-inch,16GB
2,-1.8125,-0.1875,Apple,14-inch,16GB,Dell,13-inch,4GB
2,-1.7109375,-0.2099609375,Apple,14-inch,16GB,Dell,13-inch,8GB
2,-1.8125,-0.1884765625,Apple,14-inch,16GB,Dell,13-inch,16GB
2,-1.8125,-0.1875,Apple,14-inch,16GB,Dell,14-inch,4GB
2,-1.5078125,-0.259765625,Apple,14-inch,16GB,Dell,14-inch,8GB
2,-1.7109375,-0.2109375,Apple,14-inch,16GB,Dell,14-inch,16GB
2,-2.03125,-0.1494140625,Apple,14-inch,16GB,Dell,16-inch,4GB
2,-1.921875,-0.16796875,Apple,14-inch,16GB,Dell,16-inch,8GB
2,-2.140625,-0.134765625,Apple,14-inch,16GB,Dell,16-inch,16GB
2,-1.7109375,-0.2119140625,Apple,14-inch,16GB,Apple,13-inch,4GB
2,-1.7109375,-0.2099609375,Apple,14-inch,16GB,Apple,13-inch,8GB
2,-1.8125,-0.189453125,Apple,14-inch,16GB,Apple,13-inch,16GB
2,-1.7109375,-0.2119140625,Apple,14-inch,16GB,Apple,14-inch,4GB
2,-1.3203125,-0.322265625,Apple,14-inch,16GB,Apple,14-inch,8GB
2,-2.03125,-0.15234375,Apple,14-inch,16GB,Apple,16-inch,4GB
2,-1.8125,-0.1884765625,Apple,14-inch,16GB,Apple,16-inch,8GB
2,-2.25,-0.12109375,Apple,14-inch,16GB,Apple,16-inch,16GB
2,-1.8125,-0.189453125,Apple,16-inch,4GB,ASUS,13-inch,4GB
2,-1.8125,-0.189453125,Apple,16-inch,4GB,ASUS,13-inch,8GB
2,-1.515625,-0.263671875,Apple,16-inch,4GB,ASUS,13-inch,16GB
2,-1.609375,-0.236328125,Apple,16-inch,4GB,ASUS,14-inch,4GB
2,-1.5078125,-0.26171875,Apple,16-inch,4GB,ASUS,14-inch,8GB
2,-1.4140625,-0.29296875,Apple,16-inch,4GB,ASUS,14-inch,16GB
2,-1.515625,-0.26171875,Apple,16-inch,4GB,ASUS,16-inch,4GB
2,-1.328125,-0.32421875,Apple,16-inch,4GB,ASUS,16-inch,8GB
2,-1.1484375,-0.396484375,Apple,16-inch,4GB,ASUS,16-inch,16GB
2,-1.609375,-0.2373046875,Apple,16-inch,4GB,Lenovo,13-inch,4GB
2,-1.515625,-0.263671875,Apple,16-inch,4GB,Lenovo,13-inch,8GB
2,-1.421875,-0.294921875,Apple,16-inch,4GB,Lenovo,13-inch,16GB
2,-1.4140625,-0.29296875,Apple,16-inch,4GB,Lenovo,14-inch,4GB
2,-1.234375,-0.359375,Apple,16-inch,4GB,Lenovo,14-inch,8GB
2,-1.328125,-0.32421875,Apple,16-inch,4GB,Lenovo,14-inch,16GB
2,-1.1484375,-0.3984375,Apple,16-inch,4GB,Lenovo,16-inch,4GB
2,-1.0625,-0.439453125,Apple,16-inch,4GB,Lenovo,16-inch,8GB
2,-0.91015625,-0.53515625,Apple,16-inch,4GB,Lenovo,16-inch,16GB
2,-1.515625,-0.263671875,Apple,16-inch,4GB,HP,13-inch,4GB
2,-1.609375,-0.236328125,Apple,16-inch,4GB,HP,13-inch,8GB
2,-1.421875,-0.294921875,Apple,16-inch,4GB,HP,13-inch,16GB
2,-1.4140625,-0.291015625,Apple,16-inch,4GB,HP,14-inch,4GB
2,-1.4140625,-0.291015625,Apple,16-inch,4GB,HP,14-inch,8GB
2,-1.328125,-0.326171875,Apple,16-inch,4GB,HP,14-inch,16GB
2,-1.1484375,-0.3984375,Apple,16-inch,4GB,HP,16-inch,4GB
2,-1.0703125,-0.44140625,Apple,16-inch,4GB,HP,16-inch,8GB
2,-0.984375,-0.486328125,Apple,16-inch,4GB,HP,16-inch,16GB
2,-1.609375,-0.23828125,Apple,16-inch,4GB,Dell,13-inch,4GB
2,-1.4140625,-0.29296875,Apple,16-inch,4GB,Dell,13-inch,8GB
2,-1.421875,-0.294921875,Apple,16-inch,4GB,Dell,13-inch,16GB
2,-1.515625,-0.263671875,Apple,16-inch,4GB,Dell,14-inch,4GB
2,-1.234375,-0.359375,Apple,16-inch,4GB,Dell,14-inch,8GB
2,-1.421875,-0.29296875,Apple,16-inch,4GB,Dell,14-inch,16GB
2,-1.234375,-0.359375,Apple,16-inch,4GB,Dell,16-inch,4GB
2,-1.1484375,-0.3984375,Apple,16-inch,4GB,Dell,16-inch,8GB
2,-0.984375,-0.484375,Apple,16-inch,4GB,Dell,16-inch,16GB
2,-1.7109375,-0.21484375,Apple,16-inch,4GB,Apple,13-inch,4GB
2,-1.609375,-0.2373046875,Apple,16-inch,4GB,Apple,13-inch,8GB
2,-1.421875,-0.296875,Apple,16-inch,4GB,Apple,13-inch,16GB
2,-1.328125,-0.326171875,Apple,16-inch,4GB,Apple,14-inch,4GB
2,-1.328125,-0.326171875,Apple,16-inch,4GB,Apple,14-inch,8GB
2,-1.234375,-0.361328125,Apple,16-inch,4GB,Apple,14-inch,16GB
2,-1.0703125,-0.443359375,Apple,16-inch,4GB,Apple,16-inch,8GB
2,-0.984375,-0.486328125,Apple,16-inch,4GB,Apple,16-inch,16GB
2,-2.015625,-0.1484375,Apple,16-inch,8GB,ASUS,13-inch,4GB
2,-2.359375,-0.10546875,Apple,16-inch,8GB,ASUS,13-inch,8GB
2,-2.578125,-0.083984375,Apple,16-inch,8GB,ASUS,13-inch,16GB
2,-1.9140625,-0.166015625,Apple,16-inch,8GB,ASUS,14-inch,4GB
2,-2.125,-0.1328125,Apple,16-inch,8GB,ASUS,14-inch,8GB
2,-2.46875,-0.09375,Apple,16-inch,8GB,ASUS,14-inch,16GB
2,-2.125,-0.1328125,Apple,16-inch,8GB,ASUS,16-inch,4GB
2,-2.25,-0.1181640625,Apple,16-inch,8GB,ASUS,16-inch,8GB
2,-2.359375,-0.10498046875,Apple,16-inch,8GB,ASUS,16-inch,16GB
2,-1.8125,-0.1865234375,Apple,16-inch,8GB,Lenovo,13-inch,4GB
2,-2.03125,-0.1494140625,Apple,16-inch,8GB,Lenovo,13-inch,8GB
2,-2.359375,-0.10693359375,Apple,16-inch,8GB,Lenovo,13-inch,16GB
2,-1.8125,-0.185546875,Apple,16-inch,8GB,Lenovo,14-inch,4GB
2,-1.9140625,-0.166015625,Apple,16-inch,8GB,Lenovo,14-inch,8GB
2,-2.25,-0.11962890625,Apple,16-inch,8GB,Lenovo,14-inch,16GB
2,-1.9140625,-0.1669921875,Apple,16-inch,8GB,Lenovo,16-inch,4GB
2,-2.140625,-0.1337890625,Apple,16-inch,8GB,Lenovo,16-inch,8GB
2,-2.140625,-0.1328125,Apple,16-inch,8GB,Lenovo,16-inch,16GB
2,-1.9140625,-0.166015625,Apple,16-inch,8GB,HP,13-inch,4GB
2,-2.03125,-0.1494140625,Apple,16-inch,8GB,HP,13-inch,8GB
2,-2.359375,-0.10693359375,Apple,16-inch,8GB,HP,13-inch,16GB
2,-1.9140625,-0.166015625,Apple,16-inch,8GB,HP,14-inch,4GB
2,-1.9140625,-0.166015625,Apple,16-inch,8GB,HP,14-inch,8GB
2,-2.359375,-0.10595703125,Apple,16-inch,8GB,HP,14-inch,16GB
2,-1.9140625,-0.1669921875,Apple,16-inch,8GB,HP,16-inch,4GB
2,-2.25,-0.11962890625,Apple,16-inch,8GB,HP,16-inch,8GB
2,-2.03125,-0.1494140625,Apple,16-inch,8GB,HP,16-inch,16GB
2,-1.8125,-0.185546875,Apple,16-inch,8GB,Dell,13-inch,4GB
2,-1.9140625,-0.16796875,Apple,16-inch,8GB,Dell,13-inch,8GB
2,-2.359375,-0.107421875,Apple,16-inch,8GB,Dell,13-inch,16GB
2,-1.7109375,-0.20703125,Apple,16-inch,8GB,Dell,14-inch,4GB
2,-1.8125,-0.1865234375,Apple,16-inch,8GB,Dell,14-inch,8GB
2,-2.25,-0.11865234375,Apple,16-inch,8GB,Dell,14-inch,16GB
2,-2.03125,-0.1484375,Apple,16-inch,8GB,Dell,16-inch,4GB
2,-2.03125,-0.1494140625,Apple,16-inch,8GB,Dell,16-inch,8GB
2,-2.140625,-0.1337890625,Apple,16-inch,8GB,Dell,16-inch,16GB
2,-2.03125,-0.1494140625,Apple,16-inch,8GB,Apple,13-inch,4GB
2,-2.25,-0.11962890625,Apple,16-inch,8GB,Apple,13-inch,8GB
2,-2.359375,-0.10693359375,Apple,16-inch,8GB,Apple,13-inch,16GB
2,-1.9140625,-0.1669921875,Apple,16-inch,8GB,Apple,14-inch,4GB
2,-2.03125,-0.1494140625,Apple,16-inch,8GB,Apple,14-inch,8GB
2,-2.140625,-0.1337890625,Apple,16-inch,8GB,Apple,14-inch,16GB
2,-1.7109375,-0.2080078125,Apple,16-inch,8GB,Apple,16-inch,4GB
2,-1.8125,-0.185546875,Apple,16-inch,8GB,Apple,16-inch,16GB
2,-2.140625,-0.134765625,Apple,16-inch,16GB,ASUS,13-inch,4GB
2,-2.25,-0.12060546875,Apple,16-inch,16GB,ASUS,13-inch,8GB
2,-2.140625,-0.134765625,Apple,16-inch,16GB,ASUS,13-inch,16GB
2,-2.140625,-0.1337890625,Apple,16-inch,16GB,ASUS,14-inch,4GB
2,-2.140625,-0.1337890625,Apple,16-inch,16GB,ASUS,14-inch,8GB
2,-2.140625,-0.1337890625,Apple,16-inch,16GB,ASUS,14-inch,16GB
2,-2.03125,-0.150390625,Apple,16-inch,16GB,ASUS,16-inch,4GB
2,-1.921875,-0.1689453125,Apple,16-inch,16GB,ASUS,16-inch,8GB
2,-2.03125,-0.1513671875,Apple,16-inch,16GB,ASUS,16-inch,16GB
2,-2.140625,-0.13671875,Apple,16-inch,16GB,Lenovo,13-inch,4GB
2,-2.03125,-0.15234375,Apple,16-inch,16GB,Lenovo,13-inch,8GB
2,-1.921875,-0.169921875,Apple,16-inch,16GB,Lenovo,13-inch,16GB
2,-2.03125,-0.1513671875,Apple,16-inch,16GB,Lenovo,14-inch,4GB
2,-2.03125,-0.1513671875,Apple,16-inch,16GB,Lenovo,14-inch,8GB
2,-1.921875,-0.169921875,Apple,16-inch,16GB,Lenovo,14-inch,16GB
2,-2.03125,-0.1533203125,Apple,16-inch,16GB,Lenovo,16-inch,4GB
2,-1.921875,-0.169921875,Apple,16-inch,16GB,Lenovo,16-inch,8GB
2,-2.03125,-0.15234375,Apple,16-inch,16GB,Lenovo,16-inch,16GB
2,-2.25,-0.12060546875,Apple,16-inch,16GB,HP,13-inch,4GB
2,-1.921875,-0.169921875,Apple,16-inch,16GB,HP,13-inch,8GB
2,-1.921875,-0.169921875,Apple,16-inch,16GB,HP,13-inch,16GB
2,-2.03125,-0.150390625,Apple,16-inch,16GB,HP,14-inch,4GB
2,-1.921875,-0.1689453125,Apple,16-inch,16GB,HP,14-inch,8GB
2,-1.921875,-0.169921875,Apple,16-inch,16GB,HP,14-inch,16GB
2,-2.03125,-0.1533203125,Apple,16-inch,16GB,HP,16-inch,4GB
2,-2.03125,-0.1513671875,Apple,16-inch,16GB,HP,16-inch,8GB
2,-2.03125,-0.1533203125,Apple,16-inch,16GB,HP,16-inch,16GB
2,-2.140625,-0.1357421875,Apple,16-inch,16GB,Dell,13-inch,4GB
2,-2.03125,-0.1513671875,Apple,16-inch,16GB,Dell,13-inch,8GB
2,-2.03125,-0.1513671875,Apple,16-inch,16GB,Dell,13-inch,16GB
2,-2.03125,-0.150390625,Apple,16-inch,16GB,Dell,14-inch,4GB
2,-2.03125,-0.1513671875,Apple,16-inch,16GB,Dell,14-inch,8GB
2,-1.921875,-0.169921875,Apple,16-inch,16GB,Dell,14-inch,16GB
2,-2.03125,-0.1533203125,Apple,16-inch,16GB,Dell,16-inch,4GB
2,-1.921875,-0.169921875,Apple,16-inch,16GB,Dell,16-inch,8GB
2,-1.921875,-0.1708984375,Apple,16-inch,16GB,Dell,16-inch,16GB
2,-2.03125,-0.1533203125,Apple,16-inch,16GB,Apple,13-inch,4GB
2,-2.140625,-0.1357421875,Apple,16-inch,16GB,Apple,13-inch,8GB
2,-2.03125,-0.15234375,Apple,16-inch,16GB,Apple,13-inch,16GB
2,-1.921875,-0.169921875,Apple,16-inch,16GB,Apple,14-inch,4GB
2,-2.140625,-0.1357421875,Apple,16-inch,16GB,Apple,14-inch,8GB
2,-1.921875,-0.1689453125,Apple,16-inch,16GB,Apple,14-inch,16GB
2,-1.8203125,-0.19140625,Apple,16-inch,16GB,Apple,16-inch,4GB
2,-1.7109375,-0.2109375,Apple,16-inch,16GB,Apple,16-inch,8GB
3,-1.4375,-0.310546875,ASUS,13-inch,4GB,ASUS,13-inch,8GB
3,-1.0859375,-0.45703125,ASUS,13-inch,4GB,ASUS,13-inch,16GB
3,-1.9296875,-0.18359375,ASUS,13-inch,4GB,ASUS,14-inch,4GB
3,-1.53125,-0.28125,ASUS,13-inch,4GB,ASUS,14-inch,8GB
3,-1.0859375,-0.458984375,ASUS,13-inch,4GB,ASUS,14-inch,16GB
3,-2.046875,-0.1650390625,ASUS,13-inch,4GB,ASUS,16-inch,4GB
3,-1.6328125,-0.2578125,ASUS,13-inch,4GB,ASUS,16-inch,8GB
3,-1.1640625,-0.41796875,ASUS,13-inch,4GB,ASUS,16-inch,16GB
3,-1.7265625,-0.2236328125,ASUS,13-inch,4GB,Lenovo,13-inch,4GB
3,-1.9375,-0.1875,ASUS,13-inch,4GB,Lenovo,13-inch,8GB
3,-1.0859375,-0.458984375,ASUS,13-inch,4GB,Lenovo,13-inch,16GB
3,-1.828125,-0.2060546875,ASUS,13-inch,4GB,Lenovo,14-inch,4GB
3,-1.9453125,-0.1943359375,ASUS,13-inch,4GB,Lenovo,14-inch,8GB
3,-1.4453125,-0.3203125,ASUS,13-inch,4GB,Lenovo,14-inch,16GB
3,-1.9375,-0.18359375,ASUS,13-inch,4GB,Lenovo,16-inch,4GB
3,-1.9453125,-0.1943359375,ASUS,13-inch,4GB,Lenovo,16-inch,8GB
3,-1.4375,-0.314453125,ASUS,13-inch,4GB,Lenovo,16-inch,16GB
3,-1.625,-0.25,ASUS,13-inch,4GB,HP,13-inch,4GB
3,-1.828125,-0.2041015625,ASUS,13-inch,4GB,HP,13-inch,8GB
3,-1.078125,-0.45703125,ASUS,13-inch,4GB,HP,13-inch,16GB
3,-1.828125,-0.203125,ASUS,13-inch,4GB,HP,14-inch,4GB
3,-2.046875,-0.173828125,ASUS,13-inch,4GB,HP,14-inch,8GB
3,-1.34375,-0.34765625,ASUS,13-inch,4GB,HP,14-inch,16GB
3,-1.828125,-0.201171875,ASUS,13-inch,4GB,HP,16-inch,4GB
3,-2.046875,-0.1767578125,ASUS,13-inch,4GB,HP,16-inch,8GB
3,-1.4375,-0.30859375,ASUS,13-inch,4GB,HP,16-inch,16GB
3,-1.828125,-0.2001953125,ASUS,13-inch,4GB,Dell,13-inch,4GB
3,-1.9296875,-0.181640625,ASUS,13-inch,4GB,Dell,13-inch,8GB
3,-1.25,-0.375,ASUS,13-inch,4GB,Dell,13-inch,16GB
3,-1.9296875,-0.1826171875,ASUS,13-inch,4GB,Dell,14-inch,4GB
3,-2.15625,-0.15625,ASUS,13-inch,4GB,Dell,14-inch,8GB
3,-1.4375,-0.31640625,ASUS,13-inch,4GB,Dell,14-inch,16GB
3,-1.9296875,-0.181640625,ASUS,13-inch,4GB,Dell,16-inch,4GB
3,-2.15625,-0.154296875,ASUS,13-inch,4GB,Dell,16-inch,8GB
3,-1.53125,-0.283203125,ASUS,13-inch,4GB,Dell,16-inch,16GB
3,-1.7265625,-0.2236328125,ASUS,13-inch,4GB,Apple,13-inch,4GB
3,-2.046875,-0.169921875,ASUS,13-inch,4GB,Apple,13-inch,8GB
3,-1.078125,-0.45703125,ASUS,13-inch,4GB,Apple,13-inch,16GB
3,-1.9375,-0.1875,ASUS,13-inch,4GB,Apple,14-inch,4GB
3,-1.9453125,-0.1943359375,ASUS,13-inch,4GB,Apple,14-inch,8GB
3,-1.34375,-0.34765625,ASUS,13-inch,4GB,Apple,14-inch,16GB
3,-1.9375,-0.1865234375,ASUS,13-inch,4GB,Apple,16-inch,4GB
3,-2.046875,-0.1787109375,ASUS,13-inch,4GB,Apple,16-inch,8GB
3,-1.34375,-0.34765625,ASUS,13-inch,4GB,Apple,16-inch,16GB
3,-2.140625,-0.140625,ASUS,13-inch,8GB,ASUS,13-inch,4GB
3,-1.328125,-0.328125,ASUS,13-inch,8GB,ASUS,13-inch,16GB
3,-2.03125,-0.15625,ASUS,13-inch,8GB,ASUS,14-inch,4GB
3,-2.03125,-0.15625,ASUS,13-inch,8GB,ASUS,14-inch,8GB
3,-1.421875,-0.298828125,ASUS,13-inch,8GB,ASUS,14-inch,16GB
3,-2.140625,-0.1396484375,ASUS,13-inch,8GB,ASUS,16-inch,4GB
3,-2.25,-0.12890625,ASUS,13-inch,8GB,ASUS,16-inch,8GB
3,-1.515625,-0.26953125,ASUS,13-inch,8GB,ASUS,16-inch,16GB
3,-2.359375,-0.11474609375,ASUS,13-inch,8GB,Lenovo,13-inch,4GB
3,-2.359375,-0.11669921875,ASUS,13-inch,8GB,Lenovo,13-inch,8GB
3,-1.71875,-0.220703125,ASUS,13-inch,8GB,Lenovo,13-inch,16GB
3,-2.140625,-0.142578125,ASUS,13-inch,8GB,Lenovo,14-inch,4GB
3,-2.140625,-0.146484375,ASUS,13-inch,8GB,Lenovo,14-inch,8GB
3,-1.9375,-0.1845703125,ASUS,13-inch,8GB,Lenovo,14-inch,16GB
3,-2.359375,-0.11376953125,ASUS,13-inch,8GB,Lenovo,16-inch,4GB
3,-2.25,-0.1298828125,ASUS,13-inch,8GB,Lenovo,16-inch,8GB
3,-2.03125,-0.162109375,ASUS,13-inch,8GB,Lenovo,16-inch,16GB
3,-2.359375,-0.1123046875,ASUS,13-inch,8GB,HP,13-inch,4GB
3,-2.359375,-0.1142578125,ASUS,13-inch,8GB,HP,13-inch,8GB
3,-1.9296875,-0.1767578125,ASUS,13-inch,8GB,HP,13-inch,16GB
3,-2.25,-0.125,ASUS,13-inch,8GB,HP,14-inch,4GB
3,-2.25,-0.1279296875,ASUS,13-inch,8GB,HP,14-inch,8GB
3,-1.828125,-0.201171875,ASUS,13-inch,8GB,HP,14-inch,16GB
3,-2.359375,-0.1123046875,ASUS,13-inch,8GB,HP,16-inch,4GB
3,-2.25,-0.12890625,ASUS,13-inch,8GB,HP,16-inch,8GB
3,-2.03125,-0.16015625,ASUS,13-inch,8GB,HP,16-inch,16GB
3,-2.359375,-0.1123046875,ASUS,13-inch,8GB,Dell,13-inch,4GB
3,-2.25,-0.1279296875,ASUS,13-inch,8GB,Dell,13-inch,8GB
3,-1.71875,-0.2158203125,ASUS,13-inch,8GB,Dell,13-inch,16GB
3,-2.25,-0.1259765625,ASUS,13-inch,8GB,Dell,14-inch,4GB
3,-2.25,-0.126953125,ASUS,13-inch,8GB,Dell,14-inch,8GB
3,-1.828125,-0.2001953125,ASUS,13-inch,8GB,Dell,14-inch,16GB
3,-2.359375,-0.111328125,ASUS,13-inch,8GB,Dell,16-inch,4GB
3,-2.359375,-0.1142578125,ASUS,13-inch,8GB,Dell,16-inch,8GB
3,-1.9296875,-0.177734375,ASUS,13-inch,8GB,Dell,16-inch,16GB
3,-2.484375,-0.1015625,ASUS,13-inch,8GB,Apple,13-inch,4GB
3,-2.359375,-0.1142578125,ASUS,13-inch,8GB,Apple,13-inch,8GB
3,-1.5234375,-0.26953125,ASUS,13-inch,8GB,Apple,13-inch,16GB
3,-2.359375,-0.1142578125,ASUS,13-inch,8GB,Apple,14-inch,4GB
3,-2.25,-0.12890625,ASUS,13-inch,8GB,Apple,14-inch,8GB
3,-1.828125,-0.2021484375,ASUS,13-inch,8GB,Apple,14-inch,16GB
3,-2.140625,-0.1435546875,ASUS,13-inch,8GB,Apple,16-inch,4GB
3,-2.359375,-0.115234375,ASUS,13-inch,8GB,Apple,16-inch,8GB
3,-1.9296875,-0.1806640625,ASUS,13-inch,8GB,Apple,16-inch,16GB
3,-1.0703125,-0.443359375,ASUS,13-inch,16GB,ASUS,13-inch,4GB
3,-1.515625,-0.263671875,ASUS,13-inch,16GB,ASUS,13-inch,8GB
3,-1.71875,-0.2177734375,ASUS,13-inch,16GB,ASUS,14-inch,4GB
3,-1.71875,-0.2158203125,ASUS,13-inch,16GB,ASUS,14-inch,8GB
3,-1.4140625,-0.29296875,ASUS,13-inch,16GB,ASUS,14-inch,16GB
3,-1.1484375,-0.400390625,ASUS,13-inch,16GB,ASUS,16-inch,4GB
3,-1.1484375,-0.400390625,ASUS,13-inch,16GB,ASUS,16-inch,8GB
3,-1.328125,-0.32421875,ASUS,13-inch,16GB,ASUS,16-inch,16GB
3,-1.15625,-0.40234375,ASUS,13-inch,16GB,Lenovo,13-inch,4GB
3,-1.6171875,-0.2412109375,ASUS,13-inch,16GB,Lenovo,13-inch,8GB
3,-1.328125,-0.32421875,ASUS,13-inch,16GB,Lenovo,13-inch,16GB
3,-1.8203125,-0.1953125,ASUS,13-inch,16GB,Lenovo,14-inch,4GB
3,-1.8203125,-0.1943359375,ASUS,13-inch,16GB,Lenovo,14-inch,8GB
3,-1.515625,-0.265625,ASUS,13-inch,16GB,Lenovo,14-inch,16GB
3,-1.1484375,-0.400390625,ASUS,13-inch,16GB,Lenovo,16-inch,4GB
3,-1.328125,-0.330078125,ASUS,13-inch,16GB,Lenovo,16-inch,8GB
3,-1.328125,-0.326171875,ASUS,13-inch,16GB,Lenovo,16-inch,16GB
3,-1.71875,-0.21484375,ASUS,13-inch,16GB,HP,13-inch,4GB
3,-1.7109375,-0.212890625,ASUS,13-inch,16GB,HP,13-inch,8GB
3,-1.3203125,-0.322265625,ASUS,13-inch,16GB,HP,13-inch,16GB
3,-1.8203125,-0.19140625,ASUS,13-inch,16GB,HP,14-inch,4GB
3,-1.8203125,-0.1943359375,ASUS,13-inch,16GB,HP,14-inch,8GB
3,-1.8203125,-0.1923828125,ASUS,13-inch,16GB,HP,14-inch,16GB
3,-1.8203125,-0.193359375,ASUS,13-inch,16GB,HP,16-inch,4GB
3,-1.921875,-0.1728515625,ASUS,13-inch,16GB,HP,16-inch,8GB
3,-1.3203125,-0.32421875,ASUS,13-inch,16GB,HP,16-inch,16GB
3,-1.71875,-0.2177734375,ASUS,13-inch,16GB,Dell,13-inch,4GB
3,-1.609375,-0.23828125,ASUS,13-inch,16GB,Dell,13-inch,8GB
3,-1.1484375,-0.396484375,ASUS,13-inch,16GB,Dell,13-inch,16GB
3,-2.03125,-0.1552734375,ASUS,13-inch,16GB,Dell,14-inch,4GB
3,-2.03125,-0.1572265625,ASUS,13-inch,16GB,Dell,14-inch,8GB
3,-1.515625,-0.263671875,ASUS,13-inch,16GB,Dell,14-inch,16GB
3,-1.234375,-0.361328125,ASUS,13-inch,16GB,Dell,16-inch,4GB
3,-1.921875,-0.1748046875,ASUS,13-inch,16GB,Dell,16-inch,8GB
3,-1.1484375,-0.3984375,ASUS,13-inch,16GB,Dell,16-inch,16GB
3,-0.91015625,-0.53515625,ASUS,13-inch,16GB,Apple,13-inch,4GB
3,-1.421875,-0.298828125,ASUS,13-inch,16GB,Apple,13-inch,8GB
3,-1.0625,-0.439453125,ASUS,13-inch,16GB,Apple,13-inch,16GB
3,-1.5234375,-0.26953125,ASUS,13-inch,16GB,Apple,14-inch,4GB
3,-1.8203125,-0.19921875,ASUS,13-inch,16GB,Apple,14-inch,8GB
3,-1.328125,-0.32421875,ASUS,13-inch,16GB,Apple,14-inch,16GB
3,-0.98828125,-0.486328125,ASUS,13-inch,16GB,Apple,16-inch,4GB
3,-1.0703125,-0.447265625,ASUS,13-inch,16GB,Apple,16-inch,8GB
3,-0.984375,-0.486328125,ASUS,13-inch,16GB,Apple,16-inch,16GB
3,-1.9296875,-0.1806640625,ASUS,14-inch,4GB,ASUS,13-inch,4GB
3,-1.625,-0.24609375,ASUS,14-inch,4GB,ASUS,13-inch,8GB
3,-1.3359375,-0.333984375,ASUS,14-inch,4GB,ASUS,13-inch,16GB
3,-1.4296875,-0.302734375,ASUS,14-inch,4GB,ASUS,14-inch,8GB
3,-1.15625,-0.40625,ASUS,14-inch,4GB,ASUS,14-inch,16GB
3,-1.9296875,-0.1787109375,ASUS,14-inch,4GB,ASUS,16-inch,4GB
3,-1.6171875,-0.24609375,ASUS,14-inch,4GB,ASUS,16-inch,8GB
3,-1.2421875,-0.37109375,ASUS,14-inch,4GB,ASUS,16-inch,16GB
3,-2.03125,-0.16015625,ASUS,14-inch,4GB,Lenovo,13-inch,4GB
3,-2.03125,-0.1640625,ASUS,14-inch,4GB,Lenovo,13-inch,8GB
3,-1.625,-0.2490234375,ASUS,14-inch,4GB,Lenovo,13-inch,16GB
3,-1.8203125,-0.1962890625,ASUS,14-inch,4GB,Lenovo,14-inch,4GB
3,-1.8203125,-0.19921875,ASUS,14-inch,4GB,Lenovo,14-inch,8GB
3,-1.15625,-0.40625,ASUS,14-inch,4GB,Lenovo,14-inch,16GB
3,-1.9296875,-0.1787109375,ASUS,14-inch,4GB,Lenovo,16-inch,4GB
3,-2.046875,-0.166015625,ASUS,14-inch,4GB,Lenovo,16-inch,8GB
3,-1.5234375,-0.2734375,ASUS,14-inch,4GB,Lenovo,16-inch,16GB
3,-1.9296875,-0.1767578125,ASUS,14-inch,4GB,HP,13-inch,4GB
3,-2.03125,-0.162109375,ASUS,14-inch,4GB,HP,13-inch,8GB
3,-1.5234375,-0.2734375,ASUS,14-inch,4GB,HP,13-inch,16GB
3,-1.71875,-0.216796875,ASUS,14-inch,4GB,HP,14-inch,4GB
3,-1.8203125,-0.197265625,ASUS,14-inch,4GB,HP,14-inch,8GB
3,-1.3359375,-0.333984375,ASUS,14-inch,4GB,HP,14-inch,16GB
3,-1.9296875,-0.1767578125,ASUS,14-inch,4GB,HP,16-inch,4GB
3,-2.046875,-0.1640625,ASUS,14-inch,4GB,HP,16-inch,8GB
3,-1.5234375,-0.2734375,ASUS,14-inch,4GB,HP,16-inch,16GB
3,-2.140625,-0.1416015625,ASUS,14-inch,4GB,Dell,13-inch,4GB
3,-2.140625,-0.146484375,ASUS,14-inch,4GB,Dell,13-inch,8GB
3,-1.5234375,-0.271484375,ASUS,14-inch,4GB,Dell,13-inch,16GB
3,-1.8203125,-0.1943359375,ASUS,14-inch,4GB,Dell,14-inch,4GB
3,-2.03125,-0.158203125,ASUS,14-inch,4GB,Dell,14-inch,8GB
3,-1.3359375,-0.333984375,ASUS,14-inch,4GB,Dell,14-inch,16GB
3,-2.03125,-0.158203125,ASUS,14-inch,4GB,Dell,16-inch,4GB
3,-2.25,-0.130859375,ASUS,14-inch,4GB,Dell,16-inch,8GB
3,-1.4296875,-0.3046875,ASUS,14-inch,4GB,Dell,16-inch,16GB
3,-1.9296875,-0.181640625,ASUS,14-inch,4GB,Apple,13-inch,4GB
3,-2.046875,-0.1689453125,ASUS,14-inch,4GB,Apple,13-inch,8GB
3,-1.828125,-0.201171875,ASUS,14-inch,4GB,Apple,13-inch,16GB
3,-1.71875,-0.2177734375,ASUS,14-inch,4GB,Apple,14-inch,4GB
3,-1.828125,-0.2001953125,ASUS,14-inch,4GB,Apple,14-inch,8GB
3,-1.15625,-0.404296875,ASUS,14-inch,4GB,Apple,14-inch,16GB
3,-1.9296875,-0.1806640625,ASUS,14-inch,4GB,Apple,16-inch,4GB
3,-1.9375,-0.185546875,ASUS,14-inch,4GB,Apple,16-inch,8GB
3,-1.5234375,-0.275390625,ASUS,14-inch,4GB,Apple,16-inch,16GB
3,-2.140625,-0.138671875,ASUS,14-inch,8GB,ASUS,13-inch,4GB
3,-2.140625,-0.138671875,ASUS,14-inch,8GB,ASUS,13-inch,8GB
3,-1.71875,-0.21484375,ASUS,14-inch,8GB,ASUS,13-inch,16GB
3,-1.8203125,-0.1923828125,ASUS,14-inch,8GB,ASUS,14-inch,4GB
3,-1.328125,-0.326171875,ASUS,14-inch,8GB,ASUS,14-inch,16GB
3,-2.03125,-0.154296875,ASUS,14-inch,8GB,ASUS,16-inch,4GB
3,-2.140625,-0.1396484375,ASUS,14-inch,8GB,ASUS,16-inch,8GB
3,-1.6171875,-0.2392578125,ASUS,14-inch,8GB,ASUS,16-inch,16GB
3,-2.25,-0.1259765625,ASUS,14-inch,8GB,Lenovo,13-inch,4GB
3,-2.03125,-0.158203125,ASUS,14-inch,8GB,Lenovo,13-inch,8GB
3,-1.921875,-0.1748046875,ASUS,14-inch,8GB,Lenovo,13-inch,16GB
3,-2.03125,-0.15625,ASUS,14-inch,8GB,Lenovo,14-inch,4GB
3,-1.921875,-0.1748046875,ASUS,14-inch,8GB,Lenovo,14-inch,8GB
3,-1.515625,-0.26953125,ASUS,14-inch,8GB,Lenovo,14-inch,16GB
3,-2.25,-0.12451171875,ASUS,14-inch,8GB,Lenovo,16-inch,4GB
3,-2.03125,-0.1572265625,ASUS,14-inch,8GB,Lenovo,16-inch,8GB
3,-2.03125,-0.15625,ASUS,14-inch,8GB,Lenovo,16-inch,16GB
3,-2.25,-0.12353515625,ASUS,14-inch,8GB,HP,13-inch,4GB
3,-2.140625,-0.1396484375,ASUS,14-inch,8GB,HP,13-inch,8GB
3,-1.921875,-0.1728515625,ASUS,14-inch,8GB,HP,13-inch,16GB
3,-2.25,-0.12353515625,ASUS,14-inch,8GB,HP,14-inch,4GB
3,-2.03125,-0.154296875,ASUS,14-inch,8GB,HP,14-inch,8GB
3,-1.6171875,-0.2392578125,ASUS,14-inch,8GB,HP,14-inch,16GB
3,-2.359375,-0.1103515625,ASUS,14-inch,8GB,HP,16-inch,4GB
3,-2.140625,-0.138671875,ASUS,14-inch,8GB,HP,16-inch,8GB
3,-1.921875,-0.1728515625,ASUS,14-inch,8GB,HP,16-inch,16GB
3,-2.140625,-0.1376953125,ASUS,14-inch,8GB,Dell,13-inch,4GB
3,-2.140625,-0.1396484375,ASUS,14-inch,8GB,Dell,13-inch,8GB
3,-1.8203125,-0.1923828125,ASUS,14-inch,8GB,Dell,13-inch,16GB
3,-2.140625,-0.1376953125,ASUS,14-inch,8GB,Dell,14-inch,4GB
3,-2.03125,-0.154296875,ASUS,14-inch,8GB,Dell,14-inch,8GB
3,-1.609375,-0.2373046875,ASUS,14-inch,8GB,Dell,14-inch,16GB
3,-2.25,-0.123046875,ASUS,14-inch,8GB,Dell,16-inch,4GB
3,-2.25,-0.12451171875,ASUS,14-inch,8GB,Dell,16-inch,8GB
3,-1.921875,-0.173828125,ASUS,14-inch,8GB,Dell,16-inch,16GB
3,-1.9296875,-0.1767578125,ASUS,14-inch,8GB,Apple,13-inch,4GB
3,-2.140625,-0.142578125,ASUS,14-inch,8GB,Apple,13-inch,8GB
3,-1.9296875,-0.17578125,ASUS,14-inch,8GB,Apple,13-inch,16GB
3,-2.03125,-0.15625,ASUS,14-inch,8GB,Apple,14-inch,4GB
3,-2.03125,-0.1552734375,ASUS,14-inch,8GB,Apple,14-inch,8GB
3,-1.6171875,-0.23828125,ASUS,14-inch,8GB,Apple,14-inch,16GB
3,-2.03125,-0.15625,ASUS,14-inch,8GB,Apple,16-inch,4GB
3,-2.140625,-0.1416015625,ASUS,14-inch,8GB,Apple,16-inch,8GB
3,-1.921875,-0.1748046875,ASUS,14-inch,8GB,Apple,16-inch,16GB
3,-1.1484375,-0.3984375,ASUS,14-inch,16GB,ASUS,13-inch,4GB
3,-1.1484375,-0.3984375,ASUS,14-inch,16GB,ASUS,13-inch,8GB
3,-1.1484375,-0.3984375,ASUS,14-inch,16GB,ASUS,13-inch,16GB
3,-1.0625,-0.439453125,ASUS,14-inch,16GB,ASUS,14-inch,4GB
3,-0.90625,-0.53125,ASUS,14-inch,16GB,ASUS,14-inch,8GB
3,-1.1484375,-0.3984375,ASUS,14-inch,16GB,ASUS,16-inch,4GB
3,-1.0625,-0.439453125,ASUS,14-inch,16GB,ASUS,16-inch,8GB
3,-1.234375,-0.359375,ASUS,14-inch,16GB,ASUS,16-inch,16GB
3,-1.234375,-0.359375,ASUS,14-inch,16GB,Lenovo,13-inch,4GB
3,-1.328125,-0.326171875,ASUS,14-inch,16GB,Lenovo,13-inch,8GB
3,-1.234375,-0.359375,ASUS,14-inch,16GB,Lenovo,13-inch,16GB
3,-1.1484375,-0.400390625,ASUS,14-inch,16GB,Lenovo,14-inch,4GB
3,-1.0625,-0.44140625,ASUS,14-inch,16GB,Lenovo,14-inch,8GB
3,-1.515625,-0.263671875,ASUS,14-inch,16GB,Lenovo,14-inch,16GB
3,-1.234375,-0.359375,ASUS,14-inch,16GB,Lenovo,16-inch,4GB
3,-1.1484375,-0.400390625,ASUS,14-inch,16GB,Lenovo,16-inch,8GB
3,-1.234375,-0.361328125,ASUS,14-inch,16GB,Lenovo,16-inch,16GB
3,-1.234375,-0.361328125,ASUS,14-inch,16GB,HP,13-inch,4GB
3,-1.328125,-0.326171875,ASUS,14-inch,16GB,HP,13-inch,8GB
3,-1.1484375,-0.396484375,ASUS,14-inch,16GB,HP,13-inch,16GB
3,-1.234375,-0.359375,ASUS,14-inch,16GB,HP,14-inch,4GB
3,-1.0625,-0.44140625,ASUS,14-inch,16GB,HP,14-inch,8GB
3,-1.3203125,-0.32421875,ASUS,14-inch,16GB,HP,14-inch,16GB
3,-1.234375,-0.359375,ASUS,14-inch,16GB,HP,16-inch,4GB
3,-1.328125,-0.328125,ASUS,14-inch,16GB,HP,16-inch,8GB
3,-1.234375,-0.359375,ASUS,14-inch,16GB,HP,16-inch,16GB
3,-1.1484375,-0.3984375,ASUS,14-inch,16GB,Dell,13-inch,4GB
3,-1.421875,-0.294921875,ASUS,14-inch,16GB,Dell,13-inch,8GB
3,-1.1484375,-0.396484375,ASUS,14-inch,16GB,Dell,13-inch,16GB
3,-1.1484375,-0.3984375,ASUS,14-inch,16GB,Dell,14-inch,4GB
3,-1.0625,-0.44140625,ASUS,14-inch,16GB,Dell,14-inch,8GB
3,-1.234375,-0.359375,ASUS,14-inch,16GB,Dell,14-inch,16GB
3,-1.1484375,-0.3984375,ASUS,14-inch,16GB,Dell,16-inch,4GB
3,-1.328125,-0.326171875,ASUS,14-inch,16GB,Dell,16-inch,8GB
3,-1.1484375,-0.3984375,ASUS,14-inch,16GB,Dell,16-inch,16GB
3,-0.984375,-0.486328125,ASUS,14-inch,16GB,Apple,13-inch,4GB
3,-1.0703125,-0.443359375,ASUS,14-inch,16GB,Apple,13-inch,8GB
3,-0.91015625,-0.53515625,ASUS,14-inch,16GB,Apple,13-inch,16GB
3,-0.984375,-0.486328125,ASUS,14-inch,16GB,Apple,14-inch,4GB
3,-0.91015625,-0.53515625,ASUS,14-inch,16GB,Apple,14-inch,8GB
3,-1.1484375,-0.396484375,ASUS,14-inch,16GB,Apple,14-inch,16GB
3,-0.984375,-0.486328125,ASUS,14-inch,16GB,Apple,16-inch,4GB
3,-0.98828125,-0.48828125,ASUS,14-inch,16GB,Apple,16-inch,8GB
3,-0.91015625,-0.53515625,ASUS,14-inch,16GB,Apple,16-inch,16GB
3,-1.9296875,-0.1806640625,ASUS,16-inch,4GB,ASUS,13-inch,4GB
3,-2.046875,-0.1650390625,ASUS,16-inch,4GB,ASUS,13-inch,8GB
3,-1.5234375,-0.271484375,ASUS,16-inch,4GB,ASUS,13-inch,16GB
3,-1.8203125,-0.19921875,ASUS,16-inch,4GB,ASUS,14-inch,4GB
3,-1.7265625,-0.2236328125,ASUS,16-inch,4GB,ASUS,14-inch,8GB
3,-1.3359375,-0.33203125,ASUS,16-inch,4GB,ASUS,14-inch,16GB
3,-1.625,-0.25,ASUS,16-inch,4GB,ASUS,16-inch,8GB
3,-1.078125,-0.451171875,ASUS,16-inch,4GB,ASUS,16-inch,16GB
3,-2.140625,-0.1435546875,ASUS,16-inch,4GB,Lenovo,13-inch,4GB
3,-2.046875,-0.166015625,ASUS,16-inch,4GB,Lenovo,13-inch,8GB
3,-2.03125,-0.162109375,ASUS,16-inch,4GB,Lenovo,13-inch,16GB
3,-1.9296875,-0.1787109375,ASUS,16-inch,4GB,Lenovo,14-inch,4GB
3,-1.9296875,-0.181640625,ASUS,16-inch,4GB,Lenovo,14-inch,8GB
3,-1.6171875,-0.2431640625,ASUS,16-inch,4GB,Lenovo,14-inch,16GB
3,-1.8203125,-0.1982421875,ASUS,16-inch,4GB,Lenovo,16-inch,4GB
3,-1.9296875,-0.18359375,ASUS,16-inch,4GB,Lenovo,16-inch,8GB
3,-1.4296875,-0.302734375,ASUS,16-inch,4GB,Lenovo,16-inch,16GB
3,-2.25,-0.1298828125,ASUS,16-inch,4GB,HP,13-inch,4GB
3,-2.15625,-0.150390625,ASUS,16-inch,4GB,HP,13-inch,8GB
3,-2.03125,-0.16015625,ASUS,16-inch,4GB,HP,13-inch,16GB
3,-2.03125,-0.1591796875,ASUS,16-inch,4GB,HP,14-inch,4GB
3,-2.046875,-0.1669921875,ASUS,16-inch,4GB,HP,14-inch,8GB
3,-1.8203125,-0.197265625,ASUS,16-inch,4GB,HP,14-inch,16GB
3,-1.71875,-0.22265625,ASUS,16-inch,4GB,HP,16-inch,4GB
3,-1.828125,-0.2041015625,ASUS,16-inch,4GB,HP,16-inch,8GB
3,-1.6171875,-0.2451171875,ASUS,16-inch,4GB,HP,16-inch,16GB
3,-2.140625,-0.1435546875,ASUS,16-inch,4GB,Dell,13-inch,4GB
3,-2.140625,-0.1474609375,ASUS,16-inch,4GB,Dell,13-inch,8GB
3,-2.03125,-0.16015625,ASUS,16-inch,4GB,Dell,13-inch,16GB
3,-2.03125,-0.1591796875,ASUS,16-inch,4GB,Dell,14-inch,4GB
3,-2.046875,-0.1640625,ASUS,16-inch,4GB,Dell,14-inch,8GB
3,-1.828125,-0.19921875,ASUS,16-inch,4GB,Dell,14-inch,16GB
3,-1.9296875,-0.177734375,ASUS,16-inch,4GB,Dell,16-inch,4GB
3,-2.140625,-0.14453125,ASUS,16-inch,4GB,Dell,16-inch,8GB
3,-1.5234375,-0.2734375,ASUS,16-inch,4GB,Dell,16-inch,16GB
3,-1.9375,-0.1865234375,ASUS,16-inch,4GB,Apple,13-inch,4GB
3,-2.265625,-0.1396484375,ASUS,16-inch,4GB,Apple,13-inch,8GB
3,-2.03125,-0.1630859375,ASUS,16-inch,4GB,Apple,13-inch,16GB
3,-1.828125,-0.2021484375,ASUS,16-inch,4GB,Apple,14-inch,4GB
3,-2.046875,-0.169921875,ASUS,16-inch,4GB,Apple,14-inch,8GB
3,-1.71875,-0.220703125,ASUS,16-inch,4GB,Apple,14-inch,16GB
3,-1.9296875,-0.181640625,ASUS,16-inch,4GB,Apple,16-inch,4GB
3,-2.046875,-0.16796875,ASUS,16-inch,4GB,Apple,16-inch,8GB
3,-1.4296875,-0.3046875,ASUS,16-inch,4GB,Apple,16-inch,16GB
3,-2.375,-0.1201171875,ASUS,16-inch,8GB,ASUS,13-inch,4GB
3,-2.375,-0.123046875,ASUS,16-inch,8GB,ASUS,13-inch,8GB
3,-2.25,-0.1298828125,ASUS,16-inch,8GB,ASUS,13-inch,16GB
3,-2.03125,-0.15625,ASUS,16-inch,8GB,ASUS,14-inch,4GB
3,-2.140625,-0.1396484375,ASUS,16-inch,8GB,ASUS,14-inch,8GB
3,-1.6171875,-0.23828125,ASUS,16-inch,8GB,ASUS,14-inch,16GB
3,-2.25,-0.1240234375,ASUS,16-inch,8GB,ASUS,16-inch,4GB
3,-1.328125,-0.32421875,ASUS,16-inch,8GB,ASUS,16-inch,16GB
3,-2.46875,-0.1005859375,ASUS,16-inch,8GB,Lenovo,13-inch,4GB
3,-2.484375,-0.10205078125,ASUS,16-inch,8GB,Lenovo,13-inch,8GB
3,-2.359375,-0.11376953125,ASUS,16-inch,8GB,Lenovo,13-inch,16GB
3,-2.15625,-0.1513671875,ASUS,16-inch,8GB,Lenovo,14-inch,4GB
3,-2.15625,-0.150390625,ASUS,16-inch,8GB,Lenovo,14-inch,8GB
3,-2.15625,-0.1484375,ASUS,16-inch,8GB,Lenovo,14-inch,16GB
3,-2.359375,-0.111328125,ASUS,16-inch,8GB,Lenovo,16-inch,4GB
3,-2.25,-0.125,ASUS,16-inch,8GB,Lenovo,16-inch,8GB
3,-1.8203125,-0.1943359375,ASUS,16-inch,8GB,Lenovo,16-inch,16GB
3,-2.46875,-0.099609375,ASUS,16-inch,8GB,HP,13-inch,4GB
3,-2.46875,-0.10009765625,ASUS,16-inch,8GB,HP,13-inch,8GB
3,-2.46875,-0.099609375,ASUS,16-inch,8GB,HP,13-inch,16GB
3,-2.359375,-0.11083984375,ASUS,16-inch,8GB,HP,14-inch,4GB
3,-2.46875,-0.10009765625,ASUS,16-inch,8GB,HP,14-inch,8GB
3,-2.03125,-0.1552734375,ASUS,16-inch,8GB,HP,14-inch,16GB
3,-2.59375,-0.08837890625,ASUS,16-inch,8GB,HP,16-inch,4GB
3,-2.46875,-0.099609375,ASUS,16-inch,8GB,HP,16-inch,8GB
3,-2.03125,-0.154296875,ASUS,16-inch,8GB,HP,16-inch,16GB
3,-2.46875,-0.09912109375,ASUS,16-inch,8GB,Dell,13-inch,4GB
3,-2.46875,-0.10009765625,ASUS,16-inch,8GB,Dell,13-inch,8GB
3,-2.46875,-0.099609375,ASUS,16-inch,8GB,Dell,13-inch,16GB
3,-2.25,-0.1240234375,ASUS,16-inch,8GB,Dell,14-inch,4GB
3,-2.46875,-0.10009765625,ASUS,16-inch,8GB,Dell,14-inch,8GB
3,-2.140625,-0.138671875,ASUS,16-inch,8GB,Dell,14-inch,16GB
3,-2.59375,-0.08740234375,ASUS,16-inch,8GB,Dell,16-inch,4GB
3,-2.359375,-0.111328125,ASUS,16-inch,8GB,Dell,16-inch,8GB
3,-2.03125,-0.1552734375,ASUS,16-inch,8GB,Dell,16-inch,16GB
3,-2.375,-0.1171875,ASUS,16-inch,8GB,Apple,13-inch,4GB
3,-2.484375,-0.10302734375,ASUS,16-inch,8GB,Apple,13-inch,8GB
3,-2.25,-0.1259765625,ASUS,16-inch,8GB,Apple,13-inch,16GB
3,-2.484375,-0.109375,ASUS,16-inch,8GB,Apple,14-inch,4GB
3,-2.15625,-0.162109375,ASUS,16-inch,8GB,Apple,14-inch,8GB
3,-2.0625,-0.1806640625,ASUS,16-inch,8GB,Apple,14-inch,16GB
3,-2.359375,-0.11279296875,ASUS,16-inch,8GB,Apple,16-inch,4GB
3,-2.359375,-0.1123046875,ASUS,16-inch,8GB,Apple,16-inch,8GB
3,-1.71875,-0.2158203125,ASUS,16-inch,8GB,Apple,16-inch,16GB
3,-1.8203125,-0.1943359375,ASUS,16-inch,16GB,ASUS,13-inch,4GB
3,-2.03125,-0.1611328125,ASUS,16-inch,16GB,ASUS,13-inch,8GB
3,-1.8203125,-0.1962890625,ASUS,16-inch,16GB,ASUS,13-inch,16GB
3,-1.7109375,-0.21484375,ASUS,16-inch,16GB,ASUS,14-inch,4GB
3,-1.921875,-0.173828125,ASUS,16-inch,16GB,ASUS,14-inch,8GB
3,-1.8203125,-0.1982421875,ASUS,16-inch,16GB,ASUS,14-inch,16GB
3,-1.6171875,-0.2412109375,ASUS,16-inch,16GB,ASUS,16-inch,4GB
3,-1.328125,-0.326171875,ASUS,16-inch,16GB,ASUS,16-inch,8GB
3,-2.03125,-0.1552734375,ASUS,16-inch,16GB,Lenovo,13-inch,4GB
3,-1.921875,-0.1748046875,ASUS,16-inch,16GB,Lenovo,13-inch,8GB
3,-1.71875,-0.216796875,ASUS,16-inch,16GB,Lenovo,13-inch,16GB
3,-1.921875,-0.1728515625,ASUS,16-inch,16GB,Lenovo,14-inch,4GB
3,-2.03125,-0.15625,ASUS,16-inch,16GB,Lenovo,14-inch,8GB
3,-1.71875,-0.21484375,ASUS,16-inch,16GB,Lenovo,14-inch,16GB
3,-1.8203125,-0.193359375,ASUS,16-inch,16GB,Lenovo,16-inch,4GB
3,-1.609375,-0.23828125,ASUS,16-inch,16GB,Lenovo,16-inch,8GB
3,-1.625,-0.248046875,ASUS,16-inch,16GB,Lenovo,16-inch,16GB
3,-1.921875,-0.1728515625,ASUS,16-inch,16GB,HP,13-inch,4GB
3,-1.921875,-0.1748046875,ASUS,16-inch,16GB,HP,13-inch,8GB
3,-1.6171875,-0.2421875,ASUS,16-inch,16GB,HP,13-inch,16GB
3,-1.921875,-0.1708984375,ASUS,16-inch,16GB,HP,14-inch,4GB
3,-2.03125,-0.15625,ASUS,16-inch,16GB,HP,14-inch,8GB
3,-1.71875,-0.2177734375,ASUS,16-inch,16GB,HP,14-inch,16GB
3,-1.8203125,-0.1923828125,ASUS,16-inch,16GB,HP,16-inch,4GB
3,-1.515625,-0.265625,ASUS,16-inch,16GB,HP,16-inch,8GB
3,-1.7265625,-0.2236328125,ASUS,16-inch,16GB,HP,16-inch,16GB
3,-2.03125,-0.1533203125,ASUS,16-inch,16GB,Dell,13-inch,4GB
3,-1.921875,-0.173828125,ASUS,16-inch,16GB,Dell,13-inch,8GB
3,-1.8203125,-0.1923828125,ASUS,16-inch,16GB,Dell,13-inch,16GB
3,-2.03125,-0.15234375,ASUS,16-inch,16GB,Dell,14-inch,4GB
3,-2.03125,-0.154296875,ASUS,16-inch,16GB,Dell,14-inch,8GB
3,-1.8203125,-0.19140625,ASUS,16-inch,16GB,Dell,14-inch,16GB
3,-1.8203125,-0.1923828125,ASUS,16-inch,16GB,Dell,16-inch,4GB
3,-1.7109375,-0.212890625,ASUS,16-inch,16GB,Dell,16-inch,8GB
3,-1.828125,-0.2021484375,ASUS,16-inch,16GB,Dell,16-inch,16GB
3,-1.6171875,-0.2412109375,ASUS,16-inch,16GB,Apple,13-inch,4GB
3,-1.9296875,-0.1806640625,ASUS,16-inch,16GB,Apple,13-inch,8GB
3,-1.5234375,-0.271484375,ASUS,16-inch,16GB,Apple,13-inch,16GB
3,-1.8203125,-0.193359375,ASUS,16-inch,16GB,Apple,14-inch,4GB
3,-1.921875,-0.17578125,ASUS,16-inch,16GB,Apple,14-inch,8GB
3,-1.71875,-0.220703125,ASUS,16-inch,16GB,Apple,14-inch,16GB
3,-1.6171875,-0.2412109375,ASUS,16-inch,16GB,Apple,16-inch,4GB
3,-1.6171875,-0.2412109375,ASUS,16-inch,16GB,Apple,16-inch,8GB
3,-1.2421875,-0.365234375,ASUS,16-inch,16GB,Apple,16-inch,16GB
3,-1.828125,-0.2021484375,Lenovo,13-inch,4GB,ASUS,13-inch,4GB
3,-2.140625,-0.146484375,Lenovo,13-inch,4GB,ASUS,13-inch,8GB
3,-1.4296875,-0.3046875,Lenovo,13-inch,4GB,ASUS,13-inch,16GB
3,-1.9375,-0.189453125,Lenovo,13-inch,4GB,ASUS,14-inch,4GB
3,-2.15625,-0.158203125,Lenovo,13-inch,4GB,ASUS,14-inch,8GB
3,-1.4375,-0.314453125,Lenovo,13-inch,4GB,ASUS,14-inch,16GB
3,-2.265625,-0.13671875,Lenovo,13-inch,4GB,ASUS,16-inch,4GB
3,-2.375,-0.1279296875,Lenovo,13-inch,4GB,ASUS,16-inch,8GB
3,-1.7265625,-0.2294921875,Lenovo,13-inch,4GB,ASUS,16-inch,16GB
3,-1.25,-0.375,Lenovo,13-inch,4GB,Lenovo,13-inch,8GB
3,-1.3359375,-0.337890625,Lenovo,13-inch,4GB,Lenovo,13-inch,16GB
3,-1.9296875,-0.18359375,Lenovo,13-inch,4GB,Lenovo,14-inch,4GB
3,-1.9375,-0.1904296875,Lenovo,13-inch,4GB,Lenovo,14-inch,8GB
3,-1.4375,-0.31640625,Lenovo,13-inch,4GB,Lenovo,14-inch,16GB
3,-2.265625,-0.13671875,Lenovo,13-inch,4GB,Lenovo,16-inch,4GB
3,-2.15625,-0.154296875,Lenovo,13-inch,4GB,Lenovo,16-inch,8GB
3,-1.5390625,-0.287109375,Lenovo,13-inch,4GB,Lenovo,16-inch,16GB
3,-1.7265625,-0.2236328125,Lenovo,13-inch,4GB,HP,13-inch,4GB
3,-1.828125,-0.2060546875,Lenovo,13-inch,4GB,HP,13-inch,8GB
3,-1.25,-0.373046875,Lenovo,13-inch,4GB,HP,13-inch,16GB
3,-1.7265625,-0.2294921875,Lenovo,13-inch,4GB,HP,14-inch,4GB
3,-2.046875,-0.17578125,Lenovo,13-inch,4GB,HP,14-inch,8GB
3,-1.4375,-0.314453125,Lenovo,13-inch,4GB,HP,14-inch,16GB
3,-2.046875,-0.166015625,Lenovo,13-inch,4GB,HP,16-inch,4GB
3,-2.15625,-0.1552734375,Lenovo,13-inch,4GB,HP,16-inch,8GB
3,-1.6328125,-0.255859375,Lenovo,13-inch,4GB,HP,16-inch,16GB
3,-1.828125,-0.2021484375,Lenovo,13-inch,4GB,Dell,13-inch,4GB
3,-2.046875,-0.1640625,Lenovo,13-inch,4GB,Dell,13-inch,8GB
3,-1.34375,-0.33984375,Lenovo,13-inch,4GB,Dell,13-inch,16GB
3,-1.9375,-0.1865234375,Lenovo,13-inch,4GB,Dell,14-inch,4GB
3,-2.046875,-0.1728515625,Lenovo,13-inch,4GB,Dell,14-inch,8GB
3,-1.34375,-0.345703125,Lenovo,13-inch,4GB,Dell,14-inch,16GB
3,-2.046875,-0.1669921875,Lenovo,13-inch,4GB,Dell,16-inch,4GB
3,-2.265625,-0.140625,Lenovo,13-inch,4GB,Dell,16-inch,8GB
3,-1.6328125,-0.2578125,Lenovo,13-inch,4GB,Dell,16-inch,16GB
3,-1.7265625,-0.22265625,Lenovo,13-inch,4GB,Apple,13-inch,4GB
3,-2.046875,-0.16796875,Lenovo,13-inch,4GB,Apple,13-inch,8GB
3,-1.25,-0.375,Lenovo,13-inch,4GB,Apple,13-inch,16GB
3,-1.7265625,-0.2294921875,Lenovo,13-inch,4GB,Apple,14-inch,4GB
3,-2.15625,-0.1611328125,Lenovo,13-inch,4GB,Apple,14-inch,8GB
3,-1.34375,-0.34375,Lenovo,13-inch,4GB,Apple,14-inch,16GB
3,-1.9375,-0.185546875,Lenovo,13-inch,4GB,Apple,16-inch,4GB
3,-2.265625,-0.142578125,Lenovo,13-inch,4GB,Apple,16-inch,8GB
3,-1.53125,-0.28125,Lenovo,13-inch,4GB,Apple,16-inch,16GB
3,-2.359375,-0.1123046875,Lenovo,13-inch,8GB,ASUS,13-inch,4GB
3,-2.25,-0.1279296875,Lenovo,13-inch,8GB,ASUS,13-inch,8GB
3,-1.921875,-0.17578125,Lenovo,13-inch,8GB,ASUS,13-inch,16GB
3,-2.359375,-0.11328125,Lenovo,13-inch,8GB,ASUS,14-inch,4GB
3,-2.359375,-0.11474609375,Lenovo,13-inch,8GB,ASUS,14-inch,8GB
3,-2.25,-0.1298828125,Lenovo,13-inch,8GB,ASUS,14-inch,16GB
3,-2.484375,-0.10205078125,Lenovo,13-inch,8GB,ASUS,16-inch,4GB
3,-2.484375,-0.103515625,Lenovo,13-inch,8GB,ASUS,16-inch,8GB
3,-2.359375,-0.1162109375,Lenovo,13-inch,8GB,ASUS,16-inch,16GB
3,-2.140625,-0.1396484375,Lenovo,13-inch,8GB,Lenovo,13-inch,4GB
3,-1.515625,-0.26953125,Lenovo,13-inch,8GB,Lenovo,13-inch,16GB
3,-2.140625,-0.142578125,Lenovo,13-inch,8GB,Lenovo,14-inch,4GB
3,-2.03125,-0.16015625,Lenovo,13-inch,8GB,Lenovo,14-inch,8GB
3,-1.625,-0.2470703125,Lenovo,13-inch,8GB,Lenovo,14-inch,16GB
3,-2.359375,-0.11376953125,Lenovo,13-inch,8GB,Lenovo,16-inch,4GB
3,-2.25,-0.12890625,Lenovo,13-inch,8GB,Lenovo,16-inch,8GB
3,-1.9296875,-0.1787109375,Lenovo,13-inch,8GB,Lenovo,16-inch,16GB
3,-2.359375,-0.1123046875,Lenovo,13-inch,8GB,HP,13-inch,4GB
3,-2.25,-0.126953125,Lenovo,13-inch,8GB,HP,13-inch,8GB
3,-1.71875,-0.2158203125,Lenovo,13-inch,8GB,HP,13-inch,16GB
3,-2.359375,-0.11279296875,Lenovo,13-inch,8GB,HP,14-inch,4GB
3,-2.25,-0.1279296875,Lenovo,13-inch,8GB,HP,14-inch,8GB
3,-1.8203125,-0.1982421875,Lenovo,13-inch,8GB,HP,14-inch,16GB
3,-2.359375,-0.111328125,Lenovo,13-inch,8GB,HP,16-inch,4GB
3,-2.359375,-0.1142578125,Lenovo,13-inch,8GB,HP,16-inch,8GB
3,-1.9296875,-0.1767578125,Lenovo,13-inch,8GB,HP,16-inch,16GB
3,-2.03125,-0.1572265625,Lenovo,13-inch,8GB,Dell,13-inch,4GB
3,-2.25,-0.126953125,Lenovo,13-inch,8GB,Dell,13-inch,8GB
3,-1.6171875,-0.2412109375,Lenovo,13-inch,8GB,Dell,13-inch,16GB
3,-2.25,-0.1259765625,Lenovo,13-inch,8GB,Dell,14-inch,4GB
3,-2.25,-0.1259765625,Lenovo,13-inch,8GB,Dell,14-inch,8GB
3,-1.71875,-0.2216796875,Lenovo,13-inch,8GB,Dell,14-inch,16GB
3,-2.359375,-0.11328125,Lenovo,13-inch,8GB,Dell,16-inch,4GB
3,-2.25,-0.126953125,Lenovo,13-inch,8GB,Dell,16-inch,8GB
3,-1.9296875,-0.177734375,Lenovo,13-inch,8GB,Dell,16-inch,16GB
3,-2.140625,-0.1435546875,Lenovo,13-inch,8GB,Apple,13-inch,4GB
3,-2.25,-0.126953125,Lenovo,13-inch,8GB,Apple,13-inch,8GB
3,-1.5234375,-0.26953125,Lenovo,13-inch,8GB,Apple,13-inch,16GB
3,-2.140625,-0.14453125,Lenovo,13-inch,8GB,Apple,14-inch,4GB
3,-2.140625,-0.1435546875,Lenovo,13-inch,8GB,Apple,14-inch,8GB
3,-1.828125,-0.2001953125,Lenovo,13-inch,8GB,Apple,14-inch,16GB
3,-2.25,-0.12890625,Lenovo,13-inch,8GB,Apple,16-inch,4GB
3,-2.140625,-0.142578125,Lenovo,13-inch,8GB,Apple,16-inch,8GB
3,-1.8203125,-0.1982421875,Lenovo,13-inch,8GB,Apple,16-inch,16GB
3,-1.15625,-0.408203125,Lenovo,13-inch,16GB,ASUS,13-inch,4GB
3,-1.3359375,-0.33203125,Lenovo,13-inch,16GB,ASUS,13-inch,8GB
3,-1.328125,-0.326171875,Lenovo,13-inch,16GB,ASUS,13-inch,16GB
3,-1.3359375,-0.3359375,Lenovo,13-inch,16GB,ASUS,14-inch,4GB
3,-1.4296875,-0.302734375,Lenovo,13-inch,16GB,ASUS,14-inch,8GB
3,-1.6171875,-0.2412109375,Lenovo,13-inch,16GB,ASUS,14-inch,16GB
3,-1.4296875,-0.302734375,Lenovo,13-inch,16GB,ASUS,16-inch,4GB
3,-1.3359375,-0.3359375,Lenovo,13-inch,16GB,ASUS,16-inch,8GB
3,-1.234375,-0.36328125,Lenovo,13-inch,16GB,ASUS,16-inch,16GB
3,-1.15625,-0.40625,Lenovo,13-inch,16GB,Lenovo,13-inch,4GB
3,-1.0703125,-0.447265625,Lenovo,13-inch,16GB,Lenovo,13-inch,8GB
3,-1.6171875,-0.2421875,Lenovo,13-inch,16GB,Lenovo,14-inch,4GB
3,-1.3359375,-0.333984375,Lenovo,13-inch,16GB,Lenovo,14-inch,8GB
3,-1.8203125,-0.1953125,Lenovo,13-inch,16GB,Lenovo,14-inch,16GB
3,-1.515625,-0.26953125,Lenovo,13-inch,16GB,Lenovo,16-inch,4GB
3,-1.25,-0.373046875,Lenovo,13-inch,16GB,Lenovo,16-inch,8GB
3,-1.515625,-0.267578125,Lenovo,13-inch,16GB,Lenovo,16-inch,16GB
3,-1.421875,-0.30078125,Lenovo,13-inch,16GB,HP,13-inch,4GB
3,-1.1640625,-0.41015625,Lenovo,13-inch,16GB,HP,13-inch,8GB
3,-1.328125,-0.326171875,Lenovo,13-inch,16GB,HP,13-inch,16GB
3,-1.5234375,-0.271484375,Lenovo,13-inch,16GB,HP,14-inch,4GB
3,-1.4296875,-0.306640625,Lenovo,13-inch,16GB,HP,14-inch,8GB
3,-1.71875,-0.2158203125,Lenovo,13-inch,16GB,HP,14-inch,16GB
3,-1.5234375,-0.2734375,Lenovo,13-inch,16GB,HP,16-inch,4GB
3,-1.4296875,-0.302734375,Lenovo,13-inch,16GB,HP,16-inch,8GB
3,-1.328125,-0.328125,Lenovo,13-inch,16GB,HP,16-inch,16GB
3,-1.15625,-0.408203125,Lenovo,13-inch,16GB,Dell,13-inch,4GB
3,-1.15625,-0.408203125,Lenovo,13-inch,16GB,Dell,13-inch,8GB
3,-1.234375,-0.36328125,Lenovo,13-inch,16GB,Dell,13-inch,16GB
3,-1.5234375,-0.26953125,Lenovo,13-inch,16GB,Dell,14-inch,4GB
3,-1.5234375,-0.275390625,Lenovo,13-inch,16GB,Dell,14-inch,8GB
3,-1.6171875,-0.240234375,Lenovo,13-inch,16GB,Dell,14-inch,16GB
3,-1.4296875,-0.302734375,Lenovo,13-inch,16GB,Dell,16-inch,4GB
3,-1.5234375,-0.27734375,Lenovo,13-inch,16GB,Dell,16-inch,8GB
3,-1.421875,-0.294921875,Lenovo,13-inch,16GB,Dell,16-inch,16GB
3,-1.0703125,-0.44921875,Lenovo,13-inch,16GB,Apple,13-inch,4GB
3,-1.15625,-0.41015625,Lenovo,13-inch,16GB,Apple,13-inch,8GB
3,-1.2421875,-0.365234375,Lenovo,13-inch,16GB,Apple,13-inch,16GB
3,-1.3359375,-0.3359375,Lenovo,13-inch,16GB,Apple,14-inch,4GB
3,-1.4296875,-0.30859375,Lenovo,13-inch,16GB,Apple,14-inch,8GB
3,-1.421875,-0.296875,Lenovo,13-inch,16GB,Apple,14-inch,16GB
3,-1.2421875,-0.369140625,Lenovo,13-inch,16GB,Apple,16-inch,4GB
3,-1.3359375,-0.33984375,Lenovo,13-inch,16GB,Apple,16-inch,8GB
3,-1.15625,-0.40234375,Lenovo,13-inch,16GB,Apple,16-inch,16GB
3,-2.25,-0.12890625,Lenovo,14-inch,4GB,ASUS,13-inch,4GB
3,-2.71875,-0.08642578125,Lenovo,14-inch,4GB,ASUS,13-inch,8GB
3,-2.03125,-0.1611328125,Lenovo,14-inch,4GB,ASUS,13-inch,16GB
3,-2.03125,-0.1572265625,Lenovo,14-inch,4GB,ASUS,14-inch,4GB
3,-2.359375,-0.1162109375,Lenovo,14-inch,4GB,ASUS,14-inch,8GB
3,-1.5234375,-0.26953125,Lenovo,14-inch,4GB,ASUS,14-inch,16GB
3,-2.140625,-0.1455078125,Lenovo,14-inch,4GB,ASUS,16-inch,4GB
3,-2.59375,-0.09619140625,Lenovo,14-inch,4GB,ASUS,16-inch,8GB
3,-1.71875,-0.220703125,Lenovo,14-inch,4GB,ASUS,16-inch,16GB
3,-2.359375,-0.115234375,Lenovo,14-inch,4GB,Lenovo,13-inch,4GB
3,-2.140625,-0.1455078125,Lenovo,14-inch,4GB,Lenovo,13-inch,8GB
3,-1.8203125,-0.1962890625,Lenovo,14-inch,4GB,Lenovo,13-inch,16GB
3,-1.5234375,-0.26953125,Lenovo,14-inch,4GB,Lenovo,14-inch,8GB
3,-1.421875,-0.298828125,Lenovo,14-inch,4GB,Lenovo,14-inch,16GB
3,-2.25,-0.1298828125,Lenovo,14-inch,4GB,Lenovo,16-inch,4GB
3,-2.140625,-0.1455078125,Lenovo,14-inch,4GB,Lenovo,16-inch,8GB
3,-1.6171875,-0.24609375,Lenovo,14-inch,4GB,Lenovo,16-inch,16GB
3,-2.140625,-0.142578125,Lenovo,14-inch,4GB,HP,13-inch,4GB
3,-2.484375,-0.10546875,Lenovo,14-inch,4GB,HP,13-inch,8GB
3,-1.8203125,-0.1982421875,Lenovo,14-inch,4GB,HP,13-inch,16GB
3,-1.71875,-0.2177734375,Lenovo,14-inch,4GB,HP,14-inch,4GB
3,-1.9296875,-0.177734375,Lenovo,14-inch,4GB,HP,14-inch,8GB
3,-1.421875,-0.298828125,Lenovo,14-inch,4GB,HP,14-inch,16GB
3,-2.03125,-0.16015625,Lenovo,14-inch,4GB,HP,16-inch,4GB
3,-2.375,-0.1181640625,Lenovo,14-inch,4GB,HP,16-inch,8GB
3,-1.8203125,-0.197265625,Lenovo,14-inch,4GB,HP,16-inch,16GB
3,-2.25,-0.1279296875,Lenovo,14-inch,4GB,Dell,13-inch,4GB
3,-2.484375,-0.10595703125,Lenovo,14-inch,4GB,Dell,13-inch,8GB
3,-1.8203125,-0.19921875,Lenovo,14-inch,4GB,Dell,13-inch,16GB
3,-1.71875,-0.2177734375,Lenovo,14-inch,4GB,Dell,14-inch,4GB
3,-2.140625,-0.1416015625,Lenovo,14-inch,4GB,Dell,14-inch,8GB
3,-1.5234375,-0.271484375,Lenovo,14-inch,4GB,Dell,14-inch,16GB
3,-2.03125,-0.1591796875,Lenovo,14-inch,4GB,Dell,16-inch,4GB
3,-2.375,-0.11767578125,Lenovo,14-inch,4GB,Dell,16-inch,8GB
3,-1.8203125,-0.197265625,Lenovo,14-inch,4GB,Dell,16-inch,16GB
3,-2.03125,-0.162109375,Lenovo,14-inch,4GB,Apple,13-inch,4GB
3,-2.375,-0.12451171875,Lenovo,14-inch,4GB,Apple,13-inch,8GB
3,-1.9296875,-0.1796875,Lenovo,14-inch,4GB,Apple,13-inch,16GB
3,-1.8203125,-0.1982421875,Lenovo,14-inch,4GB,Apple,14-inch,4GB
3,-2.375,-0.119140625,Lenovo,14-inch,4GB,Apple,14-inch,8GB
3,-1.515625,-0.267578125,Lenovo,14-inch,4GB,Apple,14-inch,16GB
3,-2.03125,-0.162109375,Lenovo,14-inch,4GB,Apple,16-inch,4GB
3,-2.375,-0.12451171875,Lenovo,14-inch,4GB,Apple,16-inch,8GB
3,-1.71875,-0.22265625,Lenovo,14-inch,4GB,Apple,16-inch,16GB
3,-2.359375,-0.111328125,Lenovo,14-inch,8GB,ASUS,13-inch,4GB
3,-2.25,-0.125,Lenovo,14-inch,8GB,ASUS,13-inch,8GB
3,-2.25,-0.125,Lenovo,14-inch,8GB,ASUS,13-inch,16GB
3,-2.25,-0.123046875,Lenovo,14-inch,8GB,ASUS,14-inch,4GB
3,-2.140625,-0.13671875,Lenovo,14-inch,8GB,ASUS,14-inch,8GB
3,-2.03125,-0.1533203125,Lenovo,14-inch,8GB,ASUS,14-inch,16GB
3,-2.359375,-0.11083984375,Lenovo,14-inch,8GB,ASUS,16-inch,4GB
3,-2.359375,-0.11083984375,Lenovo,14-inch,8GB,ASUS,16-inch,8GB
3,-2.359375,-0.111328125,Lenovo,14-inch,8GB,ASUS,16-inch,16GB
3,-2.25,-0.12353515625,Lenovo,14-inch,8GB,Lenovo,13-inch,4GB
3,-2.03125,-0.154296875,Lenovo,14-inch,8GB,Lenovo,13-inch,8GB
3,-1.8203125,-0.19140625,Lenovo,14-inch,8GB,Lenovo,13-inch,16GB
3,-1.9296875,-0.1767578125,Lenovo,14-inch,8GB,Lenovo,14-inch,4GB
3,-1.8203125,-0.1953125,Lenovo,14-inch,8GB,Lenovo,14-inch,16GB
3,-2.359375,-0.11083984375,Lenovo,14-inch,8GB,Lenovo,16-inch,4GB
3,-2.25,-0.1240234375,Lenovo,14-inch,8GB,Lenovo,16-inch,8GB
3,-1.921875,-0.1728515625,Lenovo,14-inch,8GB,Lenovo,16-inch,16GB
3,-2.140625,-0.138671875,Lenovo,14-inch,8GB,HP,13-inch,4GB
3,-2.140625,-0.138671875,Lenovo,14-inch,8GB,HP,13-inch,8GB
3,-1.921875,-0.1708984375,Lenovo,14-inch,8GB,HP,13-inch,16GB
3,-2.03125,-0.1552734375,Lenovo,14-inch,8GB,HP,14-inch,4GB
3,-1.921875,-0.1708984375,Lenovo,14-inch,8GB,HP,14-inch,8GB
3,-1.7109375,-0.212890625,Lenovo,14-inch,8GB,HP,14-inch,16GB
3,-2.25,-0.1240234375,Lenovo,14-inch,8GB,HP,16-inch,4GB
3,-2.140625,-0.138671875,Lenovo,14-inch,8GB,HP,16-inch,8GB
3,-1.921875,-0.171875,Lenovo,14-inch,8GB,HP,16-inch,16GB
3,-2.140625,-0.138671875,Lenovo,14-inch,8GB,Dell,13-inch,4GB
3,-2.140625,-0.1376953125,Lenovo,14-inch,8GB,Dell,13-inch,8GB
3,-1.8203125,-0.1923828125,Lenovo,14-inch,8GB,Dell,13-inch,16GB
3,-2.03125,-0.15234375,Lenovo,14-inch,8GB,Dell,14-inch,4GB
3,-2.03125,-0.1533203125,Lenovo,14-inch,8GB,Dell,14-inch,8GB
3,-1.609375,-0.2373046875,Lenovo,14-inch,8GB,Dell,14-inch,16GB
3,-2.359375,-0.10986328125,Lenovo,14-inch,8GB,Dell,16-inch,4GB
3,-2.25,-0.123046875,Lenovo,14-inch,8GB,Dell,16-inch,8GB
3,-1.921875,-0.171875,Lenovo,14-inch,8GB,Dell,16-inch,16GB
3,-2.03125,-0.1572265625,Lenovo,14-inch,8GB,Apple,13-inch,4GB
3,-2.140625,-0.1396484375,Lenovo,14-inch,8GB,Apple,13-inch,8GB
3,-1.921875,-0.1728515625,Lenovo,14-inch,8GB,Apple,13-inch,16GB
3,-1.921875,-0.173828125,Lenovo,14-inch,8GB,Apple,14-inch,4GB
3,-2.03125,-0.1552734375,Lenovo,14-inch,8GB,Apple,14-inch,8GB
3,-1.515625,-0.263671875,Lenovo,14-inch,8GB,Apple,14-inch,16GB
3,-2.03125,-0.1552734375,Lenovo,14-inch,8GB,Apple,16-inch,4GB
3,-2.140625,-0.1396484375,Lenovo,14-inch,8GB,Apple,16-inch,8GB
3,-2.03125,-0.154296875,Lenovo,14-inch,8GB,Apple,16-inch,16GB
3,-1.71875,-0.220703125,Lenovo,14-inch,16GB,ASUS,13-inch,4GB
3,-1.8203125,-0.197265625,Lenovo,14-inch,16GB,ASUS,13-inch,8GB
3,-1.8203125,-0.193359375,Lenovo,14-inch,16GB,ASUS,13-inch,16GB
3,-1.5234375,-0.271484375,Lenovo,14-inch,16GB,ASUS,14-inch,4GB
3,-1.71875,-0.2158203125,Lenovo,14-inch,16GB,ASUS,14-inch,8GB
3,-1.71875,-0.2158203125,Lenovo,14-inch,16GB,ASUS,14-inch,16GB
3,-1.8203125,-0.1962890625,Lenovo,14-inch,16GB,ASUS,16-inch,4GB
3,-1.8203125,-0.1962890625,Lenovo,14-inch,16GB,ASUS,16-inch,8GB
3,-1.71875,-0.21484375,Lenovo,14-inch,16GB,ASUS,16-inch,16GB
3,-1.71875,-0.21875,Lenovo,14-inch,16GB,Lenovo,13-inch,4GB
3,-1.8203125,-0.1982421875,Lenovo,14-inch,16GB,Lenovo,13-inch,8GB
3,-1.8203125,-0.193359375,Lenovo,14-inch,16GB,Lenovo,13-inch,16GB
3,-1.515625,-0.26953125,Lenovo,14-inch,16GB,Lenovo,14-inch,4GB
3,-1.2421875,-0.365234375,Lenovo,14-inch,16GB,Lenovo,14-inch,8GB
3,-1.921875,-0.1748046875,Lenovo,14-inch,16GB,Lenovo,16-inch,4GB
3,-1.6171875,-0.2431640625,Lenovo,14-inch,16GB,Lenovo,16-inch,8GB
3,-1.8203125,-0.1923828125,Lenovo,14-inch,16GB,Lenovo,16-inch,16GB
3,-1.71875,-0.2197265625,Lenovo,14-inch,16GB,HP,13-inch,4GB
3,-1.828125,-0.201171875,Lenovo,14-inch,16GB,HP,13-inch,8GB
3,-1.71875,-0.216796875,Lenovo,14-inch,16GB,HP,13-inch,16GB
3,-1.71875,-0.21875,Lenovo,14-inch,16GB,HP,14-inch,4GB
3,-1.5234375,-0.26953125,Lenovo,14-inch,16GB,HP,14-inch,8GB
3,-1.8203125,-0.1923828125,Lenovo,14-inch,16GB,HP,14-inch,16GB
3,-1.921875,-0.1748046875,Lenovo,14-inch,16GB,HP,16-inch,4GB
3,-1.8203125,-0.1982421875,Lenovo,14-inch,16GB,HP,16-inch,8GB
3,-1.8203125,-0.1923828125,Lenovo,14-inch,16GB,HP,16-inch,16GB
3,-1.6171875,-0.2431640625,Lenovo,14-inch,16GB,Dell,13-inch,4GB
3,-1.9296875,-0.1796875,Lenovo,14-inch,16GB,Dell,13-inch,8GB
3,-1.6171875,-0.23828125,Lenovo,14-inch,16GB,Dell,13-inch,16GB
3,-1.6171875,-0.2421875,Lenovo,14-inch,16GB,Dell,14-inch,4GB
3,-1.515625,-0.26953125,Lenovo,14-inch,16GB,Dell,14-inch,8GB
3,-1.6171875,-0.2392578125,Lenovo,14-inch,16GB,Dell,14-inch,16GB
3,-1.8203125,-0.1943359375,Lenovo,14-inch,16GB,Dell,16-inch,4GB
3,-1.9296875,-0.1787109375,Lenovo,14-inch,16GB,Dell,16-inch,8GB
3,-1.71875,-0.2158203125,Lenovo,14-inch,16GB,Dell,16-inch,16GB
3,-1.3359375,-0.333984375,Lenovo,14-inch,16GB,Apple,13-inch,4GB
3,-1.7265625,-0.2236328125,Lenovo,14-inch,16GB,Apple,13-inch,8GB
3,-1.328125,-0.330078125,Lenovo,14-inch,16GB,Apple,13-inch,16GB
3,-1.515625,-0.26953125,Lenovo,14-inch,16GB,Apple,14-inch,4GB
3,-1.5234375,-0.271484375,Lenovo,14-inch,16GB,Apple,14-inch,8GB
3,-1.515625,-0.265625,Lenovo,14-inch,16GB,Apple,14-inch,16GB
3,-1.6171875,-0.244140625,Lenovo,14-inch,16GB,Apple,16-inch,4GB
3,-1.8203125,-0.19921875,Lenovo,14-inch,16GB,Apple,16-inch,8GB
3,-1.515625,-0.265625,Lenovo,14-inch,16GB,Apple,16-inch,16GB
3,-2.140625,-0.142578125,Lenovo,16-inch,4GB,ASUS,13-inch,4GB
3,-2.375,-0.1181640625,Lenovo,16-inch,4GB,ASUS,13-inch,8GB
3,-2.03125,-0.1611328125,Lenovo,16-inch,4GB,ASUS,13-inch,16GB
3,-2.03125,-0.1611328125,Lenovo,16-inch,4GB,ASUS,14-inch,4GB
3,-2.375,-0.12158203125,Lenovo,16-inch,4GB,ASUS,14-inch,8GB
3,-2.25,-0.12890625,Lenovo,16-inch,4GB,ASUS,14-inch,16GB
3,-1.9296875,-0.1767578125,Lenovo,16-inch,4GB,ASUS,16-inch,4GB
3,-2.140625,-0.14453125,Lenovo,16-inch,4GB,ASUS,16-inch,8GB
3,-1.9296875,-0.1796875,Lenovo,16-inch,4GB,ASUS,16-inch,16GB
3,-2.03125,-0.16015625,Lenovo,16-inch,4GB,Lenovo,13-inch,4GB
3,-2.140625,-0.146484375,Lenovo,16-inch,4GB,Lenovo,13-inch,8GB
3,-1.9296875,-0.177734375,Lenovo,16-inch,4GB,Lenovo,13-inch,16GB
3,-1.9296875,-0.1796875,Lenovo,16-inch,4GB,Lenovo,14-inch,4GB
3,-2.03125,-0.1630859375,Lenovo,16-inch,4GB,Lenovo,14-inch,8GB
3,-1.9296875,-0.1796875,Lenovo,16-inch,4GB,Lenovo,14-inch,16GB
3,-1.4296875,-0.3046875,Lenovo,16-inch,4GB,Lenovo,16-inch,8GB
3,-1.5234375,-0.271484375,Lenovo,16-inch,4GB,Lenovo,16-inch,16GB
3,-2.03125,-0.1591796875,Lenovo,16-inch,4GB,HP,13-inch,4GB
3,-2.25,-0.1298828125,Lenovo,16-inch,4GB,HP,13-inch,8GB
3,-1.9296875,-0.1796875,Lenovo,16-inch,4GB,HP,13-inch,16GB
3,-1.9296875,-0.177734375,Lenovo,16-inch,4GB,HP,14-inch,4GB
3,-2.140625,-0.1474609375,Lenovo,16-inch,4GB,HP,14-inch,8GB
3,-1.828125,-0.2001953125,Lenovo,16-inch,4GB,HP,14-inch,16GB
3,-1.625,-0.24609375,Lenovo,16-inch,4GB,HP,16-inch,4GB
3,-2.03125,-0.1630859375,Lenovo,16-inch,4GB,HP,16-inch,8GB
3,-1.6171875,-0.2451171875,Lenovo,16-inch,4GB,HP,16-inch,16GB
3,-1.9296875,-0.1767578125,Lenovo,16-inch,4GB,Dell,13-inch,4GB
3,-2.25,-0.1298828125,Lenovo,16-inch,4GB,Dell,13-inch,8GB
3,-2.03125,-0.16015625,Lenovo,16-inch,4GB,Dell,13-inch,16GB
3,-1.8203125,-0.1982421875,Lenovo,16-inch,4GB,Dell,14-inch,4GB
3,-2.25,-0.1318359375,Lenovo,16-inch,4GB,Dell,14-inch,8GB
3,-2.03125,-0.1611328125,Lenovo,16-inch,4GB,Dell,14-inch,16GB
3,-1.71875,-0.21875,Lenovo,16-inch,4GB,Dell,16-inch,4GB
3,-2.03125,-0.16015625,Lenovo,16-inch,4GB,Dell,16-inch,8GB
3,-1.5234375,-0.275390625,Lenovo,16-inch,4GB,Dell,16-inch,16GB
3,-1.828125,-0.201171875,Lenovo,16-inch,4GB,Apple,13-inch,4GB
3,-2.15625,-0.1513671875,Lenovo,16-inch,4GB,Apple,13-inch,8GB
3,-1.9296875,-0.18359375,Lenovo,16-inch,4GB,Apple,13-inch,16GB
3,-1.7265625,-0.2236328125,Lenovo,16-inch,4GB,Apple,14-inch,4GB
3,-2.15625,-0.1513671875,Lenovo,16-inch,4GB,Apple,14-inch,8GB
3,-1.71875,-0.2216796875,Lenovo,16-inch,4GB,Apple,14-inch,16GB
3,-1.71875,-0.2197265625,Lenovo,16-inch,4GB,Apple,16-inch,4GB
3,-1.9296875,-0.1826171875,Lenovo,16-inch,4GB,Apple,16-inch,8GB
3,-1.5234375,-0.27734375,Lenovo,16-inch,4GB,Apple,16-inch,16GB
3,-2.359375,-0.1171875,Lenovo,16-inch,8GB,ASUS,13-inch,4GB
3,-2.484375,-0.10986328125,Lenovo,16-inch,8GB,ASUS,13-inch,8GB
3,-2.59375,-0.09912109375,Lenovo,16-inch,8GB,ASUS,13-inch,16GB
3,-2.25,-0.1298828125,Lenovo,16-inch,8GB,ASUS,14-inch,4GB
3,-2.265625,-0.1416015625,Lenovo,16-inch,8GB,ASUS,14-inch,8GB
3,-2.5,-0.12060546875,Lenovo,16-inch,8GB,ASUS,14-inch,16GB
3,-2.46875,-0.099609375,Lenovo,16-inch,8GB,ASUS,16-inch,4GB
3,-2.359375,-0.111328125,Lenovo,16-inch,8GB,ASUS,16-inch,8GB
3,-2.359375,-0.11083984375,Lenovo,16-inch,8GB,ASUS,16-inch,16GB
3,-2.484375,-0.109375,Lenovo,16-inch,8GB,Lenovo,13-inch,4GB
3,-2.59375,-0.1005859375,Lenovo,16-inch,8GB,Lenovo,13-inch,8GB
3,-2.703125,-0.08544921875,Lenovo,16-inch,8GB,Lenovo,13-inch,16GB
3,-2.25,-0.126953125,Lenovo,16-inch,8GB,Lenovo,14-inch,4GB
3,-2.359375,-0.1123046875,Lenovo,16-inch,8GB,Lenovo,14-inch,8GB
3,-2.140625,-0.138671875,Lenovo,16-inch,8GB,Lenovo,14-inch,16GB
3,-2.046875,-0.171875,Lenovo,16-inch,8GB,Lenovo,16-inch,4GB
3,-1.625,-0.251953125,Lenovo,16-inch,8GB,Lenovo,16-inch,16GB
3,-2.265625,-0.1376953125,Lenovo,16-inch,8GB,HP,13-inch,4GB
3,-2.15625,-0.1591796875,Lenovo,16-inch,8GB,HP,13-inch,8GB
3,-2.484375,-0.1083984375,Lenovo,16-inch,8GB,HP,13-inch,16GB
3,-2.046875,-0.1689453125,Lenovo,16-inch,8GB,HP,14-inch,4GB
3,-2.046875,-0.17578125,Lenovo,16-inch,8GB,HP,14-inch,8GB
3,-2.265625,-0.1337890625,Lenovo,16-inch,8GB,HP,14-inch,16GB
3,-2.359375,-0.1103515625,Lenovo,16-inch,8GB,HP,16-inch,4GB
3,-2.359375,-0.111328125,Lenovo,16-inch,8GB,HP,16-inch,8GB
3,-2.03125,-0.154296875,Lenovo,16-inch,8GB,HP,16-inch,16GB
3,-2.59375,-0.095703125,Lenovo,16-inch,8GB,Dell,13-inch,4GB
3,-2.703125,-0.08544921875,Lenovo,16-inch,8GB,Dell,13-inch,8GB
3,-2.9375,-0.0673828125,Lenovo,16-inch,8GB,Dell,13-inch,16GB
3,-2.265625,-0.1337890625,Lenovo,16-inch,8GB,Dell,14-inch,4GB
3,-2.046875,-0.171875,Lenovo,16-inch,8GB,Dell,14-inch,8GB
3,-2.25,-0.1318359375,Lenovo,16-inch,8GB,Dell,14-inch,16GB
3,-2.25,-0.12451171875,Lenovo,16-inch,8GB,Dell,16-inch,4GB
3,-2.140625,-0.138671875,Lenovo,16-inch,8GB,Dell,16-inch,8GB
3,-1.921875,-0.1728515625,Lenovo,16-inch,8GB,Dell,16-inch,16GB
3,-2.359375,-0.1103515625,Lenovo,16-inch,8GB,Apple,13-inch,4GB
3,-2.359375,-0.115234375,Lenovo,16-inch,8GB,Apple,13-inch,8GB
3,-2.140625,-0.142578125,Lenovo,16-inch,8GB,Apple,13-inch,16GB
3,-2.703125,-0.0830078125,Lenovo,16-inch,8GB,Apple,14-inch,4GB
3,-2.046875,-0.171875,Lenovo,16-inch,8GB,Apple,14-inch,8GB
3,-2.15625,-0.1552734375,Lenovo,16-inch,8GB,Apple,14-inch,16GB
3,-2.25,-0.126953125,Lenovo,16-inch,8GB,Apple,16-inch,4GB
3,-2.140625,-0.140625,Lenovo,16-inch,8GB,Apple,16-inch,8GB
3,-1.8203125,-0.1923828125,Lenovo,16-inch,8GB,Apple,16-inch,16GB
3,-1.71875,-0.220703125,Lenovo,16-inch,16GB,ASUS,13-inch,4GB
3,-1.9296875,-0.1787109375,Lenovo,16-inch,16GB,ASUS,13-inch,8GB
3,-1.71875,-0.216796875,Lenovo,16-inch,16GB,ASUS,13-inch,16GB
3,-1.8203125,-0.1982421875,Lenovo,16-inch,16GB,ASUS,14-inch,4GB
3,-2.03125,-0.162109375,Lenovo,16-inch,16GB,ASUS,14-inch,8GB
3,-1.8203125,-0.1962890625,Lenovo,16-inch,16GB,ASUS,14-inch,16GB
3,-1.5234375,-0.275390625,Lenovo,16-inch,16GB,ASUS,16-inch,4GB
3,-1.6171875,-0.2421875,Lenovo,16-inch,16GB,ASUS,16-inch,8GB
3,-1.328125,-0.330078125,Lenovo,16-inch,16GB,ASUS,16-inch,16GB
3,-1.6171875,-0.2421875,Lenovo,16-inch,16GB,Lenovo,13-inch,4GB
3,-1.6171875,-0.2451171875,Lenovo,16-inch,16GB,Lenovo,13-inch,8GB
3,-1.515625,-0.26953125,Lenovo,16-inch,16GB,Lenovo,13-inch,16GB
3,-1.71875,-0.2158203125,Lenovo,16-inch,16GB,Lenovo,14-inch,4GB
3,-1.9296875,-0.1767578125,Lenovo,16-inch,16GB,Lenovo,14-inch,8GB
3,-1.6171875,-0.2412109375,Lenovo,16-inch,16GB,Lenovo,14-inch,16GB
3,-1.71875,-0.2216796875,Lenovo,16-inch,16GB,Lenovo,16-inch,4GB
3,-1.15625,-0.408203125,Lenovo,16-inch,16GB,Lenovo,16-inch,8GB
3,-1.8203125,-0.1962890625,Lenovo,16-inch,16GB,HP,13-inch,4GB
3,-1.8203125,-0.19921875,Lenovo,16-inch,16GB,HP,13-inch,8GB
3,-1.7109375,-0.21484375,Lenovo,16-inch,16GB,HP,13-inch,16GB
3,-1.71875,-0.216796875,Lenovo,16-inch,16GB,HP,14-inch,4GB
3,-1.8203125,-0.1982421875,Lenovo,16-inch,16GB,HP,14-inch,8GB
3,-1.71875,-0.21484375,Lenovo,16-inch,16GB,HP,14-inch,16GB
3,-1.4296875,-0.302734375,Lenovo,16-inch,16GB,HP,16-inch,4GB
3,-1.421875,-0.30078125,Lenovo,16-inch,16GB,HP,16-inch,8GB
3,-1.421875,-0.298828125,Lenovo,16-inch,16GB,HP,16-inch,16GB
3,-1.71875,-0.2197265625,Lenovo,16-inch,16GB,Dell,13-inch,4GB
3,-1.8203125,-0.19921875,Lenovo,16-inch,16GB,Dell,13-inch,8GB
3,-1.71875,-0.2158203125,Lenovo,16-inch,16GB,Dell,13-inch,16GB
3,-1.71875,-0.216796875,Lenovo,16-inch,16GB,Dell,14-inch,4GB
3,-1.9296875,-0.177734375,Lenovo,16-inch,16GB,Dell,14-inch,8GB
3,-1.6171875,-0.2412109375,Lenovo,16-inch,16GB,Dell,14-inch,16GB
3,-1.4296875,-0.302734375,Lenovo,16-inch,16GB,Dell,16-inch,4GB
3,-1.5234375,-0.271484375,Lenovo,16-inch,16GB,Dell,16-inch,8GB
3,-1.2421875,-0.3671875,Lenovo,16-inch,16GB,Dell,16-inch,16GB
3,-1.3359375,-0.33203125,Lenovo,16-inch,16GB,Apple,13-inch,4GB
3,-1.7265625,-0.2265625,Lenovo,16-inch,16GB,Apple,13-inch,8GB
3,-1.2421875,-0.3671875,Lenovo,16-inch,16GB,Apple,13-inch,16GB
3,-1.5234375,-0.271484375,Lenovo,16-inch,16GB,Apple,14-inch,4GB
3,-1.7265625,-0.224609375,Lenovo,16-inch,16GB,Apple,14-inch,8GB
3,-1.421875,-0.298828125,Lenovo,16-inch,16GB,Apple,14-inch,16GB
3,-1.25,-0.373046875,Lenovo,16-inch,16GB,Apple,16-inch,4GB
3,-1.4296875,-0.3046875,Lenovo,16-inch,16GB,Apple,16-inch,8GB
3,-1.078125,-0.44921875,Lenovo,16-inch,16GB,Apple,16-inch,16GB
3,-1.078125,-0.455078125,HP,13-inch,4GB,ASUS,13-inch,4GB
3,-1.34375,-0.34375,HP,13-inch,4GB,ASUS,13-inch,8GB
3,-0.93359375,-0.55859375,HP,13-inch,4GB,ASUS,13-inch,16GB
3,-1.1640625,-0.4140625,HP,13-inch,4GB,ASUS,14-inch,4GB
3,-1.53125,-0.28515625,HP,13-inch,4GB,ASUS,14-inch,8GB
3,-1.015625,-0.51953125,HP,13-inch,4GB,ASUS,14-inch,16GB
3,-1.3359375,-0.33984375,HP,13-inch,4GB,ASUS,16-inch,4GB
3,-1.5390625,-0.291015625,HP,13-inch,4GB,ASUS,16-inch,8GB
3,-1.265625,-0.392578125,HP,13-inch,4GB,ASUS,16-inch,16GB
3,-1.0078125,-0.5078125,HP,13-inch,4GB,Lenovo,13-inch,4GB
3,-1.171875,-0.421875,HP,13-inch,4GB,Lenovo,13-inch,8GB
3,-1.015625,-0.515625,HP,13-inch,4GB,Lenovo,13-inch,16GB
3,-1.171875,-0.41796875,HP,13-inch,4GB,Lenovo,14-inch,4GB
3,-1.3515625,-0.3515625,HP,13-inch,4GB,Lenovo,14-inch,8GB
3,-1.1015625,-0.4765625,HP,13-inch,4GB,Lenovo,14-inch,16GB
3,-1.34375,-0.345703125,HP,13-inch,4GB,Lenovo,16-inch,4GB
3,-1.453125,-0.328125,HP,13-inch,4GB,Lenovo,16-inch,8GB
3,-1.1015625,-0.474609375,HP,13-inch,4GB,Lenovo,16-inch,16GB
3,-0.859375,-0.609375,HP,13-inch,4GB,HP,13-inch,8GB
3,-1.015625,-0.51171875,HP,13-inch,4GB,HP,13-inch,16GB
3,-1.0859375,-0.458984375,HP,13-inch,4GB,HP,14-inch,4GB
3,-1.0859375,-0.462890625,HP,13-inch,4GB,HP,14-inch,8GB
3,-0.796875,-0.671875,HP,13-inch,4GB,HP,14-inch,16GB
3,-1.34375,-0.341796875,HP,13-inch,4GB,HP,16-inch,4GB
3,-1.3515625,-0.353515625,HP,13-inch,4GB,HP,16-inch,8GB
3,-1.1015625,-0.4765625,HP,13-inch,4GB,HP,16-inch,16GB
3,-1.078125,-0.455078125,HP,13-inch,4GB,Dell,13-inch,4GB
3,-1.4375,-0.310546875,HP,13-inch,4GB,Dell,13-inch,8GB
3,-1.0859375,-0.4609375,HP,13-inch,4GB,Dell,13-inch,16GB
3,-1.25,-0.375,HP,13-inch,4GB,Dell,14-inch,4GB
3,-1.4375,-0.31640625,HP,13-inch,4GB,Dell,14-inch,8GB
3,-1.0078125,-0.5078125,HP,13-inch,4GB,Dell,14-inch,16GB
3,-1.3359375,-0.33984375,HP,13-inch,4GB,Dell,16-inch,4GB
3,-1.5390625,-0.291015625,HP,13-inch,4GB,Dell,16-inch,8GB
3,-1.1796875,-0.4296875,HP,13-inch,4GB,Dell,16-inch,16GB
3,-0.921875,-0.546875,HP,13-inch,4GB,Apple,13-inch,4GB
3,-1.2578125,-0.3828125,HP,13-inch,4GB,Apple,13-inch,8GB
3,-0.92578125,-0.55078125,HP,13-inch,4GB,Apple,13-inch,16GB
3,-1.0859375,-0.45703125,HP,13-inch,4GB,Apple,14-inch,4GB
3,-1.3515625,-0.3515625,HP,13-inch,4GB,Apple,14-inch,8GB
3,-0.93359375,-0.55859375,HP,13-inch,4GB,Apple,14-inch,16GB
3,-1.2578125,-0.37890625,HP,13-inch,4GB,Apple,16-inch,4GB
3,-1.5390625,-0.29296875,HP,13-inch,4GB,Apple,16-inch,8GB
3,-1.09375,-0.47265625,HP,13-inch,4GB,Apple,16-inch,16GB
3,-2.03125,-0.1572265625,HP,13-inch,8GB,ASUS,13-inch,4GB
3,-1.71875,-0.2197265625,HP,13-inch,8GB,ASUS,13-inch,8GB
3,-1.7265625,-0.2236328125,HP,13-inch,8GB,ASUS,13-inch,16GB
3,-2.03125,-0.1591796875,HP,13-inch,8GB,ASUS,14-inch,4GB
3,-1.828125,-0.19921875,HP,13-inch,8GB,ASUS,14-inch,8GB
3,-1.9296875,-0.18359375,HP,13-inch,8GB,ASUS,14-inch,16GB
3,-2.25,-0.12890625,HP,13-inch,8GB,ASUS,16-inch,4GB
3,-1.9296875,-0.1767578125,HP,13-inch,8GB,ASUS,16-inch,8GB
3,-2.046875,-0.1669921875,HP,13-inch,8GB,ASUS,16-inch,16GB
3,-1.8203125,-0.197265625,HP,13-inch,8GB,Lenovo,13-inch,4GB
3,-1.6171875,-0.2451171875,HP,13-inch,8GB,Lenovo,13-inch,8GB
3,-1.53125,-0.27734375,HP,13-inch,8GB,Lenovo,13-inch,16GB
3,-1.9296875,-0.1787109375,HP,13-inch,8GB,Lenovo,14-inch,4GB
3,-1.8203125,-0.19921875,HP,13-inch,8GB,Lenovo,14-inch,8GB
3,-1.734375,-0.232421875,HP,13-inch,8GB,Lenovo,14-inch,16GB
3,-2.140625,-0.142578125,HP,13-inch,8GB,Lenovo,16-inch,4GB
3,-1.828125,-0.2001953125,HP,13-inch,8GB,Lenovo,16-inch,8GB
3,-1.7265625,-0.2265625,HP,13-inch,8GB,Lenovo,16-inch,16GB
3,-1.921875,-0.1748046875,HP,13-inch,8GB,HP,13-inch,4GB
3,-1.5234375,-0.26953125,HP,13-inch,8GB,HP,13-inch,16GB
3,-1.9296875,-0.1767578125,HP,13-inch,8GB,HP,14-inch,4GB
3,-1.6171875,-0.2451171875,HP,13-inch,8GB,HP,14-inch,8GB
3,-1.53125,-0.28125,HP,13-inch,8GB,HP,14-inch,16GB
3,-2.25,-0.126953125,HP,13-inch,8GB,HP,16-inch,4GB
3,-1.9296875,-0.1787109375,HP,13-inch,8GB,HP,16-inch,8GB
3,-1.828125,-0.203125,HP,13-inch,8GB,HP,16-inch,16GB
3,-1.8203125,-0.197265625,HP,13-inch,8GB,Dell,13-inch,4GB
3,-1.71875,-0.220703125,HP,13-inch,8GB,Dell,13-inch,8GB
3,-1.7265625,-0.2255859375,HP,13-inch,8GB,Dell,13-inch,16GB
3,-2.03125,-0.1591796875,HP,13-inch,8GB,Dell,14-inch,4GB
3,-1.71875,-0.220703125,HP,13-inch,8GB,Dell,14-inch,8GB
3,-1.7265625,-0.2265625,HP,13-inch,8GB,Dell,14-inch,16GB
3,-2.25,-0.126953125,HP,13-inch,8GB,Dell,16-inch,4GB
3,-1.8203125,-0.1962890625,HP,13-inch,8GB,Dell,16-inch,8GB
3,-1.828125,-0.203125,HP,13-inch,8GB,Dell,16-inch,16GB
3,-1.9296875,-0.1796875,HP,13-inch,8GB,Apple,13-inch,4GB
3,-1.71875,-0.2197265625,HP,13-inch,8GB,Apple,13-inch,8GB
3,-1.5234375,-0.2734375,HP,13-inch,8GB,Apple,13-inch,16GB
3,-1.828125,-0.2001953125,HP,13-inch,8GB,Apple,14-inch,4GB
3,-1.8203125,-0.1982421875,HP,13-inch,8GB,Apple,14-inch,8GB
3,-1.625,-0.251953125,HP,13-inch,8GB,Apple,14-inch,16GB
3,-2.140625,-0.14453125,HP,13-inch,8GB,Apple,16-inch,4GB
3,-1.71875,-0.220703125,HP,13-inch,8GB,Apple,16-inch,8GB
3,-1.7265625,-0.2255859375,HP,13-inch,8GB,Apple,16-inch,16GB
3,-1.328125,-0.328125,HP,13-inch,16GB,ASUS,13-inch,4GB
3,-1.2421875,-0.36328125,HP,13-inch,16GB,ASUS,13-inch,8GB
3,-1.2421875,-0.3671875,HP,13-inch,16GB,ASUS,13-inch,16GB
3,-1.515625,-0.26953125,HP,13-inch,16GB,ASUS,14-inch,4GB
3,-1.515625,-0.26953125,HP,13-inch,16GB,ASUS,14-inch,8GB
3,-1.4296875,-0.302734375,HP,13-inch,16GB,ASUS,14-inch,16GB
3,-1.515625,-0.26953125,HP,13-inch,16GB,ASUS,16-inch,4GB
3,-1.6171875,-0.2412109375,HP,13-inch,16GB,ASUS,16-inch,8GB
3,-1.6171875,-0.2451171875,HP,13-inch,16GB,ASUS,16-inch,16GB
3,-1.421875,-0.298828125,HP,13-inch,16GB,Lenovo,13-inch,4GB
3,-1.15625,-0.404296875,HP,13-inch,16GB,Lenovo,13-inch,8GB
3,-1.171875,-0.423828125,HP,13-inch,16GB,Lenovo,13-inch,16GB
3,-1.6171875,-0.2412109375,HP,13-inch,16GB,Lenovo,14-inch,4GB
3,-1.3359375,-0.33203125,HP,13-inch,16GB,Lenovo,14-inch,8GB
3,-1.5234375,-0.275390625,HP,13-inch,16GB,Lenovo,14-inch,16GB
3,-1.71875,-0.2216796875,HP,13-inch,16GB,Lenovo,16-inch,4GB
3,-1.421875,-0.30078125,HP,13-inch,16GB,Lenovo,16-inch,8GB
3,-1.625,-0.248046875,HP,13-inch,16GB,Lenovo,16-inch,16GB
3,-1.0703125,-0.4453125,HP,13-inch,16GB,HP,13-inch,4GB
3,-0.98828125,-0.48828125,HP,13-inch,16GB,HP,13-inch,8GB
3,-1.328125,-0.330078125,HP,13-inch,16GB,HP,14-inch,4GB
3,-1.2421875,-0.365234375,HP,13-inch,16GB,HP,14-inch,8GB
3,-1.328125,-0.326171875,HP,13-inch,16GB,HP,14-inch,16GB
3,-1.2421875,-0.365234375,HP,13-inch,16GB,HP,16-inch,4GB
3,-1.2421875,-0.3671875,HP,13-inch,16GB,HP,16-inch,8GB
3,-1.421875,-0.29296875,HP,13-inch,16GB,HP,16-inch,16GB
3,-1.421875,-0.296875,HP,13-inch,16GB,Dell,13-inch,4GB
3,-1.328125,-0.33203125,HP,13-inch,16GB,Dell,13-inch,8GB
3,-1.421875,-0.30078125,HP,13-inch,16GB,Dell,13-inch,16GB
3,-1.6171875,-0.2412109375,HP,13-inch,16GB,Dell,14-inch,4GB
3,-1.5234375,-0.275390625,HP,13-inch,16GB,Dell,14-inch,8GB
3,-1.625,-0.25390625,HP,13-inch,16GB,Dell,14-inch,16GB
3,-1.8203125,-0.1943359375,HP,13-inch,16GB,Dell,16-inch,4GB
3,-1.6171875,-0.2451171875,HP,13-inch,16GB,Dell,16-inch,8GB
3,-1.6171875,-0.2451171875,HP,13-inch,16GB,Dell,16-inch,16GB
3,-1.15625,-0.40625,HP,13-inch,16GB,Apple,13-inch,4GB
3,-1.0703125,-0.44921875,HP,13-inch,16GB,Apple,13-inch,8GB
3,-1.2421875,-0.3671875,HP,13-inch,16GB,Apple,13-inch,16GB
3,-1.5234375,-0.271484375,HP,13-inch,16GB,Apple,14-inch,4GB
3,-1.5234375,-0.27734375,HP,13-inch,16GB,Apple,14-inch,8GB
3,-1.53125,-0.283203125,HP,13-inch,16GB,Apple,14-inch,16GB
3,-1.5234375,-0.2734375,HP,13-inch,16GB,Apple,16-inch,4GB
3,-1.34375,-0.341796875,HP,13-inch,16GB,Apple,16-inch,8GB
3,-1.328125,-0.326171875,HP,13-inch,16GB,Apple,16-inch,16GB
3,-1.4296875,-0.306640625,HP,14-inch,4GB,ASUS,13-inch,4GB
3,-1.828125,-0.2060546875,HP,14-inch,4GB,ASUS,13-inch,8GB
3,-1.34375,-0.34375,HP,14-inch,4GB,ASUS,13-inch,16GB
3,-1.3359375,-0.333984375,HP,14-inch,4GB,ASUS,14-inch,4GB
3,-1.5234375,-0.2734375,HP,14-inch,4GB,ASUS,14-inch,8GB
3,-1.1640625,-0.412109375,HP,14-inch,4GB,ASUS,14-inch,16GB
3,-1.4296875,-0.302734375,HP,14-inch,4GB,ASUS,16-inch,4GB
3,-1.7265625,-0.2275390625,HP,14-inch,4GB,ASUS,16-inch,8GB
3,-1.2578125,-0.37890625,HP,14-inch,4GB,ASUS,16-inch,16GB
3,-1.4296875,-0.306640625,HP,14-inch,4GB,Lenovo,13-inch,4GB
3,-1.6328125,-0.2578125,HP,14-inch,4GB,Lenovo,13-inch,8GB
3,-1.171875,-0.41796875,HP,14-inch,4GB,Lenovo,13-inch,16GB
3,-1.25,-0.373046875,HP,14-inch,4GB,Lenovo,14-inch,4GB
3,-1.4296875,-0.30859375,HP,14-inch,4GB,Lenovo,14-inch,8GB
3,-1.078125,-0.455078125,HP,14-inch,4GB,Lenovo,14-inch,16GB
3,-1.4296875,-0.3046875,HP,14-inch,4GB,Lenovo,16-inch,4GB
3,-1.6328125,-0.255859375,HP,14-inch,4GB,Lenovo,16-inch,8GB
3,-1.25,-0.375,HP,14-inch,4GB,Lenovo,16-inch,16GB
3,-1.5234375,-0.275390625,HP,14-inch,4GB,HP,13-inch,4GB
3,-1.625,-0.251953125,HP,14-inch,4GB,HP,13-inch,8GB
3,-1.3359375,-0.337890625,HP,14-inch,4GB,HP,13-inch,16GB
3,-1.078125,-0.455078125,HP,14-inch,4GB,HP,14-inch,8GB
3,-1.0859375,-0.458984375,HP,14-inch,4GB,HP,14-inch,16GB
3,-1.53125,-0.27734375,HP,14-inch,4GB,HP,16-inch,4GB
3,-1.4375,-0.310546875,HP,14-inch,4GB,HP,16-inch,8GB
3,-1.1640625,-0.416015625,HP,14-inch,4GB,HP,16-inch,16GB
3,-1.4296875,-0.302734375,HP,14-inch,4GB,Dell,13-inch,4GB
3,-1.7265625,-0.2265625,HP,14-inch,4GB,Dell,13-inch,8GB
3,-1.1640625,-0.412109375,HP,14-inch,4GB,Dell,13-inch,16GB
3,-1.2421875,-0.369140625,HP,14-inch,4GB,Dell,14-inch,4GB
3,-1.4296875,-0.3046875,HP,14-inch,4GB,Dell,14-inch,8GB
3,-1.15625,-0.41015625,HP,14-inch,4GB,Dell,14-inch,16GB
3,-1.4296875,-0.3046875,HP,14-inch,4GB,Dell,16-inch,4GB
3,-1.53125,-0.28125,HP,14-inch,4GB,Dell,16-inch,8GB
3,-1.1640625,-0.416015625,HP,14-inch,4GB,Dell,16-inch,16GB
3,-1.1640625,-0.4140625,HP,14-inch,4GB,Apple,13-inch,4GB
3,-1.6328125,-0.255859375,HP,14-inch,4GB,Apple,13-inch,8GB
3,-1.0859375,-0.458984375,HP,14-inch,4GB,Apple,13-inch,16GB
3,-1.1640625,-0.412109375,HP,14-inch,4GB,Apple,14-inch,4GB
3,-1.53125,-0.27734375,HP,14-inch,4GB,Apple,14-inch,8GB
3,-1.078125,-0.451171875,HP,14-inch,4GB,Apple,14-inch,16GB
3,-1.3359375,-0.33984375,HP,14-inch,4GB,Apple,16-inch,4GB
3,-1.53125,-0.28125,HP,14-inch,4GB,Apple,16-inch,8GB
3,-1.1640625,-0.4140625,HP,14-inch,4GB,Apple,16-inch,16GB
3,-2.9375,-0.0634765625,HP,14-inch,8GB,ASUS,13-inch,4GB
3,-2.703125,-0.07958984375,HP,14-inch,8GB,ASUS,13-inch,8GB
3,-2.03125,-0.1630859375,HP,14-inch,8GB,ASUS,13-inch,16GB
3,-2.8125,-0.0693359375,HP,14-inch,8GB,ASUS,14-inch,4GB
3,-2.140625,-0.1376953125,HP,14-inch,8GB,ASUS,14-inch,8GB
3,-1.9296875,-0.1767578125,HP,14-inch,8GB,ASUS,14-inch,16GB
3,-3.0625,-0.056640625,HP,14-inch,8GB,ASUS,16-inch,4GB
3,-2.59375,-0.08837890625,HP,14-inch,8GB,ASUS,16-inch,8GB
3,-2.03125,-0.16015625,HP,14-inch,8GB,ASUS,16-inch,16GB
3,-2.828125,-0.07080078125,HP,14-inch,8GB,Lenovo,13-inch,4GB
3,-2.59375,-0.08984375,HP,14-inch,8GB,Lenovo,13-inch,8GB
3,-1.9296875,-0.1806640625,HP,14-inch,8GB,Lenovo,13-inch,16GB
3,-2.359375,-0.10986328125,HP,14-inch,8GB,Lenovo,14-inch,4GB
3,-1.71875,-0.21875,HP,14-inch,8GB,Lenovo,14-inch,8GB
3,-1.71875,-0.220703125,HP,14-inch,8GB,Lenovo,14-inch,16GB
3,-2.828125,-0.0703125,HP,14-inch,8GB,Lenovo,16-inch,4GB
3,-2.59375,-0.08984375,HP,14-inch,8GB,Lenovo,16-inch,8GB
3,-1.9296875,-0.1767578125,HP,14-inch,8GB,Lenovo,16-inch,16GB
3,-2.59375,-0.08740234375,HP,14-inch,8GB,HP,13-inch,4GB
3,-2.359375,-0.11083984375,HP,14-inch,8GB,HP,13-inch,8GB
3,-1.8203125,-0.19921875,HP,14-inch,8GB,HP,13-inch,16GB
3,-1.5390625,-0.28515625,HP,14-inch,8GB,HP,14-inch,4GB
3,-1.7265625,-0.2255859375,HP,14-inch,8GB,HP,14-inch,16GB
3,-2.59375,-0.08740234375,HP,14-inch,8GB,HP,16-inch,4GB
3,-2.359375,-0.1103515625,HP,14-inch,8GB,HP,16-inch,8GB
3,-1.9296875,-0.1767578125,HP,14-inch,8GB,HP,16-inch,16GB
3,-2.9375,-0.06298828125,HP,14-inch,8GB,Dell,13-inch,4GB
3,-2.703125,-0.0791015625,HP,14-inch,8GB,Dell,13-inch,8GB
3,-2.140625,-0.140625,HP,14-inch,8GB,Dell,13-inch,16GB
3,-2.8125,-0.06884765625,HP,14-inch,8GB,Dell,14-inch,4GB
3,-1.8203125,-0.1943359375,HP,14-inch,8GB,Dell,14-inch,8GB
3,-1.8203125,-0.197265625,HP,14-inch,8GB,Dell,14-inch,16GB
3,-2.9375,-0.06298828125,HP,14-inch,8GB,Dell,16-inch,4GB
3,-2.59375,-0.087890625,HP,14-inch,8GB,Dell,16-inch,8GB
3,-1.9296875,-0.1767578125,HP,14-inch,8GB,Dell,16-inch,16GB
3,-2.703125,-0.08056640625,HP,14-inch,8GB,Apple,13-inch,4GB
3,-2.46875,-0.09912109375,HP,14-inch,8GB,Apple,13-inch,8GB
3,-2.03125,-0.15625,HP,14-inch,8GB,Apple,13-inch,16GB
3,-2.59375,-0.087890625,HP,14-inch,8GB,Apple,14-inch,4GB
3,-1.921875,-0.1748046875,HP,14-inch,8GB,Apple,14-inch,8GB
3,-1.8203125,-0.1953125,HP,14-inch,8GB,Apple,14-inch,16GB
3,-2.703125,-0.08056640625,HP,14-inch,8GB,Apple,16-inch,4GB
3,-2.359375,-0.11279296875,HP,14-inch,8GB,Apple,16-inch,8GB
3,-2.140625,-0.1435546875,HP,14-inch,8GB,Apple,16-inch,16GB
3,-1.15625,-0.40625,HP,14-inch,16GB,ASUS,13-inch,4GB
3,-1.15625,-0.404296875,HP,14-inch,16GB,ASUS,13-inch,8GB
3,-1.234375,-0.36328125,HP,14-inch,16GB,ASUS,13-inch,16GB
3,-1.15625,-0.404296875,HP,14-inch,16GB,ASUS,14-inch,4GB
3,-1.2421875,-0.369140625,HP,14-inch,16GB,ASUS,14-inch,8GB
3,-1.234375,-0.361328125,HP,14-inch,16GB,ASUS,14-inch,16GB
3,-1.2421875,-0.3671875,HP,14-inch,16GB,ASUS,16-inch,4GB
3,-1.0703125,-0.4453125,HP,14-inch,16GB,ASUS,16-inch,8GB
3,-1.328125,-0.328125,HP,14-inch,16GB,ASUS,16-inch,16GB
3,-1.5234375,-0.275390625,HP,14-inch,16GB,Lenovo,13-inch,4GB
3,-1.4296875,-0.30078125,HP,14-inch,16GB,Lenovo,13-inch,8GB
3,-1.421875,-0.29296875,HP,14-inch,16GB,Lenovo,13-inch,16GB
3,-1.15625,-0.40234375,HP,14-inch,16GB,Lenovo,14-inch,4GB
3,-1.0703125,-0.44921875,HP,14-inch,16GB,Lenovo,14-inch,8GB
3,-1.234375,-0.361328125,HP,14-inch,16GB,Lenovo,14-inch,16GB
3,-1.2421875,-0.365234375,HP,14-inch,16GB,Lenovo,16-inch,4GB
3,-1.15625,-0.40625,HP,14-inch,16GB,Lenovo,16-inch,8GB
3,-1.421875,-0.296875,HP,14-inch,16GB,Lenovo,16-inch,16GB
3,-1.1484375,-0.40234375,HP,14-inch,16GB,HP,13-inch,4GB
3,-1.0703125,-0.4453125,HP,14-inch,16GB,HP,13-inch,8GB
3,-1.1484375,-0.400390625,HP,14-inch,16GB,HP,13-inch,16GB
3,-1.0703125,-0.4453125,HP,14-inch,16GB,HP,14-inch,4GB
3,-0.91015625,-0.53515625,HP,14-inch,16GB,HP,14-inch,8GB
3,-1.328125,-0.328125,HP,14-inch,16GB,HP,16-inch,4GB
3,-0.9921875,-0.490234375,HP,14-inch,16GB,HP,16-inch,8GB
3,-1.328125,-0.32421875,HP,14-inch,16GB,HP,16-inch,16GB
3,-1.2421875,-0.3671875,HP,14-inch,16GB,Dell,13-inch,4GB
3,-1.34375,-0.341796875,HP,14-inch,16GB,Dell,13-inch,8GB
3,-1.328125,-0.326171875,HP,14-inch,16GB,Dell,13-inch,16GB
3,-1.3359375,-0.33203125,HP,14-inch,16GB,Dell,14-inch,4GB
3,-1.15625,-0.408203125,HP,14-inch,16GB,Dell,14-inch,8GB
3,-1.234375,-0.359375,HP,14-inch,16GB,Dell,14-inch,16GB
3,-1.421875,-0.298828125,HP,14-inch,16GB,Dell,16-inch,4GB
3,-1.828125,-0.2041015625,HP,14-inch,16GB,Dell,16-inch,8GB
3,-1.328125,-0.326171875,HP,14-inch,16GB,Dell,16-inch,16GB
3,-1.0703125,-0.44921875,HP,14-inch,16GB,Apple,13-inch,4GB
3,-1.078125,-0.451171875,HP,14-inch,16GB,Apple,13-inch,8GB
3,-1.1484375,-0.400390625,HP,14-inch,16GB,Apple,13-inch,16GB
3,-1.0703125,-0.443359375,HP,14-inch,16GB,Apple,14-inch,4GB
3,-1.078125,-0.44921875,HP,14-inch,16GB,Apple,14-inch,8GB
3,-1.234375,-0.359375,HP,14-inch,16GB,Apple,14-inch,16GB
3,-1.2421875,-0.3671875,HP,14-inch,16GB,Apple,16-inch,4GB
3,-0.99609375,-0.49609375,HP,14-inch,16GB,Apple,16-inch,8GB
3,-1.234375,-0.36328125,HP,14-inch,16GB,Apple,16-inch,16GB
3,-1.7265625,-0.2265625,HP,16-inch,4GB,ASUS,13-inch,4GB
3,-1.9375,-0.1865234375,HP,16-inch,4GB,ASUS,13-inch,8GB
3,-1.7265625,-0.2275390625,HP,16-inch,4GB,ASUS,13-inch,16GB
3,-1.5234375,-0.27734375,HP,16-inch,4GB,ASUS,14-inch,4GB
3,-1.8359375,-0.2080078125,HP,16-inch,4GB,ASUS,14-inch,8GB
3,-1.625,-0.251953125,HP,16-inch,4GB,ASUS,14-inch,16GB
3,-1.3359375,-0.337890625,HP,16-inch,4GB,ASUS,16-inch,4GB
3,-1.828125,-0.205078125,HP,16-inch,4GB,ASUS,16-inch,8GB
3,-1.4375,-0.30859375,HP,16-inch,4GB,ASUS,16-inch,16GB
3,-1.625,-0.2490234375,HP,16-inch,4GB,Lenovo,13-inch,4GB
3,-1.6328125,-0.255859375,HP,16-inch,4GB,Lenovo,13-inch,8GB
3,-1.625,-0.251953125,HP,16-inch,4GB,Lenovo,13-inch,16GB
3,-1.5234375,-0.27734375,HP,16-inch,4GB,Lenovo,14-inch,4GB
3,-1.6328125,-0.255859375,HP,16-inch,4GB,Lenovo,14-inch,8GB
3,-1.4296875,-0.30859375,HP,16-inch,4GB,Lenovo,14-inch,16GB
3,-1.25,-0.375,HP,16-inch,4GB,Lenovo,16-inch,4GB
3,-1.625,-0.251953125,HP,16-inch,4GB,Lenovo,16-inch,8GB
3,-1.25,-0.37890625,HP,16-inch,4GB,Lenovo,16-inch,16GB
3,-1.5234375,-0.275390625,HP,16-inch,4GB,HP,13-inch,4GB
3,-1.625,-0.251953125,HP,16-inch,4GB,HP,13-inch,8GB
3,-1.53125,-0.279296875,HP,16-inch,4GB,HP,13-inch,16GB
3,-1.5234375,-0.2734375,HP,16-inch,4GB,HP,14-inch,4GB
3,-1.53125,-0.27734375,HP,16-inch,4GB,HP,14-inch,8GB
3,-1.25,-0.37109375,HP,16-inch,4GB,HP,14-inch,16GB
3,-1.0859375,-0.45703125,HP,16-inch,4GB,HP,16-inch,8GB
3,-1.1640625,-0.412109375,HP,16-inch,4GB,HP,16-inch,16GB
3,-1.625,-0.2470703125,HP,16-inch,4GB,Dell,13-inch,4GB
3,-1.828125,-0.20703125,HP,16-inch,4GB,Dell,13-inch,8GB
3,-1.625,-0.2490234375,HP,16-inch,4GB,Dell,13-inch,16GB
3,-1.5234375,-0.2734375,HP,16-inch,4GB,Dell,14-inch,4GB
3,-1.7265625,-0.228515625,HP,16-inch,4GB,Dell,14-inch,8GB
3,-1.625,-0.25,HP,16-inch,4GB,Dell,14-inch,16GB
3,-1.3359375,-0.337890625,HP,16-inch,4GB,Dell,16-inch,4GB
3,-1.7265625,-0.2255859375,HP,16-inch,4GB,Dell,16-inch,8GB
3,-1.4296875,-0.306640625,HP,16-inch,4GB,Dell,16-inch,16GB
3,-1.4375,-0.310546875,HP,16-inch,4GB,Apple,13-inch,4GB
3,-1.8359375,-0.2109375,HP,16-inch,4GB,Apple,13-inch,8GB
3,-1.53125,-0.279296875,HP,16-inch,4GB,Apple,13-inch,16GB
3,-1.34375,-0.341796875,HP,16-inch,4GB,Apple,14-inch,4GB
3,-1.734375,-0.2353515625,HP,16-inch,4GB,Apple,14-inch,8GB
3,-1.53125,-0.28125,HP,16-inch,4GB,Apple,14-inch,16GB
3,-1.25,-0.375,HP,16-inch,4GB,Apple,16-inch,4GB
3,-1.625,-0.251953125,HP,16-inch,4GB,Apple,16-inch,8GB
3,-1.25,-0.376953125,HP,16-inch,4GB,Apple,16-inch,16GB
3,-2.359375,-0.11474609375,HP,16-inch,8GB,ASUS,13-inch,4GB
3,-2.25,-0.12890625,HP,16-inch,8GB,ASUS,13-inch,8GB
3,-2.484375,-0.103515625,HP,16-inch,8GB,ASUS,13-inch,16GB
3,-2.25,-0.1279296875,HP,16-inch,8GB,ASUS,14-inch,4GB
3,-2.359375,-0.115234375,HP,16-inch,8GB,ASUS,14-inch,8GB
3,-2.484375,-0.10400390625,HP,16-inch,8GB,ASUS,14-inch,16GB
3,-2.359375,-0.1123046875,HP,16-inch,8GB,ASUS,16-inch,4GB
3,-2.03125,-0.15625,HP,16-inch,8GB,ASUS,16-inch,8GB
3,-2.03125,-0.158203125,HP,16-inch,8GB,ASUS,16-inch,16GB
3,-2.359375,-0.11376953125,HP,16-inch,8GB,Lenovo,13-inch,4GB
3,-2.25,-0.12890625,HP,16-inch,8GB,Lenovo,13-inch,8GB
3,-2.359375,-0.11572265625,HP,16-inch,8GB,Lenovo,13-inch,16GB
3,-2.25,-0.1259765625,HP,16-inch,8GB,Lenovo,14-inch,4GB
3,-2.140625,-0.14453125,HP,16-inch,8GB,Lenovo,14-inch,8GB
3,-2.25,-0.1318359375,HP,16-inch,8GB,Lenovo,14-inch,16GB
3,-2.25,-0.1279296875,HP,16-inch,8GB,Lenovo,16-inch,4GB
3,-1.8203125,-0.1982421875,HP,16-inch,8GB,Lenovo,16-inch,8GB
3,-1.921875,-0.17578125,HP,16-inch,8GB,Lenovo,16-inch,16GB
3,-2.359375,-0.11376953125,HP,16-inch,8GB,HP,13-inch,4GB
3,-2.140625,-0.1435546875,HP,16-inch,8GB,HP,13-inch,8GB
3,-2.140625,-0.1435546875,HP,16-inch,8GB,HP,13-inch,16GB
3,-2.25,-0.126953125,HP,16-inch,8GB,HP,14-inch,4GB
3,-2.140625,-0.142578125,HP,16-inch,8GB,HP,14-inch,8GB
3,-2.140625,-0.142578125,HP,16-inch,8GB,HP,14-inch,16GB
3,-2.03125,-0.15625,HP,16-inch,8GB,HP,16-inch,4GB
3,-1.8203125,-0.1953125,HP,16-inch,8GB,HP,16-inch,16GB
3,-2.46875,-0.099609375,HP,16-inch,8GB,Dell,13-inch,4GB
3,-2.25,-0.126953125,HP,16-inch,8GB,Dell,13-inch,8GB
3,-2.359375,-0.11376953125,HP,16-inch,8GB,Dell,13-inch,16GB
3,-2.25,-0.1259765625,HP,16-inch,8GB,Dell,14-inch,4GB
3,-2.25,-0.1279296875,HP,16-inch,8GB,Dell,14-inch,8GB
3,-2.359375,-0.11376953125,HP,16-inch,8GB,Dell,14-inch,16GB
3,-2.25,-0.1240234375,HP,16-inch,8GB,Dell,16-inch,4GB
3,-1.921875,-0.1748046875,HP,16-inch,8GB,Dell,16-inch,8GB
3,-1.921875,-0.173828125,HP,16-inch,8GB,Dell,16-inch,16GB
3,-2.25,-0.1279296875,HP,16-inch,8GB,Apple,13-inch,4GB
3,-2.140625,-0.1455078125,HP,16-inch,8GB,Apple,13-inch,8GB
3,-2.25,-0.12890625,HP,16-inch,8GB,Apple,13-inch,16GB
3,-2.140625,-0.1435546875,HP,16-inch,8GB,Apple,14-inch,4GB
3,-2.140625,-0.1435546875,HP,16-inch,8GB,Apple,14-inch,8GB
3,-2.25,-0.1298828125,HP,16-inch,8GB,Apple,14-inch,16GB
3,-2.140625,-0.1416015625,HP,16-inch,8GB,Apple,16-inch,4GB
3,-1.9296875,-0.1767578125,HP,16-inch,8GB,Apple,16-inch,8GB
3,-2.03125,-0.158203125,HP,16-inch,8GB,Apple,16-inch,16GB
3,-1.71875,-0.216796875,HP,16-inch,16GB,ASUS,13-inch,4GB
3,-1.515625,-0.265625,HP,16-inch,16GB,ASUS,13-inch,8GB
3,-1.515625,-0.267578125,HP,16-inch,16GB,ASUS,13-inch,16GB
3,-1.828125,-0.2001953125,HP,16-inch,16GB,ASUS,14-inch,4GB
3,-1.4296875,-0.302734375,HP,16-inch,16GB,ASUS,14-inch,8GB
3,-1.625,-0.25,HP,16-inch,16GB,ASUS,14-inch,16GB
3,-1.71875,-0.2216796875,HP,16-inch,16GB,ASUS,16-inch,4GB
3,-1.421875,-0.30078125,HP,16-inch,16GB,ASUS,16-inch,8GB
3,-1.265625,-0.390625,HP,16-inch,16GB,ASUS,16-inch,16GB
3,-1.71875,-0.2158203125,HP,16-inch,16GB,Lenovo,13-inch,4GB
3,-1.515625,-0.267578125,HP,16-inch,16GB,Lenovo,13-inch,8GB
3,-1.421875,-0.296875,HP,16-inch,16GB,Lenovo,13-inch,16GB
3,-1.828125,-0.2001953125,HP,16-inch,16GB,Lenovo,14-inch,4GB
3,-1.25,-0.373046875,HP,16-inch,16GB,Lenovo,14-inch,8GB
3,-1.53125,-0.279296875,HP,16-inch,16GB,Lenovo,14-inch,16GB
3,-1.71875,-0.2216796875,HP,16-inch,16GB,Lenovo,16-inch,4GB
3,-1.1640625,-0.4140625,HP,16-inch,16GB,Lenovo,16-inch,8GB
3,-1.3515625,-0.353515625,HP,16-inch,16GB,Lenovo,16-inch,16GB
3,-1.515625,-0.265625,HP,16-inch,16GB,HP,13-inch,4GB
3,-1.421875,-0.298828125,HP,16-inch,16GB,HP,13-inch,8GB
3,-1.71875,-0.216796875,HP,16-inch,16GB,HP,13-inch,16GB
3,-1.625,-0.251953125,HP,16-inch,16GB,HP,14-inch,4GB
3,-1.1640625,-0.416015625,HP,16-inch,16GB,HP,14-inch,8GB
3,-1.2578125,-0.3828125,HP,16-inch,16GB,HP,14-inch,16GB
3,-1.5234375,-0.2734375,HP,16-inch,16GB,HP,16-inch,4GB
3,-1.0,-0.498046875,HP,16-inch,16GB,HP,16-inch,8GB
3,-1.8203125,-0.193359375,HP,16-inch,16GB,Dell,13-inch,4GB
3,-1.515625,-0.267578125,HP,16-inch,16GB,Dell,13-inch,8GB
3,-1.6171875,-0.240234375,HP,16-inch,16GB,Dell,13-inch,16GB
3,-1.9296875,-0.1767578125,HP,16-inch,16GB,Dell,14-inch,4GB
3,-1.2421875,-0.369140625,HP,16-inch,16GB,Dell,14-inch,8GB
3,-1.625,-0.251953125,HP,16-inch,16GB,Dell,14-inch,16GB
3,-1.8203125,-0.197265625,HP,16-inch,16GB,Dell,16-inch,4GB
3,-1.328125,-0.33203125,HP,16-inch,16GB,Dell,16-inch,8GB
3,-1.53125,-0.283203125,HP,16-inch,16GB,Dell,16-inch,16GB
3,-1.5234375,-0.2734375,HP,16-inch,16GB,Apple,13-inch,4GB
3,-1.421875,-0.296875,HP,16-inch,16GB,Apple,13-inch,8GB
3,-1.421875,-0.298828125,HP,16-inch,16GB,Apple,13-inch,16GB
3,-1.625,-0.25390625,HP,16-inch,16GB,Apple,14-inch,4GB
3,-1.1640625,-0.416015625,HP,16-inch,16GB,Apple,14-inch,8GB
3,-1.2578125,-0.380859375,HP,16-inch,16GB,Apple,14-inch,16GB
3,-1.625,-0.2490234375,HP,16-inch,16GB,Apple,16-inch,4GB
3,-1.1640625,-0.41015625,HP,16-inch,16GB,Apple,16-inch,8GB
3,-1.265625,-0.392578125,HP,16-inch,16GB,Apple,16-inch,16GB
3,-1.4296875,-0.306640625,Dell,13-inch,4GB,ASUS,13-inch,4GB
3,-1.71875,-0.22265625,Dell,13-inch,4GB,ASUS,13-inch,8GB
3,-1.4296875,-0.3046875,Dell,13-inch,4GB,ASUS,13-inch,16GB
3,-1.53125,-0.28125,Dell,13-inch,4GB,ASUS,14-inch,4GB
3,-1.8359375,-0.2099609375,Dell,13-inch,4GB,ASUS,14-inch,8GB
3,-1.53125,-0.279296875,Dell,13-inch,4GB,ASUS,14-inch,16GB
3,-1.625,-0.25,Dell,13-inch,4GB,ASUS,16-inch,4GB
3,-1.9375,-0.1884765625,Dell,13-inch,4GB,ASUS,16-inch,8GB
3,-1.53125,-0.283203125,Dell,13-inch,4GB,ASUS,16-inch,16GB
3,-1.2578125,-0.380859375,Dell,13-inch,4GB,Lenovo,13-inch,4GB
3,-1.4296875,-0.30859375,Dell,13-inch,4GB,Lenovo,13-inch,8GB
3,-1.34375,-0.34765625,Dell,13-inch,4GB,Lenovo,13-inch,16GB
3,-1.34375,-0.345703125,Dell,13-inch,4GB,Lenovo,14-inch,4GB
3,-1.734375,-0.2353515625,Dell,13-inch,4GB,Lenovo,14-inch,8GB
3,-1.4453125,-0.318359375,Dell,13-inch,4GB,Lenovo,14-inch,16GB
3,-1.53125,-0.28125,Dell,13-inch,4GB,Lenovo,16-inch,4GB
3,-1.734375,-0.2333984375,Dell,13-inch,4GB,Lenovo,16-inch,8GB
3,-1.4453125,-0.318359375,Dell,13-inch,4GB,Lenovo,16-inch,16GB
3,-1.25,-0.375,Dell,13-inch,4GB,HP,13-inch,4GB
3,-1.4296875,-0.306640625,Dell,13-inch,4GB,HP,13-inch,8GB
3,-1.25,-0.376953125,Dell,13-inch,4GB,HP,13-inch,16GB
3,-1.34375,-0.34375,Dell,13-inch,4GB,HP,14-inch,4GB
3,-1.734375,-0.23046875,Dell,13-inch,4GB,HP,14-inch,8GB
3,-1.3515625,-0.349609375,Dell,13-inch,4GB,HP,14-inch,16GB
3,-1.53125,-0.279296875,Dell,13-inch,4GB,HP,16-inch,4GB
3,-1.9375,-0.1865234375,Dell,13-inch,4GB,HP,16-inch,8GB
3,-1.53125,-0.283203125,Dell,13-inch,4GB,HP,16-inch,16GB
3,-1.3359375,-0.3359375,Dell,13-inch,4GB,Dell,13-inch,8GB
3,-1.25,-0.376953125,Dell,13-inch,4GB,Dell,13-inch,16GB
3,-1.53125,-0.28125,Dell,13-inch,4GB,Dell,14-inch,4GB
3,-1.53125,-0.28515625,Dell,13-inch,4GB,Dell,14-inch,8GB
3,-1.34375,-0.34765625,Dell,13-inch,4GB,Dell,14-inch,16GB
3,-1.7265625,-0.2265625,Dell,13-inch,4GB,Dell,16-inch,4GB
3,-1.734375,-0.234375,Dell,13-inch,4GB,Dell,16-inch,8GB
3,-1.4375,-0.31640625,Dell,13-inch,4GB,Dell,16-inch,16GB
3,-1.4296875,-0.3046875,Dell,13-inch,4GB,Apple,13-inch,4GB
3,-1.7265625,-0.2275390625,Dell,13-inch,4GB,Apple,13-inch,8GB
3,-1.4296875,-0.306640625,Dell,13-inch,4GB,Apple,13-inch,16GB
3,-1.34375,-0.345703125,Dell,13-inch,4GB,Apple,14-inch,4GB
3,-1.84375,-0.21484375,Dell,13-inch,4GB,Apple,14-inch,8GB
3,-1.4375,-0.3125,Dell,13-inch,4GB,Apple,14-inch,16GB
3,-1.4375,-0.310546875,Dell,13-inch,4GB,Apple,16-inch,4GB
3,-1.734375,-0.2373046875,Dell,13-inch,4GB,Apple,16-inch,8GB
3,-1.53125,-0.283203125,Dell,13-inch,4GB,Apple,16-inch,16GB
3,-2.03125,-0.1552734375,Dell,13-inch,8GB,ASUS,13-inch,4GB
3,-2.140625,-0.140625,Dell,13-inch,8GB,ASUS,13-inch,8GB
3,-2.140625,-0.138671875,Dell,13-inch,8GB,ASUS,13-inch,16GB
3,-2.03125,-0.1572265625,Dell,13-inch,8GB,ASUS,14-inch,4GB
3,-2.25,-0.126953125,Dell,13-inch,8GB,ASUS,14-inch,8GB
3,-2.25,-0.126953125,Dell,13-inch,8GB,ASUS,14-inch,16GB
3,-2.25,-0.125,Dell,13-inch,8GB,ASUS,16-inch,4GB
3,-2.25,-0.1259765625,Dell,13-inch,8GB,ASUS,16-inch,8GB
3,-2.484375,-0.10205078125,Dell,13-inch,8GB,ASUS,16-inch,16GB
3,-2.03125,-0.158203125,Dell,13-inch,8GB,Lenovo,13-inch,4GB
3,-2.03125,-0.1591796875,Dell,13-inch,8GB,Lenovo,13-inch,8GB
3,-2.03125,-0.158203125,Dell,13-inch,8GB,Lenovo,13-inch,16GB
3,-2.140625,-0.1416015625,Dell,13-inch,8GB,Lenovo,14-inch,4GB
3,-2.25,-0.126953125,Dell,13-inch,8GB,Lenovo,14-inch,8GB
3,-2.03125,-0.1611328125,Dell,13-inch,8GB,Lenovo,14-inch,16GB
3,-2.359375,-0.1142578125,Dell,13-inch,8GB,Lenovo,16-inch,4GB
3,-2.140625,-0.142578125,Dell,13-inch,8GB,Lenovo,16-inch,8GB
3,-2.25,-0.12890625,Dell,13-inch,8GB,Lenovo,16-inch,16GB
3,-2.25,-0.1240234375,Dell,13-inch,8GB,HP,13-inch,4GB
3,-2.25,-0.1259765625,Dell,13-inch,8GB,HP,13-inch,8GB
3,-2.140625,-0.140625,Dell,13-inch,8GB,HP,13-inch,16GB
3,-2.03125,-0.15625,Dell,13-inch,8GB,HP,14-inch,4GB
3,-2.140625,-0.142578125,Dell,13-inch,8GB,HP,14-inch,8GB
3,-2.140625,-0.1435546875,Dell,13-inch,8GB,HP,14-inch,16GB
3,-2.25,-0.1259765625,Dell,13-inch,8GB,HP,16-inch,4GB
3,-2.359375,-0.1142578125,Dell,13-inch,8GB,HP,16-inch,8GB
3,-2.359375,-0.11376953125,Dell,13-inch,8GB,HP,16-inch,16GB
3,-1.8203125,-0.193359375,Dell,13-inch,8GB,Dell,13-inch,4GB
3,-1.921875,-0.1728515625,Dell,13-inch,8GB,Dell,13-inch,16GB
3,-2.140625,-0.140625,Dell,13-inch,8GB,Dell,14-inch,4GB
3,-2.25,-0.126953125,Dell,13-inch,8GB,Dell,14-inch,8GB
3,-2.140625,-0.142578125,Dell,13-inch,8GB,Dell,14-inch,16GB
3,-2.359375,-0.11279296875,Dell,13-inch,8GB,Dell,16-inch,4GB
3,-2.359375,-0.11474609375,Dell,13-inch,8GB,Dell,16-inch,8GB
3,-2.484375,-0.10302734375,Dell,13-inch,8GB,Dell,16-inch,16GB
3,-2.140625,-0.140625,Dell,13-inch,8GB,Apple,13-inch,4GB
3,-2.03125,-0.1572265625,Dell,13-inch,8GB,Apple,13-inch,8GB
3,-2.140625,-0.1416015625,Dell,13-inch,8GB,Apple,13-inch,16GB
3,-2.03125,-0.16015625,Dell,13-inch,8GB,Apple,14-inch,4GB
3,-2.140625,-0.142578125,Dell,13-inch,8GB,Apple,14-inch,8GB
3,-2.25,-0.1279296875,Dell,13-inch,8GB,Apple,14-inch,16GB
3,-2.359375,-0.11376953125,Dell,13-inch,8GB,Apple,16-inch,4GB
3,-2.25,-0.1259765625,Dell,13-inch,8GB,Apple,16-inch,8GB
3,-2.25,-0.1298828125,Dell,13-inch,8GB,Apple,16-inch,16GB
3,-1.53125,-0.28125,Dell,13-inch,16GB,ASUS,13-inch,4GB
3,-1.7265625,-0.2255859375,Dell,13-inch,16GB,ASUS,13-inch,8GB
3,-1.625,-0.25390625,Dell,13-inch,16GB,ASUS,13-inch,16GB
3,-1.6328125,-0.25390625,Dell,13-inch,16GB,ASUS,14-inch,4GB
3,-1.828125,-0.2060546875,Dell,13-inch,16GB,ASUS,14-inch,8GB
3,-1.734375,-0.2314453125,Dell,13-inch,16GB,ASUS,14-inch,16GB
3,-1.734375,-0.23046875,Dell,13-inch,16GB,ASUS,16-inch,4GB
3,-1.7265625,-0.228515625,Dell,13-inch,16GB,ASUS,16-inch,8GB
3,-1.6328125,-0.2578125,Dell,13-inch,16GB,ASUS,16-inch,16GB
3,-1.6328125,-0.25390625,Dell,13-inch,16GB,Lenovo,13-inch,4GB
3,-1.625,-0.251953125,Dell,13-inch,16GB,Lenovo,13-inch,8GB
3,-1.4453125,-0.318359375,Dell,13-inch,16GB,Lenovo,13-inch,16GB
3,-1.8359375,-0.208984375,Dell,13-inch,16GB,Lenovo,14-inch,4GB
3,-1.8359375,-0.2080078125,Dell,13-inch,16GB,Lenovo,14-inch,8GB
3,-1.734375,-0.23046875,Dell,13-inch,16GB,Lenovo,14-inch,16GB
3,-1.9375,-0.189453125,Dell,13-inch,16GB,Lenovo,16-inch,4GB
3,-1.8359375,-0.2080078125,Dell,13-inch,16GB,Lenovo,16-inch,8GB
3,-1.5390625,-0.291015625,Dell,13-inch,16GB,Lenovo,16-inch,16GB
3,-1.6328125,-0.25390625,Dell,13-inch,16GB,HP,13-inch,4GB
3,-1.625,-0.25390625,Dell,13-inch,16GB,HP,13-inch,8GB
3,-1.53125,-0.279296875,Dell,13-inch,16GB,HP,13-inch,16GB
3,-1.7265625,-0.23046875,Dell,13-inch,16GB,HP,14-inch,4GB
3,-1.734375,-0.2314453125,Dell,13-inch,16GB,HP,14-inch,8GB
3,-1.8359375,-0.2080078125,Dell,13-inch,16GB,HP,14-inch,16GB
3,-1.828125,-0.205078125,Dell,13-inch,16GB,HP,16-inch,4GB
3,-1.9375,-0.1884765625,Dell,13-inch,16GB,HP,16-inch,8GB
3,-1.6328125,-0.255859375,Dell,13-inch,16GB,HP,16-inch,16GB
3,-1.34375,-0.341796875,Dell,13-inch,16GB,Dell,13-inch,4GB
3,-1.0,-0.5,Dell,13-inch,16GB,Dell,13-inch,8GB
3,-1.828125,-0.205078125,Dell,13-inch,16GB,Dell,14-inch,4GB
3,-1.7265625,-0.2236328125,Dell,13-inch,16GB,Dell,14-inch,8GB
3,-1.7265625,-0.2294921875,Dell,13-inch,16GB,Dell,14-inch,16GB
3,-1.7265625,-0.2294921875,Dell,13-inch,16GB,Dell,16-inch,4GB
3,-1.625,-0.25,Dell,13-inch,16GB,Dell,16-inch,8GB
3,-1.6328125,-0.259765625,Dell,13-inch,16GB,Dell,16-inch,16GB
3,-1.53125,-0.28515625,Dell,13-inch,16GB,Apple,13-inch,4GB
3,-1.6328125,-0.26171875,Dell,13-inch,16GB,Apple,13-inch,8GB
3,-1.25,-0.375,Dell,13-inch,16GB,Apple,13-inch,16GB
3,-1.734375,-0.234375,Dell,13-inch,16GB,Apple,14-inch,4GB
3,-1.8359375,-0.21484375,Dell,13-inch,16GB,Apple,14-inch,8GB
3,-1.53125,-0.28125,Dell,13-inch,16GB,Apple,14-inch,16GB
3,-1.734375,-0.234375,Dell,13-inch,16GB,Apple,16-inch,4GB
3,-1.7421875,-0.240234375,Dell,13-inch,16GB,Apple,16-inch,8GB
3,-1.3515625,-0.349609375,Dell,13-inch,16GB,Apple,16-inch,16GB
3,-1.625,-0.25,Dell,14-inch,4GB,ASUS,13-inch,4GB
3,-2.15625,-0.15234375,Dell,14-inch,4GB,ASUS,13-inch,8GB
3,-1.625,-0.2470703125,Dell,14-inch,4GB,ASUS,13-inch,16GB
3,-1.6171875,-0.244140625,Dell,14-inch,4GB,ASUS,14-inch,4GB
3,-1.828125,-0.2001953125,Dell,14-inch,4GB,ASUS,14-inch,8GB
3,-1.5234375,-0.275390625,Dell,14-inch,4GB,ASUS,14-inch,16GB
3,-1.625,-0.2470703125,Dell,14-inch,4GB,ASUS,16-inch,4GB
3,-2.046875,-0.1650390625,Dell,14-inch,4GB,ASUS,16-inch,8GB
3,-1.625,-0.248046875,Dell,14-inch,4GB,ASUS,16-inch,16GB
3,-1.625,-0.251953125,Dell,14-inch,4GB,Lenovo,13-inch,4GB
3,-1.828125,-0.20703125,Dell,14-inch,4GB,Lenovo,13-inch,8GB
3,-1.625,-0.251953125,Dell,14-inch,4GB,Lenovo,13-inch,16GB
3,-1.3359375,-0.337890625,Dell,14-inch,4GB,Lenovo,14-inch,4GB
3,-1.625,-0.251953125,Dell,14-inch,4GB,Lenovo,14-inch,8GB
3,-1.3359375,-0.33984375,Dell,14-inch,4GB,Lenovo,14-inch,16GB
3,-1.4296875,-0.30859375,Dell,14-inch,4GB,Lenovo,16-inch,4GB
3,-1.734375,-0.2314453125,Dell,14-inch,4GB,Lenovo,16-inch,8GB
3,-1.625,-0.251953125,Dell,14-inch,4GB,Lenovo,16-inch,16GB
3,-1.71875,-0.22265625,Dell,14-inch,4GB,HP,13-inch,4GB
3,-2.046875,-0.16796875,Dell,14-inch,4GB,HP,13-inch,8GB
3,-1.625,-0.251953125,Dell,14-inch,4GB,HP,13-inch,16GB
3,-1.3359375,-0.333984375,Dell,14-inch,4GB,HP,14-inch,4GB
3,-1.71875,-0.22265625,Dell,14-inch,4GB,HP,14-inch,8GB
3,-1.3359375,-0.3359375,Dell,14-inch,4GB,HP,14-inch,16GB
3,-1.5234375,-0.2734375,Dell,14-inch,4GB,HP,16-inch,4GB
3,-2.046875,-0.1640625,Dell,14-inch,4GB,HP,16-inch,8GB
3,-1.625,-0.2470703125,Dell,14-inch,4GB,HP,16-inch,16GB
3,-1.7265625,-0.22265625,Dell,14-inch,4GB,Dell,13-inch,4GB
3,-1.9296875,-0.181640625,Dell,14-inch,4GB,Dell,13-inch,8GB
3,-1.625,-0.2470703125,Dell,14-inch,4GB,Dell,13-inch,16GB
3,-1.4296875,-0.302734375,Dell,14-inch,4GB,Dell,14-inch,8GB
3,-1.3359375,-0.333984375,Dell,14-inch,4GB,Dell,14-inch,16GB
3,-1.625,-0.248046875,Dell,14-inch,4GB,Dell,16-inch,4GB
3,-1.828125,-0.205078125,Dell,14-inch,4GB,Dell,16-inch,8GB
3,-1.625,-0.2490234375,Dell,14-inch,4GB,Dell,16-inch,16GB
3,-1.53125,-0.28515625,Dell,14-inch,4GB,Apple,13-inch,4GB
3,-1.9375,-0.189453125,Dell,14-inch,4GB,Apple,13-inch,8GB
3,-1.734375,-0.23046875,Dell,14-inch,4GB,Apple,13-inch,16GB
3,-1.4296875,-0.306640625,Dell,14-inch,4GB,Apple,14-inch,4GB
3,-1.828125,-0.2041015625,Dell,14-inch,4GB,Apple,14-inch,8GB
3,-1.5234375,-0.2734375,Dell,14-inch,4GB,Apple,14-inch,16GB
3,-1.4375,-0.310546875,Dell,14-inch,4GB,Apple,16-inch,4GB
3,-1.9375,-0.1904296875,Dell,14-inch,4GB,Apple,16-inch,8GB
3,-1.625,-0.251953125,Dell,14-inch,4GB,Apple,16-inch,16GB
3,-2.25,-0.1259765625,Dell,14-inch,8GB,ASUS,13-inch,4GB
3,-2.359375,-0.11328125,Dell,14-inch,8GB,ASUS,13-inch,8GB
3,-2.359375,-0.11279296875,Dell,14-inch,8GB,ASUS,13-inch,16GB
3,-2.25,-0.1240234375,Dell,14-inch,8GB,ASUS,14-inch,4GB
3,-2.25,-0.12451171875,Dell,14-inch,8GB,ASUS,14-inch,8GB
3,-2.25,-0.123046875,Dell,14-inch,8GB,ASUS,14-inch,16GB
3,-2.359375,-0.11083984375,Dell,14-inch,8GB,ASUS,16-inch,4GB
3,-2.25,-0.1259765625,Dell,14-inch,8GB,ASUS,16-inch,8GB
3,-2.46875,-0.1005859375,Dell,14-inch,8GB,ASUS,16-inch,16GB
3,-2.359375,-0.11328125,Dell,14-inch,8GB,Lenovo,13-inch,4GB
3,-2.25,-0.126953125,Dell,14-inch,8GB,Lenovo,13-inch,8GB
3,-2.359375,-0.11376953125,Dell,14-inch,8GB,Lenovo,13-inch,16GB
3,-2.140625,-0.138671875,Dell,14-inch,8GB,Lenovo,14-inch,4GB
3,-2.03125,-0.15625,Dell,14-inch,8GB,Lenovo,14-inch,8GB
3,-2.140625,-0.1396484375,Dell,14-inch,8GB,Lenovo,14-inch,16GB
3,-2.46875,-0.099609375,Dell,14-inch,8GB,Lenovo,16-inch,4GB
3,-2.25,-0.1259765625,Dell,14-inch,8GB,Lenovo,16-inch,8GB
3,-2.25,-0.1259765625,Dell,14-inch,8GB,Lenovo,16-inch,16GB
3,-2.46875,-0.10009765625,Dell,14-inch,8GB,HP,13-inch,4GB
3,-2.359375,-0.1123046875,Dell,14-inch,8GB,HP,13-inch,8GB
3,-2.359375,-0.11328125,Dell,14-inch,8GB,HP,13-inch,16GB
3,-2.25,-0.1240234375,Dell,14-inch,8GB,HP,14-inch,4GB
3,-2.25,-0.12451171875,Dell,14-inch,8GB,HP,14-inch,8GB
3,-2.140625,-0.138671875,Dell,14-inch,8GB,HP,14-inch,16GB
3,-2.359375,-0.1103515625,Dell,14-inch,8GB,HP,16-inch,4GB
3,-2.359375,-0.11181640625,Dell,14-inch,8GB,HP,16-inch,8GB
3,-2.46875,-0.10009765625,Dell,14-inch,8GB,HP,16-inch,16GB
3,-2.359375,-0.11279296875,Dell,14-inch,8GB,Dell,13-inch,4GB
3,-2.359375,-0.11181640625,Dell,14-inch,8GB,Dell,13-inch,8GB
3,-2.25,-0.1259765625,Dell,14-inch,8GB,Dell,13-inch,16GB
3,-2.03125,-0.154296875,Dell,14-inch,8GB,Dell,14-inch,4GB
3,-1.921875,-0.171875,Dell,14-inch,8GB,Dell,14-inch,16GB
3,-2.59375,-0.08837890625,Dell,14-inch,8GB,Dell,16-inch,4GB
3,-2.46875,-0.099609375,Dell,14-inch,8GB,Dell,16-inch,8GB
3,-2.46875,-0.1005859375,Dell,14-inch,8GB,Dell,16-inch,16GB
3,-2.140625,-0.1455078125,Dell,14-inch,8GB,Apple,13-inch,4GB
3,-2.03125,-0.158203125,Dell,14-inch,8GB,Apple,13-inch,8GB
3,-2.359375,-0.1142578125,Dell,14-inch,8GB,Apple,13-inch,16GB
3,-2.25,-0.1259765625,Dell,14-inch,8GB,Apple,14-inch,4GB
3,-2.140625,-0.138671875,Dell,14-inch,8GB,Apple,14-inch,8GB
3,-2.25,-0.12353515625,Dell,14-inch,8GB,Apple,14-inch,16GB
3,-2.359375,-0.1142578125,Dell,14-inch,8GB,Apple,16-inch,4GB
3,-2.359375,-0.11328125,Dell,14-inch,8GB,Apple,16-inch,8GB
3,-2.359375,-0.1142578125,Dell,14-inch,8GB,Apple,16-inch,16GB
3,-1.5234375,-0.271484375,Dell,14-inch,16GB,ASUS,13-inch,4GB
3,-1.71875,-0.2216796875,Dell,14-inch,16GB,ASUS,13-inch,8GB
3,-1.4296875,-0.3046875,Dell,14-inch,16GB,ASUS,13-inch,16GB
3,-1.4296875,-0.306640625,Dell,14-inch,16GB,ASUS,14-inch,4GB
3,-1.5234375,-0.26953125,Dell,14-inch,16GB,ASUS,14-inch,8GB
3,-1.4296875,-0.30859375,Dell,14-inch,16GB,ASUS,14-inch,16GB
3,-1.5234375,-0.275390625,Dell,14-inch,16GB,ASUS,16-inch,4GB
3,-1.6171875,-0.24609375,Dell,14-inch,16GB,ASUS,16-inch,8GB
3,-1.4296875,-0.306640625,Dell,14-inch,16GB,ASUS,16-inch,16GB
3,-1.5234375,-0.271484375,Dell,14-inch,16GB,Lenovo,13-inch,4GB
3,-1.625,-0.248046875,Dell,14-inch,16GB,Lenovo,13-inch,8GB
3,-1.4296875,-0.306640625,Dell,14-inch,16GB,Lenovo,13-inch,16GB
3,-1.5234375,-0.27734375,Dell,14-inch,16GB,Lenovo,14-inch,4GB
3,-1.5234375,-0.275390625,Dell,14-inch,16GB,Lenovo,14-inch,8GB
3,-1.34375,-0.345703125,Dell,14-inch,16GB,Lenovo,14-inch,16GB
3,-1.625,-0.2470703125,Dell,14-inch,16GB,Lenovo,16-inch,4GB
3,-1.7265625,-0.224609375,Dell,14-inch,16GB,Lenovo,16-inch,8GB
3,-1.34375,-0.34375,Dell,14-inch,16GB,Lenovo,16-inch,16GB
3,-1.5234375,-0.271484375,Dell,14-inch,16GB,HP,13-inch,4GB
3,-1.625,-0.2470703125,Dell,14-inch,16GB,HP,13-inch,8GB
3,-1.4296875,-0.302734375,Dell,14-inch,16GB,HP,13-inch,16GB
3,-1.4296875,-0.302734375,Dell,14-inch,16GB,HP,14-inch,4GB
3,-1.4296875,-0.302734375,Dell,14-inch,16GB,HP,14-inch,8GB
3,-1.4375,-0.310546875,Dell,14-inch,16GB,HP,14-inch,16GB
3,-1.6171875,-0.2451171875,Dell,14-inch,16GB,HP,16-inch,4GB
3,-1.7265625,-0.2236328125,Dell,14-inch,16GB,HP,16-inch,8GB
3,-1.4375,-0.30859375,Dell,14-inch,16GB,HP,16-inch,16GB
3,-1.4296875,-0.30078125,Dell,14-inch,16GB,Dell,13-inch,4GB
3,-1.5234375,-0.271484375,Dell,14-inch,16GB,Dell,13-inch,8GB
3,-1.3359375,-0.3359375,Dell,14-inch,16GB,Dell,13-inch,16GB
3,-1.2421875,-0.37109375,Dell,14-inch,16GB,Dell,14-inch,4GB
3,-1.078125,-0.44921875,Dell,14-inch,16GB,Dell,14-inch,8GB
3,-1.4296875,-0.302734375,Dell,14-inch,16GB,Dell,16-inch,4GB
3,-1.421875,-0.30078125,Dell,14-inch,16GB,Dell,16-inch,8GB
3,-1.3359375,-0.337890625,Dell,14-inch,16GB,Dell,16-inch,16GB
3,-1.3359375,-0.3359375,Dell,14-inch,16GB,Apple,13-inch,4GB
3,-1.53125,-0.279296875,Dell,14-inch,16GB,Apple,13-inch,8GB
3,-1.1640625,-0.416015625,Dell,14-inch,16GB,Apple,13-inch,16GB
3,-1.34375,-0.341796875,Dell,14-inch,16GB,Apple,14-inch,4GB
3,-1.34375,-0.341796875,Dell,14-inch,16GB,Apple,14-inch,8GB
3,-1.25,-0.373046875,Dell,14-inch,16GB,Apple,14-inch,16GB
3,-1.5234375,-0.275390625,Dell,14-inch,16GB,Apple,16-inch,4GB
3,-1.7265625,-0.2275390625,Dell,14-inch,16GB,Apple,16-inch,8GB
3,-1.34375,-0.341796875,Dell,14-inch,16GB,Apple,16-inch,16GB
3,-1.6171875,-0.2451171875,Dell,16-inch,4GB,ASUS,13-inch,4GB
3,-2.15625,-0.1494140625,Dell,16-inch,4GB,ASUS,13-inch,8GB
3,-1.828125,-0.2001953125,Dell,16-inch,4GB,ASUS,13-inch,16GB
3,-1.7265625,-0.224609375,Dell,16-inch,4GB,ASUS,14-inch,4GB
3,-2.265625,-0.13671875,Dell,16-inch,4GB,ASUS,14-inch,8GB
3,-1.828125,-0.201171875,Dell,16-inch,4GB,ASUS,14-inch,16GB
3,-1.6171875,-0.244140625,Dell,16-inch,4GB,ASUS,16-inch,4GB
3,-1.8203125,-0.1982421875,Dell,16-inch,4GB,ASUS,16-inch,8GB
3,-1.71875,-0.22265625,Dell,16-inch,4GB,ASUS,16-inch,16GB
3,-1.71875,-0.2216796875,Dell,16-inch,4GB,Lenovo,13-inch,4GB
3,-1.9375,-0.185546875,Dell,16-inch,4GB,Lenovo,13-inch,8GB
3,-1.7265625,-0.2255859375,Dell,16-inch,4GB,Lenovo,13-inch,16GB
3,-1.7265625,-0.224609375,Dell,16-inch,4GB,Lenovo,14-inch,4GB
3,-1.9375,-0.1865234375,Dell,16-inch,4GB,Lenovo,14-inch,8GB
3,-1.625,-0.25,Dell,16-inch,4GB,Lenovo,14-inch,16GB
3,-1.3359375,-0.3359375,Dell,16-inch,4GB,Lenovo,16-inch,4GB
3,-1.625,-0.2490234375,Dell,16-inch,4GB,Lenovo,16-inch,8GB
3,-1.4296875,-0.306640625,Dell,16-inch,4GB,Lenovo,16-inch,16GB
3,-1.8203125,-0.1962890625,Dell,16-inch,4GB,HP,13-inch,4GB
3,-2.140625,-0.1484375,Dell,16-inch,4GB,HP,13-inch,8GB
3,-1.828125,-0.2001953125,Dell,16-inch,4GB,HP,13-inch,16GB
3,-1.625,-0.2470703125,Dell,16-inch,4GB,HP,14-inch,4GB
3,-2.140625,-0.1484375,Dell,16-inch,4GB,HP,14-inch,8GB
3,-1.828125,-0.201171875,Dell,16-inch,4GB,HP,14-inch,16GB
3,-1.5234375,-0.2734375,Dell,16-inch,4GB,HP,16-inch,4GB
3,-1.828125,-0.201171875,Dell,16-inch,4GB,HP,16-inch,8GB
3,-1.5234375,-0.275390625,Dell,16-inch,4GB,HP,16-inch,16GB
3,-1.828125,-0.201171875,Dell,16-inch,4GB,Dell,13-inch,4GB
3,-1.9296875,-0.1826171875,Dell,16-inch,4GB,Dell,13-inch,8GB
3,-1.828125,-0.201171875,Dell,16-inch,4GB,Dell,13-inch,16GB
3,-1.71875,-0.2216796875,Dell,16-inch,4GB,Dell,14-inch,4GB
3,-1.9296875,-0.1826171875,Dell,16-inch,4GB,Dell,14-inch,8GB
3,-1.7265625,-0.22265625,Dell,16-inch,4GB,Dell,14-inch,16GB
3,-1.4296875,-0.306640625,Dell,16-inch,4GB,Dell,16-inch,8GB
3,-1.5234375,-0.275390625,Dell,16-inch,4GB,Dell,16-inch,16GB
3,-1.625,-0.25,Dell,16-inch,4GB,Apple,13-inch,4GB
3,-1.9375,-0.189453125,Dell,16-inch,4GB,Apple,13-inch,8GB
3,-1.828125,-0.2021484375,Dell,16-inch,4GB,Apple,13-inch,16GB
3,-1.53125,-0.279296875,Dell,16-inch,4GB,Apple,14-inch,4GB
3,-1.9375,-0.189453125,Dell,16-inch,4GB,Apple,14-inch,8GB
3,-1.625,-0.25,Dell,16-inch,4GB,Apple,14-inch,16GB
3,-1.4296875,-0.302734375,Dell,16-inch,4GB,Apple,16-inch,4GB
3,-1.7265625,-0.2265625,Dell,16-inch,4GB,Apple,16-inch,8GB
3,-1.5234375,-0.275390625,Dell,16-inch,4GB,Apple,16-inch,16GB
3,-2.359375,-0.111328125,Dell,16-inch,8GB,ASUS,13-inch,4GB
3,-2.25,-0.126953125,Dell,16-inch,8GB,ASUS,13-inch,8GB
3,-2.359375,-0.11181640625,Dell,16-inch,8GB,ASUS,13-inch,16GB
3,-2.359375,-0.1142578125,Dell,16-inch,8GB,ASUS,14-inch,4GB
3,-2.25,-0.1279296875,Dell,16-inch,8GB,ASUS,14-inch,8GB
3,-2.46875,-0.1015625,Dell,16-inch,8GB,ASUS,14-inch,16GB
3,-2.140625,-0.146484375,Dell,16-inch,8GB,ASUS,16-inch,4GB
3,-2.140625,-0.142578125,Dell,16-inch,8GB,ASUS,16-inch,8GB
3,-2.140625,-0.142578125,Dell,16-inch,8GB,ASUS,16-inch,16GB
3,-2.25,-0.1259765625,Dell,16-inch,8GB,Lenovo,13-inch,4GB
3,-2.140625,-0.1416015625,Dell,16-inch,8GB,Lenovo,13-inch,8GB
3,-2.359375,-0.11328125,Dell,16-inch,8GB,Lenovo,13-inch,16GB
3,-2.25,-0.1240234375,Dell,16-inch,8GB,Lenovo,14-inch,4GB
3,-2.25,-0.1279296875,Dell,16-inch,8GB,Lenovo,14-inch,8GB
3,-2.25,-0.126953125,Dell,16-inch,8GB,Lenovo,14-inch,16GB
3,-1.9296875,-0.1796875,Dell,16-inch,8GB,Lenovo,16-inch,4GB
3,-1.9296875,-0.1767578125,Dell,16-inch,8GB,Lenovo,16-inch,8GB
3,-1.9296875,-0.1787109375,Dell,16-inch,8GB,Lenovo,16-inch,16GB
3,-2.25,-0.1240234375,Dell,16-inch,8GB,HP,13-inch,4GB
3,-2.25,-0.125,Dell,16-inch,8GB,HP,13-inch,8GB
3,-2.25,-0.125,Dell,16-inch,8GB,HP,13-inch,16GB
3,-2.359375,-0.11328125,Dell,16-inch,8GB,HP,14-inch,4GB
3,-2.140625,-0.140625,Dell,16-inch,8GB,HP,14-inch,8GB
3,-2.359375,-0.1123046875,Dell,16-inch,8GB,HP,14-inch,16GB
3,-2.25,-0.130859375,Dell,16-inch,8GB,HP,16-inch,4GB
3,-2.25,-0.1259765625,Dell,16-inch,8GB,HP,16-inch,8GB
3,-2.03125,-0.1572265625,Dell,16-inch,8GB,HP,16-inch,16GB
3,-2.359375,-0.11279296875,Dell,16-inch,8GB,Dell,13-inch,4GB
3,-2.359375,-0.11328125,Dell,16-inch,8GB,Dell,13-inch,8GB
3,-2.484375,-0.10205078125,Dell,16-inch,8GB,Dell,13-inch,16GB
3,-2.359375,-0.1103515625,Dell,16-inch,8GB,Dell,14-inch,4GB
3,-2.25,-0.125,Dell,16-inch,8GB,Dell,14-inch,8GB
3,-2.46875,-0.10107421875,Dell,16-inch,8GB,Dell,14-inch,16GB
3,-1.7265625,-0.224609375,Dell,16-inch,8GB,Dell,16-inch,4GB
3,-1.8203125,-0.19921875,Dell,16-inch,8GB,Dell,16-inch,16GB
3,-2.359375,-0.1123046875,Dell,16-inch,8GB,Apple,13-inch,4GB
3,-2.03125,-0.1611328125,Dell,16-inch,8GB,Apple,13-inch,8GB
3,-2.25,-0.1279296875,Dell,16-inch,8GB,Apple,13-inch,16GB
3,-2.359375,-0.11181640625,Dell,16-inch,8GB,Apple,14-inch,4GB
3,-2.03125,-0.15625,Dell,16-inch,8GB,Apple,14-inch,8GB
3,-2.25,-0.12890625,Dell,16-inch,8GB,Apple,14-inch,16GB
3,-1.7265625,-0.2255859375,Dell,16-inch,8GB,Apple,16-inch,4GB
3,-1.9296875,-0.1806640625,Dell,16-inch,8GB,Apple,16-inch,8GB
3,-1.8203125,-0.1953125,Dell,16-inch,8GB,Apple,16-inch,16GB
3,-1.53125,-0.283203125,Dell,16-inch,16GB,ASUS,13-inch,4GB
3,-1.625,-0.25,Dell,16-inch,16GB,ASUS,13-inch,8GB
3,-1.53125,-0.28515625,Dell,16-inch,16GB,ASUS,13-inch,16GB
3,-1.828125,-0.203125,Dell,16-inch,16GB,ASUS,14-inch,4GB
3,-2.03125,-0.1630859375,Dell,16-inch,16GB,ASUS,14-inch,8GB
3,-1.7265625,-0.228515625,Dell,16-inch,16GB,ASUS,14-inch,16GB
3,-1.5234375,-0.27734375,Dell,16-inch,16GB,ASUS,16-inch,4GB
3,-1.5234375,-0.27734375,Dell,16-inch,16GB,ASUS,16-inch,8GB
3,-1.5234375,-0.27734375,Dell,16-inch,16GB,ASUS,16-inch,16GB
3,-1.7265625,-0.2275390625,Dell,16-inch,16GB,Lenovo,13-inch,4GB
3,-1.625,-0.251953125,Dell,16-inch,16GB,Lenovo,13-inch,8GB
3,-1.53125,-0.279296875,Dell,16-inch,16GB,Lenovo,13-inch,16GB
3,-1.6171875,-0.244140625,Dell,16-inch,16GB,Lenovo,14-inch,4GB
3,-1.828125,-0.2021484375,Dell,16-inch,16GB,Lenovo,14-inch,8GB
3,-1.5234375,-0.275390625,Dell,16-inch,16GB,Lenovo,14-inch,16GB
3,-1.625,-0.25,Dell,16-inch,16GB,Lenovo,16-inch,4GB
3,-1.53125,-0.279296875,Dell,16-inch,16GB,Lenovo,16-inch,8GB
3,-1.4375,-0.3125,Dell,16-inch,16GB,Lenovo,16-inch,16GB
3,-1.7265625,-0.2236328125,Dell,16-inch,16GB,HP,13-inch,4GB
3,-1.828125,-0.2060546875,Dell,16-inch,16GB,HP,13-inch,8GB
3,-1.625,-0.251953125,Dell,16-inch,16GB,HP,13-inch,16GB
3,-1.828125,-0.2001953125,Dell,16-inch,16GB,HP,14-inch,4GB
3,-1.828125,-0.2041015625,Dell,16-inch,16GB,HP,14-inch,8GB
3,-1.7265625,-0.228515625,Dell,16-inch,16GB,HP,14-inch,16GB
3,-1.5234375,-0.2734375,Dell,16-inch,16GB,HP,16-inch,4GB
3,-1.5234375,-0.27734375,Dell,16-inch,16GB,HP,16-inch,8GB
3,-1.4375,-0.30859375,Dell,16-inch,16GB,HP,16-inch,16GB
3,-1.359375,-0.357421875,Dell,16-inch,16GB,Dell,13-inch,4GB
3,-1.359375,-0.35546875,Dell,16-inch,16GB,Dell,13-inch,8GB
3,-1.2578125,-0.380859375,Dell,16-inch,16GB,Dell,13-inch,16GB
3,-1.296875,-0.419921875,Dell,16-inch,16GB,Dell,14-inch,4GB
3,-1.3828125,-0.380859375,Dell,16-inch,16GB,Dell,14-inch,8GB
3,-1.2578125,-0.384765625,Dell,16-inch,16GB,Dell,14-inch,16GB
3,-1.4296875,-0.30078125,Dell,16-inch,16GB,Dell,16-inch,4GB
3,-0.99609375,-0.49609375,Dell,16-inch,16GB,Dell,16-inch,8GB
3,-1.4453125,-0.32421875,Dell,16-inch,16GB,Apple,13-inch,4GB
3,-1.6328125,-0.2578125,Dell,16-inch,16GB,Apple,13-inch,8GB
3,-1.3515625,-0.34765625,Dell,16-inch,16GB,Apple,13-inch,16GB
3,-1.5234375,-0.275390625,Dell,16-inch,16GB,Apple,14-inch,4GB
3,-1.828125,-0.205078125,Dell,16-inch,16GB,Apple,14-inch,8GB
3,-1.34375,-0.33984375,Dell,16-inch,16GB,Apple,14-inch,16GB
3,-1.34375,-0.341796875,Dell,16-inch,16GB,Apple,16-inch,4GB
3,-1.4375,-0.314453125,Dell,16-inch,16GB,Apple,16-inch,8GB
3,-1.25,-0.37890625,Dell,16-inch,16GB,Apple,16-inch,16GB
3,-1.828125,-0.201171875,Apple,13-inch,4GB,ASUS,13-inch,4GB
3,-1.9296875,-0.181640625,Apple,13-inch,4GB,ASUS,13-inch,8GB
3,-1.1640625,-0.412109375,Apple,13-inch,4GB,ASUS,13-inch,16GB
3,-2.046875,-0.1669921875,Apple,13-inch,4GB,ASUS,14-inch,4GB
3,-2.046875,-0.1708984375,Apple,13-inch,4GB,ASUS,14-inch,8GB
3,-1.53125,-0.283203125,Apple,13-inch,4GB,ASUS,14-inch,16GB
3,-1.828125,-0.2060546875,Apple,13-inch,4GB,ASUS,16-inch,4GB
3,-1.9375,-0.19140625,Apple,13-inch,4GB,ASUS,16-inch,8GB
3,-1.53125,-0.279296875,Apple,13-inch,4GB,ASUS,16-inch,16GB
3,-1.53125,-0.28125,Apple,13-inch,4GB,Lenovo,13-inch,4GB
3,-1.6328125,-0.259765625,Apple,13-inch,4GB,Lenovo,13-inch,8GB
3,-1.2578125,-0.380859375,Apple,13-inch,4GB,Lenovo,13-inch,16GB
3,-1.828125,-0.2060546875,Apple,13-inch,4GB,Lenovo,14-inch,4GB
3,-1.9453125,-0.1962890625,Apple,13-inch,4GB,Lenovo,14-inch,8GB
3,-1.5390625,-0.291015625,Apple,13-inch,4GB,Lenovo,14-inch,16GB
3,-1.828125,-0.2060546875,Apple,13-inch,4GB,Lenovo,16-inch,4GB
3,-1.7421875,-0.240234375,Apple,13-inch,4GB,Lenovo,16-inch,8GB
3,-1.4375,-0.314453125,Apple,13-inch,4GB,Lenovo,16-inch,16GB
3,-1.4296875,-0.306640625,Apple,13-inch,4GB,HP,13-inch,4GB
3,-1.7265625,-0.2275390625,Apple,13-inch,4GB,HP,13-inch,8GB
3,-1.0,-0.5,Apple,13-inch,4GB,HP,13-inch,16GB
3,-1.9375,-0.1865234375,Apple,13-inch,4GB,HP,14-inch,4GB
3,-1.9453125,-0.193359375,Apple,13-inch,4GB,HP,14-inch,8GB
3,-1.4375,-0.314453125,Apple,13-inch,4GB,HP,14-inch,16GB
3,-1.7265625,-0.23046875,Apple,13-inch,4GB,HP,16-inch,4GB
3,-1.84375,-0.2158203125,Apple,13-inch,4GB,HP,16-inch,8GB
3,-1.4375,-0.3125,Apple,13-inch,4GB,HP,16-inch,16GB
3,-1.53125,-0.279296875,Apple,13-inch,4GB,Dell,13-inch,4GB
3,-1.828125,-0.2060546875,Apple,13-inch,4GB,Dell,13-inch,8GB
3,-1.1640625,-0.416015625,Apple,13-inch,4GB,Dell,13-inch,16GB
3,-1.828125,-0.20703125,Apple,13-inch,4GB,Dell,14-inch,4GB
3,-1.8359375,-0.212890625,Apple,13-inch,4GB,Dell,14-inch,8GB
3,-1.34375,-0.34765625,Apple,13-inch,4GB,Dell,14-inch,16GB
3,-1.7265625,-0.2275390625,Apple,13-inch,4GB,Dell,16-inch,4GB
3,-1.84375,-0.2158203125,Apple,13-inch,4GB,Dell,16-inch,8GB
3,-1.53125,-0.28125,Apple,13-inch,4GB,Dell,16-inch,16GB
3,-1.34375,-0.341796875,Apple,13-inch,4GB,Apple,13-inch,8GB
3,-1.25,-0.376953125,Apple,13-inch,4GB,Apple,13-inch,16GB
3,-1.8359375,-0.2138671875,Apple,13-inch,4GB,Apple,14-inch,4GB
3,-1.5390625,-0.291015625,Apple,13-inch,4GB,Apple,14-inch,8GB
3,-1.4453125,-0.322265625,Apple,13-inch,4GB,Apple,14-inch,16GB
3,-1.8359375,-0.2099609375,Apple,13-inch,4GB,Apple,16-inch,4GB
3,-1.7421875,-0.2412109375,Apple,13-inch,4GB,Apple,16-inch,8GB
3,-1.265625,-0.388671875,Apple,13-inch,4GB,Apple,16-inch,16GB
3,-2.140625,-0.140625,Apple,13-inch,8GB,ASUS,13-inch,4GB
3,-2.140625,-0.1396484375,Apple,13-inch,8GB,ASUS,13-inch,8GB
3,-1.6171875,-0.2412109375,Apple,13-inch,8GB,ASUS,13-inch,16GB
3,-2.140625,-0.138671875,Apple,13-inch,8GB,ASUS,14-inch,4GB
3,-2.140625,-0.142578125,Apple,13-inch,8GB,ASUS,14-inch,8GB
3,-1.828125,-0.2001953125,Apple,13-inch,8GB,ASUS,14-inch,16GB
3,-2.359375,-0.111328125,Apple,13-inch,8GB,ASUS,16-inch,4GB
3,-2.359375,-0.1123046875,Apple,13-inch,8GB,ASUS,16-inch,8GB
3,-2.03125,-0.16015625,Apple,13-inch,8GB,ASUS,16-inch,16GB
3,-1.8203125,-0.1953125,Apple,13-inch,8GB,Lenovo,13-inch,4GB
3,-1.9296875,-0.17578125,Apple,13-inch,8GB,Lenovo,13-inch,8GB
3,-1.515625,-0.267578125,Apple,13-inch,8GB,Lenovo,13-inch,16GB
3,-1.921875,-0.1748046875,Apple,13-inch,8GB,Lenovo,14-inch,4GB
3,-2.03125,-0.158203125,Apple,13-inch,8GB,Lenovo,14-inch,8GB
3,-1.6171875,-0.24609375,Apple,13-inch,8GB,Lenovo,14-inch,16GB
3,-2.03125,-0.1552734375,Apple,13-inch,8GB,Lenovo,16-inch,4GB
3,-2.03125,-0.1591796875,Apple,13-inch,8GB,Lenovo,16-inch,8GB
3,-1.71875,-0.2197265625,Apple,13-inch,8GB,Lenovo,16-inch,16GB
3,-2.140625,-0.1396484375,Apple,13-inch,8GB,HP,13-inch,4GB
3,-2.140625,-0.1396484375,Apple,13-inch,8GB,HP,13-inch,8GB
3,-1.421875,-0.296875,Apple,13-inch,8GB,HP,13-inch,16GB
3,-2.03125,-0.154296875,Apple,13-inch,8GB,HP,14-inch,4GB
3,-2.03125,-0.1572265625,Apple,13-inch,8GB,HP,14-inch,8GB
3,-1.71875,-0.2177734375,Apple,13-inch,8GB,HP,14-inch,16GB
3,-2.25,-0.12353515625,Apple,13-inch,8GB,HP,16-inch,4GB
3,-2.140625,-0.1416015625,Apple,13-inch,8GB,HP,16-inch,8GB
3,-1.8203125,-0.1982421875,Apple,13-inch,8GB,HP,16-inch,16GB
3,-1.8203125,-0.1943359375,Apple,13-inch,8GB,Dell,13-inch,4GB
3,-1.8203125,-0.1962890625,Apple,13-inch,8GB,Dell,13-inch,8GB
3,-1.421875,-0.298828125,Apple,13-inch,8GB,Dell,13-inch,16GB
3,-1.8203125,-0.1923828125,Apple,13-inch,8GB,Dell,14-inch,4GB
3,-1.921875,-0.1748046875,Apple,13-inch,8GB,Dell,14-inch,8GB
3,-1.6171875,-0.24609375,Apple,13-inch,8GB,Dell,14-inch,16GB
3,-2.140625,-0.138671875,Apple,13-inch,8GB,Dell,16-inch,4GB
3,-2.03125,-0.1572265625,Apple,13-inch,8GB,Dell,16-inch,8GB
3,-1.71875,-0.2197265625,Apple,13-inch,8GB,Dell,16-inch,16GB
3,-1.921875,-0.173828125,Apple,13-inch,8GB,Apple,13-inch,4GB
3,-1.421875,-0.298828125,Apple,13-inch,8GB,Apple,13-inch,16GB
3,-1.71875,-0.21875,Apple,13-inch,8GB,Apple,14-inch,4GB
3,-1.8203125,-0.1962890625,Apple,13-inch,8GB,Apple,14-inch,8GB
3,-1.7265625,-0.224609375,Apple,13-inch,8GB,Apple,14-inch,16GB
3,-1.921875,-0.1748046875,Apple,13-inch,8GB,Apple,16-inch,4GB
3,-1.9296875,-0.177734375,Apple,13-inch,8GB,Apple,16-inch,8GB
3,-1.71875,-0.2216796875,Apple,13-inch,8GB,Apple,16-inch,16GB
3,-1.609375,-0.236328125,Apple,13-inch,16GB,ASUS,13-inch,4GB
3,-1.7109375,-0.2109375,Apple,13-inch,16GB,ASUS,13-inch,8GB
3,-1.421875,-0.294921875,Apple,13-inch,16GB,ASUS,13-inch,16GB
3,-2.03125,-0.154296875,Apple,13-inch,16GB,ASUS,14-inch,4GB
3,-2.03125,-0.15234375,Apple,13-inch,16GB,ASUS,14-inch,8GB
3,-1.8203125,-0.1943359375,Apple,13-inch,16GB,ASUS,14-inch,16GB
3,-1.8125,-0.19140625,Apple,13-inch,16GB,ASUS,16-inch,4GB
3,-2.03125,-0.15234375,Apple,13-inch,16GB,ASUS,16-inch,8GB
3,-1.515625,-0.265625,Apple,13-inch,16GB,ASUS,16-inch,16GB
3,-1.515625,-0.267578125,Apple,13-inch,16GB,Lenovo,13-inch,4GB
3,-1.609375,-0.2373046875,Apple,13-inch,16GB,Lenovo,13-inch,8GB
3,-1.828125,-0.19921875,Apple,13-inch,16GB,Lenovo,13-inch,16GB
3,-1.8203125,-0.193359375,Apple,13-inch,16GB,Lenovo,14-inch,4GB
3,-1.7109375,-0.212890625,Apple,13-inch,16GB,Lenovo,14-inch,8GB
3,-1.8203125,-0.1943359375,Apple,13-inch,16GB,Lenovo,14-inch,16GB
3,-1.921875,-0.1728515625,Apple,13-inch,16GB,Lenovo,16-inch,4GB
3,-1.8203125,-0.19140625,Apple,13-inch,16GB,Lenovo,16-inch,8GB
3,-1.515625,-0.265625,Apple,13-inch,16GB,Lenovo,16-inch,16GB
3,-1.7109375,-0.212890625,Apple,13-inch,16GB,HP,13-inch,4GB
3,-1.609375,-0.2373046875,Apple,13-inch,16GB,HP,13-inch,8GB
3,-1.8203125,-0.197265625,Apple,13-inch,16GB,HP,13-inch,16GB
3,-1.921875,-0.171875,Apple,13-inch,16GB,HP,14-inch,4GB
3,-1.8203125,-0.193359375,Apple,13-inch,16GB,HP,14-inch,8GB
3,-1.71875,-0.216796875,Apple,13-inch,16GB,HP,14-inch,16GB
3,-2.03125,-0.15234375,Apple,13-inch,16GB,HP,16-inch,4GB
3,-2.03125,-0.1533203125,Apple,13-inch,16GB,HP,16-inch,8GB
3,-1.328125,-0.32421875,Apple,13-inch,16GB,HP,16-inch,16GB
3,-1.8203125,-0.1923828125,Apple,13-inch,16GB,Dell,13-inch,4GB
3,-1.609375,-0.2373046875,Apple,13-inch,16GB,Dell,13-inch,8GB
3,-1.515625,-0.267578125,Apple,13-inch,16GB,Dell,13-inch,16GB
3,-2.03125,-0.154296875,Apple,13-inch,16GB,Dell,14-inch,4GB
3,-1.921875,-0.171875,Apple,13-inch,16GB,Dell,14-inch,8GB
3,-1.6171875,-0.23828125,Apple,13-inch,16GB,Dell,14-inch,16GB
3,-1.921875,-0.1708984375,Apple,13-inch,16GB,Dell,16-inch,4GB
3,-2.140625,-0.1376953125,Apple,13-inch,16GB,Dell,16-inch,8GB
3,-1.328125,-0.326171875,Apple,13-inch,16GB,Dell,16-inch,16GB
3,-1.15625,-0.40625,Apple,13-inch,16GB,Apple,13-inch,4GB
3,-1.328125,-0.328125,Apple,13-inch,16GB,Apple,13-inch,8GB
3,-1.421875,-0.298828125,Apple,13-inch,16GB,Apple,14-inch,4GB
3,-1.328125,-0.328125,Apple,13-inch,16GB,Apple,14-inch,8GB
3,-1.8203125,-0.1953125,Apple,13-inch,16GB,Apple,14-inch,16GB
3,-1.6171875,-0.2431640625,Apple,13-inch,16GB,Apple,16-inch,4GB
3,-1.6171875,-0.24609375,Apple,13-inch,16GB,Apple,16-inch,8GB
3,-2.03125,-0.158203125,Apple,13-inch,16GB,Apple,16-inch,16GB
3,-1.8203125,-0.1982421875,Apple,14-inch,4GB,ASUS,13-inch,4GB
3,-1.9296875,-0.1806640625,Apple,14-inch,4GB,ASUS,13-inch,8GB
3,-1.5234375,-0.271484375,Apple,14-inch,4GB,ASUS,13-inch,16GB
3,-1.515625,-0.26953125,Apple,14-inch,4GB,ASUS,14-inch,4GB
3,-1.71875,-0.2177734375,Apple,14-inch,4GB,ASUS,14-inch,8GB
3,-1.328125,-0.33203125,Apple,14-inch,4GB,ASUS,14-inch,16GB
3,-1.6171875,-0.2431640625,Apple,14-inch,4GB,ASUS,16-inch,4GB
3,-1.9296875,-0.181640625,Apple,14-inch,4GB,ASUS,16-inch,8GB
3,-1.4296875,-0.30078125,Apple,14-inch,4GB,ASUS,16-inch,16GB
3,-1.71875,-0.2197265625,Apple,14-inch,4GB,Lenovo,13-inch,4GB
3,-1.828125,-0.2041015625,Apple,14-inch,4GB,Lenovo,13-inch,8GB
3,-1.5234375,-0.275390625,Apple,14-inch,4GB,Lenovo,13-inch,16GB
3,-1.3359375,-0.333984375,Apple,14-inch,4GB,Lenovo,14-inch,4GB
3,-1.4296875,-0.302734375,Apple,14-inch,4GB,Lenovo,14-inch,8GB
3,-1.25,-0.37109375,Apple,14-inch,4GB,Lenovo,14-inch,16GB
3,-1.5234375,-0.271484375,Apple,14-inch,4GB,Lenovo,16-inch,4GB
3,-1.625,-0.2490234375,Apple,14-inch,4GB,Lenovo,16-inch,8GB
3,-1.3359375,-0.337890625,Apple,14-inch,4GB,Lenovo,16-inch,16GB
3,-1.8203125,-0.197265625,Apple,14-inch,4GB,HP,13-inch,4GB
3,-1.828125,-0.203125,Apple,14-inch,4GB,HP,13-inch,8GB
3,-1.5234375,-0.271484375,Apple,14-inch,4GB,HP,13-inch,16GB
3,-1.15625,-0.40625,Apple,14-inch,4GB,HP,14-inch,4GB
3,-1.5234375,-0.271484375,Apple,14-inch,4GB,HP,14-inch,8GB
3,-1.15625,-0.408203125,Apple,14-inch,4GB,HP,14-inch,16GB
3,-1.6171875,-0.244140625,Apple,14-inch,4GB,HP,16-inch,4GB
3,-1.7265625,-0.224609375,Apple,14-inch,4GB,HP,16-inch,8GB
3,-1.3359375,-0.333984375,Apple,14-inch,4GB,HP,16-inch,16GB
3,-1.71875,-0.21875,Apple,14-inch,4GB,Dell,13-inch,4GB
3,-1.9296875,-0.1796875,Apple,14-inch,4GB,Dell,13-inch,8GB
3,-1.5234375,-0.271484375,Apple,14-inch,4GB,Dell,13-inch,16GB
3,-1.328125,-0.33203125,Apple,14-inch,4GB,Dell,14-inch,4GB
3,-1.6171875,-0.2431640625,Apple,14-inch,4GB,Dell,14-inch,8GB
3,-1.3359375,-0.333984375,Apple,14-inch,4GB,Dell,14-inch,16GB
3,-1.5234375,-0.271484375,Apple,14-inch,4GB,Dell,16-inch,4GB
3,-1.7265625,-0.2236328125,Apple,14-inch,4GB,Dell,16-inch,8GB
3,-1.3359375,-0.3359375,Apple,14-inch,4GB,Dell,16-inch,16GB
3,-1.625,-0.24609375,Apple,14-inch,4GB,Apple,13-inch,4GB
3,-1.625,-0.248046875,Apple,14-inch,4GB,Apple,13-inch,8GB
3,-1.3359375,-0.337890625,Apple,14-inch,4GB,Apple,13-inch,16GB
3,-1.25,-0.37109375,Apple,14-inch,4GB,Apple,14-inch,8GB
3,-1.2421875,-0.369140625,Apple,14-inch,4GB,Apple,14-inch,16GB
3,-1.71875,-0.22265625,Apple,14-inch,4GB,Apple,16-inch,4GB
3,-1.53125,-0.279296875,Apple,14-inch,4GB,Apple,16-inch,8GB
3,-1.3359375,-0.337890625,Apple,14-inch,4GB,Apple,16-inch,16GB
3,-2.25,-0.1259765625,Apple,14-inch,8GB,ASUS,13-inch,4GB
3,-1.8203125,-0.1943359375,Apple,14-inch,8GB,ASUS,13-inch,8GB
3,-1.921875,-0.173828125,Apple,14-inch,8GB,ASUS,13-inch,16GB
3,-2.03125,-0.1552734375,Apple,14-inch,8GB,ASUS,14-inch,4GB
3,-1.8125,-0.19140625,Apple,14-inch,8GB,ASUS,14-inch,8GB
3,-1.8203125,-0.1923828125,Apple,14-inch,8GB,ASUS,14-inch,16GB
3,-2.359375,-0.11279296875,Apple,14-inch,8GB,ASUS,16-inch,4GB
3,-1.921875,-0.1728515625,Apple,14-inch,8GB,ASUS,16-inch,8GB
3,-1.921875,-0.1748046875,Apple,14-inch,8GB,ASUS,16-inch,16GB
3,-1.921875,-0.173828125,Apple,14-inch,8GB,Lenovo,13-inch,4GB
3,-1.71875,-0.216796875,Apple,14-inch,8GB,Lenovo,13-inch,8GB
3,-1.8203125,-0.193359375,Apple,14-inch,8GB,Lenovo,13-inch,16GB
3,-1.71875,-0.2158203125,Apple,14-inch,8GB,Lenovo,14-inch,4GB
3,-1.6171875,-0.240234375,Apple,14-inch,8GB,Lenovo,14-inch,8GB
3,-1.515625,-0.267578125,Apple,14-inch,8GB,Lenovo,14-inch,16GB
3,-2.03125,-0.1552734375,Apple,14-inch,8GB,Lenovo,16-inch,4GB
3,-1.8203125,-0.1953125,Apple,14-inch,8GB,Lenovo,16-inch,8GB
3,-1.71875,-0.2158203125,Apple,14-inch,8GB,Lenovo,16-inch,16GB
3,-2.140625,-0.1376953125,Apple,14-inch,8GB,HP,13-inch,4GB
3,-1.921875,-0.1748046875,Apple,14-inch,8GB,HP,13-inch,8GB
3,-1.7109375,-0.21484375,Apple,14-inch,8GB,HP,13-inch,16GB
3,-1.8203125,-0.1923828125,Apple,14-inch,8GB,HP,14-inch,4GB
3,-1.7109375,-0.21484375,Apple,14-inch,8GB,HP,14-inch,8GB
3,-1.421875,-0.294921875,Apple,14-inch,8GB,HP,14-inch,16GB
3,-2.25,-0.123046875,Apple,14-inch,8GB,HP,16-inch,4GB
3,-1.921875,-0.1748046875,Apple,14-inch,8GB,HP,16-inch,8GB
3,-1.8203125,-0.1923828125,Apple,14-inch,8GB,HP,16-inch,16GB
3,-1.921875,-0.1728515625,Apple,14-inch,8GB,Dell,13-inch,4GB
3,-1.8203125,-0.1943359375,Apple,14-inch,8GB,Dell,13-inch,8GB
3,-1.71875,-0.216796875,Apple,14-inch,8GB,Dell,13-inch,16GB
3,-1.7109375,-0.2138671875,Apple,14-inch,8GB,Dell,14-inch,4GB
3,-1.515625,-0.265625,Apple,14-inch,8GB,Dell,14-inch,8GB
3,-1.515625,-0.267578125,Apple,14-inch,8GB,Dell,14-inch,16GB
3,-2.140625,-0.138671875,Apple,14-inch,8GB,Dell,16-inch,4GB
3,-1.71875,-0.2158203125,Apple,14-inch,8GB,Dell,16-inch,8GB
3,-1.7109375,-0.21484375,Apple,14-inch,8GB,Dell,16-inch,16GB
3,-1.921875,-0.1728515625,Apple,14-inch,8GB,Apple,13-inch,4GB
3,-1.6171875,-0.240234375,Apple,14-inch,8GB,Apple,13-inch,8GB
3,-1.8203125,-0.1953125,Apple,14-inch,8GB,Apple,13-inch,16GB
3,-1.4375,-0.3125,Apple,14-inch,8GB,Apple,14-inch,4GB
3,-1.609375,-0.23828125,Apple,14-inch,8GB,Apple,14-inch,16GB
3,-2.25,-0.1259765625,Apple,14-inch,8GB,Apple,16-inch,4GB
3,-1.921875,-0.1748046875,Apple,14-inch,8GB,Apple,16-inch,8GB
3,-1.8203125,-0.1962890625,Apple,14-inch,8GB,Apple,16-inch,16GB
3,-1.8203125,-0.1953125,Apple,14-inch,16GB,ASUS,13-inch,4GB
3,-1.921875,-0.173828125,Apple,14-inch,16GB,ASUS,13-inch,8GB
3,-2.03125,-0.15234375,Apple,14-inch,16GB,ASUS,13-inch,16GB
3,-1.421875,-0.296875,Apple,14-inch,16GB,ASUS,14-inch,4GB
3,-1.515625,-0.265625,Apple,14-inch,16GB,ASUS,14-inch,8GB
3,-1.7109375,-0.212890625,Apple,14-inch,16GB,ASUS,14-inch,16GB
3,-1.6171875,-0.240234375,Apple,14-inch,16GB,ASUS,16-inch,4GB
3,-1.921875,-0.1728515625,Apple,14-inch,16GB,ASUS,16-inch,8GB
3,-1.8125,-0.1904296875,Apple,14-inch,16GB,ASUS,16-inch,16GB
3,-1.71875,-0.2158203125,Apple,14-inch,16GB,Lenovo,13-inch,4GB
3,-1.8203125,-0.193359375,Apple,14-inch,16GB,Lenovo,13-inch,8GB
3,-1.921875,-0.1689453125,Apple,14-inch,16GB,Lenovo,13-inch,16GB
3,-1.8203125,-0.1953125,Apple,14-inch,16GB,Lenovo,14-inch,4GB
3,-1.8203125,-0.1962890625,Apple,14-inch,16GB,Lenovo,14-inch,8GB
3,-1.609375,-0.236328125,Apple,14-inch,16GB,Lenovo,14-inch,16GB
3,-1.7109375,-0.2138671875,Apple,14-inch,16GB,Lenovo,16-inch,4GB
3,-1.71875,-0.216796875,Apple,14-inch,16GB,Lenovo,16-inch,8GB
3,-1.921875,-0.169921875,Apple,14-inch,16GB,Lenovo,16-inch,16GB
3,-1.8125,-0.19140625,Apple,14-inch,16GB,HP,13-inch,4GB
3,-1.7109375,-0.21484375,Apple,14-inch,16GB,HP,13-inch,8GB
3,-1.8125,-0.1884765625,Apple,14-inch,16GB,HP,13-inch,16GB
3,-1.921875,-0.17578125,Apple,14-inch,16GB,HP,14-inch,4GB
3,-1.7109375,-0.2119140625,Apple,14-inch,16GB,HP,14-inch,8GB
3,-1.5078125,-0.26171875,Apple,14-inch,16GB,HP,14-inch,16GB
3,-1.8125,-0.19140625,Apple,14-inch,16GB,HP,16-inch,4GB
3,-1.8203125,-0.1923828125,Apple,14-inch,16GB,HP,16-inch,8GB
3,-1.8125,-0.1884765625,Apple,14-inch,16GB,HP,16-inch,16GB
3,-1.7109375,-0.21484375,Apple,14-inch,16GB,Dell,13-inch,4GB
3,-1.7109375,-0.2138671875,Apple,14-inch,16GB,Dell,13-inch,8GB
3,-1.515625,-0.26171875,Apple,14-inch,16GB,Dell,13-inch,16GB
3,-1.1484375,-0.3984375,Apple,14-inch,16GB,Dell,14-inch,4GB
3,-1.234375,-0.361328125,Apple,14-inch,16GB,Dell,14-inch,8GB
3,-1.3203125,-0.322265625,Apple,14-inch,16GB,Dell,14-inch,16GB
3,-1.6171875,-0.2392578125,Apple,14-inch,16GB,Dell,16-inch,4GB
3,-1.8203125,-0.1943359375,Apple,14-inch,16GB,Dell,16-inch,8GB
3,-1.8125,-0.189453125,Apple,14-inch,16GB,Dell,16-inch,16GB
3,-1.421875,-0.294921875,Apple,14-inch,16GB,Apple,13-inch,4GB
3,-1.515625,-0.267578125,Apple,14-inch,16GB,Apple,13-inch,8GB
3,-1.6171875,-0.23828125,Apple,14-inch,16GB,Apple,13-inch,16GB
3,-1.515625,-0.267578125,Apple,14-inch,16GB,Apple,14-inch,4GB
3,-1.328125,-0.326171875,Apple,14-inch,16GB,Apple,14-inch,8GB
3,-1.71875,-0.2158203125,Apple,14-inch,16GB,Apple,16-inch,4GB
3,-1.515625,-0.265625,Apple,14-inch,16GB,Apple,16-inch,8GB
3,-1.8125,-0.19140625,Apple,14-inch,16GB,Apple,16-inch,16GB
3,-2.25,-0.1259765625,Apple,16-inch,4GB,ASUS,13-inch,4GB
3,-2.484375,-0.1025390625,Apple,16-inch,4GB,ASUS,13-inch,8GB
3,-2.140625,-0.1416015625,Apple,16-inch,4GB,ASUS,13-inch,16GB
3,-2.25,-0.126953125,Apple,16-inch,4GB,ASUS,14-inch,4GB
3,-2.359375,-0.115234375,Apple,16-inch,4GB,ASUS,14-inch,8GB
3,-2.140625,-0.142578125,Apple,16-inch,4GB,ASUS,14-inch,16GB
3,-1.921875,-0.17578125,Apple,16-inch,4GB,ASUS,16-inch,4GB
3,-2.03125,-0.1591796875,Apple,16-inch,4GB,ASUS,16-inch,8GB
3,-1.71875,-0.2177734375,Apple,16-inch,4GB,ASUS,16-inch,16GB
3,-2.03125,-0.15625,Apple,16-inch,4GB,Lenovo,13-inch,4GB
3,-2.25,-0.1298828125,Apple,16-inch,4GB,Lenovo,13-inch,8GB
3,-2.140625,-0.142578125,Apple,16-inch,4GB,Lenovo,13-inch,16GB
3,-2.03125,-0.158203125,Apple,16-inch,4GB,Lenovo,14-inch,4GB
3,-2.140625,-0.1435546875,Apple,16-inch,4GB,Lenovo,14-inch,8GB
3,-2.03125,-0.158203125,Apple,16-inch,4GB,Lenovo,14-inch,16GB
3,-1.5234375,-0.26953125,Apple,16-inch,4GB,Lenovo,16-inch,4GB
3,-1.71875,-0.220703125,Apple,16-inch,4GB,Lenovo,16-inch,8GB
3,-1.5234375,-0.26953125,Apple,16-inch,4GB,Lenovo,16-inch,16GB
3,-2.140625,-0.140625,Apple,16-inch,4GB,HP,13-inch,4GB
3,-2.359375,-0.115234375,Apple,16-inch,4GB,HP,13-inch,8GB
3,-2.03125,-0.15625,Apple,16-inch,4GB,HP,13-inch,16GB
3,-2.03125,-0.15625,Apple,16-inch,4GB,HP,14-inch,4GB
3,-2.359375,-0.11376953125,Apple,16-inch,4GB,HP,14-inch,8GB
3,-1.921875,-0.1748046875,Apple,16-inch,4GB,HP,14-inch,16GB
3,-1.8203125,-0.197265625,Apple,16-inch,4GB,HP,16-inch,4GB
3,-1.9296875,-0.1787109375,Apple,16-inch,4GB,HP,16-inch,8GB
3,-1.421875,-0.296875,Apple,16-inch,4GB,HP,16-inch,16GB
3,-2.03125,-0.1572265625,Apple,16-inch,4GB,Dell,13-inch,4GB
3,-2.25,-0.1279296875,Apple,16-inch,4GB,Dell,13-inch,8GB
3,-2.03125,-0.158203125,Apple,16-inch,4GB,Dell,13-inch,16GB
3,-1.921875,-0.1748046875,Apple,16-inch,4GB,Dell,14-inch,4GB
3,-2.140625,-0.142578125,Apple,16-inch,4GB,Dell,14-inch,8GB
3,-2.03125,-0.158203125,Apple,16-inch,4GB,Dell,14-inch,16GB
3,-1.71875,-0.2177734375,Apple,16-inch,4GB,Dell,16-inch,4GB
3,-1.9296875,-0.1767578125,Apple,16-inch,4GB,Dell,16-inch,8GB
3,-1.6171875,-0.2412109375,Apple,16-inch,4GB,Dell,16-inch,16GB
3,-1.9296875,-0.177734375,Apple,16-inch,4GB,Apple,13-inch,4GB
3,-2.25,-0.130859375,Apple,16-inch,4GB,Apple,13-inch,8GB
3,-1.9296875,-0.1767578125,Apple,16-inch,4GB,Apple,13-inch,16GB
3,-2.03125,-0.158203125,Apple,16-inch,4GB,Apple,14-inch,4GB
3,-2.03125,-0.1611328125,Apple,16-inch,4GB,Apple,14-inch,8GB
3,-1.9296875,-0.177734375,Apple,16-inch,4GB,Apple,14-inch,16GB
3,-1.4296875,-0.302734375,Apple,16-inch,4GB,Apple,16-inch,8GB
3,-1.515625,-0.26953125,Apple,16-inch,4GB,Apple,16-inch,16GB
3,-2.59375,-0.08740234375,Apple,16-inch,8GB,ASUS,13-inch,4GB
3,-2.46875,-0.099609375,Apple,16-inch,8GB,ASUS,13-inch,8GB
3,-2.46875,-0.0986328125,Apple,16-inch,8GB,ASUS,13-inch,16GB
3,-2.359375,-0.111328125,Apple,16-inch,8GB,ASUS,14-inch,4GB
3,-2.359375,-0.111328125,Apple,16-inch,8GB,ASUS,14-inch,8GB
3,-2.359375,-0.11083984375,Apple,16-inch,8GB,ASUS,14-inch,16GB
3,-2.46875,-0.09814453125,Apple,16-inch,8GB,ASUS,16-inch,4GB
3,-2.359375,-0.1103515625,Apple,16-inch,8GB,ASUS,16-inch,8GB
3,-2.140625,-0.1376953125,Apple,16-inch,8GB,ASUS,16-inch,16GB
3,-2.46875,-0.09814453125,Apple,16-inch,8GB,Lenovo,13-inch,4GB
3,-2.359375,-0.111328125,Apple,16-inch,8GB,Lenovo,13-inch,8GB
3,-2.25,-0.12451171875,Apple,16-inch,8GB,Lenovo,13-inch,16GB
3,-2.25,-0.12451171875,Apple,16-inch,8GB,Lenovo,14-inch,4GB
3,-2.25,-0.1240234375,Apple,16-inch,8GB,Lenovo,14-inch,8GB
3,-2.25,-0.12451171875,Apple,16-inch,8GB,Lenovo,14-inch,16GB
3,-2.03125,-0.1533203125,Apple,16-inch,8GB,Lenovo,16-inch,4GB
3,-2.140625,-0.138671875,Apple,16-inch,8GB,Lenovo,16-inch,8GB
3,-1.8203125,-0.1923828125,Apple,16-inch,8GB,Lenovo,16-inch,16GB
3,-2.46875,-0.0966796875,Apple,16-inch,8GB,HP,13-inch,4GB
3,-2.359375,-0.1103515625,Apple,16-inch,8GB,HP,13-inch,8GB
3,-2.25,-0.123046875,Apple,16-inch,8GB,HP,13-inch,16GB
3,-2.359375,-0.1103515625,Apple,16-inch,8GB,HP,14-inch,4GB
3,-2.359375,-0.11083984375,Apple,16-inch,8GB,HP,14-inch,8GB
3,-2.25,-0.12353515625,Apple,16-inch,8GB,HP,14-inch,16GB
3,-2.359375,-0.10888671875,Apple,16-inch,8GB,HP,16-inch,4GB
3,-2.359375,-0.11083984375,Apple,16-inch,8GB,HP,16-inch,8GB
3,-1.8125,-0.19140625,Apple,16-inch,8GB,HP,16-inch,16GB
3,-2.359375,-0.109375,Apple,16-inch,8GB,Dell,13-inch,4GB
3,-2.359375,-0.11083984375,Apple,16-inch,8GB,Dell,13-inch,8GB
3,-2.25,-0.12353515625,Apple,16-inch,8GB,Dell,13-inch,16GB
3,-2.140625,-0.1376953125,Apple,16-inch,8GB,Dell,14-inch,4GB
3,-2.140625,-0.138671875,Apple,16-inch,8GB,Dell,14-inch,8GB
3,-2.140625,-0.1376953125,Apple,16-inch,8GB,Dell,14-inch,16GB
3,-2.359375,-0.10888671875,Apple,16-inch,8GB,Dell,16-inch,4GB
3,-2.03125,-0.1552734375,Apple,16-inch,8GB,Dell,16-inch,8GB
3,-1.8125,-0.19140625,Apple,16-inch,8GB,Dell,16-inch,16GB
3,-2.359375,-0.111328125,Apple,16-inch,8GB,Apple,13-inch,4GB
3,-2.25,-0.125,Apple,16-inch,8GB,Apple,13-inch,8GB
3,-2.25,-0.12451171875,Apple,16-inch,8GB,Apple,13-inch,16GB
3,-2.25,-0.126953125,Apple,16-inch,8GB,Apple,14-inch,4GB
3,-2.25,-0.125,Apple,16-inch,8GB,Apple,14-inch,8GB
3,-2.03125,-0.1552734375,Apple,16-inch,8GB,Apple,14-inch,16GB
3,-2.03125,-0.1552734375,Apple,16-inch,8GB,Apple,16-inch,4GB
3,-1.4140625,-0.29296875,Apple,16-inch,8GB,Apple,16-inch,16GB
3,-2.140625,-0.13671875,Apple,16-inch,16GB,ASUS,13-inch,4GB
3,-2.25,-0.12255859375,Apple,16-inch,16GB,ASUS,13-inch,8GB
3,-2.03125,-0.1552734375,Apple,16-inch,16GB,ASUS,13-inch,16GB
3,-2.140625,-0.1357421875,Apple,16-inch,16GB,ASUS,14-inch,4GB
3,-2.25,-0.1220703125,Apple,16-inch,16GB,ASUS,14-inch,8GB
3,-2.03125,-0.154296875,Apple,16-inch,16GB,ASUS,14-inch,16GB
3,-1.8125,-0.1904296875,Apple,16-inch,16GB,ASUS,16-inch,4GB
3,-1.921875,-0.169921875,Apple,16-inch,16GB,ASUS,16-inch,8GB
3,-1.9296875,-0.17578125,Apple,16-inch,16GB,ASUS,16-inch,16GB
3,-2.140625,-0.13671875,Apple,16-inch,16GB,Lenovo,13-inch,4GB
3,-2.03125,-0.154296875,Apple,16-inch,16GB,Lenovo,13-inch,8GB
3,-1.8203125,-0.1962890625,Apple,16-inch,16GB,Lenovo,13-inch,16GB
3,-2.140625,-0.13671875,Apple,16-inch,16GB,Lenovo,14-inch,4GB
3,-2.03125,-0.154296875,Apple,16-inch,16GB,Lenovo,14-inch,8GB
3,-1.8125,-0.19140625,Apple,16-inch,16GB,Lenovo,14-inch,16GB
3,-1.8203125,-0.193359375,Apple,16-inch,16GB,Lenovo,16-inch,4GB
3,-1.609375,-0.23828125,Apple,16-inch,16GB,Lenovo,16-inch,8GB
3,-1.71875,-0.216796875,Apple,16-inch,16GB,Lenovo,16-inch,16GB
3,-2.25,-0.12255859375,Apple,16-inch,16GB,HP,13-inch,4GB
3,-2.140625,-0.1376953125,Apple,16-inch,16GB,HP,13-inch,8GB
3,-2.03125,-0.15625,Apple,16-inch,16GB,HP,13-inch,16GB
3,-2.25,-0.1220703125,Apple,16-inch,16GB,HP,14-inch,4GB
3,-2.140625,-0.1376953125,Apple,16-inch,16GB,HP,14-inch,8GB
3,-2.03125,-0.1552734375,Apple,16-inch,16GB,HP,14-inch,16GB
3,-1.8125,-0.19140625,Apple,16-inch,16GB,HP,16-inch,4GB
3,-1.7109375,-0.2119140625,Apple,16-inch,16GB,HP,16-inch,8GB
3,-1.515625,-0.265625,Apple,16-inch,16GB,HP,16-inch,16GB
3,-1.8203125,-0.1943359375,Apple,16-inch,16GB,Dell,13-inch,4GB
3,-2.140625,-0.1376953125,Apple,16-inch,16GB,Dell,13-inch,8GB
3,-2.03125,-0.1552734375,Apple,16-inch,16GB,Dell,13-inch,16GB
3,-2.140625,-0.1357421875,Apple,16-inch,16GB,Dell,14-inch,4GB
3,-2.25,-0.12255859375,Apple,16-inch,16GB,Dell,14-inch,8GB
3,-1.921875,-0.169921875,Apple,16-inch,16GB,Dell,14-inch,16GB
3,-1.921875,-0.1708984375,Apple,16-inch,16GB,Dell,16-inch,4GB
3,-1.921875,-0.169921875,Apple,16-inch,16GB,Dell,16-inch,8GB
3,-1.421875,-0.296875,Apple,16-inch,16GB,Dell,16-inch,16GB
3,-2.03125,-0.15625,Apple,16-inch,16GB,Apple,13-inch,4GB
3,-2.140625,-0.1396484375,Apple,16-inch,16GB,Apple,13-inch,8GB
3,-1.71875,-0.2197265625,Apple,16-inch,16GB,Apple,13-inch,16GB
3,-1.8203125,-0.1923828125,Apple,16-inch,16GB,Apple,14-inch,4GB
3,-2.140625,-0.138671875,Apple,16-inch,16GB,Apple,14-inch,8GB
3,-1.7109375,-0.21484375,Apple,16-inch,16GB,Apple,14-inch,16GB
3,-1.71875,-0.2158203125,Apple,16-inch,16GB,Apple,16-inch,4GB
3,-1.421875,-0.29296875,Apple,16-inch,16GB,Apple,16-inch,8GB
4,-2.25,-0.1201171875,ASUS,13-inch,4GB,ASUS,13-inch,8GB
4,-1.8203125,-0.19140625,ASUS,13-inch,4GB,ASUS,13-inch,16GB
4,-2.8125,-0.0673828125,ASUS,13-inch,4GB,ASUS,14-inch,4GB
4,-2.46875,-0.095703125,ASUS,13-inch,4GB,ASUS,14-inch,8GB
4,-1.921875,-0.171875,ASUS,13-inch,4GB,ASUS,14-inch,16GB
4,-2.703125,-0.076171875,ASUS,13-inch,4GB,ASUS,16-inch,4GB
4,-2.46875,-0.095703125,ASUS,13-inch,4GB,ASUS,16-inch,8GB
4,-1.8203125,-0.1923828125,ASUS,13-inch,4GB,ASUS,16-inch,16GB
4,-2.46875,-0.09619140625,ASUS,13-inch,4GB,Lenovo,13-inch,4GB
4,-2.359375,-0.107421875,ASUS,13-inch,4GB,Lenovo,13-inch,8GB
4,-1.609375,-0.2373046875,ASUS,13-inch,4GB,Lenovo,13-inch,16GB
4,-2.8125,-0.06689453125,ASUS,13-inch,4GB,Lenovo,14-inch,4GB
4,-2.46875,-0.095703125,ASUS,13-inch,4GB,Lenovo,14-inch,8GB
4,-1.7109375,-0.2119140625,ASUS,13-inch,4GB,Lenovo,14-inch,16GB
4,-2.703125,-0.07568359375,ASUS,13-inch,4GB,Lenovo,16-inch,4GB
4,-2.578125,-0.0859375,ASUS,13-inch,4GB,Lenovo,16-inch,8GB
4,-1.8203125,-0.19140625,ASUS,13-inch,4GB,Lenovo,16-inch,16GB
4,-2.359375,-0.10791015625,ASUS,13-inch,4GB,HP,13-inch,4GB
4,-2.359375,-0.10791015625,ASUS,13-inch,4GB,HP,13-inch,8GB
4,-1.515625,-0.263671875,ASUS,13-inch,4GB,HP,13-inch,16GB
4,-2.703125,-0.07568359375,ASUS,13-inch,4GB,HP,14-inch,4GB
4,-2.359375,-0.10791015625,ASUS,13-inch,4GB,HP,14-inch,8GB
4,-1.7109375,-0.212890625,ASUS,13-inch,4GB,HP,14-inch,16GB
4,-2.46875,-0.095703125,ASUS,13-inch,4GB,HP,16-inch,4GB
4,-2.46875,-0.09716796875,ASUS,13-inch,4GB,HP,16-inch,8GB
4,-1.7109375,-0.21484375,ASUS,13-inch,4GB,HP,16-inch,16GB
4,-2.359375,-0.10693359375,ASUS,13-inch,4GB,Dell,13-inch,4GB
4,-2.46875,-0.095703125,ASUS,13-inch,4GB,Dell,13-inch,8GB
4,-1.7109375,-0.2138671875,ASUS,13-inch,4GB,Dell,13-inch,16GB
4,-2.578125,-0.0849609375,ASUS,13-inch,4GB,Dell,14-inch,4GB
4,-2.59375,-0.0859375,ASUS,13-inch,4GB,Dell,14-inch,8GB
4,-1.7109375,-0.2138671875,ASUS,13-inch,4GB,Dell,14-inch,16GB
4,-2.578125,-0.0849609375,ASUS,13-inch,4GB,Dell,16-inch,4GB
4,-2.59375,-0.08642578125,ASUS,13-inch,4GB,Dell,16-inch,8GB
4,-1.8203125,-0.1923828125,ASUS,13-inch,4GB,Dell,16-inch,16GB
4,-2.359375,-0.107421875,ASUS,13-inch,4GB,Apple,13-inch,4GB
4,-2.359375,-0.10791015625,ASUS,13-inch,4GB,Apple,13-inch,8GB
4,-1.609375,-0.23828125,ASUS,13-inch,4GB,Apple,13-inch,16GB
4,-2.703125,-0.076171875,ASUS,13-inch,4GB,Apple,14-inch,4GB
4,-2.46875,-0.09716796875,ASUS,13-inch,4GB,Apple,14-inch,8GB
4,-1.7109375,-0.2138671875,ASUS,13-inch,4GB,Apple,14-inch,16GB
4,-2.46875,-0.095703125,ASUS,13-inch,4GB,Apple,16-inch,4GB
4,-2.59375,-0.08740234375,ASUS,13-inch,4GB,Apple,16-inch,8GB
4,-1.8203125,-0.1943359375,ASUS,13-inch,4GB,Apple,16-inch,16GB
4,-1.9140625,-0.166015625,ASUS,13-inch,8GB,ASUS,13-inch,4GB
4,-1.4140625,-0.287109375,ASUS,13-inch,8GB,ASUS,13-inch,16GB
4,-1.9140625,-0.1650390625,ASUS,13-inch,8GB,ASUS,14-inch,4GB
4,-2.015625,-0.1474609375,ASUS,13-inch,8GB,ASUS,14-inch,8GB
4,-1.5078125,-0.2578125,ASUS,13-inch,8GB,ASUS,14-inch,16GB
4,-2.015625,-0.1474609375,ASUS,13-inch,8GB,ASUS,16-inch,4GB
4,-2.015625,-0.1474609375,ASUS,13-inch,8GB,ASUS,16-inch,8GB
4,-1.7109375,-0.20703125,ASUS,13-inch,8GB,ASUS,16-inch,16GB
4,-1.9140625,-0.166015625,ASUS,13-inch,8GB,Lenovo,13-inch,4GB
4,-2.015625,-0.1474609375,ASUS,13-inch,8GB,Lenovo,13-inch,8GB
4,-1.5078125,-0.2578125,ASUS,13-inch,8GB,Lenovo,13-inch,16GB
4,-1.9140625,-0.1650390625,ASUS,13-inch,8GB,Lenovo,14-inch,4GB
4,-2.015625,-0.1474609375,ASUS,13-inch,8GB,Lenovo,14-inch,8GB
4,-1.609375,-0.232421875,ASUS,13-inch,8GB,Lenovo,14-inch,16GB
4,-2.015625,-0.1474609375,ASUS,13-inch,8GB,Lenovo,16-inch,4GB
4,-2.015625,-0.1474609375,ASUS,13-inch,8GB,Lenovo,16-inch,8GB
4,-1.7109375,-0.208984375,ASUS,13-inch,8GB,Lenovo,16-inch,16GB
4,-1.9140625,-0.1650390625,ASUS,13-inch,8GB,HP,13-inch,4GB
4,-2.015625,-0.1484375,ASUS,13-inch,8GB,HP,13-inch,8GB
4,-1.5078125,-0.2578125,ASUS,13-inch,8GB,HP,13-inch,16GB
4,-1.9140625,-0.1650390625,ASUS,13-inch,8GB,HP,14-inch,4GB
4,-1.9140625,-0.1650390625,ASUS,13-inch,8GB,HP,14-inch,8GB
4,-1.5078125,-0.2578125,ASUS,13-inch,8GB,HP,14-inch,16GB
4,-1.9140625,-0.1650390625,ASUS,13-inch,8GB,HP,16-inch,4GB
4,-1.9140625,-0.1650390625,ASUS,13-inch,8GB,HP,16-inch,8GB
4,-1.5078125,-0.2578125,ASUS,13-inch,8GB,HP,16-inch,16GB
4,-1.8125,-0.1845703125,ASUS,13-inch,8GB,Dell,13-inch,4GB
4,-2.015625,-0.1474609375,ASUS,13-inch,8GB,Dell,13-inch,8GB
4,-1.609375,-0.232421875,ASUS,13-inch,8GB,Dell,13-inch,16GB
4,-1.9140625,-0.1640625,ASUS,13-inch,8GB,Dell,14-inch,4GB
4,-2.015625,-0.1474609375,ASUS,13-inch,8GB,Dell,14-inch,8GB
4,-1.609375,-0.2333984375,ASUS,13-inch,8GB,Dell,14-inch,16GB
4,-1.9140625,-0.1650390625,ASUS,13-inch,8GB,Dell,16-inch,4GB
4,-1.9140625,-0.1650390625,ASUS,13-inch,8GB,Dell,16-inch,8GB
4,-1.8125,-0.1875,ASUS,13-inch,8GB,Dell,16-inch,16GB
4,-1.8125,-0.185546875,ASUS,13-inch,8GB,Apple,13-inch,4GB
4,-1.9140625,-0.1650390625,ASUS,13-inch,8GB,Apple,13-inch,8GB
4,-1.2265625,-0.353515625,ASUS,13-inch,8GB,Apple,13-inch,16GB
4,-1.9140625,-0.1650390625,ASUS,13-inch,8GB,Apple,14-inch,4GB
4,-1.9140625,-0.1650390625,ASUS,13-inch,8GB,Apple,14-inch,8GB
4,-1.3203125,-0.3203125,ASUS,13-inch,8GB,Apple,14-inch,16GB
4,-2.125,-0.1318359375,ASUS,13-inch,8GB,Apple,16-inch,4GB
4,-2.015625,-0.1474609375,ASUS,13-inch,8GB,Apple,16-inch,8GB
4,-1.4140625,-0.287109375,ASUS,13-inch,8GB,Apple,16-inch,16GB
4,-2.125,-0.1318359375,ASUS,13-inch,16GB,ASUS,13-inch,4GB
4,-2.25,-0.1181640625,ASUS,13-inch,16GB,ASUS,13-inch,8GB
4,-2.140625,-0.1328125,ASUS,13-inch,16GB,ASUS,14-inch,4GB
4,-2.140625,-0.1328125,ASUS,13-inch,16GB,ASUS,14-inch,8GB
4,-1.609375,-0.232421875,ASUS,13-inch,16GB,ASUS,14-inch,16GB
4,-1.609375,-0.2314453125,ASUS,13-inch,16GB,ASUS,16-inch,4GB
4,-1.6015625,-0.23046875,ASUS,13-inch,16GB,ASUS,16-inch,8GB
4,-1.8125,-0.185546875,ASUS,13-inch,16GB,ASUS,16-inch,16GB
4,-2.25,-0.11865234375,ASUS,13-inch,16GB,Lenovo,13-inch,4GB
4,-2.03125,-0.1484375,ASUS,13-inch,16GB,Lenovo,13-inch,8GB
4,-1.8125,-0.1845703125,ASUS,13-inch,16GB,Lenovo,13-inch,16GB
4,-2.359375,-0.107421875,ASUS,13-inch,16GB,Lenovo,14-inch,4GB
4,-2.03125,-0.150390625,ASUS,13-inch,16GB,Lenovo,14-inch,8GB
4,-1.8125,-0.185546875,ASUS,13-inch,16GB,Lenovo,14-inch,16GB
4,-1.703125,-0.20703125,ASUS,13-inch,16GB,Lenovo,16-inch,4GB
4,-1.5078125,-0.255859375,ASUS,13-inch,16GB,Lenovo,16-inch,8GB
4,-2.125,-0.1318359375,ASUS,13-inch,16GB,Lenovo,16-inch,16GB
4,-2.125,-0.1328125,ASUS,13-inch,16GB,HP,13-inch,4GB
4,-1.9140625,-0.1669921875,ASUS,13-inch,16GB,HP,13-inch,8GB
4,-1.703125,-0.20703125,ASUS,13-inch,16GB,HP,13-inch,16GB
4,-2.359375,-0.1064453125,ASUS,13-inch,16GB,HP,14-inch,4GB
4,-1.9140625,-0.16796875,ASUS,13-inch,16GB,HP,14-inch,8GB
4,-1.7109375,-0.2080078125,ASUS,13-inch,16GB,HP,14-inch,16GB
4,-1.609375,-0.23046875,ASUS,13-inch,16GB,HP,16-inch,4GB
4,-1.4140625,-0.287109375,ASUS,13-inch,16GB,HP,16-inch,8GB
4,-1.9140625,-0.166015625,ASUS,13-inch,16GB,HP,16-inch,16GB
4,-2.25,-0.1181640625,ASUS,13-inch,16GB,Dell,13-inch,4GB
4,-2.03125,-0.1494140625,ASUS,13-inch,16GB,Dell,13-inch,8GB
4,-1.8125,-0.185546875,ASUS,13-inch,16GB,Dell,13-inch,16GB
4,-2.46875,-0.09521484375,ASUS,13-inch,16GB,Dell,14-inch,4GB
4,-1.609375,-0.232421875,ASUS,13-inch,16GB,Dell,14-inch,8GB
4,-1.9140625,-0.1669921875,ASUS,13-inch,16GB,Dell,14-inch,16GB
4,-1.140625,-0.39453125,ASUS,13-inch,16GB,Dell,16-inch,4GB
4,-1.140625,-0.392578125,ASUS,13-inch,16GB,Dell,16-inch,8GB
4,-1.9140625,-0.166015625,ASUS,13-inch,16GB,Dell,16-inch,16GB
4,-1.9140625,-0.166015625,ASUS,13-inch,16GB,Apple,13-inch,4GB
4,-1.8125,-0.185546875,ASUS,13-inch,16GB,Apple,13-inch,8GB
4,-1.7109375,-0.20703125,ASUS,13-inch,16GB,Apple,13-inch,16GB
4,-2.359375,-0.10595703125,ASUS,13-inch,16GB,Apple,14-inch,4GB
4,-1.609375,-0.232421875,ASUS,13-inch,16GB,Apple,14-inch,8GB
4,-1.7109375,-0.208984375,ASUS,13-inch,16GB,Apple,14-inch,16GB
4,-1.8125,-0.185546875,ASUS,13-inch,16GB,Apple,16-inch,4GB
4,-1.6015625,-0.23046875,ASUS,13-inch,16GB,Apple,16-inch,8GB
4,-1.609375,-0.2314453125,ASUS,13-inch,16GB,Apple,16-inch,16GB
4,-2.8125,-0.06689453125,ASUS,14-inch,4GB,ASUS,13-inch,4GB
4,-2.46875,-0.09423828125,ASUS,14-inch,4GB,ASUS,13-inch,8GB
4,-2.03125,-0.15234375,ASUS,14-inch,4GB,ASUS,13-inch,16GB
4,-2.25,-0.1181640625,ASUS,14-inch,4GB,ASUS,14-inch,8GB
4,-1.7109375,-0.2080078125,ASUS,14-inch,4GB,ASUS,14-inch,16GB
4,-2.578125,-0.083984375,ASUS,14-inch,4GB,ASUS,16-inch,4GB
4,-2.25,-0.1181640625,ASUS,14-inch,4GB,ASUS,16-inch,8GB
4,-1.8125,-0.1875,ASUS,14-inch,4GB,ASUS,16-inch,16GB
4,-2.578125,-0.083984375,ASUS,14-inch,4GB,Lenovo,13-inch,4GB
4,-2.46875,-0.09375,ASUS,14-inch,4GB,Lenovo,13-inch,8GB
4,-1.9140625,-0.1669921875,ASUS,14-inch,4GB,Lenovo,13-inch,16GB
4,-2.46875,-0.09375,ASUS,14-inch,4GB,Lenovo,14-inch,4GB
4,-2.25,-0.11865234375,ASUS,14-inch,4GB,Lenovo,14-inch,8GB
4,-1.609375,-0.232421875,ASUS,14-inch,4GB,Lenovo,14-inch,16GB
4,-2.578125,-0.083984375,ASUS,14-inch,4GB,Lenovo,16-inch,4GB
4,-2.359375,-0.10595703125,ASUS,14-inch,4GB,Lenovo,16-inch,8GB
4,-1.8125,-0.1865234375,ASUS,14-inch,4GB,Lenovo,16-inch,16GB
4,-2.46875,-0.09423828125,ASUS,14-inch,4GB,HP,13-inch,4GB
4,-2.25,-0.119140625,ASUS,14-inch,4GB,HP,13-inch,8GB
4,-1.8125,-0.1884765625,ASUS,14-inch,4GB,HP,13-inch,16GB
4,-2.359375,-0.10546875,ASUS,14-inch,4GB,HP,14-inch,4GB
4,-2.25,-0.11865234375,ASUS,14-inch,4GB,HP,14-inch,8GB
4,-1.609375,-0.2333984375,ASUS,14-inch,4GB,HP,14-inch,16GB
4,-2.46875,-0.0947265625,ASUS,14-inch,4GB,HP,16-inch,4GB
4,-2.25,-0.119140625,ASUS,14-inch,4GB,HP,16-inch,8GB
4,-1.8125,-0.1875,ASUS,14-inch,4GB,HP,16-inch,16GB
4,-2.46875,-0.09423828125,ASUS,14-inch,4GB,Dell,13-inch,4GB
4,-2.46875,-0.09375,ASUS,14-inch,4GB,Dell,13-inch,8GB
4,-1.9140625,-0.16796875,ASUS,14-inch,4GB,Dell,13-inch,16GB
4,-2.359375,-0.10546875,ASUS,14-inch,4GB,Dell,14-inch,4GB
4,-2.25,-0.1181640625,ASUS,14-inch,4GB,Dell,14-inch,8GB
4,-1.609375,-0.232421875,ASUS,14-inch,4GB,Dell,14-inch,16GB
4,-2.46875,-0.09423828125,ASUS,14-inch,4GB,Dell,16-inch,4GB
4,-2.359375,-0.1064453125,ASUS,14-inch,4GB,Dell,16-inch,8GB
4,-1.8125,-0.1875,ASUS,14-inch,4GB,Dell,16-inch,16GB
4,-2.578125,-0.083984375,ASUS,14-inch,4GB,Apple,13-inch,4GB
4,-2.703125,-0.0751953125,ASUS,14-inch,4GB,Apple,13-inch,8GB
4,-2.03125,-0.150390625,ASUS,14-inch,4GB,Apple,13-inch,16GB
4,-2.46875,-0.09423828125,ASUS,14-inch,4GB,Apple,14-inch,4GB
4,-2.46875,-0.09423828125,ASUS,14-inch,4GB,Apple,14-inch,8GB
4,-1.7109375,-0.208984375,ASUS,14-inch,4GB,Apple,14-inch,16GB
4,-2.703125,-0.07470703125,ASUS,14-inch,4GB,Apple,16-inch,4GB
4,-2.578125,-0.08447265625,ASUS,14-inch,4GB,Apple,16-inch,8GB
4,-1.921875,-0.16796875,ASUS,14-inch,4GB,Apple,16-inch,16GB
4,-2.125,-0.1318359375,ASUS,14-inch,8GB,ASUS,13-inch,4GB
4,-2.015625,-0.1474609375,ASUS,14-inch,8GB,ASUS,13-inch,8GB
4,-1.609375,-0.2314453125,ASUS,14-inch,8GB,ASUS,13-inch,16GB
4,-2.015625,-0.1474609375,ASUS,14-inch,8GB,ASUS,14-inch,4GB
4,-1.2265625,-0.353515625,ASUS,14-inch,8GB,ASUS,14-inch,16GB
4,-2.125,-0.1318359375,ASUS,14-inch,8GB,ASUS,16-inch,4GB
4,-2.015625,-0.1474609375,ASUS,14-inch,8GB,ASUS,16-inch,8GB
4,-1.609375,-0.23046875,ASUS,14-inch,8GB,ASUS,16-inch,16GB
4,-2.015625,-0.1474609375,ASUS,14-inch,8GB,Lenovo,13-inch,4GB
4,-1.9140625,-0.166015625,ASUS,14-inch,8GB,Lenovo,13-inch,8GB
4,-1.5078125,-0.2578125,ASUS,14-inch,8GB,Lenovo,13-inch,16GB
4,-2.015625,-0.1474609375,ASUS,14-inch,8GB,Lenovo,14-inch,4GB
4,-2.015625,-0.1474609375,ASUS,14-inch,8GB,Lenovo,14-inch,8GB
4,-1.2265625,-0.353515625,ASUS,14-inch,8GB,Lenovo,14-inch,16GB
4,-2.015625,-0.1474609375,ASUS,14-inch,8GB,Lenovo,16-inch,4GB
4,-1.9140625,-0.1650390625,ASUS,14-inch,8GB,Lenovo,16-inch,8GB
4,-1.609375,-0.23046875,ASUS,14-inch,8GB,Lenovo,16-inch,16GB
4,-2.015625,-0.1474609375,ASUS,14-inch,8GB,HP,13-inch,4GB
4,-1.9140625,-0.1650390625,ASUS,14-inch,8GB,HP,13-inch,8GB
4,-1.5078125,-0.2578125,ASUS,14-inch,8GB,HP,13-inch,16GB
4,-1.9140625,-0.1650390625,ASUS,14-inch,8GB,HP,14-inch,4GB
4,-1.8125,-0.1845703125,ASUS,14-inch,8GB,HP,14-inch,8GB
4,-1.3203125,-0.318359375,ASUS,14-inch,8GB,HP,14-inch,16GB
4,-2.015625,-0.1474609375,ASUS,14-inch,8GB,HP,16-inch,4GB
4,-1.8125,-0.1845703125,ASUS,14-inch,8GB,HP,16-inch,8GB
4,-1.609375,-0.23046875,ASUS,14-inch,8GB,HP,16-inch,16GB
4,-1.8125,-0.1845703125,ASUS,14-inch,8GB,Dell,13-inch,4GB
4,-1.9140625,-0.166015625,ASUS,14-inch,8GB,Dell,13-inch,8GB
4,-1.5078125,-0.2578125,ASUS,14-inch,8GB,Dell,13-inch,16GB
4,-1.9140625,-0.1650390625,ASUS,14-inch,8GB,Dell,14-inch,4GB
4,-1.8125,-0.1845703125,ASUS,14-inch,8GB,Dell,14-inch,8GB
4,-1.4140625,-0.287109375,ASUS,14-inch,8GB,Dell,14-inch,16GB
4,-2.015625,-0.1474609375,ASUS,14-inch,8GB,Dell,16-inch,4GB
4,-2.015625,-0.1474609375,ASUS,14-inch,8GB,Dell,16-inch,8GB
4,-1.609375,-0.2314453125,ASUS,14-inch,8GB,Dell,16-inch,16GB
4,-1.9140625,-0.1650390625,ASUS,14-inch,8GB,Apple,13-inch,4GB
4,-1.9140625,-0.1650390625,ASUS,14-inch,8GB,Apple,13-inch,8GB
4,-1.5078125,-0.2578125,ASUS,14-inch,8GB,Apple,13-inch,16GB
4,-1.9140625,-0.1650390625,ASUS,14-inch,8GB,Apple,14-inch,4GB
4,-1.8125,-0.1845703125,ASUS,14-inch,8GB,Apple,14-inch,8GB
4,-1.3203125,-0.318359375,ASUS,14-inch,8GB,Apple,14-inch,16GB
4,-2.125,-0.1318359375,ASUS,14-inch,8GB,Apple,16-inch,4GB
4,-2.015625,-0.1474609375,ASUS,14-inch,8GB,Apple,16-inch,8GB
4,-1.5078125,-0.2578125,ASUS,14-inch,8GB,Apple,16-inch,16GB
4,-2.703125,-0.07373046875,ASUS,14-inch,16GB,ASUS,13-inch,4GB
4,-2.703125,-0.072265625,ASUS,14-inch,16GB,ASUS,13-inch,8GB
4,-2.015625,-0.146484375,ASUS,14-inch,16GB,ASUS,13-inch,16GB
4,-2.578125,-0.08251953125,ASUS,14-inch,16GB,ASUS,14-inch,4GB
4,-2.9375,-0.057373046875,ASUS,14-inch,16GB,ASUS,14-inch,8GB
4,-1.9140625,-0.166015625,ASUS,14-inch,16GB,ASUS,16-inch,4GB
4,-1.9140625,-0.1650390625,ASUS,14-inch,16GB,ASUS,16-inch,8GB
4,-1.8125,-0.1845703125,ASUS,14-inch,16GB,ASUS,16-inch,16GB
4,-2.703125,-0.07275390625,ASUS,14-inch,16GB,Lenovo,13-inch,4GB
4,-2.46875,-0.091796875,ASUS,14-inch,16GB,Lenovo,13-inch,8GB
4,-1.9140625,-0.1640625,ASUS,14-inch,16GB,Lenovo,13-inch,16GB
4,-2.359375,-0.10546875,ASUS,14-inch,16GB,Lenovo,14-inch,4GB
4,-2.125,-0.1328125,ASUS,14-inch,16GB,Lenovo,14-inch,8GB
4,-1.9140625,-0.1650390625,ASUS,14-inch,16GB,Lenovo,14-inch,16GB
4,-1.609375,-0.23046875,ASUS,14-inch,16GB,Lenovo,16-inch,4GB
4,-1.609375,-0.23046875,ASUS,14-inch,16GB,Lenovo,16-inch,8GB
4,-1.9140625,-0.1650390625,ASUS,14-inch,16GB,Lenovo,16-inch,16GB
4,-2.578125,-0.08251953125,ASUS,14-inch,16GB,HP,13-inch,4GB
4,-2.578125,-0.08154296875,ASUS,14-inch,16GB,HP,13-inch,8GB
4,-2.125,-0.130859375,ASUS,14-inch,16GB,HP,13-inch,16GB
4,-2.25,-0.1181640625,ASUS,14-inch,16GB,HP,14-inch,4GB
4,-2.03125,-0.1494140625,ASUS,14-inch,16GB,HP,14-inch,8GB
4,-1.703125,-0.2060546875,ASUS,14-inch,16GB,HP,14-inch,16GB
4,-1.8125,-0.185546875,ASUS,14-inch,16GB,HP,16-inch,4GB
4,-1.703125,-0.20703125,ASUS,14-inch,16GB,HP,16-inch,8GB
4,-1.9140625,-0.1650390625,ASUS,14-inch,16GB,HP,16-inch,16GB
4,-2.578125,-0.08203125,ASUS,14-inch,16GB,Dell,13-inch,4GB
4,-2.703125,-0.072265625,ASUS,14-inch,16GB,Dell,13-inch,8GB
4,-2.234375,-0.11669921875,ASUS,14-inch,16GB,Dell,13-inch,16GB
4,-2.46875,-0.09423828125,ASUS,14-inch,16GB,Dell,14-inch,4GB
4,-2.25,-0.1201171875,ASUS,14-inch,16GB,Dell,14-inch,8GB
4,-1.9140625,-0.1650390625,ASUS,14-inch,16GB,Dell,14-inch,16GB
4,-1.7109375,-0.20703125,ASUS,14-inch,16GB,Dell,16-inch,4GB
4,-1.4140625,-0.287109375,ASUS,14-inch,16GB,Dell,16-inch,8GB
4,-1.9140625,-0.1650390625,ASUS,14-inch,16GB,Dell,16-inch,16GB
4,-2.8125,-0.06494140625,ASUS,14-inch,16GB,Apple,13-inch,4GB
4,-2.9375,-0.0576171875,ASUS,14-inch,16GB,Apple,13-inch,8GB
4,-2.125,-0.130859375,ASUS,14-inch,16GB,Apple,13-inch,16GB
4,-2.46875,-0.09375,ASUS,14-inch,16GB,Apple,14-inch,4GB
4,-2.359375,-0.10498046875,ASUS,14-inch,16GB,Apple,14-inch,8GB
4,-1.9140625,-0.1650390625,ASUS,14-inch,16GB,Apple,14-inch,16GB
4,-1.4140625,-0.28515625,ASUS,14-inch,16GB,Apple,16-inch,4GB
4,-1.3203125,-0.318359375,ASUS,14-inch,16GB,Apple,16-inch,8GB
4,-2.015625,-0.1474609375,ASUS,14-inch,16GB,Apple,16-inch,16GB
4,-2.46875,-0.09423828125,ASUS,16-inch,4GB,ASUS,13-inch,4GB
4,-2.46875,-0.09521484375,ASUS,16-inch,4GB,ASUS,13-inch,8GB
4,-1.8125,-0.1904296875,ASUS,16-inch,4GB,ASUS,13-inch,16GB
4,-2.359375,-0.10595703125,ASUS,16-inch,4GB,ASUS,14-inch,4GB
4,-2.25,-0.1201171875,ASUS,16-inch,4GB,ASUS,14-inch,8GB
4,-1.7109375,-0.2119140625,ASUS,16-inch,4GB,ASUS,14-inch,16GB
4,-2.03125,-0.150390625,ASUS,16-inch,4GB,ASUS,16-inch,8GB
4,-1.7109375,-0.2119140625,ASUS,16-inch,4GB,ASUS,16-inch,16GB
4,-2.359375,-0.10546875,ASUS,16-inch,4GB,Lenovo,13-inch,4GB
4,-2.359375,-0.1064453125,ASUS,16-inch,4GB,Lenovo,13-inch,8GB
4,-1.7109375,-0.2109375,ASUS,16-inch,4GB,Lenovo,13-inch,16GB
4,-2.359375,-0.10498046875,ASUS,16-inch,4GB,Lenovo,14-inch,4GB
4,-2.25,-0.119140625,ASUS,16-inch,4GB,Lenovo,14-inch,8GB
4,-1.609375,-0.234375,ASUS,16-inch,4GB,Lenovo,14-inch,16GB
4,-2.125,-0.1328125,ASUS,16-inch,4GB,Lenovo,16-inch,4GB
4,-2.140625,-0.1337890625,ASUS,16-inch,4GB,Lenovo,16-inch,8GB
4,-1.515625,-0.26171875,ASUS,16-inch,4GB,Lenovo,16-inch,16GB
4,-2.25,-0.11865234375,ASUS,16-inch,4GB,HP,13-inch,4GB
4,-2.359375,-0.10693359375,ASUS,16-inch,4GB,HP,13-inch,8GB
4,-1.8125,-0.189453125,ASUS,16-inch,4GB,HP,13-inch,16GB
4,-2.25,-0.11865234375,ASUS,16-inch,4GB,HP,14-inch,4GB
4,-2.25,-0.11962890625,ASUS,16-inch,4GB,HP,14-inch,8GB
4,-1.609375,-0.2373046875,ASUS,16-inch,4GB,HP,14-inch,16GB
4,-2.03125,-0.1494140625,ASUS,16-inch,4GB,HP,16-inch,4GB
4,-2.03125,-0.150390625,ASUS,16-inch,4GB,HP,16-inch,8GB
4,-1.515625,-0.263671875,ASUS,16-inch,4GB,HP,16-inch,16GB
4,-2.46875,-0.0947265625,ASUS,16-inch,4GB,Dell,13-inch,4GB
4,-2.46875,-0.0947265625,ASUS,16-inch,4GB,Dell,13-inch,8GB
4,-1.8125,-0.19140625,ASUS,16-inch,4GB,Dell,13-inch,16GB
4,-2.359375,-0.10595703125,ASUS,16-inch,4GB,Dell,14-inch,4GB
4,-2.46875,-0.0947265625,ASUS,16-inch,4GB,Dell,14-inch,8GB
4,-1.609375,-0.23828125,ASUS,16-inch,4GB,Dell,14-inch,16GB
4,-2.25,-0.11865234375,ASUS,16-inch,4GB,Dell,16-inch,4GB
4,-2.140625,-0.1337890625,ASUS,16-inch,4GB,Dell,16-inch,8GB
4,-1.609375,-0.236328125,ASUS,16-inch,4GB,Dell,16-inch,16GB
4,-2.46875,-0.09423828125,ASUS,16-inch,4GB,Apple,13-inch,4GB
4,-2.359375,-0.107421875,ASUS,16-inch,4GB,Apple,13-inch,8GB
4,-1.921875,-0.1708984375,ASUS,16-inch,4GB,Apple,13-inch,16GB
4,-2.25,-0.119140625,ASUS,16-inch,4GB,Apple,14-inch,4GB
4,-2.359375,-0.10693359375,ASUS,16-inch,4GB,Apple,14-inch,8GB
4,-1.8125,-0.1904296875,ASUS,16-inch,4GB,Apple,14-inch,16GB
4,-2.359375,-0.10546875,ASUS,16-inch,4GB,Apple,16-inch,4GB
4,-2.140625,-0.134765625,ASUS,16-inch,4GB,Apple,16-inch,8GB
4,-1.7109375,-0.212890625,ASUS,16-inch,4GB,Apple,16-inch,16GB
4,-2.46875,-0.095703125,ASUS,16-inch,8GB,ASUS,13-inch,4GB
4,-2.25,-0.119140625,ASUS,16-inch,8GB,ASUS,13-inch,8GB
4,-2.125,-0.1318359375,ASUS,16-inch,8GB,ASUS,13-inch,16GB
4,-1.9140625,-0.166015625,ASUS,16-inch,8GB,ASUS,14-inch,4GB
4,-1.8125,-0.185546875,ASUS,16-inch,8GB,ASUS,14-inch,8GB
4,-2.359375,-0.10400390625,ASUS,16-inch,8GB,ASUS,14-inch,16GB
4,-1.9140625,-0.1669921875,ASUS,16-inch,8GB,ASUS,16-inch,4GB
4,-2.703125,-0.07373046875,ASUS,16-inch,8GB,ASUS,16-inch,16GB
4,-2.015625,-0.1484375,ASUS,16-inch,8GB,Lenovo,13-inch,4GB
4,-1.8125,-0.185546875,ASUS,16-inch,8GB,Lenovo,13-inch,8GB
4,-2.46875,-0.09326171875,ASUS,16-inch,8GB,Lenovo,13-inch,16GB
4,-2.140625,-0.13671875,ASUS,16-inch,8GB,Lenovo,14-inch,4GB
4,-2.25,-0.1201171875,ASUS,16-inch,8GB,Lenovo,14-inch,8GB
4,-2.125,-0.1328125,ASUS,16-inch,8GB,Lenovo,14-inch,16GB
4,-2.015625,-0.1474609375,ASUS,16-inch,8GB,Lenovo,16-inch,4GB
4,-2.015625,-0.1474609375,ASUS,16-inch,8GB,Lenovo,16-inch,8GB
4,-2.125,-0.1318359375,ASUS,16-inch,8GB,Lenovo,16-inch,16GB
4,-1.8125,-0.185546875,ASUS,16-inch,8GB,HP,13-inch,4GB
4,-1.7109375,-0.2080078125,ASUS,16-inch,8GB,HP,13-inch,8GB
4,-2.125,-0.1318359375,ASUS,16-inch,8GB,HP,13-inch,16GB
4,-1.8125,-0.185546875,ASUS,16-inch,8GB,HP,14-inch,4GB
4,-1.7109375,-0.2080078125,ASUS,16-inch,8GB,HP,14-inch,8GB
4,-2.359375,-0.10498046875,ASUS,16-inch,8GB,HP,14-inch,16GB
4,-1.9140625,-0.166015625,ASUS,16-inch,8GB,HP,16-inch,4GB
4,-1.9140625,-0.1650390625,ASUS,16-inch,8GB,HP,16-inch,8GB
4,-1.703125,-0.20703125,ASUS,16-inch,8GB,HP,16-inch,16GB
4,-2.03125,-0.1484375,ASUS,16-inch,8GB,Dell,13-inch,4GB
4,-1.8125,-0.185546875,ASUS,16-inch,8GB,Dell,13-inch,8GB
4,-2.578125,-0.0830078125,ASUS,16-inch,8GB,Dell,13-inch,16GB
4,-2.03125,-0.1484375,ASUS,16-inch,8GB,Dell,14-inch,4GB
4,-1.9140625,-0.166015625,ASUS,16-inch,8GB,Dell,14-inch,8GB
4,-2.46875,-0.0927734375,ASUS,16-inch,8GB,Dell,14-inch,16GB
4,-2.015625,-0.1474609375,ASUS,16-inch,8GB,Dell,16-inch,4GB
4,-2.015625,-0.1474609375,ASUS,16-inch,8GB,Dell,16-inch,8GB
4,-1.609375,-0.23046875,ASUS,16-inch,8GB,Dell,16-inch,16GB
4,-1.8125,-0.185546875,ASUS,16-inch,8GB,Apple,13-inch,4GB
4,-1.7109375,-0.2080078125,ASUS,16-inch,8GB,Apple,13-inch,8GB
4,-2.25,-0.11767578125,ASUS,16-inch,8GB,Apple,13-inch,16GB
4,-2.140625,-0.138671875,ASUS,16-inch,8GB,Apple,14-inch,4GB
4,-2.25,-0.11962890625,ASUS,16-inch,8GB,Apple,14-inch,8GB
4,-1.9140625,-0.166015625,ASUS,16-inch,8GB,Apple,14-inch,16GB
4,-1.8125,-0.1845703125,ASUS,16-inch,8GB,Apple,16-inch,4GB
4,-1.8125,-0.1845703125,ASUS,16-inch,8GB,Apple,16-inch,8GB
4,-1.6015625,-0.23046875,ASUS,16-inch,8GB,Apple,16-inch,16GB
4,-2.8125,-0.06884765625,ASUS,16-inch,16GB,ASUS,13-inch,4GB
4,-2.46875,-0.09375,ASUS,16-inch,16GB,ASUS,13-inch,8GB
4,-2.125,-0.1328125,ASUS,16-inch,16GB,ASUS,13-inch,16GB
4,-2.703125,-0.076171875,ASUS,16-inch,16GB,ASUS,14-inch,4GB
4,-2.703125,-0.07568359375,ASUS,16-inch,16GB,ASUS,14-inch,8GB
4,-2.015625,-0.1474609375,ASUS,16-inch,16GB,ASUS,14-inch,16GB
4,-2.59375,-0.08642578125,ASUS,16-inch,16GB,ASUS,16-inch,4GB
4,-2.46875,-0.09521484375,ASUS,16-inch,16GB,ASUS,16-inch,8GB
4,-2.703125,-0.078125,ASUS,16-inch,16GB,Lenovo,13-inch,4GB
4,-2.46875,-0.09619140625,ASUS,16-inch,16GB,Lenovo,13-inch,8GB
4,-2.03125,-0.1494140625,ASUS,16-inch,16GB,Lenovo,13-inch,16GB
4,-2.703125,-0.076171875,ASUS,16-inch,16GB,Lenovo,14-inch,4GB
4,-2.578125,-0.0849609375,ASUS,16-inch,16GB,Lenovo,14-inch,8GB
4,-2.03125,-0.1484375,ASUS,16-inch,16GB,Lenovo,14-inch,16GB
4,-2.59375,-0.08642578125,ASUS,16-inch,16GB,Lenovo,16-inch,4GB
4,-2.46875,-0.095703125,ASUS,16-inch,16GB,Lenovo,16-inch,8GB
4,-2.125,-0.1318359375,ASUS,16-inch,16GB,Lenovo,16-inch,16GB
4,-2.59375,-0.0869140625,ASUS,16-inch,16GB,HP,13-inch,4GB
4,-2.46875,-0.09619140625,ASUS,16-inch,16GB,HP,13-inch,8GB
4,-2.125,-0.1328125,ASUS,16-inch,16GB,HP,13-inch,16GB
4,-2.703125,-0.07568359375,ASUS,16-inch,16GB,HP,14-inch,4GB
4,-2.46875,-0.095703125,ASUS,16-inch,16GB,HP,14-inch,8GB
4,-2.015625,-0.1474609375,ASUS,16-inch,16GB,HP,14-inch,16GB
4,-2.46875,-0.09716796875,ASUS,16-inch,16GB,HP,16-inch,4GB
4,-2.25,-0.12158203125,ASUS,16-inch,16GB,HP,16-inch,8GB
4,-2.125,-0.1318359375,ASUS,16-inch,16GB,HP,16-inch,16GB
4,-2.703125,-0.07861328125,ASUS,16-inch,16GB,Dell,13-inch,4GB
4,-2.46875,-0.09716796875,ASUS,16-inch,16GB,Dell,13-inch,8GB
4,-2.125,-0.1328125,ASUS,16-inch,16GB,Dell,13-inch,16GB
4,-2.703125,-0.076171875,ASUS,16-inch,16GB,Dell,14-inch,4GB
4,-2.46875,-0.095703125,ASUS,16-inch,16GB,Dell,14-inch,8GB
4,-2.015625,-0.1484375,ASUS,16-inch,16GB,Dell,14-inch,16GB
4,-2.59375,-0.0869140625,ASUS,16-inch,16GB,Dell,16-inch,4GB
4,-2.46875,-0.0966796875,ASUS,16-inch,16GB,Dell,16-inch,8GB
4,-2.125,-0.1328125,ASUS,16-inch,16GB,Dell,16-inch,16GB
4,-2.703125,-0.07861328125,ASUS,16-inch,16GB,Apple,13-inch,4GB
4,-2.59375,-0.0859375,ASUS,16-inch,16GB,Apple,13-inch,8GB
4,-2.03125,-0.1494140625,ASUS,16-inch,16GB,Apple,13-inch,16GB
4,-2.703125,-0.0771484375,ASUS,16-inch,16GB,Apple,14-inch,4GB
4,-2.703125,-0.07666015625,ASUS,16-inch,16GB,Apple,14-inch,8GB
4,-2.015625,-0.1484375,ASUS,16-inch,16GB,Apple,14-inch,16GB
4,-2.8125,-0.0693359375,ASUS,16-inch,16GB,Apple,16-inch,4GB
4,-2.59375,-0.08642578125,ASUS,16-inch,16GB,Apple,16-inch,8GB
4,-2.125,-0.1328125,ASUS,16-inch,16GB,Apple,16-inch,16GB
4,-2.46875,-0.09521484375,Lenovo,13-inch,4GB,ASUS,13-inch,4GB
4,-2.359375,-0.1064453125,Lenovo,13-inch,4GB,ASUS,13-inch,8GB
4,-1.609375,-0.2333984375,Lenovo,13-inch,4GB,ASUS,13-inch,16GB
4,-2.8125,-0.068359375,Lenovo,13-inch,4GB,ASUS,14-inch,4GB
4,-2.578125,-0.08544921875,Lenovo,13-inch,4GB,ASUS,14-inch,8GB
4,-1.7109375,-0.2109375,Lenovo,13-inch,4GB,ASUS,14-inch,16GB
4,-2.9375,-0.060546875,Lenovo,13-inch,4GB,ASUS,16-inch,4GB
4,-2.703125,-0.07666015625,Lenovo,13-inch,4GB,ASUS,16-inch,8GB
4,-1.8125,-0.1884765625,Lenovo,13-inch,4GB,ASUS,16-inch,16GB
4,-2.25,-0.119140625,Lenovo,13-inch,4GB,Lenovo,13-inch,8GB
4,-1.921875,-0.1689453125,Lenovo,13-inch,4GB,Lenovo,13-inch,16GB
4,-2.703125,-0.07568359375,Lenovo,13-inch,4GB,Lenovo,14-inch,4GB
4,-2.46875,-0.0947265625,Lenovo,13-inch,4GB,Lenovo,14-inch,8GB
4,-1.8125,-0.189453125,Lenovo,13-inch,4GB,Lenovo,14-inch,16GB
4,-2.703125,-0.0751953125,Lenovo,13-inch,4GB,Lenovo,16-inch,4GB
4,-2.46875,-0.09521484375,Lenovo,13-inch,4GB,Lenovo,16-inch,8GB
4,-1.921875,-0.1689453125,Lenovo,13-inch,4GB,Lenovo,16-inch,16GB
4,-2.46875,-0.09619140625,Lenovo,13-inch,4GB,HP,13-inch,4GB
4,-2.25,-0.11962890625,Lenovo,13-inch,4GB,HP,13-inch,8GB
4,-1.609375,-0.2353515625,Lenovo,13-inch,4GB,HP,13-inch,16GB
4,-2.703125,-0.0751953125,Lenovo,13-inch,4GB,HP,14-inch,4GB
4,-2.578125,-0.0859375,Lenovo,13-inch,4GB,HP,14-inch,8GB
4,-1.8125,-0.1884765625,Lenovo,13-inch,4GB,HP,14-inch,16GB
4,-2.703125,-0.07568359375,Lenovo,13-inch,4GB,HP,16-inch,4GB
4,-2.359375,-0.107421875,Lenovo,13-inch,4GB,HP,16-inch,8GB
4,-1.921875,-0.169921875,Lenovo,13-inch,4GB,HP,16-inch,16GB
4,-2.46875,-0.09521484375,Lenovo,13-inch,4GB,Dell,13-inch,4GB
4,-2.25,-0.11865234375,Lenovo,13-inch,4GB,Dell,13-inch,8GB
4,-1.609375,-0.2353515625,Lenovo,13-inch,4GB,Dell,13-inch,16GB
4,-2.8125,-0.0673828125,Lenovo,13-inch,4GB,Dell,14-inch,4GB
4,-2.578125,-0.0849609375,Lenovo,13-inch,4GB,Dell,14-inch,8GB
4,-1.8125,-0.189453125,Lenovo,13-inch,4GB,Dell,14-inch,16GB
4,-2.703125,-0.0751953125,Lenovo,13-inch,4GB,Dell,16-inch,4GB
4,-2.578125,-0.0849609375,Lenovo,13-inch,4GB,Dell,16-inch,8GB
4,-1.921875,-0.169921875,Lenovo,13-inch,4GB,Dell,16-inch,16GB
4,-2.46875,-0.0947265625,Lenovo,13-inch,4GB,Apple,13-inch,4GB
4,-2.25,-0.1201171875,Lenovo,13-inch,4GB,Apple,13-inch,8GB
4,-1.515625,-0.26171875,Lenovo,13-inch,4GB,Apple,13-inch,16GB
4,-2.9375,-0.060791015625,Lenovo,13-inch,4GB,Apple,14-inch,4GB
4,-2.578125,-0.08544921875,Lenovo,13-inch,4GB,Apple,14-inch,8GB
4,-1.921875,-0.169921875,Lenovo,13-inch,4GB,Apple,14-inch,16GB
4,-2.8125,-0.0673828125,Lenovo,13-inch,4GB,Apple,16-inch,4GB
4,-2.703125,-0.076171875,Lenovo,13-inch,4GB,Apple,16-inch,8GB
4,-1.921875,-0.1708984375,Lenovo,13-inch,4GB,Apple,16-inch,16GB
4,-1.8125,-0.185546875,Lenovo,13-inch,8GB,ASUS,13-inch,4GB
4,-1.9140625,-0.1650390625,Lenovo,13-inch,8GB,ASUS,13-inch,8GB
4,-1.703125,-0.20703125,Lenovo,13-inch,8GB,ASUS,13-inch,16GB
4,-1.9140625,-0.1650390625,Lenovo,13-inch,8GB,ASUS,14-inch,4GB
4,-1.9140625,-0.1650390625,Lenovo,13-inch,8GB,ASUS,14-inch,8GB
4,-1.8125,-0.185546875,Lenovo,13-inch,8GB,ASUS,14-inch,16GB
4,-2.125,-0.1318359375,Lenovo,13-inch,8GB,ASUS,16-inch,4GB
4,-2.015625,-0.1474609375,Lenovo,13-inch,8GB,ASUS,16-inch,8GB
4,-1.8125,-0.185546875,Lenovo,13-inch,8GB,ASUS,16-inch,16GB
4,-1.8125,-0.1865234375,Lenovo,13-inch,8GB,Lenovo,13-inch,4GB
4,-1.6015625,-0.23046875,Lenovo,13-inch,8GB,Lenovo,13-inch,16GB
4,-2.015625,-0.1474609375,Lenovo,13-inch,8GB,Lenovo,14-inch,4GB
4,-1.9140625,-0.1650390625,Lenovo,13-inch,8GB,Lenovo,14-inch,8GB
4,-1.7109375,-0.20703125,Lenovo,13-inch,8GB,Lenovo,14-inch,16GB
4,-2.015625,-0.1474609375,Lenovo,13-inch,8GB,Lenovo,16-inch,4GB
4,-1.9140625,-0.166015625,Lenovo,13-inch,8GB,Lenovo,16-inch,8GB
4,-1.703125,-0.20703125,Lenovo,13-inch,8GB,Lenovo,16-inch,16GB
4,-1.9140625,-0.1650390625,Lenovo,13-inch,8GB,HP,13-inch,4GB
4,-1.9140625,-0.166015625,Lenovo,13-inch,8GB,HP,13-inch,8GB
4,-1.5078125,-0.2578125,Lenovo,13-inch,8GB,HP,13-inch,16GB
4,-2.015625,-0.1474609375,Lenovo,13-inch,8GB,HP,14-inch,4GB
4,-1.9140625,-0.1650390625,Lenovo,13-inch,8GB,HP,14-inch,8GB
4,-1.4140625,-0.287109375,Lenovo,13-inch,8GB,HP,14-inch,16GB
4,-2.015625,-0.1474609375,Lenovo,13-inch,8GB,HP,16-inch,4GB
4,-1.9140625,-0.1650390625,Lenovo,13-inch,8GB,HP,16-inch,8GB
4,-1.609375,-0.23046875,Lenovo,13-inch,8GB,HP,16-inch,16GB
4,-1.8125,-0.1845703125,Lenovo,13-inch,8GB,Dell,13-inch,4GB
4,-1.8125,-0.185546875,Lenovo,13-inch,8GB,Dell,13-inch,8GB
4,-1.609375,-0.23046875,Lenovo,13-inch,8GB,Dell,13-inch,16GB
4,-2.125,-0.1318359375,Lenovo,13-inch,8GB,Dell,14-inch,4GB
4,-1.9140625,-0.1650390625,Lenovo,13-inch,8GB,Dell,14-inch,8GB
4,-1.5078125,-0.259765625,Lenovo,13-inch,8GB,Dell,14-inch,16GB
4,-2.125,-0.1318359375,Lenovo,13-inch,8GB,Dell,16-inch,4GB
4,-1.9140625,-0.1650390625,Lenovo,13-inch,8GB,Dell,16-inch,8GB
4,-1.7109375,-0.2080078125,Lenovo,13-inch,8GB,Dell,16-inch,16GB
4,-1.8125,-0.1845703125,Lenovo,13-inch,8GB,Apple,13-inch,4GB
4,-1.8125,-0.185546875,Lenovo,13-inch,8GB,Apple,13-inch,8GB
4,-1.3203125,-0.318359375,Lenovo,13-inch,8GB,Apple,13-inch,16GB
4,-2.015625,-0.1474609375,Lenovo,13-inch,8GB,Apple,14-inch,4GB
4,-2.015625,-0.1474609375,Lenovo,13-inch,8GB,Apple,14-inch,8GB
4,-2.125,-0.1328125,Lenovo,13-inch,8GB,Apple,14-inch,16GB
4,-2.125,-0.1318359375,Lenovo,13-inch,8GB,Apple,16-inch,4GB
4,-1.9140625,-0.1650390625,Lenovo,13-inch,8GB,Apple,16-inch,8GB
4,-1.8125,-0.185546875,Lenovo,13-inch,8GB,Apple,16-inch,16GB
4,-2.125,-0.1328125,Lenovo,13-inch,16GB,ASUS,13-inch,4GB
4,-1.8125,-0.1845703125,Lenovo,13-inch,16GB,ASUS,13-inch,8GB
4,-1.8125,-0.1845703125,Lenovo,13-inch,16GB,ASUS,13-inch,16GB
4,-2.359375,-0.1064453125,Lenovo,13-inch,16GB,ASUS,14-inch,4GB
4,-1.9140625,-0.1669921875,Lenovo,13-inch,16GB,ASUS,14-inch,8GB
4,-1.8125,-0.185546875,Lenovo,13-inch,16GB,ASUS,14-inch,16GB
4,-2.46875,-0.0947265625,Lenovo,13-inch,16GB,ASUS,16-inch,4GB
4,-2.140625,-0.1328125,Lenovo,13-inch,16GB,ASUS,16-inch,8GB
4,-1.9140625,-0.166015625,Lenovo,13-inch,16GB,ASUS,16-inch,16GB
4,-1.9140625,-0.1669921875,Lenovo,13-inch,16GB,Lenovo,13-inch,4GB
4,-1.609375,-0.2314453125,Lenovo,13-inch,16GB,Lenovo,13-inch,8GB
4,-1.921875,-0.16796875,Lenovo,13-inch,16GB,Lenovo,14-inch,4GB
4,-1.7109375,-0.20703125,Lenovo,13-inch,16GB,Lenovo,14-inch,8GB
4,-1.5078125,-0.2578125,Lenovo,13-inch,16GB,Lenovo,14-inch,16GB
4,-2.25,-0.1201171875,Lenovo,13-inch,16GB,Lenovo,16-inch,4GB
4,-1.8125,-0.1875,Lenovo,13-inch,16GB,Lenovo,16-inch,8GB
4,-1.7109375,-0.20703125,Lenovo,13-inch,16GB,Lenovo,16-inch,16GB
4,-2.015625,-0.1484375,Lenovo,13-inch,16GB,HP,13-inch,4GB
4,-1.4140625,-0.287109375,Lenovo,13-inch,16GB,HP,13-inch,8GB
4,-1.609375,-0.232421875,Lenovo,13-inch,16GB,HP,13-inch,16GB
4,-2.140625,-0.1328125,Lenovo,13-inch,16GB,HP,14-inch,4GB
4,-1.5078125,-0.2578125,Lenovo,13-inch,16GB,HP,14-inch,8GB
4,-1.7109375,-0.2080078125,Lenovo,13-inch,16GB,HP,14-inch,16GB
4,-2.25,-0.119140625,Lenovo,13-inch,16GB,HP,16-inch,4GB
4,-1.9140625,-0.1669921875,Lenovo,13-inch,16GB,HP,16-inch,8GB
4,-1.8125,-0.185546875,Lenovo,13-inch,16GB,HP,16-inch,16GB
4,-2.03125,-0.1484375,Lenovo,13-inch,16GB,Dell,13-inch,4GB
4,-1.3203125,-0.318359375,Lenovo,13-inch,16GB,Dell,13-inch,8GB
4,-1.703125,-0.20703125,Lenovo,13-inch,16GB,Dell,13-inch,16GB
4,-2.25,-0.11865234375,Lenovo,13-inch,16GB,Dell,14-inch,4GB
4,-1.4140625,-0.287109375,Lenovo,13-inch,16GB,Dell,14-inch,8GB
4,-1.7109375,-0.2080078125,Lenovo,13-inch,16GB,Dell,14-inch,16GB
4,-2.359375,-0.1064453125,Lenovo,13-inch,16GB,Dell,16-inch,4GB
4,-1.8125,-0.1875,Lenovo,13-inch,16GB,Dell,16-inch,8GB
4,-1.9140625,-0.166015625,Lenovo,13-inch,16GB,Dell,16-inch,16GB
4,-1.7109375,-0.2080078125,Lenovo,13-inch,16GB,Apple,13-inch,4GB
4,-1.2265625,-0.353515625,Lenovo,13-inch,16GB,Apple,13-inch,8GB
4,-1.609375,-0.232421875,Lenovo,13-inch,16GB,Apple,13-inch,16GB
4,-2.359375,-0.10498046875,Lenovo,13-inch,16GB,Apple,14-inch,4GB
4,-1.9140625,-0.1650390625,Lenovo,13-inch,16GB,Apple,14-inch,8GB
4,-1.9140625,-0.166015625,Lenovo,13-inch,16GB,Apple,14-inch,16GB
4,-2.125,-0.1318359375,Lenovo,13-inch,16GB,Apple,16-inch,4GB
4,-2.015625,-0.1474609375,Lenovo,13-inch,16GB,Apple,16-inch,8GB
4,-1.8125,-0.185546875,Lenovo,13-inch,16GB,Apple,16-inch,16GB
4,-2.9375,-0.058837890625,Lenovo,14-inch,4GB,ASUS,13-inch,4GB
4,-2.703125,-0.07421875,Lenovo,14-inch,4GB,ASUS,13-inch,8GB
4,-2.25,-0.1181640625,Lenovo,14-inch,4GB,ASUS,13-inch,16GB
4,-2.703125,-0.07421875,Lenovo,14-inch,4GB,ASUS,14-inch,4GB
4,-2.46875,-0.09326171875,Lenovo,14-inch,4GB,ASUS,14-inch,8GB
4,-1.703125,-0.20703125,Lenovo,14-inch,4GB,ASUS,14-inch,16GB
4,-2.703125,-0.07470703125,Lenovo,14-inch,4GB,ASUS,16-inch,4GB
4,-2.578125,-0.08349609375,Lenovo,14-inch,4GB,ASUS,16-inch,8GB
4,-2.015625,-0.1474609375,Lenovo,14-inch,4GB,ASUS,16-inch,16GB
4,-2.8125,-0.06591796875,Lenovo,14-inch,4GB,Lenovo,13-inch,4GB
4,-2.578125,-0.0830078125,Lenovo,14-inch,4GB,Lenovo,13-inch,8GB
4,-2.015625,-0.1484375,Lenovo,14-inch,4GB,Lenovo,13-inch,16GB
4,-2.25,-0.1171875,Lenovo,14-inch,4GB,Lenovo,14-inch,8GB
4,-1.9140625,-0.1650390625,Lenovo,14-inch,4GB,Lenovo,14-inch,16GB
4,-2.703125,-0.07421875,Lenovo,14-inch,4GB,Lenovo,16-inch,4GB
4,-2.25,-0.11767578125,Lenovo,14-inch,4GB,Lenovo,16-inch,8GB
4,-1.9140625,-0.166015625,Lenovo,14-inch,4GB,Lenovo,16-inch,16GB
4,-2.703125,-0.07421875,Lenovo,14-inch,4GB,HP,13-inch,4GB
4,-2.578125,-0.08349609375,Lenovo,14-inch,4GB,HP,13-inch,8GB
4,-2.03125,-0.1494140625,Lenovo,14-inch,4GB,HP,13-inch,16GB
4,-2.578125,-0.08349609375,Lenovo,14-inch,4GB,HP,14-inch,4GB
4,-2.25,-0.11767578125,Lenovo,14-inch,4GB,HP,14-inch,8GB
4,-1.7109375,-0.20703125,Lenovo,14-inch,4GB,HP,14-inch,16GB
4,-2.703125,-0.07470703125,Lenovo,14-inch,4GB,HP,16-inch,4GB
4,-2.359375,-0.10546875,Lenovo,14-inch,4GB,HP,16-inch,8GB
4,-2.125,-0.1328125,Lenovo,14-inch,4GB,HP,16-inch,16GB
4,-2.8125,-0.06591796875,Lenovo,14-inch,4GB,Dell,13-inch,4GB
4,-2.578125,-0.0830078125,Lenovo,14-inch,4GB,Dell,13-inch,8GB
4,-2.015625,-0.1484375,Lenovo,14-inch,4GB,Dell,13-inch,16GB
4,-2.46875,-0.09326171875,Lenovo,14-inch,4GB,Dell,14-inch,4GB
4,-2.25,-0.1171875,Lenovo,14-inch,4GB,Dell,14-inch,8GB
4,-1.609375,-0.2314453125,Lenovo,14-inch,4GB,Dell,14-inch,16GB
4,-2.703125,-0.07421875,Lenovo,14-inch,4GB,Dell,16-inch,4GB
4,-2.46875,-0.09375,Lenovo,14-inch,4GB,Dell,16-inch,8GB
4,-2.125,-0.1318359375,Lenovo,14-inch,4GB,Dell,16-inch,16GB
4,-2.8125,-0.06640625,Lenovo,14-inch,4GB,Apple,13-inch,4GB
4,-2.703125,-0.07470703125,Lenovo,14-inch,4GB,Apple,13-inch,8GB
4,-2.140625,-0.1337890625,Lenovo,14-inch,4GB,Apple,13-inch,16GB
4,-2.703125,-0.07421875,Lenovo,14-inch,4GB,Apple,14-inch,4GB
4,-2.578125,-0.08349609375,Lenovo,14-inch,4GB,Apple,14-inch,8GB
4,-1.7109375,-0.20703125,Lenovo,14-inch,4GB,Apple,14-inch,16GB
4,-2.8125,-0.06640625,Lenovo,14-inch,4GB,Apple,16-inch,4GB
4,-2.703125,-0.07470703125,Lenovo,14-inch,4GB,Apple,16-inch,8GB
4,-2.03125,-0.1494140625,Lenovo,14-inch,4GB,Apple,16-inch,16GB
4,-2.015625,-0.146484375,Lenovo,14-inch,8GB,ASUS,13-inch,4GB
4,-2.015625,-0.1474609375,Lenovo,14-inch,8GB,ASUS,13-inch,8GB
4,-1.8125,-0.1845703125,Lenovo,14-inch,8GB,ASUS,13-inch,16GB
4,-2.015625,-0.146484375,Lenovo,14-inch,8GB,ASUS,14-inch,4GB
4,-2.015625,-0.146484375,Lenovo,14-inch,8GB,ASUS,14-inch,8GB
4,-1.703125,-0.2060546875,Lenovo,14-inch,8GB,ASUS,14-inch,16GB
4,-2.125,-0.1318359375,Lenovo,14-inch,8GB,ASUS,16-inch,4GB
4,-2.015625,-0.1474609375,Lenovo,14-inch,8GB,ASUS,16-inch,8GB
4,-1.703125,-0.2060546875,Lenovo,14-inch,8GB,ASUS,16-inch,16GB
4,-2.125,-0.130859375,Lenovo,14-inch,8GB,Lenovo,13-inch,4GB
4,-1.9140625,-0.1650390625,Lenovo,14-inch,8GB,Lenovo,13-inch,8GB
4,-1.703125,-0.2060546875,Lenovo,14-inch,8GB,Lenovo,13-inch,16GB
4,-2.578125,-0.08447265625,Lenovo,14-inch,8GB,Lenovo,14-inch,4GB
4,-1.8046875,-0.18359375,Lenovo,14-inch,8GB,Lenovo,14-inch,16GB
4,-2.234375,-0.1171875,Lenovo,14-inch,8GB,Lenovo,16-inch,4GB
4,-2.015625,-0.146484375,Lenovo,14-inch,8GB,Lenovo,16-inch,8GB
4,-1.703125,-0.2060546875,Lenovo,14-inch,8GB,Lenovo,16-inch,16GB
4,-2.015625,-0.146484375,Lenovo,14-inch,8GB,HP,13-inch,4GB
4,-1.9140625,-0.1650390625,Lenovo,14-inch,8GB,HP,13-inch,8GB
4,-1.7109375,-0.20703125,Lenovo,14-inch,8GB,HP,13-inch,16GB
4,-1.9140625,-0.1640625,Lenovo,14-inch,8GB,HP,14-inch,4GB
4,-1.9140625,-0.1640625,Lenovo,14-inch,8GB,HP,14-inch,8GB
4,-2.015625,-0.1474609375,Lenovo,14-inch,8GB,HP,14-inch,16GB
4,-2.125,-0.130859375,Lenovo,14-inch,8GB,HP,16-inch,4GB
4,-1.9140625,-0.1650390625,Lenovo,14-inch,8GB,HP,16-inch,8GB
4,-1.703125,-0.2060546875,Lenovo,14-inch,8GB,HP,16-inch,16GB
4,-2.015625,-0.146484375,Lenovo,14-inch,8GB,Dell,13-inch,4GB
4,-2.015625,-0.146484375,Lenovo,14-inch,8GB,Dell,13-inch,8GB
4,-1.9140625,-0.166015625,Lenovo,14-inch,8GB,Dell,13-inch,16GB
4,-1.9140625,-0.1650390625,Lenovo,14-inch,8GB,Dell,14-inch,4GB
4,-1.8125,-0.1845703125,Lenovo,14-inch,8GB,Dell,14-inch,8GB
4,-2.125,-0.130859375,Lenovo,14-inch,8GB,Dell,14-inch,16GB
4,-2.125,-0.130859375,Lenovo,14-inch,8GB,Dell,16-inch,4GB
4,-2.015625,-0.1474609375,Lenovo,14-inch,8GB,Dell,16-inch,8GB
4,-2.015625,-0.1474609375,Lenovo,14-inch,8GB,Dell,16-inch,16GB
4,-2.125,-0.130859375,Lenovo,14-inch,8GB,Apple,13-inch,4GB
4,-2.015625,-0.1474609375,Lenovo,14-inch,8GB,Apple,13-inch,8GB
4,-1.8125,-0.185546875,Lenovo,14-inch,8GB,Apple,13-inch,16GB
4,-1.8125,-0.18359375,Lenovo,14-inch,8GB,Apple,14-inch,4GB
4,-1.9140625,-0.1640625,Lenovo,14-inch,8GB,Apple,14-inch,8GB
4,-1.8125,-0.18359375,Lenovo,14-inch,8GB,Apple,14-inch,16GB
4,-2.234375,-0.11669921875,Lenovo,14-inch,8GB,Apple,16-inch,4GB
4,-2.015625,-0.146484375,Lenovo,14-inch,8GB,Apple,16-inch,8GB
4,-1.703125,-0.20703125,Lenovo,14-inch,8GB,Apple,16-inch,16GB
4,-2.578125,-0.08251953125,Lenovo,14-inch,16GB,ASUS,13-inch,4GB
4,-2.578125,-0.08203125,Lenovo,14-inch,16GB,ASUS,13-inch,8GB
4,-1.9140625,-0.1650390625,Lenovo,14-inch,16GB,ASUS,13-inch,16GB
4,-2.578125,-0.08203125,Lenovo,14-inch,16GB,ASUS,14-inch,4GB
4,-2.46875,-0.09228515625,Lenovo,14-inch,16GB,ASUS,14-inch,8GB
4,-1.9140625,-0.1640625,Lenovo,14-inch,16GB,ASUS,14-inch,16GB
4,-2.8125,-0.0654296875,Lenovo,14-inch,16GB,ASUS,16-inch,4GB
4,-2.703125,-0.07275390625,Lenovo,14-inch,16GB,ASUS,16-inch,8GB
4,-2.125,-0.130859375,Lenovo,14-inch,16GB,ASUS,16-inch,16GB
4,-2.359375,-0.1044921875,Lenovo,14-inch,16GB,Lenovo,13-inch,4GB
4,-2.578125,-0.08251953125,Lenovo,14-inch,16GB,Lenovo,13-inch,8GB
4,-1.9140625,-0.1650390625,Lenovo,14-inch,16GB,Lenovo,13-inch,16GB
4,-2.234375,-0.1171875,Lenovo,14-inch,16GB,Lenovo,14-inch,4GB
4,-2.46875,-0.09228515625,Lenovo,14-inch,16GB,Lenovo,14-inch,8GB
4,-2.46875,-0.09375,Lenovo,14-inch,16GB,Lenovo,16-inch,4GB
4,-2.703125,-0.0732421875,Lenovo,14-inch,16GB,Lenovo,16-inch,8GB
4,-2.25,-0.1171875,Lenovo,14-inch,16GB,Lenovo,16-inch,16GB
4,-2.46875,-0.09326171875,Lenovo,14-inch,16GB,HP,13-inch,4GB
4,-2.46875,-0.09326171875,Lenovo,14-inch,16GB,HP,13-inch,8GB
4,-2.015625,-0.1474609375,Lenovo,14-inch,16GB,HP,13-inch,16GB
4,-2.46875,-0.0927734375,Lenovo,14-inch,16GB,HP,14-inch,4GB
4,-2.359375,-0.103515625,Lenovo,14-inch,16GB,HP,14-inch,8GB
4,-1.9140625,-0.1650390625,Lenovo,14-inch,16GB,HP,14-inch,16GB
4,-2.8125,-0.0654296875,Lenovo,14-inch,16GB,HP,16-inch,4GB
4,-2.703125,-0.07373046875,Lenovo,14-inch,16GB,HP,16-inch,8GB
4,-2.125,-0.1318359375,Lenovo,14-inch,16GB,HP,16-inch,16GB
4,-2.578125,-0.08251953125,Lenovo,14-inch,16GB,Dell,13-inch,4GB
4,-2.703125,-0.07373046875,Lenovo,14-inch,16GB,Dell,13-inch,8GB
4,-2.125,-0.1318359375,Lenovo,14-inch,16GB,Dell,13-inch,16GB
4,-2.46875,-0.09228515625,Lenovo,14-inch,16GB,Dell,14-inch,4GB
4,-2.359375,-0.103515625,Lenovo,14-inch,16GB,Dell,14-inch,8GB
4,-1.9140625,-0.1650390625,Lenovo,14-inch,16GB,Dell,14-inch,16GB
4,-2.8125,-0.0654296875,Lenovo,14-inch,16GB,Dell,16-inch,4GB
4,-2.9375,-0.057861328125,Lenovo,14-inch,16GB,Dell,16-inch,8GB
4,-2.125,-0.1318359375,Lenovo,14-inch,16GB,Dell,16-inch,16GB
4,-2.703125,-0.0732421875,Lenovo,14-inch,16GB,Apple,13-inch,4GB
4,-2.703125,-0.07421875,Lenovo,14-inch,16GB,Apple,13-inch,8GB
4,-1.9140625,-0.166015625,Lenovo,14-inch,16GB,Apple,13-inch,16GB
4,-2.703125,-0.0732421875,Lenovo,14-inch,16GB,Apple,14-inch,4GB
4,-2.578125,-0.08251953125,Lenovo,14-inch,16GB,Apple,14-inch,8GB
4,-1.9140625,-0.1650390625,Lenovo,14-inch,16GB,Apple,14-inch,16GB
4,-2.8125,-0.06591796875,Lenovo,14-inch,16GB,Apple,16-inch,4GB
4,-2.8125,-0.06591796875,Lenovo,14-inch,16GB,Apple,16-inch,8GB
4,-2.125,-0.1318359375,Lenovo,14-inch,16GB,Apple,16-inch,16GB
4,-2.03125,-0.1494140625,Lenovo,16-inch,4GB,ASUS,13-inch,4GB
4,-2.140625,-0.134765625,Lenovo,16-inch,4GB,ASUS,13-inch,8GB
4,-2.25,-0.12060546875,Lenovo,16-inch,4GB,ASUS,13-inch,16GB
4,-2.03125,-0.1494140625,Lenovo,16-inch,4GB,ASUS,14-inch,4GB
4,-2.03125,-0.1513671875,Lenovo,16-inch,4GB,ASUS,14-inch,8GB
4,-2.25,-0.1201171875,Lenovo,16-inch,4GB,ASUS,14-inch,16GB
4,-1.9140625,-0.1669921875,Lenovo,16-inch,4GB,ASUS,16-inch,4GB
4,-1.8125,-0.1884765625,Lenovo,16-inch,4GB,ASUS,16-inch,8GB
4,-1.8125,-0.1875,Lenovo,16-inch,4GB,ASUS,16-inch,16GB
4,-1.9140625,-0.1669921875,Lenovo,16-inch,4GB,Lenovo,13-inch,4GB
4,-1.921875,-0.1689453125,Lenovo,16-inch,4GB,Lenovo,13-inch,8GB
4,-1.921875,-0.16796875,Lenovo,16-inch,4GB,Lenovo,13-inch,16GB
4,-1.9140625,-0.1669921875,Lenovo,16-inch,4GB,Lenovo,14-inch,4GB
4,-1.8125,-0.1884765625,Lenovo,16-inch,4GB,Lenovo,14-inch,8GB
4,-1.9140625,-0.16796875,Lenovo,16-inch,4GB,Lenovo,14-inch,16GB
4,-1.7109375,-0.2099609375,Lenovo,16-inch,4GB,Lenovo,16-inch,8GB
4,-1.8125,-0.1875,Lenovo,16-inch,4GB,Lenovo,16-inch,16GB
4,-1.8125,-0.1875,Lenovo,16-inch,4GB,HP,13-inch,4GB
4,-1.921875,-0.1689453125,Lenovo,16-inch,4GB,HP,13-inch,8GB
4,-2.03125,-0.1513671875,Lenovo,16-inch,4GB,HP,13-inch,16GB
4,-1.8125,-0.1865234375,Lenovo,16-inch,4GB,HP,14-inch,4GB
4,-1.8125,-0.1884765625,Lenovo,16-inch,4GB,HP,14-inch,8GB
4,-2.03125,-0.150390625,Lenovo,16-inch,4GB,HP,14-inch,16GB
4,-1.7109375,-0.208984375,Lenovo,16-inch,4GB,HP,16-inch,4GB
4,-1.7109375,-0.2099609375,Lenovo,16-inch,4GB,HP,16-inch,8GB
4,-1.609375,-0.234375,Lenovo,16-inch,4GB,HP,16-inch,16GB
4,-1.9140625,-0.1669921875,Lenovo,16-inch,4GB,Dell,13-inch,4GB
4,-1.9140625,-0.1669921875,Lenovo,16-inch,4GB,Dell,13-inch,8GB
4,-2.140625,-0.134765625,Lenovo,16-inch,4GB,Dell,13-inch,16GB
4,-1.9140625,-0.1669921875,Lenovo,16-inch,4GB,Dell,14-inch,4GB
4,-1.9140625,-0.1669921875,Lenovo,16-inch,4GB,Dell,14-inch,8GB
4,-2.03125,-0.150390625,Lenovo,16-inch,4GB,Dell,14-inch,16GB
4,-1.8125,-0.1875,Lenovo,16-inch,4GB,Dell,16-inch,4GB
4,-1.8125,-0.1875,Lenovo,16-inch,4GB,Dell,16-inch,8GB
4,-1.7109375,-0.2099609375,Lenovo,16-inch,4GB,Dell,16-inch,16GB
4,-1.8125,-0.1865234375,Lenovo,16-inch,4GB,Apple,13-inch,4GB
4,-1.8125,-0.1884765625,Lenovo,16-inch,4GB,Apple,13-inch,8GB
4,-1.921875,-0.169921875,Lenovo,16-inch,4GB,Apple,13-inch,16GB
4,-1.8125,-0.1875,Lenovo,16-inch,4GB,Apple,14-inch,4GB
4,-1.921875,-0.1689453125,Lenovo,16-inch,4GB,Apple,14-inch,8GB
4,-1.921875,-0.1689453125,Lenovo,16-inch,4GB,Apple,14-inch,16GB
4,-1.8125,-0.1865234375,Lenovo,16-inch,4GB,Apple,16-inch,4GB
4,-1.8125,-0.189453125,Lenovo,16-inch,4GB,Apple,16-inch,8GB
4,-1.8125,-0.1884765625,Lenovo,16-inch,4GB,Apple,16-inch,16GB
4,-3.65625,-0.0283203125,Lenovo,16-inch,8GB,ASUS,13-inch,4GB
4,-3.296875,-0.040771484375,Lenovo,16-inch,8GB,ASUS,13-inch,8GB
4,-3.046875,-0.052001953125,Lenovo,16-inch,8GB,ASUS,13-inch,16GB
4,-3.296875,-0.04052734375,Lenovo,16-inch,8GB,ASUS,14-inch,4GB
4,-3.046875,-0.0517578125,Lenovo,16-inch,8GB,ASUS,14-inch,8GB
4,-3.296875,-0.040283203125,Lenovo,16-inch,8GB,ASUS,14-inch,16GB
4,-2.46875,-0.0927734375,Lenovo,16-inch,8GB,ASUS,16-inch,4GB
4,-2.03125,-0.1484375,Lenovo,16-inch,8GB,ASUS,16-inch,8GB
4,-2.9375,-0.059326171875,Lenovo,16-inch,8GB,ASUS,16-inch,16GB
4,-2.359375,-0.1044921875,Lenovo,16-inch,8GB,Lenovo,13-inch,4GB
4,-2.140625,-0.1337890625,Lenovo,16-inch,8GB,Lenovo,13-inch,8GB
4,-2.8125,-0.06591796875,Lenovo,16-inch,8GB,Lenovo,13-inch,16GB
4,-2.46875,-0.09228515625,Lenovo,16-inch,8GB,Lenovo,14-inch,4GB
4,-2.125,-0.1318359375,Lenovo,16-inch,8GB,Lenovo,14-inch,8GB
4,-2.9375,-0.0595703125,Lenovo,16-inch,8GB,Lenovo,14-inch,16GB
4,-2.25,-0.1181640625,Lenovo,16-inch,8GB,Lenovo,16-inch,4GB
4,-2.9375,-0.060546875,Lenovo,16-inch,8GB,Lenovo,16-inch,16GB
4,-2.125,-0.1318359375,Lenovo,16-inch,8GB,HP,13-inch,4GB
4,-2.578125,-0.08544921875,Lenovo,16-inch,8GB,HP,13-inch,8GB
4,-2.8125,-0.06787109375,Lenovo,16-inch,8GB,HP,13-inch,16GB
4,-2.703125,-0.07568359375,Lenovo,16-inch,8GB,HP,14-inch,4GB
4,-2.359375,-0.109375,Lenovo,16-inch,8GB,HP,14-inch,8GB
4,-2.578125,-0.08251953125,Lenovo,16-inch,8GB,HP,14-inch,16GB
4,-2.25,-0.1171875,Lenovo,16-inch,8GB,HP,16-inch,4GB
4,-2.015625,-0.1484375,Lenovo,16-inch,8GB,HP,16-inch,8GB
4,-2.8125,-0.06689453125,Lenovo,16-inch,8GB,HP,16-inch,16GB
4,-2.9375,-0.057861328125,Lenovo,16-inch,8GB,Dell,13-inch,4GB
4,-2.578125,-0.08447265625,Lenovo,16-inch,8GB,Dell,13-inch,8GB
4,-3.046875,-0.054443359375,Lenovo,16-inch,8GB,Dell,13-inch,16GB
4,-2.8125,-0.0673828125,Lenovo,16-inch,8GB,Dell,14-inch,4GB
4,-2.359375,-0.10986328125,Lenovo,16-inch,8GB,Dell,14-inch,8GB
4,-3.171875,-0.045654296875,Lenovo,16-inch,8GB,Dell,14-inch,16GB
4,-2.125,-0.1328125,Lenovo,16-inch,8GB,Dell,16-inch,4GB
4,-1.9140625,-0.166015625,Lenovo,16-inch,8GB,Dell,16-inch,8GB
4,-2.8125,-0.06640625,Lenovo,16-inch,8GB,Dell,16-inch,16GB
4,-2.46875,-0.0927734375,Lenovo,16-inch,8GB,Apple,13-inch,4GB
4,-2.125,-0.1318359375,Lenovo,16-inch,8GB,Apple,13-inch,8GB
4,-2.9375,-0.060546875,Lenovo,16-inch,8GB,Apple,13-inch,16GB
4,-2.140625,-0.140625,Lenovo,16-inch,8GB,Apple,14-inch,4GB
4,-2.359375,-0.1123046875,Lenovo,16-inch,8GB,Apple,14-inch,8GB
4,-3.046875,-0.051025390625,Lenovo,16-inch,8GB,Apple,14-inch,16GB
4,-1.8125,-0.1865234375,Lenovo,16-inch,8GB,Apple,16-inch,4GB
4,-1.8125,-0.185546875,Lenovo,16-inch,8GB,Apple,16-inch,8GB
4,-2.703125,-0.07421875,Lenovo,16-inch,8GB,Apple,16-inch,16GB
4,-2.578125,-0.08251953125,Lenovo,16-inch,16GB,ASUS,13-inch,4GB
4,-2.359375,-0.1044921875,Lenovo,16-inch,16GB,ASUS,13-inch,8GB
4,-2.125,-0.130859375,Lenovo,16-inch,16GB,ASUS,13-inch,16GB
4,-2.703125,-0.0732421875,Lenovo,16-inch,16GB,ASUS,14-inch,4GB
4,-2.578125,-0.08251953125,Lenovo,16-inch,16GB,ASUS,14-inch,8GB
4,-2.125,-0.1318359375,Lenovo,16-inch,16GB,ASUS,14-inch,16GB
4,-2.46875,-0.09326171875,Lenovo,16-inch,16GB,ASUS,16-inch,4GB
4,-2.46875,-0.0927734375,Lenovo,16-inch,16GB,ASUS,16-inch,8GB
4,-2.125,-0.1318359375,Lenovo,16-inch,16GB,ASUS,16-inch,16GB
4,-2.46875,-0.09326171875,Lenovo,16-inch,16GB,Lenovo,13-inch,4GB
4,-2.359375,-0.1044921875,Lenovo,16-inch,16GB,Lenovo,13-inch,8GB
4,-2.125,-0.1318359375,Lenovo,16-inch,16GB,Lenovo,13-inch,16GB
4,-2.703125,-0.0732421875,Lenovo,16-inch,16GB,Lenovo,14-inch,4GB
4,-2.578125,-0.08251953125,Lenovo,16-inch,16GB,Lenovo,14-inch,8GB
4,-2.125,-0.1328125,Lenovo,16-inch,16GB,Lenovo,14-inch,16GB
4,-2.578125,-0.08447265625,Lenovo,16-inch,16GB,Lenovo,16-inch,4GB
4,-2.578125,-0.0830078125,Lenovo,16-inch,16GB,Lenovo,16-inch,8GB
4,-2.46875,-0.09326171875,Lenovo,16-inch,16GB,HP,13-inch,4GB
4,-2.25,-0.11767578125,Lenovo,16-inch,16GB,HP,13-inch,8GB
4,-2.015625,-0.1474609375,Lenovo,16-inch,16GB,HP,13-inch,16GB
4,-2.578125,-0.08251953125,Lenovo,16-inch,16GB,HP,14-inch,4GB
4,-2.46875,-0.0927734375,Lenovo,16-inch,16GB,HP,14-inch,8GB
4,-2.015625,-0.1484375,Lenovo,16-inch,16GB,HP,14-inch,16GB
4,-2.46875,-0.09326171875,Lenovo,16-inch,16GB,HP,16-inch,4GB
4,-2.359375,-0.1044921875,Lenovo,16-inch,16GB,HP,16-inch,8GB
4,-2.015625,-0.1484375,Lenovo,16-inch,16GB,HP,16-inch,16GB
4,-2.359375,-0.1044921875,Lenovo,16-inch,16GB,Dell,13-inch,4GB
4,-2.46875,-0.0927734375,Lenovo,16-inch,16GB,Dell,13-inch,8GB
4,-2.015625,-0.1474609375,Lenovo,16-inch,16GB,Dell,13-inch,16GB
4,-2.578125,-0.08251953125,Lenovo,16-inch,16GB,Dell,14-inch,4GB
4,-2.578125,-0.08251953125,Lenovo,16-inch,16GB,Dell,14-inch,8GB
4,-2.015625,-0.1474609375,Lenovo,16-inch,16GB,Dell,14-inch,16GB
4,-2.46875,-0.09375,Lenovo,16-inch,16GB,Dell,16-inch,4GB
4,-2.578125,-0.08251953125,Lenovo,16-inch,16GB,Dell,16-inch,8GB
4,-1.9140625,-0.166015625,Lenovo,16-inch,16GB,Dell,16-inch,16GB
4,-2.703125,-0.07373046875,Lenovo,16-inch,16GB,Apple,13-inch,4GB
4,-2.46875,-0.09326171875,Lenovo,16-inch,16GB,Apple,13-inch,8GB
4,-1.8125,-0.185546875,Lenovo,16-inch,16GB,Apple,13-inch,16GB
4,-2.703125,-0.0732421875,Lenovo,16-inch,16GB,Apple,14-inch,4GB
4,-2.703125,-0.07373046875,Lenovo,16-inch,16GB,Apple,14-inch,8GB
4,-2.015625,-0.1484375,Lenovo,16-inch,16GB,Apple,14-inch,16GB
4,-2.578125,-0.0830078125,Lenovo,16-inch,16GB,Apple,16-inch,4GB
4,-2.578125,-0.08251953125,Lenovo,16-inch,16GB,Apple,16-inch,8GB
4,-1.9140625,-0.166015625,Lenovo,16-inch,16GB,Apple,16-inch,16GB
4,-2.140625,-0.134765625,HP,13-inch,4GB,ASUS,13-inch,4GB
4,-1.8125,-0.1884765625,HP,13-inch,4GB,ASUS,13-inch,8GB
4,-1.515625,-0.263671875,HP,13-inch,4GB,ASUS,13-inch,16GB
4,-2.140625,-0.134765625,HP,13-inch,4GB,ASUS,14-inch,4GB
4,-1.921875,-0.1689453125,HP,13-inch,4GB,ASUS,14-inch,8GB
4,-1.515625,-0.263671875,HP,13-inch,4GB,ASUS,14-inch,16GB
4,-2.25,-0.1201171875,HP,13-inch,4GB,ASUS,16-inch,4GB
4,-2.03125,-0.1513671875,HP,13-inch,4GB,ASUS,16-inch,8GB
4,-1.609375,-0.236328125,HP,13-inch,4GB,ASUS,16-inch,16GB
4,-2.140625,-0.134765625,HP,13-inch,4GB,Lenovo,13-inch,4GB
4,-1.8125,-0.189453125,HP,13-inch,4GB,Lenovo,13-inch,8GB
4,-1.328125,-0.326171875,HP,13-inch,4GB,Lenovo,13-inch,16GB
4,-2.25,-0.11962890625,HP,13-inch,4GB,Lenovo,14-inch,4GB
4,-1.921875,-0.1689453125,HP,13-inch,4GB,Lenovo,14-inch,8GB
4,-1.421875,-0.294921875,HP,13-inch,4GB,Lenovo,14-inch,16GB
4,-2.25,-0.1201171875,HP,13-inch,4GB,Lenovo,16-inch,4GB
4,-2.03125,-0.1513671875,HP,13-inch,4GB,Lenovo,16-inch,8GB
4,-1.7109375,-0.2119140625,HP,13-inch,4GB,Lenovo,16-inch,16GB
4,-1.7109375,-0.2109375,HP,13-inch,4GB,HP,13-inch,8GB
4,-1.609375,-0.236328125,HP,13-inch,4GB,HP,13-inch,16GB
4,-2.03125,-0.1513671875,HP,13-inch,4GB,HP,14-inch,4GB
4,-1.8125,-0.189453125,HP,13-inch,4GB,HP,14-inch,8GB
4,-1.4140625,-0.29296875,HP,13-inch,4GB,HP,14-inch,16GB
4,-2.25,-0.12109375,HP,13-inch,4GB,HP,16-inch,4GB
4,-2.03125,-0.1513671875,HP,13-inch,4GB,HP,16-inch,8GB
4,-1.7109375,-0.2119140625,HP,13-inch,4GB,HP,16-inch,16GB
4,-2.140625,-0.134765625,HP,13-inch,4GB,Dell,13-inch,4GB
4,-2.03125,-0.150390625,HP,13-inch,4GB,Dell,13-inch,8GB
4,-1.515625,-0.263671875,HP,13-inch,4GB,Dell,13-inch,16GB
4,-2.25,-0.11962890625,HP,13-inch,4GB,Dell,14-inch,4GB
4,-2.03125,-0.1513671875,HP,13-inch,4GB,Dell,14-inch,8GB
4,-1.2421875,-0.36328125,HP,13-inch,4GB,Dell,14-inch,16GB
4,-2.25,-0.11962890625,HP,13-inch,4GB,Dell,16-inch,4GB
4,-2.140625,-0.1357421875,HP,13-inch,4GB,Dell,16-inch,8GB
4,-1.7109375,-0.212890625,HP,13-inch,4GB,Dell,16-inch,16GB
4,-1.921875,-0.1689453125,HP,13-inch,4GB,Apple,13-inch,4GB
4,-1.921875,-0.1689453125,HP,13-inch,4GB,Apple,13-inch,8GB
4,-1.421875,-0.294921875,HP,13-inch,4GB,Apple,13-inch,16GB
4,-2.140625,-0.134765625,HP,13-inch,4GB,Apple,14-inch,4GB
4,-2.03125,-0.1513671875,HP,13-inch,4GB,Apple,14-inch,8GB
4,-1.421875,-0.296875,HP,13-inch,4GB,Apple,14-inch,16GB
4,-2.03125,-0.1513671875,HP,13-inch,4GB,Apple,16-inch,4GB
4,-2.03125,-0.15234375,HP,13-inch,4GB,Apple,16-inch,8GB
4,-1.515625,-0.265625,HP,13-inch,4GB,Apple,16-inch,16GB
4,-1.7109375,-0.20703125,HP,13-inch,8GB,ASUS,13-inch,4GB
4,-1.7109375,-0.2080078125,HP,13-inch,8GB,ASUS,13-inch,8GB
4,-1.609375,-0.2314453125,HP,13-inch,8GB,ASUS,13-inch,16GB
4,-2.703125,-0.07421875,HP,13-inch,8GB,ASUS,14-inch,4GB
4,-1.609375,-0.232421875,HP,13-inch,8GB,ASUS,14-inch,8GB
4,-1.7109375,-0.2080078125,HP,13-inch,8GB,ASUS,14-inch,16GB
4,-2.703125,-0.07470703125,HP,13-inch,8GB,ASUS,16-inch,4GB
4,-1.609375,-0.2314453125,HP,13-inch,8GB,ASUS,16-inch,8GB
4,-1.609375,-0.2314453125,HP,13-inch,8GB,ASUS,16-inch,16GB
4,-1.609375,-0.2314453125,HP,13-inch,8GB,Lenovo,13-inch,4GB
4,-1.7109375,-0.2080078125,HP,13-inch,8GB,Lenovo,13-inch,8GB
4,-1.5078125,-0.2578125,HP,13-inch,8GB,Lenovo,13-inch,16GB
4,-2.578125,-0.08349609375,HP,13-inch,8GB,Lenovo,14-inch,4GB
4,-1.8125,-0.1865234375,HP,13-inch,8GB,Lenovo,14-inch,8GB
4,-1.9140625,-0.16796875,HP,13-inch,8GB,Lenovo,14-inch,16GB
4,-2.578125,-0.083984375,HP,13-inch,8GB,Lenovo,16-inch,4GB
4,-1.7109375,-0.208984375,HP,13-inch,8GB,Lenovo,16-inch,8GB
4,-1.609375,-0.232421875,HP,13-inch,8GB,Lenovo,16-inch,16GB
4,-1.8125,-0.1865234375,HP,13-inch,8GB,HP,13-inch,4GB
4,-1.8125,-0.185546875,HP,13-inch,8GB,HP,13-inch,16GB
4,-1.609375,-0.234375,HP,13-inch,8GB,HP,14-inch,4GB
4,-1.5078125,-0.259765625,HP,13-inch,8GB,HP,14-inch,8GB
4,-1.5078125,-0.26171875,HP,13-inch,8GB,HP,14-inch,16GB
4,-1.609375,-0.2333984375,HP,13-inch,8GB,HP,16-inch,4GB
4,-1.8125,-0.1865234375,HP,13-inch,8GB,HP,16-inch,8GB
4,-1.609375,-0.232421875,HP,13-inch,8GB,HP,16-inch,16GB
4,-1.7109375,-0.20703125,HP,13-inch,8GB,Dell,13-inch,4GB
4,-1.609375,-0.232421875,HP,13-inch,8GB,Dell,13-inch,8GB
4,-1.4140625,-0.287109375,HP,13-inch,8GB,Dell,13-inch,16GB
4,-2.9375,-0.059814453125,HP,13-inch,8GB,Dell,14-inch,4GB
4,-1.609375,-0.232421875,HP,13-inch,8GB,Dell,14-inch,8GB
4,-1.7109375,-0.208984375,HP,13-inch,8GB,Dell,14-inch,16GB
4,-2.46875,-0.09423828125,HP,13-inch,8GB,Dell,16-inch,4GB
4,-1.609375,-0.2314453125,HP,13-inch,8GB,Dell,16-inch,8GB
4,-1.609375,-0.232421875,HP,13-inch,8GB,Dell,16-inch,16GB
4,-1.5078125,-0.2578125,HP,13-inch,8GB,Apple,13-inch,4GB
4,-1.5078125,-0.2578125,HP,13-inch,8GB,Apple,13-inch,8GB
4,-1.3203125,-0.3203125,HP,13-inch,8GB,Apple,13-inch,16GB
4,-2.359375,-0.10546875,HP,13-inch,8GB,Apple,14-inch,4GB
4,-1.7109375,-0.2080078125,HP,13-inch,8GB,Apple,14-inch,8GB
4,-1.7109375,-0.208984375,HP,13-inch,8GB,Apple,14-inch,16GB
4,-2.140625,-0.1337890625,HP,13-inch,8GB,Apple,16-inch,4GB
4,-1.609375,-0.232421875,HP,13-inch,8GB,Apple,16-inch,8GB
4,-1.8125,-0.1865234375,HP,13-inch,8GB,Apple,16-inch,16GB
4,-2.03125,-0.150390625,HP,13-inch,16GB,ASUS,13-inch,4GB
4,-1.8125,-0.1875,HP,13-inch,16GB,ASUS,13-inch,8GB
4,-1.4140625,-0.287109375,HP,13-inch,16GB,ASUS,13-inch,16GB
4,-2.25,-0.1201171875,HP,13-inch,16GB,ASUS,14-inch,4GB
4,-1.8125,-0.1884765625,HP,13-inch,16GB,ASUS,14-inch,8GB
4,-1.921875,-0.16796875,HP,13-inch,16GB,ASUS,14-inch,16GB
4,-1.5078125,-0.259765625,HP,13-inch,16GB,ASUS,16-inch,4GB
4,-2.03125,-0.1513671875,HP,13-inch,16GB,ASUS,16-inch,8GB
4,-1.7109375,-0.208984375,HP,13-inch,16GB,ASUS,16-inch,16GB
4,-1.921875,-0.169921875,HP,13-inch,16GB,Lenovo,13-inch,4GB
4,-1.609375,-0.232421875,HP,13-inch,16GB,Lenovo,13-inch,8GB
4,-1.7109375,-0.20703125,HP,13-inch,16GB,Lenovo,13-inch,16GB
4,-2.03125,-0.150390625,HP,13-inch,16GB,Lenovo,14-inch,4GB
4,-1.515625,-0.26171875,HP,13-inch,16GB,Lenovo,14-inch,8GB
4,-1.515625,-0.26171875,HP,13-inch,16GB,Lenovo,14-inch,16GB
4,-1.609375,-0.232421875,HP,13-inch,16GB,Lenovo,16-inch,4GB
4,-1.8125,-0.189453125,HP,13-inch,16GB,Lenovo,16-inch,8GB
4,-1.609375,-0.234375,HP,13-inch,16GB,Lenovo,16-inch,16GB
4,-1.8125,-0.1884765625,HP,13-inch,16GB,HP,13-inch,4GB
4,-1.609375,-0.232421875,HP,13-inch,16GB,HP,13-inch,8GB
4,-1.8125,-0.1884765625,HP,13-inch,16GB,HP,14-inch,4GB
4,-1.609375,-0.2333984375,HP,13-inch,16GB,HP,14-inch,8GB
4,-1.234375,-0.359375,HP,13-inch,16GB,HP,14-inch,16GB
4,-1.8125,-0.1865234375,HP,13-inch,16GB,HP,16-inch,4GB
4,-1.5078125,-0.2578125,HP,13-inch,16GB,HP,16-inch,8GB
4,-1.9140625,-0.1669921875,HP,13-inch,16GB,HP,16-inch,16GB
4,-2.140625,-0.134765625,HP,13-inch,16GB,Dell,13-inch,4GB
4,-1.8125,-0.189453125,HP,13-inch,16GB,Dell,13-inch,8GB
4,-1.5078125,-0.259765625,HP,13-inch,16GB,Dell,13-inch,16GB
4,-2.25,-0.12158203125,HP,13-inch,16GB,Dell,14-inch,4GB
4,-1.7109375,-0.212890625,HP,13-inch,16GB,Dell,14-inch,8GB
4,-1.609375,-0.2353515625,HP,13-inch,16GB,Dell,14-inch,16GB
4,-1.921875,-0.1689453125,HP,13-inch,16GB,Dell,16-inch,4GB
4,-2.03125,-0.1533203125,HP,13-inch,16GB,Dell,16-inch,8GB
4,-1.921875,-0.1689453125,HP,13-inch,16GB,Dell,16-inch,16GB
4,-2.03125,-0.150390625,HP,13-inch,16GB,Apple,13-inch,4GB
4,-1.921875,-0.1689453125,HP,13-inch,16GB,Apple,13-inch,8GB
4,-1.4140625,-0.2890625,HP,13-inch,16GB,Apple,13-inch,16GB
4,-2.25,-0.12158203125,HP,13-inch,16GB,Apple,14-inch,4GB
4,-1.8125,-0.19140625,HP,13-inch,16GB,Apple,14-inch,8GB
4,-1.609375,-0.2353515625,HP,13-inch,16GB,Apple,14-inch,16GB
4,-2.140625,-0.1337890625,HP,13-inch,16GB,Apple,16-inch,4GB
4,-1.7109375,-0.2080078125,HP,13-inch,16GB,Apple,16-inch,8GB
4,-2.25,-0.1201171875,HP,13-inch,16GB,Apple,16-inch,16GB
4,-2.359375,-0.10595703125,HP,14-inch,4GB,ASUS,13-inch,4GB
4,-2.140625,-0.1337890625,HP,14-inch,4GB,ASUS,13-inch,8GB
4,-1.9140625,-0.1669921875,HP,14-inch,4GB,ASUS,13-inch,16GB
4,-2.25,-0.11865234375,HP,14-inch,4GB,ASUS,14-inch,4GB
4,-1.9140625,-0.1669921875,HP,14-inch,4GB,ASUS,14-inch,8GB
4,-1.7109375,-0.2080078125,HP,14-inch,4GB,ASUS,14-inch,16GB
4,-2.140625,-0.1337890625,HP,14-inch,4GB,ASUS,16-inch,4GB
4,-2.140625,-0.1328125,HP,14-inch,4GB,ASUS,16-inch,8GB
4,-1.8125,-0.185546875,HP,14-inch,4GB,ASUS,16-inch,16GB
4,-2.359375,-0.10595703125,HP,14-inch,4GB,Lenovo,13-inch,4GB
4,-2.03125,-0.1494140625,HP,14-inch,4GB,Lenovo,13-inch,8GB
4,-1.8125,-0.1865234375,HP,14-inch,4GB,Lenovo,13-inch,16GB
4,-2.25,-0.11865234375,HP,14-inch,4GB,Lenovo,14-inch,4GB
4,-1.9140625,-0.166015625,HP,14-inch,4GB,Lenovo,14-inch,8GB
4,-1.5078125,-0.2578125,HP,14-inch,4GB,Lenovo,14-inch,16GB
4,-2.25,-0.11865234375,HP,14-inch,4GB,Lenovo,16-inch,4GB
4,-1.9140625,-0.1669921875,HP,14-inch,4GB,Lenovo,16-inch,8GB
4,-1.7109375,-0.2080078125,HP,14-inch,4GB,Lenovo,16-inch,16GB
4,-2.359375,-0.10693359375,HP,14-inch,4GB,HP,13-inch,4GB
4,-2.03125,-0.1494140625,HP,14-inch,4GB,HP,13-inch,8GB
4,-1.921875,-0.1689453125,HP,14-inch,4GB,HP,13-inch,16GB
4,-2.03125,-0.1484375,HP,14-inch,4GB,HP,14-inch,8GB
4,-1.7109375,-0.2080078125,HP,14-inch,4GB,HP,14-inch,16GB
4,-2.03125,-0.150390625,HP,14-inch,4GB,HP,16-inch,4GB
4,-1.8125,-0.1875,HP,14-inch,4GB,HP,16-inch,8GB
4,-1.609375,-0.232421875,HP,14-inch,4GB,HP,16-inch,16GB
4,-2.25,-0.11865234375,HP,14-inch,4GB,Dell,13-inch,4GB
4,-2.140625,-0.1328125,HP,14-inch,4GB,Dell,13-inch,8GB
4,-1.7109375,-0.208984375,HP,14-inch,4GB,Dell,13-inch,16GB
4,-2.125,-0.1328125,HP,14-inch,4GB,Dell,14-inch,4GB
4,-2.03125,-0.1484375,HP,14-inch,4GB,Dell,14-inch,8GB
4,-1.7109375,-0.2080078125,HP,14-inch,4GB,Dell,14-inch,16GB
4,-2.25,-0.11865234375,HP,14-inch,4GB,Dell,16-inch,4GB
4,-2.03125,-0.1494140625,HP,14-inch,4GB,Dell,16-inch,8GB
4,-1.8125,-0.1865234375,HP,14-inch,4GB,Dell,16-inch,16GB
4,-2.25,-0.11865234375,HP,14-inch,4GB,Apple,13-inch,4GB
4,-2.140625,-0.1337890625,HP,14-inch,4GB,Apple,13-inch,8GB
4,-1.8125,-0.1884765625,HP,14-inch,4GB,Apple,13-inch,16GB
4,-2.140625,-0.1328125,HP,14-inch,4GB,Apple,14-inch,4GB
4,-2.03125,-0.1484375,HP,14-inch,4GB,Apple,14-inch,8GB
4,-1.7109375,-0.2080078125,HP,14-inch,4GB,Apple,14-inch,16GB
4,-2.140625,-0.1337890625,HP,14-inch,4GB,Apple,16-inch,4GB
4,-1.9140625,-0.16796875,HP,14-inch,4GB,Apple,16-inch,8GB
4,-1.7109375,-0.208984375,HP,14-inch,4GB,Apple,16-inch,16GB
4,-3.171875,-0.0478515625,HP,14-inch,8GB,ASUS,13-inch,4GB
4,-2.703125,-0.07421875,HP,14-inch,8GB,ASUS,13-inch,8GB
4,-2.9375,-0.060791015625,HP,14-inch,8GB,ASUS,13-inch,16GB
4,-2.703125,-0.0732421875,HP,14-inch,8GB,ASUS,14-inch,4GB
4,-1.9140625,-0.166015625,HP,14-inch,8GB,ASUS,14-inch,8GB
4,-2.8125,-0.068359375,HP,14-inch,8GB,ASUS,14-inch,16GB
4,-3.40625,-0.0380859375,HP,14-inch,8GB,ASUS,16-inch,4GB
4,-2.578125,-0.0830078125,HP,14-inch,8GB,ASUS,16-inch,8GB
4,-3.046875,-0.0546875,HP,14-inch,8GB,ASUS,16-inch,16GB
4,-3.296875,-0.042236328125,HP,14-inch,8GB,Lenovo,13-inch,4GB
4,-2.8125,-0.06689453125,HP,14-inch,8GB,Lenovo,13-inch,8GB
4,-2.8125,-0.06884765625,HP,14-inch,8GB,Lenovo,13-inch,16GB
4,-2.359375,-0.10400390625,HP,14-inch,8GB,Lenovo,14-inch,4GB
4,-1.9140625,-0.166015625,HP,14-inch,8GB,Lenovo,14-inch,8GB
4,-2.703125,-0.07666015625,HP,14-inch,8GB,Lenovo,14-inch,16GB
4,-3.046875,-0.0537109375,HP,14-inch,8GB,Lenovo,16-inch,4GB
4,-2.8125,-0.06640625,HP,14-inch,8GB,Lenovo,16-inch,8GB
4,-2.8125,-0.068359375,HP,14-inch,8GB,Lenovo,16-inch,16GB
4,-2.9375,-0.059326171875,HP,14-inch,8GB,HP,13-inch,4GB
4,-2.25,-0.11767578125,HP,14-inch,8GB,HP,13-inch,8GB
4,-2.578125,-0.08544921875,HP,14-inch,8GB,HP,13-inch,16GB
4,-1.7109375,-0.2099609375,HP,14-inch,8GB,HP,14-inch,4GB
4,-2.234375,-0.11669921875,HP,14-inch,8GB,HP,14-inch,16GB
4,-2.8125,-0.06689453125,HP,14-inch,8GB,HP,16-inch,4GB
4,-2.359375,-0.10498046875,HP,14-inch,8GB,HP,16-inch,8GB
4,-2.703125,-0.07568359375,HP,14-inch,8GB,HP,16-inch,16GB
4,-3.296875,-0.043212890625,HP,14-inch,8GB,Dell,13-inch,4GB
4,-2.578125,-0.0830078125,HP,14-inch,8GB,Dell,13-inch,8GB
4,-2.9375,-0.0615234375,HP,14-inch,8GB,Dell,13-inch,16GB
4,-2.46875,-0.09375,HP,14-inch,8GB,Dell,14-inch,4GB
4,-1.7109375,-0.20703125,HP,14-inch,8GB,Dell,14-inch,8GB
4,-2.8125,-0.06884765625,HP,14-inch,8GB,Dell,14-inch,16GB
4,-3.171875,-0.047607421875,HP,14-inch,8GB,Dell,16-inch,4GB
4,-2.25,-0.1171875,HP,14-inch,8GB,Dell,16-inch,8GB
4,-2.9375,-0.06103515625,HP,14-inch,8GB,Dell,16-inch,16GB
4,-3.046875,-0.052978515625,HP,14-inch,8GB,Apple,13-inch,4GB
4,-2.578125,-0.08251953125,HP,14-inch,8GB,Apple,13-inch,8GB
4,-2.9375,-0.0615234375,HP,14-inch,8GB,Apple,13-inch,16GB
4,-1.9140625,-0.166015625,HP,14-inch,8GB,Apple,14-inch,4GB
4,-1.7109375,-0.20703125,HP,14-inch,8GB,Apple,14-inch,8GB
4,-2.46875,-0.09375,HP,14-inch,8GB,Apple,14-inch,16GB
4,-3.046875,-0.052490234375,HP,14-inch,8GB,Apple,16-inch,4GB
4,-2.578125,-0.0830078125,HP,14-inch,8GB,Apple,16-inch,8GB
4,-2.9375,-0.06103515625,HP,14-inch,8GB,Apple,16-inch,16GB
4,-1.609375,-0.232421875,HP,14-inch,16GB,ASUS,13-inch,4GB
4,-1.5078125,-0.2578125,HP,14-inch,16GB,ASUS,13-inch,8GB
4,-1.5078125,-0.259765625,HP,14-inch,16GB,ASUS,13-inch,16GB
4,-2.125,-0.1318359375,HP,14-inch,16GB,ASUS,14-inch,4GB
4,-1.9140625,-0.1640625,HP,14-inch,16GB,ASUS,14-inch,8GB
4,-2.25,-0.11767578125,HP,14-inch,16GB,ASUS,14-inch,16GB
4,-1.703125,-0.20703125,HP,14-inch,16GB,ASUS,16-inch,4GB
4,-1.609375,-0.23046875,HP,14-inch,16GB,ASUS,16-inch,8GB
4,-1.7109375,-0.2080078125,HP,14-inch,16GB,ASUS,16-inch,16GB
4,-2.03125,-0.1494140625,HP,14-inch,16GB,Lenovo,13-inch,4GB
4,-1.8125,-0.1865234375,HP,14-inch,16GB,Lenovo,13-inch,8GB
4,-1.7109375,-0.208984375,HP,14-inch,16GB,Lenovo,13-inch,16GB
4,-2.125,-0.1318359375,HP,14-inch,16GB,Lenovo,14-inch,4GB
4,-1.8125,-0.1845703125,HP,14-inch,16GB,Lenovo,14-inch,8GB
4,-2.125,-0.1328125,HP,14-inch,16GB,Lenovo,14-inch,16GB
4,-2.125,-0.1318359375,HP,14-inch,16GB,Lenovo,16-inch,4GB
4,-1.8125,-0.185546875,HP,14-inch,16GB,Lenovo,16-inch,8GB
4,-2.03125,-0.1484375,HP,14-inch,16GB,Lenovo,16-inch,16GB
4,-1.9140625,-0.166015625,HP,14-inch,16GB,HP,13-inch,4GB
4,-1.5078125,-0.2578125,HP,14-inch,16GB,HP,13-inch,8GB
4,-1.5078125,-0.259765625,HP,14-inch,16GB,HP,13-inch,16GB
4,-2.03125,-0.1494140625,HP,14-inch,16GB,HP,14-inch,4GB
4,-1.8125,-0.185546875,HP,14-inch,16GB,HP,14-inch,8GB
4,-1.9140625,-0.1669921875,HP,14-inch,16GB,HP,16-inch,4GB
4,-1.609375,-0.232421875,HP,14-inch,16GB,HP,16-inch,8GB
4,-1.8125,-0.185546875,HP,14-inch,16GB,HP,16-inch,16GB
4,-1.609375,-0.2333984375,HP,14-inch,16GB,Dell,13-inch,4GB
4,-1.5078125,-0.259765625,HP,14-inch,16GB,Dell,13-inch,8GB
4,-1.7109375,-0.2099609375,HP,14-inch,16GB,Dell,13-inch,16GB
4,-2.125,-0.1328125,HP,14-inch,16GB,Dell,14-inch,4GB
4,-1.8125,-0.1845703125,HP,14-inch,16GB,Dell,14-inch,8GB
4,-2.125,-0.1328125,HP,14-inch,16GB,Dell,14-inch,16GB
4,-1.609375,-0.232421875,HP,14-inch,16GB,Dell,16-inch,4GB
4,-1.8125,-0.189453125,HP,14-inch,16GB,Dell,16-inch,8GB
4,-2.03125,-0.150390625,HP,14-inch,16GB,Dell,16-inch,16GB
4,-1.609375,-0.2333984375,HP,14-inch,16GB,Apple,13-inch,4GB
4,-1.4140625,-0.2890625,HP,14-inch,16GB,Apple,13-inch,8GB
4,-1.4140625,-0.291015625,HP,14-inch,16GB,Apple,13-inch,16GB
4,-2.125,-0.1328125,HP,14-inch,16GB,Apple,14-inch,4GB
4,-1.703125,-0.20703125,HP,14-inch,16GB,Apple,14-inch,8GB
4,-2.125,-0.1328125,HP,14-inch,16GB,Apple,14-inch,16GB
4,-2.140625,-0.1328125,HP,14-inch,16GB,Apple,16-inch,4GB
4,-1.9140625,-0.1669921875,HP,14-inch,16GB,Apple,16-inch,8GB
4,-2.140625,-0.1337890625,HP,14-inch,16GB,Apple,16-inch,16GB
4,-2.359375,-0.10595703125,HP,16-inch,4GB,ASUS,13-inch,4GB
4,-2.140625,-0.134765625,HP,16-inch,4GB,ASUS,13-inch,8GB
4,-1.8125,-0.1875,HP,16-inch,4GB,ASUS,13-inch,16GB
4,-2.359375,-0.10498046875,HP,16-inch,4GB,ASUS,14-inch,4GB
4,-2.25,-0.119140625,HP,16-inch,4GB,ASUS,14-inch,8GB
4,-1.609375,-0.2333984375,HP,16-inch,4GB,ASUS,14-inch,16GB
4,-2.03125,-0.150390625,HP,16-inch,4GB,ASUS,16-inch,4GB
4,-2.03125,-0.150390625,HP,16-inch,4GB,ASUS,16-inch,8GB
4,-1.5078125,-0.259765625,HP,16-inch,4GB,ASUS,16-inch,16GB
4,-2.25,-0.11865234375,HP,16-inch,4GB,Lenovo,13-inch,4GB
4,-2.140625,-0.1337890625,HP,16-inch,4GB,Lenovo,13-inch,8GB
4,-1.8125,-0.1875,HP,16-inch,4GB,Lenovo,13-inch,16GB
4,-2.140625,-0.1328125,HP,16-inch,4GB,Lenovo,14-inch,4GB
4,-2.03125,-0.1494140625,HP,16-inch,4GB,Lenovo,14-inch,8GB
4,-1.609375,-0.232421875,HP,16-inch,4GB,Lenovo,14-inch,16GB
4,-2.03125,-0.1494140625,HP,16-inch,4GB,Lenovo,16-inch,4GB
4,-1.921875,-0.16796875,HP,16-inch,4GB,Lenovo,16-inch,8GB
4,-1.5078125,-0.259765625,HP,16-inch,4GB,Lenovo,16-inch,16GB
4,-2.25,-0.11962890625,HP,16-inch,4GB,HP,13-inch,4GB
4,-2.25,-0.12060546875,HP,16-inch,4GB,HP,13-inch,8GB
4,-1.7109375,-0.2119140625,HP,16-inch,4GB,HP,13-inch,16GB
4,-2.25,-0.11962890625,HP,16-inch,4GB,HP,14-inch,4GB
4,-2.140625,-0.1337890625,HP,16-inch,4GB,HP,14-inch,8GB
4,-1.609375,-0.234375,HP,16-inch,4GB,HP,14-inch,16GB
4,-1.8125,-0.1884765625,HP,16-inch,4GB,HP,16-inch,8GB
4,-1.5078125,-0.26171875,HP,16-inch,4GB,HP,16-inch,16GB
4,-2.140625,-0.1337890625,HP,16-inch,4GB,Dell,13-inch,4GB
4,-2.140625,-0.1337890625,HP,16-inch,4GB,Dell,13-inch,8GB
4,-1.8125,-0.189453125,HP,16-inch,4GB,Dell,13-inch,16GB
4,-2.25,-0.119140625,HP,16-inch,4GB,Dell,14-inch,4GB
4,-2.140625,-0.1337890625,HP,16-inch,4GB,Dell,14-inch,8GB
4,-1.5078125,-0.259765625,HP,16-inch,4GB,Dell,14-inch,16GB
4,-1.9140625,-0.16796875,HP,16-inch,4GB,Dell,16-inch,4GB
4,-2.03125,-0.150390625,HP,16-inch,4GB,Dell,16-inch,8GB
4,-1.5078125,-0.259765625,HP,16-inch,4GB,Dell,16-inch,16GB
4,-2.140625,-0.1337890625,HP,16-inch,4GB,Apple,13-inch,4GB
4,-2.140625,-0.134765625,HP,16-inch,4GB,Apple,13-inch,8GB
4,-1.7109375,-0.2109375,HP,16-inch,4GB,Apple,13-inch,16GB
4,-2.140625,-0.1337890625,HP,16-inch,4GB,Apple,14-inch,4GB
4,-2.140625,-0.134765625,HP,16-inch,4GB,Apple,14-inch,8GB
4,-1.609375,-0.234375,HP,16-inch,4GB,Apple,14-inch,16GB
4,-2.03125,-0.150390625,HP,16-inch,4GB,Apple,16-inch,4GB
4,-2.03125,-0.150390625,HP,16-inch,4GB,Apple,16-inch,8GB
4,-1.5078125,-0.26171875,HP,16-inch,4GB,Apple,16-inch,16GB
4,-1.8125,-0.185546875,HP,16-inch,8GB,ASUS,13-inch,4GB
4,-1.9140625,-0.166015625,HP,16-inch,8GB,ASUS,13-inch,8GB
4,-1.9140625,-0.166015625,HP,16-inch,8GB,ASUS,13-inch,16GB
4,-1.8125,-0.185546875,HP,16-inch,8GB,ASUS,14-inch,4GB
4,-1.8125,-0.185546875,HP,16-inch,8GB,ASUS,14-inch,8GB
4,-1.8125,-0.1865234375,HP,16-inch,8GB,ASUS,14-inch,16GB
4,-1.8125,-0.185546875,HP,16-inch,8GB,ASUS,16-inch,4GB
4,-1.7109375,-0.2080078125,HP,16-inch,8GB,ASUS,16-inch,8GB
4,-1.5078125,-0.2578125,HP,16-inch,8GB,ASUS,16-inch,16GB
4,-1.8125,-0.185546875,HP,16-inch,8GB,Lenovo,13-inch,4GB
4,-1.8125,-0.185546875,HP,16-inch,8GB,Lenovo,13-inch,8GB
4,-1.8125,-0.185546875,HP,16-inch,8GB,Lenovo,13-inch,16GB
4,-1.8125,-0.185546875,HP,16-inch,8GB,Lenovo,14-inch,4GB
4,-1.7109375,-0.2080078125,HP,16-inch,8GB,Lenovo,14-inch,8GB
4,-1.7109375,-0.2080078125,HP,16-inch,8GB,Lenovo,14-inch,16GB
4,-1.8125,-0.185546875,HP,16-inch,8GB,Lenovo,16-inch,4GB
4,-1.8125,-0.185546875,HP,16-inch,8GB,Lenovo,16-inch,8GB
4,-1.5078125,-0.2578125,HP,16-inch,8GB,Lenovo,16-inch,16GB
4,-1.9140625,-0.1669921875,HP,16-inch,8GB,HP,13-inch,4GB
4,-1.9140625,-0.1669921875,HP,16-inch,8GB,HP,13-inch,8GB
4,-1.7109375,-0.208984375,HP,16-inch,8GB,HP,13-inch,16GB
4,-1.9140625,-0.166015625,HP,16-inch,8GB,HP,14-inch,4GB
4,-1.8125,-0.1865234375,HP,16-inch,8GB,HP,14-inch,8GB
4,-1.609375,-0.232421875,HP,16-inch,8GB,HP,14-inch,16GB
4,-1.8125,-0.1865234375,HP,16-inch,8GB,HP,16-inch,4GB
4,-1.609375,-0.2314453125,HP,16-inch,8GB,HP,16-inch,16GB
4,-1.9140625,-0.166015625,HP,16-inch,8GB,Dell,13-inch,4GB
4,-1.8125,-0.185546875,HP,16-inch,8GB,Dell,13-inch,8GB
4,-1.8125,-0.185546875,HP,16-inch,8GB,Dell,13-inch,16GB
4,-1.8125,-0.185546875,HP,16-inch,8GB,Dell,14-inch,4GB
4,-1.8125,-0.185546875,HP,16-inch,8GB,Dell,14-inch,8GB
4,-1.7109375,-0.2080078125,HP,16-inch,8GB,Dell,14-inch,16GB
4,-1.8125,-0.185546875,HP,16-inch,8GB,Dell,16-inch,4GB
4,-1.7109375,-0.2080078125,HP,16-inch,8GB,Dell,16-inch,8GB
4,-1.4140625,-0.287109375,HP,16-inch,8GB,Dell,16-inch,16GB
4,-1.7109375,-0.2080078125,HP,16-inch,8GB,Apple,13-inch,4GB
4,-1.8125,-0.185546875,HP,16-inch,8GB,Apple,13-inch,8GB
4,-1.7109375,-0.2080078125,HP,16-inch,8GB,Apple,13-inch,16GB
4,-1.7109375,-0.2080078125,HP,16-inch,8GB,Apple,14-inch,4GB
4,-1.703125,-0.20703125,HP,16-inch,8GB,Apple,14-inch,8GB
4,-1.609375,-0.2314453125,HP,16-inch,8GB,Apple,14-inch,16GB
4,-1.7109375,-0.20703125,HP,16-inch,8GB,Apple,16-inch,4GB
4,-1.609375,-0.2314453125,HP,16-inch,8GB,Apple,16-inch,8GB
4,-1.4140625,-0.287109375,HP,16-inch,8GB,Apple,16-inch,16GB
4,-2.8125,-0.06689453125,HP,16-inch,16GB,ASUS,13-inch,4GB
4,-2.578125,-0.0830078125,HP,16-inch,16GB,ASUS,13-inch,8GB
4,-2.03125,-0.1484375,HP,16-inch,16GB,ASUS,13-inch,16GB
4,-2.359375,-0.10546875,HP,16-inch,16GB,ASUS,14-inch,4GB
4,-2.125,-0.1318359375,HP,16-inch,16GB,ASUS,14-inch,8GB
4,-2.03125,-0.1494140625,HP,16-inch,16GB,ASUS,14-inch,16GB
4,-2.46875,-0.0947265625,HP,16-inch,16GB,ASUS,16-inch,4GB
4,-2.125,-0.1318359375,HP,16-inch,16GB,ASUS,16-inch,8GB
4,-1.609375,-0.23046875,HP,16-inch,16GB,ASUS,16-inch,16GB
4,-2.9375,-0.059326171875,HP,16-inch,16GB,Lenovo,13-inch,4GB
4,-2.578125,-0.08251953125,HP,16-inch,16GB,Lenovo,13-inch,8GB
4,-1.9140625,-0.166015625,HP,16-inch,16GB,Lenovo,13-inch,16GB
4,-2.25,-0.11767578125,HP,16-inch,16GB,Lenovo,14-inch,4GB
4,-2.015625,-0.1474609375,HP,16-inch,16GB,Lenovo,14-inch,8GB
4,-2.140625,-0.1337890625,HP,16-inch,16GB,Lenovo,14-inch,16GB
4,-2.46875,-0.0947265625,HP,16-inch,16GB,Lenovo,16-inch,4GB
4,-1.9140625,-0.166015625,HP,16-inch,16GB,Lenovo,16-inch,8GB
4,-1.703125,-0.20703125,HP,16-inch,16GB,Lenovo,16-inch,16GB
4,-2.46875,-0.0947265625,HP,16-inch,16GB,HP,13-inch,4GB
4,-2.46875,-0.09228515625,HP,16-inch,16GB,HP,13-inch,8GB
4,-1.8125,-0.185546875,HP,16-inch,16GB,HP,13-inch,16GB
4,-2.140625,-0.1328125,HP,16-inch,16GB,HP,14-inch,4GB
4,-2.015625,-0.1474609375,HP,16-inch,16GB,HP,14-inch,8GB
4,-1.9140625,-0.1669921875,HP,16-inch,16GB,HP,14-inch,16GB
4,-2.140625,-0.134765625,HP,16-inch,16GB,HP,16-inch,4GB
4,-1.9140625,-0.166015625,HP,16-inch,16GB,HP,16-inch,8GB
4,-2.9375,-0.059814453125,HP,16-inch,16GB,Dell,13-inch,4GB
4,-2.8125,-0.06591796875,HP,16-inch,16GB,Dell,13-inch,8GB
4,-2.03125,-0.1484375,HP,16-inch,16GB,Dell,13-inch,16GB
4,-2.46875,-0.09423828125,HP,16-inch,16GB,Dell,14-inch,4GB
4,-2.125,-0.1318359375,HP,16-inch,16GB,Dell,14-inch,8GB
4,-1.7109375,-0.2080078125,HP,16-inch,16GB,Dell,14-inch,16GB
4,-2.46875,-0.09521484375,HP,16-inch,16GB,Dell,16-inch,4GB
4,-2.25,-0.11865234375,HP,16-inch,16GB,Dell,16-inch,8GB
4,-1.703125,-0.20703125,HP,16-inch,16GB,Dell,16-inch,16GB
4,-2.46875,-0.09423828125,HP,16-inch,16GB,Apple,13-inch,4GB
4,-2.03125,-0.1484375,HP,16-inch,16GB,Apple,13-inch,8GB
4,-1.9140625,-0.1669921875,HP,16-inch,16GB,Apple,13-inch,16GB
4,-2.25,-0.11962890625,HP,16-inch,16GB,Apple,14-inch,4GB
4,-1.9140625,-0.166015625,HP,16-inch,16GB,Apple,14-inch,8GB
4,-2.03125,-0.150390625,HP,16-inch,16GB,Apple,14-inch,16GB
4,-2.359375,-0.1064453125,HP,16-inch,16GB,Apple,16-inch,4GB
4,-2.015625,-0.1474609375,HP,16-inch,16GB,Apple,16-inch,8GB
4,-1.609375,-0.2314453125,HP,16-inch,16GB,Apple,16-inch,16GB
4,-2.25,-0.11962890625,Dell,13-inch,4GB,ASUS,13-inch,4GB
4,-2.140625,-0.1337890625,Dell,13-inch,4GB,ASUS,13-inch,8GB
4,-1.609375,-0.234375,Dell,13-inch,4GB,ASUS,13-inch,16GB
4,-2.140625,-0.134765625,Dell,13-inch,4GB,ASUS,14-inch,4GB
4,-2.25,-0.1201171875,Dell,13-inch,4GB,ASUS,14-inch,8GB
4,-1.609375,-0.2353515625,Dell,13-inch,4GB,ASUS,14-inch,16GB
4,-2.25,-0.1201171875,Dell,13-inch,4GB,ASUS,16-inch,4GB
4,-2.25,-0.1201171875,Dell,13-inch,4GB,ASUS,16-inch,8GB
4,-1.8125,-0.189453125,Dell,13-inch,4GB,ASUS,16-inch,16GB
4,-2.140625,-0.1337890625,Dell,13-inch,4GB,Lenovo,13-inch,4GB
4,-2.03125,-0.1494140625,Dell,13-inch,4GB,Lenovo,13-inch,8GB
4,-1.5078125,-0.26171875,Dell,13-inch,4GB,Lenovo,13-inch,16GB
4,-2.25,-0.1201171875,Dell,13-inch,4GB,Lenovo,14-inch,4GB
4,-2.25,-0.1201171875,Dell,13-inch,4GB,Lenovo,14-inch,8GB
4,-1.515625,-0.26171875,Dell,13-inch,4GB,Lenovo,14-inch,16GB
4,-2.25,-0.12060546875,Dell,13-inch,4GB,Lenovo,16-inch,4GB
4,-2.140625,-0.134765625,Dell,13-inch,4GB,Lenovo,16-inch,8GB
4,-1.7109375,-0.2119140625,Dell,13-inch,4GB,Lenovo,16-inch,16GB
4,-2.03125,-0.150390625,Dell,13-inch,4GB,HP,13-inch,4GB
4,-2.03125,-0.150390625,Dell,13-inch,4GB,HP,13-inch,8GB
4,-1.515625,-0.26171875,Dell,13-inch,4GB,HP,13-inch,16GB
4,-2.25,-0.12060546875,Dell,13-inch,4GB,HP,14-inch,4GB
4,-2.140625,-0.1357421875,Dell,13-inch,4GB,HP,14-inch,8GB
4,-1.515625,-0.263671875,Dell,13-inch,4GB,HP,14-inch,16GB
4,-2.03125,-0.150390625,Dell,13-inch,4GB,HP,16-inch,4GB
4,-2.140625,-0.134765625,Dell,13-inch,4GB,HP,16-inch,8GB
4,-1.7109375,-0.2119140625,Dell,13-inch,4GB,HP,16-inch,16GB
4,-2.25,-0.11962890625,Dell,13-inch,4GB,Dell,13-inch,8GB
4,-1.609375,-0.2353515625,Dell,13-inch,4GB,Dell,13-inch,16GB
4,-2.359375,-0.10693359375,Dell,13-inch,4GB,Dell,14-inch,4GB
4,-2.25,-0.11962890625,Dell,13-inch,4GB,Dell,14-inch,8GB
4,-1.609375,-0.236328125,Dell,13-inch,4GB,Dell,14-inch,16GB
4,-2.359375,-0.10693359375,Dell,13-inch,4GB,Dell,16-inch,4GB
4,-2.140625,-0.134765625,Dell,13-inch,4GB,Dell,16-inch,8GB
4,-1.8125,-0.1904296875,Dell,13-inch,4GB,Dell,16-inch,16GB
4,-2.140625,-0.1337890625,Dell,13-inch,4GB,Apple,13-inch,4GB
4,-2.140625,-0.1337890625,Dell,13-inch,4GB,Apple,13-inch,8GB
4,-1.609375,-0.2353515625,Dell,13-inch,4GB,Apple,13-inch,16GB
4,-2.46875,-0.0966796875,Dell,13-inch,4GB,Apple,14-inch,4GB
4,-2.359375,-0.10791015625,Dell,13-inch,4GB,Apple,14-inch,8GB
4,-1.515625,-0.263671875,Dell,13-inch,4GB,Apple,14-inch,16GB
4,-2.359375,-0.1064453125,Dell,13-inch,4GB,Apple,16-inch,4GB
4,-2.25,-0.12060546875,Dell,13-inch,4GB,Apple,16-inch,8GB
4,-1.7109375,-0.2138671875,Dell,13-inch,4GB,Apple,16-inch,16GB
4,-1.9140625,-0.1640625,Dell,13-inch,8GB,ASUS,13-inch,4GB
4,-2.125,-0.130859375,Dell,13-inch,8GB,ASUS,13-inch,8GB
4,-1.8125,-0.185546875,Dell,13-inch,8GB,ASUS,13-inch,16GB
4,-1.9140625,-0.1650390625,Dell,13-inch,8GB,ASUS,14-inch,4GB
4,-2.015625,-0.1474609375,Dell,13-inch,8GB,ASUS,14-inch,8GB
4,-1.8125,-0.185546875,Dell,13-inch,8GB,ASUS,14-inch,16GB
4,-1.9140625,-0.1650390625,Dell,13-inch,8GB,ASUS,16-inch,4GB
4,-2.015625,-0.146484375,Dell,13-inch,8GB,ASUS,16-inch,8GB
4,-2.015625,-0.1474609375,Dell,13-inch,8GB,ASUS,16-inch,16GB
4,-1.9140625,-0.1650390625,Dell,13-inch,8GB,Lenovo,13-inch,4GB
4,-2.015625,-0.1474609375,Dell,13-inch,8GB,Lenovo,13-inch,8GB
4,-1.7109375,-0.20703125,Dell,13-inch,8GB,Lenovo,13-inch,16GB
4,-1.9140625,-0.1650390625,Dell,13-inch,8GB,Lenovo,14-inch,4GB
4,-1.9140625,-0.1650390625,Dell,13-inch,8GB,Lenovo,14-inch,8GB
4,-1.7109375,-0.208984375,Dell,13-inch,8GB,Lenovo,14-inch,16GB
4,-1.9140625,-0.1650390625,Dell,13-inch,8GB,Lenovo,16-inch,4GB
4,-1.9140625,-0.1650390625,Dell,13-inch,8GB,Lenovo,16-inch,8GB
4,-1.8125,-0.185546875,Dell,13-inch,8GB,Lenovo,16-inch,16GB
4,-1.8125,-0.1845703125,Dell,13-inch,8GB,HP,13-inch,4GB
4,-1.9140625,-0.1650390625,Dell,13-inch,8GB,HP,13-inch,8GB
4,-1.8125,-0.1845703125,Dell,13-inch,8GB,HP,13-inch,16GB
4,-1.9140625,-0.1650390625,Dell,13-inch,8GB,HP,14-inch,4GB
4,-2.015625,-0.1474609375,Dell,13-inch,8GB,HP,14-inch,8GB
4,-1.7109375,-0.2080078125,Dell,13-inch,8GB,HP,14-inch,16GB
4,-2.015625,-0.1484375,Dell,13-inch,8GB,HP,16-inch,4GB
4,-2.015625,-0.1474609375,Dell,13-inch,8GB,HP,16-inch,8GB
4,-1.8125,-0.185546875,Dell,13-inch,8GB,HP,16-inch,16GB
4,-1.9140625,-0.1650390625,Dell,13-inch,8GB,Dell,13-inch,4GB
4,-1.8125,-0.185546875,Dell,13-inch,8GB,Dell,13-inch,16GB
4,-2.015625,-0.1474609375,Dell,13-inch,8GB,Dell,14-inch,4GB
4,-2.015625,-0.1474609375,Dell,13-inch,8GB,Dell,14-inch,8GB
4,-1.8125,-0.1875,Dell,13-inch,8GB,Dell,14-inch,16GB
4,-2.015625,-0.1474609375,Dell,13-inch,8GB,Dell,16-inch,4GB
4,-2.015625,-0.1474609375,Dell,13-inch,8GB,Dell,16-inch,8GB
4,-1.8125,-0.185546875,Dell,13-inch,8GB,Dell,16-inch,16GB
4,-1.8125,-0.1845703125,Dell,13-inch,8GB,Apple,13-inch,4GB
4,-1.9140625,-0.1650390625,Dell,13-inch,8GB,Apple,13-inch,8GB
4,-1.7109375,-0.20703125,Dell,13-inch,8GB,Apple,13-inch,16GB
4,-1.9140625,-0.1650390625,Dell,13-inch,8GB,Apple,14-inch,4GB
4,-1.9140625,-0.166015625,Dell,13-inch,8GB,Apple,14-inch,8GB
4,-1.8125,-0.1875,Dell,13-inch,8GB,Apple,14-inch,16GB
4,-2.015625,-0.1474609375,Dell,13-inch,8GB,Apple,16-inch,4GB
4,-1.9140625,-0.1650390625,Dell,13-inch,8GB,Apple,16-inch,8GB
4,-1.8125,-0.185546875,Dell,13-inch,8GB,Apple,16-inch,16GB
4,-2.46875,-0.09326171875,Dell,13-inch,16GB,ASUS,13-inch,4GB
4,-2.578125,-0.0830078125,Dell,13-inch,16GB,ASUS,13-inch,8GB
4,-1.9140625,-0.166015625,Dell,13-inch,16GB,ASUS,13-inch,16GB
4,-2.578125,-0.0830078125,Dell,13-inch,16GB,ASUS,14-inch,4GB
4,-2.46875,-0.09326171875,Dell,13-inch,16GB,ASUS,14-inch,8GB
4,-2.03125,-0.1484375,Dell,13-inch,16GB,ASUS,14-inch,16GB
4,-2.8125,-0.06640625,Dell,13-inch,16GB,ASUS,16-inch,4GB
4,-2.703125,-0.07421875,Dell,13-inch,16GB,ASUS,16-inch,8GB
4,-2.140625,-0.1328125,Dell,13-inch,16GB,ASUS,16-inch,16GB
4,-2.578125,-0.08349609375,Dell,13-inch,16GB,Lenovo,13-inch,4GB
4,-2.703125,-0.07373046875,Dell,13-inch,16GB,Lenovo,13-inch,8GB
4,-2.125,-0.1328125,Dell,13-inch,16GB,Lenovo,13-inch,16GB
4,-2.578125,-0.0830078125,Dell,13-inch,16GB,Lenovo,14-inch,4GB
4,-2.578125,-0.08349609375,Dell,13-inch,16GB,Lenovo,14-inch,8GB
4,-2.03125,-0.1494140625,Dell,13-inch,16GB,Lenovo,14-inch,16GB
4,-2.9375,-0.05908203125,Dell,13-inch,16GB,Lenovo,16-inch,4GB
4,-2.9375,-0.05908203125,Dell,13-inch,16GB,Lenovo,16-inch,8GB
4,-2.140625,-0.1337890625,Dell,13-inch,16GB,Lenovo,16-inch,16GB
4,-2.46875,-0.09423828125,Dell,13-inch,16GB,HP,13-inch,4GB
4,-2.578125,-0.08349609375,Dell,13-inch,16GB,HP,13-inch,8GB
4,-1.9140625,-0.166015625,Dell,13-inch,16GB,HP,13-inch,16GB
4,-2.578125,-0.0830078125,Dell,13-inch,16GB,HP,14-inch,4GB
4,-2.46875,-0.09423828125,Dell,13-inch,16GB,HP,14-inch,8GB
4,-2.03125,-0.1494140625,Dell,13-inch,16GB,HP,14-inch,16GB
4,-2.703125,-0.07470703125,Dell,13-inch,16GB,HP,16-inch,4GB
4,-2.703125,-0.07470703125,Dell,13-inch,16GB,HP,16-inch,8GB
4,-2.140625,-0.1337890625,Dell,13-inch,16GB,HP,16-inch,16GB
4,-2.578125,-0.08447265625,Dell,13-inch,16GB,Dell,13-inch,4GB
4,-2.578125,-0.08349609375,Dell,13-inch,16GB,Dell,13-inch,8GB
4,-2.578125,-0.083984375,Dell,13-inch,16GB,Dell,14-inch,4GB
4,-2.8125,-0.06591796875,Dell,13-inch,16GB,Dell,14-inch,8GB
4,-2.140625,-0.1337890625,Dell,13-inch,16GB,Dell,14-inch,16GB
4,-2.703125,-0.0751953125,Dell,13-inch,16GB,Dell,16-inch,4GB
4,-3.046875,-0.052490234375,Dell,13-inch,16GB,Dell,16-inch,8GB
4,-2.140625,-0.1337890625,Dell,13-inch,16GB,Dell,16-inch,16GB
4,-2.46875,-0.09423828125,Dell,13-inch,16GB,Apple,13-inch,4GB
4,-2.578125,-0.0830078125,Dell,13-inch,16GB,Apple,13-inch,8GB
4,-2.03125,-0.1484375,Dell,13-inch,16GB,Apple,13-inch,16GB
4,-2.8125,-0.06640625,Dell,13-inch,16GB,Apple,14-inch,4GB
4,-2.578125,-0.083984375,Dell,13-inch,16GB,Apple,14-inch,8GB
4,-2.03125,-0.150390625,Dell,13-inch,16GB,Apple,14-inch,16GB
4,-2.9375,-0.0595703125,Dell,13-inch,16GB,Apple,16-inch,4GB
4,-2.8125,-0.0673828125,Dell,13-inch,16GB,Apple,16-inch,8GB
4,-1.921875,-0.16796875,Dell,13-inch,16GB,Apple,16-inch,16GB
4,-2.25,-0.11865234375,Dell,14-inch,4GB,ASUS,13-inch,4GB
4,-2.46875,-0.0947265625,Dell,14-inch,4GB,ASUS,13-inch,8GB
4,-1.8125,-0.1875,Dell,14-inch,4GB,ASUS,13-inch,16GB
4,-2.359375,-0.10546875,Dell,14-inch,4GB,ASUS,14-inch,4GB
4,-2.25,-0.1181640625,Dell,14-inch,4GB,ASUS,14-inch,8GB
4,-1.8125,-0.185546875,Dell,14-inch,4GB,ASUS,14-inch,16GB
4,-2.25,-0.11865234375,Dell,14-inch,4GB,ASUS,16-inch,4GB
4,-2.25,-0.11865234375,Dell,14-inch,4GB,ASUS,16-inch,8GB
4,-1.9140625,-0.166015625,Dell,14-inch,4GB,ASUS,16-inch,16GB
4,-2.359375,-0.10595703125,Dell,14-inch,4GB,Lenovo,13-inch,4GB
4,-2.25,-0.11865234375,Dell,14-inch,4GB,Lenovo,13-inch,8GB
4,-1.8125,-0.1865234375,Dell,14-inch,4GB,Lenovo,13-inch,16GB
4,-2.25,-0.1181640625,Dell,14-inch,4GB,Lenovo,14-inch,4GB
4,-2.125,-0.1328125,Dell,14-inch,4GB,Lenovo,14-inch,8GB
4,-1.5078125,-0.2578125,Dell,14-inch,4GB,Lenovo,14-inch,16GB
4,-2.140625,-0.1328125,Dell,14-inch,4GB,Lenovo,16-inch,4GB
4,-2.03125,-0.1494140625,Dell,14-inch,4GB,Lenovo,16-inch,8GB
4,-1.8125,-0.1865234375,Dell,14-inch,4GB,Lenovo,16-inch,16GB
4,-2.25,-0.11865234375,Dell,14-inch,4GB,HP,13-inch,4GB
4,-2.25,-0.119140625,Dell,14-inch,4GB,HP,13-inch,8GB
4,-1.8125,-0.1884765625,Dell,14-inch,4GB,HP,13-inch,16GB
4,-2.125,-0.1328125,Dell,14-inch,4GB,HP,14-inch,4GB
4,-2.125,-0.1328125,Dell,14-inch,4GB,HP,14-inch,8GB
4,-1.5078125,-0.259765625,Dell,14-inch,4GB,HP,14-inch,16GB
4,-2.140625,-0.1337890625,Dell,14-inch,4GB,HP,16-inch,4GB
4,-2.140625,-0.1337890625,Dell,14-inch,4GB,HP,16-inch,8GB
4,-1.7109375,-0.208984375,Dell,14-inch,4GB,HP,16-inch,16GB
4,-2.578125,-0.083984375,Dell,14-inch,4GB,Dell,13-inch,4GB
4,-2.46875,-0.09423828125,Dell,14-inch,4GB,Dell,13-inch,8GB
4,-2.03125,-0.1513671875,Dell,14-inch,4GB,Dell,13-inch,16GB
4,-2.03125,-0.1484375,Dell,14-inch,4GB,Dell,14-inch,8GB
4,-1.8125,-0.1865234375,Dell,14-inch,4GB,Dell,14-inch,16GB
4,-2.359375,-0.10595703125,Dell,14-inch,4GB,Dell,16-inch,4GB
4,-2.140625,-0.1328125,Dell,14-inch,4GB,Dell,16-inch,8GB
4,-1.8125,-0.1875,Dell,14-inch,4GB,Dell,16-inch,16GB
4,-2.46875,-0.09423828125,Dell,14-inch,4GB,Apple,13-inch,4GB
4,-2.46875,-0.0947265625,Dell,14-inch,4GB,Apple,13-inch,8GB
4,-1.921875,-0.1689453125,Dell,14-inch,4GB,Apple,13-inch,16GB
4,-2.359375,-0.10546875,Dell,14-inch,4GB,Apple,14-inch,4GB
4,-2.359375,-0.10546875,Dell,14-inch,4GB,Apple,14-inch,8GB
4,-1.609375,-0.232421875,Dell,14-inch,4GB,Apple,14-inch,16GB
4,-2.359375,-0.10595703125,Dell,14-inch,4GB,Apple,16-inch,4GB
4,-2.359375,-0.10693359375,Dell,14-inch,4GB,Apple,16-inch,8GB
4,-1.921875,-0.16796875,Dell,14-inch,4GB,Apple,16-inch,16GB
4,-2.234375,-0.11669921875,Dell,14-inch,8GB,ASUS,13-inch,4GB
4,-2.125,-0.130859375,Dell,14-inch,8GB,ASUS,13-inch,8GB
4,-2.015625,-0.1484375,Dell,14-inch,8GB,ASUS,13-inch,16GB
4,-2.359375,-0.10400390625,Dell,14-inch,8GB,ASUS,14-inch,4GB
4,-2.125,-0.130859375,Dell,14-inch,8GB,ASUS,14-inch,8GB
4,-1.8125,-0.1845703125,Dell,14-inch,8GB,ASUS,14-inch,16GB
4,-2.234375,-0.1171875,Dell,14-inch,8GB,ASUS,16-inch,4GB
4,-2.125,-0.1318359375,Dell,14-inch,8GB,ASUS,16-inch,8GB
4,-1.9140625,-0.1650390625,Dell,14-inch,8GB,ASUS,16-inch,16GB
4,-2.234375,-0.1171875,Dell,14-inch,8GB,Lenovo,13-inch,4GB
4,-2.125,-0.130859375,Dell,14-inch,8GB,Lenovo,13-inch,8GB
4,-2.015625,-0.1474609375,Dell,14-inch,8GB,Lenovo,13-inch,16GB
4,-2.125,-0.130859375,Dell,14-inch,8GB,Lenovo,14-inch,4GB
4,-2.015625,-0.146484375,Dell,14-inch,8GB,Lenovo,14-inch,8GB
4,-2.25,-0.1171875,Dell,14-inch,8GB,Lenovo,14-inch,16GB
4,-2.125,-0.130859375,Dell,14-inch,8GB,Lenovo,16-inch,4GB
4,-2.015625,-0.1474609375,Dell,14-inch,8GB,Lenovo,16-inch,8GB
4,-1.9140625,-0.166015625,Dell,14-inch,8GB,Lenovo,16-inch,16GB
4,-2.015625,-0.1474609375,Dell,14-inch,8GB,HP,13-inch,4GB
4,-2.015625,-0.1484375,Dell,14-inch,8GB,HP,13-inch,8GB
4,-1.8125,-0.1865234375,Dell,14-inch,8GB,HP,13-inch,16GB
4,-2.015625,-0.146484375,Dell,14-inch,8GB,HP,14-inch,4GB
4,-2.234375,-0.1171875,Dell,14-inch,8GB,HP,14-inch,8GB
4,-1.9140625,-0.1650390625,Dell,14-inch,8GB,HP,14-inch,16GB
4,-2.015625,-0.1484375,Dell,14-inch,8GB,HP,16-inch,4GB
4,-2.015625,-0.1474609375,Dell,14-inch,8GB,HP,16-inch,8GB
4,-1.8125,-0.185546875,Dell,14-inch,8GB,HP,16-inch,16GB
4,-2.125,-0.1318359375,Dell,14-inch,8GB,Dell,13-inch,4GB
4,-2.25,-0.11767578125,Dell,14-inch,8GB,Dell,13-inch,8GB
4,-1.9140625,-0.166015625,Dell,14-inch,8GB,Dell,13-inch,16GB
4,-2.125,-0.1318359375,Dell,14-inch,8GB,Dell,14-inch,4GB
4,-2.359375,-0.10400390625,Dell,14-inch,8GB,Dell,14-inch,16GB
4,-2.125,-0.1318359375,Dell,14-inch,8GB,Dell,16-inch,4GB
4,-2.125,-0.130859375,Dell,14-inch,8GB,Dell,16-inch,8GB
4,-1.8125,-0.1845703125,Dell,14-inch,8GB,Dell,16-inch,16GB
4,-2.015625,-0.1484375,Dell,14-inch,8GB,Apple,13-inch,4GB
4,-2.125,-0.1318359375,Dell,14-inch,8GB,Apple,13-inch,8GB
4,-2.25,-0.11767578125,Dell,14-inch,8GB,Apple,13-inch,16GB
4,-1.9140625,-0.1650390625,Dell,14-inch,8GB,Apple,14-inch,4GB
4,-2.015625,-0.146484375,Dell,14-inch,8GB,Apple,14-inch,8GB
4,-2.234375,-0.11669921875,Dell,14-inch,8GB,Apple,14-inch,16GB
4,-2.125,-0.1328125,Dell,14-inch,8GB,Apple,16-inch,4GB
4,-1.9140625,-0.1650390625,Dell,14-inch,8GB,Apple,16-inch,8GB
4,-2.125,-0.1318359375,Dell,14-inch,8GB,Apple,16-inch,16GB
4,-1.6015625,-0.23046875,Dell,14-inch,16GB,ASUS,13-inch,4GB
4,-1.7109375,-0.2080078125,Dell,14-inch,16GB,ASUS,13-inch,8GB
4,-1.4140625,-0.287109375,Dell,14-inch,16GB,ASUS,13-inch,16GB
4,-1.703125,-0.2060546875,Dell,14-inch,16GB,ASUS,14-inch,4GB
4,-1.8125,-0.1845703125,Dell,14-inch,16GB,ASUS,14-inch,8GB
4,-1.4140625,-0.287109375,Dell,14-inch,16GB,ASUS,14-inch,16GB
4,-1.8125,-0.185546875,Dell,14-inch,16GB,ASUS,16-inch,4GB
4,-1.8125,-0.1845703125,Dell,14-inch,16GB,ASUS,16-inch,8GB
4,-1.5078125,-0.259765625,Dell,14-inch,16GB,ASUS,16-inch,16GB
4,-1.609375,-0.2314453125,Dell,14-inch,16GB,Lenovo,13-inch,4GB
4,-1.7109375,-0.20703125,Dell,14-inch,16GB,Lenovo,13-inch,8GB
4,-1.4140625,-0.287109375,Dell,14-inch,16GB,Lenovo,13-inch,16GB
4,-1.8125,-0.185546875,Dell,14-inch,16GB,Lenovo,14-inch,4GB
4,-1.8125,-0.1845703125,Dell,14-inch,16GB,Lenovo,14-inch,8GB
4,-1.4140625,-0.287109375,Dell,14-inch,16GB,Lenovo,14-inch,16GB
4,-2.015625,-0.1474609375,Dell,14-inch,16GB,Lenovo,16-inch,4GB
4,-2.015625,-0.1484375,Dell,14-inch,16GB,Lenovo,16-inch,8GB
4,-1.5078125,-0.259765625,Dell,14-inch,16GB,Lenovo,16-inch,16GB
4,-1.5078125,-0.2578125,Dell,14-inch,16GB,HP,13-inch,4GB
4,-1.609375,-0.232421875,Dell,14-inch,16GB,HP,13-inch,8GB
4,-1.3203125,-0.3203125,Dell,14-inch,16GB,HP,13-inch,16GB
4,-1.703125,-0.20703125,Dell,14-inch,16GB,HP,14-inch,4GB
4,-1.7109375,-0.20703125,Dell,14-inch,16GB,HP,14-inch,8GB
4,-1.4140625,-0.287109375,Dell,14-inch,16GB,HP,14-inch,16GB
4,-1.7109375,-0.20703125,Dell,14-inch,16GB,HP,16-inch,4GB
4,-1.9140625,-0.166015625,Dell,14-inch,16GB,HP,16-inch,8GB
4,-1.4140625,-0.2890625,Dell,14-inch,16GB,HP,16-inch,16GB
4,-1.5078125,-0.2578125,Dell,14-inch,16GB,Dell,13-inch,4GB
4,-1.7109375,-0.2080078125,Dell,14-inch,16GB,Dell,13-inch,8GB
4,-1.3203125,-0.3203125,Dell,14-inch,16GB,Dell,13-inch,16GB
4,-1.609375,-0.232421875,Dell,14-inch,16GB,Dell,14-inch,4GB
4,-1.609375,-0.2314453125,Dell,14-inch,16GB,Dell,14-inch,8GB
4,-1.8125,-0.1865234375,Dell,14-inch,16GB,Dell,16-inch,4GB
4,-1.9140625,-0.166015625,Dell,14-inch,16GB,Dell,16-inch,8GB
4,-1.5078125,-0.2578125,Dell,14-inch,16GB,Dell,16-inch,16GB
4,-1.609375,-0.2314453125,Dell,14-inch,16GB,Apple,13-inch,4GB
4,-1.7109375,-0.208984375,Dell,14-inch,16GB,Apple,13-inch,8GB
4,-1.3203125,-0.3203125,Dell,14-inch,16GB,Apple,13-inch,16GB
4,-1.609375,-0.2314453125,Dell,14-inch,16GB,Apple,14-inch,4GB
4,-1.7109375,-0.2080078125,Dell,14-inch,16GB,Apple,14-inch,8GB
4,-1.234375,-0.35546875,Dell,14-inch,16GB,Apple,14-inch,16GB
4,-1.8125,-0.185546875,Dell,14-inch,16GB,Apple,16-inch,4GB
4,-1.9140625,-0.166015625,Dell,14-inch,16GB,Apple,16-inch,8GB
4,-1.4140625,-0.2890625,Dell,14-inch,16GB,Apple,16-inch,16GB
4,-2.03125,-0.150390625,Dell,16-inch,4GB,ASUS,13-inch,4GB
4,-2.140625,-0.134765625,Dell,16-inch,4GB,ASUS,13-inch,8GB
4,-1.7109375,-0.2119140625,Dell,16-inch,4GB,ASUS,13-inch,16GB
4,-2.03125,-0.150390625,Dell,16-inch,4GB,ASUS,14-inch,4GB
4,-2.140625,-0.134765625,Dell,16-inch,4GB,ASUS,14-inch,8GB
4,-1.7109375,-0.2109375,Dell,16-inch,4GB,ASUS,14-inch,16GB
4,-1.921875,-0.1689453125,Dell,16-inch,4GB,ASUS,16-inch,4GB
4,-1.921875,-0.16796875,Dell,16-inch,4GB,ASUS,16-inch,8GB
4,-1.7109375,-0.208984375,Dell,16-inch,4GB,ASUS,16-inch,16GB
4,-1.8125,-0.1884765625,Dell,16-inch,4GB,Lenovo,13-inch,4GB
4,-1.921875,-0.16796875,Dell,16-inch,4GB,Lenovo,13-inch,8GB
4,-1.8125,-0.189453125,Dell,16-inch,4GB,Lenovo,13-inch,16GB
4,-1.8125,-0.1875,Dell,16-inch,4GB,Lenovo,14-inch,4GB
4,-1.921875,-0.16796875,Dell,16-inch,4GB,Lenovo,14-inch,8GB
4,-1.609375,-0.236328125,Dell,16-inch,4GB,Lenovo,14-inch,16GB
4,-1.8125,-0.1884765625,Dell,16-inch,4GB,Lenovo,16-inch,4GB
4,-1.921875,-0.16796875,Dell,16-inch,4GB,Lenovo,16-inch,8GB
4,-1.609375,-0.234375,Dell,16-inch,4GB,Lenovo,16-inch,16GB
4,-1.8125,-0.1884765625,Dell,16-inch,4GB,HP,13-inch,4GB
4,-2.03125,-0.1513671875,Dell,16-inch,4GB,HP,13-inch,8GB
4,-1.7109375,-0.2138671875,Dell,16-inch,4GB,HP,13-inch,16GB
4,-1.8125,-0.1884765625,Dell,16-inch,4GB,HP,14-inch,4GB
4,-2.03125,-0.15234375,Dell,16-inch,4GB,HP,14-inch,8GB
4,-1.7109375,-0.212890625,Dell,16-inch,4GB,HP,14-inch,16GB
4,-1.8125,-0.189453125,Dell,16-inch,4GB,HP,16-inch,4GB
4,-1.8125,-0.189453125,Dell,16-inch,4GB,HP,16-inch,8GB
4,-1.609375,-0.2353515625,Dell,16-inch,4GB,HP,16-inch,16GB
4,-2.03125,-0.1513671875,Dell,16-inch,4GB,Dell,13-inch,4GB
4,-2.03125,-0.1513671875,Dell,16-inch,4GB,Dell,13-inch,8GB
4,-1.8203125,-0.19140625,Dell,16-inch,4GB,Dell,13-inch,16GB
4,-1.921875,-0.1689453125,Dell,16-inch,4GB,Dell,14-inch,4GB
4,-2.03125,-0.1513671875,Dell,16-inch,4GB,Dell,14-inch,8GB
4,-1.8125,-0.1904296875,Dell,16-inch,4GB,Dell,14-inch,16GB
4,-1.921875,-0.169921875,Dell,16-inch,4GB,Dell,16-inch,8GB
4,-1.7109375,-0.2119140625,Dell,16-inch,4GB,Dell,16-inch,16GB
4,-1.8125,-0.1884765625,Dell,16-inch,4GB,Apple,13-inch,4GB
4,-2.03125,-0.1513671875,Dell,16-inch,4GB,Apple,13-inch,8GB
4,-1.7109375,-0.212890625,Dell,16-inch,4GB,Apple,13-inch,16GB
4,-1.8125,-0.1875,Dell,16-inch,4GB,Apple,14-inch,4GB
4,-2.03125,-0.1513671875,Dell,16-inch,4GB,Apple,14-inch,8GB
4,-1.609375,-0.236328125,Dell,16-inch,4GB,Apple,14-inch,16GB
4,-1.7109375,-0.2099609375,Dell,16-inch,4GB,Apple,16-inch,4GB
4,-1.8125,-0.1884765625,Dell,16-inch,4GB,Apple,16-inch,8GB
4,-1.609375,-0.2353515625,Dell,16-inch,4GB,Apple,16-inch,16GB
4,-2.578125,-0.08203125,Dell,16-inch,8GB,ASUS,13-inch,4GB
4,-2.25,-0.1171875,Dell,16-inch,8GB,ASUS,13-inch,8GB
4,-2.25,-0.1171875,Dell,16-inch,8GB,ASUS,13-inch,16GB
4,-2.703125,-0.07275390625,Dell,16-inch,8GB,ASUS,14-inch,4GB
4,-2.25,-0.11767578125,Dell,16-inch,8GB,ASUS,14-inch,8GB
4,-2.46875,-0.09326171875,Dell,16-inch,8GB,ASUS,14-inch,16GB
4,-2.8125,-0.06494140625,Dell,16-inch,8GB,ASUS,16-inch,4GB
4,-2.359375,-0.10595703125,Dell,16-inch,8GB,ASUS,16-inch,8GB
4,-2.46875,-0.09228515625,Dell,16-inch,8GB,ASUS,16-inch,16GB
4,-2.46875,-0.09228515625,Dell,16-inch,8GB,Lenovo,13-inch,4GB
4,-2.125,-0.1318359375,Dell,16-inch,8GB,Lenovo,13-inch,8GB
4,-2.578125,-0.0830078125,Dell,16-inch,8GB,Lenovo,13-inch,16GB
4,-2.46875,-0.09228515625,Dell,16-inch,8GB,Lenovo,14-inch,4GB
4,-2.234375,-0.11669921875,Dell,16-inch,8GB,Lenovo,14-inch,8GB
4,-2.578125,-0.08251953125,Dell,16-inch,8GB,Lenovo,14-inch,16GB
4,-2.359375,-0.10400390625,Dell,16-inch,8GB,Lenovo,16-inch,4GB
4,-2.25,-0.1181640625,Dell,16-inch,8GB,Lenovo,16-inch,8GB
4,-2.8125,-0.06396484375,Dell,16-inch,8GB,Lenovo,16-inch,16GB
4,-2.359375,-0.10400390625,Dell,16-inch,8GB,HP,13-inch,4GB
4,-2.125,-0.1318359375,Dell,16-inch,8GB,HP,13-inch,8GB
4,-2.015625,-0.1484375,Dell,16-inch,8GB,HP,13-inch,16GB
4,-2.703125,-0.07275390625,Dell,16-inch,8GB,HP,14-inch,4GB
4,-2.125,-0.1318359375,Dell,16-inch,8GB,HP,14-inch,8GB
4,-2.578125,-0.0830078125,Dell,16-inch,8GB,HP,14-inch,16GB
4,-2.578125,-0.0830078125,Dell,16-inch,8GB,HP,16-inch,4GB
4,-2.46875,-0.09423828125,Dell,16-inch,8GB,HP,16-inch,8GB
4,-2.578125,-0.08154296875,Dell,16-inch,8GB,HP,16-inch,16GB
4,-2.359375,-0.1044921875,Dell,16-inch,8GB,Dell,13-inch,4GB
4,-2.25,-0.11767578125,Dell,16-inch,8GB,Dell,13-inch,8GB
4,-2.25,-0.11767578125,Dell,16-inch,8GB,Dell,13-inch,16GB
4,-2.25,-0.11767578125,Dell,16-inch,8GB,Dell,14-inch,4GB
4,-2.25,-0.11767578125,Dell,16-inch,8GB,Dell,14-inch,8GB
4,-2.46875,-0.09375,Dell,16-inch,8GB,Dell,14-inch,16GB
4,-2.359375,-0.10595703125,Dell,16-inch,8GB,Dell,16-inch,4GB
4,-2.8125,-0.064453125,Dell,16-inch,8GB,Dell,16-inch,16GB
4,-2.703125,-0.07373046875,Dell,16-inch,8GB,Apple,13-inch,4GB
4,-2.125,-0.1318359375,Dell,16-inch,8GB,Apple,13-inch,8GB
4,-2.703125,-0.07421875,Dell,16-inch,8GB,Apple,13-inch,16GB
4,-2.8125,-0.0654296875,Dell,16-inch,8GB,Apple,14-inch,4GB
4,-2.25,-0.11767578125,Dell,16-inch,8GB,Apple,14-inch,8GB
4,-2.703125,-0.07373046875,Dell,16-inch,8GB,Apple,14-inch,16GB
4,-2.703125,-0.07421875,Dell,16-inch,8GB,Apple,16-inch,4GB
4,-2.578125,-0.083984375,Dell,16-inch,8GB,Apple,16-inch,8GB
4,-2.703125,-0.07177734375,Dell,16-inch,8GB,Apple,16-inch,16GB
4,-2.25,-0.11767578125,Dell,16-inch,16GB,ASUS,13-inch,4GB
4,-2.140625,-0.1328125,Dell,16-inch,16GB,ASUS,13-inch,8GB
4,-1.9140625,-0.16796875,Dell,16-inch,16GB,ASUS,13-inch,16GB
4,-2.46875,-0.0927734375,Dell,16-inch,16GB,ASUS,14-inch,4GB
4,-2.359375,-0.10498046875,Dell,16-inch,16GB,ASUS,14-inch,8GB
4,-1.9140625,-0.166015625,Dell,16-inch,16GB,ASUS,14-inch,16GB
4,-2.578125,-0.0830078125,Dell,16-inch,16GB,ASUS,16-inch,4GB
4,-2.703125,-0.07373046875,Dell,16-inch,16GB,ASUS,16-inch,8GB
4,-2.25,-0.11865234375,Dell,16-inch,16GB,ASUS,16-inch,16GB
4,-2.359375,-0.10546875,Dell,16-inch,16GB,Lenovo,13-inch,4GB
4,-2.25,-0.11962890625,Dell,16-inch,16GB,Lenovo,13-inch,8GB
4,-2.03125,-0.150390625,Dell,16-inch,16GB,Lenovo,13-inch,16GB
4,-2.703125,-0.07373046875,Dell,16-inch,16GB,Lenovo,14-inch,4GB
4,-2.46875,-0.09423828125,Dell,16-inch,16GB,Lenovo,14-inch,8GB
4,-2.125,-0.1328125,Dell,16-inch,16GB,Lenovo,14-inch,16GB
4,-2.8125,-0.06640625,Dell,16-inch,16GB,Lenovo,16-inch,4GB
4,-2.8125,-0.06640625,Dell,16-inch,16GB,Lenovo,16-inch,8GB
4,-2.25,-0.1181640625,Dell,16-inch,16GB,Lenovo,16-inch,16GB
4,-2.359375,-0.1044921875,Dell,16-inch,16GB,HP,13-inch,4GB
4,-2.25,-0.11865234375,Dell,16-inch,16GB,HP,13-inch,8GB
4,-1.9140625,-0.1669921875,Dell,16-inch,16GB,HP,13-inch,16GB
4,-2.46875,-0.0927734375,Dell,16-inch,16GB,HP,14-inch,4GB
4,-2.359375,-0.10546875,Dell,16-inch,16GB,HP,14-inch,8GB
4,-2.03125,-0.1494140625,Dell,16-inch,16GB,HP,14-inch,16GB
4,-2.578125,-0.08349609375,Dell,16-inch,16GB,HP,16-inch,4GB
4,-2.578125,-0.083984375,Dell,16-inch,16GB,HP,16-inch,8GB
4,-2.25,-0.1181640625,Dell,16-inch,16GB,HP,16-inch,16GB
4,-2.25,-0.11865234375,Dell,16-inch,16GB,Dell,13-inch,4GB
4,-2.25,-0.1201171875,Dell,16-inch,16GB,Dell,13-inch,8GB
4,-2.03125,-0.150390625,Dell,16-inch,16GB,Dell,13-inch,16GB
4,-2.46875,-0.09375,Dell,16-inch,16GB,Dell,14-inch,4GB
4,-2.578125,-0.0849609375,Dell,16-inch,16GB,Dell,14-inch,8GB
4,-2.25,-0.1201171875,Dell,16-inch,16GB,Dell,14-inch,16GB
4,-2.578125,-0.08349609375,Dell,16-inch,16GB,Dell,16-inch,4GB
4,-2.9375,-0.05859375,Dell,16-inch,16GB,Dell,16-inch,8GB
4,-2.46875,-0.09326171875,Dell,16-inch,16GB,Apple,13-inch,4GB
4,-2.359375,-0.10693359375,Dell,16-inch,16GB,Apple,13-inch,8GB
4,-1.9140625,-0.1669921875,Dell,16-inch,16GB,Apple,13-inch,16GB
4,-2.703125,-0.0732421875,Dell,16-inch,16GB,Apple,14-inch,4GB
4,-2.578125,-0.083984375,Dell,16-inch,16GB,Apple,14-inch,8GB
4,-2.125,-0.1328125,Dell,16-inch,16GB,Apple,14-inch,16GB
4,-2.703125,-0.07421875,Dell,16-inch,16GB,Apple,16-inch,4GB
4,-2.8125,-0.06640625,Dell,16-inch,16GB,Apple,16-inch,8GB
4,-2.25,-0.1181640625,Dell,16-inch,16GB,Apple,16-inch,16GB
4,-2.46875,-0.09423828125,Apple,13-inch,4GB,ASUS,13-inch,4GB
4,-2.015625,-0.1474609375,Apple,13-inch,4GB,ASUS,13-inch,8GB
4,-1.4140625,-0.2890625,Apple,13-inch,4GB,ASUS,13-inch,16GB
4,-2.703125,-0.07568359375,Apple,13-inch,4GB,ASUS,14-inch,4GB
4,-2.46875,-0.0947265625,Apple,13-inch,4GB,ASUS,14-inch,8GB
4,-1.8125,-0.1884765625,Apple,13-inch,4GB,ASUS,14-inch,16GB
4,-2.46875,-0.09521484375,Apple,13-inch,4GB,ASUS,16-inch,4GB
4,-2.25,-0.119140625,Apple,13-inch,4GB,ASUS,16-inch,8GB
4,-1.7109375,-0.2099609375,Apple,13-inch,4GB,ASUS,16-inch,16GB
4,-2.46875,-0.09375,Apple,13-inch,4GB,Lenovo,13-inch,4GB
4,-2.015625,-0.1484375,Apple,13-inch,4GB,Lenovo,13-inch,8GB
4,-1.4140625,-0.2890625,Apple,13-inch,4GB,Lenovo,13-inch,16GB
4,-2.9375,-0.05908203125,Apple,13-inch,4GB,Lenovo,14-inch,4GB
4,-2.359375,-0.10546875,Apple,13-inch,4GB,Lenovo,14-inch,8GB
4,-1.8125,-0.1884765625,Apple,13-inch,4GB,Lenovo,14-inch,16GB
4,-2.46875,-0.09423828125,Apple,13-inch,4GB,Lenovo,16-inch,4GB
4,-2.03125,-0.150390625,Apple,13-inch,4GB,Lenovo,16-inch,8GB
4,-1.7109375,-0.2109375,Apple,13-inch,4GB,Lenovo,16-inch,16GB
4,-2.359375,-0.10546875,Apple,13-inch,4GB,HP,13-inch,4GB
4,-1.9140625,-0.166015625,Apple,13-inch,4GB,HP,13-inch,8GB
4,-1.4140625,-0.2890625,Apple,13-inch,4GB,HP,13-inch,16GB
4,-2.578125,-0.08447265625,Apple,13-inch,4GB,HP,14-inch,4GB
4,-2.140625,-0.1337890625,Apple,13-inch,4GB,HP,14-inch,8GB
4,-1.609375,-0.234375,Apple,13-inch,4GB,HP,14-inch,16GB
4,-2.46875,-0.0947265625,Apple,13-inch,4GB,HP,16-inch,4GB
4,-1.921875,-0.1689453125,Apple,13-inch,4GB,HP,16-inch,8GB
4,-1.515625,-0.26171875,Apple,13-inch,4GB,HP,16-inch,16GB
4,-2.25,-0.11865234375,Apple,13-inch,4GB,Dell,13-inch,4GB
4,-1.9140625,-0.166015625,Apple,13-inch,4GB,Dell,13-inch,8GB
4,-1.4140625,-0.2890625,Apple,13-inch,4GB,Dell,13-inch,16GB
4,-2.703125,-0.07470703125,Apple,13-inch,4GB,Dell,14-inch,4GB
4,-2.25,-0.11865234375,Apple,13-inch,4GB,Dell,14-inch,8GB
4,-1.7109375,-0.2099609375,Apple,13-inch,4GB,Dell,14-inch,16GB
4,-2.359375,-0.1064453125,Apple,13-inch,4GB,Dell,16-inch,4GB
4,-2.140625,-0.1337890625,Apple,13-inch,4GB,Dell,16-inch,8GB
4,-1.609375,-0.2353515625,Apple,13-inch,4GB,Dell,16-inch,16GB
4,-2.03125,-0.1494140625,Apple,13-inch,4GB,Apple,13-inch,8GB
4,-1.8125,-0.1884765625,Apple,13-inch,4GB,Apple,13-inch,16GB
4,-2.703125,-0.07568359375,Apple,13-inch,4GB,Apple,14-inch,4GB
4,-2.359375,-0.1064453125,Apple,13-inch,4GB,Apple,14-inch,8GB
4,-1.609375,-0.236328125,Apple,13-inch,4GB,Apple,14-inch,16GB
4,-2.25,-0.1201171875,Apple,13-inch,4GB,Apple,16-inch,4GB
4,-1.921875,-0.16796875,Apple,13-inch,4GB,Apple,16-inch,8GB
4,-1.609375,-0.2353515625,Apple,13-inch,4GB,Apple,16-inch,16GB
4,-1.703125,-0.20703125,Apple,13-inch,8GB,ASUS,13-inch,4GB
4,-1.8125,-0.185546875,Apple,13-inch,8GB,ASUS,13-inch,8GB
4,-1.5078125,-0.2578125,Apple,13-inch,8GB,ASUS,13-inch,16GB
4,-1.9140625,-0.1650390625,Apple,13-inch,8GB,ASUS,14-inch,4GB
4,-1.9140625,-0.1650390625,Apple,13-inch,8GB,ASUS,14-inch,8GB
4,-1.5078125,-0.2578125,Apple,13-inch,8GB,ASUS,14-inch,16GB
4,-2.578125,-0.0830078125,Apple,13-inch,8GB,ASUS,16-inch,4GB
4,-1.8125,-0.1845703125,Apple,13-inch,8GB,ASUS,16-inch,8GB
4,-1.7109375,-0.20703125,Apple,13-inch,8GB,ASUS,16-inch,16GB
4,-1.8125,-0.1845703125,Apple,13-inch,8GB,Lenovo,13-inch,4GB
4,-1.9140625,-0.1650390625,Apple,13-inch,8GB,Lenovo,13-inch,8GB
4,-1.5078125,-0.2578125,Apple,13-inch,8GB,Lenovo,13-inch,16GB
4,-1.9140625,-0.1640625,Apple,13-inch,8GB,Lenovo,14-inch,4GB
4,-1.9140625,-0.1640625,Apple,13-inch,8GB,Lenovo,14-inch,8GB
4,-1.7109375,-0.2080078125,Apple,13-inch,8GB,Lenovo,14-inch,16GB
4,-2.359375,-0.10546875,Apple,13-inch,8GB,Lenovo,16-inch,4GB
4,-1.9140625,-0.1650390625,Apple,13-inch,8GB,Lenovo,16-inch,8GB
4,-1.609375,-0.232421875,Apple,13-inch,8GB,Lenovo,16-inch,16GB
4,-1.703125,-0.20703125,Apple,13-inch,8GB,HP,13-inch,4GB
4,-1.9140625,-0.1650390625,Apple,13-inch,8GB,HP,13-inch,8GB
4,-1.4140625,-0.287109375,Apple,13-inch,8GB,HP,13-inch,16GB
4,-1.8125,-0.18359375,Apple,13-inch,8GB,HP,14-inch,4GB
4,-1.8125,-0.1845703125,Apple,13-inch,8GB,HP,14-inch,8GB
4,-1.5078125,-0.259765625,Apple,13-inch,8GB,HP,14-inch,16GB
4,-1.9140625,-0.1650390625,Apple,13-inch,8GB,HP,16-inch,4GB
4,-1.8125,-0.1845703125,Apple,13-inch,8GB,HP,16-inch,8GB
4,-1.609375,-0.2314453125,Apple,13-inch,8GB,HP,16-inch,16GB
4,-1.703125,-0.2060546875,Apple,13-inch,8GB,Dell,13-inch,4GB
4,-1.8125,-0.1845703125,Apple,13-inch,8GB,Dell,13-inch,8GB
4,-1.3203125,-0.318359375,Apple,13-inch,8GB,Dell,13-inch,16GB
4,-1.703125,-0.2060546875,Apple,13-inch,8GB,Dell,14-inch,4GB
4,-1.8125,-0.1845703125,Apple,13-inch,8GB,Dell,14-inch,8GB
4,-1.8125,-0.185546875,Apple,13-inch,8GB,Dell,14-inch,16GB
4,-2.359375,-0.10498046875,Apple,13-inch,8GB,Dell,16-inch,4GB
4,-1.7109375,-0.20703125,Apple,13-inch,8GB,Dell,16-inch,8GB
4,-1.7109375,-0.2080078125,Apple,13-inch,8GB,Dell,16-inch,16GB
4,-1.8125,-0.185546875,Apple,13-inch,8GB,Apple,13-inch,4GB
4,-1.703125,-0.2060546875,Apple,13-inch,8GB,Apple,13-inch,16GB
4,-1.8125,-0.1845703125,Apple,13-inch,8GB,Apple,14-inch,4GB
4,-1.703125,-0.20703125,Apple,13-inch,8GB,Apple,14-inch,8GB
4,-1.4140625,-0.287109375,Apple,13-inch,8GB,Apple,14-inch,16GB
4,-1.8125,-0.185546875,Apple,13-inch,8GB,Apple,16-inch,4GB
4,-1.703125,-0.20703125,Apple,13-inch,8GB,Apple,16-inch,8GB
4,-1.609375,-0.2314453125,Apple,13-inch,8GB,Apple,16-inch,16GB
4,-2.25,-0.1181640625,Apple,13-inch,16GB,ASUS,13-inch,4GB
4,-2.015625,-0.1484375,Apple,13-inch,16GB,ASUS,13-inch,8GB
4,-1.8125,-0.1845703125,Apple,13-inch,16GB,ASUS,13-inch,16GB
4,-2.359375,-0.10595703125,Apple,13-inch,16GB,ASUS,14-inch,4GB
4,-2.25,-0.11962890625,Apple,13-inch,16GB,ASUS,14-inch,8GB
4,-1.9140625,-0.166015625,Apple,13-inch,16GB,ASUS,14-inch,16GB
4,-2.46875,-0.09521484375,Apple,13-inch,16GB,ASUS,16-inch,4GB
4,-2.359375,-0.107421875,Apple,13-inch,16GB,ASUS,16-inch,8GB
4,-2.015625,-0.1484375,Apple,13-inch,16GB,ASUS,16-inch,16GB
4,-2.140625,-0.1337890625,Apple,13-inch,16GB,Lenovo,13-inch,4GB
4,-1.9140625,-0.166015625,Apple,13-inch,16GB,Lenovo,13-inch,8GB
4,-1.7109375,-0.20703125,Apple,13-inch,16GB,Lenovo,13-inch,16GB
4,-2.359375,-0.10595703125,Apple,13-inch,16GB,Lenovo,14-inch,4GB
4,-1.9140625,-0.16796875,Apple,13-inch,16GB,Lenovo,14-inch,8GB
4,-1.8125,-0.1865234375,Apple,13-inch,16GB,Lenovo,14-inch,16GB
4,-2.359375,-0.107421875,Apple,13-inch,16GB,Lenovo,16-inch,4GB
4,-2.140625,-0.134765625,Apple,13-inch,16GB,Lenovo,16-inch,8GB
4,-2.03125,-0.1484375,Apple,13-inch,16GB,Lenovo,16-inch,16GB
4,-1.9140625,-0.166015625,Apple,13-inch,16GB,HP,13-inch,4GB
4,-1.9140625,-0.1669921875,Apple,13-inch,16GB,HP,13-inch,8GB
4,-1.6015625,-0.23046875,Apple,13-inch,16GB,HP,13-inch,16GB
4,-2.25,-0.11865234375,Apple,13-inch,16GB,HP,14-inch,4GB
4,-1.921875,-0.1689453125,Apple,13-inch,16GB,HP,14-inch,8GB
4,-1.8125,-0.1865234375,Apple,13-inch,16GB,HP,14-inch,16GB
4,-2.359375,-0.107421875,Apple,13-inch,16GB,HP,16-inch,4GB
4,-2.140625,-0.134765625,Apple,13-inch,16GB,HP,16-inch,8GB
4,-1.8125,-0.1865234375,Apple,13-inch,16GB,HP,16-inch,16GB
4,-2.25,-0.11865234375,Apple,13-inch,16GB,Dell,13-inch,4GB
4,-2.03125,-0.150390625,Apple,13-inch,16GB,Dell,13-inch,8GB
4,-1.7109375,-0.20703125,Apple,13-inch,16GB,Dell,13-inch,16GB
4,-2.359375,-0.107421875,Apple,13-inch,16GB,Dell,14-inch,4GB
4,-2.03125,-0.1513671875,Apple,13-inch,16GB,Dell,14-inch,8GB
4,-1.9140625,-0.1669921875,Apple,13-inch,16GB,Dell,14-inch,16GB
4,-2.46875,-0.09619140625,Apple,13-inch,16GB,Dell,16-inch,4GB
4,-2.359375,-0.10888671875,Apple,13-inch,16GB,Dell,16-inch,8GB
4,-2.03125,-0.1484375,Apple,13-inch,16GB,Dell,16-inch,16GB
4,-1.9140625,-0.166015625,Apple,13-inch,16GB,Apple,13-inch,4GB
4,-1.9140625,-0.166015625,Apple,13-inch,16GB,Apple,13-inch,8GB
4,-1.9140625,-0.166015625,Apple,13-inch,16GB,Apple,14-inch,4GB
4,-1.8046875,-0.1826171875,Apple,13-inch,16GB,Apple,14-inch,8GB
4,-1.7109375,-0.2080078125,Apple,13-inch,16GB,Apple,14-inch,16GB
4,-2.125,-0.1318359375,Apple,13-inch,16GB,Apple,16-inch,4GB
4,-2.125,-0.130859375,Apple,13-inch,16GB,Apple,16-inch,8GB
4,-2.125,-0.1318359375,Apple,13-inch,16GB,Apple,16-inch,16GB
4,-2.578125,-0.08349609375,Apple,14-inch,4GB,ASUS,13-inch,4GB
4,-2.359375,-0.10400390625,Apple,14-inch,4GB,ASUS,13-inch,8GB
4,-1.8125,-0.1865234375,Apple,14-inch,4GB,ASUS,13-inch,16GB
4,-2.359375,-0.1044921875,Apple,14-inch,4GB,ASUS,14-inch,4GB
4,-2.015625,-0.1474609375,Apple,14-inch,4GB,ASUS,14-inch,8GB
4,-1.4140625,-0.287109375,Apple,14-inch,4GB,ASUS,14-inch,16GB
4,-2.359375,-0.10546875,Apple,14-inch,4GB,ASUS,16-inch,4GB
4,-2.015625,-0.1474609375,Apple,14-inch,4GB,ASUS,16-inch,8GB
4,-1.609375,-0.2314453125,Apple,14-inch,4GB,ASUS,16-inch,16GB
4,-2.703125,-0.07373046875,Apple,14-inch,4GB,Lenovo,13-inch,4GB
4,-2.359375,-0.1044921875,Apple,14-inch,4GB,Lenovo,13-inch,8GB
4,-1.8125,-0.1865234375,Apple,14-inch,4GB,Lenovo,13-inch,16GB
4,-2.359375,-0.10400390625,Apple,14-inch,4GB,Lenovo,14-inch,4GB
4,-1.9140625,-0.1650390625,Apple,14-inch,4GB,Lenovo,14-inch,8GB
4,-1.609375,-0.23046875,Apple,14-inch,4GB,Lenovo,14-inch,16GB
4,-2.46875,-0.09326171875,Apple,14-inch,4GB,Lenovo,16-inch,4GB
4,-2.015625,-0.1474609375,Apple,14-inch,4GB,Lenovo,16-inch,8GB
4,-1.609375,-0.2314453125,Apple,14-inch,4GB,Lenovo,16-inch,16GB
4,-2.578125,-0.0830078125,Apple,14-inch,4GB,HP,13-inch,4GB
4,-2.125,-0.1318359375,Apple,14-inch,4GB,HP,13-inch,8GB
4,-1.7109375,-0.208984375,Apple,14-inch,4GB,HP,13-inch,16GB
4,-2.25,-0.1171875,Apple,14-inch,4GB,HP,14-inch,4GB
4,-1.9140625,-0.1650390625,Apple,14-inch,4GB,HP,14-inch,8GB
4,-1.5078125,-0.2578125,Apple,14-inch,4GB,HP,14-inch,16GB
4,-2.25,-0.11767578125,Apple,14-inch,4GB,HP,16-inch,4GB
4,-1.9140625,-0.166015625,Apple,14-inch,4GB,HP,16-inch,8GB
4,-1.5078125,-0.259765625,Apple,14-inch,4GB,HP,16-inch,16GB
4,-2.46875,-0.09326171875,Apple,14-inch,4GB,Dell,13-inch,4GB
4,-2.125,-0.1318359375,Apple,14-inch,4GB,Dell,13-inch,8GB
4,-1.7109375,-0.208984375,Apple,14-inch,4GB,Dell,13-inch,16GB
4,-2.359375,-0.1044921875,Apple,14-inch,4GB,Dell,14-inch,4GB
4,-1.9140625,-0.1640625,Apple,14-inch,4GB,Dell,14-inch,8GB
4,-1.4140625,-0.287109375,Apple,14-inch,4GB,Dell,14-inch,16GB
4,-2.25,-0.11767578125,Apple,14-inch,4GB,Dell,16-inch,4GB
4,-1.9140625,-0.166015625,Apple,14-inch,4GB,Dell,16-inch,8GB
4,-1.5078125,-0.259765625,Apple,14-inch,4GB,Dell,16-inch,16GB
4,-2.578125,-0.08349609375,Apple,14-inch,4GB,Apple,13-inch,4GB
4,-2.015625,-0.1474609375,Apple,14-inch,4GB,Apple,13-inch,8GB
4,-1.7109375,-0.2099609375,Apple,14-inch,4GB,Apple,13-inch,16GB
4,-1.8125,-0.185546875,Apple,14-inch,4GB,Apple,14-inch,8GB
4,-1.7109375,-0.2080078125,Apple,14-inch,4GB,Apple,14-inch,16GB
4,-2.015625,-0.1484375,Apple,14-inch,4GB,Apple,16-inch,4GB
4,-1.7109375,-0.20703125,Apple,14-inch,4GB,Apple,16-inch,8GB
4,-1.5078125,-0.259765625,Apple,14-inch,4GB,Apple,16-inch,16GB
4,-2.015625,-0.146484375,Apple,14-inch,8GB,ASUS,13-inch,4GB
4,-1.9140625,-0.1650390625,Apple,14-inch,8GB,ASUS,13-inch,8GB
4,-1.703125,-0.20703125,Apple,14-inch,8GB,ASUS,13-inch,16GB
4,-1.8125,-0.18359375,Apple,14-inch,8GB,ASUS,14-inch,4GB
4,-1.8125,-0.1845703125,Apple,14-inch,8GB,ASUS,14-inch,8GB
4,-1.5078125,-0.2578125,Apple,14-inch,8GB,ASUS,14-inch,16GB
4,-2.015625,-0.1474609375,Apple,14-inch,8GB,ASUS,16-inch,4GB
4,-1.703125,-0.2060546875,Apple,14-inch,8GB,ASUS,16-inch,8GB
4,-1.609375,-0.23046875,Apple,14-inch,8GB,ASUS,16-inch,16GB
4,-1.9140625,-0.1640625,Apple,14-inch,8GB,Lenovo,13-inch,4GB
4,-1.9140625,-0.1650390625,Apple,14-inch,8GB,Lenovo,13-inch,8GB
4,-1.7109375,-0.2080078125,Apple,14-inch,8GB,Lenovo,13-inch,16GB
4,-1.8125,-0.18359375,Apple,14-inch,8GB,Lenovo,14-inch,4GB
4,-1.8125,-0.18359375,Apple,14-inch,8GB,Lenovo,14-inch,8GB
4,-1.609375,-0.2314453125,Apple,14-inch,8GB,Lenovo,14-inch,16GB
4,-1.9140625,-0.1640625,Apple,14-inch,8GB,Lenovo,16-inch,4GB
4,-1.9140625,-0.1640625,Apple,14-inch,8GB,Lenovo,16-inch,8GB
4,-1.703125,-0.2060546875,Apple,14-inch,8GB,Lenovo,16-inch,16GB
4,-1.8125,-0.1845703125,Apple,14-inch,8GB,HP,13-inch,4GB
4,-1.8125,-0.1845703125,Apple,14-inch,8GB,HP,13-inch,8GB
4,-1.609375,-0.232421875,Apple,14-inch,8GB,HP,13-inch,16GB
4,-1.8125,-0.1845703125,Apple,14-inch,8GB,HP,14-inch,4GB
4,-1.703125,-0.2060546875,Apple,14-inch,8GB,HP,14-inch,8GB
4,-1.4140625,-0.287109375,Apple,14-inch,8GB,HP,14-inch,16GB
4,-1.8125,-0.1845703125,Apple,14-inch,8GB,HP,16-inch,4GB
4,-1.703125,-0.2060546875,Apple,14-inch,8GB,HP,16-inch,8GB
4,-1.5078125,-0.2578125,Apple,14-inch,8GB,HP,16-inch,16GB
4,-1.8125,-0.18359375,Apple,14-inch,8GB,Dell,13-inch,4GB
4,-1.703125,-0.2060546875,Apple,14-inch,8GB,Dell,13-inch,8GB
4,-2.25,-0.11767578125,Apple,14-inch,8GB,Dell,13-inch,16GB
4,-1.6015625,-0.23046875,Apple,14-inch,8GB,Dell,14-inch,4GB
4,-1.703125,-0.2060546875,Apple,14-inch,8GB,Dell,14-inch,8GB
4,-1.9140625,-0.166015625,Apple,14-inch,8GB,Dell,14-inch,16GB
4,-1.9140625,-0.1650390625,Apple,14-inch,8GB,Dell,16-inch,4GB
4,-1.609375,-0.23046875,Apple,14-inch,8GB,Dell,16-inch,8GB
4,-1.8125,-0.1845703125,Apple,14-inch,8GB,Dell,16-inch,16GB
4,-1.9140625,-0.1650390625,Apple,14-inch,8GB,Apple,13-inch,4GB
4,-1.8125,-0.1845703125,Apple,14-inch,8GB,Apple,13-inch,8GB
4,-1.5078125,-0.2578125,Apple,14-inch,8GB,Apple,13-inch,16GB
4,-2.46875,-0.0947265625,Apple,14-inch,8GB,Apple,14-inch,4GB
4,-1.9140625,-0.1640625,Apple,14-inch,8GB,Apple,14-inch,16GB
4,-1.9140625,-0.1650390625,Apple,14-inch,8GB,Apple,16-inch,4GB
4,-1.703125,-0.2060546875,Apple,14-inch,8GB,Apple,16-inch,8GB
4,-1.5078125,-0.255859375,Apple,14-inch,8GB,Apple,16-inch,16GB
4,-2.234375,-0.11669921875,Apple,14-inch,16GB,ASUS,13-inch,4GB
4,-2.015625,-0.146484375,Apple,14-inch,16GB,ASUS,13-inch,8GB
4,-1.9140625,-0.1650390625,Apple,14-inch,16GB,ASUS,13-inch,16GB
4,-1.8125,-0.1845703125,Apple,14-inch,16GB,ASUS,14-inch,4GB
4,-1.703125,-0.205078125,Apple,14-inch,16GB,ASUS,14-inch,8GB
4,-1.5078125,-0.2578125,Apple,14-inch,16GB,ASUS,14-inch,16GB
4,-2.234375,-0.11669921875,Apple,14-inch,16GB,ASUS,16-inch,4GB
4,-2.125,-0.130859375,Apple,14-inch,16GB,ASUS,16-inch,8GB
4,-1.6015625,-0.2294921875,Apple,14-inch,16GB,ASUS,16-inch,16GB
4,-2.234375,-0.1162109375,Apple,14-inch,16GB,Lenovo,13-inch,4GB
4,-1.9140625,-0.1640625,Apple,14-inch,16GB,Lenovo,13-inch,8GB
4,-1.8125,-0.1845703125,Apple,14-inch,16GB,Lenovo,13-inch,16GB
4,-2.125,-0.1318359375,Apple,14-inch,16GB,Lenovo,14-inch,4GB
4,-2.015625,-0.1474609375,Apple,14-inch,16GB,Lenovo,14-inch,8GB
4,-1.609375,-0.23046875,Apple,14-inch,16GB,Lenovo,14-inch,16GB
4,-2.578125,-0.08251953125,Apple,14-inch,16GB,Lenovo,16-inch,4GB
4,-2.234375,-0.1162109375,Apple,14-inch,16GB,Lenovo,16-inch,8GB
4,-2.015625,-0.1474609375,Apple,14-inch,16GB,Lenovo,16-inch,16GB
4,-2.015625,-0.146484375,Apple,14-inch,16GB,HP,13-inch,4GB
4,-1.703125,-0.2060546875,Apple,14-inch,16GB,HP,13-inch,8GB
4,-1.609375,-0.23046875,Apple,14-inch,16GB,HP,13-inch,16GB
4,-1.7109375,-0.2080078125,Apple,14-inch,16GB,HP,14-inch,4GB
4,-1.9140625,-0.1650390625,Apple,14-inch,16GB,HP,14-inch,8GB
4,-1.609375,-0.23046875,Apple,14-inch,16GB,HP,14-inch,16GB
4,-2.359375,-0.1044921875,Apple,14-inch,16GB,HP,16-inch,4GB
4,-2.125,-0.1298828125,Apple,14-inch,16GB,HP,16-inch,8GB
4,-1.8125,-0.1845703125,Apple,14-inch,16GB,HP,16-inch,16GB
4,-1.9140625,-0.1640625,Apple,14-inch,16GB,Dell,13-inch,4GB
4,-1.703125,-0.2060546875,Apple,14-inch,16GB,Dell,13-inch,8GB
4,-1.609375,-0.23046875,Apple,14-inch,16GB,Dell,13-inch,16GB
4,-1.2265625,-0.35546875,Apple,14-inch,16GB,Dell,14-inch,4GB
4,-2.015625,-0.1484375,Apple,14-inch,16GB,Dell,14-inch,8GB
4,-1.703125,-0.20703125,Apple,14-inch,16GB,Dell,14-inch,16GB
4,-2.359375,-0.10400390625,Apple,14-inch,16GB,Dell,16-inch,4GB
4,-2.234375,-0.1162109375,Apple,14-inch,16GB,Dell,16-inch,8GB
4,-2.015625,-0.146484375,Apple,14-inch,16GB,Dell,16-inch,16GB
4,-2.125,-0.1318359375,Apple,14-inch,16GB,Apple,13-inch,4GB
4,-2.125,-0.1298828125,Apple,14-inch,16GB,Apple,13-inch,8GB
4,-1.703125,-0.20703125,Apple,14-inch,16GB,Apple,13-inch,16GB
4,-2.015625,-0.1474609375,Apple,14-inch,16GB,Apple,14-inch,4GB
4,-1.8046875,-0.18359375,Apple,14-inch,16GB,Apple,14-inch,8GB
4,-2.25,-0.11865234375,Apple,14-inch,16GB,Apple,16-inch,4GB
4,-2.125,-0.130859375,Apple,14-inch,16GB,Apple,16-inch,8GB
4,-1.9140625,-0.166015625,Apple,14-inch,16GB,Apple,16-inch,16GB
4,-2.140625,-0.1328125,Apple,16-inch,4GB,ASUS,13-inch,4GB
4,-2.03125,-0.1484375,Apple,16-inch,4GB,ASUS,13-inch,8GB
4,-1.8125,-0.1875,Apple,16-inch,4GB,ASUS,13-inch,16GB
4,-2.140625,-0.1328125,Apple,16-inch,4GB,ASUS,14-inch,4GB
4,-2.125,-0.1328125,Apple,16-inch,4GB,ASUS,14-inch,8GB
4,-1.5078125,-0.259765625,Apple,16-inch,4GB,ASUS,14-inch,16GB
4,-1.9140625,-0.166015625,Apple,16-inch,4GB,ASUS,16-inch,4GB
4,-1.7109375,-0.2080078125,Apple,16-inch,4GB,ASUS,16-inch,8GB
4,-1.3203125,-0.3203125,Apple,16-inch,4GB,ASUS,16-inch,16GB
4,-2.015625,-0.1484375,Apple,16-inch,4GB,Lenovo,13-inch,4GB
4,-1.9140625,-0.166015625,Apple,16-inch,4GB,Lenovo,13-inch,8GB
4,-1.609375,-0.2333984375,Apple,16-inch,4GB,Lenovo,13-inch,16GB
4,-2.03125,-0.1484375,Apple,16-inch,4GB,Lenovo,14-inch,4GB
4,-1.9140625,-0.166015625,Apple,16-inch,4GB,Lenovo,14-inch,8GB
4,-1.5078125,-0.259765625,Apple,16-inch,4GB,Lenovo,14-inch,16GB
4,-1.9140625,-0.166015625,Apple,16-inch,4GB,Lenovo,16-inch,4GB
4,-1.7109375,-0.2080078125,Apple,16-inch,4GB,Lenovo,16-inch,8GB
4,-1.3203125,-0.3203125,Apple,16-inch,4GB,Lenovo,16-inch,16GB
4,-1.9140625,-0.1669921875,Apple,16-inch,4GB,HP,13-inch,4GB
4,-1.9140625,-0.1669921875,Apple,16-inch,4GB,HP,13-inch,8GB
4,-1.5078125,-0.26171875,Apple,16-inch,4GB,HP,13-inch,16GB
4,-1.9140625,-0.1669921875,Apple,16-inch,4GB,HP,14-inch,4GB
4,-1.8125,-0.1865234375,Apple,16-inch,4GB,HP,14-inch,8GB
4,-1.4140625,-0.291015625,Apple,16-inch,4GB,HP,14-inch,16GB
4,-1.7109375,-0.2080078125,Apple,16-inch,4GB,HP,16-inch,4GB
4,-1.5078125,-0.259765625,Apple,16-inch,4GB,HP,16-inch,8GB
4,-1.1484375,-0.396484375,Apple,16-inch,4GB,HP,16-inch,16GB
4,-2.03125,-0.1494140625,Apple,16-inch,4GB,Dell,13-inch,4GB
4,-1.9140625,-0.1669921875,Apple,16-inch,4GB,Dell,13-inch,8GB
4,-1.609375,-0.234375,Apple,16-inch,4GB,Dell,13-inch,16GB
4,-1.9140625,-0.166015625,Apple,16-inch,4GB,Dell,14-inch,4GB
4,-2.03125,-0.1484375,Apple,16-inch,4GB,Dell,14-inch,8GB
4,-1.5078125,-0.259765625,Apple,16-inch,4GB,Dell,14-inch,16GB
4,-1.8125,-0.185546875,Apple,16-inch,4GB,Dell,16-inch,4GB
4,-1.609375,-0.232421875,Apple,16-inch,4GB,Dell,16-inch,8GB
4,-1.3203125,-0.3203125,Apple,16-inch,4GB,Dell,16-inch,16GB
4,-2.03125,-0.1494140625,Apple,16-inch,4GB,Apple,13-inch,4GB
4,-2.03125,-0.1494140625,Apple,16-inch,4GB,Apple,13-inch,8GB
4,-1.609375,-0.234375,Apple,16-inch,4GB,Apple,13-inch,16GB
4,-2.03125,-0.1494140625,Apple,16-inch,4GB,Apple,14-inch,4GB
4,-2.03125,-0.1494140625,Apple,16-inch,4GB,Apple,14-inch,8GB
4,-1.4140625,-0.29296875,Apple,16-inch,4GB,Apple,14-inch,16GB
4,-1.609375,-0.2333984375,Apple,16-inch,4GB,Apple,16-inch,8GB
4,-1.4140625,-0.2890625,Apple,16-inch,4GB,Apple,16-inch,16GB
4,-2.359375,-0.10400390625,Apple,16-inch,8GB,ASUS,13-inch,4GB
4,-2.140625,-0.1328125,Apple,16-inch,8GB,ASUS,13-inch,8GB
4,-2.9375,-0.058349609375,Apple,16-inch,8GB,ASUS,13-inch,16GB
4,-2.25,-0.1171875,Apple,16-inch,8GB,ASUS,14-inch,4GB
4,-2.25,-0.1181640625,Apple,16-inch,8GB,ASUS,14-inch,8GB
4,-2.8125,-0.0654296875,Apple,16-inch,8GB,ASUS,14-inch,16GB
4,-2.234375,-0.1171875,Apple,16-inch,8GB,ASUS,16-inch,4GB
4,-2.125,-0.130859375,Apple,16-inch,8GB,ASUS,16-inch,8GB
4,-2.125,-0.130859375,Apple,16-inch,8GB,ASUS,16-inch,16GB
4,-2.359375,-0.1044921875,Apple,16-inch,8GB,Lenovo,13-inch,4GB
4,-2.25,-0.1181640625,Apple,16-inch,8GB,Lenovo,13-inch,8GB
4,-2.9375,-0.05859375,Apple,16-inch,8GB,Lenovo,13-inch,16GB
4,-2.234375,-0.1171875,Apple,16-inch,8GB,Lenovo,14-inch,4GB
4,-2.25,-0.11767578125,Apple,16-inch,8GB,Lenovo,14-inch,8GB
4,-2.8125,-0.06494140625,Apple,16-inch,8GB,Lenovo,14-inch,16GB
4,-2.125,-0.1318359375,Apple,16-inch,8GB,Lenovo,16-inch,4GB
4,-2.015625,-0.146484375,Apple,16-inch,8GB,Lenovo,16-inch,8GB
4,-2.359375,-0.10400390625,Apple,16-inch,8GB,Lenovo,16-inch,16GB
4,-2.125,-0.1318359375,Apple,16-inch,8GB,HP,13-inch,4GB
4,-2.125,-0.1318359375,Apple,16-inch,8GB,HP,13-inch,8GB
4,-2.578125,-0.0830078125,Apple,16-inch,8GB,HP,13-inch,16GB
4,-2.015625,-0.1474609375,Apple,16-inch,8GB,HP,14-inch,4GB
4,-2.015625,-0.1474609375,Apple,16-inch,8GB,HP,14-inch,8GB
4,-2.25,-0.11767578125,Apple,16-inch,8GB,HP,14-inch,16GB
4,-2.015625,-0.1474609375,Apple,16-inch,8GB,HP,16-inch,4GB
4,-2.015625,-0.1474609375,Apple,16-inch,8GB,HP,16-inch,8GB
4,-1.703125,-0.20703125,Apple,16-inch,8GB,HP,16-inch,16GB
4,-2.578125,-0.08203125,Apple,16-inch,8GB,Dell,13-inch,4GB
4,-1.9140625,-0.1650390625,Apple,16-inch,8GB,Dell,13-inch,8GB
4,-2.8125,-0.06591796875,Apple,16-inch,8GB,Dell,13-inch,16GB
4,-2.125,-0.130859375,Apple,16-inch,8GB,Dell,14-inch,4GB
4,-2.015625,-0.1484375,Apple,16-inch,8GB,Dell,14-inch,8GB
4,-2.578125,-0.08203125,Apple,16-inch,8GB,Dell,14-inch,16GB
4,-2.015625,-0.1474609375,Apple,16-inch,8GB,Dell,16-inch,4GB
4,-2.015625,-0.1474609375,Apple,16-inch,8GB,Dell,16-inch,8GB
4,-1.9140625,-0.1650390625,Apple,16-inch,8GB,Dell,16-inch,16GB
4,-2.015625,-0.1484375,Apple,16-inch,8GB,Apple,13-inch,4GB
4,-2.015625,-0.1474609375,Apple,16-inch,8GB,Apple,13-inch,8GB
4,-2.46875,-0.0927734375,Apple,16-inch,8GB,Apple,13-inch,16GB
4,-2.015625,-0.1484375,Apple,16-inch,8GB,Apple,14-inch,4GB
4,-2.015625,-0.1484375,Apple,16-inch,8GB,Apple,14-inch,8GB
4,-2.125,-0.1318359375,Apple,16-inch,8GB,Apple,14-inch,16GB
4,-2.015625,-0.1484375,Apple,16-inch,8GB,Apple,16-inch,4GB
4,-2.46875,-0.0927734375,Apple,16-inch,8GB,Apple,16-inch,16GB
4,-2.578125,-0.0849609375,Apple,16-inch,16GB,ASUS,13-inch,4GB
4,-2.46875,-0.09423828125,Apple,16-inch,16GB,ASUS,13-inch,8GB
4,-1.9140625,-0.166015625,Apple,16-inch,16GB,ASUS,13-inch,16GB
4,-2.46875,-0.09423828125,Apple,16-inch,16GB,ASUS,14-inch,4GB
4,-2.578125,-0.08349609375,Apple,16-inch,16GB,ASUS,14-inch,8GB
4,-1.8125,-0.185546875,Apple,16-inch,16GB,ASUS,14-inch,16GB
4,-2.46875,-0.09521484375,Apple,16-inch,16GB,ASUS,16-inch,4GB
4,-2.578125,-0.08447265625,Apple,16-inch,16GB,ASUS,16-inch,8GB
4,-1.8125,-0.185546875,Apple,16-inch,16GB,ASUS,16-inch,16GB
4,-2.578125,-0.08544921875,Apple,16-inch,16GB,Lenovo,13-inch,4GB
4,-2.359375,-0.10693359375,Apple,16-inch,16GB,Lenovo,13-inch,8GB
4,-1.8125,-0.1865234375,Apple,16-inch,16GB,Lenovo,13-inch,16GB
4,-2.46875,-0.09521484375,Apple,16-inch,16GB,Lenovo,14-inch,4GB
4,-2.46875,-0.0947265625,Apple,16-inch,16GB,Lenovo,14-inch,8GB
4,-1.9140625,-0.1669921875,Apple,16-inch,16GB,Lenovo,14-inch,16GB
4,-2.46875,-0.095703125,Apple,16-inch,16GB,Lenovo,16-inch,4GB
4,-2.25,-0.11962890625,Apple,16-inch,16GB,Lenovo,16-inch,8GB
4,-1.8125,-0.185546875,Apple,16-inch,16GB,Lenovo,16-inch,16GB
4,-2.359375,-0.10693359375,Apple,16-inch,16GB,HP,13-inch,4GB
4,-2.25,-0.1201171875,Apple,16-inch,16GB,HP,13-inch,8GB
4,-1.8125,-0.185546875,Apple,16-inch,16GB,HP,13-inch,16GB
4,-2.46875,-0.09521484375,Apple,16-inch,16GB,HP,14-inch,4GB
4,-2.359375,-0.10693359375,Apple,16-inch,16GB,HP,14-inch,8GB
4,-1.7109375,-0.2080078125,Apple,16-inch,16GB,HP,14-inch,16GB
4,-2.25,-0.12060546875,Apple,16-inch,16GB,HP,16-inch,4GB
4,-2.140625,-0.1337890625,Apple,16-inch,16GB,HP,16-inch,8GB
4,-1.7109375,-0.2080078125,Apple,16-inch,16GB,HP,16-inch,16GB
4,-2.46875,-0.0966796875,Apple,16-inch,16GB,Dell,13-inch,4GB
4,-2.46875,-0.09619140625,Apple,16-inch,16GB,Dell,13-inch,8GB
4,-1.9140625,-0.1669921875,Apple,16-inch,16GB,Dell,13-inch,16GB
4,-2.46875,-0.095703125,Apple,16-inch,16GB,Dell,14-inch,4GB
4,-2.46875,-0.09619140625,Apple,16-inch,16GB,Dell,14-inch,8GB
4,-1.9140625,-0.1669921875,Apple,16-inch,16GB,Dell,14-inch,16GB
4,-2.59375,-0.08642578125,Apple,16-inch,16GB,Dell,16-inch,4GB
4,-2.46875,-0.095703125,Apple,16-inch,16GB,Dell,16-inch,8GB
4,-1.9140625,-0.1669921875,Apple,16-inch,16GB,Dell,16-inch,16GB
4,-2.578125,-0.0849609375,Apple,16-inch,16GB,Apple,13-inch,4GB
4,-2.46875,-0.0947265625,Apple,16-inch,16GB,Apple,13-inch,8GB
4,-1.9140625,-0.1669921875,Apple,16-inch,16GB,Apple,13-inch,16GB
4,-2.578125,-0.0849609375,Apple,16-inch,16GB,Apple,14-inch,4GB
4,-2.578125,-0.0849609375,Apple,16-inch,16GB,Apple,14-inch,8GB
4,-1.8125,-0.1865234375,Apple,16-inch,16GB,Apple,14-inch,16GB
4,-2.359375,-0.1083984375,Apple,16-inch,16GB,Apple,16-inch,4GB
4,-2.25,-0.119140625,Apple,16-inch,16GB,Apple,16-inch,8GB
