Color,BT_Score
blue,0.3299600763051558
red,0.1889181588500719
green,0.172464676785836
yellow,-0.32886905177619496
purple,-0.3624738601648687
