Color,BT_Score
blue,0.2686007558849539
red,0.12160877526984848
green,0.10538643726668084
purple,-0.2354846134492803
yellow,-0.26011135497221716
