template_idx,score_a,score_b,a_brand,a_screen,a_ram,b_brand,b_screen,b_ram
0,-11.875,10.5,ASUS,13-inch,4GB,ASUS,13-inch,8GB
0,-3.28125,10.4375,ASUS,13-inch,4GB,ASUS,13-inch,16GB
0,-7.772445678710938e-05,1.5,ASUS,13-inch,4GB,ASUS,14-inch,4GB
0,-18.625,10.5,ASUS,13-inch,4GB,ASUS,14-inch,8GB
0,-15.5,10.5,ASUS,13-inch,4GB,ASUS,14-inch,16GB
0,-8.75,10.5,ASUS,13-inch,4GB,ASUS,16-inch,4GB
0,-17.125,10.5,ASUS,13-inch,4GB,ASUS,16-inch,8GB
0,-14.75,10.5,ASUS,13-inch,4GB,ASUS,16-inch,16GB
0,-0.00188446044921875,4.25,ASUS,13-inch,4GB,Lenovo,13-inch,4GB
0,-16.25,10.5,ASUS,13-inch,4GB,Lenovo,13-inch,8GB
0,-13.125,10.5,ASUS,13-inch,4GB,Lenovo,13-inch,16GB
0,-0.00518798828125,5.25,ASUS,13-inch,4GB,Lenovo,14-inch,4GB
0,-17.125,10.5,ASUS,13-inch,4GB,Lenovo,14-inch,8GB
0,-13.75,10.5,ASUS,13-inch,4GB,Lenovo,14-inch,16GB
0,-9.75,10.5,ASUS,13-inch,4GB,Lenovo,16-inch,4GB
0,-14.5,10.5,ASUS,13-inch,4GB,Lenovo,16-inch,8GB
0,-11.125,10.5,ASUS,13-inch,4GB,Lenovo,16-inch,16GB
0,-6.198883056640625e-06,0.625,ASUS,13-inch,4GB,HP,13-inch,4GB
0,-16.5,10.5,ASUS,13-inch,4GB,HP,13-inch,8GB
0,-13.0,10.5,ASUS,13-inch,4GB,HP,13-inch,16GB
0,1.7762184143066406e-05,0.0,ASUS,13-inch,4GB,HP,14-inch,4GB
0,-17.625,10.5,ASUS,13-inch,4GB,HP,14-inch,8GB
0,-14.625,10.5,ASUS,13-inch,4GB,HP,14-inch,16GB
0,-8.5,10.5,ASUS,13-inch,4GB,HP,16-inch,4GB
0,-16.125,10.5,ASUS,13-inch,4GB,HP,16-inch,8GB
0,-11.625,10.5,ASUS,13-inch,4GB,HP,16-inch,16GB
0,-0.000865936279296875,3.5,ASUS,13-inch,4GB,Dell,13-inch,4GB
0,-16.25,10.5,ASUS,13-inch,4GB,Dell,13-inch,8GB
0,-12.5,10.5,ASUS,13-inch,4GB,Dell,13-inch,16GB
0,-0.0002899169921875,2.5,ASUS,13-inch,4GB,Dell,14-inch,4GB
0,-17.125,10.5,ASUS,13-inch,4GB,Dell,14-inch,8GB
0,-14.25,10.5,ASUS,13-inch,4GB,Dell,14-inch,16GB
0,-9.5,10.5,ASUS,13-inch,4GB,Dell,16-inch,4GB
0,-15.125,10.5,ASUS,13-inch,4GB,Dell,16-inch,8GB
0,-10.875,10.5,ASUS,13-inch,4GB,Dell,16-inch,16GB
0,-3.53125,10.5,ASUS,13-inch,4GB,Apple,13-inch,4GB
0,-16.5,10.5,ASUS,13-inch,4GB,Apple,13-inch,8GB
0,-12.0,10.5,ASUS,13-inch,4GB,Apple,13-inch,16GB
0,-0.0002155303955078125,2.25,ASUS,13-inch,4GB,Apple,14-inch,4GB
0,-16.5,10.5,ASUS,13-inch,4GB,Apple,14-inch,8GB
0,-13.0,10.5,ASUS,13-inch,4GB,Apple,14-inch,16GB
0,-5.75,10.5,ASUS,13-inch,4GB,Apple,16-inch,4GB
0,-9.25,10.5,ASUS,13-inch,4GB,Apple,16-inch,8GB
0,-9.5,10.5,ASUS,13-inch,4GB,Apple,16-inch,16GB
0,4.5299530029296875e-05,-7.25,ASUS,13-inch,8GB,ASUS,13-inch,4GB
0,4.5299530029296875e-05,-5.5,ASUS,13-inch,8GB,ASUS,13-inch,16GB
0,-6.25,10.5,ASUS,13-inch,8GB,ASUS,14-inch,4GB
0,2.86102294921875e-05,-0.5,ASUS,13-inch,8GB,ASUS,14-inch,8GB
0,4.4345855712890625e-05,-3.25,ASUS,13-inch,8GB,ASUS,14-inch,16GB
0,-0.000385284423828125,2.75,ASUS,13-inch,8GB,ASUS,16-inch,4GB
0,3.910064697265625e-05,-1.5,ASUS,13-inch,8GB,ASUS,16-inch,8GB
0,4.482269287109375e-05,-3.75,ASUS,13-inch,8GB,ASUS,16-inch,16GB
0,4.5299530029296875e-05,-9.5,ASUS,13-inch,8GB,Lenovo,13-inch,4GB
0,4.5299530029296875e-05,-5.875,ASUS,13-inch,8GB,Lenovo,13-inch,8GB
0,4.482269287109375e-05,-4.375,ASUS,13-inch,8GB,Lenovo,13-inch,16GB
0,4.5299530029296875e-05,-7.75,ASUS,13-inch,8GB,Lenovo,14-inch,4GB
0,4.5299530029296875e-05,-5.875,ASUS,13-inch,8GB,Lenovo,14-inch,8GB
0,4.291534423828125e-05,-2.375,ASUS,13-inch,8GB,Lenovo,14-inch,16GB
0,4.482269287109375e-05,-4.375,ASUS,13-inch,8GB,Lenovo,16-inch,4GB
0,4.3392181396484375e-05,-2.75,ASUS,13-inch,8GB,Lenovo,16-inch,8GB
0,4.38690185546875e-05,-3.0,ASUS,13-inch,8GB,Lenovo,16-inch,16GB
0,4.5299530029296875e-05,-10.5,ASUS,13-inch,8GB,HP,13-inch,4GB
0,4.5299530029296875e-05,-5.75,ASUS,13-inch,8GB,HP,13-inch,8GB
0,4.482269287109375e-05,-4.25,ASUS,13-inch,8GB,HP,13-inch,16GB
0,4.5299530029296875e-05,-8.375,ASUS,13-inch,8GB,HP,14-inch,4GB
0,4.5299530029296875e-05,-5.875,ASUS,13-inch,8GB,HP,14-inch,8GB
0,4.291534423828125e-05,-2.5,ASUS,13-inch,8GB,HP,14-inch,16GB
0,4.5299530029296875e-05,-5.25,ASUS,13-inch,8GB,HP,16-inch,4GB
0,4.482269287109375e-05,-4.125,ASUS,13-inch,8GB,HP,16-inch,8GB
0,4.38690185546875e-05,-3.0,ASUS,13-inch,8GB,HP,16-inch,16GB
0,4.5299530029296875e-05,-10.75,ASUS,13-inch,8GB,Dell,13-inch,4GB
0,4.5299530029296875e-05,-5.5,ASUS,13-inch,8GB,Dell,13-inch,8GB
0,4.482269287109375e-05,-4.25,ASUS,13-inch,8GB,Dell,13-inch,16GB
0,4.5299530029296875e-05,-9.25,ASUS,13-inch,8GB,Dell,14-inch,4GB
0,4.5299530029296875e-05,-5.875,ASUS,13-inch,8GB,Dell,14-inch,8GB
0,4.38690185546875e-05,-3.0,ASUS,13-inch,8GB,Dell,14-inch,16GB
0,4.5299530029296875e-05,-6.0,ASUS,13-inch,8GB,Dell,16-inch,4GB
0,4.4345855712890625e-05,-3.375,ASUS,13-inch,8GB,Dell,16-inch,8GB
0,4.410743713378906e-05,-3.125,ASUS,13-inch,8GB,Dell,16-inch,16GB
0,4.5299530029296875e-05,-8.375,ASUS,13-inch,8GB,Apple,13-inch,4GB
0,4.4345855712890625e-05,-3.375,ASUS,13-inch,8GB,Apple,13-inch,8GB
0,4.506111145019531e-05,-4.75,ASUS,13-inch,8GB,Apple,13-inch,16GB
0,4.5299530029296875e-05,-6.5,ASUS,13-inch,8GB,Apple,14-inch,4GB
0,4.4345855712890625e-05,-3.375,ASUS,13-inch,8GB,Apple,14-inch,8GB
0,4.4345855712890625e-05,-3.375,ASUS,13-inch,8GB,Apple,14-inch,16GB
0,4.482269287109375e-05,-4.375,ASUS,13-inch,8GB,Apple,16-inch,4GB
0,4.2438507080078125e-05,-2.25,ASUS,13-inch,8GB,Apple,16-inch,8GB
0,4.482269287109375e-05,-4.125,ASUS,13-inch,8GB,Apple,16-inch,16GB
0,4.5299530029296875e-05,-5.625,ASUS,13-inch,16GB,ASUS,13-inch,4GB
0,4.506111145019531e-05,-5.0,ASUS,13-inch,16GB,ASUS,13-inch,8GB
0,-9.0,10.5,ASUS,13-inch,16GB,ASUS,14-inch,4GB
0,4.5299530029296875e-05,-8.5,ASUS,13-inch,16GB,ASUS,14-inch,8GB
0,4.291534423828125e-05,-2.375,ASUS,13-inch,16GB,ASUS,14-inch,16GB
0,-5.5,10.5,ASUS,13-inch,16GB,ASUS,16-inch,4GB
0,4.5299530029296875e-05,-7.875,ASUS,13-inch,16GB,ASUS,16-inch,8GB
0,-0.008544921875,5.75,ASUS,13-inch,16GB,ASUS,16-inch,16GB
0,4.482269287109375e-05,-4.375,ASUS,13-inch,16GB,Lenovo,13-inch,4GB
0,4.5299530029296875e-05,-9.0,ASUS,13-inch,16GB,Lenovo,13-inch,8GB
0,4.5299530029296875e-05,-5.375,ASUS,13-inch,16GB,Lenovo,13-inch,16GB
0,3.24249267578125e-05,-0.75,ASUS,13-inch,16GB,Lenovo,14-inch,4GB
0,4.5299530029296875e-05,-9.5,ASUS,13-inch,16GB,Lenovo,14-inch,8GB
0,4.5299530029296875e-05,-6.0,ASUS,13-inch,16GB,Lenovo,14-inch,16GB
0,2.86102294921875e-05,-0.5,ASUS,13-inch,16GB,Lenovo,16-inch,4GB
0,4.5299530029296875e-05,-8.25,ASUS,13-inch,16GB,Lenovo,16-inch,8GB
0,-1.2874603271484375e-05,0.75,ASUS,13-inch,16GB,Lenovo,16-inch,16GB
0,4.5299530029296875e-05,-6.125,ASUS,13-inch,16GB,HP,13-inch,4GB
0,4.5299530029296875e-05,-9.25,ASUS,13-inch,16GB,HP,13-inch,8GB
0,4.5299530029296875e-05,-5.625,ASUS,13-inch,16GB,HP,13-inch,16GB
0,4.482269287109375e-05,-3.875,ASUS,13-inch,16GB,HP,14-inch,4GB
0,4.5299530029296875e-05,-9.875,ASUS,13-inch,16GB,HP,14-inch,8GB
0,4.5299530029296875e-05,-5.625,ASUS,13-inch,16GB,HP,14-inch,16GB
0,4.100799560546875e-05,-1.875,ASUS,13-inch,16GB,HP,16-inch,4GB
0,4.5299530029296875e-05,-8.75,ASUS,13-inch,16GB,HP,16-inch,8GB
0,3.0517578125e-05,-0.625,ASUS,13-inch,16GB,HP,16-inch,16GB
0,4.5299530029296875e-05,-6.75,ASUS,13-inch,16GB,Dell,13-inch,4GB
0,4.5299530029296875e-05,-9.5,ASUS,13-inch,16GB,Dell,13-inch,8GB
0,4.5299530029296875e-05,-5.25,ASUS,13-inch,16GB,Dell,13-inch,16GB
0,4.506111145019531e-05,-4.875,ASUS,13-inch,16GB,Dell,14-inch,4GB
0,4.5299530029296875e-05,-9.875,ASUS,13-inch,16GB,Dell,14-inch,8GB
0,4.5299530029296875e-05,-5.875,ASUS,13-inch,16GB,Dell,14-inch,16GB
0,4.4345855712890625e-05,-3.375,ASUS,13-inch,16GB,Dell,16-inch,4GB
0,4.5299530029296875e-05,-8.75,ASUS,13-inch,16GB,Dell,16-inch,8GB
0,2.6345252990722656e-05,-0.375,ASUS,13-inch,16GB,Dell,16-inch,16GB
0,4.38690185546875e-05,-3.0,ASUS,13-inch,16GB,Apple,13-inch,4GB
0,4.5299530029296875e-05,-9.375,ASUS,13-inch,16GB,Apple,13-inch,8GB
0,4.38690185546875e-05,-2.875,ASUS,13-inch,16GB,Apple,13-inch,16GB
0,3.838539123535156e-05,-1.375,ASUS,13-inch,16GB,Apple,14-inch,4GB
0,4.5299530029296875e-05,-9.25,ASUS,13-inch,16GB,Apple,14-inch,8GB
0,4.410743713378906e-05,-3.125,ASUS,13-inch,16GB,Apple,14-inch,16GB
0,4.00543212890625e-05,-1.625,ASUS,13-inch,16GB,Apple,16-inch,4GB
0,4.5299530029296875e-05,-8.25,ASUS,13-inch,16GB,Apple,16-inch,8GB
0,3.24249267578125e-05,-0.75,ASUS,13-inch,16GB,Apple,16-inch,16GB
0,2.09808349609375e-05,-0.125,ASUS,14-inch,4GB,ASUS,13-inch,4GB
0,-19.0,10.5,ASUS,14-inch,4GB,ASUS,13-inch,8GB
0,-15.75,10.5,ASUS,14-inch,4GB,ASUS,13-inch,16GB
0,-12.25,10.5,ASUS,14-inch,4GB,ASUS,14-inch,8GB
0,-8.0,10.5,ASUS,14-inch,4GB,ASUS,14-inch,16GB
0,-8.75,10.5,ASUS,14-inch,4GB,ASUS,16-inch,4GB
0,-16.875,10.5,ASUS,14-inch,4GB,ASUS,16-inch,8GB
0,-14.5,10.5,ASUS,14-inch,4GB,ASUS,16-inch,16GB
0,-0.0002899169921875,2.5,ASUS,14-inch,4GB,Lenovo,13-inch,4GB
0,-17.375,10.5,ASUS,14-inch,4GB,Lenovo,13-inch,8GB
0,-14.75,10.5,ASUS,14-inch,4GB,Lenovo,13-inch,16GB
0,-0.0031280517578125,4.75,ASUS,14-inch,4GB,Lenovo,14-inch,4GB
0,-16.125,10.5,ASUS,14-inch,4GB,Lenovo,14-inch,8GB
0,-13.375,10.5,ASUS,14-inch,4GB,Lenovo,14-inch,16GB
0,-8.875,10.5,ASUS,14-inch,4GB,Lenovo,16-inch,4GB
0,-15.0,10.5,ASUS,14-inch,4GB,Lenovo,16-inch,8GB
0,-10.875,10.5,ASUS,14-inch,4GB,Lenovo,16-inch,16GB
0,4.2438507080078125e-05,-2.25,ASUS,14-inch,4GB,HP,13-inch,4GB
0,-18.0,10.5,ASUS,14-inch,4GB,HP,13-inch,8GB
0,-14.5,10.5,ASUS,14-inch,4GB,HP,13-inch,16GB
0,1.4066696166992188e-05,0.125,ASUS,14-inch,4GB,HP,14-inch,4GB
0,-16.0,10.5,ASUS,14-inch,4GB,HP,14-inch,8GB
0,-13.875,10.5,ASUS,14-inch,4GB,HP,14-inch,16GB
0,-7.5,10.5,ASUS,14-inch,4GB,HP,16-inch,4GB
0,-16.125,10.5,ASUS,14-inch,4GB,HP,16-inch,8GB
0,-10.75,10.5,ASUS,14-inch,4GB,HP,16-inch,16GB
0,-2.956390380859375e-05,1.0,ASUS,14-inch,4GB,Dell,13-inch,4GB
0,-17.625,10.5,ASUS,14-inch,4GB,Dell,13-inch,8GB
0,-13.875,10.5,ASUS,14-inch,4GB,Dell,13-inch,16GB
0,-0.0004425048828125,2.875,ASUS,14-inch,4GB,Dell,14-inch,4GB
0,-15.625,10.5,ASUS,14-inch,4GB,Dell,14-inch,8GB
0,-13.625,10.5,ASUS,14-inch,4GB,Dell,14-inch,16GB
0,-9.0,10.5,ASUS,14-inch,4GB,Dell,16-inch,4GB
0,-15.875,10.5,ASUS,14-inch,4GB,Dell,16-inch,8GB
0,-10.625,10.5,ASUS,14-inch,4GB,Dell,16-inch,16GB
0,-0.0002155303955078125,2.25,ASUS,14-inch,4GB,Apple,13-inch,4GB
0,-16.625,10.5,ASUS,14-inch,4GB,Apple,13-inch,8GB
0,-12.5,10.5,ASUS,14-inch,4GB,Apple,13-inch,16GB
0,-0.0024261474609375,4.5,ASUS,14-inch,4GB,Apple,14-inch,4GB
0,-15.75,10.5,ASUS,14-inch,4GB,Apple,14-inch,8GB
0,-11.5,10.5,ASUS,14-inch,4GB,Apple,14-inch,16GB
0,-0.023193359375,6.75,ASUS,14-inch,4GB,Apple,16-inch,4GB
0,-9.5,10.5,ASUS,14-inch,4GB,Apple,16-inch,8GB
0,-0.3125,9.1875,ASUS,14-inch,4GB,Apple,16-inch,16GB
0,-9.75,10.5,ASUS,14-inch,8GB,ASUS,13-inch,4GB
0,4.3392181396484375e-05,-2.625,ASUS,14-inch,8GB,ASUS,13-inch,8GB
0,4.410743713378906e-05,-3.125,ASUS,14-inch,8GB,ASUS,13-inch,16GB
0,4.5299530029296875e-05,-5.625,ASUS,14-inch,8GB,ASUS,14-inch,4GB
0,4.5299530029296875e-05,-5.25,ASUS,14-inch,8GB,ASUS,14-inch,16GB
0,-0.00145721435546875,4.0,ASUS,14-inch,8GB,ASUS,16-inch,4GB
0,4.4345855712890625e-05,-3.25,ASUS,14-inch,8GB,ASUS,16-inch,8GB
0,4.4345855712890625e-05,-3.375,ASUS,14-inch,8GB,ASUS,16-inch,16GB
0,4.5299530029296875e-05,-6.375,ASUS,14-inch,8GB,Lenovo,13-inch,4GB
0,4.5299530029296875e-05,-6.25,ASUS,14-inch,8GB,Lenovo,13-inch,8GB
0,4.1484832763671875e-05,-2.0,ASUS,14-inch,8GB,Lenovo,13-inch,16GB
0,4.5299530029296875e-05,-8.375,ASUS,14-inch,8GB,Lenovo,14-inch,4GB
0,4.5299530029296875e-05,-6.125,ASUS,14-inch,8GB,Lenovo,14-inch,8GB
0,4.482269287109375e-05,-4.5,ASUS,14-inch,8GB,Lenovo,14-inch,16GB
0,4.4345855712890625e-05,-3.25,ASUS,14-inch,8GB,Lenovo,16-inch,4GB
0,4.482269287109375e-05,-4.25,ASUS,14-inch,8GB,Lenovo,16-inch,8GB
0,4.38690185546875e-05,-3.0,ASUS,14-inch,8GB,Lenovo,16-inch,16GB
0,4.5299530029296875e-05,-7.875,ASUS,14-inch,8GB,HP,13-inch,4GB
0,4.5299530029296875e-05,-6.0,ASUS,14-inch,8GB,HP,13-inch,8GB
0,4.2438507080078125e-05,-2.25,ASUS,14-inch,8GB,HP,13-inch,16GB
0,4.5299530029296875e-05,-9.375,ASUS,14-inch,8GB,HP,14-inch,4GB
0,4.5299530029296875e-05,-6.0,ASUS,14-inch,8GB,HP,14-inch,8GB
0,4.482269287109375e-05,-4.375,ASUS,14-inch,8GB,HP,14-inch,16GB
0,4.458427429199219e-05,-3.625,ASUS,14-inch,8GB,HP,16-inch,4GB
0,4.482269287109375e-05,-4.5,ASUS,14-inch,8GB,HP,16-inch,8GB
0,4.482269287109375e-05,-3.75,ASUS,14-inch,8GB,HP,16-inch,16GB
0,4.5299530029296875e-05,-7.5,ASUS,14-inch,8GB,Dell,13-inch,4GB
0,4.5299530029296875e-05,-6.0,ASUS,14-inch,8GB,Dell,13-inch,8GB
0,4.2438507080078125e-05,-2.25,ASUS,14-inch,8GB,Dell,13-inch,16GB
0,4.5299530029296875e-05,-9.875,ASUS,14-inch,8GB,Dell,14-inch,4GB
0,4.5299530029296875e-05,-5.625,ASUS,14-inch,8GB,Dell,14-inch,8GB
0,4.482269287109375e-05,-4.25,ASUS,14-inch,8GB,Dell,14-inch,16GB
0,4.506111145019531e-05,-4.75,ASUS,14-inch,8GB,Dell,16-inch,4GB
0,4.482269287109375e-05,-4.25,ASUS,14-inch,8GB,Dell,16-inch,8GB
0,4.4345855712890625e-05,-3.375,ASUS,14-inch,8GB,Dell,16-inch,16GB
0,4.5299530029296875e-05,-6.25,ASUS,14-inch,8GB,Apple,13-inch,4GB
0,4.458427429199219e-05,-3.625,ASUS,14-inch,8GB,Apple,13-inch,8GB
0,4.38690185546875e-05,-2.875,ASUS,14-inch,8GB,Apple,13-inch,16GB
0,4.5299530029296875e-05,-7.25,ASUS,14-inch,8GB,Apple,14-inch,4GB
0,4.482269287109375e-05,-3.875,ASUS,14-inch,8GB,Apple,14-inch,8GB
0,4.506111145019531e-05,-4.875,ASUS,14-inch,8GB,Apple,14-inch,16GB
0,4.482269287109375e-05,-3.875,ASUS,14-inch,8GB,Apple,16-inch,4GB
0,4.410743713378906e-05,-3.125,ASUS,14-inch,8GB,Apple,16-inch,8GB
0,4.482269287109375e-05,-4.375,ASUS,14-inch,8GB,Apple,16-inch,16GB
0,-12.75,10.5,ASUS,14-inch,16GB,ASUS,13-inch,4GB
0,4.5299530029296875e-05,-5.875,ASUS,14-inch,16GB,ASUS,13-inch,8GB
0,4.0531158447265625e-05,-1.75,ASUS,14-inch,16GB,ASUS,13-inch,16GB
0,4.2438507080078125e-05,-2.25,ASUS,14-inch,16GB,ASUS,14-inch,4GB
0,4.5299530029296875e-05,-5.25,ASUS,14-inch,16GB,ASUS,14-inch,8GB
0,-7.5,10.5,ASUS,14-inch,16GB,ASUS,16-inch,4GB
0,4.5299530029296875e-05,-7.375,ASUS,14-inch,16GB,ASUS,16-inch,8GB
0,-5.75,10.5,ASUS,14-inch,16GB,ASUS,16-inch,16GB
0,-5.75,10.5,ASUS,14-inch,16GB,Lenovo,13-inch,4GB
0,4.5299530029296875e-05,-8.5,ASUS,14-inch,16GB,Lenovo,13-inch,8GB
0,4.5299530029296875e-05,-5.75,ASUS,14-inch,16GB,Lenovo,13-inch,16GB
0,-1.2874603271484375e-05,0.75,ASUS,14-inch,16GB,Lenovo,14-inch,4GB
0,4.5299530029296875e-05,-8.75,ASUS,14-inch,16GB,Lenovo,14-inch,8GB
0,4.5299530029296875e-05,-5.375,ASUS,14-inch,16GB,Lenovo,14-inch,16GB
0,-0.000385284423828125,2.75,ASUS,14-inch,16GB,Lenovo,16-inch,4GB
0,4.5299530029296875e-05,-8.25,ASUS,14-inch,16GB,Lenovo,16-inch,8GB
0,-1.2874603271484375e-05,0.75,ASUS,14-inch,16GB,Lenovo,16-inch,16GB
0,-0.008544921875,5.75,ASUS,14-inch,16GB,HP,13-inch,4GB
0,4.5299530029296875e-05,-9.125,ASUS,14-inch,16GB,HP,13-inch,8GB
0,4.5299530029296875e-05,-5.5,ASUS,14-inch,16GB,HP,13-inch,16GB
0,4.410743713378906e-05,-3.125,ASUS,14-inch,16GB,HP,14-inch,4GB
0,4.5299530029296875e-05,-9.25,ASUS,14-inch,16GB,HP,14-inch,8GB
0,4.5299530029296875e-05,-5.125,ASUS,14-inch,16GB,HP,14-inch,16GB
0,-0.000133514404296875,1.875,ASUS,14-inch,16GB,HP,16-inch,4GB
0,4.5299530029296875e-05,-8.75,ASUS,14-inch,16GB,HP,16-inch,8GB
0,2.86102294921875e-05,-0.5,ASUS,14-inch,16GB,HP,16-inch,16GB
0,-0.0024261474609375,4.5,ASUS,14-inch,16GB,Dell,13-inch,4GB
0,4.5299530029296875e-05,-8.875,ASUS,14-inch,16GB,Dell,13-inch,8GB
0,4.5299530029296875e-05,-5.375,ASUS,14-inch,16GB,Dell,13-inch,16GB
0,4.482269287109375e-05,-3.875,ASUS,14-inch,16GB,Dell,14-inch,4GB
0,4.5299530029296875e-05,-9.875,ASUS,14-inch,16GB,Dell,14-inch,8GB
0,4.5299530029296875e-05,-5.125,ASUS,14-inch,16GB,Dell,14-inch,16GB
0,2.86102294921875e-05,-0.5,ASUS,14-inch,16GB,Dell,16-inch,4GB
0,4.5299530029296875e-05,-8.75,ASUS,14-inch,16GB,Dell,16-inch,8GB
0,2.09808349609375e-05,-0.125,ASUS,14-inch,16GB,Dell,16-inch,16GB
0,-0.000865936279296875,3.5,ASUS,14-inch,16GB,Apple,13-inch,4GB
0,4.5299530029296875e-05,-9.5,ASUS,14-inch,16GB,Apple,13-inch,8GB
0,4.482269287109375e-05,-3.875,ASUS,14-inch,16GB,Apple,13-inch,16GB
0,2.6345252990722656e-05,-0.375,ASUS,14-inch,16GB,Apple,14-inch,4GB
0,4.5299530029296875e-05,-9.25,ASUS,14-inch,16GB,Apple,14-inch,8GB
0,4.4345855712890625e-05,-3.25,ASUS,14-inch,16GB,Apple,14-inch,16GB
0,0.0,0.5,ASUS,14-inch,16GB,Apple,16-inch,4GB
0,4.5299530029296875e-05,-7.75,ASUS,14-inch,16GB,Apple,16-inch,8GB
0,3.0517578125e-05,-0.625,ASUS,14-inch,16GB,Apple,16-inch,16GB
0,4.482269287109375e-05,-4.125,ASUS,16-inch,4GB,ASUS,13-inch,4GB
0,-18.375,10.5,ASUS,16-inch,4GB,ASUS,13-inch,8GB
0,-9.0,10.5,ASUS,16-inch,4GB,ASUS,13-inch,16GB
0,4.482269287109375e-05,-4.5,ASUS,16-inch,4GB,ASUS,14-inch,4GB
0,-18.875,10.5,ASUS,16-inch,4GB,ASUS,14-inch,8GB
0,-10.5,10.5,ASUS,16-inch,4GB,ASUS,14-inch,16GB
0,-10.5,10.5,ASUS,16-inch,4GB,ASUS,16-inch,8GB
0,-2.8125,10.4375,ASUS,16-inch,4GB,ASUS,16-inch,16GB
0,3.528594970703125e-05,-1.0,ASUS,16-inch,4GB,Lenovo,13-inch,4GB
0,-16.25,10.5,ASUS,16-inch,4GB,Lenovo,13-inch,8GB
0,-0.0181884765625,6.46875,ASUS,16-inch,4GB,Lenovo,13-inch,16GB
0,4.00543212890625e-05,-1.625,ASUS,16-inch,4GB,Lenovo,14-inch,4GB
0,-16.125,10.5,ASUS,16-inch,4GB,Lenovo,14-inch,8GB
0,-4.25,10.5,ASUS,16-inch,4GB,Lenovo,14-inch,16GB
0,-0.023193359375,6.75,ASUS,16-inch,4GB,Lenovo,16-inch,4GB
0,-15.5,10.5,ASUS,16-inch,4GB,Lenovo,16-inch,8GB
0,-0.000507354736328125,3.0,ASUS,16-inch,4GB,Lenovo,16-inch,16GB
0,4.482269287109375e-05,-4.125,ASUS,16-inch,4GB,HP,13-inch,4GB
0,-16.875,10.5,ASUS,16-inch,4GB,HP,13-inch,8GB
0,-0.00066375732421875,3.25,ASUS,16-inch,4GB,HP,13-inch,16GB
0,4.482269287109375e-05,-4.125,ASUS,16-inch,4GB,HP,14-inch,4GB
0,-16.75,10.5,ASUS,16-inch,4GB,HP,14-inch,8GB
0,-4.03125,10.5,ASUS,16-inch,4GB,HP,14-inch,16GB
0,2.384185791015625e-05,-0.25,ASUS,16-inch,4GB,HP,16-inch,4GB
0,-15.75,10.5,ASUS,16-inch,4GB,HP,16-inch,8GB
0,-0.0001583099365234375,2.0,ASUS,16-inch,4GB,HP,16-inch,16GB
0,4.1961669921875e-05,-2.125,ASUS,16-inch,4GB,Dell,13-inch,4GB
0,-16.5,10.5,ASUS,16-inch,4GB,Dell,13-inch,8GB
0,-0.000507354736328125,3.0,ASUS,16-inch,4GB,Dell,13-inch,16GB
0,4.291534423828125e-05,-2.5,ASUS,16-inch,4GB,Dell,14-inch,4GB
0,-16.5,10.5,ASUS,16-inch,4GB,Dell,14-inch,8GB
0,-2.34375,10.375,ASUS,16-inch,4GB,Dell,14-inch,16GB
0,-0.0004425048828125,2.875,ASUS,16-inch,4GB,Dell,16-inch,4GB
0,-16.0,10.5,ASUS,16-inch,4GB,Dell,16-inch,8GB
0,-0.0002155303955078125,2.25,ASUS,16-inch,4GB,Dell,16-inch,16GB
0,-7.772445678710938e-05,1.5,ASUS,16-inch,4GB,Apple,13-inch,4GB
0,-16.0,10.5,ASUS,16-inch,4GB,Apple,13-inch,8GB
0,-5.0,10.5,ASUS,16-inch,4GB,Apple,13-inch,16GB
0,1.4066696166992188e-05,0.125,ASUS,16-inch,4GB,Apple,14-inch,4GB
0,-15.0,10.5,ASUS,16-inch,4GB,Apple,14-inch,8GB
0,-4.03125,10.5,ASUS,16-inch,4GB,Apple,14-inch,16GB
0,-0.0004425048828125,2.875,ASUS,16-inch,4GB,Apple,16-inch,4GB
0,-13.625,10.5,ASUS,16-inch,4GB,Apple,16-inch,8GB
0,-0.0002155303955078125,2.25,ASUS,16-inch,4GB,Apple,16-inch,16GB
0,-9.75,10.5,ASUS,16-inch,8GB,ASUS,13-inch,4GB
0,4.1484832763671875e-05,-2.0,ASUS,16-inch,8GB,ASUS,13-inch,8GB
0,-7.5,10.5,ASUS,16-inch,8GB,ASUS,13-inch,16GB
0,-11.25,10.5,ASUS,16-inch,8GB,ASUS,14-inch,4GB
0,0.0,0.5,ASUS,16-inch,8GB,ASUS,14-inch,8GB
0,-10.0,10.5,ASUS,16-inch,8GB,ASUS,14-inch,16GB
0,4.3392181396484375e-05,-2.75,ASUS,16-inch,8GB,ASUS,16-inch,4GB
0,-0.000507354736328125,3.0,ASUS,16-inch,8GB,ASUS,16-inch,16GB
0,1.7762184143066406e-05,0.0,ASUS,16-inch,8GB,Lenovo,13-inch,4GB
0,4.482269287109375e-05,-4.5,ASUS,16-inch,8GB,Lenovo,13-inch,8GB
0,-6.5,10.5,ASUS,16-inch,8GB,Lenovo,13-inch,16GB
0,-7.772445678710938e-05,1.5,ASUS,16-inch,8GB,Lenovo,14-inch,4GB
0,4.482269287109375e-05,-3.75,ASUS,16-inch,8GB,Lenovo,14-inch,8GB
0,-8.75,10.5,ASUS,16-inch,8GB,Lenovo,14-inch,16GB
0,4.4345855712890625e-05,-3.5,ASUS,16-inch,8GB,Lenovo,16-inch,4GB
0,4.506111145019531e-05,-4.875,ASUS,16-inch,8GB,Lenovo,16-inch,8GB
0,-0.000507354736328125,3.0,ASUS,16-inch,8GB,Lenovo,16-inch,16GB
0,4.0531158447265625e-05,-1.75,ASUS,16-inch,8GB,HP,13-inch,4GB
0,4.506111145019531e-05,-4.625,ASUS,16-inch,8GB,HP,13-inch,8GB
0,-3.765625,10.5,ASUS,16-inch,8GB,HP,13-inch,16GB
0,0.0,0.5,ASUS,16-inch,8GB,HP,14-inch,4GB
0,4.482269287109375e-05,-4.0,ASUS,16-inch,8GB,HP,14-inch,8GB
0,-8.5,10.5,ASUS,16-inch,8GB,HP,14-inch,16GB
0,4.482269287109375e-05,-4.125,ASUS,16-inch,8GB,HP,16-inch,4GB
0,4.5299530029296875e-05,-5.5,ASUS,16-inch,8GB,HP,16-inch,8GB
0,-0.00066375732421875,3.25,ASUS,16-inch,8GB,HP,16-inch,16GB
0,4.3392181396484375e-05,-2.625,ASUS,16-inch,8GB,Dell,13-inch,4GB
0,4.5299530029296875e-05,-5.125,ASUS,16-inch,8GB,Dell,13-inch,8GB
0,-3.28125,10.4375,ASUS,16-inch,8GB,Dell,13-inch,16GB
0,3.528594970703125e-05,-1.0,ASUS,16-inch,8GB,Dell,14-inch,4GB
0,4.482269287109375e-05,-3.75,ASUS,16-inch,8GB,Dell,14-inch,8GB
0,-8.75,10.5,ASUS,16-inch,8GB,Dell,14-inch,16GB
0,4.5299530029296875e-05,-5.5,ASUS,16-inch,8GB,Dell,16-inch,4GB
0,4.5299530029296875e-05,-5.375,ASUS,16-inch,8GB,Dell,16-inch,8GB
0,-0.00066375732421875,3.25,ASUS,16-inch,8GB,Dell,16-inch,16GB
0,3.910064697265625e-05,-1.5,ASUS,16-inch,8GB,Apple,13-inch,4GB
0,4.291534423828125e-05,-2.375,ASUS,16-inch,8GB,Apple,13-inch,8GB
0,-0.000865936279296875,3.5,ASUS,16-inch,8GB,Apple,13-inch,16GB
0,-0.0001583099365234375,2.0,ASUS,16-inch,8GB,Apple,14-inch,4GB
0,3.910064697265625e-05,-1.5,ASUS,16-inch,8GB,Apple,14-inch,8GB
0,-3.28125,10.4375,ASUS,16-inch,8GB,Apple,14-inch,16GB
0,4.4345855712890625e-05,-3.5,ASUS,16-inch,8GB,Apple,16-inch,4GB
0,4.100799560546875e-05,-1.875,ASUS,16-inch,8GB,Apple,16-inch,8GB
0,-5.054473876953125e-05,1.25,ASUS,16-inch,8GB,Apple,16-inch,16GB
0,-13.625,10.5,ASUS,16-inch,16GB,ASUS,13-inch,4GB
0,-0.0001583099365234375,2.0,ASUS,16-inch,16GB,ASUS,13-inch,8GB
0,-1.140625,10.125,ASUS,16-inch,16GB,ASUS,13-inch,16GB
0,-15.0,10.5,ASUS,16-inch,16GB,ASUS,14-inch,4GB
0,-0.000865936279296875,3.5,ASUS,16-inch,16GB,ASUS,14-inch,8GB
0,-6.5,10.5,ASUS,16-inch,16GB,ASUS,14-inch,16GB
0,-0.0031280517578125,4.75,ASUS,16-inch,16GB,ASUS,16-inch,4GB
0,-0.00011301040649414062,1.75,ASUS,16-inch,16GB,ASUS,16-inch,8GB
0,-8.5,10.5,ASUS,16-inch,16GB,Lenovo,13-inch,4GB
0,4.100799560546875e-05,-1.875,ASUS,16-inch,16GB,Lenovo,13-inch,8GB
0,-0.00112152099609375,3.75,ASUS,16-inch,16GB,Lenovo,13-inch,16GB
0,-9.75,10.5,ASUS,16-inch,16GB,Lenovo,14-inch,4GB
0,3.528594970703125e-05,-1.0,ASUS,16-inch,16GB,Lenovo,14-inch,8GB
0,-0.00112152099609375,3.75,ASUS,16-inch,16GB,Lenovo,14-inch,16GB
0,-0.000385284423828125,2.75,ASUS,16-inch,16GB,Lenovo,16-inch,4GB
0,4.2438507080078125e-05,-2.25,ASUS,16-inch,16GB,Lenovo,16-inch,8GB
0,4.00543212890625e-05,-1.625,ASUS,16-inch,16GB,Lenovo,16-inch,16GB
0,-6.75,10.5,ASUS,16-inch,16GB,HP,13-inch,4GB
0,4.3392181396484375e-05,-2.75,ASUS,16-inch,16GB,HP,13-inch,8GB
0,-0.00066375732421875,3.25,ASUS,16-inch,16GB,HP,13-inch,16GB
0,-9.0,10.5,ASUS,16-inch,16GB,HP,14-inch,4GB
0,3.838539123535156e-05,-1.375,ASUS,16-inch,16GB,HP,14-inch,8GB
0,-0.000865936279296875,3.5,ASUS,16-inch,16GB,HP,14-inch,16GB
0,-0.0001583099365234375,2.0,ASUS,16-inch,16GB,HP,16-inch,4GB
0,4.38690185546875e-05,-2.875,ASUS,16-inch,16GB,HP,16-inch,8GB
0,4.291534423828125e-05,-2.375,ASUS,16-inch,16GB,HP,16-inch,16GB
0,-5.75,10.5,ASUS,16-inch,16GB,Dell,13-inch,4GB
0,4.38690185546875e-05,-2.875,ASUS,16-inch,16GB,Dell,13-inch,8GB
0,-0.000507354736328125,3.0,ASUS,16-inch,16GB,Dell,13-inch,16GB
0,-8.25,10.5,ASUS,16-inch,16GB,Dell,14-inch,4GB
0,4.100799560546875e-05,-1.875,ASUS,16-inch,16GB,Dell,14-inch,8GB
0,-0.00066375732421875,3.25,ASUS,16-inch,16GB,Dell,14-inch,16GB
0,-9.489059448242188e-05,1.625,ASUS,16-inch,16GB,Dell,16-inch,4GB
0,4.4345855712890625e-05,-3.375,ASUS,16-inch,16GB,Dell,16-inch,8GB
0,3.910064697265625e-05,-1.5,ASUS,16-inch,16GB,Dell,16-inch,16GB
0,-0.3125,9.1875,ASUS,16-inch,16GB,Apple,13-inch,4GB
0,4.482269287109375e-05,-4.125,ASUS,16-inch,16GB,Apple,13-inch,8GB
0,-2.0503997802734375e-05,0.875,ASUS,16-inch,16GB,Apple,13-inch,16GB
0,-7.0,10.5,ASUS,16-inch,16GB,Apple,14-inch,4GB
0,4.3392181396484375e-05,-2.625,ASUS,16-inch,16GB,Apple,14-inch,8GB
0,-7.772445678710938e-05,1.5,ASUS,16-inch,16GB,Apple,14-inch,16GB
0,5.245208740234375e-06,0.375,ASUS,16-inch,16GB,Apple,16-inch,4GB
0,4.5299530029296875e-05,-5.125,ASUS,16-inch,16GB,Apple,16-inch,8GB
0,3.24249267578125e-05,-0.75,ASUS,16-inch,16GB,Apple,16-inch,16GB
0,4.0531158447265625e-05,-1.75,Lenovo,13-inch,4GB,ASUS,13-inch,4GB
0,-17.625,10.5,Lenovo,13-inch,4GB,ASUS,13-inch,8GB
0,-14.375,10.5,Lenovo,13-inch,4GB,ASUS,13-inch,16GB
0,2.86102294921875e-05,-0.5,Lenovo,13-inch,4GB,ASUS,14-inch,4GB
0,-18.375,10.5,Lenovo,13-inch,4GB,ASUS,14-inch,8GB
0,-15.25,10.5,Lenovo,13-inch,4GB,ASUS,14-inch,16GB
0,-9.5,10.5,Lenovo,13-inch,4GB,ASUS,16-inch,4GB
0,-16.0,10.5,Lenovo,13-inch,4GB,ASUS,16-inch,8GB
0,-12.125,10.5,Lenovo,13-inch,4GB,ASUS,16-inch,16GB
0,-12.5,10.5,Lenovo,13-inch,4GB,Lenovo,13-inch,8GB
0,-4.25,10.5,Lenovo,13-inch,4GB,Lenovo,13-inch,16GB
0,-0.0001583099365234375,2.0,Lenovo,13-inch,4GB,Lenovo,14-inch,4GB
0,-18.875,10.5,Lenovo,13-inch,4GB,Lenovo,14-inch,8GB
0,-16.0,10.5,Lenovo,13-inch,4GB,Lenovo,14-inch,16GB
0,-8.25,10.5,Lenovo,13-inch,4GB,Lenovo,16-inch,4GB
0,-16.625,10.5,Lenovo,13-inch,4GB,Lenovo,16-inch,8GB
0,-15.125,10.5,Lenovo,13-inch,4GB,Lenovo,16-inch,16GB
0,4.4345855712890625e-05,-3.25,Lenovo,13-inch,4GB,HP,13-inch,4GB
0,-18.25,10.5,Lenovo,13-inch,4GB,HP,13-inch,8GB
0,-14.25,10.5,Lenovo,13-inch,4GB,HP,13-inch,16GB
0,4.291534423828125e-05,-2.5,Lenovo,13-inch,4GB,HP,14-inch,4GB
0,-18.75,10.5,Lenovo,13-inch,4GB,HP,14-inch,8GB
0,-15.5,10.5,Lenovo,13-inch,4GB,HP,14-inch,16GB
0,-4.75,10.5,Lenovo,13-inch,4GB,HP,16-inch,4GB
0,-17.0,10.5,Lenovo,13-inch,4GB,HP,16-inch,8GB
0,-13.5,10.5,Lenovo,13-inch,4GB,HP,16-inch,16GB
0,3.0517578125e-05,-0.625,Lenovo,13-inch,4GB,Dell,13-inch,4GB
0,-17.625,10.5,Lenovo,13-inch,4GB,Dell,13-inch,8GB
0,-14.25,10.5,Lenovo,13-inch,4GB,Dell,13-inch,16GB
0,-6.198883056640625e-06,0.625,Lenovo,13-inch,4GB,Dell,14-inch,4GB
0,-18.375,10.5,Lenovo,13-inch,4GB,Dell,14-inch,8GB
0,-15.5,10.5,Lenovo,13-inch,4GB,Dell,14-inch,16GB
0,-8.25,10.5,Lenovo,13-inch,4GB,Dell,16-inch,4GB
0,-16.125,10.5,Lenovo,13-inch,4GB,Dell,16-inch,8GB
0,-13.0,10.5,Lenovo,13-inch,4GB,Dell,16-inch,16GB
0,-5.054473876953125e-05,1.25,Lenovo,13-inch,4GB,Apple,13-inch,4GB
0,-16.375,10.5,Lenovo,13-inch,4GB,Apple,13-inch,8GB
0,-12.125,10.5,Lenovo,13-inch,4GB,Apple,13-inch,16GB
0,3.743171691894531e-05,-1.25,Lenovo,13-inch,4GB,Apple,14-inch,4GB
0,-17.125,10.5,Lenovo,13-inch,4GB,Apple,14-inch,8GB
0,-12.75,10.5,Lenovo,13-inch,4GB,Apple,14-inch,16GB
0,-0.000865936279296875,3.5,Lenovo,13-inch,4GB,Apple,16-inch,4GB
0,-10.0,10.5,Lenovo,13-inch,4GB,Apple,16-inch,8GB
0,-9.5,10.5,Lenovo,13-inch,4GB,Apple,16-inch,16GB
0,4.5299530029296875e-05,-10.375,Lenovo,13-inch,8GB,ASUS,13-inch,4GB
0,4.5299530029296875e-05,-6.0,Lenovo,13-inch,8GB,ASUS,13-inch,8GB
0,4.5299530029296875e-05,-5.75,Lenovo,13-inch,8GB,ASUS,13-inch,16GB
0,4.5299530029296875e-05,-9.0,Lenovo,13-inch,8GB,ASUS,14-inch,4GB
0,4.5299530029296875e-05,-6.5,Lenovo,13-inch,8GB,ASUS,14-inch,8GB
0,4.4345855712890625e-05,-3.25,Lenovo,13-inch,8GB,ASUS,14-inch,16GB
0,4.5299530029296875e-05,-6.25,Lenovo,13-inch,8GB,ASUS,16-inch,4GB
0,4.5299530029296875e-05,-5.5,Lenovo,13-inch,8GB,ASUS,16-inch,8GB
0,4.482269287109375e-05,-4.5,Lenovo,13-inch,8GB,ASUS,16-inch,16GB
0,4.5299530029296875e-05,-8.125,Lenovo,13-inch,8GB,Lenovo,13-inch,4GB
0,4.5299530029296875e-05,-5.625,Lenovo,13-inch,8GB,Lenovo,13-inch,16GB
0,-2.956390380859375e-05,1.0,Lenovo,13-inch,8GB,Lenovo,14-inch,4GB
0,3.528594970703125e-05,-1.0,Lenovo,13-inch,8GB,Lenovo,14-inch,8GB
0,4.482269287109375e-05,-4.0,Lenovo,13-inch,8GB,Lenovo,14-inch,16GB
0,4.3392181396484375e-05,-2.625,Lenovo,13-inch,8GB,Lenovo,16-inch,4GB
0,4.410743713378906e-05,-3.125,Lenovo,13-inch,8GB,Lenovo,16-inch,8GB
0,4.482269287109375e-05,-4.5,Lenovo,13-inch,8GB,Lenovo,16-inch,16GB
0,4.5299530029296875e-05,-10.75,Lenovo,13-inch,8GB,HP,13-inch,4GB
0,4.5299530029296875e-05,-6.25,Lenovo,13-inch,8GB,HP,13-inch,8GB
0,4.506111145019531e-05,-4.75,Lenovo,13-inch,8GB,HP,13-inch,16GB
0,4.5299530029296875e-05,-9.25,Lenovo,13-inch,8GB,HP,14-inch,4GB
0,4.5299530029296875e-05,-5.875,Lenovo,13-inch,8GB,HP,14-inch,8GB
0,4.291534423828125e-05,-2.5,Lenovo,13-inch,8GB,HP,14-inch,16GB
0,4.5299530029296875e-05,-6.5,Lenovo,13-inch,8GB,HP,16-inch,4GB
0,4.506111145019531e-05,-4.875,Lenovo,13-inch,8GB,HP,16-inch,8GB
0,4.482269287109375e-05,-3.875,Lenovo,13-inch,8GB,HP,16-inch,16GB
0,4.5299530029296875e-05,-11.125,Lenovo,13-inch,8GB,Dell,13-inch,4GB
0,4.5299530029296875e-05,-6.0,Lenovo,13-inch,8GB,Dell,13-inch,8GB
0,4.506111145019531e-05,-4.875,Lenovo,13-inch,8GB,Dell,13-inch,16GB
0,4.5299530029296875e-05,-9.375,Lenovo,13-inch,8GB,Dell,14-inch,4GB
0,4.5299530029296875e-05,-6.25,Lenovo,13-inch,8GB,Dell,14-inch,8GB
0,4.38690185546875e-05,-2.875,Lenovo,13-inch,8GB,Dell,14-inch,16GB
0,4.5299530029296875e-05,-7.375,Lenovo,13-inch,8GB,Dell,16-inch,4GB
0,4.506111145019531e-05,-4.75,Lenovo,13-inch,8GB,Dell,16-inch,8GB
0,4.482269287109375e-05,-3.875,Lenovo,13-inch,8GB,Dell,16-inch,16GB
0,4.5299530029296875e-05,-9.875,Lenovo,13-inch,8GB,Apple,13-inch,4GB
0,4.482269287109375e-05,-4.0,Lenovo,13-inch,8GB,Apple,13-inch,8GB
0,4.5299530029296875e-05,-5.25,Lenovo,13-inch,8GB,Apple,13-inch,16GB
0,4.5299530029296875e-05,-7.5,Lenovo,13-inch,8GB,Apple,14-inch,4GB
0,4.458427429199219e-05,-3.625,Lenovo,13-inch,8GB,Apple,14-inch,8GB
0,4.4345855712890625e-05,-3.25,Lenovo,13-inch,8GB,Apple,14-inch,16GB
0,4.5299530029296875e-05,-6.625,Lenovo,13-inch,8GB,Apple,16-inch,4GB
0,4.5299530029296875e-05,-5.625,Lenovo,13-inch,8GB,Apple,16-inch,8GB
0,4.506111145019531e-05,-5.0,Lenovo,13-inch,8GB,Apple,16-inch,16GB
0,4.3392181396484375e-05,-2.625,Lenovo,13-inch,16GB,ASUS,13-inch,4GB
0,4.5299530029296875e-05,-9.125,Lenovo,13-inch,16GB,ASUS,13-inch,8GB
0,4.506111145019531e-05,-4.875,Lenovo,13-inch,16GB,ASUS,13-inch,16GB
0,4.00543212890625e-05,-1.625,Lenovo,13-inch,16GB,ASUS,14-inch,4GB
0,4.5299530029296875e-05,-10.0,Lenovo,13-inch,16GB,ASUS,14-inch,8GB
0,4.5299530029296875e-05,-5.375,Lenovo,13-inch,16GB,ASUS,14-inch,16GB
0,4.00543212890625e-05,-1.625,Lenovo,13-inch,16GB,ASUS,16-inch,4GB
0,4.5299530029296875e-05,-9.0,Lenovo,13-inch,16GB,ASUS,16-inch,8GB
0,-0.00011301040649414062,1.75,Lenovo,13-inch,16GB,ASUS,16-inch,16GB
0,4.5299530029296875e-05,-5.125,Lenovo,13-inch,16GB,Lenovo,13-inch,4GB
0,4.5299530029296875e-05,-5.375,Lenovo,13-inch,16GB,Lenovo,13-inch,8GB
0,-8.5,10.5,Lenovo,13-inch,16GB,Lenovo,14-inch,4GB
0,4.5299530029296875e-05,-9.0,Lenovo,13-inch,16GB,Lenovo,14-inch,8GB
0,4.0531158447265625e-05,-1.75,Lenovo,13-inch,16GB,Lenovo,14-inch,16GB
0,-0.01409912109375,6.25,Lenovo,13-inch,16GB,Lenovo,16-inch,4GB
0,4.5299530029296875e-05,-7.875,Lenovo,13-inch,16GB,Lenovo,16-inch,8GB
0,-0.023193359375,6.75,Lenovo,13-inch,16GB,Lenovo,16-inch,16GB
0,4.482269287109375e-05,-4.375,Lenovo,13-inch,16GB,HP,13-inch,4GB
0,4.5299530029296875e-05,-9.5,Lenovo,13-inch,16GB,HP,13-inch,8GB
0,4.5299530029296875e-05,-5.125,Lenovo,13-inch,16GB,HP,13-inch,16GB
0,4.2438507080078125e-05,-2.25,Lenovo,13-inch,16GB,HP,14-inch,4GB
0,4.5299530029296875e-05,-10.125,Lenovo,13-inch,16GB,HP,14-inch,8GB
0,4.5299530029296875e-05,-5.125,Lenovo,13-inch,16GB,HP,14-inch,16GB
0,4.1484832763671875e-05,-2.0,Lenovo,13-inch,16GB,HP,16-inch,4GB
0,4.5299530029296875e-05,-8.875,Lenovo,13-inch,16GB,HP,16-inch,8GB
0,-2.956390380859375e-05,1.0,Lenovo,13-inch,16GB,HP,16-inch,16GB
0,4.506111145019531e-05,-4.625,Lenovo,13-inch,16GB,Dell,13-inch,4GB
0,4.5299530029296875e-05,-9.5,Lenovo,13-inch,16GB,Dell,13-inch,8GB
0,4.5299530029296875e-05,-5.25,Lenovo,13-inch,16GB,Dell,13-inch,16GB
0,4.410743713378906e-05,-3.125,Lenovo,13-inch,16GB,Dell,14-inch,4GB
0,4.5299530029296875e-05,-10.25,Lenovo,13-inch,16GB,Dell,14-inch,8GB
0,4.5299530029296875e-05,-5.375,Lenovo,13-inch,16GB,Dell,14-inch,16GB
0,4.4345855712890625e-05,-3.375,Lenovo,13-inch,16GB,Dell,16-inch,4GB
0,4.5299530029296875e-05,-9.125,Lenovo,13-inch,16GB,Dell,16-inch,8GB
0,-3.9577484130859375e-05,1.125,Lenovo,13-inch,16GB,Dell,16-inch,16GB
0,4.410743713378906e-05,-3.125,Lenovo,13-inch,16GB,Apple,13-inch,4GB
0,4.5299530029296875e-05,-9.5,Lenovo,13-inch,16GB,Apple,13-inch,8GB
0,4.3392181396484375e-05,-2.75,Lenovo,13-inch,16GB,Apple,13-inch,16GB
0,4.00543212890625e-05,-1.625,Lenovo,13-inch,16GB,Apple,14-inch,4GB
0,4.5299530029296875e-05,-9.875,Lenovo,13-inch,16GB,Apple,14-inch,8GB
0,4.38690185546875e-05,-3.0,Lenovo,13-inch,16GB,Apple,14-inch,16GB
0,4.2438507080078125e-05,-2.25,Lenovo,13-inch,16GB,Apple,16-inch,4GB
0,4.5299530029296875e-05,-8.625,Lenovo,13-inch,16GB,Apple,16-inch,8GB
0,3.0517578125e-05,-0.625,Lenovo,13-inch,16GB,Apple,16-inch,16GB
0,4.4345855712890625e-05,-3.25,Lenovo,14-inch,4GB,ASUS,13-inch,4GB
0,-18.75,10.5,Lenovo,14-inch,4GB,ASUS,13-inch,8GB
0,-15.625,10.5,Lenovo,14-inch,4GB,ASUS,13-inch,16GB
0,3.910064697265625e-05,-1.5,Lenovo,14-inch,4GB,ASUS,14-inch,4GB
0,-17.5,10.5,Lenovo,14-inch,4GB,ASUS,14-inch,8GB
0,-15.5,10.5,Lenovo,14-inch,4GB,ASUS,14-inch,16GB
0,-8.0,10.5,Lenovo,14-inch,4GB,ASUS,16-inch,4GB
0,-16.625,10.5,Lenovo,14-inch,4GB,ASUS,16-inch,8GB
0,-13.0,10.5,Lenovo,14-inch,4GB,ASUS,16-inch,16GB
0,2.6345252990722656e-05,-0.375,Lenovo,14-inch,4GB,Lenovo,13-inch,4GB
0,-19.625,10.5,Lenovo,14-inch,4GB,Lenovo,13-inch,8GB
0,-16.0,10.5,Lenovo,14-inch,4GB,Lenovo,13-inch,16GB
0,-13.0,10.5,Lenovo,14-inch,4GB,Lenovo,14-inch,8GB
0,-8.75,10.5,Lenovo,14-inch,4GB,Lenovo,14-inch,16GB
0,-8.75,10.5,Lenovo,14-inch,4GB,Lenovo,16-inch,4GB
0,-17.25,10.5,Lenovo,14-inch,4GB,Lenovo,16-inch,8GB
0,-15.625,10.5,Lenovo,14-inch,4GB,Lenovo,16-inch,16GB
0,4.5299530029296875e-05,-5.5,Lenovo,14-inch,4GB,HP,13-inch,4GB
0,-18.75,10.5,Lenovo,14-inch,4GB,HP,13-inch,8GB
0,-15.75,10.5,Lenovo,14-inch,4GB,HP,13-inch,16GB
0,4.458427429199219e-05,-3.625,Lenovo,14-inch,4GB,HP,14-inch,4GB
0,-18.25,10.5,Lenovo,14-inch,4GB,HP,14-inch,8GB
0,-15.5,10.5,Lenovo,14-inch,4GB,HP,14-inch,16GB
0,-4.03125,10.5,Lenovo,14-inch,4GB,HP,16-inch,4GB
0,-17.875,10.5,Lenovo,14-inch,4GB,HP,16-inch,8GB
0,-13.625,10.5,Lenovo,14-inch,4GB,HP,16-inch,16GB
0,4.2438507080078125e-05,-2.25,Lenovo,14-inch,4GB,Dell,13-inch,4GB
0,-18.75,10.5,Lenovo,14-inch,4GB,Dell,13-inch,8GB
0,-15.875,10.5,Lenovo,14-inch,4GB,Dell,13-inch,16GB
0,3.0517578125e-05,-0.625,Lenovo,14-inch,4GB,Dell,14-inch,4GB
0,-17.375,10.5,Lenovo,14-inch,4GB,Dell,14-inch,8GB
0,-15.25,10.5,Lenovo,14-inch,4GB,Dell,14-inch,16GB
0,-7.5,10.5,Lenovo,14-inch,4GB,Dell,16-inch,4GB
0,-17.375,10.5,Lenovo,14-inch,4GB,Dell,16-inch,8GB
0,-13.625,10.5,Lenovo,14-inch,4GB,Dell,16-inch,16GB
0,4.00543212890625e-05,-1.625,Lenovo,14-inch,4GB,Apple,13-inch,4GB
0,-16.625,10.5,Lenovo,14-inch,4GB,Apple,13-inch,8GB
0,-12.625,10.5,Lenovo,14-inch,4GB,Apple,13-inch,16GB
0,0.0,0.5,Lenovo,14-inch,4GB,Apple,14-inch,4GB
0,-16.125,10.5,Lenovo,14-inch,4GB,Apple,14-inch,8GB
0,-12.375,10.5,Lenovo,14-inch,4GB,Apple,14-inch,16GB
0,-0.0002899169921875,2.5,Lenovo,14-inch,4GB,Apple,16-inch,4GB
0,-12.0,10.5,Lenovo,14-inch,4GB,Apple,16-inch,8GB
0,-9.5,10.5,Lenovo,14-inch,4GB,Apple,16-inch,16GB
0,4.5299530029296875e-05,-6.75,Lenovo,14-inch,8GB,ASUS,13-inch,4GB
0,4.5299530029296875e-05,-6.625,Lenovo,14-inch,8GB,ASUS,13-inch,8GB
0,4.3392181396484375e-05,-2.75,Lenovo,14-inch,8GB,ASUS,13-inch,16GB
0,4.5299530029296875e-05,-9.25,Lenovo,14-inch,8GB,ASUS,14-inch,4GB
0,4.5299530029296875e-05,-6.25,Lenovo,14-inch,8GB,ASUS,14-inch,8GB
0,4.5299530029296875e-05,-5.375,Lenovo,14-inch,8GB,ASUS,14-inch,16GB
0,4.506111145019531e-05,-4.75,Lenovo,14-inch,8GB,ASUS,16-inch,4GB
0,4.5299530029296875e-05,-5.375,Lenovo,14-inch,8GB,ASUS,16-inch,8GB
0,4.482269287109375e-05,-3.875,Lenovo,14-inch,8GB,ASUS,16-inch,16GB
0,-8.5,10.5,Lenovo,14-inch,8GB,Lenovo,13-inch,4GB
0,4.291534423828125e-05,-2.375,Lenovo,14-inch,8GB,Lenovo,13-inch,8GB
0,4.4345855712890625e-05,-3.25,Lenovo,14-inch,8GB,Lenovo,13-inch,16GB
0,4.5299530029296875e-05,-6.625,Lenovo,14-inch,8GB,Lenovo,14-inch,4GB
0,4.5299530029296875e-05,-5.25,Lenovo,14-inch,8GB,Lenovo,14-inch,16GB
0,-2.0503997802734375e-05,0.875,Lenovo,14-inch,8GB,Lenovo,16-inch,4GB
0,4.38690185546875e-05,-2.875,Lenovo,14-inch,8GB,Lenovo,16-inch,8GB
0,4.4345855712890625e-05,-3.5,Lenovo,14-inch,8GB,Lenovo,16-inch,16GB
0,4.5299530029296875e-05,-7.75,Lenovo,14-inch,8GB,HP,13-inch,4GB
0,4.5299530029296875e-05,-6.25,Lenovo,14-inch,8GB,HP,13-inch,8GB
0,4.100799560546875e-05,-1.875,Lenovo,14-inch,8GB,HP,13-inch,16GB
0,4.5299530029296875e-05,-9.875,Lenovo,14-inch,8GB,HP,14-inch,4GB
0,4.5299530029296875e-05,-6.25,Lenovo,14-inch,8GB,HP,14-inch,8GB
0,4.482269287109375e-05,-4.5,Lenovo,14-inch,8GB,HP,14-inch,16GB
0,4.482269287109375e-05,-4.375,Lenovo,14-inch,8GB,HP,16-inch,4GB
0,4.506111145019531e-05,-4.75,Lenovo,14-inch,8GB,HP,16-inch,8GB
0,4.4345855712890625e-05,-3.5,Lenovo,14-inch,8GB,HP,16-inch,16GB
0,4.5299530029296875e-05,-8.0,Lenovo,14-inch,8GB,Dell,13-inch,4GB
0,4.5299530029296875e-05,-6.125,Lenovo,14-inch,8GB,Dell,13-inch,8GB
0,4.291534423828125e-05,-2.375,Lenovo,14-inch,8GB,Dell,13-inch,16GB
0,4.5299530029296875e-05,-9.875,Lenovo,14-inch,8GB,Dell,14-inch,4GB
0,4.5299530029296875e-05,-6.125,Lenovo,14-inch,8GB,Dell,14-inch,8GB
0,4.482269287109375e-05,-4.25,Lenovo,14-inch,8GB,Dell,14-inch,16GB
0,4.5299530029296875e-05,-5.125,Lenovo,14-inch,8GB,Dell,16-inch,4GB
0,4.482269287109375e-05,-4.375,Lenovo,14-inch,8GB,Dell,16-inch,8GB
0,4.38690185546875e-05,-3.0,Lenovo,14-inch,8GB,Dell,16-inch,16GB
0,4.5299530029296875e-05,-7.5,Lenovo,14-inch,8GB,Apple,13-inch,4GB
0,4.482269287109375e-05,-4.0,Lenovo,14-inch,8GB,Apple,13-inch,8GB
0,4.410743713378906e-05,-3.125,Lenovo,14-inch,8GB,Apple,13-inch,16GB
0,4.5299530029296875e-05,-8.25,Lenovo,14-inch,8GB,Apple,14-inch,4GB
0,4.482269287109375e-05,-4.25,Lenovo,14-inch,8GB,Apple,14-inch,8GB
0,4.506111145019531e-05,-5.0,Lenovo,14-inch,8GB,Apple,14-inch,16GB
0,4.482269287109375e-05,-4.375,Lenovo,14-inch,8GB,Apple,16-inch,4GB
0,4.506111145019531e-05,-4.625,Lenovo,14-inch,8GB,Apple,16-inch,8GB
0,4.506111145019531e-05,-4.75,Lenovo,14-inch,8GB,Apple,16-inch,16GB
0,-7.25,10.5,Lenovo,14-inch,16GB,ASUS,13-inch,4GB
0,4.5299530029296875e-05,-8.375,Lenovo,14-inch,16GB,ASUS,13-inch,8GB
0,4.506111145019531e-05,-4.875,Lenovo,14-inch,16GB,ASUS,13-inch,16GB
0,-0.0002155303955078125,2.25,Lenovo,14-inch,16GB,ASUS,14-inch,4GB
0,4.5299530029296875e-05,-9.125,Lenovo,14-inch,16GB,ASUS,14-inch,8GB
0,4.506111145019531e-05,-5.0,Lenovo,14-inch,16GB,ASUS,14-inch,16GB
0,-0.0001583099365234375,2.0,Lenovo,14-inch,16GB,ASUS,16-inch,4GB
0,4.5299530029296875e-05,-9.0,Lenovo,14-inch,16GB,ASUS,16-inch,8GB
0,-0.0001850128173828125,2.125,Lenovo,14-inch,16GB,ASUS,16-inch,16GB
0,-12.25,10.5,Lenovo,14-inch,16GB,Lenovo,13-inch,4GB
0,4.5299530029296875e-05,-6.75,Lenovo,14-inch,16GB,Lenovo,13-inch,8GB
0,3.743171691894531e-05,-1.25,Lenovo,14-inch,16GB,Lenovo,13-inch,16GB
0,1.4066696166992188e-05,0.125,Lenovo,14-inch,16GB,Lenovo,14-inch,4GB
0,4.5299530029296875e-05,-5.25,Lenovo,14-inch,16GB,Lenovo,14-inch,8GB
0,-6.75,10.5,Lenovo,14-inch,16GB,Lenovo,16-inch,4GB
0,4.5299530029296875e-05,-7.75,Lenovo,14-inch,16GB,Lenovo,16-inch,8GB
0,-6.75,10.5,Lenovo,14-inch,16GB,Lenovo,16-inch,16GB
0,-7.0,10.5,Lenovo,14-inch,16GB,HP,13-inch,4GB
0,4.5299530029296875e-05,-9.25,Lenovo,14-inch,16GB,HP,13-inch,8GB
0,4.506111145019531e-05,-4.625,Lenovo,14-inch,16GB,HP,13-inch,16GB
0,-3.9577484130859375e-05,1.125,Lenovo,14-inch,16GB,HP,14-inch,4GB
0,4.5299530029296875e-05,-9.625,Lenovo,14-inch,16GB,HP,14-inch,8GB
0,4.506111145019531e-05,-4.875,Lenovo,14-inch,16GB,HP,14-inch,16GB
0,-0.00066375732421875,3.25,Lenovo,14-inch,16GB,HP,16-inch,4GB
0,4.5299530029296875e-05,-8.875,Lenovo,14-inch,16GB,HP,16-inch,8GB
0,-7.772445678710938e-05,1.5,Lenovo,14-inch,16GB,HP,16-inch,16GB
0,-7.0,10.5,Lenovo,14-inch,16GB,Dell,13-inch,4GB
0,4.5299530029296875e-05,-8.875,Lenovo,14-inch,16GB,Dell,13-inch,8GB
0,4.506111145019531e-05,-4.75,Lenovo,14-inch,16GB,Dell,13-inch,16GB
0,3.528594970703125e-05,-1.0,Lenovo,14-inch,16GB,Dell,14-inch,4GB
0,4.5299530029296875e-05,-9.875,Lenovo,14-inch,16GB,Dell,14-inch,8GB
0,4.506111145019531e-05,-4.75,Lenovo,14-inch,16GB,Dell,14-inch,16GB
0,-6.198883056640625e-06,0.625,Lenovo,14-inch,16GB,Dell,16-inch,4GB
0,4.5299530029296875e-05,-8.875,Lenovo,14-inch,16GB,Dell,16-inch,8GB
0,-0.00011301040649414062,1.75,Lenovo,14-inch,16GB,Dell,16-inch,16GB
0,-0.000865936279296875,3.5,Lenovo,14-inch,16GB,Apple,13-inch,4GB
0,4.5299530029296875e-05,-9.375,Lenovo,14-inch,16GB,Apple,13-inch,8GB
0,4.4345855712890625e-05,-3.25,Lenovo,14-inch,16GB,Apple,13-inch,16GB
0,2.86102294921875e-05,-0.5,Lenovo,14-inch,16GB,Apple,14-inch,4GB
0,4.5299530029296875e-05,-9.75,Lenovo,14-inch,16GB,Apple,14-inch,8GB
0,4.3392181396484375e-05,-2.625,Lenovo,14-inch,16GB,Apple,14-inch,16GB
0,-6.198883056640625e-06,0.625,Lenovo,14-inch,16GB,Apple,16-inch,4GB
0,4.5299530029296875e-05,-8.625,Lenovo,14-inch,16GB,Apple,16-inch,8GB
0,3.528594970703125e-05,-1.0,Lenovo,14-inch,16GB,Apple,16-inch,16GB
0,4.482269287109375e-05,-4.125,Lenovo,16-inch,4GB,ASUS,13-inch,4GB
0,-16.125,10.5,Lenovo,16-inch,4GB,ASUS,13-inch,8GB
0,-0.000385284423828125,2.75,Lenovo,16-inch,4GB,ASUS,13-inch,16GB
0,4.482269287109375e-05,-4.375,Lenovo,16-inch,4GB,ASUS,14-inch,4GB
0,-16.125,10.5,Lenovo,16-inch,4GB,ASUS,14-inch,8GB
0,-0.00518798828125,5.25,Lenovo,16-inch,4GB,ASUS,14-inch,16GB
0,3.838539123535156e-05,-1.375,Lenovo,16-inch,4GB,ASUS,16-inch,4GB
0,-15.75,10.5,Lenovo,16-inch,4GB,ASUS,16-inch,8GB
0,-0.0002899169921875,2.5,Lenovo,16-inch,4GB,ASUS,16-inch,16GB
0,4.5299530029296875e-05,-6.75,Lenovo,16-inch,4GB,Lenovo,13-inch,4GB
0,-17.875,10.5,Lenovo,16-inch,4GB,Lenovo,13-inch,8GB
0,-8.5,10.5,Lenovo,16-inch,4GB,Lenovo,13-inch,16GB
0,4.506111145019531e-05,-4.625,Lenovo,16-inch,4GB,Lenovo,14-inch,4GB
0,-18.25,10.5,Lenovo,16-inch,4GB,Lenovo,14-inch,8GB
0,-10.75,10.5,Lenovo,16-inch,4GB,Lenovo,14-inch,16GB
0,-9.75,10.5,Lenovo,16-inch,4GB,Lenovo,16-inch,8GB
0,-0.38671875,9.375,Lenovo,16-inch,4GB,Lenovo,16-inch,16GB
0,4.5299530029296875e-05,-5.375,Lenovo,16-inch,4GB,HP,13-inch,4GB
0,-17.375,10.5,Lenovo,16-inch,4GB,HP,13-inch,8GB
0,-0.00066375732421875,3.25,Lenovo,16-inch,4GB,HP,13-inch,16GB
0,4.5299530029296875e-05,-5.75,Lenovo,16-inch,4GB,HP,14-inch,4GB
0,-17.25,10.5,Lenovo,16-inch,4GB,HP,14-inch,8GB
0,-4.5,10.5,Lenovo,16-inch,4GB,HP,14-inch,16GB
0,4.482269287109375e-05,-4.25,Lenovo,16-inch,4GB,HP,16-inch,4GB
0,-17.0,10.5,Lenovo,16-inch,4GB,HP,16-inch,8GB
0,-0.000385284423828125,2.75,Lenovo,16-inch,4GB,HP,16-inch,16GB
0,4.482269287109375e-05,-4.0,Lenovo,16-inch,4GB,Dell,13-inch,4GB
0,-17.0,10.5,Lenovo,16-inch,4GB,Dell,13-inch,8GB
0,-0.000385284423828125,2.75,Lenovo,16-inch,4GB,Dell,13-inch,16GB
0,4.482269287109375e-05,-3.875,Lenovo,16-inch,4GB,Dell,14-inch,4GB
0,-17.125,10.5,Lenovo,16-inch,4GB,Dell,14-inch,8GB
0,-1.3125,10.1875,Lenovo,16-inch,4GB,Dell,14-inch,16GB
0,2.6345252990722656e-05,-0.375,Lenovo,16-inch,4GB,Dell,16-inch,4GB
0,-17.0,10.5,Lenovo,16-inch,4GB,Dell,16-inch,8GB
0,-0.00066375732421875,3.25,Lenovo,16-inch,4GB,Dell,16-inch,16GB
0,4.1961669921875e-05,-2.125,Lenovo,16-inch,4GB,Apple,13-inch,4GB
0,-15.25,10.5,Lenovo,16-inch,4GB,Apple,13-inch,8GB
0,-0.010986328125,6.0,Lenovo,16-inch,4GB,Apple,13-inch,16GB
0,4.482269287109375e-05,-3.875,Lenovo,16-inch,4GB,Apple,14-inch,4GB
0,-14.75,10.5,Lenovo,16-inch,4GB,Apple,14-inch,8GB
0,-0.048583984375,7.4375,Lenovo,16-inch,4GB,Apple,14-inch,16GB
0,3.0517578125e-05,-0.625,Lenovo,16-inch,4GB,Apple,16-inch,4GB
0,-13.375,10.5,Lenovo,16-inch,4GB,Apple,16-inch,8GB
0,-0.00011301040649414062,1.75,Lenovo,16-inch,4GB,Apple,16-inch,16GB
0,3.62396240234375e-05,-1.125,Lenovo,16-inch,8GB,ASUS,13-inch,4GB
0,4.5299530029296875e-05,-5.375,Lenovo,16-inch,8GB,ASUS,13-inch,8GB
0,-0.16015625,8.5625,Lenovo,16-inch,8GB,ASUS,13-inch,16GB
0,1.4066696166992188e-05,0.125,Lenovo,16-inch,8GB,ASUS,14-inch,4GB
0,4.506111145019531e-05,-4.625,Lenovo,16-inch,8GB,ASUS,14-inch,8GB
0,-8.5,10.5,Lenovo,16-inch,8GB,ASUS,14-inch,16GB
0,4.482269287109375e-05,-3.875,Lenovo,16-inch,8GB,ASUS,16-inch,4GB
0,4.5299530029296875e-05,-6.125,Lenovo,16-inch,8GB,ASUS,16-inch,8GB
0,-0.000385284423828125,2.75,Lenovo,16-inch,8GB,ASUS,16-inch,16GB
0,-7.75,10.5,Lenovo,16-inch,8GB,Lenovo,13-inch,4GB
0,4.0531158447265625e-05,-1.75,Lenovo,16-inch,8GB,Lenovo,13-inch,8GB
0,-8.0,10.5,Lenovo,16-inch,8GB,Lenovo,13-inch,16GB
0,-9.5,10.5,Lenovo,16-inch,8GB,Lenovo,14-inch,4GB
0,1.7762184143066406e-05,0.0,Lenovo,16-inch,8GB,Lenovo,14-inch,8GB
0,-10.5,10.5,Lenovo,16-inch,8GB,Lenovo,14-inch,16GB
0,4.482269287109375e-05,-3.875,Lenovo,16-inch,8GB,Lenovo,16-inch,4GB
0,-0.000507354736328125,3.0,Lenovo,16-inch,8GB,Lenovo,16-inch,16GB
0,4.3392181396484375e-05,-2.625,Lenovo,16-inch,8GB,HP,13-inch,4GB
0,4.506111145019531e-05,-5.0,Lenovo,16-inch,8GB,HP,13-inch,8GB
0,-6.75,10.5,Lenovo,16-inch,8GB,HP,13-inch,16GB
0,3.24249267578125e-05,-0.75,Lenovo,16-inch,8GB,HP,14-inch,4GB
0,4.482269287109375e-05,-4.375,Lenovo,16-inch,8GB,HP,14-inch,8GB
0,-9.5,10.5,Lenovo,16-inch,8GB,HP,14-inch,16GB
0,4.482269287109375e-05,-4.5,Lenovo,16-inch,8GB,HP,16-inch,4GB
0,4.5299530029296875e-05,-6.0,Lenovo,16-inch,8GB,HP,16-inch,8GB
0,-0.00066375732421875,3.25,Lenovo,16-inch,8GB,HP,16-inch,16GB
0,4.410743713378906e-05,-3.125,Lenovo,16-inch,8GB,Dell,13-inch,4GB
0,4.5299530029296875e-05,-5.125,Lenovo,16-inch,8GB,Dell,13-inch,8GB
0,-7.0,10.5,Lenovo,16-inch,8GB,Dell,13-inch,16GB
0,4.1961669921875e-05,-2.125,Lenovo,16-inch,8GB,Dell,14-inch,4GB
0,4.482269287109375e-05,-4.375,Lenovo,16-inch,8GB,Dell,14-inch,8GB
0,-9.5,10.5,Lenovo,16-inch,8GB,Dell,14-inch,16GB
0,4.5299530029296875e-05,-5.5,Lenovo,16-inch,8GB,Dell,16-inch,4GB
0,4.5299530029296875e-05,-5.5,Lenovo,16-inch,8GB,Dell,16-inch,8GB
0,-0.00112152099609375,3.75,Lenovo,16-inch,8GB,Dell,16-inch,16GB
0,4.291534423828125e-05,-2.5,Lenovo,16-inch,8GB,Apple,13-inch,4GB
0,4.3392181396484375e-05,-2.75,Lenovo,16-inch,8GB,Apple,13-inch,8GB
0,-0.000865936279296875,3.5,Lenovo,16-inch,8GB,Apple,13-inch,16GB
0,2.09808349609375e-05,-0.125,Lenovo,16-inch,8GB,Apple,14-inch,4GB
0,4.291534423828125e-05,-2.5,Lenovo,16-inch,8GB,Apple,14-inch,8GB
0,-1.9140625,10.3125,Lenovo,16-inch,8GB,Apple,14-inch,16GB
0,4.506111145019531e-05,-4.875,Lenovo,16-inch,8GB,Apple,16-inch,4GB
0,4.38690185546875e-05,-2.875,Lenovo,16-inch,8GB,Apple,16-inch,8GB
0,-2.956390380859375e-05,1.0,Lenovo,16-inch,8GB,Apple,16-inch,16GB
0,-7.75,10.5,Lenovo,16-inch,16GB,ASUS,13-inch,4GB
0,4.291534423828125e-05,-2.375,Lenovo,16-inch,16GB,ASUS,13-inch,8GB
0,-0.00112152099609375,3.75,Lenovo,16-inch,16GB,ASUS,13-inch,16GB
0,-9.5,10.5,Lenovo,16-inch,16GB,ASUS,14-inch,4GB
0,3.910064697265625e-05,-1.5,Lenovo,16-inch,16GB,ASUS,14-inch,8GB
0,-0.00112152099609375,3.75,Lenovo,16-inch,16GB,ASUS,14-inch,16GB
0,-0.0002899169921875,2.5,Lenovo,16-inch,16GB,ASUS,16-inch,4GB
0,4.3392181396484375e-05,-2.75,Lenovo,16-inch,16GB,ASUS,16-inch,8GB
0,4.3392181396484375e-05,-2.625,Lenovo,16-inch,16GB,ASUS,16-inch,16GB
0,-12.875,10.5,Lenovo,16-inch,16GB,Lenovo,13-inch,4GB
0,5.245208740234375e-06,0.375,Lenovo,16-inch,16GB,Lenovo,13-inch,8GB
0,-0.16015625,8.5625,Lenovo,16-inch,16GB,Lenovo,13-inch,16GB
0,-14.25,10.5,Lenovo,16-inch,16GB,Lenovo,14-inch,4GB
0,-0.0001583099365234375,2.0,Lenovo,16-inch,16GB,Lenovo,14-inch,8GB
0,-4.5,10.5,Lenovo,16-inch,16GB,Lenovo,14-inch,16GB
0,-0.00145721435546875,4.0,Lenovo,16-inch,16GB,Lenovo,16-inch,4GB
0,-0.00011301040649414062,1.75,Lenovo,16-inch,16GB,Lenovo,16-inch,8GB
0,-6.75,10.5,Lenovo,16-inch,16GB,HP,13-inch,4GB
0,4.482269287109375e-05,-3.75,Lenovo,16-inch,16GB,HP,13-inch,8GB
0,-0.000865936279296875,3.5,Lenovo,16-inch,16GB,HP,13-inch,16GB
0,-8.75,10.5,Lenovo,16-inch,16GB,HP,14-inch,4GB
0,4.410743713378906e-05,-3.125,Lenovo,16-inch,16GB,HP,14-inch,8GB
0,-0.00112152099609375,3.75,Lenovo,16-inch,16GB,HP,14-inch,16GB
0,-0.0001583099365234375,2.0,Lenovo,16-inch,16GB,HP,16-inch,4GB
0,4.4345855712890625e-05,-3.25,Lenovo,16-inch,16GB,HP,16-inch,8GB
0,4.38690185546875e-05,-3.0,Lenovo,16-inch,16GB,HP,16-inch,16GB
0,-5.75,10.5,Lenovo,16-inch,16GB,Dell,13-inch,4GB
0,4.482269287109375e-05,-3.75,Lenovo,16-inch,16GB,Dell,13-inch,8GB
0,-0.000865936279296875,3.5,Lenovo,16-inch,16GB,Dell,13-inch,16GB
0,-8.5,10.5,Lenovo,16-inch,16GB,Dell,14-inch,4GB
0,4.291534423828125e-05,-2.5,Lenovo,16-inch,16GB,Dell,14-inch,8GB
0,-0.00112152099609375,3.75,Lenovo,16-inch,16GB,Dell,14-inch,16GB
0,5.245208740234375e-06,0.375,Lenovo,16-inch,16GB,Dell,16-inch,4GB
0,4.482269287109375e-05,-3.75,Lenovo,16-inch,16GB,Dell,16-inch,8GB
0,4.291534423828125e-05,-2.5,Lenovo,16-inch,16GB,Dell,16-inch,16GB
0,-0.00112152099609375,3.75,Lenovo,16-inch,16GB,Apple,13-inch,4GB
0,4.506111145019531e-05,-4.75,Lenovo,16-inch,16GB,Apple,13-inch,8GB
0,0.0,0.5,Lenovo,16-inch,16GB,Apple,13-inch,16GB
0,-4.5,10.5,Lenovo,16-inch,16GB,Apple,14-inch,4GB
0,4.482269287109375e-05,-3.875,Lenovo,16-inch,16GB,Apple,14-inch,8GB
0,-1.2874603271484375e-05,0.75,Lenovo,16-inch,16GB,Apple,14-inch,16GB
0,2.6345252990722656e-05,-0.375,Lenovo,16-inch,16GB,Apple,16-inch,4GB
0,4.5299530029296875e-05,-5.5,Lenovo,16-inch,16GB,Apple,16-inch,8GB
0,4.00543212890625e-05,-1.625,Lenovo,16-inch,16GB,Apple,16-inch,16GB
0,-0.00188446044921875,4.25,HP,13-inch,4GB,ASUS,13-inch,4GB
0,-18.25,10.5,HP,13-inch,4GB,ASUS,13-inch,8GB
0,-14.5,10.5,HP,13-inch,4GB,ASUS,13-inch,16GB
0,-0.16015625,8.5625,HP,13-inch,4GB,ASUS,14-inch,4GB
0,-19.125,10.5,HP,13-inch,4GB,ASUS,14-inch,8GB
0,-16.0,10.5,HP,13-inch,4GB,ASUS,14-inch,16GB
0,-11.75,10.5,HP,13-inch,4GB,ASUS,16-inch,4GB
0,-16.625,10.5,HP,13-inch,4GB,ASUS,16-inch,8GB
0,-12.75,10.5,HP,13-inch,4GB,ASUS,16-inch,16GB
0,-3.046875,10.4375,HP,13-inch,4GB,Lenovo,13-inch,4GB
0,-18.0,10.5,HP,13-inch,4GB,Lenovo,13-inch,8GB
0,-14.625,10.5,HP,13-inch,4GB,Lenovo,13-inch,16GB
0,-7.25,10.5,HP,13-inch,4GB,Lenovo,14-inch,4GB
0,-18.75,10.5,HP,13-inch,4GB,Lenovo,14-inch,8GB
0,-15.5,10.5,HP,13-inch,4GB,Lenovo,14-inch,16GB
0,-11.75,10.5,HP,13-inch,4GB,Lenovo,16-inch,4GB
0,-16.0,10.5,HP,13-inch,4GB,Lenovo,16-inch,8GB
0,-13.25,10.5,HP,13-inch,4GB,Lenovo,16-inch,16GB
0,-13.0,10.5,HP,13-inch,4GB,HP,13-inch,8GB
0,-8.0,10.5,HP,13-inch,4GB,HP,13-inch,16GB
0,-0.0002155303955078125,2.25,HP,13-inch,4GB,HP,14-inch,4GB
0,-19.375,10.5,HP,13-inch,4GB,HP,14-inch,8GB
0,-16.375,10.5,HP,13-inch,4GB,HP,14-inch,16GB
0,-9.0,10.5,HP,13-inch,4GB,HP,16-inch,4GB
0,-17.5,10.5,HP,13-inch,4GB,HP,16-inch,8GB
0,-15.875,10.5,HP,13-inch,4GB,HP,16-inch,16GB
0,-0.0003337860107421875,2.625,HP,13-inch,4GB,Dell,13-inch,4GB
0,-18.25,10.5,HP,13-inch,4GB,Dell,13-inch,8GB
0,-14.5,10.5,HP,13-inch,4GB,Dell,13-inch,16GB
0,-0.3125,9.1875,HP,13-inch,4GB,Dell,14-inch,4GB
0,-18.875,10.5,HP,13-inch,4GB,Dell,14-inch,8GB
0,-15.625,10.5,HP,13-inch,4GB,Dell,14-inch,16GB
0,-10.875,10.5,HP,13-inch,4GB,Dell,16-inch,4GB
0,-17.125,10.5,HP,13-inch,4GB,Dell,16-inch,8GB
0,-13.75,10.5,HP,13-inch,4GB,Dell,16-inch,16GB
0,-2.8125,10.4375,HP,13-inch,4GB,Apple,13-inch,4GB
0,-16.625,10.5,HP,13-inch,4GB,Apple,13-inch,8GB
0,-12.375,10.5,HP,13-inch,4GB,Apple,13-inch,16GB
0,-0.00112152099609375,3.75,HP,13-inch,4GB,Apple,14-inch,4GB
0,-17.5,10.5,HP,13-inch,4GB,Apple,14-inch,8GB
0,-13.375,10.5,HP,13-inch,4GB,Apple,14-inch,16GB
0,-8.0,10.5,HP,13-inch,4GB,Apple,16-inch,4GB
0,-12.0,10.5,HP,13-inch,4GB,Apple,16-inch,8GB
0,-11.75,10.5,HP,13-inch,4GB,Apple,16-inch,16GB
0,4.5299530029296875e-05,-10.5,HP,13-inch,8GB,ASUS,13-inch,4GB
0,4.5299530029296875e-05,-6.375,HP,13-inch,8GB,ASUS,13-inch,8GB
0,4.5299530029296875e-05,-6.375,HP,13-inch,8GB,ASUS,13-inch,16GB
0,4.5299530029296875e-05,-9.125,HP,13-inch,8GB,ASUS,14-inch,4GB
0,4.5299530029296875e-05,-6.375,HP,13-inch,8GB,ASUS,14-inch,8GB
0,4.482269287109375e-05,-4.125,HP,13-inch,8GB,ASUS,14-inch,16GB
0,4.5299530029296875e-05,-6.125,HP,13-inch,8GB,ASUS,16-inch,4GB
0,4.5299530029296875e-05,-5.375,HP,13-inch,8GB,ASUS,16-inch,8GB
0,4.506111145019531e-05,-5.0,HP,13-inch,8GB,ASUS,16-inch,16GB
0,4.5299530029296875e-05,-9.875,HP,13-inch,8GB,Lenovo,13-inch,4GB
0,4.5299530029296875e-05,-6.125,HP,13-inch,8GB,Lenovo,13-inch,8GB
0,4.5299530029296875e-05,-5.5,HP,13-inch,8GB,Lenovo,13-inch,16GB
0,4.5299530029296875e-05,-7.75,HP,13-inch,8GB,Lenovo,14-inch,4GB
0,4.5299530029296875e-05,-6.25,HP,13-inch,8GB,Lenovo,14-inch,8GB
0,4.4345855712890625e-05,-3.5,HP,13-inch,8GB,Lenovo,14-inch,16GB
0,4.506111145019531e-05,-4.875,HP,13-inch,8GB,Lenovo,16-inch,4GB
0,4.482269287109375e-05,-4.25,HP,13-inch,8GB,Lenovo,16-inch,8GB
0,4.482269287109375e-05,-4.0,HP,13-inch,8GB,Lenovo,16-inch,16GB
0,4.5299530029296875e-05,-8.375,HP,13-inch,8GB,HP,13-inch,4GB
0,4.5299530029296875e-05,-6.25,HP,13-inch,8GB,HP,13-inch,16GB
0,-2.956390380859375e-05,1.0,HP,13-inch,8GB,HP,14-inch,4GB
0,4.100799560546875e-05,-1.875,HP,13-inch,8GB,HP,14-inch,8GB
0,4.482269287109375e-05,-4.125,HP,13-inch,8GB,HP,14-inch,16GB
0,4.4345855712890625e-05,-3.375,HP,13-inch,8GB,HP,16-inch,4GB
0,4.482269287109375e-05,-4.125,HP,13-inch,8GB,HP,16-inch,8GB
0,4.506111145019531e-05,-4.625,HP,13-inch,8GB,HP,16-inch,16GB
0,4.5299530029296875e-05,-10.875,HP,13-inch,8GB,Dell,13-inch,4GB
0,4.5299530029296875e-05,-6.125,HP,13-inch,8GB,Dell,13-inch,8GB
0,4.5299530029296875e-05,-5.25,HP,13-inch,8GB,Dell,13-inch,16GB
0,4.5299530029296875e-05,-9.125,HP,13-inch,8GB,Dell,14-inch,4GB
0,4.5299530029296875e-05,-5.875,HP,13-inch,8GB,Dell,14-inch,8GB
0,4.482269287109375e-05,-3.875,HP,13-inch,8GB,Dell,14-inch,16GB
0,4.5299530029296875e-05,-6.25,HP,13-inch,8GB,Dell,16-inch,4GB
0,4.482269287109375e-05,-4.125,HP,13-inch,8GB,Dell,16-inch,8GB
0,4.482269287109375e-05,-3.875,HP,13-inch,8GB,Dell,16-inch,16GB
0,4.5299530029296875e-05,-9.5,HP,13-inch,8GB,Apple,13-inch,4GB
0,4.482269287109375e-05,-4.5,HP,13-inch,8GB,Apple,13-inch,8GB
0,4.5299530029296875e-05,-6.25,HP,13-inch,8GB,Apple,13-inch,16GB
0,4.5299530029296875e-05,-7.875,HP,13-inch,8GB,Apple,14-inch,4GB
0,4.458427429199219e-05,-3.625,HP,13-inch,8GB,Apple,14-inch,8GB
0,4.506111145019531e-05,-4.625,HP,13-inch,8GB,Apple,14-inch,16GB
0,4.5299530029296875e-05,-5.5,HP,13-inch,8GB,Apple,16-inch,4GB
0,4.482269287109375e-05,-4.125,HP,13-inch,8GB,Apple,16-inch,8GB
0,4.5299530029296875e-05,-5.125,HP,13-inch,8GB,Apple,16-inch,16GB
0,4.3392181396484375e-05,-2.75,HP,13-inch,16GB,ASUS,13-inch,4GB
0,4.5299530029296875e-05,-9.25,HP,13-inch,16GB,ASUS,13-inch,8GB
0,4.5299530029296875e-05,-5.125,HP,13-inch,16GB,ASUS,13-inch,16GB
0,4.0531158447265625e-05,-1.75,HP,13-inch,16GB,ASUS,14-inch,4GB
0,4.5299530029296875e-05,-10.25,HP,13-inch,16GB,ASUS,14-inch,8GB
0,4.5299530029296875e-05,-5.375,HP,13-inch,16GB,ASUS,14-inch,16GB
0,4.0531158447265625e-05,-1.75,HP,13-inch,16GB,ASUS,16-inch,4GB
0,4.5299530029296875e-05,-8.875,HP,13-inch,16GB,ASUS,16-inch,8GB
0,-0.000507354736328125,3.0,HP,13-inch,16GB,ASUS,16-inch,16GB
0,3.0517578125e-05,-0.625,HP,13-inch,16GB,Lenovo,13-inch,4GB
0,4.5299530029296875e-05,-9.25,HP,13-inch,16GB,Lenovo,13-inch,8GB
0,4.5299530029296875e-05,-5.625,HP,13-inch,16GB,Lenovo,13-inch,16GB
0,-1.2874603271484375e-05,0.75,HP,13-inch,16GB,Lenovo,14-inch,4GB
0,4.5299530029296875e-05,-10.0,HP,13-inch,16GB,Lenovo,14-inch,8GB
0,4.5299530029296875e-05,-5.375,HP,13-inch,16GB,Lenovo,14-inch,16GB
0,1.4066696166992188e-05,0.125,HP,13-inch,16GB,Lenovo,16-inch,4GB
0,4.5299530029296875e-05,-8.75,HP,13-inch,16GB,Lenovo,16-inch,8GB
0,-0.000865936279296875,3.5,HP,13-inch,16GB,Lenovo,16-inch,16GB
0,4.5299530029296875e-05,-5.25,HP,13-inch,16GB,HP,13-inch,4GB
0,4.5299530029296875e-05,-5.75,HP,13-inch,16GB,HP,13-inch,8GB
0,-8.25,10.5,HP,13-inch,16GB,HP,14-inch,4GB
0,4.5299530029296875e-05,-9.875,HP,13-inch,16GB,HP,14-inch,8GB
0,4.291534423828125e-05,-2.5,HP,13-inch,16GB,HP,14-inch,16GB
0,-0.00112152099609375,3.75,HP,13-inch,16GB,HP,16-inch,4GB
0,4.5299530029296875e-05,-8.375,HP,13-inch,16GB,HP,16-inch,8GB
0,-0.0791015625,7.9375,HP,13-inch,16GB,HP,16-inch,16GB
0,4.482269287109375e-05,-4.125,HP,13-inch,16GB,Dell,13-inch,4GB
0,4.5299530029296875e-05,-10.375,HP,13-inch,16GB,Dell,13-inch,8GB
0,4.5299530029296875e-05,-5.125,HP,13-inch,16GB,Dell,13-inch,16GB
0,4.4345855712890625e-05,-3.375,HP,13-inch,16GB,Dell,14-inch,4GB
0,4.5299530029296875e-05,-10.625,HP,13-inch,16GB,Dell,14-inch,8GB
0,4.5299530029296875e-05,-5.125,HP,13-inch,16GB,Dell,14-inch,16GB
0,4.410743713378906e-05,-3.125,HP,13-inch,16GB,Dell,16-inch,4GB
0,4.5299530029296875e-05,-9.25,HP,13-inch,16GB,Dell,16-inch,8GB
0,-0.000507354736328125,3.0,HP,13-inch,16GB,Dell,16-inch,16GB
0,4.4345855712890625e-05,-3.25,HP,13-inch,16GB,Apple,13-inch,4GB
0,4.5299530029296875e-05,-10.0,HP,13-inch,16GB,Apple,13-inch,8GB
0,4.3392181396484375e-05,-2.75,HP,13-inch,16GB,Apple,13-inch,16GB
0,4.291534423828125e-05,-2.375,HP,13-inch,16GB,Apple,14-inch,4GB
0,4.5299530029296875e-05,-10.25,HP,13-inch,16GB,Apple,14-inch,8GB
0,4.38690185546875e-05,-2.875,HP,13-inch,16GB,Apple,14-inch,16GB
0,4.3392181396484375e-05,-2.75,HP,13-inch,16GB,Apple,16-inch,4GB
0,4.5299530029296875e-05,-8.625,HP,13-inch,16GB,Apple,16-inch,8GB
0,-2.956390380859375e-05,1.0,HP,13-inch,16GB,Apple,16-inch,16GB
0,-0.00112152099609375,3.75,HP,14-inch,4GB,ASUS,13-inch,4GB
0,-19.25,10.5,HP,14-inch,4GB,ASUS,13-inch,8GB
0,-16.375,10.5,HP,14-inch,4GB,ASUS,13-inch,16GB
0,-0.0024261474609375,4.5,HP,14-inch,4GB,ASUS,14-inch,4GB
0,-17.875,10.5,HP,14-inch,4GB,ASUS,14-inch,8GB
0,-15.625,10.5,HP,14-inch,4GB,ASUS,14-inch,16GB
0,-12.0,10.5,HP,14-inch,4GB,ASUS,16-inch,4GB
0,-17.0,10.5,HP,14-inch,4GB,ASUS,16-inch,8GB
0,-13.125,10.5,HP,14-inch,4GB,ASUS,16-inch,16GB
0,-7.0,10.5,HP,14-inch,4GB,Lenovo,13-inch,4GB
0,-19.0,10.5,HP,14-inch,4GB,Lenovo,13-inch,8GB
0,-16.375,10.5,HP,14-inch,4GB,Lenovo,13-inch,16GB
0,-1.9140625,10.3125,HP,14-inch,4GB,Lenovo,14-inch,4GB
0,-18.0,10.5,HP,14-inch,4GB,Lenovo,14-inch,8GB
0,-15.125,10.5,HP,14-inch,4GB,Lenovo,14-inch,16GB
0,-10.5,10.5,HP,14-inch,4GB,Lenovo,16-inch,4GB
0,-17.0,10.5,HP,14-inch,4GB,Lenovo,16-inch,8GB
0,-13.375,10.5,HP,14-inch,4GB,Lenovo,16-inch,16GB
0,0.0,0.5,HP,14-inch,4GB,HP,13-inch,4GB
0,-20.0,10.5,HP,14-inch,4GB,HP,13-inch,8GB
0,-16.5,10.5,HP,14-inch,4GB,HP,13-inch,16GB
0,-13.125,10.5,HP,14-inch,4GB,HP,14-inch,8GB
0,-9.25,10.5,HP,14-inch,4GB,HP,14-inch,16GB
0,-9.25,10.5,HP,14-inch,4GB,HP,16-inch,4GB
0,-17.875,10.5,HP,14-inch,4GB,HP,16-inch,8GB
0,-16.0,10.5,HP,14-inch,4GB,HP,16-inch,16GB
0,-0.0024261474609375,4.5,HP,14-inch,4GB,Dell,13-inch,4GB
0,-19.25,10.5,HP,14-inch,4GB,Dell,13-inch,8GB
0,-15.875,10.5,HP,14-inch,4GB,Dell,13-inch,16GB
0,-0.000507354736328125,3.0,HP,14-inch,4GB,Dell,14-inch,4GB
0,-17.625,10.5,HP,14-inch,4GB,Dell,14-inch,8GB
0,-15.375,10.5,HP,14-inch,4GB,Dell,14-inch,16GB
0,-11.25,10.5,HP,14-inch,4GB,Dell,16-inch,4GB
0,-18.0,10.5,HP,14-inch,4GB,Dell,16-inch,8GB
0,-13.375,10.5,HP,14-inch,4GB,Dell,16-inch,16GB
0,-0.000507354736328125,3.0,HP,14-inch,4GB,Apple,13-inch,4GB
0,-17.875,10.5,HP,14-inch,4GB,Apple,13-inch,8GB
0,-13.625,10.5,HP,14-inch,4GB,Apple,13-inch,16GB
0,-0.010986328125,6.0,HP,14-inch,4GB,Apple,14-inch,4GB
0,-16.75,10.5,HP,14-inch,4GB,Apple,14-inch,8GB
0,-12.5,10.5,HP,14-inch,4GB,Apple,14-inch,16GB
0,-6.0,10.5,HP,14-inch,4GB,Apple,16-inch,4GB
0,-13.75,10.5,HP,14-inch,4GB,Apple,16-inch,8GB
0,-11.5,10.5,HP,14-inch,4GB,Apple,16-inch,16GB
0,4.482269287109375e-05,-4.125,HP,14-inch,8GB,ASUS,13-inch,4GB
0,4.5299530029296875e-05,-6.5,HP,14-inch,8GB,ASUS,13-inch,8GB
0,4.4345855712890625e-05,-3.5,HP,14-inch,8GB,ASUS,13-inch,16GB
0,4.5299530029296875e-05,-8.375,HP,14-inch,8GB,ASUS,14-inch,4GB
0,4.5299530029296875e-05,-6.25,HP,14-inch,8GB,ASUS,14-inch,8GB
0,4.5299530029296875e-05,-6.125,HP,14-inch,8GB,ASUS,14-inch,16GB
0,4.410743713378906e-05,-3.125,HP,14-inch,8GB,ASUS,16-inch,4GB
0,4.506111145019531e-05,-5.0,HP,14-inch,8GB,ASUS,16-inch,8GB
0,4.482269287109375e-05,-4.5,HP,14-inch,8GB,ASUS,16-inch,16GB
0,4.4345855712890625e-05,-3.25,HP,14-inch,8GB,Lenovo,13-inch,4GB
0,4.5299530029296875e-05,-6.25,HP,14-inch,8GB,Lenovo,13-inch,8GB
0,4.410743713378906e-05,-3.125,HP,14-inch,8GB,Lenovo,13-inch,16GB
0,4.5299530029296875e-05,-7.625,HP,14-inch,8GB,Lenovo,14-inch,4GB
0,4.5299530029296875e-05,-6.25,HP,14-inch,8GB,Lenovo,14-inch,8GB
0,4.5299530029296875e-05,-5.625,HP,14-inch,8GB,Lenovo,14-inch,16GB
0,4.1484832763671875e-05,-2.0,HP,14-inch,8GB,Lenovo,16-inch,4GB
0,4.482269287109375e-05,-4.125,HP,14-inch,8GB,Lenovo,16-inch,8GB
0,4.4345855712890625e-05,-3.5,HP,14-inch,8GB,Lenovo,16-inch,16GB
0,-9.75,10.5,HP,14-inch,8GB,HP,13-inch,4GB
0,4.291534423828125e-05,-2.375,HP,14-inch,8GB,HP,13-inch,8GB
0,4.410743713378906e-05,-3.125,HP,14-inch,8GB,HP,13-inch,16GB
0,4.5299530029296875e-05,-5.875,HP,14-inch,8GB,HP,14-inch,4GB
0,4.5299530029296875e-05,-5.625,HP,14-inch,8GB,HP,14-inch,16GB
0,-5.054473876953125e-05,1.25,HP,14-inch,8GB,HP,16-inch,4GB
0,4.38690185546875e-05,-3.0,HP,14-inch,8GB,HP,16-inch,8GB
0,4.482269287109375e-05,-3.875,HP,14-inch,8GB,HP,16-inch,16GB
0,4.5299530029296875e-05,-5.875,HP,14-inch,8GB,Dell,13-inch,4GB
0,4.5299530029296875e-05,-6.375,HP,14-inch,8GB,Dell,13-inch,8GB
0,4.4345855712890625e-05,-3.25,HP,14-inch,8GB,Dell,13-inch,16GB
0,4.5299530029296875e-05,-8.875,HP,14-inch,8GB,Dell,14-inch,4GB
0,4.5299530029296875e-05,-6.125,HP,14-inch,8GB,Dell,14-inch,8GB
0,4.506111145019531e-05,-4.875,HP,14-inch,8GB,Dell,14-inch,16GB
0,4.482269287109375e-05,-4.25,HP,14-inch,8GB,Dell,16-inch,4GB
0,4.4345855712890625e-05,-3.25,HP,14-inch,8GB,Dell,16-inch,8GB
0,4.482269287109375e-05,-4.0,HP,14-inch,8GB,Dell,16-inch,16GB
0,4.5299530029296875e-05,-6.25,HP,14-inch,8GB,Apple,13-inch,4GB
0,4.482269287109375e-05,-4.25,HP,14-inch,8GB,Apple,13-inch,8GB
0,4.482269287109375e-05,-4.25,HP,14-inch,8GB,Apple,13-inch,16GB
0,4.5299530029296875e-05,-7.75,HP,14-inch,8GB,Apple,14-inch,4GB
0,4.482269287109375e-05,-4.0,HP,14-inch,8GB,Apple,14-inch,8GB
0,4.5299530029296875e-05,-6.25,HP,14-inch,8GB,Apple,14-inch,16GB
0,4.458427429199219e-05,-3.625,HP,14-inch,8GB,Apple,16-inch,4GB
0,4.482269287109375e-05,-3.875,HP,14-inch,8GB,Apple,16-inch,8GB
0,4.5299530029296875e-05,-5.125,HP,14-inch,8GB,Apple,16-inch,16GB
0,-8.5,10.5,HP,14-inch,16GB,ASUS,13-inch,4GB
0,4.5299530029296875e-05,-8.75,HP,14-inch,16GB,ASUS,13-inch,8GB
0,4.5299530029296875e-05,-5.25,HP,14-inch,16GB,ASUS,13-inch,16GB
0,-0.0002899169921875,2.5,HP,14-inch,16GB,ASUS,14-inch,4GB
0,4.5299530029296875e-05,-9.75,HP,14-inch,16GB,ASUS,14-inch,8GB
0,4.5299530029296875e-05,-5.125,HP,14-inch,16GB,ASUS,14-inch,16GB
0,-0.0002899169921875,2.5,HP,14-inch,16GB,ASUS,16-inch,4GB
0,4.5299530029296875e-05,-8.875,HP,14-inch,16GB,ASUS,16-inch,8GB
0,-0.00112152099609375,3.75,HP,14-inch,16GB,ASUS,16-inch,16GB
0,-9.25,10.5,HP,14-inch,16GB,Lenovo,13-inch,4GB
0,4.5299530029296875e-05,-8.875,HP,14-inch,16GB,Lenovo,13-inch,8GB
0,4.5299530029296875e-05,-5.5,HP,14-inch,16GB,Lenovo,13-inch,16GB
0,-0.006683349609375,5.5,HP,14-inch,16GB,Lenovo,14-inch,4GB
0,4.5299530029296875e-05,-9.25,HP,14-inch,16GB,Lenovo,14-inch,8GB
0,4.5299530029296875e-05,-5.75,HP,14-inch,16GB,Lenovo,14-inch,16GB
0,-0.00112152099609375,3.75,HP,14-inch,16GB,Lenovo,16-inch,4GB
0,4.5299530029296875e-05,-8.375,HP,14-inch,16GB,Lenovo,16-inch,8GB
0,-0.00112152099609375,3.75,HP,14-inch,16GB,Lenovo,16-inch,16GB
0,-13.0,10.5,HP,14-inch,16GB,HP,13-inch,4GB
0,4.5299530029296875e-05,-7.25,HP,14-inch,16GB,HP,13-inch,8GB
0,3.62396240234375e-05,-1.125,HP,14-inch,16GB,HP,13-inch,16GB
0,3.24249267578125e-05,-0.75,HP,14-inch,16GB,HP,14-inch,4GB
0,4.5299530029296875e-05,-6.5,HP,14-inch,16GB,HP,14-inch,8GB
0,-5.75,10.5,HP,14-inch,16GB,HP,16-inch,4GB
0,4.5299530029296875e-05,-8.25,HP,14-inch,16GB,HP,16-inch,8GB
0,-8.0,10.5,HP,14-inch,16GB,HP,16-inch,16GB
0,-7.75,10.5,HP,14-inch,16GB,Dell,13-inch,4GB
0,4.5299530029296875e-05,-9.875,HP,14-inch,16GB,Dell,13-inch,8GB
0,4.5299530029296875e-05,-5.25,HP,14-inch,16GB,Dell,13-inch,16GB
0,-1.2874603271484375e-05,0.75,HP,14-inch,16GB,Dell,14-inch,4GB
0,4.5299530029296875e-05,-9.875,HP,14-inch,16GB,Dell,14-inch,8GB
0,4.5299530029296875e-05,-5.375,HP,14-inch,16GB,Dell,14-inch,16GB
0,-6.198883056640625e-06,0.625,HP,14-inch,16GB,Dell,16-inch,4GB
0,4.5299530029296875e-05,-9.125,HP,14-inch,16GB,Dell,16-inch,8GB
0,-0.000507354736328125,3.0,HP,14-inch,16GB,Dell,16-inch,16GB
0,-0.000385284423828125,2.75,HP,14-inch,16GB,Apple,13-inch,4GB
0,4.5299530029296875e-05,-9.5,HP,14-inch,16GB,Apple,13-inch,8GB
0,4.4345855712890625e-05,-3.375,HP,14-inch,16GB,Apple,13-inch,16GB
0,2.86102294921875e-05,-0.5,HP,14-inch,16GB,Apple,14-inch,4GB
0,4.5299530029296875e-05,-10.0,HP,14-inch,16GB,Apple,14-inch,8GB
0,4.38690185546875e-05,-3.0,HP,14-inch,16GB,Apple,14-inch,16GB
0,3.0517578125e-05,-0.625,HP,14-inch,16GB,Apple,16-inch,4GB
0,4.5299530029296875e-05,-8.375,HP,14-inch,16GB,Apple,16-inch,8GB
0,2.6345252990722656e-05,-0.375,HP,14-inch,16GB,Apple,16-inch,16GB
0,5.245208740234375e-06,0.375,HP,16-inch,4GB,ASUS,13-inch,4GB
0,-16.875,10.5,HP,16-inch,4GB,ASUS,13-inch,8GB
0,-2.578125,10.4375,HP,16-inch,4GB,ASUS,13-inch,16GB
0,3.62396240234375e-05,-1.125,HP,16-inch,4GB,ASUS,14-inch,4GB
0,-16.75,10.5,HP,16-inch,4GB,ASUS,14-inch,8GB
0,-6.0,10.5,HP,16-inch,4GB,ASUS,14-inch,16GB
0,-0.3125,9.1875,HP,16-inch,4GB,ASUS,16-inch,4GB
0,-16.125,10.5,HP,16-inch,4GB,ASUS,16-inch,8GB
0,-0.000507354736328125,3.0,HP,16-inch,4GB,ASUS,16-inch,16GB
0,-7.772445678710938e-05,1.5,HP,16-inch,4GB,Lenovo,13-inch,4GB
0,-16.75,10.5,HP,16-inch,4GB,Lenovo,13-inch,8GB
0,-7.75,10.5,HP,16-inch,4GB,Lenovo,13-inch,16GB
0,-6.198883056640625e-06,0.625,HP,16-inch,4GB,Lenovo,14-inch,4GB
0,-16.875,10.5,HP,16-inch,4GB,Lenovo,14-inch,8GB
0,-8.5,10.5,HP,16-inch,4GB,Lenovo,14-inch,16GB
0,-5.75,10.5,HP,16-inch,4GB,Lenovo,16-inch,4GB
0,-16.25,10.5,HP,16-inch,4GB,Lenovo,16-inch,8GB
0,-0.000865936279296875,3.5,HP,16-inch,4GB,Lenovo,16-inch,16GB
0,4.482269287109375e-05,-4.5,HP,16-inch,4GB,HP,13-inch,4GB
0,-19.0,10.5,HP,16-inch,4GB,HP,13-inch,8GB
0,-10.25,10.5,HP,16-inch,4GB,HP,13-inch,16GB
0,4.482269287109375e-05,-3.875,HP,16-inch,4GB,HP,14-inch,4GB
0,-19.375,10.5,HP,16-inch,4GB,HP,14-inch,8GB
0,-10.75,10.5,HP,16-inch,4GB,HP,14-inch,16GB
0,-10.75,10.5,HP,16-inch,4GB,HP,16-inch,8GB
0,-0.0181884765625,6.46875,HP,16-inch,4GB,HP,16-inch,16GB
0,2.86102294921875e-05,-0.5,HP,16-inch,4GB,Dell,13-inch,4GB
0,-17.875,10.5,HP,16-inch,4GB,Dell,13-inch,8GB
0,-5.25,10.5,HP,16-inch,4GB,Dell,13-inch,16GB
0,3.24249267578125e-05,-0.75,HP,16-inch,4GB,Dell,14-inch,4GB
0,-17.5,10.5,HP,16-inch,4GB,Dell,14-inch,8GB
0,-8.25,10.5,HP,16-inch,4GB,Dell,14-inch,16GB
0,-0.006683349609375,5.5,HP,16-inch,4GB,Dell,16-inch,4GB
0,-17.0,10.5,HP,16-inch,4GB,Dell,16-inch,8GB
0,-0.00066375732421875,3.25,HP,16-inch,4GB,Dell,16-inch,16GB
0,-0.000133514404296875,1.875,HP,16-inch,4GB,Apple,13-inch,4GB
0,-16.625,10.5,HP,16-inch,4GB,Apple,13-inch,8GB
0,-8.75,10.5,HP,16-inch,4GB,Apple,13-inch,16GB
0,-1.2874603271484375e-05,0.75,HP,16-inch,4GB,Apple,14-inch,4GB
0,-15.75,10.5,HP,16-inch,4GB,Apple,14-inch,8GB
0,-7.5,10.5,HP,16-inch,4GB,Apple,14-inch,16GB
0,-0.000865936279296875,3.5,HP,16-inch,4GB,Apple,16-inch,4GB
0,-14.125,10.5,HP,16-inch,4GB,Apple,16-inch,8GB
0,-0.0002155303955078125,2.25,HP,16-inch,4GB,Apple,16-inch,16GB
0,-1.2874603271484375e-05,0.75,HP,16-inch,8GB,ASUS,13-inch,4GB
0,4.506111145019531e-05,-5.0,HP,16-inch,8GB,ASUS,13-inch,8GB
0,-0.000385284423828125,2.75,HP,16-inch,8GB,ASUS,13-inch,16GB
0,-0.0002899169921875,2.5,HP,16-inch,8GB,ASUS,14-inch,4GB
0,4.482269287109375e-05,-4.5,HP,16-inch,8GB,ASUS,14-inch,8GB
0,-0.048583984375,7.4375,HP,16-inch,8GB,ASUS,14-inch,16GB
0,4.38690185546875e-05,-2.875,HP,16-inch,8GB,ASUS,16-inch,4GB
0,4.5299530029296875e-05,-5.5,HP,16-inch,8GB,ASUS,16-inch,8GB
0,-2.956390380859375e-05,1.0,HP,16-inch,8GB,ASUS,16-inch,16GB
0,-1.2874603271484375e-05,0.75,HP,16-inch,8GB,Lenovo,13-inch,4GB
0,4.506111145019531e-05,-4.75,HP,16-inch,8GB,Lenovo,13-inch,8GB
0,-0.0031280517578125,4.75,HP,16-inch,8GB,Lenovo,13-inch,16GB
0,-0.00518798828125,5.25,HP,16-inch,8GB,Lenovo,14-inch,4GB
0,4.482269287109375e-05,-4.25,HP,16-inch,8GB,Lenovo,14-inch,8GB
0,-4.03125,10.5,HP,16-inch,8GB,Lenovo,14-inch,16GB
0,3.910064697265625e-05,-1.5,HP,16-inch,8GB,Lenovo,16-inch,4GB
0,4.506111145019531e-05,-4.875,HP,16-inch,8GB,Lenovo,16-inch,8GB
0,-7.772445678710938e-05,1.5,HP,16-inch,8GB,Lenovo,16-inch,16GB
0,-8.5,10.5,HP,16-inch,8GB,HP,13-inch,4GB
0,4.100799560546875e-05,-1.875,HP,16-inch,8GB,HP,13-inch,8GB
0,-4.5,10.5,HP,16-inch,8GB,HP,13-inch,16GB
0,-10.5,10.5,HP,16-inch,8GB,HP,14-inch,4GB
0,2.09808349609375e-05,-0.125,HP,16-inch,8GB,HP,14-inch,8GB
0,-8.5,10.5,HP,16-inch,8GB,HP,14-inch,16GB
0,4.4345855712890625e-05,-3.25,HP,16-inch,8GB,HP,16-inch,4GB
0,-0.00011301040649414062,1.75,HP,16-inch,8GB,HP,16-inch,16GB
0,4.100799560546875e-05,-1.875,HP,16-inch,8GB,Dell,13-inch,4GB
0,4.506111145019531e-05,-4.75,HP,16-inch,8GB,Dell,13-inch,8GB
0,-0.0024261474609375,4.5,HP,16-inch,8GB,Dell,13-inch,16GB
0,2.6345252990722656e-05,-0.375,HP,16-inch,8GB,Dell,14-inch,4GB
0,4.482269287109375e-05,-4.125,HP,16-inch,8GB,Dell,14-inch,8GB
0,-6.75,10.5,HP,16-inch,8GB,Dell,14-inch,16GB
0,4.482269287109375e-05,-4.25,HP,16-inch,8GB,Dell,16-inch,4GB
0,4.506111145019531e-05,-5.0,HP,16-inch,8GB,Dell,16-inch,8GB
0,-0.0002155303955078125,2.25,HP,16-inch,8GB,Dell,16-inch,16GB
0,4.1961669921875e-05,-2.125,HP,16-inch,8GB,Apple,13-inch,4GB
0,4.3392181396484375e-05,-2.75,HP,16-inch,8GB,Apple,13-inch,8GB
0,-0.0002899169921875,2.5,HP,16-inch,8GB,Apple,13-inch,16GB
0,-5.054473876953125e-05,1.25,HP,16-inch,8GB,Apple,14-inch,4GB
0,4.1484832763671875e-05,-2.0,HP,16-inch,8GB,Apple,14-inch,8GB
0,-0.000385284423828125,2.75,HP,16-inch,8GB,Apple,14-inch,16GB
0,4.482269287109375e-05,-4.25,HP,16-inch,8GB,Apple,16-inch,4GB
0,4.291534423828125e-05,-2.5,HP,16-inch,8GB,Apple,16-inch,8GB
0,3.0517578125e-05,-0.625,HP,16-inch,8GB,Apple,16-inch,16GB
0,-9.25,10.5,HP,16-inch,16GB,ASUS,13-inch,4GB
0,3.62396240234375e-05,-1.125,HP,16-inch,16GB,ASUS,13-inch,8GB
0,-0.01409912109375,6.25,HP,16-inch,16GB,ASUS,13-inch,16GB
0,-10.25,10.5,HP,16-inch,16GB,ASUS,14-inch,4GB
0,2.384185791015625e-05,-0.25,HP,16-inch,16GB,ASUS,14-inch,8GB
0,-0.048583984375,7.4375,HP,16-inch,16GB,ASUS,14-inch,16GB
0,-0.000385284423828125,2.75,HP,16-inch,16GB,ASUS,16-inch,4GB
0,4.3392181396484375e-05,-2.75,HP,16-inch,16GB,ASUS,16-inch,8GB
0,4.100799560546875e-05,-1.875,HP,16-inch,16GB,ASUS,16-inch,16GB
0,-9.25,10.5,HP,16-inch,16GB,Lenovo,13-inch,4GB
0,4.1484832763671875e-05,-2.0,HP,16-inch,16GB,Lenovo,13-inch,8GB
0,-0.00188446044921875,4.25,HP,16-inch,16GB,Lenovo,13-inch,16GB
0,-10.75,10.5,HP,16-inch,16GB,Lenovo,14-inch,4GB
0,3.743171691894531e-05,-1.25,HP,16-inch,16GB,Lenovo,14-inch,8GB
0,-0.008544921875,5.75,HP,16-inch,16GB,Lenovo,14-inch,16GB
0,-0.00112152099609375,3.75,HP,16-inch,16GB,Lenovo,16-inch,4GB
0,4.3392181396484375e-05,-2.625,HP,16-inch,16GB,Lenovo,16-inch,8GB
0,3.838539123535156e-05,-1.375,HP,16-inch,16GB,Lenovo,16-inch,16GB
0,-13.5,10.5,HP,16-inch,16GB,HP,13-inch,4GB
0,1.4066696166992188e-05,0.125,HP,16-inch,16GB,HP,13-inch,8GB
0,-0.06201171875,7.6875,HP,16-inch,16GB,HP,13-inch,16GB
0,-15.25,10.5,HP,16-inch,16GB,HP,14-inch,4GB
0,-0.0001583099365234375,2.0,HP,16-inch,16GB,HP,14-inch,8GB
0,-4.75,10.5,HP,16-inch,16GB,HP,14-inch,16GB
0,-0.0380859375,7.21875,HP,16-inch,16GB,HP,16-inch,4GB
0,-3.9577484130859375e-05,1.125,HP,16-inch,16GB,HP,16-inch,8GB
0,-7.75,10.5,HP,16-inch,16GB,Dell,13-inch,4GB
0,4.38690185546875e-05,-2.875,HP,16-inch,16GB,Dell,13-inch,8GB
0,-0.00112152099609375,3.75,HP,16-inch,16GB,Dell,13-inch,16GB
0,-9.5,10.5,HP,16-inch,16GB,Dell,14-inch,4GB
0,4.100799560546875e-05,-1.875,HP,16-inch,16GB,Dell,14-inch,8GB
0,-0.0031280517578125,4.75,HP,16-inch,16GB,Dell,14-inch,16GB
0,-0.0001583099365234375,2.0,HP,16-inch,16GB,Dell,16-inch,4GB
0,4.482269287109375e-05,-4.125,HP,16-inch,16GB,Dell,16-inch,8GB
0,4.00543212890625e-05,-1.625,HP,16-inch,16GB,Dell,16-inch,16GB
0,-0.0031280517578125,4.75,HP,16-inch,16GB,Apple,13-inch,4GB
0,4.506111145019531e-05,-4.875,HP,16-inch,16GB,Apple,13-inch,8GB
0,-7.772445678710938e-05,1.5,HP,16-inch,16GB,Apple,13-inch,16GB
0,-5.25,10.5,HP,16-inch,16GB,Apple,14-inch,4GB
0,4.458427429199219e-05,-3.625,HP,16-inch,16GB,Apple,14-inch,8GB
0,-0.0001583099365234375,2.0,HP,16-inch,16GB,Apple,14-inch,16GB
0,2.384185791015625e-05,-0.25,HP,16-inch,16GB,Apple,16-inch,4GB
0,4.5299530029296875e-05,-5.875,HP,16-inch,16GB,Apple,16-inch,8GB
0,3.24249267578125e-05,-0.75,HP,16-inch,16GB,Apple,16-inch,16GB
0,1.7762184143066406e-05,0.0,Dell,13-inch,4GB,ASUS,13-inch,4GB
0,-17.875,10.5,Dell,13-inch,4GB,ASUS,13-inch,8GB
0,-14.375,10.5,Dell,13-inch,4GB,ASUS,13-inch,16GB
0,-0.00011301040649414062,1.75,Dell,13-inch,4GB,ASUS,14-inch,4GB
0,-18.5,10.5,Dell,13-inch,4GB,ASUS,14-inch,8GB
0,-15.125,10.5,Dell,13-inch,4GB,ASUS,14-inch,16GB
0,-10.375,10.5,Dell,13-inch,4GB,ASUS,16-inch,4GB
0,-16.875,10.5,Dell,13-inch,4GB,ASUS,16-inch,8GB
0,-12.5,10.5,Dell,13-inch,4GB,ASUS,16-inch,16GB
0,-2.956390380859375e-05,1.0,Dell,13-inch,4GB,Lenovo,13-inch,4GB
0,-18.0,10.5,Dell,13-inch,4GB,Lenovo,13-inch,8GB
0,-14.375,10.5,Dell,13-inch,4GB,Lenovo,13-inch,16GB
0,-0.0002155303955078125,2.25,Dell,13-inch,4GB,Lenovo,14-inch,4GB
0,-18.375,10.5,Dell,13-inch,4GB,Lenovo,14-inch,8GB
0,-15.375,10.5,Dell,13-inch,4GB,Lenovo,14-inch,16GB
0,-10.0,10.5,Dell,13-inch,4GB,Lenovo,16-inch,4GB
0,-16.125,10.5,Dell,13-inch,4GB,Lenovo,16-inch,8GB
0,-13.25,10.5,Dell,13-inch,4GB,Lenovo,16-inch,16GB
0,4.0531158447265625e-05,-1.75,Dell,13-inch,4GB,HP,13-inch,4GB
0,-18.125,10.5,Dell,13-inch,4GB,HP,13-inch,8GB
0,-13.875,10.5,Dell,13-inch,4GB,HP,13-inch,16GB
0,3.0517578125e-05,-0.625,Dell,13-inch,4GB,HP,14-inch,4GB
0,-18.75,10.5,Dell,13-inch,4GB,HP,14-inch,8GB
0,-15.5,10.5,Dell,13-inch,4GB,HP,14-inch,16GB
0,-8.5,10.5,Dell,13-inch,4GB,HP,16-inch,4GB
0,-18.0,10.5,Dell,13-inch,4GB,HP,16-inch,8GB
0,-13.375,10.5,Dell,13-inch,4GB,HP,16-inch,16GB
0,-12.375,10.5,Dell,13-inch,4GB,Dell,13-inch,8GB
0,-7.25,10.5,Dell,13-inch,4GB,Dell,13-inch,16GB
0,-0.00011301040649414062,1.75,Dell,13-inch,4GB,Dell,14-inch,4GB
0,-18.875,10.5,Dell,13-inch,4GB,Dell,14-inch,8GB
0,-15.5,10.5,Dell,13-inch,4GB,Dell,14-inch,16GB
0,-9.0,10.5,Dell,13-inch,4GB,Dell,16-inch,4GB
0,-17.5,10.5,Dell,13-inch,4GB,Dell,16-inch,8GB
0,-15.0,10.5,Dell,13-inch,4GB,Dell,16-inch,16GB
0,-0.000579833984375,3.125,Dell,13-inch,4GB,Apple,13-inch,4GB
0,-17.0,10.5,Dell,13-inch,4GB,Apple,13-inch,8GB
0,-12.875,10.5,Dell,13-inch,4GB,Apple,13-inch,16GB
0,0.0,0.5,Dell,13-inch,4GB,Apple,14-inch,4GB
0,-17.375,10.5,Dell,13-inch,4GB,Apple,14-inch,8GB
0,-14.25,10.5,Dell,13-inch,4GB,Apple,14-inch,16GB
0,-2.34375,10.375,Dell,13-inch,4GB,Apple,16-inch,4GB
0,-12.75,10.5,Dell,13-inch,4GB,Apple,16-inch,8GB
0,-11.25,10.5,Dell,13-inch,4GB,Apple,16-inch,16GB
0,4.5299530029296875e-05,-10.375,Dell,13-inch,8GB,ASUS,13-inch,4GB
0,4.5299530029296875e-05,-5.625,Dell,13-inch,8GB,ASUS,13-inch,8GB
0,4.5299530029296875e-05,-6.25,Dell,13-inch,8GB,ASUS,13-inch,16GB
0,4.5299530029296875e-05,-8.5,Dell,13-inch,8GB,ASUS,14-inch,4GB
0,4.5299530029296875e-05,-5.5,Dell,13-inch,8GB,ASUS,14-inch,8GB
0,4.482269287109375e-05,-3.75,Dell,13-inch,8GB,ASUS,14-inch,16GB
0,4.5299530029296875e-05,-5.875,Dell,13-inch,8GB,ASUS,16-inch,4GB
0,4.482269287109375e-05,-4.375,Dell,13-inch,8GB,ASUS,16-inch,8GB
0,4.506111145019531e-05,-4.625,Dell,13-inch,8GB,ASUS,16-inch,16GB
0,4.5299530029296875e-05,-9.125,Dell,13-inch,8GB,Lenovo,13-inch,4GB
0,4.5299530029296875e-05,-5.375,Dell,13-inch,8GB,Lenovo,13-inch,8GB
0,4.5299530029296875e-05,-5.5,Dell,13-inch,8GB,Lenovo,13-inch,16GB
0,4.5299530029296875e-05,-7.0,Dell,13-inch,8GB,Lenovo,14-inch,4GB
0,4.5299530029296875e-05,-5.5,Dell,13-inch,8GB,Lenovo,14-inch,8GB
0,4.4345855712890625e-05,-3.375,Dell,13-inch,8GB,Lenovo,14-inch,16GB
0,4.506111145019531e-05,-4.625,Dell,13-inch,8GB,Lenovo,16-inch,4GB
0,4.4345855712890625e-05,-3.25,Dell,13-inch,8GB,Lenovo,16-inch,8GB
0,4.482269287109375e-05,-3.875,Dell,13-inch,8GB,Lenovo,16-inch,16GB
0,4.5299530029296875e-05,-10.5,Dell,13-inch,8GB,HP,13-inch,4GB
0,4.5299530029296875e-05,-5.375,Dell,13-inch,8GB,HP,13-inch,8GB
0,4.5299530029296875e-05,-5.5,Dell,13-inch,8GB,HP,13-inch,16GB
0,4.5299530029296875e-05,-8.25,Dell,13-inch,8GB,HP,14-inch,4GB
0,4.5299530029296875e-05,-5.25,Dell,13-inch,8GB,HP,14-inch,8GB
0,4.3392181396484375e-05,-2.625,Dell,13-inch,8GB,HP,14-inch,16GB
0,4.5299530029296875e-05,-5.625,Dell,13-inch,8GB,HP,16-inch,4GB
0,4.482269287109375e-05,-4.375,Dell,13-inch,8GB,HP,16-inch,8GB
0,4.482269287109375e-05,-4.0,Dell,13-inch,8GB,HP,16-inch,16GB
0,4.5299530029296875e-05,-8.625,Dell,13-inch,8GB,Dell,13-inch,4GB
0,4.5299530029296875e-05,-5.75,Dell,13-inch,8GB,Dell,13-inch,16GB
0,0.0,0.5,Dell,13-inch,8GB,Dell,14-inch,4GB
0,-1.2874603271484375e-05,0.75,Dell,13-inch,8GB,Dell,14-inch,8GB
0,4.482269287109375e-05,-4.0,Dell,13-inch,8GB,Dell,14-inch,16GB
0,3.743171691894531e-05,-1.25,Dell,13-inch,8GB,Dell,16-inch,4GB
0,4.0531158447265625e-05,-1.75,Dell,13-inch,8GB,Dell,16-inch,8GB
0,4.5299530029296875e-05,-5.125,Dell,13-inch,8GB,Dell,16-inch,16GB
0,4.5299530029296875e-05,-9.5,Dell,13-inch,8GB,Apple,13-inch,4GB
0,4.4345855712890625e-05,-3.5,Dell,13-inch,8GB,Apple,13-inch,8GB
0,4.5299530029296875e-05,-5.875,Dell,13-inch,8GB,Apple,13-inch,16GB
0,4.5299530029296875e-05,-7.875,Dell,13-inch,8GB,Apple,14-inch,4GB
0,4.458427429199219e-05,-3.625,Dell,13-inch,8GB,Apple,14-inch,8GB
0,4.458427429199219e-05,-3.625,Dell,13-inch,8GB,Apple,14-inch,16GB
0,4.5299530029296875e-05,-6.125,Dell,13-inch,8GB,Apple,16-inch,4GB
0,4.482269287109375e-05,-4.0,Dell,13-inch,8GB,Apple,16-inch,8GB
0,4.506111145019531e-05,-4.75,Dell,13-inch,8GB,Apple,16-inch,16GB
0,4.38690185546875e-05,-3.0,Dell,13-inch,16GB,ASUS,13-inch,4GB
0,4.5299530029296875e-05,-9.5,Dell,13-inch,16GB,ASUS,13-inch,8GB
0,4.482269287109375e-05,-4.375,Dell,13-inch,16GB,ASUS,13-inch,16GB
0,2.384185791015625e-05,-0.25,Dell,13-inch,16GB,ASUS,14-inch,4GB
0,4.5299530029296875e-05,-9.625,Dell,13-inch,16GB,ASUS,14-inch,8GB
0,4.506111145019531e-05,-4.75,Dell,13-inch,16GB,ASUS,14-inch,16GB
0,3.0517578125e-05,-0.625,Dell,13-inch,16GB,ASUS,16-inch,4GB
0,4.5299530029296875e-05,-8.25,Dell,13-inch,16GB,ASUS,16-inch,8GB
0,-0.0004425048828125,2.875,Dell,13-inch,16GB,ASUS,16-inch,16GB
0,3.24249267578125e-05,-0.75,Dell,13-inch,16GB,Lenovo,13-inch,4GB
0,4.5299530029296875e-05,-9.125,Dell,13-inch,16GB,Lenovo,13-inch,8GB
0,4.506111145019531e-05,-4.875,Dell,13-inch,16GB,Lenovo,13-inch,16GB
0,-0.00066375732421875,3.25,Dell,13-inch,16GB,Lenovo,14-inch,4GB
0,4.5299530029296875e-05,-9.25,Dell,13-inch,16GB,Lenovo,14-inch,8GB
0,4.506111145019531e-05,-5.0,Dell,13-inch,16GB,Lenovo,14-inch,16GB
0,-0.00011301040649414062,1.75,Dell,13-inch,16GB,Lenovo,16-inch,4GB
0,4.5299530029296875e-05,-8.125,Dell,13-inch,16GB,Lenovo,16-inch,8GB
0,-0.0031280517578125,4.75,Dell,13-inch,16GB,Lenovo,16-inch,16GB
0,4.482269287109375e-05,-4.375,Dell,13-inch,16GB,HP,13-inch,4GB
0,4.5299530029296875e-05,-9.875,Dell,13-inch,16GB,HP,13-inch,8GB
0,4.506111145019531e-05,-4.75,Dell,13-inch,16GB,HP,13-inch,16GB
0,-6.198883056640625e-06,0.625,Dell,13-inch,16GB,HP,14-inch,4GB
0,4.5299530029296875e-05,-10.0,Dell,13-inch,16GB,HP,14-inch,8GB
0,4.482269287109375e-05,-4.5,Dell,13-inch,16GB,HP,14-inch,16GB
0,-6.198883056640625e-06,0.625,Dell,13-inch,16GB,HP,16-inch,4GB
0,4.5299530029296875e-05,-8.75,Dell,13-inch,16GB,HP,16-inch,8GB
0,-0.000507354736328125,3.0,Dell,13-inch,16GB,HP,16-inch,16GB
0,4.5299530029296875e-05,-5.75,Dell,13-inch,16GB,Dell,13-inch,4GB
0,4.5299530029296875e-05,-6.5,Dell,13-inch,16GB,Dell,13-inch,8GB
0,-7.75,10.5,Dell,13-inch,16GB,Dell,14-inch,4GB
0,4.5299530029296875e-05,-9.0,Dell,13-inch,16GB,Dell,14-inch,8GB
0,2.6345252990722656e-05,-0.375,Dell,13-inch,16GB,Dell,14-inch,16GB
0,-1.140625,10.125,Dell,13-inch,16GB,Dell,16-inch,4GB
0,4.5299530029296875e-05,-7.75,Dell,13-inch,16GB,Dell,16-inch,8GB
0,-1.3125,10.1875,Dell,13-inch,16GB,Dell,16-inch,16GB
0,4.3392181396484375e-05,-2.75,Dell,13-inch,16GB,Apple,13-inch,4GB
0,4.5299530029296875e-05,-9.875,Dell,13-inch,16GB,Apple,13-inch,8GB
0,4.2438507080078125e-05,-2.25,Dell,13-inch,16GB,Apple,13-inch,16GB
0,3.528594970703125e-05,-1.0,Dell,13-inch,16GB,Apple,14-inch,4GB
0,4.5299530029296875e-05,-9.75,Dell,13-inch,16GB,Apple,14-inch,8GB
0,4.291534423828125e-05,-2.375,Dell,13-inch,16GB,Apple,14-inch,16GB
0,3.838539123535156e-05,-1.375,Dell,13-inch,16GB,Apple,16-inch,4GB
0,4.5299530029296875e-05,-8.0,Dell,13-inch,16GB,Apple,16-inch,8GB
0,-2.956390380859375e-05,1.0,Dell,13-inch,16GB,Apple,16-inch,16GB
0,4.0531158447265625e-05,-1.75,Dell,14-inch,4GB,ASUS,13-inch,4GB
0,-18.75,10.5,Dell,14-inch,4GB,ASUS,13-inch,8GB
0,-15.5,10.5,Dell,14-inch,4GB,ASUS,13-inch,16GB
0,2.384185791015625e-05,-0.25,Dell,14-inch,4GB,ASUS,14-inch,4GB
0,-17.875,10.5,Dell,14-inch,4GB,ASUS,14-inch,8GB
0,-15.25,10.5,Dell,14-inch,4GB,ASUS,14-inch,16GB
0,-9.5,10.5,Dell,14-inch,4GB,ASUS,16-inch,4GB
0,-17.0,10.5,Dell,14-inch,4GB,ASUS,16-inch,8GB
0,-12.25,10.5,Dell,14-inch,4GB,ASUS,16-inch,16GB
0,-2.0503997802734375e-05,0.875,Dell,14-inch,4GB,Lenovo,13-inch,4GB
0,-18.875,10.5,Dell,14-inch,4GB,Lenovo,13-inch,8GB
0,-16.125,10.5,Dell,14-inch,4GB,Lenovo,13-inch,16GB
0,-1.2874603271484375e-05,0.75,Dell,14-inch,4GB,Lenovo,14-inch,4GB
0,-17.75,10.5,Dell,14-inch,4GB,Lenovo,14-inch,8GB
0,-14.875,10.5,Dell,14-inch,4GB,Lenovo,14-inch,16GB
0,-9.5,10.5,Dell,14-inch,4GB,Lenovo,16-inch,4GB
0,-16.625,10.5,Dell,14-inch,4GB,Lenovo,16-inch,8GB
0,-13.0,10.5,Dell,14-inch,4GB,Lenovo,16-inch,16GB
0,4.482269287109375e-05,-3.75,Dell,14-inch,4GB,HP,13-inch,4GB
0,-19.0,10.5,Dell,14-inch,4GB,HP,13-inch,8GB
0,-15.25,10.5,Dell,14-inch,4GB,HP,13-inch,16GB
0,4.3392181396484375e-05,-2.625,Dell,14-inch,4GB,HP,14-inch,4GB
0,-18.125,10.5,Dell,14-inch,4GB,HP,14-inch,8GB
0,-15.0,10.5,Dell,14-inch,4GB,HP,14-inch,16GB
0,-7.75,10.5,Dell,14-inch,4GB,HP,16-inch,4GB
0,-18.5,10.5,Dell,14-inch,4GB,HP,16-inch,8GB
0,-12.875,10.5,Dell,14-inch,4GB,HP,16-inch,16GB
0,2.384185791015625e-05,-0.25,Dell,14-inch,4GB,Dell,13-inch,4GB
0,-19.5,10.5,Dell,14-inch,4GB,Dell,13-inch,8GB
0,-15.625,10.5,Dell,14-inch,4GB,Dell,13-inch,16GB
0,-13.375,10.5,Dell,14-inch,4GB,Dell,14-inch,8GB
0,-9.125,10.5,Dell,14-inch,4GB,Dell,14-inch,16GB
0,-9.0,10.5,Dell,14-inch,4GB,Dell,16-inch,4GB
0,-17.125,10.5,Dell,14-inch,4GB,Dell,16-inch,8GB
0,-14.875,10.5,Dell,14-inch,4GB,Dell,16-inch,16GB
0,5.245208740234375e-06,0.375,Dell,14-inch,4GB,Apple,13-inch,4GB
0,-17.75,10.5,Dell,14-inch,4GB,Apple,13-inch,8GB
0,-13.5,10.5,Dell,14-inch,4GB,Apple,13-inch,16GB
0,-9.489059448242188e-05,1.625,Dell,14-inch,4GB,Apple,14-inch,4GB
0,-16.625,10.5,Dell,14-inch,4GB,Apple,14-inch,8GB
0,-12.75,10.5,Dell,14-inch,4GB,Apple,14-inch,16GB
0,-0.000865936279296875,3.5,Dell,14-inch,4GB,Apple,16-inch,4GB
0,-14.125,10.5,Dell,14-inch,4GB,Apple,16-inch,8GB
0,-10.75,10.5,Dell,14-inch,4GB,Apple,16-inch,16GB
0,4.5299530029296875e-05,-5.125,Dell,14-inch,8GB,ASUS,13-inch,4GB
0,4.5299530029296875e-05,-6.25,Dell,14-inch,8GB,ASUS,13-inch,8GB
0,4.3392181396484375e-05,-2.625,Dell,14-inch,8GB,ASUS,13-inch,16GB
0,4.5299530029296875e-05,-9.25,Dell,14-inch,8GB,ASUS,14-inch,4GB
0,4.5299530029296875e-05,-5.75,Dell,14-inch,8GB,ASUS,14-inch,8GB
0,4.5299530029296875e-05,-5.5,Dell,14-inch,8GB,ASUS,14-inch,16GB
0,4.410743713378906e-05,-3.125,Dell,14-inch,8GB,ASUS,16-inch,4GB
0,4.506111145019531e-05,-4.875,Dell,14-inch,8GB,ASUS,16-inch,8GB
0,4.482269287109375e-05,-3.75,Dell,14-inch,8GB,ASUS,16-inch,16GB
0,4.482269287109375e-05,-3.875,Dell,14-inch,8GB,Lenovo,13-inch,4GB
0,4.5299530029296875e-05,-5.75,Dell,14-inch,8GB,Lenovo,13-inch,8GB
0,4.1961669921875e-05,-2.125,Dell,14-inch,8GB,Lenovo,13-inch,16GB
0,4.5299530029296875e-05,-7.75,Dell,14-inch,8GB,Lenovo,14-inch,4GB
0,4.5299530029296875e-05,-5.75,Dell,14-inch,8GB,Lenovo,14-inch,8GB
0,4.5299530029296875e-05,-5.25,Dell,14-inch,8GB,Lenovo,14-inch,16GB
0,4.00543212890625e-05,-1.625,Dell,14-inch,8GB,Lenovo,16-inch,4GB
0,4.482269287109375e-05,-3.75,Dell,14-inch,8GB,Lenovo,16-inch,8GB
0,4.410743713378906e-05,-3.125,Dell,14-inch,8GB,Lenovo,16-inch,16GB
0,4.5299530029296875e-05,-6.25,Dell,14-inch,8GB,HP,13-inch,4GB
0,4.5299530029296875e-05,-5.875,Dell,14-inch,8GB,HP,13-inch,8GB
0,4.291534423828125e-05,-2.5,Dell,14-inch,8GB,HP,13-inch,16GB
0,4.5299530029296875e-05,-8.625,Dell,14-inch,8GB,HP,14-inch,4GB
0,4.5299530029296875e-05,-5.75,Dell,14-inch,8GB,HP,14-inch,8GB
0,4.506111145019531e-05,-4.875,Dell,14-inch,8GB,HP,14-inch,16GB
0,4.0531158447265625e-05,-1.75,Dell,14-inch,8GB,HP,16-inch,4GB
0,4.506111145019531e-05,-4.625,Dell,14-inch,8GB,HP,16-inch,8GB
0,4.4345855712890625e-05,-3.25,Dell,14-inch,8GB,HP,16-inch,16GB
0,-8.75,10.5,Dell,14-inch,8GB,Dell,13-inch,4GB
0,3.3855438232421875e-05,-0.875,Dell,14-inch,8GB,Dell,13-inch,8GB
0,4.4345855712890625e-05,-3.375,Dell,14-inch,8GB,Dell,13-inch,16GB
0,4.5299530029296875e-05,-6.375,Dell,14-inch,8GB,Dell,14-inch,4GB
0,4.5299530029296875e-05,-5.5,Dell,14-inch,8GB,Dell,14-inch,16GB
0,-0.0002899169921875,2.5,Dell,14-inch,8GB,Dell,16-inch,4GB
0,4.291534423828125e-05,-2.5,Dell,14-inch,8GB,Dell,16-inch,8GB
0,4.4345855712890625e-05,-3.5,Dell,14-inch,8GB,Dell,16-inch,16GB
0,4.5299530029296875e-05,-6.625,Dell,14-inch,8GB,Apple,13-inch,4GB
0,4.482269287109375e-05,-3.75,Dell,14-inch,8GB,Apple,13-inch,8GB
0,4.410743713378906e-05,-3.125,Dell,14-inch,8GB,Apple,13-inch,16GB
0,4.5299530029296875e-05,-8.25,Dell,14-inch,8GB,Apple,14-inch,4GB
0,4.482269287109375e-05,-3.75,Dell,14-inch,8GB,Apple,14-inch,8GB
0,4.5299530029296875e-05,-5.5,Dell,14-inch,8GB,Apple,14-inch,16GB
0,4.482269287109375e-05,-3.875,Dell,14-inch,8GB,Apple,16-inch,4GB
0,4.482269287109375e-05,-3.875,Dell,14-inch,8GB,Apple,16-inch,8GB
0,4.482269287109375e-05,-4.375,Dell,14-inch,8GB,Apple,16-inch,16GB
0,-8.25,10.5,Dell,14-inch,16GB,ASUS,13-inch,4GB
0,4.5299530029296875e-05,-9.25,Dell,14-inch,16GB,ASUS,13-inch,8GB
0,4.506111145019531e-05,-4.625,Dell,14-inch,16GB,ASUS,13-inch,16GB
0,5.245208740234375e-06,0.375,Dell,14-inch,16GB,ASUS,14-inch,4GB
0,4.5299530029296875e-05,-9.25,Dell,14-inch,16GB,ASUS,14-inch,8GB
0,4.506111145019531e-05,-4.625,Dell,14-inch,16GB,ASUS,14-inch,16GB
0,-0.00188446044921875,4.25,Dell,14-inch,16GB,ASUS,16-inch,4GB
0,4.5299530029296875e-05,-8.5,Dell,14-inch,16GB,ASUS,16-inch,8GB
0,-0.000865936279296875,3.5,Dell,14-inch,16GB,ASUS,16-inch,16GB
0,-8.5,10.5,Dell,14-inch,16GB,Lenovo,13-inch,4GB
0,4.5299530029296875e-05,-9.25,Dell,14-inch,16GB,Lenovo,13-inch,8GB
0,4.506111145019531e-05,-4.875,Dell,14-inch,16GB,Lenovo,13-inch,16GB
0,-0.000865936279296875,3.5,Dell,14-inch,16GB,Lenovo,14-inch,4GB
0,4.5299530029296875e-05,-9.375,Dell,14-inch,16GB,Lenovo,14-inch,8GB
0,4.506111145019531e-05,-5.0,Dell,14-inch,16GB,Lenovo,14-inch,16GB
0,-1.140625,10.125,Dell,14-inch,16GB,Lenovo,16-inch,4GB
0,4.5299530029296875e-05,-8.0,Dell,14-inch,16GB,Lenovo,16-inch,8GB
0,-0.00518798828125,5.25,Dell,14-inch,16GB,Lenovo,16-inch,16GB
0,-8.0,10.5,Dell,14-inch,16GB,HP,13-inch,4GB
0,4.5299530029296875e-05,-9.625,Dell,14-inch,16GB,HP,13-inch,8GB
0,4.506111145019531e-05,-4.75,Dell,14-inch,16GB,HP,13-inch,16GB
0,-7.772445678710938e-05,1.5,Dell,14-inch,16GB,HP,14-inch,4GB
0,4.5299530029296875e-05,-9.625,Dell,14-inch,16GB,HP,14-inch,8GB
0,4.506111145019531e-05,-4.75,Dell,14-inch,16GB,HP,14-inch,16GB
0,-1.3125,10.1875,Dell,14-inch,16GB,HP,16-inch,4GB
0,4.5299530029296875e-05,-8.5,Dell,14-inch,16GB,HP,16-inch,8GB
0,-0.000865936279296875,3.5,Dell,14-inch,16GB,HP,16-inch,16GB
0,-12.25,10.5,Dell,14-inch,16GB,Dell,13-inch,4GB
0,4.5299530029296875e-05,-8.125,Dell,14-inch,16GB,Dell,13-inch,8GB
0,0.0,0.5,Dell,14-inch,16GB,Dell,13-inch,16GB
0,4.4345855712890625e-05,-3.25,Dell,14-inch,16GB,Dell,14-inch,4GB
0,4.5299530029296875e-05,-6.75,Dell,14-inch,16GB,Dell,14-inch,8GB
0,-7.5,10.5,Dell,14-inch,16GB,Dell,16-inch,4GB
0,4.5299530029296875e-05,-7.25,Dell,14-inch,16GB,Dell,16-inch,8GB
0,-6.5,10.5,Dell,14-inch,16GB,Dell,16-inch,16GB
0,-0.000385284423828125,2.75,Dell,14-inch,16GB,Apple,13-inch,4GB
0,4.5299530029296875e-05,-9.75,Dell,14-inch,16GB,Apple,13-inch,8GB
0,4.38690185546875e-05,-3.0,Dell,14-inch,16GB,Apple,13-inch,16GB
0,3.3855438232421875e-05,-0.875,Dell,14-inch,16GB,Apple,14-inch,4GB
0,4.5299530029296875e-05,-10.125,Dell,14-inch,16GB,Apple,14-inch,8GB
0,4.291534423828125e-05,-2.5,Dell,14-inch,16GB,Apple,14-inch,16GB
0,-6.198883056640625e-06,0.625,Dell,14-inch,16GB,Apple,16-inch,4GB
0,4.5299530029296875e-05,-8.25,Dell,14-inch,16GB,Apple,16-inch,8GB
0,1.4066696166992188e-05,0.125,Dell,14-inch,16GB,Apple,16-inch,16GB
0,4.38690185546875e-05,-2.875,Dell,16-inch,4GB,ASUS,13-inch,4GB
0,-16.625,10.5,Dell,16-inch,4GB,ASUS,13-inch,8GB
0,-0.00145721435546875,4.0,Dell,16-inch,4GB,ASUS,13-inch,16GB
0,4.4345855712890625e-05,-3.5,Dell,16-inch,4GB,ASUS,14-inch,4GB
0,-16.375,10.5,Dell,16-inch,4GB,ASUS,14-inch,8GB
0,-0.0024261474609375,4.5,Dell,16-inch,4GB,ASUS,14-inch,16GB
0,1.4066696166992188e-05,0.125,Dell,16-inch,4GB,ASUS,16-inch,4GB
0,-16.0,10.5,Dell,16-inch,4GB,ASUS,16-inch,8GB
0,-0.000385284423828125,2.75,Dell,16-inch,4GB,ASUS,16-inch,16GB
0,4.291534423828125e-05,-2.5,Dell,16-inch,4GB,Lenovo,13-inch,4GB
0,-16.875,10.5,Dell,16-inch,4GB,Lenovo,13-inch,8GB
0,-4.5,10.5,Dell,16-inch,4GB,Lenovo,13-inch,16GB
0,4.3392181396484375e-05,-2.75,Dell,16-inch,4GB,Lenovo,14-inch,4GB
0,-16.375,10.5,Dell,16-inch,4GB,Lenovo,14-inch,8GB
0,-5.75,10.5,Dell,16-inch,4GB,Lenovo,14-inch,16GB
0,-2.956390380859375e-05,1.0,Dell,16-inch,4GB,Lenovo,16-inch,4GB
0,-16.5,10.5,Dell,16-inch,4GB,Lenovo,16-inch,8GB
0,-0.00066375732421875,3.25,Dell,16-inch,4GB,Lenovo,16-inch,16GB
0,4.482269287109375e-05,-4.25,Dell,16-inch,4GB,HP,13-inch,4GB
0,-17.625,10.5,Dell,16-inch,4GB,HP,13-inch,8GB
0,-0.006683349609375,5.5,Dell,16-inch,4GB,HP,13-inch,16GB
0,4.482269287109375e-05,-4.125,Dell,16-inch,4GB,HP,14-inch,4GB
0,-17.625,10.5,Dell,16-inch,4GB,HP,14-inch,8GB
0,-5.25,10.5,Dell,16-inch,4GB,HP,14-inch,16GB
0,4.4345855712890625e-05,-3.5,Dell,16-inch,4GB,HP,16-inch,4GB
0,-16.875,10.5,Dell,16-inch,4GB,HP,16-inch,8GB
0,-0.0002899169921875,2.5,Dell,16-inch,4GB,HP,16-inch,16GB
0,4.5299530029296875e-05,-5.125,Dell,16-inch,4GB,Dell,13-inch,4GB
0,-18.5,10.5,Dell,16-inch,4GB,Dell,13-inch,8GB
0,-9.0,10.5,Dell,16-inch,4GB,Dell,13-inch,16GB
0,4.482269287109375e-05,-4.375,Dell,16-inch,4GB,Dell,14-inch,4GB
0,-18.875,10.5,Dell,16-inch,4GB,Dell,14-inch,8GB
0,-9.5,10.5,Dell,16-inch,4GB,Dell,14-inch,16GB
0,-10.875,10.5,Dell,16-inch,4GB,Dell,16-inch,8GB
0,-2.8125,10.4375,Dell,16-inch,4GB,Dell,16-inch,16GB
0,3.24249267578125e-05,-0.75,Dell,16-inch,4GB,Apple,13-inch,4GB
0,-16.5,10.5,Dell,16-inch,4GB,Apple,13-inch,8GB
0,-5.0,10.5,Dell,16-inch,4GB,Apple,13-inch,16GB
0,4.1961669921875e-05,-2.125,Dell,16-inch,4GB,Apple,14-inch,4GB
0,-15.625,10.5,Dell,16-inch,4GB,Apple,14-inch,8GB
0,-1.703125,10.3125,Dell,16-inch,4GB,Apple,14-inch,16GB
0,-2.0503997802734375e-05,0.875,Dell,16-inch,4GB,Apple,16-inch,4GB
0,-14.625,10.5,Dell,16-inch,4GB,Apple,16-inch,8GB
0,-0.0002899169921875,2.5,Dell,16-inch,4GB,Apple,16-inch,16GB
0,0.0,0.5,Dell,16-inch,8GB,ASUS,13-inch,4GB
0,4.506111145019531e-05,-4.75,Dell,16-inch,8GB,ASUS,13-inch,8GB
0,-0.023193359375,6.75,Dell,16-inch,8GB,ASUS,13-inch,16GB
0,-0.000385284423828125,2.75,Dell,16-inch,8GB,ASUS,14-inch,4GB
0,4.4345855712890625e-05,-3.375,Dell,16-inch,8GB,ASUS,14-inch,8GB
0,-8.0,10.5,Dell,16-inch,8GB,ASUS,14-inch,16GB
0,4.291534423828125e-05,-2.375,Dell,16-inch,8GB,ASUS,16-inch,4GB
0,4.5299530029296875e-05,-5.5,Dell,16-inch,8GB,ASUS,16-inch,8GB
0,-0.0002155303955078125,2.25,Dell,16-inch,8GB,ASUS,16-inch,16GB
0,-7.772445678710938e-05,1.5,Dell,16-inch,8GB,Lenovo,13-inch,4GB
0,4.506111145019531e-05,-4.625,Dell,16-inch,8GB,Lenovo,13-inch,8GB
0,-3.765625,10.5,Dell,16-inch,8GB,Lenovo,13-inch,16GB
0,-0.023193359375,6.75,Dell,16-inch,8GB,Lenovo,14-inch,4GB
0,4.38690185546875e-05,-3.0,Dell,16-inch,8GB,Lenovo,14-inch,8GB
0,-8.5,10.5,Dell,16-inch,8GB,Lenovo,14-inch,16GB
0,4.0531158447265625e-05,-1.75,Dell,16-inch,8GB,Lenovo,16-inch,4GB
0,4.482269287109375e-05,-4.375,Dell,16-inch,8GB,Lenovo,16-inch,8GB
0,-0.000385284423828125,2.75,Dell,16-inch,8GB,Lenovo,16-inch,16GB
0,3.0517578125e-05,-0.625,Dell,16-inch,8GB,HP,13-inch,4GB
0,4.482269287109375e-05,-4.375,Dell,16-inch,8GB,HP,13-inch,8GB
0,-5.25,10.5,Dell,16-inch,8GB,HP,13-inch,16GB
0,-0.000865936279296875,3.5,Dell,16-inch,8GB,HP,14-inch,4GB
0,4.38690185546875e-05,-3.0,Dell,16-inch,8GB,HP,14-inch,8GB
0,-8.75,10.5,Dell,16-inch,8GB,HP,14-inch,16GB
0,4.2438507080078125e-05,-2.25,Dell,16-inch,8GB,HP,16-inch,4GB
0,4.5299530029296875e-05,-5.5,Dell,16-inch,8GB,HP,16-inch,8GB
0,-0.000385284423828125,2.75,Dell,16-inch,8GB,HP,16-inch,16GB
0,-8.25,10.5,Dell,16-inch,8GB,Dell,13-inch,4GB
0,3.3855438232421875e-05,-0.875,Dell,16-inch,8GB,Dell,13-inch,8GB
0,-7.25,10.5,Dell,16-inch,8GB,Dell,13-inch,16GB
0,-10.0,10.5,Dell,16-inch,8GB,Dell,14-inch,4GB
0,-6.341934204101562e-05,1.375,Dell,16-inch,8GB,Dell,14-inch,8GB
0,-10.0,10.5,Dell,16-inch,8GB,Dell,14-inch,16GB
0,4.482269287109375e-05,-3.75,Dell,16-inch,8GB,Dell,16-inch,4GB
0,-0.00066375732421875,3.25,Dell,16-inch,8GB,Dell,16-inch,16GB
0,4.1484832763671875e-05,-2.0,Dell,16-inch,8GB,Apple,13-inch,4GB
0,4.291534423828125e-05,-2.375,Dell,16-inch,8GB,Apple,13-inch,8GB
0,-0.000865936279296875,3.5,Dell,16-inch,8GB,Apple,13-inch,16GB
0,-0.0002899169921875,2.5,Dell,16-inch,8GB,Apple,14-inch,4GB
0,4.00543212890625e-05,-1.625,Dell,16-inch,8GB,Apple,14-inch,8GB
0,-0.251953125,9.0,Dell,16-inch,8GB,Apple,14-inch,16GB
0,4.482269287109375e-05,-4.0,Dell,16-inch,8GB,Apple,16-inch,4GB
0,4.291534423828125e-05,-2.375,Dell,16-inch,8GB,Apple,16-inch,8GB
0,-5.054473876953125e-05,1.25,Dell,16-inch,8GB,Apple,16-inch,16GB
0,-9.5,10.5,Dell,16-inch,16GB,ASUS,13-inch,4GB
0,2.384185791015625e-05,-0.25,Dell,16-inch,16GB,ASUS,13-inch,8GB
0,-0.02978515625,6.96875,Dell,16-inch,16GB,ASUS,13-inch,16GB
0,-11.0,10.5,Dell,16-inch,16GB,ASUS,14-inch,4GB
0,-0.00011301040649414062,1.75,Dell,16-inch,16GB,ASUS,14-inch,8GB
0,-0.048583984375,7.4375,Dell,16-inch,16GB,ASUS,14-inch,16GB
0,-0.00188446044921875,4.25,Dell,16-inch,16GB,ASUS,16-inch,4GB
0,4.1484832763671875e-05,-2.0,Dell,16-inch,16GB,ASUS,16-inch,8GB
0,3.838539123535156e-05,-1.375,Dell,16-inch,16GB,ASUS,16-inch,16GB
0,-9.75,10.5,Dell,16-inch,16GB,Lenovo,13-inch,4GB
0,3.743171691894531e-05,-1.25,Dell,16-inch,16GB,Lenovo,13-inch,8GB
0,-0.0024261474609375,4.5,Dell,16-inch,16GB,Lenovo,13-inch,16GB
0,-11.25,10.5,Dell,16-inch,16GB,Lenovo,14-inch,4GB
0,-2.0503997802734375e-05,0.875,Dell,16-inch,16GB,Lenovo,14-inch,8GB
0,-0.0181884765625,6.46875,Dell,16-inch,16GB,Lenovo,14-inch,16GB
0,-1.703125,10.3125,Dell,16-inch,16GB,Lenovo,16-inch,4GB
0,3.838539123535156e-05,-1.375,Dell,16-inch,16GB,Lenovo,16-inch,8GB
0,3.910064697265625e-05,-1.5,Dell,16-inch,16GB,Lenovo,16-inch,16GB
0,-9.25,10.5,Dell,16-inch,16GB,HP,13-inch,4GB
0,4.291534423828125e-05,-2.375,Dell,16-inch,16GB,HP,13-inch,8GB
0,-0.00145721435546875,4.0,Dell,16-inch,16GB,HP,13-inch,16GB
0,-11.25,10.5,Dell,16-inch,16GB,HP,14-inch,4GB
0,2.384185791015625e-05,-0.25,Dell,16-inch,16GB,HP,14-inch,8GB
0,-0.004058837890625,5.0,Dell,16-inch,16GB,HP,14-inch,16GB
0,-0.0791015625,7.9375,Dell,16-inch,16GB,HP,16-inch,4GB
0,4.2438507080078125e-05,-2.25,Dell,16-inch,16GB,HP,16-inch,8GB
0,4.1961669921875e-05,-2.125,Dell,16-inch,16GB,HP,16-inch,16GB
0,-13.0,10.5,Dell,16-inch,16GB,Dell,13-inch,4GB
0,-5.054473876953125e-05,1.25,Dell,16-inch,16GB,Dell,13-inch,8GB
0,-0.69140625,9.8125,Dell,16-inch,16GB,Dell,13-inch,16GB
0,-14.375,10.5,Dell,16-inch,16GB,Dell,14-inch,4GB
0,-0.000865936279296875,3.5,Dell,16-inch,16GB,Dell,14-inch,8GB
0,-6.25,10.5,Dell,16-inch,16GB,Dell,14-inch,16GB
0,-0.06201171875,7.6875,Dell,16-inch,16GB,Dell,16-inch,4GB
0,-0.0002899169921875,2.5,Dell,16-inch,16GB,Dell,16-inch,8GB
0,-0.201171875,8.8125,Dell,16-inch,16GB,Apple,13-inch,4GB
0,4.482269287109375e-05,-4.0,Dell,16-inch,16GB,Apple,13-inch,8GB
0,-0.00011301040649414062,1.75,Dell,16-inch,16GB,Apple,13-inch,16GB
0,-7.25,10.5,Dell,16-inch,16GB,Apple,14-inch,4GB
0,3.910064697265625e-05,-1.5,Dell,16-inch,16GB,Apple,14-inch,8GB
0,-0.0002155303955078125,2.25,Dell,16-inch,16GB,Apple,14-inch,16GB
0,5.245208740234375e-06,0.375,Dell,16-inch,16GB,Apple,16-inch,4GB
0,4.5299530029296875e-05,-5.375,Dell,16-inch,16GB,Apple,16-inch,8GB
0,2.6345252990722656e-05,-0.375,Dell,16-inch,16GB,Apple,16-inch,16GB
0,-7.772445678710938e-05,1.5,Apple,13-inch,4GB,ASUS,13-inch,4GB
0,-18.0,10.5,Apple,13-inch,4GB,ASUS,13-inch,8GB
0,-15.125,10.5,Apple,13-inch,4GB,ASUS,13-inch,16GB
0,-0.000759124755859375,3.375,Apple,13-inch,4GB,ASUS,14-inch,4GB
0,-19.25,10.5,Apple,13-inch,4GB,ASUS,14-inch,8GB
0,-16.75,10.5,Apple,13-inch,4GB,ASUS,14-inch,16GB
0,-8.75,10.5,Apple,13-inch,4GB,ASUS,16-inch,4GB
0,-16.375,10.5,Apple,13-inch,4GB,ASUS,16-inch,8GB
0,-14.25,10.5,Apple,13-inch,4GB,ASUS,16-inch,16GB
0,-0.0004425048828125,2.875,Apple,13-inch,4GB,Lenovo,13-inch,4GB
0,-17.875,10.5,Apple,13-inch,4GB,Lenovo,13-inch,8GB
0,-15.375,10.5,Apple,13-inch,4GB,Lenovo,13-inch,16GB
0,-0.000865936279296875,3.5,Apple,13-inch,4GB,Lenovo,14-inch,4GB
0,-18.625,10.5,Apple,13-inch,4GB,Lenovo,14-inch,8GB
0,-16.625,10.5,Apple,13-inch,4GB,Lenovo,14-inch,16GB
0,-8.5,10.5,Apple,13-inch,4GB,Lenovo,16-inch,4GB
0,-15.5,10.5,Apple,13-inch,4GB,Lenovo,16-inch,8GB
0,-14.375,10.5,Apple,13-inch,4GB,Lenovo,16-inch,16GB
0,-6.198883056640625e-06,0.625,Apple,13-inch,4GB,HP,13-inch,4GB
0,-18.375,10.5,Apple,13-inch,4GB,HP,13-inch,8GB
0,-15.5,10.5,Apple,13-inch,4GB,HP,13-inch,16GB
0,-0.00011301040649414062,1.75,Apple,13-inch,4GB,HP,14-inch,4GB
0,-19.75,10.5,Apple,13-inch,4GB,HP,14-inch,8GB
0,-17.25,10.5,Apple,13-inch,4GB,HP,14-inch,16GB
0,-3.53125,10.5,Apple,13-inch,4GB,HP,16-inch,4GB
0,-17.25,10.5,Apple,13-inch,4GB,HP,16-inch,8GB
0,-14.75,10.5,Apple,13-inch,4GB,HP,16-inch,16GB
0,-0.000133514404296875,1.875,Apple,13-inch,4GB,Dell,13-inch,4GB
0,-17.75,10.5,Apple,13-inch,4GB,Dell,13-inch,8GB
0,-14.625,10.5,Apple,13-inch,4GB,Dell,13-inch,16GB
0,-0.000385284423828125,2.75,Apple,13-inch,4GB,Dell,14-inch,4GB
0,-18.875,10.5,Apple,13-inch,4GB,Dell,14-inch,8GB
0,-16.25,10.5,Apple,13-inch,4GB,Dell,14-inch,16GB
0,-7.0,10.5,Apple,13-inch,4GB,Dell,16-inch,4GB
0,-15.375,10.5,Apple,13-inch,4GB,Dell,16-inch,8GB
0,-13.75,10.5,Apple,13-inch,4GB,Dell,16-inch,16GB
0,-12.75,10.5,Apple,13-inch,4GB,Apple,13-inch,8GB
0,-8.625,10.5,Apple,13-inch,4GB,Apple,13-inch,16GB
0,-8.5,10.5,Apple,13-inch,4GB,Apple,14-inch,4GB
0,-19.5,10.5,Apple,13-inch,4GB,Apple,14-inch,8GB
0,-16.125,10.5,Apple,13-inch,4GB,Apple,14-inch,16GB
0,-8.0,10.5,Apple,13-inch,4GB,Apple,16-inch,4GB
0,-17.375,10.5,Apple,13-inch,4GB,Apple,16-inch,8GB
0,-16.375,10.5,Apple,13-inch,4GB,Apple,16-inch,16GB
0,4.5299530029296875e-05,-9.875,Apple,13-inch,8GB,ASUS,13-inch,4GB
0,4.506111145019531e-05,-5.0,Apple,13-inch,8GB,ASUS,13-inch,8GB
0,4.5299530029296875e-05,-5.375,Apple,13-inch,8GB,ASUS,13-inch,16GB
0,4.5299530029296875e-05,-7.875,Apple,13-inch,8GB,ASUS,14-inch,4GB
0,4.5299530029296875e-05,-5.5,Apple,13-inch,8GB,ASUS,14-inch,8GB
0,4.3392181396484375e-05,-2.625,Apple,13-inch,8GB,ASUS,14-inch,16GB
0,4.482269287109375e-05,-4.25,Apple,13-inch,8GB,ASUS,16-inch,4GB
0,4.506111145019531e-05,-5.0,Apple,13-inch,8GB,ASUS,16-inch,8GB
0,4.482269287109375e-05,-4.375,Apple,13-inch,8GB,ASUS,16-inch,16GB
0,4.5299530029296875e-05,-10.0,Apple,13-inch,8GB,Lenovo,13-inch,4GB
0,4.506111145019531e-05,-4.875,Apple,13-inch,8GB,Lenovo,13-inch,8GB
0,4.506111145019531e-05,-4.875,Apple,13-inch,8GB,Lenovo,13-inch,16GB
0,4.5299530029296875e-05,-8.25,Apple,13-inch,8GB,Lenovo,14-inch,4GB
0,4.506111145019531e-05,-5.0,Apple,13-inch,8GB,Lenovo,14-inch,8GB
0,3.838539123535156e-05,-1.375,Apple,13-inch,8GB,Lenovo,14-inch,16GB
0,4.38690185546875e-05,-3.0,Apple,13-inch,8GB,Lenovo,16-inch,4GB
0,4.506111145019531e-05,-4.875,Apple,13-inch,8GB,Lenovo,16-inch,8GB
0,4.4345855712890625e-05,-3.375,Apple,13-inch,8GB,Lenovo,16-inch,16GB
0,4.5299530029296875e-05,-10.375,Apple,13-inch,8GB,HP,13-inch,4GB
0,4.5299530029296875e-05,-5.125,Apple,13-inch,8GB,HP,13-inch,8GB
0,4.482269287109375e-05,-4.5,Apple,13-inch,8GB,HP,13-inch,16GB
0,4.5299530029296875e-05,-8.625,Apple,13-inch,8GB,HP,14-inch,4GB
0,4.5299530029296875e-05,-5.125,Apple,13-inch,8GB,HP,14-inch,8GB
0,3.62396240234375e-05,-1.125,Apple,13-inch,8GB,HP,14-inch,16GB
0,4.506111145019531e-05,-4.875,Apple,13-inch,8GB,HP,16-inch,4GB
0,4.506111145019531e-05,-5.0,Apple,13-inch,8GB,HP,16-inch,8GB
0,4.482269287109375e-05,-3.75,Apple,13-inch,8GB,HP,16-inch,16GB
0,4.5299530029296875e-05,-11.0,Apple,13-inch,8GB,Dell,13-inch,4GB
0,4.5299530029296875e-05,-5.125,Apple,13-inch,8GB,Dell,13-inch,8GB
0,4.482269287109375e-05,-4.25,Apple,13-inch,8GB,Dell,13-inch,16GB
0,4.5299530029296875e-05,-9.0,Apple,13-inch,8GB,Dell,14-inch,4GB
0,4.5299530029296875e-05,-5.25,Apple,13-inch,8GB,Dell,14-inch,8GB
0,4.00543212890625e-05,-1.625,Apple,13-inch,8GB,Dell,14-inch,16GB
0,4.5299530029296875e-05,-6.0,Apple,13-inch,8GB,Dell,16-inch,4GB
0,4.506111145019531e-05,-4.75,Apple,13-inch,8GB,Dell,16-inch,8GB
0,4.482269287109375e-05,-3.75,Apple,13-inch,8GB,Dell,16-inch,16GB
0,4.5299530029296875e-05,-8.375,Apple,13-inch,8GB,Apple,13-inch,4GB
0,4.506111145019531e-05,-4.625,Apple,13-inch,8GB,Apple,13-inch,16GB
0,-0.0002155303955078125,2.25,Apple,13-inch,8GB,Apple,14-inch,4GB
0,-5.0,10.5,Apple,13-inch,8GB,Apple,14-inch,8GB
0,4.4345855712890625e-05,-3.5,Apple,13-inch,8GB,Apple,14-inch,16GB
0,-0.00145721435546875,4.0,Apple,13-inch,8GB,Apple,16-inch,4GB
0,-0.0031280517578125,4.75,Apple,13-inch,8GB,Apple,16-inch,8GB
0,4.506111145019531e-05,-4.75,Apple,13-inch,8GB,Apple,16-inch,16GB
0,-0.06201171875,7.6875,Apple,13-inch,16GB,ASUS,13-inch,4GB
0,4.5299530029296875e-05,-6.125,Apple,13-inch,16GB,ASUS,13-inch,8GB
0,4.1961669921875e-05,-2.125,Apple,13-inch,16GB,ASUS,13-inch,16GB
0,-8.0,10.5,Apple,13-inch,16GB,ASUS,14-inch,4GB
0,4.5299530029296875e-05,-6.125,Apple,13-inch,16GB,ASUS,14-inch,8GB
0,4.291534423828125e-05,-2.375,Apple,13-inch,16GB,ASUS,14-inch,16GB
0,-6.25,10.5,Apple,13-inch,16GB,ASUS,16-inch,4GB
0,4.5299530029296875e-05,-6.625,Apple,13-inch,16GB,ASUS,16-inch,8GB
0,-0.0001850128173828125,2.125,Apple,13-inch,16GB,ASUS,16-inch,16GB
0,-0.0024261474609375,4.5,Apple,13-inch,16GB,Lenovo,13-inch,4GB
0,4.5299530029296875e-05,-6.375,Apple,13-inch,16GB,Lenovo,13-inch,8GB
0,4.291534423828125e-05,-2.5,Apple,13-inch,16GB,Lenovo,13-inch,16GB
0,-8.0,10.5,Apple,13-inch,16GB,Lenovo,14-inch,4GB
0,4.5299530029296875e-05,-5.875,Apple,13-inch,16GB,Lenovo,14-inch,8GB
0,4.0531158447265625e-05,-1.75,Apple,13-inch,16GB,Lenovo,14-inch,16GB
0,-7.5,10.5,Apple,13-inch,16GB,Lenovo,16-inch,4GB
0,4.5299530029296875e-05,-6.75,Apple,13-inch,16GB,Lenovo,16-inch,8GB
0,-0.0001583099365234375,2.0,Apple,13-inch,16GB,Lenovo,16-inch,16GB
0,-6.341934204101562e-05,1.375,Apple,13-inch,16GB,HP,13-inch,4GB
0,4.5299530029296875e-05,-6.125,Apple,13-inch,16GB,HP,13-inch,8GB
0,4.2438507080078125e-05,-2.25,Apple,13-inch,16GB,HP,13-inch,16GB
0,-3.765625,10.5,Apple,13-inch,16GB,HP,14-inch,4GB
0,4.5299530029296875e-05,-6.125,Apple,13-inch,16GB,HP,14-inch,8GB
0,3.743171691894531e-05,-1.25,Apple,13-inch,16GB,HP,14-inch,16GB
0,-0.97265625,10.0,Apple,13-inch,16GB,HP,16-inch,4GB
0,4.5299530029296875e-05,-7.0,Apple,13-inch,16GB,HP,16-inch,8GB
0,-9.489059448242188e-05,1.625,Apple,13-inch,16GB,HP,16-inch,16GB
0,3.3855438232421875e-05,-0.875,Apple,13-inch,16GB,Dell,13-inch,4GB
0,4.5299530029296875e-05,-6.75,Apple,13-inch,16GB,Dell,13-inch,8GB
0,4.2438507080078125e-05,-2.25,Apple,13-inch,16GB,Dell,13-inch,16GB
0,-0.0791015625,7.9375,Apple,13-inch,16GB,Dell,14-inch,4GB
0,4.5299530029296875e-05,-6.75,Apple,13-inch,16GB,Dell,14-inch,8GB
0,4.100799560546875e-05,-1.875,Apple,13-inch,16GB,Dell,14-inch,16GB
0,-0.006683349609375,5.5,Apple,13-inch,16GB,Dell,16-inch,4GB
0,4.5299530029296875e-05,-7.0,Apple,13-inch,16GB,Dell,16-inch,8GB
0,-1.2874603271484375e-05,0.75,Apple,13-inch,16GB,Dell,16-inch,16GB
0,4.4345855712890625e-05,-3.5,Apple,13-inch,16GB,Apple,13-inch,4GB
0,3.3855438232421875e-05,-0.875,Apple,13-inch,16GB,Apple,13-inch,8GB
0,-10.0,10.5,Apple,13-inch,16GB,Apple,14-inch,4GB
0,4.482269287109375e-05,-4.25,Apple,13-inch,16GB,Apple,14-inch,8GB
0,-7.0,10.5,Apple,13-inch,16GB,Apple,14-inch,16GB
0,-8.0,10.5,Apple,13-inch,16GB,Apple,16-inch,4GB
0,4.4345855712890625e-05,-3.5,Apple,13-inch,16GB,Apple,16-inch,8GB
0,-8.5,10.5,Apple,13-inch,16GB,Apple,16-inch,16GB
0,-0.0003337860107421875,2.625,Apple,14-inch,4GB,ASUS,13-inch,4GB
0,-19.75,10.5,Apple,14-inch,4GB,ASUS,13-inch,8GB
0,-16.5,10.5,Apple,14-inch,4GB,ASUS,13-inch,16GB
0,-0.00098419189453125,3.625,Apple,14-inch,4GB,ASUS,14-inch,4GB
0,-18.5,10.5,Apple,14-inch,4GB,ASUS,14-inch,8GB
0,-15.875,10.5,Apple,14-inch,4GB,ASUS,14-inch,16GB
0,-9.375,10.5,Apple,14-inch,4GB,ASUS,16-inch,4GB
0,-16.5,10.5,Apple,14-inch,4GB,ASUS,16-inch,8GB
0,-12.875,10.5,Apple,14-inch,4GB,ASUS,16-inch,16GB
0,-0.00112152099609375,3.75,Apple,14-inch,4GB,Lenovo,13-inch,4GB
0,-19.25,10.5,Apple,14-inch,4GB,Lenovo,13-inch,8GB
0,-16.5,10.5,Apple,14-inch,4GB,Lenovo,13-inch,16GB
0,-0.00518798828125,5.25,Apple,14-inch,4GB,Lenovo,14-inch,4GB
0,-17.75,10.5,Apple,14-inch,4GB,Lenovo,14-inch,8GB
0,-16.125,10.5,Apple,14-inch,4GB,Lenovo,14-inch,16GB
0,-8.875,10.5,Apple,14-inch,4GB,Lenovo,16-inch,4GB
0,-15.5,10.5,Apple,14-inch,4GB,Lenovo,16-inch,8GB
0,-13.375,10.5,Apple,14-inch,4GB,Lenovo,16-inch,16GB
0,1.0013580322265625e-05,0.25,Apple,14-inch,4GB,HP,13-inch,4GB
0,-19.875,10.5,Apple,14-inch,4GB,HP,13-inch,8GB
0,-16.125,10.5,Apple,14-inch,4GB,HP,13-inch,16GB
0,-0.0002155303955078125,2.25,Apple,14-inch,4GB,HP,14-inch,4GB
0,-18.625,10.5,Apple,14-inch,4GB,HP,14-inch,8GB
0,-16.625,10.5,Apple,14-inch,4GB,HP,14-inch,16GB
0,-7.25,10.5,Apple,14-inch,4GB,HP,16-inch,4GB
0,-17.375,10.5,Apple,14-inch,4GB,HP,16-inch,8GB
0,-13.875,10.5,Apple,14-inch,4GB,HP,16-inch,16GB
0,-0.0001583099365234375,2.0,Apple,14-inch,4GB,Dell,13-inch,4GB
0,-19.125,10.5,Apple,14-inch,4GB,Dell,13-inch,8GB
0,-15.875,10.5,Apple,14-inch,4GB,Dell,13-inch,16GB
0,-0.000759124755859375,3.375,Apple,14-inch,4GB,Dell,14-inch,4GB
0,-17.625,10.5,Apple,14-inch,4GB,Dell,14-inch,8GB
0,-15.625,10.5,Apple,14-inch,4GB,Dell,14-inch,16GB
0,-8.25,10.5,Apple,14-inch,4GB,Dell,16-inch,4GB
0,-15.875,10.5,Apple,14-inch,4GB,Dell,16-inch,8GB
0,-12.75,10.5,Apple,14-inch,4GB,Dell,16-inch,16GB
0,-0.0002899169921875,2.5,Apple,14-inch,4GB,Apple,13-inch,4GB
0,-19.25,10.5,Apple,14-inch,4GB,Apple,13-inch,8GB
0,-15.875,10.5,Apple,14-inch,4GB,Apple,13-inch,16GB
0,-13.5,10.5,Apple,14-inch,4GB,Apple,14-inch,8GB
0,-9.375,10.5,Apple,14-inch,4GB,Apple,14-inch,16GB
0,-8.25,10.5,Apple,14-inch,4GB,Apple,16-inch,4GB
0,-17.75,10.5,Apple,14-inch,4GB,Apple,16-inch,8GB
0,-15.5,10.5,Apple,14-inch,4GB,Apple,16-inch,16GB
0,4.291534423828125e-05,-2.375,Apple,14-inch,8GB,ASUS,13-inch,4GB
0,4.5299530029296875e-05,-5.5,Apple,14-inch,8GB,ASUS,13-inch,8GB
0,4.3392181396484375e-05,-2.625,Apple,14-inch,8GB,ASUS,13-inch,16GB
0,4.5299530029296875e-05,-7.875,Apple,14-inch,8GB,ASUS,14-inch,4GB
0,4.506111145019531e-05,-5.0,Apple,14-inch,8GB,ASUS,14-inch,8GB
0,4.506111145019531e-05,-5.0,Apple,14-inch,8GB,ASUS,14-inch,16GB
0,-9.489059448242188e-05,1.625,Apple,14-inch,8GB,ASUS,16-inch,4GB
0,4.482269287109375e-05,-4.25,Apple,14-inch,8GB,ASUS,16-inch,8GB
0,4.482269287109375e-05,-4.25,Apple,14-inch,8GB,ASUS,16-inch,16GB
0,4.482269287109375e-05,-3.875,Apple,14-inch,8GB,Lenovo,13-inch,4GB
0,4.506111145019531e-05,-5.0,Apple,14-inch,8GB,Lenovo,13-inch,8GB
0,3.838539123535156e-05,-1.375,Apple,14-inch,8GB,Lenovo,13-inch,16GB
0,4.5299530029296875e-05,-8.0,Apple,14-inch,8GB,Lenovo,14-inch,4GB
0,4.506111145019531e-05,-4.875,Apple,14-inch,8GB,Lenovo,14-inch,8GB
0,4.482269287109375e-05,-4.125,Apple,14-inch,8GB,Lenovo,14-inch,16GB
0,-0.0001583099365234375,2.0,Apple,14-inch,8GB,Lenovo,16-inch,4GB
0,4.458427429199219e-05,-3.625,Apple,14-inch,8GB,Lenovo,16-inch,8GB
0,4.4345855712890625e-05,-3.5,Apple,14-inch,8GB,Lenovo,16-inch,16GB
0,4.5299530029296875e-05,-5.75,Apple,14-inch,8GB,HP,13-inch,4GB
0,4.5299530029296875e-05,-5.25,Apple,14-inch,8GB,HP,13-inch,8GB
0,4.291534423828125e-05,-2.375,Apple,14-inch,8GB,HP,13-inch,16GB
0,4.5299530029296875e-05,-8.5,Apple,14-inch,8GB,HP,14-inch,4GB
0,4.506111145019531e-05,-5.0,Apple,14-inch,8GB,HP,14-inch,8GB
0,4.4345855712890625e-05,-3.5,Apple,14-inch,8GB,HP,14-inch,16GB
0,1.7762184143066406e-05,0.0,Apple,14-inch,8GB,HP,16-inch,4GB
0,4.482269287109375e-05,-4.0,Apple,14-inch,8GB,HP,16-inch,8GB
0,4.458427429199219e-05,-3.625,Apple,14-inch,8GB,HP,16-inch,16GB
0,4.5299530029296875e-05,-6.875,Apple,14-inch,8GB,Dell,13-inch,4GB
0,4.5299530029296875e-05,-5.125,Apple,14-inch,8GB,Dell,13-inch,8GB
0,4.291534423828125e-05,-2.5,Apple,14-inch,8GB,Dell,13-inch,16GB
0,4.5299530029296875e-05,-9.125,Apple,14-inch,8GB,Dell,14-inch,4GB
0,4.506111145019531e-05,-5.0,Apple,14-inch,8GB,Dell,14-inch,8GB
0,4.482269287109375e-05,-3.875,Apple,14-inch,8GB,Dell,14-inch,16GB
0,3.910064697265625e-05,-1.5,Apple,14-inch,8GB,Dell,16-inch,4GB
0,4.458427429199219e-05,-3.625,Apple,14-inch,8GB,Dell,16-inch,8GB
0,4.482269287109375e-05,-3.75,Apple,14-inch,8GB,Dell,16-inch,16GB
0,-9.0,10.5,Apple,14-inch,8GB,Apple,13-inch,4GB
0,3.0517578125e-05,-0.625,Apple,14-inch,8GB,Apple,13-inch,8GB
0,4.4345855712890625e-05,-3.5,Apple,14-inch,8GB,Apple,13-inch,16GB
0,4.5299530029296875e-05,-6.0,Apple,14-inch,8GB,Apple,14-inch,4GB
0,4.482269287109375e-05,-4.25,Apple,14-inch,8GB,Apple,14-inch,16GB
0,-6.5,10.5,Apple,14-inch,8GB,Apple,16-inch,4GB
0,-0.000385284423828125,2.75,Apple,14-inch,8GB,Apple,16-inch,8GB
0,4.482269287109375e-05,-4.25,Apple,14-inch,8GB,Apple,16-inch,16GB
0,-11.5,10.5,Apple,14-inch,16GB,ASUS,13-inch,4GB
0,4.3392181396484375e-05,-2.75,Apple,14-inch,16GB,ASUS,13-inch,8GB
0,4.0531158447265625e-05,-1.75,Apple,14-inch,16GB,ASUS,13-inch,16GB
0,-8.25,10.5,Apple,14-inch,16GB,ASUS,14-inch,4GB
0,4.5299530029296875e-05,-5.25,Apple,14-inch,16GB,ASUS,14-inch,8GB
0,4.100799560546875e-05,-1.875,Apple,14-inch,16GB,ASUS,14-inch,16GB
0,-9.0,10.5,Apple,14-inch,16GB,ASUS,16-inch,4GB
0,4.5299530029296875e-05,-5.375,Apple,14-inch,16GB,ASUS,16-inch,8GB
0,-0.00145721435546875,4.0,Apple,14-inch,16GB,ASUS,16-inch,16GB
0,-11.75,10.5,Apple,14-inch,16GB,Lenovo,13-inch,4GB
0,4.458427429199219e-05,-3.625,Apple,14-inch,16GB,Lenovo,13-inch,8GB
0,3.838539123535156e-05,-1.375,Apple,14-inch,16GB,Lenovo,13-inch,16GB
0,-8.0,10.5,Apple,14-inch,16GB,Lenovo,14-inch,4GB
0,4.506111145019531e-05,-5.0,Apple,14-inch,16GB,Lenovo,14-inch,8GB
0,4.2438507080078125e-05,-2.25,Apple,14-inch,16GB,Lenovo,14-inch,16GB
0,-9.25,10.5,Apple,14-inch,16GB,Lenovo,16-inch,4GB
0,4.5299530029296875e-05,-5.75,Apple,14-inch,16GB,Lenovo,16-inch,8GB
0,-0.000385284423828125,2.75,Apple,14-inch,16GB,Lenovo,16-inch,16GB
0,-11.0,10.5,Apple,14-inch,16GB,HP,13-inch,4GB
0,4.482269287109375e-05,-4.0,Apple,14-inch,16GB,HP,13-inch,8GB
0,3.743171691894531e-05,-1.25,Apple,14-inch,16GB,HP,13-inch,16GB
0,-7.5,10.5,Apple,14-inch,16GB,HP,14-inch,4GB
0,4.5299530029296875e-05,-5.125,Apple,14-inch,16GB,HP,14-inch,8GB
0,4.0531158447265625e-05,-1.75,Apple,14-inch,16GB,HP,14-inch,16GB
0,-8.5,10.5,Apple,14-inch,16GB,HP,16-inch,4GB
0,4.5299530029296875e-05,-6.125,Apple,14-inch,16GB,HP,16-inch,8GB
0,-0.00066375732421875,3.25,Apple,14-inch,16GB,HP,16-inch,16GB
0,-10.0,10.5,Apple,14-inch,16GB,Dell,13-inch,4GB
0,4.482269287109375e-05,-4.25,Apple,14-inch,16GB,Dell,13-inch,8GB
0,3.838539123535156e-05,-1.375,Apple,14-inch,16GB,Dell,13-inch,16GB
0,-5.5,10.5,Apple,14-inch,16GB,Dell,14-inch,4GB
0,4.5299530029296875e-05,-5.75,Apple,14-inch,16GB,Dell,14-inch,8GB
0,4.00543212890625e-05,-1.625,Apple,14-inch,16GB,Dell,14-inch,16GB
0,-7.5,10.5,Apple,14-inch,16GB,Dell,16-inch,4GB
0,4.5299530029296875e-05,-5.75,Apple,14-inch,16GB,Dell,16-inch,8GB
0,-0.0002498626708984375,2.375,Apple,14-inch,16GB,Dell,16-inch,16GB
0,-14.625,10.5,Apple,14-inch,16GB,Apple,13-inch,4GB
0,3.62396240234375e-05,-1.125,Apple,14-inch,16GB,Apple,13-inch,8GB
0,-0.0002155303955078125,2.25,Apple,14-inch,16GB,Apple,13-inch,16GB
0,-9.489059448242188e-05,1.625,Apple,14-inch,16GB,Apple,14-inch,4GB
0,-1.2874603271484375e-05,0.75,Apple,14-inch,16GB,Apple,14-inch,8GB
0,-8.75,10.5,Apple,14-inch,16GB,Apple,16-inch,4GB
0,4.00543212890625e-05,-1.625,Apple,14-inch,16GB,Apple,16-inch,8GB
0,-10.0,10.5,Apple,14-inch,16GB,Apple,16-inch,16GB
0,-0.000865936279296875,3.5,Apple,16-inch,4GB,ASUS,13-inch,4GB
0,-18.25,10.5,Apple,16-inch,4GB,ASUS,13-inch,8GB
0,-11.375,10.5,Apple,16-inch,4GB,ASUS,13-inch,16GB
0,-7.772445678710938e-05,1.5,Apple,16-inch,4GB,ASUS,14-inch,4GB
0,-18.25,10.5,Apple,16-inch,4GB,ASUS,14-inch,8GB
0,-11.125,10.5,Apple,16-inch,4GB,ASUS,14-inch,16GB
0,-0.0003337860107421875,2.625,Apple,16-inch,4GB,ASUS,16-inch,4GB
0,-17.125,10.5,Apple,16-inch,4GB,ASUS,16-inch,8GB
0,-9.375,10.5,Apple,16-inch,4GB,ASUS,16-inch,16GB
0,-0.00112152099609375,3.75,Apple,16-inch,4GB,Lenovo,13-inch,4GB
0,-18.125,10.5,Apple,16-inch,4GB,Lenovo,13-inch,8GB
0,-11.25,10.5,Apple,16-inch,4GB,Lenovo,13-inch,16GB
0,-7.772445678710938e-05,1.5,Apple,16-inch,4GB,Lenovo,14-inch,4GB
0,-18.0,10.5,Apple,16-inch,4GB,Lenovo,14-inch,8GB
0,-11.625,10.5,Apple,16-inch,4GB,Lenovo,14-inch,16GB
0,-0.000579833984375,3.125,Apple,16-inch,4GB,Lenovo,16-inch,4GB
0,-16.875,10.5,Apple,16-inch,4GB,Lenovo,16-inch,8GB
0,-9.25,10.5,Apple,16-inch,4GB,Lenovo,16-inch,16GB
0,-6.198883056640625e-06,0.625,Apple,16-inch,4GB,HP,13-inch,4GB
0,-19.625,10.5,Apple,16-inch,4GB,HP,13-inch,8GB
0,-10.875,10.5,Apple,16-inch,4GB,HP,13-inch,16GB
0,3.24249267578125e-05,-0.75,Apple,16-inch,4GB,HP,14-inch,4GB
0,-19.25,10.5,Apple,16-inch,4GB,HP,14-inch,8GB
0,-11.375,10.5,Apple,16-inch,4GB,HP,14-inch,16GB
0,5.245208740234375e-06,0.375,Apple,16-inch,4GB,HP,16-inch,4GB
0,-18.375,10.5,Apple,16-inch,4GB,HP,16-inch,8GB
0,-9.5,10.5,Apple,16-inch,4GB,HP,16-inch,16GB
0,-0.0002155303955078125,2.25,Apple,16-inch,4GB,Dell,13-inch,4GB
0,-18.25,10.5,Apple,16-inch,4GB,Dell,13-inch,8GB
0,-10.75,10.5,Apple,16-inch,4GB,Dell,13-inch,16GB
0,5.245208740234375e-06,0.375,Apple,16-inch,4GB,Dell,14-inch,4GB
0,-18.0,10.5,Apple,16-inch,4GB,Dell,14-inch,8GB
0,-10.875,10.5,Apple,16-inch,4GB,Dell,14-inch,16GB
0,-0.00011301040649414062,1.75,Apple,16-inch,4GB,Dell,16-inch,4GB
0,-17.375,10.5,Apple,16-inch,4GB,Dell,16-inch,8GB
0,-8.625,10.5,Apple,16-inch,4GB,Dell,16-inch,16GB
0,-5.054473876953125e-05,1.25,Apple,16-inch,4GB,Apple,13-inch,4GB
0,-19.625,10.5,Apple,16-inch,4GB,Apple,13-inch,8GB
0,-12.0,10.5,Apple,16-inch,4GB,Apple,13-inch,16GB
0,-0.000385284423828125,2.75,Apple,16-inch,4GB,Apple,14-inch,4GB
0,-19.125,10.5,Apple,16-inch,4GB,Apple,14-inch,8GB
0,-12.375,10.5,Apple,16-inch,4GB,Apple,14-inch,16GB
0,-12.0,10.5,Apple,16-inch,4GB,Apple,16-inch,8GB
0,-8.5,10.5,Apple,16-inch,4GB,Apple,16-inch,16GB
0,-0.00066375732421875,3.25,Apple,16-inch,8GB,ASUS,13-inch,4GB
0,4.1961669921875e-05,-2.125,Apple,16-inch,8GB,ASUS,13-inch,8GB
0,-8.5,10.5,Apple,16-inch,8GB,ASUS,13-inch,16GB
0,-4.75,10.5,Apple,16-inch,8GB,ASUS,14-inch,4GB
0,4.3392181396484375e-05,-2.625,Apple,16-inch,8GB,ASUS,14-inch,8GB
0,-10.25,10.5,Apple,16-inch,8GB,ASUS,14-inch,16GB
0,4.2438507080078125e-05,-2.25,Apple,16-inch,8GB,ASUS,16-inch,4GB
0,4.482269287109375e-05,-4.375,Apple,16-inch,8GB,ASUS,16-inch,8GB
0,-0.00188446044921875,4.25,Apple,16-inch,8GB,ASUS,16-inch,16GB
0,-0.0002899169921875,2.5,Apple,16-inch,8GB,Lenovo,13-inch,4GB
0,4.0531158447265625e-05,-1.75,Apple,16-inch,8GB,Lenovo,13-inch,8GB
0,-9.0,10.5,Apple,16-inch,8GB,Lenovo,13-inch,16GB
0,-1.5,10.25,Apple,16-inch,8GB,Lenovo,14-inch,4GB
0,4.1961669921875e-05,-2.125,Apple,16-inch,8GB,Lenovo,14-inch,8GB
0,-9.75,10.5,Apple,16-inch,8GB,Lenovo,14-inch,16GB
0,4.38690185546875e-05,-3.0,Apple,16-inch,8GB,Lenovo,16-inch,4GB
0,4.4345855712890625e-05,-3.5,Apple,16-inch,8GB,Lenovo,16-inch,8GB
0,-0.0024261474609375,4.5,Apple,16-inch,8GB,Lenovo,16-inch,16GB
0,2.384185791015625e-05,-0.25,Apple,16-inch,8GB,HP,13-inch,4GB
0,4.1961669921875e-05,-2.125,Apple,16-inch,8GB,HP,13-inch,8GB
0,-8.75,10.5,Apple,16-inch,8GB,HP,13-inch,16GB
0,-0.00145721435546875,4.0,Apple,16-inch,8GB,HP,14-inch,4GB
0,4.291534423828125e-05,-2.5,Apple,16-inch,8GB,HP,14-inch,8GB
0,-10.25,10.5,Apple,16-inch,8GB,HP,14-inch,16GB
0,4.482269287109375e-05,-4.0,Apple,16-inch,8GB,HP,16-inch,4GB
0,4.482269287109375e-05,-4.25,Apple,16-inch,8GB,HP,16-inch,8GB
0,-0.006683349609375,5.5,Apple,16-inch,8GB,HP,16-inch,16GB
0,3.0517578125e-05,-0.625,Apple,16-inch,8GB,Dell,13-inch,4GB
0,4.1484832763671875e-05,-2.0,Apple,16-inch,8GB,Dell,13-inch,8GB
0,-8.5,10.5,Apple,16-inch,8GB,Dell,13-inch,16GB
0,0.0,0.5,Apple,16-inch,8GB,Dell,14-inch,4GB
0,4.291534423828125e-05,-2.5,Apple,16-inch,8GB,Dell,14-inch,8GB
0,-9.5,10.5,Apple,16-inch,8GB,Dell,14-inch,16GB
0,4.506111145019531e-05,-5.0,Apple,16-inch,8GB,Dell,16-inch,4GB
0,4.482269287109375e-05,-4.0,Apple,16-inch,8GB,Dell,16-inch,8GB
0,-0.00188446044921875,4.25,Apple,16-inch,8GB,Dell,16-inch,16GB
0,-9.0,10.5,Apple,16-inch,8GB,Apple,13-inch,4GB
0,1.0013580322265625e-05,0.25,Apple,16-inch,8GB,Apple,13-inch,8GB
0,-9.0,10.5,Apple,16-inch,8GB,Apple,13-inch,16GB
0,-9.75,10.5,Apple,16-inch,8GB,Apple,14-inch,4GB
0,-0.000507354736328125,3.0,Apple,16-inch,8GB,Apple,14-inch,8GB
0,-10.75,10.5,Apple,16-inch,8GB,Apple,14-inch,16GB
0,4.482269287109375e-05,-4.5,Apple,16-inch,8GB,Apple,16-inch,4GB
0,-7.25,10.5,Apple,16-inch,8GB,Apple,16-inch,16GB
0,-11.5,10.5,Apple,16-inch,16GB,ASUS,13-inch,4GB
0,-0.00066375732421875,3.25,Apple,16-inch,16GB,ASUS,13-inch,8GB
0,-7.0,10.5,Apple,16-inch,16GB,ASUS,13-inch,16GB
0,-12.5,10.5,Apple,16-inch,16GB,ASUS,14-inch,4GB
0,-5.75,10.5,Apple,16-inch,16GB,ASUS,14-inch,8GB
0,-4.75,10.5,Apple,16-inch,16GB,ASUS,14-inch,16GB
0,-4.25,10.5,Apple,16-inch,16GB,ASUS,16-inch,4GB
0,-6.198883056640625e-06,0.625,Apple,16-inch,16GB,ASUS,16-inch,8GB
0,-7.772445678710938e-05,1.5,Apple,16-inch,16GB,ASUS,16-inch,16GB
0,-10.75,10.5,Apple,16-inch,16GB,Lenovo,13-inch,4GB
0,-0.0002899169921875,2.5,Apple,16-inch,16GB,Lenovo,13-inch,8GB
0,-6.75,10.5,Apple,16-inch,16GB,Lenovo,13-inch,16GB
0,-12.25,10.5,Apple,16-inch,16GB,Lenovo,14-inch,4GB
0,-1.9140625,10.3125,Apple,16-inch,16GB,Lenovo,14-inch,8GB
0,-5.75,10.5,Apple,16-inch,16GB,Lenovo,14-inch,16GB
0,-1.703125,10.3125,Apple,16-inch,16GB,Lenovo,16-inch,4GB
0,0.0,0.5,Apple,16-inch,16GB,Lenovo,16-inch,8GB
0,-0.0001850128173828125,2.125,Apple,16-inch,16GB,Lenovo,16-inch,16GB
0,-10.0,10.5,Apple,16-inch,16GB,HP,13-inch,4GB
0,-3.9577484130859375e-05,1.125,Apple,16-inch,16GB,HP,13-inch,8GB
0,-4.75,10.5,Apple,16-inch,16GB,HP,13-inch,16GB
0,-11.5,10.5,Apple,16-inch,16GB,HP,14-inch,4GB
0,-0.0024261474609375,4.5,Apple,16-inch,16GB,HP,14-inch,8GB
0,-3.765625,10.5,Apple,16-inch,16GB,HP,14-inch,16GB
0,-0.00145721435546875,4.0,Apple,16-inch,16GB,HP,16-inch,4GB
0,1.0013580322265625e-05,0.25,Apple,16-inch,16GB,HP,16-inch,8GB
0,-2.0503997802734375e-05,0.875,Apple,16-inch,16GB,HP,16-inch,16GB
0,-9.5,10.5,Apple,16-inch,16GB,Dell,13-inch,4GB
0,-9.489059448242188e-05,1.625,Apple,16-inch,16GB,Dell,13-inch,8GB
0,-6.25,10.5,Apple,16-inch,16GB,Dell,13-inch,16GB
0,-10.25,10.5,Apple,16-inch,16GB,Dell,14-inch,4GB
0,-0.008544921875,5.75,Apple,16-inch,16GB,Dell,14-inch,8GB
0,-2.578125,10.4375,Apple,16-inch,16GB,Dell,14-inch,16GB
0,-0.0001850128173828125,2.125,Apple,16-inch,16GB,Dell,16-inch,4GB
0,2.6345252990722656e-05,-0.375,Apple,16-inch,16GB,Dell,16-inch,8GB
0,-7.772445678710938e-05,1.5,Apple,16-inch,16GB,Dell,16-inch,16GB
0,-13.625,10.5,Apple,16-inch,16GB,Apple,13-inch,4GB
0,-0.00145721435546875,4.0,Apple,16-inch,16GB,Apple,13-inch,8GB
0,-0.57421875,9.6875,Apple,16-inch,16GB,Apple,13-inch,16GB
0,-15.125,10.5,Apple,16-inch,16GB,Apple,14-inch,4GB
0,-7.0,10.5,Apple,16-inch,16GB,Apple,14-inch,8GB
0,-8.0,10.5,Apple,16-inch,16GB,Apple,14-inch,16GB
0,-0.000133514404296875,1.875,Apple,16-inch,16GB,Apple,16-inch,4GB
0,-0.3125,9.1875,Apple,16-inch,16GB,Apple,16-inch,8GB
1,1.0013580322265625e-05,0.25,ASUS,13-inch,4GB,ASUS,13-inch,8GB
1,4.482269287109375e-05,-4.0,ASUS,13-inch,4GB,ASUS,13-inch,16GB
1,4.5299530029296875e-05,-5.875,ASUS,13-inch,4GB,ASUS,14-inch,4GB
1,-10.25,10.5,ASUS,13-inch,4GB,ASUS,14-inch,8GB
1,-0.02978515625,6.96875,ASUS,13-inch,4GB,ASUS,14-inch,16GB
1,-7.772445678710938e-05,1.5,ASUS,13-inch,4GB,ASUS,16-inch,4GB
1,-0.023193359375,6.75,ASUS,13-inch,4GB,ASUS,16-inch,8GB
1,-0.00011301040649414062,1.75,ASUS,13-inch,4GB,ASUS,16-inch,16GB
1,4.5299530029296875e-05,-6.5,ASUS,13-inch,4GB,Lenovo,13-inch,4GB
1,-0.00188446044921875,4.25,ASUS,13-inch,4GB,Lenovo,13-inch,8GB
1,-0.00011301040649414062,1.75,ASUS,13-inch,4GB,Lenovo,13-inch,16GB
1,4.5299530029296875e-05,-6.5,ASUS,13-inch,4GB,Lenovo,14-inch,4GB
1,-0.16015625,8.5625,ASUS,13-inch,4GB,Lenovo,14-inch,8GB
1,-0.00145721435546875,4.0,ASUS,13-inch,4GB,Lenovo,14-inch,16GB
1,-1.2874603271484375e-05,0.75,ASUS,13-inch,4GB,Lenovo,16-inch,4GB
1,-0.0002899169921875,2.5,ASUS,13-inch,4GB,Lenovo,16-inch,8GB
1,-0.0001583099365234375,2.0,ASUS,13-inch,4GB,Lenovo,16-inch,16GB
1,4.5299530029296875e-05,-10.625,ASUS,13-inch,4GB,HP,13-inch,4GB
1,-0.0002899169921875,2.5,ASUS,13-inch,4GB,HP,13-inch,8GB
1,-7.772445678710938e-05,1.5,ASUS,13-inch,4GB,HP,13-inch,16GB
1,4.5299530029296875e-05,-8.5,ASUS,13-inch,4GB,HP,14-inch,4GB
1,-0.00145721435546875,4.0,ASUS,13-inch,4GB,HP,14-inch,8GB
1,-0.00066375732421875,3.25,ASUS,13-inch,4GB,HP,14-inch,16GB
1,4.100799560546875e-05,-1.875,ASUS,13-inch,4GB,HP,16-inch,4GB
1,-0.000507354736328125,3.0,ASUS,13-inch,4GB,HP,16-inch,8GB
1,-5.054473876953125e-05,1.25,ASUS,13-inch,4GB,HP,16-inch,16GB
1,4.5299530029296875e-05,-8.75,ASUS,13-inch,4GB,Dell,13-inch,4GB
1,-0.00145721435546875,4.0,ASUS,13-inch,4GB,Dell,13-inch,8GB
1,-5.054473876953125e-05,1.25,ASUS,13-inch,4GB,Dell,13-inch,16GB
1,4.5299530029296875e-05,-7.625,ASUS,13-inch,4GB,Dell,14-inch,4GB
1,-0.0031280517578125,4.75,ASUS,13-inch,4GB,Dell,14-inch,8GB
1,-0.000507354736328125,3.0,ASUS,13-inch,4GB,Dell,14-inch,16GB
1,2.86102294921875e-05,-0.5,ASUS,13-inch,4GB,Dell,16-inch,4GB
1,-0.000507354736328125,3.0,ASUS,13-inch,4GB,Dell,16-inch,8GB
1,-7.772445678710938e-05,1.5,ASUS,13-inch,4GB,Dell,16-inch,16GB
1,4.5299530029296875e-05,-6.25,ASUS,13-inch,4GB,Apple,13-inch,4GB
1,-0.0001583099365234375,2.0,ASUS,13-inch,4GB,Apple,13-inch,8GB
1,2.384185791015625e-05,-0.25,ASUS,13-inch,4GB,Apple,13-inch,16GB
1,4.5299530029296875e-05,-8.375,ASUS,13-inch,4GB,Apple,14-inch,4GB
1,-0.00011301040649414062,1.75,ASUS,13-inch,4GB,Apple,14-inch,8GB
1,-1.2874603271484375e-05,0.75,ASUS,13-inch,4GB,Apple,14-inch,16GB
1,4.38690185546875e-05,-3.0,ASUS,13-inch,4GB,Apple,16-inch,4GB
1,4.3392181396484375e-05,-2.75,ASUS,13-inch,4GB,Apple,16-inch,8GB
1,3.910064697265625e-05,-1.5,ASUS,13-inch,4GB,Apple,16-inch,16GB
1,4.5299530029296875e-05,-9.625,ASUS,13-inch,8GB,ASUS,13-inch,4GB
1,4.482269287109375e-05,-4.5,ASUS,13-inch,8GB,ASUS,13-inch,16GB
1,4.5299530029296875e-05,-8.0,ASUS,13-inch,8GB,ASUS,14-inch,4GB
1,1.0013580322265625e-05,0.25,ASUS,13-inch,8GB,ASUS,14-inch,8GB
1,4.291534423828125e-05,-2.5,ASUS,13-inch,8GB,ASUS,14-inch,16GB
1,4.5299530029296875e-05,-6.875,ASUS,13-inch,8GB,ASUS,16-inch,4GB
1,4.3392181396484375e-05,-2.75,ASUS,13-inch,8GB,ASUS,16-inch,8GB
1,4.4345855712890625e-05,-3.375,ASUS,13-inch,8GB,ASUS,16-inch,16GB
1,4.5299530029296875e-05,-12.0,ASUS,13-inch,8GB,Lenovo,13-inch,4GB
1,4.410743713378906e-05,-3.125,ASUS,13-inch,8GB,Lenovo,13-inch,8GB
1,4.38690185546875e-05,-3.0,ASUS,13-inch,8GB,Lenovo,13-inch,16GB
1,4.5299530029296875e-05,-11.875,ASUS,13-inch,8GB,Lenovo,14-inch,4GB
1,4.482269287109375e-05,-4.0,ASUS,13-inch,8GB,Lenovo,14-inch,8GB
1,3.24249267578125e-05,-0.75,ASUS,13-inch,8GB,Lenovo,14-inch,16GB
1,4.5299530029296875e-05,-9.0,ASUS,13-inch,8GB,Lenovo,16-inch,4GB
1,-2.956390380859375e-05,1.0,ASUS,13-inch,8GB,Lenovo,16-inch,8GB
1,3.62396240234375e-05,-1.125,ASUS,13-inch,8GB,Lenovo,16-inch,16GB
1,4.5299530029296875e-05,-12.375,ASUS,13-inch,8GB,HP,13-inch,4GB
1,4.5299530029296875e-05,-5.5,ASUS,13-inch,8GB,HP,13-inch,8GB
1,4.482269287109375e-05,-4.125,ASUS,13-inch,8GB,HP,13-inch,16GB
1,4.5299530029296875e-05,-12.625,ASUS,13-inch,8GB,HP,14-inch,4GB
1,4.506111145019531e-05,-5.0,ASUS,13-inch,8GB,HP,14-inch,8GB
1,4.100799560546875e-05,-1.875,ASUS,13-inch,8GB,HP,14-inch,16GB
1,4.5299530029296875e-05,-9.25,ASUS,13-inch,8GB,HP,16-inch,4GB
1,0.0,0.5,ASUS,13-inch,8GB,HP,16-inch,8GB
1,4.1961669921875e-05,-2.125,ASUS,13-inch,8GB,HP,16-inch,16GB
1,4.5299530029296875e-05,-12.5,ASUS,13-inch,8GB,Dell,13-inch,4GB
1,4.506111145019531e-05,-4.625,ASUS,13-inch,8GB,Dell,13-inch,8GB
1,4.482269287109375e-05,-3.875,ASUS,13-inch,8GB,Dell,13-inch,16GB
1,4.5299530029296875e-05,-12.75,ASUS,13-inch,8GB,Dell,14-inch,4GB
1,4.506111145019531e-05,-4.875,ASUS,13-inch,8GB,Dell,14-inch,8GB
1,3.62396240234375e-05,-1.125,ASUS,13-inch,8GB,Dell,14-inch,16GB
1,4.5299530029296875e-05,-9.875,ASUS,13-inch,8GB,Dell,16-inch,4GB
1,-2.956390380859375e-05,1.0,ASUS,13-inch,8GB,Dell,16-inch,8GB
1,3.838539123535156e-05,-1.375,ASUS,13-inch,8GB,Dell,16-inch,16GB
1,4.5299530029296875e-05,-12.375,ASUS,13-inch,8GB,Apple,13-inch,4GB
1,4.482269287109375e-05,-3.875,ASUS,13-inch,8GB,Apple,13-inch,8GB
1,4.5299530029296875e-05,-5.25,ASUS,13-inch,8GB,Apple,13-inch,16GB
1,4.5299530029296875e-05,-12.25,ASUS,13-inch,8GB,Apple,14-inch,4GB
1,4.506111145019531e-05,-4.625,ASUS,13-inch,8GB,Apple,14-inch,8GB
1,4.482269287109375e-05,-4.25,ASUS,13-inch,8GB,Apple,14-inch,16GB
1,4.5299530029296875e-05,-9.125,ASUS,13-inch,8GB,Apple,16-inch,4GB
1,4.482269287109375e-05,-4.0,ASUS,13-inch,8GB,Apple,16-inch,8GB
1,4.506111145019531e-05,-4.875,ASUS,13-inch,8GB,Apple,16-inch,16GB
1,4.5299530029296875e-05,-8.625,ASUS,13-inch,16GB,ASUS,13-inch,4GB
1,4.5299530029296875e-05,-9.0,ASUS,13-inch,16GB,ASUS,13-inch,8GB
1,4.5299530029296875e-05,-7.25,ASUS,13-inch,16GB,ASUS,14-inch,4GB
1,4.5299530029296875e-05,-9.625,ASUS,13-inch,16GB,ASUS,14-inch,8GB
1,4.4345855712890625e-05,-3.5,ASUS,13-inch,16GB,ASUS,14-inch,16GB
1,4.5299530029296875e-05,-9.625,ASUS,13-inch,16GB,ASUS,16-inch,4GB
1,4.5299530029296875e-05,-5.75,ASUS,13-inch,16GB,ASUS,16-inch,8GB
1,-2.956390380859375e-05,1.0,ASUS,13-inch,16GB,ASUS,16-inch,16GB
1,4.5299530029296875e-05,-9.75,ASUS,13-inch,16GB,Lenovo,13-inch,4GB
1,4.5299530029296875e-05,-10.125,ASUS,13-inch,16GB,Lenovo,13-inch,8GB
1,4.482269287109375e-05,-4.25,ASUS,13-inch,16GB,Lenovo,13-inch,16GB
1,4.5299530029296875e-05,-10.625,ASUS,13-inch,16GB,Lenovo,14-inch,4GB
1,4.5299530029296875e-05,-11.125,ASUS,13-inch,16GB,Lenovo,14-inch,8GB
1,4.506111145019531e-05,-4.75,ASUS,13-inch,16GB,Lenovo,14-inch,16GB
1,4.5299530029296875e-05,-10.875,ASUS,13-inch,16GB,Lenovo,16-inch,4GB
1,4.5299530029296875e-05,-8.25,ASUS,13-inch,16GB,Lenovo,16-inch,8GB
1,4.0531158447265625e-05,-1.75,ASUS,13-inch,16GB,Lenovo,16-inch,16GB
1,4.5299530029296875e-05,-10.5,ASUS,13-inch,16GB,HP,13-inch,4GB
1,4.5299530029296875e-05,-11.5,ASUS,13-inch,16GB,HP,13-inch,8GB
1,4.5299530029296875e-05,-5.375,ASUS,13-inch,16GB,HP,13-inch,16GB
1,4.5299530029296875e-05,-10.875,ASUS,13-inch,16GB,HP,14-inch,4GB
1,4.5299530029296875e-05,-11.5,ASUS,13-inch,16GB,HP,14-inch,8GB
1,4.506111145019531e-05,-5.0,ASUS,13-inch,16GB,HP,14-inch,16GB
1,4.5299530029296875e-05,-11.0,ASUS,13-inch,16GB,HP,16-inch,4GB
1,4.5299530029296875e-05,-9.125,ASUS,13-inch,16GB,HP,16-inch,8GB
1,4.38690185546875e-05,-3.0,ASUS,13-inch,16GB,HP,16-inch,16GB
1,4.5299530029296875e-05,-10.75,ASUS,13-inch,16GB,Dell,13-inch,4GB
1,4.5299530029296875e-05,-11.0,ASUS,13-inch,16GB,Dell,13-inch,8GB
1,4.506111145019531e-05,-4.875,ASUS,13-inch,16GB,Dell,13-inch,16GB
1,4.5299530029296875e-05,-11.375,ASUS,13-inch,16GB,Dell,14-inch,4GB
1,4.5299530029296875e-05,-11.125,ASUS,13-inch,16GB,Dell,14-inch,8GB
1,4.506111145019531e-05,-5.0,ASUS,13-inch,16GB,Dell,14-inch,16GB
1,4.5299530029296875e-05,-11.5,ASUS,13-inch,16GB,Dell,16-inch,4GB
1,4.5299530029296875e-05,-9.5,ASUS,13-inch,16GB,Dell,16-inch,8GB
1,4.4345855712890625e-05,-3.5,ASUS,13-inch,16GB,Dell,16-inch,16GB
1,4.5299530029296875e-05,-10.75,ASUS,13-inch,16GB,Apple,13-inch,4GB
1,4.5299530029296875e-05,-9.875,ASUS,13-inch,16GB,Apple,13-inch,8GB
1,4.458427429199219e-05,-3.625,ASUS,13-inch,16GB,Apple,13-inch,16GB
1,4.5299530029296875e-05,-11.375,ASUS,13-inch,16GB,Apple,14-inch,4GB
1,4.5299530029296875e-05,-10.875,ASUS,13-inch,16GB,Apple,14-inch,8GB
1,4.5299530029296875e-05,-5.125,ASUS,13-inch,16GB,Apple,14-inch,16GB
1,4.5299530029296875e-05,-10.625,ASUS,13-inch,16GB,Apple,16-inch,4GB
1,4.5299530029296875e-05,-8.375,ASUS,13-inch,16GB,Apple,16-inch,8GB
1,4.482269287109375e-05,-3.75,ASUS,13-inch,16GB,Apple,16-inch,16GB
1,4.5299530029296875e-05,-9.5,ASUS,14-inch,4GB,ASUS,13-inch,4GB
1,-7.25,10.5,ASUS,14-inch,4GB,ASUS,13-inch,8GB
1,-0.00145721435546875,4.0,ASUS,14-inch,4GB,ASUS,13-inch,16GB
1,-5.054473876953125e-05,1.25,ASUS,14-inch,4GB,ASUS,14-inch,8GB
1,4.1484832763671875e-05,-2.0,ASUS,14-inch,4GB,ASUS,14-inch,16GB
1,-0.0001583099365234375,2.0,ASUS,14-inch,4GB,ASUS,16-inch,4GB
1,-3.046875,10.4375,ASUS,14-inch,4GB,ASUS,16-inch,8GB
1,-0.000865936279296875,3.5,ASUS,14-inch,4GB,ASUS,16-inch,16GB
1,4.5299530029296875e-05,-8.0,ASUS,14-inch,4GB,Lenovo,13-inch,4GB
1,-0.000865936279296875,3.5,ASUS,14-inch,4GB,Lenovo,13-inch,8GB
1,-0.00188446044921875,4.25,ASUS,14-inch,4GB,Lenovo,13-inch,16GB
1,4.5299530029296875e-05,-6.25,ASUS,14-inch,4GB,Lenovo,14-inch,4GB
1,-0.0181884765625,6.46875,ASUS,14-inch,4GB,Lenovo,14-inch,8GB
1,-0.00066375732421875,3.25,ASUS,14-inch,4GB,Lenovo,14-inch,16GB
1,-5.054473876953125e-05,1.25,ASUS,14-inch,4GB,Lenovo,16-inch,4GB
1,-0.00518798828125,5.25,ASUS,14-inch,4GB,Lenovo,16-inch,8GB
1,-0.0001583099365234375,2.0,ASUS,14-inch,4GB,Lenovo,16-inch,16GB
1,4.5299530029296875e-05,-9.875,ASUS,14-inch,4GB,HP,13-inch,4GB
1,-0.0024261474609375,4.5,ASUS,14-inch,4GB,HP,13-inch,8GB
1,-0.0001583099365234375,2.0,ASUS,14-inch,4GB,HP,13-inch,16GB
1,4.5299530029296875e-05,-10.875,ASUS,14-inch,4GB,HP,14-inch,4GB
1,-0.000385284423828125,2.75,ASUS,14-inch,4GB,HP,14-inch,8GB
1,-0.0002155303955078125,2.25,ASUS,14-inch,4GB,HP,14-inch,16GB
1,4.100799560546875e-05,-1.875,ASUS,14-inch,4GB,HP,16-inch,4GB
1,-0.0380859375,7.21875,ASUS,14-inch,4GB,HP,16-inch,8GB
1,-7.772445678710938e-05,1.5,ASUS,14-inch,4GB,HP,16-inch,16GB
1,4.5299530029296875e-05,-10.375,ASUS,14-inch,4GB,Dell,13-inch,4GB
1,-0.02978515625,6.96875,ASUS,14-inch,4GB,Dell,13-inch,8GB
1,-0.0002155303955078125,2.25,ASUS,14-inch,4GB,Dell,13-inch,16GB
1,4.5299530029296875e-05,-8.5,ASUS,14-inch,4GB,Dell,14-inch,4GB
1,-0.00112152099609375,3.75,ASUS,14-inch,4GB,Dell,14-inch,8GB
1,-0.0001583099365234375,2.0,ASUS,14-inch,4GB,Dell,14-inch,16GB
1,2.86102294921875e-05,-0.5,ASUS,14-inch,4GB,Dell,16-inch,4GB
1,-0.048583984375,7.4375,ASUS,14-inch,4GB,Dell,16-inch,8GB
1,-2.956390380859375e-05,1.0,ASUS,14-inch,4GB,Dell,16-inch,16GB
1,4.5299530029296875e-05,-10.0,ASUS,14-inch,4GB,Apple,13-inch,4GB
1,-0.00011301040649414062,1.75,ASUS,14-inch,4GB,Apple,13-inch,8GB
1,0.0,0.5,ASUS,14-inch,4GB,Apple,13-inch,16GB
1,4.5299530029296875e-05,-6.375,ASUS,14-inch,4GB,Apple,14-inch,4GB
1,-0.000385284423828125,2.75,ASUS,14-inch,4GB,Apple,14-inch,8GB
1,-1.2874603271484375e-05,0.75,ASUS,14-inch,4GB,Apple,14-inch,16GB
1,4.4345855712890625e-05,-3.5,ASUS,14-inch,4GB,Apple,16-inch,4GB
1,3.24249267578125e-05,-0.75,ASUS,14-inch,4GB,Apple,16-inch,8GB
1,3.528594970703125e-05,-1.0,ASUS,14-inch,4GB,Apple,16-inch,16GB
1,4.5299530029296875e-05,-6.875,ASUS,14-inch,8GB,ASUS,13-inch,4GB
1,4.482269287109375e-05,-3.875,ASUS,14-inch,8GB,ASUS,13-inch,8GB
1,4.2438507080078125e-05,-2.25,ASUS,14-inch,8GB,ASUS,13-inch,16GB
1,4.5299530029296875e-05,-9.125,ASUS,14-inch,8GB,ASUS,14-inch,4GB
1,4.482269287109375e-05,-4.375,ASUS,14-inch,8GB,ASUS,14-inch,16GB
1,4.5299530029296875e-05,-6.375,ASUS,14-inch,8GB,ASUS,16-inch,4GB
1,4.3392181396484375e-05,-2.75,ASUS,14-inch,8GB,ASUS,16-inch,8GB
1,4.1484832763671875e-05,-2.0,ASUS,14-inch,8GB,ASUS,16-inch,16GB
1,4.5299530029296875e-05,-11.375,ASUS,14-inch,8GB,Lenovo,13-inch,4GB
1,4.5299530029296875e-05,-5.25,ASUS,14-inch,8GB,Lenovo,13-inch,8GB
1,0.0,0.5,ASUS,14-inch,8GB,Lenovo,13-inch,16GB
1,4.5299530029296875e-05,-11.25,ASUS,14-inch,8GB,Lenovo,14-inch,4GB
1,4.410743713378906e-05,-3.125,ASUS,14-inch,8GB,Lenovo,14-inch,8GB
1,4.38690185546875e-05,-2.875,ASUS,14-inch,8GB,Lenovo,14-inch,16GB
1,4.5299530029296875e-05,-9.125,ASUS,14-inch,8GB,Lenovo,16-inch,4GB
1,-7.772445678710938e-05,1.5,ASUS,14-inch,8GB,Lenovo,16-inch,8GB
1,3.0517578125e-05,-0.625,ASUS,14-inch,8GB,Lenovo,16-inch,16GB
1,4.5299530029296875e-05,-11.75,ASUS,14-inch,8GB,HP,13-inch,4GB
1,4.5299530029296875e-05,-5.75,ASUS,14-inch,8GB,HP,13-inch,8GB
1,2.86102294921875e-05,-0.5,ASUS,14-inch,8GB,HP,13-inch,16GB
1,4.5299530029296875e-05,-12.25,ASUS,14-inch,8GB,HP,14-inch,4GB
1,4.5299530029296875e-05,-5.25,ASUS,14-inch,8GB,HP,14-inch,8GB
1,4.482269287109375e-05,-3.75,ASUS,14-inch,8GB,HP,14-inch,16GB
1,4.5299530029296875e-05,-9.125,ASUS,14-inch,8GB,HP,16-inch,4GB
1,-1.2874603271484375e-05,0.75,ASUS,14-inch,8GB,HP,16-inch,8GB
1,4.00543212890625e-05,-1.625,ASUS,14-inch,8GB,HP,16-inch,16GB
1,4.5299530029296875e-05,-12.0,ASUS,14-inch,8GB,Dell,13-inch,4GB
1,4.5299530029296875e-05,-5.5,ASUS,14-inch,8GB,Dell,13-inch,8GB
1,1.0013580322265625e-05,0.25,ASUS,14-inch,8GB,Dell,13-inch,16GB
1,4.5299530029296875e-05,-11.625,ASUS,14-inch,8GB,Dell,14-inch,4GB
1,4.482269287109375e-05,-4.25,ASUS,14-inch,8GB,Dell,14-inch,8GB
1,4.4345855712890625e-05,-3.25,ASUS,14-inch,8GB,Dell,14-inch,16GB
1,4.5299530029296875e-05,-9.875,ASUS,14-inch,8GB,Dell,16-inch,4GB
1,-2.956390380859375e-05,1.0,ASUS,14-inch,8GB,Dell,16-inch,8GB
1,3.24249267578125e-05,-0.75,ASUS,14-inch,8GB,Dell,16-inch,16GB
1,4.5299530029296875e-05,-11.75,ASUS,14-inch,8GB,Apple,13-inch,4GB
1,4.482269287109375e-05,-4.375,ASUS,14-inch,8GB,Apple,13-inch,8GB
1,4.4345855712890625e-05,-3.375,ASUS,14-inch,8GB,Apple,13-inch,16GB
1,4.5299530029296875e-05,-11.875,ASUS,14-inch,8GB,Apple,14-inch,4GB
1,4.482269287109375e-05,-4.375,ASUS,14-inch,8GB,Apple,14-inch,8GB
1,4.506111145019531e-05,-4.75,ASUS,14-inch,8GB,Apple,14-inch,16GB
1,4.5299530029296875e-05,-9.25,ASUS,14-inch,8GB,Apple,16-inch,4GB
1,4.38690185546875e-05,-2.875,ASUS,14-inch,8GB,Apple,16-inch,8GB
1,4.482269287109375e-05,-4.375,ASUS,14-inch,8GB,Apple,16-inch,16GB
1,4.5299530029296875e-05,-6.375,ASUS,14-inch,16GB,ASUS,13-inch,4GB
1,4.5299530029296875e-05,-8.875,ASUS,14-inch,16GB,ASUS,13-inch,8GB
1,4.5299530029296875e-05,-6.75,ASUS,14-inch,16GB,ASUS,13-inch,16GB
1,4.5299530029296875e-05,-8.25,ASUS,14-inch,16GB,ASUS,14-inch,4GB
1,4.5299530029296875e-05,-9.375,ASUS,14-inch,16GB,ASUS,14-inch,8GB
1,4.5299530029296875e-05,-9.25,ASUS,14-inch,16GB,ASUS,16-inch,4GB
1,4.5299530029296875e-05,-6.0,ASUS,14-inch,16GB,ASUS,16-inch,8GB
1,-7.772445678710938e-05,1.5,ASUS,14-inch,16GB,ASUS,16-inch,16GB
1,4.5299530029296875e-05,-10.125,ASUS,14-inch,16GB,Lenovo,13-inch,4GB
1,4.5299530029296875e-05,-10.875,ASUS,14-inch,16GB,Lenovo,13-inch,8GB
1,4.5299530029296875e-05,-5.625,ASUS,14-inch,16GB,Lenovo,13-inch,16GB
1,4.5299530029296875e-05,-9.625,ASUS,14-inch,16GB,Lenovo,14-inch,4GB
1,4.5299530029296875e-05,-10.625,ASUS,14-inch,16GB,Lenovo,14-inch,8GB
1,4.410743713378906e-05,-3.125,ASUS,14-inch,16GB,Lenovo,14-inch,16GB
1,4.5299530029296875e-05,-10.5,ASUS,14-inch,16GB,Lenovo,16-inch,4GB
1,4.5299530029296875e-05,-9.125,ASUS,14-inch,16GB,Lenovo,16-inch,8GB
1,4.2438507080078125e-05,-2.25,ASUS,14-inch,16GB,Lenovo,16-inch,16GB
1,4.5299530029296875e-05,-10.125,ASUS,14-inch,16GB,HP,13-inch,4GB
1,4.5299530029296875e-05,-11.25,ASUS,14-inch,16GB,HP,13-inch,8GB
1,4.5299530029296875e-05,-5.75,ASUS,14-inch,16GB,HP,13-inch,16GB
1,4.5299530029296875e-05,-10.125,ASUS,14-inch,16GB,HP,14-inch,4GB
1,4.5299530029296875e-05,-11.5,ASUS,14-inch,16GB,HP,14-inch,8GB
1,4.506111145019531e-05,-4.875,ASUS,14-inch,16GB,HP,14-inch,16GB
1,4.5299530029296875e-05,-10.75,ASUS,14-inch,16GB,HP,16-inch,4GB
1,4.5299530029296875e-05,-9.5,ASUS,14-inch,16GB,HP,16-inch,8GB
1,4.4345855712890625e-05,-3.25,ASUS,14-inch,16GB,HP,16-inch,16GB
1,4.5299530029296875e-05,-10.75,ASUS,14-inch,16GB,Dell,13-inch,4GB
1,4.5299530029296875e-05,-11.25,ASUS,14-inch,16GB,Dell,13-inch,8GB
1,4.5299530029296875e-05,-5.75,ASUS,14-inch,16GB,Dell,13-inch,16GB
1,4.5299530029296875e-05,-10.375,ASUS,14-inch,16GB,Dell,14-inch,4GB
1,4.5299530029296875e-05,-11.0,ASUS,14-inch,16GB,Dell,14-inch,8GB
1,4.482269287109375e-05,-3.875,ASUS,14-inch,16GB,Dell,14-inch,16GB
1,4.5299530029296875e-05,-11.25,ASUS,14-inch,16GB,Dell,16-inch,4GB
1,4.5299530029296875e-05,-9.625,ASUS,14-inch,16GB,Dell,16-inch,8GB
1,4.4345855712890625e-05,-3.25,ASUS,14-inch,16GB,Dell,16-inch,16GB
1,4.5299530029296875e-05,-10.75,ASUS,14-inch,16GB,Apple,13-inch,4GB
1,4.5299530029296875e-05,-11.0,ASUS,14-inch,16GB,Apple,13-inch,8GB
1,4.5299530029296875e-05,-5.125,ASUS,14-inch,16GB,Apple,13-inch,16GB
1,4.5299530029296875e-05,-10.5,ASUS,14-inch,16GB,Apple,14-inch,4GB
1,4.5299530029296875e-05,-10.25,ASUS,14-inch,16GB,Apple,14-inch,8GB
1,4.482269287109375e-05,-4.25,ASUS,14-inch,16GB,Apple,14-inch,16GB
1,4.5299530029296875e-05,-10.375,ASUS,14-inch,16GB,Apple,16-inch,4GB
1,4.5299530029296875e-05,-8.375,ASUS,14-inch,16GB,Apple,16-inch,8GB
1,4.482269287109375e-05,-4.125,ASUS,14-inch,16GB,Apple,16-inch,16GB
1,4.5299530029296875e-05,-16.375,ASUS,16-inch,4GB,ASUS,13-inch,4GB
1,-0.06201171875,7.6875,ASUS,16-inch,4GB,ASUS,13-inch,8GB
1,4.482269287109375e-05,-3.75,ASUS,16-inch,4GB,ASUS,13-inch,16GB
1,4.5299530029296875e-05,-15.625,ASUS,16-inch,4GB,ASUS,14-inch,4GB
1,-0.0024261474609375,4.5,ASUS,16-inch,4GB,ASUS,14-inch,8GB
1,4.506111145019531e-05,-4.625,ASUS,16-inch,4GB,ASUS,14-inch,16GB
1,-1.2874603271484375e-05,0.75,ASUS,16-inch,4GB,ASUS,16-inch,8GB
1,4.1484832763671875e-05,-2.0,ASUS,16-inch,4GB,ASUS,16-inch,16GB
1,4.5299530029296875e-05,-14.0,ASUS,16-inch,4GB,Lenovo,13-inch,4GB
1,-0.00011301040649414062,1.75,ASUS,16-inch,4GB,Lenovo,13-inch,8GB
1,4.5299530029296875e-05,-5.375,ASUS,16-inch,4GB,Lenovo,13-inch,16GB
1,4.5299530029296875e-05,-15.25,ASUS,16-inch,4GB,Lenovo,14-inch,4GB
1,-1.2874603271484375e-05,0.75,ASUS,16-inch,4GB,Lenovo,14-inch,8GB
1,4.5299530029296875e-05,-5.875,ASUS,16-inch,4GB,Lenovo,14-inch,16GB
1,4.5299530029296875e-05,-6.0,ASUS,16-inch,4GB,Lenovo,16-inch,4GB
1,-1.2874603271484375e-05,0.75,ASUS,16-inch,4GB,Lenovo,16-inch,8GB
1,4.291534423828125e-05,-2.375,ASUS,16-inch,4GB,Lenovo,16-inch,16GB
1,4.5299530029296875e-05,-16.125,ASUS,16-inch,4GB,HP,13-inch,4GB
1,-2.956390380859375e-05,1.0,ASUS,16-inch,4GB,HP,13-inch,8GB
1,4.5299530029296875e-05,-5.875,ASUS,16-inch,4GB,HP,13-inch,16GB
1,4.5299530029296875e-05,-17.0,ASUS,16-inch,4GB,HP,14-inch,4GB
1,1.7762184143066406e-05,0.0,ASUS,16-inch,4GB,HP,14-inch,8GB
1,4.5299530029296875e-05,-6.875,ASUS,16-inch,4GB,HP,14-inch,16GB
1,4.5299530029296875e-05,-8.625,ASUS,16-inch,4GB,HP,16-inch,4GB
1,1.7762184143066406e-05,0.0,ASUS,16-inch,4GB,HP,16-inch,8GB
1,4.5299530029296875e-05,-5.25,ASUS,16-inch,4GB,HP,16-inch,16GB
1,4.5299530029296875e-05,-13.75,ASUS,16-inch,4GB,Dell,13-inch,4GB
1,-0.0002899169921875,2.5,ASUS,16-inch,4GB,Dell,13-inch,8GB
1,4.5299530029296875e-05,-5.375,ASUS,16-inch,4GB,Dell,13-inch,16GB
1,4.5299530029296875e-05,-15.0,ASUS,16-inch,4GB,Dell,14-inch,4GB
1,-5.054473876953125e-05,1.25,ASUS,16-inch,4GB,Dell,14-inch,8GB
1,4.5299530029296875e-05,-7.125,ASUS,16-inch,4GB,Dell,14-inch,16GB
1,4.5299530029296875e-05,-8.375,ASUS,16-inch,4GB,Dell,16-inch,4GB
1,1.0013580322265625e-05,0.25,ASUS,16-inch,4GB,Dell,16-inch,8GB
1,4.482269287109375e-05,-4.0,ASUS,16-inch,4GB,Dell,16-inch,16GB
1,4.5299530029296875e-05,-11.25,ASUS,16-inch,4GB,Apple,13-inch,4GB
1,3.910064697265625e-05,-1.5,ASUS,16-inch,4GB,Apple,13-inch,8GB
1,4.4345855712890625e-05,-3.5,ASUS,16-inch,4GB,Apple,13-inch,16GB
1,4.5299530029296875e-05,-13.0,ASUS,16-inch,4GB,Apple,14-inch,4GB
1,4.482269287109375e-05,-3.75,ASUS,16-inch,4GB,Apple,14-inch,8GB
1,4.5299530029296875e-05,-5.5,ASUS,16-inch,4GB,Apple,14-inch,16GB
1,4.5299530029296875e-05,-8.75,ASUS,16-inch,4GB,Apple,16-inch,4GB
1,4.0531158447265625e-05,-1.75,ASUS,16-inch,4GB,Apple,16-inch,8GB
1,4.5299530029296875e-05,-5.875,ASUS,16-inch,4GB,Apple,16-inch,16GB
1,4.5299530029296875e-05,-5.75,ASUS,16-inch,8GB,ASUS,13-inch,4GB
1,4.5299530029296875e-05,-6.5,ASUS,16-inch,8GB,ASUS,13-inch,8GB
1,-5.054473876953125e-05,1.25,ASUS,16-inch,8GB,ASUS,13-inch,16GB
1,4.4345855712890625e-05,-3.5,ASUS,16-inch,8GB,ASUS,14-inch,4GB
1,4.5299530029296875e-05,-7.5,ASUS,16-inch,8GB,ASUS,14-inch,8GB
1,-0.0001583099365234375,2.0,ASUS,16-inch,8GB,ASUS,14-inch,16GB
1,4.5299530029296875e-05,-6.5,ASUS,16-inch,8GB,ASUS,16-inch,4GB
1,2.384185791015625e-05,-0.25,ASUS,16-inch,8GB,ASUS,16-inch,16GB
1,4.5299530029296875e-05,-9.25,ASUS,16-inch,8GB,Lenovo,13-inch,4GB
1,4.482269287109375e-05,-4.5,ASUS,16-inch,8GB,Lenovo,13-inch,8GB
1,-0.0002899169921875,2.5,ASUS,16-inch,8GB,Lenovo,13-inch,16GB
1,4.5299530029296875e-05,-8.75,ASUS,16-inch,8GB,Lenovo,14-inch,4GB
1,4.482269287109375e-05,-4.0,ASUS,16-inch,8GB,Lenovo,14-inch,8GB
1,-0.0002155303955078125,2.25,ASUS,16-inch,8GB,Lenovo,14-inch,16GB
1,4.5299530029296875e-05,-9.0,ASUS,16-inch,8GB,Lenovo,16-inch,4GB
1,2.86102294921875e-05,-0.5,ASUS,16-inch,8GB,Lenovo,16-inch,8GB
1,-5.054473876953125e-05,1.25,ASUS,16-inch,8GB,Lenovo,16-inch,16GB
1,4.5299530029296875e-05,-10.25,ASUS,16-inch,8GB,HP,13-inch,4GB
1,4.506111145019531e-05,-4.75,ASUS,16-inch,8GB,HP,13-inch,8GB
1,-0.00011301040649414062,1.75,ASUS,16-inch,8GB,HP,13-inch,16GB
1,4.5299530029296875e-05,-8.875,ASUS,16-inch,8GB,HP,14-inch,4GB
1,4.482269287109375e-05,-4.375,ASUS,16-inch,8GB,HP,14-inch,8GB
1,-0.0001583099365234375,2.0,ASUS,16-inch,8GB,HP,14-inch,16GB
1,4.5299530029296875e-05,-9.625,ASUS,16-inch,8GB,HP,16-inch,4GB
1,4.4345855712890625e-05,-3.5,ASUS,16-inch,8GB,HP,16-inch,8GB
1,3.0517578125e-05,-0.625,ASUS,16-inch,8GB,HP,16-inch,16GB
1,4.5299530029296875e-05,-10.125,ASUS,16-inch,8GB,Dell,13-inch,4GB
1,4.482269287109375e-05,-4.5,ASUS,16-inch,8GB,Dell,13-inch,8GB
1,-0.0001583099365234375,2.0,ASUS,16-inch,8GB,Dell,13-inch,16GB
1,4.5299530029296875e-05,-9.25,ASUS,16-inch,8GB,Dell,14-inch,4GB
1,4.482269287109375e-05,-4.375,ASUS,16-inch,8GB,Dell,14-inch,8GB
1,-0.0002155303955078125,2.25,ASUS,16-inch,8GB,Dell,14-inch,16GB
1,4.5299530029296875e-05,-9.75,ASUS,16-inch,8GB,Dell,16-inch,4GB
1,4.0531158447265625e-05,-1.75,ASUS,16-inch,8GB,Dell,16-inch,8GB
1,-5.054473876953125e-05,1.25,ASUS,16-inch,8GB,Dell,16-inch,16GB
1,4.5299530029296875e-05,-10.75,ASUS,16-inch,8GB,Apple,13-inch,4GB
1,4.482269287109375e-05,-4.25,ASUS,16-inch,8GB,Apple,13-inch,8GB
1,4.0531158447265625e-05,-1.75,ASUS,16-inch,8GB,Apple,13-inch,16GB
1,4.5299530029296875e-05,-10.625,ASUS,16-inch,8GB,Apple,14-inch,4GB
1,4.506111145019531e-05,-4.75,ASUS,16-inch,8GB,Apple,14-inch,8GB
1,4.1484832763671875e-05,-2.0,ASUS,16-inch,8GB,Apple,14-inch,16GB
1,4.5299530029296875e-05,-11.375,ASUS,16-inch,8GB,Apple,16-inch,4GB
1,4.482269287109375e-05,-4.5,ASUS,16-inch,8GB,Apple,16-inch,8GB
1,4.458427429199219e-05,-3.625,ASUS,16-inch,8GB,Apple,16-inch,16GB
1,4.482269287109375e-05,-4.125,ASUS,16-inch,16GB,ASUS,13-inch,4GB
1,4.5299530029296875e-05,-6.5,ASUS,16-inch,16GB,ASUS,13-inch,8GB
1,3.528594970703125e-05,-1.0,ASUS,16-inch,16GB,ASUS,13-inch,16GB
1,3.910064697265625e-05,-1.5,ASUS,16-inch,16GB,ASUS,14-inch,4GB
1,4.506111145019531e-05,-5.0,ASUS,16-inch,16GB,ASUS,14-inch,8GB
1,3.910064697265625e-05,-1.5,ASUS,16-inch,16GB,ASUS,14-inch,16GB
1,4.5299530029296875e-05,-5.25,ASUS,16-inch,16GB,ASUS,16-inch,4GB
1,4.482269287109375e-05,-4.25,ASUS,16-inch,16GB,ASUS,16-inch,8GB
1,4.5299530029296875e-05,-7.25,ASUS,16-inch,16GB,Lenovo,13-inch,4GB
1,4.5299530029296875e-05,-7.0,ASUS,16-inch,16GB,Lenovo,13-inch,8GB
1,2.6345252990722656e-05,-0.375,ASUS,16-inch,16GB,Lenovo,13-inch,16GB
1,4.5299530029296875e-05,-6.5,ASUS,16-inch,16GB,Lenovo,14-inch,4GB
1,4.5299530029296875e-05,-7.0,ASUS,16-inch,16GB,Lenovo,14-inch,8GB
1,3.24249267578125e-05,-0.75,ASUS,16-inch,16GB,Lenovo,14-inch,16GB
1,4.5299530029296875e-05,-7.125,ASUS,16-inch,16GB,Lenovo,16-inch,4GB
1,4.5299530029296875e-05,-6.25,ASUS,16-inch,16GB,Lenovo,16-inch,8GB
1,1.7762184143066406e-05,0.0,ASUS,16-inch,16GB,Lenovo,16-inch,16GB
1,4.5299530029296875e-05,-8.375,ASUS,16-inch,16GB,HP,13-inch,4GB
1,4.5299530029296875e-05,-7.75,ASUS,16-inch,16GB,HP,13-inch,8GB
1,3.24249267578125e-05,-0.75,ASUS,16-inch,16GB,HP,13-inch,16GB
1,4.5299530029296875e-05,-7.25,ASUS,16-inch,16GB,HP,14-inch,4GB
1,4.5299530029296875e-05,-7.5,ASUS,16-inch,16GB,HP,14-inch,8GB
1,3.910064697265625e-05,-1.5,ASUS,16-inch,16GB,HP,14-inch,16GB
1,4.5299530029296875e-05,-8.25,ASUS,16-inch,16GB,HP,16-inch,4GB
1,4.5299530029296875e-05,-6.875,ASUS,16-inch,16GB,HP,16-inch,8GB
1,4.00543212890625e-05,-1.625,ASUS,16-inch,16GB,HP,16-inch,16GB
1,4.5299530029296875e-05,-7.75,ASUS,16-inch,16GB,Dell,13-inch,4GB
1,4.5299530029296875e-05,-7.5,ASUS,16-inch,16GB,Dell,13-inch,8GB
1,2.6345252990722656e-05,-0.375,ASUS,16-inch,16GB,Dell,13-inch,16GB
1,4.5299530029296875e-05,-7.125,ASUS,16-inch,16GB,Dell,14-inch,4GB
1,4.5299530029296875e-05,-7.5,ASUS,16-inch,16GB,Dell,14-inch,8GB
1,3.24249267578125e-05,-0.75,ASUS,16-inch,16GB,Dell,14-inch,16GB
1,4.5299530029296875e-05,-8.375,ASUS,16-inch,16GB,Dell,16-inch,4GB
1,4.5299530029296875e-05,-6.375,ASUS,16-inch,16GB,Dell,16-inch,8GB
1,3.0517578125e-05,-0.625,ASUS,16-inch,16GB,Dell,16-inch,16GB
1,4.5299530029296875e-05,-8.0,ASUS,16-inch,16GB,Apple,13-inch,4GB
1,4.5299530029296875e-05,-7.5,ASUS,16-inch,16GB,Apple,13-inch,8GB
1,4.2438507080078125e-05,-2.25,ASUS,16-inch,16GB,Apple,13-inch,16GB
1,4.5299530029296875e-05,-8.5,ASUS,16-inch,16GB,Apple,14-inch,4GB
1,4.5299530029296875e-05,-8.5,ASUS,16-inch,16GB,Apple,14-inch,8GB
1,4.458427429199219e-05,-3.625,ASUS,16-inch,16GB,Apple,14-inch,16GB
1,4.5299530029296875e-05,-9.25,ASUS,16-inch,16GB,Apple,16-inch,4GB
1,4.5299530029296875e-05,-7.375,ASUS,16-inch,16GB,Apple,16-inch,8GB
1,4.4345855712890625e-05,-3.5,ASUS,16-inch,16GB,Apple,16-inch,16GB
1,4.5299530029296875e-05,-9.75,Lenovo,13-inch,4GB,ASUS,13-inch,4GB
1,-0.008544921875,5.75,Lenovo,13-inch,4GB,ASUS,13-inch,8GB
1,0.0,0.5,Lenovo,13-inch,4GB,ASUS,13-inch,16GB
1,4.5299530029296875e-05,-8.625,Lenovo,13-inch,4GB,ASUS,14-inch,4GB
1,-9.25,10.5,Lenovo,13-inch,4GB,ASUS,14-inch,8GB
1,-0.0024261474609375,4.5,Lenovo,13-inch,4GB,ASUS,14-inch,16GB
1,3.910064697265625e-05,-1.5,Lenovo,13-inch,4GB,ASUS,16-inch,4GB
1,-0.00145721435546875,4.0,Lenovo,13-inch,4GB,ASUS,16-inch,8GB
1,-0.00011301040649414062,1.75,Lenovo,13-inch,4GB,ASUS,16-inch,16GB
1,1.0013580322265625e-05,0.25,Lenovo,13-inch,4GB,Lenovo,13-inch,8GB
1,4.482269287109375e-05,-4.25,Lenovo,13-inch,4GB,Lenovo,13-inch,16GB
1,4.5299530029296875e-05,-7.75,Lenovo,13-inch,4GB,Lenovo,14-inch,4GB
1,-10.0,10.5,Lenovo,13-inch,4GB,Lenovo,14-inch,8GB
1,-0.006683349609375,5.5,Lenovo,13-inch,4GB,Lenovo,14-inch,16GB
1,2.86102294921875e-05,-0.5,Lenovo,13-inch,4GB,Lenovo,16-inch,4GB
1,-0.000507354736328125,3.0,Lenovo,13-inch,4GB,Lenovo,16-inch,8GB
1,-0.0001583099365234375,2.0,Lenovo,13-inch,4GB,Lenovo,16-inch,16GB
1,4.5299530029296875e-05,-12.125,Lenovo,13-inch,4GB,HP,13-inch,4GB
1,-0.0001583099365234375,2.0,Lenovo,13-inch,4GB,HP,13-inch,8GB
1,0.0,0.5,Lenovo,13-inch,4GB,HP,13-inch,16GB
1,4.5299530029296875e-05,-10.5,Lenovo,13-inch,4GB,HP,14-inch,4GB
1,-0.02978515625,6.96875,Lenovo,13-inch,4GB,HP,14-inch,8GB
1,-0.00188446044921875,4.25,Lenovo,13-inch,4GB,HP,14-inch,16GB
1,4.482269287109375e-05,-4.25,Lenovo,13-inch,4GB,HP,16-inch,4GB
1,-0.0002155303955078125,2.25,Lenovo,13-inch,4GB,HP,16-inch,8GB
1,-7.772445678710938e-05,1.5,Lenovo,13-inch,4GB,HP,16-inch,16GB
1,4.5299530029296875e-05,-11.875,Lenovo,13-inch,4GB,Dell,13-inch,4GB
1,-0.000385284423828125,2.75,Lenovo,13-inch,4GB,Dell,13-inch,8GB
1,1.0013580322265625e-05,0.25,Lenovo,13-inch,4GB,Dell,13-inch,16GB
1,4.5299530029296875e-05,-9.25,Lenovo,13-inch,4GB,Dell,14-inch,4GB
1,-2.125,10.375,Lenovo,13-inch,4GB,Dell,14-inch,8GB
1,-0.000507354736328125,3.0,Lenovo,13-inch,4GB,Dell,14-inch,16GB
1,4.410743713378906e-05,-3.125,Lenovo,13-inch,4GB,Dell,16-inch,4GB
1,-0.00145721435546875,4.0,Lenovo,13-inch,4GB,Dell,16-inch,8GB
1,-0.00011301040649414062,1.75,Lenovo,13-inch,4GB,Dell,16-inch,16GB
1,4.5299530029296875e-05,-8.0,Lenovo,13-inch,4GB,Apple,13-inch,4GB
1,1.0013580322265625e-05,0.25,Lenovo,13-inch,4GB,Apple,13-inch,8GB
1,4.4345855712890625e-05,-3.375,Lenovo,13-inch,4GB,Apple,13-inch,16GB
1,4.5299530029296875e-05,-10.375,Lenovo,13-inch,4GB,Apple,14-inch,4GB
1,0.0,0.5,Lenovo,13-inch,4GB,Apple,14-inch,8GB
1,2.384185791015625e-05,-0.25,Lenovo,13-inch,4GB,Apple,14-inch,16GB
1,4.5299530029296875e-05,-6.125,Lenovo,13-inch,4GB,Apple,16-inch,4GB
1,4.482269287109375e-05,-4.25,Lenovo,13-inch,4GB,Apple,16-inch,8GB
1,4.4345855712890625e-05,-3.375,Lenovo,13-inch,4GB,Apple,16-inch,16GB
1,4.5299530029296875e-05,-12.625,Lenovo,13-inch,8GB,ASUS,13-inch,4GB
1,4.1961669921875e-05,-2.125,Lenovo,13-inch,8GB,ASUS,13-inch,8GB
1,4.458427429199219e-05,-3.625,Lenovo,13-inch,8GB,ASUS,13-inch,16GB
1,4.5299530029296875e-05,-12.875,Lenovo,13-inch,8GB,ASUS,14-inch,4GB
1,4.4345855712890625e-05,-3.5,Lenovo,13-inch,8GB,ASUS,14-inch,8GB
1,4.00543212890625e-05,-1.625,Lenovo,13-inch,8GB,ASUS,14-inch,16GB
1,4.5299530029296875e-05,-10.0,Lenovo,13-inch,8GB,ASUS,16-inch,4GB
1,1.7762184143066406e-05,0.0,Lenovo,13-inch,8GB,ASUS,16-inch,8GB
1,4.1961669921875e-05,-2.125,Lenovo,13-inch,8GB,ASUS,16-inch,16GB
1,4.5299530029296875e-05,-10.875,Lenovo,13-inch,8GB,Lenovo,13-inch,4GB
1,4.482269287109375e-05,-4.25,Lenovo,13-inch,8GB,Lenovo,13-inch,16GB
1,4.5299530029296875e-05,-9.75,Lenovo,13-inch,8GB,Lenovo,14-inch,4GB
1,3.838539123535156e-05,-1.375,Lenovo,13-inch,8GB,Lenovo,14-inch,8GB
1,4.291534423828125e-05,-2.5,Lenovo,13-inch,8GB,Lenovo,14-inch,16GB
1,4.5299530029296875e-05,-7.875,Lenovo,13-inch,8GB,Lenovo,16-inch,4GB
1,4.506111145019531e-05,-4.75,Lenovo,13-inch,8GB,Lenovo,16-inch,8GB
1,4.482269287109375e-05,-4.125,Lenovo,13-inch,8GB,Lenovo,16-inch,16GB
1,4.5299530029296875e-05,-13.375,Lenovo,13-inch,8GB,HP,13-inch,4GB
1,4.506111145019531e-05,-5.0,Lenovo,13-inch,8GB,HP,13-inch,8GB
1,4.4345855712890625e-05,-3.5,Lenovo,13-inch,8GB,HP,13-inch,16GB
1,4.5299530029296875e-05,-13.5,Lenovo,13-inch,8GB,HP,14-inch,4GB
1,4.506111145019531e-05,-5.0,Lenovo,13-inch,8GB,HP,14-inch,8GB
1,4.1961669921875e-05,-2.125,Lenovo,13-inch,8GB,HP,14-inch,16GB
1,4.5299530029296875e-05,-10.625,Lenovo,13-inch,8GB,HP,16-inch,4GB
1,3.24249267578125e-05,-0.75,Lenovo,13-inch,8GB,HP,16-inch,8GB
1,4.3392181396484375e-05,-2.625,Lenovo,13-inch,8GB,HP,16-inch,16GB
1,4.5299530029296875e-05,-13.625,Lenovo,13-inch,8GB,Dell,13-inch,4GB
1,4.482269287109375e-05,-4.5,Lenovo,13-inch,8GB,Dell,13-inch,8GB
1,4.38690185546875e-05,-3.0,Lenovo,13-inch,8GB,Dell,13-inch,16GB
1,4.5299530029296875e-05,-13.875,Lenovo,13-inch,8GB,Dell,14-inch,4GB
1,4.5299530029296875e-05,-5.25,Lenovo,13-inch,8GB,Dell,14-inch,8GB
1,4.0531158447265625e-05,-1.75,Lenovo,13-inch,8GB,Dell,14-inch,16GB
1,4.5299530029296875e-05,-11.0,Lenovo,13-inch,8GB,Dell,16-inch,4GB
1,2.384185791015625e-05,-0.25,Lenovo,13-inch,8GB,Dell,16-inch,8GB
1,4.0531158447265625e-05,-1.75,Lenovo,13-inch,8GB,Dell,16-inch,16GB
1,4.5299530029296875e-05,-13.125,Lenovo,13-inch,8GB,Apple,13-inch,4GB
1,4.5299530029296875e-05,-5.25,Lenovo,13-inch,8GB,Apple,13-inch,8GB
1,4.5299530029296875e-05,-5.375,Lenovo,13-inch,8GB,Apple,13-inch,16GB
1,4.5299530029296875e-05,-13.375,Lenovo,13-inch,8GB,Apple,14-inch,4GB
1,4.5299530029296875e-05,-5.125,Lenovo,13-inch,8GB,Apple,14-inch,8GB
1,4.5299530029296875e-05,-5.25,Lenovo,13-inch,8GB,Apple,14-inch,16GB
1,4.5299530029296875e-05,-10.5,Lenovo,13-inch,8GB,Apple,16-inch,4GB
1,4.506111145019531e-05,-4.625,Lenovo,13-inch,8GB,Apple,16-inch,8GB
1,4.5299530029296875e-05,-5.875,Lenovo,13-inch,8GB,Apple,16-inch,16GB
1,4.5299530029296875e-05,-9.625,Lenovo,13-inch,16GB,ASUS,13-inch,4GB
1,4.5299530029296875e-05,-9.75,Lenovo,13-inch,16GB,ASUS,13-inch,8GB
1,4.1484832763671875e-05,-2.0,Lenovo,13-inch,16GB,ASUS,13-inch,16GB
1,4.5299530029296875e-05,-10.625,Lenovo,13-inch,16GB,ASUS,14-inch,4GB
1,4.5299530029296875e-05,-11.375,Lenovo,13-inch,16GB,ASUS,14-inch,8GB
1,4.4345855712890625e-05,-3.375,Lenovo,13-inch,16GB,ASUS,14-inch,16GB
1,4.5299530029296875e-05,-10.625,Lenovo,13-inch,16GB,ASUS,16-inch,4GB
1,4.5299530029296875e-05,-8.0,Lenovo,13-inch,16GB,ASUS,16-inch,8GB
1,1.7762184143066406e-05,0.0,Lenovo,13-inch,16GB,ASUS,16-inch,16GB
1,4.5299530029296875e-05,-9.125,Lenovo,13-inch,16GB,Lenovo,13-inch,4GB
1,4.5299530029296875e-05,-9.5,Lenovo,13-inch,16GB,Lenovo,13-inch,8GB
1,4.5299530029296875e-05,-8.375,Lenovo,13-inch,16GB,Lenovo,14-inch,4GB
1,4.5299530029296875e-05,-10.5,Lenovo,13-inch,16GB,Lenovo,14-inch,8GB
1,4.5299530029296875e-05,-5.5,Lenovo,13-inch,16GB,Lenovo,14-inch,16GB
1,4.5299530029296875e-05,-10.625,Lenovo,13-inch,16GB,Lenovo,16-inch,4GB
1,4.5299530029296875e-05,-7.125,Lenovo,13-inch,16GB,Lenovo,16-inch,8GB
1,1.7762184143066406e-05,0.0,Lenovo,13-inch,16GB,Lenovo,16-inch,16GB
1,4.5299530029296875e-05,-11.25,Lenovo,13-inch,16GB,HP,13-inch,4GB
1,4.5299530029296875e-05,-11.25,Lenovo,13-inch,16GB,HP,13-inch,8GB
1,4.506111145019531e-05,-4.75,Lenovo,13-inch,16GB,HP,13-inch,16GB
1,4.5299530029296875e-05,-11.375,Lenovo,13-inch,16GB,HP,14-inch,4GB
1,4.5299530029296875e-05,-11.75,Lenovo,13-inch,16GB,HP,14-inch,8GB
1,4.506111145019531e-05,-5.0,Lenovo,13-inch,16GB,HP,14-inch,16GB
1,4.5299530029296875e-05,-11.75,Lenovo,13-inch,16GB,HP,16-inch,4GB
1,4.5299530029296875e-05,-9.25,Lenovo,13-inch,16GB,HP,16-inch,8GB
1,4.4345855712890625e-05,-3.5,Lenovo,13-inch,16GB,HP,16-inch,16GB
1,4.5299530029296875e-05,-11.25,Lenovo,13-inch,16GB,Dell,13-inch,4GB
1,4.5299530029296875e-05,-11.25,Lenovo,13-inch,16GB,Dell,13-inch,8GB
1,4.506111145019531e-05,-4.75,Lenovo,13-inch,16GB,Dell,13-inch,16GB
1,4.5299530029296875e-05,-11.75,Lenovo,13-inch,16GB,Dell,14-inch,4GB
1,4.5299530029296875e-05,-11.5,Lenovo,13-inch,16GB,Dell,14-inch,8GB
1,4.506111145019531e-05,-5.0,Lenovo,13-inch,16GB,Dell,14-inch,16GB
1,4.5299530029296875e-05,-12.0,Lenovo,13-inch,16GB,Dell,16-inch,4GB
1,4.5299530029296875e-05,-9.625,Lenovo,13-inch,16GB,Dell,16-inch,8GB
1,4.38690185546875e-05,-3.0,Lenovo,13-inch,16GB,Dell,16-inch,16GB
1,4.5299530029296875e-05,-11.375,Lenovo,13-inch,16GB,Apple,13-inch,4GB
1,4.5299530029296875e-05,-10.25,Lenovo,13-inch,16GB,Apple,13-inch,8GB
1,4.482269287109375e-05,-4.25,Lenovo,13-inch,16GB,Apple,13-inch,16GB
1,4.5299530029296875e-05,-12.25,Lenovo,13-inch,16GB,Apple,14-inch,4GB
1,4.5299530029296875e-05,-11.0,Lenovo,13-inch,16GB,Apple,14-inch,8GB
1,4.5299530029296875e-05,-5.375,Lenovo,13-inch,16GB,Apple,14-inch,16GB
1,4.5299530029296875e-05,-11.25,Lenovo,13-inch,16GB,Apple,16-inch,4GB
1,4.5299530029296875e-05,-8.625,Lenovo,13-inch,16GB,Apple,16-inch,8GB
1,4.5299530029296875e-05,-6.375,Lenovo,13-inch,16GB,Apple,16-inch,16GB
1,4.5299530029296875e-05,-10.125,Lenovo,14-inch,4GB,ASUS,13-inch,4GB
1,-0.008544921875,5.75,Lenovo,14-inch,4GB,ASUS,13-inch,8GB
1,-0.000865936279296875,3.5,Lenovo,14-inch,4GB,ASUS,13-inch,16GB
1,4.5299530029296875e-05,-9.125,Lenovo,14-inch,4GB,ASUS,14-inch,4GB
1,-0.10009765625,8.125,Lenovo,14-inch,4GB,ASUS,14-inch,8GB
1,-0.00066375732421875,3.25,Lenovo,14-inch,4GB,ASUS,14-inch,16GB
1,2.86102294921875e-05,-0.5,Lenovo,14-inch,4GB,ASUS,16-inch,4GB
1,-4.25,10.5,Lenovo,14-inch,4GB,ASUS,16-inch,8GB
1,-0.0002155303955078125,2.25,Lenovo,14-inch,4GB,ASUS,16-inch,16GB
1,4.5299530029296875e-05,-9.875,Lenovo,14-inch,4GB,Lenovo,13-inch,4GB
1,-6.75,10.5,Lenovo,14-inch,4GB,Lenovo,13-inch,8GB
1,-0.000865936279296875,3.5,Lenovo,14-inch,4GB,Lenovo,13-inch,16GB
1,-1.2874603271484375e-05,0.75,Lenovo,14-inch,4GB,Lenovo,14-inch,8GB
1,3.910064697265625e-05,-1.5,Lenovo,14-inch,4GB,Lenovo,14-inch,16GB
1,2.384185791015625e-05,-0.25,Lenovo,14-inch,4GB,Lenovo,16-inch,4GB
1,-1.703125,10.3125,Lenovo,14-inch,4GB,Lenovo,16-inch,8GB
1,-0.000507354736328125,3.0,Lenovo,14-inch,4GB,Lenovo,16-inch,16GB
1,4.5299530029296875e-05,-11.5,Lenovo,14-inch,4GB,HP,13-inch,4GB
1,-0.00188446044921875,4.25,Lenovo,14-inch,4GB,HP,13-inch,8GB
1,-0.00066375732421875,3.25,Lenovo,14-inch,4GB,HP,13-inch,16GB
1,4.5299530029296875e-05,-12.125,Lenovo,14-inch,4GB,HP,14-inch,4GB
1,-0.0002899169921875,2.5,Lenovo,14-inch,4GB,HP,14-inch,8GB
1,-0.00011301040649414062,1.75,Lenovo,14-inch,4GB,HP,14-inch,16GB
1,4.4345855712890625e-05,-3.25,Lenovo,14-inch,4GB,HP,16-inch,4GB
1,-5.0,10.5,Lenovo,14-inch,4GB,HP,16-inch,8GB
1,-0.0001583099365234375,2.0,Lenovo,14-inch,4GB,HP,16-inch,16GB
1,4.5299530029296875e-05,-11.875,Lenovo,14-inch,4GB,Dell,13-inch,4GB
1,-0.16015625,8.5625,Lenovo,14-inch,4GB,Dell,13-inch,8GB
1,-0.00066375732421875,3.25,Lenovo,14-inch,4GB,Dell,13-inch,16GB
1,4.5299530029296875e-05,-10.625,Lenovo,14-inch,4GB,Dell,14-inch,4GB
1,-0.0002155303955078125,2.25,Lenovo,14-inch,4GB,Dell,14-inch,8GB
1,-5.054473876953125e-05,1.25,Lenovo,14-inch,4GB,Dell,14-inch,16GB
1,3.838539123535156e-05,-1.375,Lenovo,14-inch,4GB,Dell,16-inch,4GB
1,-5.0,10.5,Lenovo,14-inch,4GB,Dell,16-inch,8GB
1,-0.0002155303955078125,2.25,Lenovo,14-inch,4GB,Dell,16-inch,16GB
1,4.5299530029296875e-05,-11.75,Lenovo,14-inch,4GB,Apple,13-inch,4GB
1,0.0,0.5,Lenovo,14-inch,4GB,Apple,13-inch,8GB
1,2.86102294921875e-05,-0.5,Lenovo,14-inch,4GB,Apple,13-inch,16GB
1,4.5299530029296875e-05,-7.5,Lenovo,14-inch,4GB,Apple,14-inch,4GB
1,-5.054473876953125e-05,1.25,Lenovo,14-inch,4GB,Apple,14-inch,8GB
1,2.86102294921875e-05,-0.5,Lenovo,14-inch,4GB,Apple,14-inch,16GB
1,4.5299530029296875e-05,-6.25,Lenovo,14-inch,4GB,Apple,16-inch,4GB
1,4.0531158447265625e-05,-1.75,Lenovo,14-inch,4GB,Apple,16-inch,8GB
1,4.3392181396484375e-05,-2.625,Lenovo,14-inch,4GB,Apple,16-inch,16GB
1,4.5299530029296875e-05,-12.25,Lenovo,14-inch,8GB,ASUS,13-inch,4GB
1,4.506111145019531e-05,-5.0,Lenovo,14-inch,8GB,ASUS,13-inch,8GB
1,1.7762184143066406e-05,0.0,Lenovo,14-inch,8GB,ASUS,13-inch,16GB
1,4.5299530029296875e-05,-12.25,Lenovo,14-inch,8GB,ASUS,14-inch,4GB
1,4.1484832763671875e-05,-2.0,Lenovo,14-inch,8GB,ASUS,14-inch,8GB
1,4.291534423828125e-05,-2.5,Lenovo,14-inch,8GB,ASUS,14-inch,16GB
1,4.5299530029296875e-05,-9.875,Lenovo,14-inch,8GB,ASUS,16-inch,4GB
1,1.0013580322265625e-05,0.25,Lenovo,14-inch,8GB,ASUS,16-inch,8GB
1,3.528594970703125e-05,-1.0,Lenovo,14-inch,8GB,ASUS,16-inch,16GB
1,4.5299530029296875e-05,-8.875,Lenovo,14-inch,8GB,Lenovo,13-inch,4GB
1,4.5299530029296875e-05,-6.25,Lenovo,14-inch,8GB,Lenovo,13-inch,8GB
1,4.1484832763671875e-05,-2.0,Lenovo,14-inch,8GB,Lenovo,13-inch,16GB
1,4.5299530029296875e-05,-10.0,Lenovo,14-inch,8GB,Lenovo,14-inch,4GB
1,4.4345855712890625e-05,-3.5,Lenovo,14-inch,8GB,Lenovo,14-inch,16GB
1,4.5299530029296875e-05,-7.625,Lenovo,14-inch,8GB,Lenovo,16-inch,4GB
1,4.4345855712890625e-05,-3.5,Lenovo,14-inch,8GB,Lenovo,16-inch,8GB
1,4.1484832763671875e-05,-2.0,Lenovo,14-inch,8GB,Lenovo,16-inch,16GB
1,4.5299530029296875e-05,-13.0,Lenovo,14-inch,8GB,HP,13-inch,4GB
1,4.5299530029296875e-05,-5.75,Lenovo,14-inch,8GB,HP,13-inch,8GB
1,1.7762184143066406e-05,0.0,Lenovo,14-inch,8GB,HP,13-inch,16GB
1,4.5299530029296875e-05,-13.0,Lenovo,14-inch,8GB,HP,14-inch,4GB
1,4.506111145019531e-05,-4.75,Lenovo,14-inch,8GB,HP,14-inch,8GB
1,4.3392181396484375e-05,-2.75,Lenovo,14-inch,8GB,HP,14-inch,16GB
1,4.5299530029296875e-05,-10.5,Lenovo,14-inch,8GB,HP,16-inch,4GB
1,2.86102294921875e-05,-0.5,Lenovo,14-inch,8GB,HP,16-inch,8GB
1,3.910064697265625e-05,-1.5,Lenovo,14-inch,8GB,HP,16-inch,16GB
1,4.5299530029296875e-05,-13.25,Lenovo,14-inch,8GB,Dell,13-inch,4GB
1,4.5299530029296875e-05,-5.75,Lenovo,14-inch,8GB,Dell,13-inch,8GB
1,1.7762184143066406e-05,0.0,Lenovo,14-inch,8GB,Dell,13-inch,16GB
1,4.5299530029296875e-05,-13.125,Lenovo,14-inch,8GB,Dell,14-inch,4GB
1,4.482269287109375e-05,-4.0,Lenovo,14-inch,8GB,Dell,14-inch,8GB
1,4.2438507080078125e-05,-2.25,Lenovo,14-inch,8GB,Dell,14-inch,16GB
1,4.5299530029296875e-05,-10.625,Lenovo,14-inch,8GB,Dell,16-inch,4GB
1,1.0013580322265625e-05,0.25,Lenovo,14-inch,8GB,Dell,16-inch,8GB
1,3.24249267578125e-05,-0.75,Lenovo,14-inch,8GB,Dell,16-inch,16GB
1,4.5299530029296875e-05,-12.875,Lenovo,14-inch,8GB,Apple,13-inch,4GB
1,4.506111145019531e-05,-4.875,Lenovo,14-inch,8GB,Apple,13-inch,8GB
1,4.482269287109375e-05,-3.875,Lenovo,14-inch,8GB,Apple,13-inch,16GB
1,4.5299530029296875e-05,-12.875,Lenovo,14-inch,8GB,Apple,14-inch,4GB
1,4.5299530029296875e-05,-5.125,Lenovo,14-inch,8GB,Apple,14-inch,8GB
1,4.5299530029296875e-05,-5.25,Lenovo,14-inch,8GB,Apple,14-inch,16GB
1,4.5299530029296875e-05,-10.25,Lenovo,14-inch,8GB,Apple,16-inch,4GB
1,4.482269287109375e-05,-3.875,Lenovo,14-inch,8GB,Apple,16-inch,8GB
1,4.5299530029296875e-05,-5.125,Lenovo,14-inch,8GB,Apple,16-inch,16GB
1,4.5299530029296875e-05,-9.875,Lenovo,14-inch,16GB,ASUS,13-inch,4GB
1,4.5299530029296875e-05,-10.5,Lenovo,14-inch,16GB,ASUS,13-inch,8GB
1,4.506111145019531e-05,-4.75,Lenovo,14-inch,16GB,ASUS,13-inch,16GB
1,4.5299530029296875e-05,-9.125,Lenovo,14-inch,16GB,ASUS,14-inch,4GB
1,4.5299530029296875e-05,-10.5,Lenovo,14-inch,16GB,ASUS,14-inch,8GB
1,3.838539123535156e-05,-1.375,Lenovo,14-inch,16GB,ASUS,14-inch,16GB
1,4.5299530029296875e-05,-10.75,Lenovo,14-inch,16GB,ASUS,16-inch,4GB
1,4.5299530029296875e-05,-8.625,Lenovo,14-inch,16GB,ASUS,16-inch,8GB
1,3.24249267578125e-05,-0.75,Lenovo,14-inch,16GB,ASUS,16-inch,16GB
1,4.5299530029296875e-05,-7.0,Lenovo,14-inch,16GB,Lenovo,13-inch,4GB
1,4.5299530029296875e-05,-9.375,Lenovo,14-inch,16GB,Lenovo,13-inch,8GB
1,4.5299530029296875e-05,-6.75,Lenovo,14-inch,16GB,Lenovo,13-inch,16GB
1,4.5299530029296875e-05,-9.0,Lenovo,14-inch,16GB,Lenovo,14-inch,4GB
1,4.5299530029296875e-05,-9.5,Lenovo,14-inch,16GB,Lenovo,14-inch,8GB
1,4.5299530029296875e-05,-10.25,Lenovo,14-inch,16GB,Lenovo,16-inch,4GB
1,4.5299530029296875e-05,-8.5,Lenovo,14-inch,16GB,Lenovo,16-inch,8GB
1,-1.2874603271484375e-05,0.75,Lenovo,14-inch,16GB,Lenovo,16-inch,16GB
1,4.5299530029296875e-05,-10.75,Lenovo,14-inch,16GB,HP,13-inch,4GB
1,4.5299530029296875e-05,-11.0,Lenovo,14-inch,16GB,HP,13-inch,8GB
1,4.5299530029296875e-05,-5.5,Lenovo,14-inch,16GB,HP,13-inch,16GB
1,4.5299530029296875e-05,-10.875,Lenovo,14-inch,16GB,HP,14-inch,4GB
1,4.5299530029296875e-05,-11.375,Lenovo,14-inch,16GB,HP,14-inch,8GB
1,4.482269287109375e-05,-4.375,Lenovo,14-inch,16GB,HP,14-inch,16GB
1,4.5299530029296875e-05,-10.75,Lenovo,14-inch,16GB,HP,16-inch,4GB
1,4.5299530029296875e-05,-9.5,Lenovo,14-inch,16GB,HP,16-inch,8GB
1,4.4345855712890625e-05,-3.5,Lenovo,14-inch,16GB,HP,16-inch,16GB
1,4.5299530029296875e-05,-11.0,Lenovo,14-inch,16GB,Dell,13-inch,4GB
1,4.5299530029296875e-05,-11.25,Lenovo,14-inch,16GB,Dell,13-inch,8GB
1,4.5299530029296875e-05,-5.5,Lenovo,14-inch,16GB,Dell,13-inch,16GB
1,4.5299530029296875e-05,-10.875,Lenovo,14-inch,16GB,Dell,14-inch,4GB
1,4.5299530029296875e-05,-11.0,Lenovo,14-inch,16GB,Dell,14-inch,8GB
1,4.482269287109375e-05,-3.875,Lenovo,14-inch,16GB,Dell,14-inch,16GB
1,4.5299530029296875e-05,-11.875,Lenovo,14-inch,16GB,Dell,16-inch,4GB
1,4.5299530029296875e-05,-9.75,Lenovo,14-inch,16GB,Dell,16-inch,8GB
1,4.4345855712890625e-05,-3.25,Lenovo,14-inch,16GB,Dell,16-inch,16GB
1,4.5299530029296875e-05,-10.75,Lenovo,14-inch,16GB,Apple,13-inch,4GB
1,4.5299530029296875e-05,-11.125,Lenovo,14-inch,16GB,Apple,13-inch,8GB
1,4.5299530029296875e-05,-5.125,Lenovo,14-inch,16GB,Apple,13-inch,16GB
1,4.5299530029296875e-05,-10.875,Lenovo,14-inch,16GB,Apple,14-inch,4GB
1,4.5299530029296875e-05,-10.375,Lenovo,14-inch,16GB,Apple,14-inch,8GB
1,4.506111145019531e-05,-4.75,Lenovo,14-inch,16GB,Apple,14-inch,16GB
1,4.5299530029296875e-05,-10.875,Lenovo,14-inch,16GB,Apple,16-inch,4GB
1,4.5299530029296875e-05,-8.625,Lenovo,14-inch,16GB,Apple,16-inch,8GB
1,4.5299530029296875e-05,-5.375,Lenovo,14-inch,16GB,Apple,16-inch,16GB
1,4.5299530029296875e-05,-13.125,Lenovo,16-inch,4GB,ASUS,13-inch,4GB
1,-1.2874603271484375e-05,0.75,Lenovo,16-inch,4GB,ASUS,13-inch,8GB
1,4.506111145019531e-05,-5.0,Lenovo,16-inch,4GB,ASUS,13-inch,16GB
1,4.5299530029296875e-05,-14.5,Lenovo,16-inch,4GB,ASUS,14-inch,4GB
1,3.743171691894531e-05,-1.25,Lenovo,16-inch,4GB,ASUS,14-inch,8GB
1,4.5299530029296875e-05,-6.0,Lenovo,16-inch,4GB,ASUS,14-inch,16GB
1,4.5299530029296875e-05,-7.25,Lenovo,16-inch,4GB,ASUS,16-inch,4GB
1,-1.2874603271484375e-05,0.75,Lenovo,16-inch,4GB,ASUS,16-inch,8GB
1,4.458427429199219e-05,-3.625,Lenovo,16-inch,4GB,ASUS,16-inch,16GB
1,4.5299530029296875e-05,-18.5,Lenovo,16-inch,4GB,Lenovo,13-inch,4GB
1,-0.0031280517578125,4.75,Lenovo,16-inch,4GB,Lenovo,13-inch,8GB
1,4.482269287109375e-05,-4.125,Lenovo,16-inch,4GB,Lenovo,13-inch,16GB
1,4.5299530029296875e-05,-16.625,Lenovo,16-inch,4GB,Lenovo,14-inch,4GB
1,-0.000865936279296875,3.5,Lenovo,16-inch,4GB,Lenovo,14-inch,8GB
1,4.482269287109375e-05,-4.5,Lenovo,16-inch,4GB,Lenovo,14-inch,16GB
1,-5.054473876953125e-05,1.25,Lenovo,16-inch,4GB,Lenovo,16-inch,8GB
1,4.1484832763671875e-05,-2.0,Lenovo,16-inch,4GB,Lenovo,16-inch,16GB
1,4.5299530029296875e-05,-14.875,Lenovo,16-inch,4GB,HP,13-inch,4GB
1,-2.956390380859375e-05,1.0,Lenovo,16-inch,4GB,HP,13-inch,8GB
1,4.5299530029296875e-05,-5.875,Lenovo,16-inch,4GB,HP,13-inch,16GB
1,4.5299530029296875e-05,-15.625,Lenovo,16-inch,4GB,HP,14-inch,4GB
1,-1.2874603271484375e-05,0.75,Lenovo,16-inch,4GB,HP,14-inch,8GB
1,4.5299530029296875e-05,-6.5,Lenovo,16-inch,4GB,HP,14-inch,16GB
1,4.5299530029296875e-05,-10.125,Lenovo,16-inch,4GB,HP,16-inch,4GB
1,0.0,0.5,Lenovo,16-inch,4GB,HP,16-inch,8GB
1,4.506111145019531e-05,-5.0,Lenovo,16-inch,4GB,HP,16-inch,16GB
1,4.5299530029296875e-05,-14.25,Lenovo,16-inch,4GB,Dell,13-inch,4GB
1,-5.054473876953125e-05,1.25,Lenovo,16-inch,4GB,Dell,13-inch,8GB
1,4.5299530029296875e-05,-6.125,Lenovo,16-inch,4GB,Dell,13-inch,16GB
1,4.5299530029296875e-05,-15.25,Lenovo,16-inch,4GB,Dell,14-inch,4GB
1,-1.2874603271484375e-05,0.75,Lenovo,16-inch,4GB,Dell,14-inch,8GB
1,4.5299530029296875e-05,-6.625,Lenovo,16-inch,4GB,Dell,14-inch,16GB
1,4.5299530029296875e-05,-9.5,Lenovo,16-inch,4GB,Dell,16-inch,4GB
1,-5.054473876953125e-05,1.25,Lenovo,16-inch,4GB,Dell,16-inch,8GB
1,4.482269287109375e-05,-4.375,Lenovo,16-inch,4GB,Dell,16-inch,16GB
1,4.5299530029296875e-05,-13.625,Lenovo,16-inch,4GB,Apple,13-inch,4GB
1,4.482269287109375e-05,-3.75,Lenovo,16-inch,4GB,Apple,13-inch,8GB
1,4.5299530029296875e-05,-5.5,Lenovo,16-inch,4GB,Apple,13-inch,16GB
1,4.5299530029296875e-05,-14.5,Lenovo,16-inch,4GB,Apple,14-inch,4GB
1,4.5299530029296875e-05,-5.75,Lenovo,16-inch,4GB,Apple,14-inch,8GB
1,4.5299530029296875e-05,-6.125,Lenovo,16-inch,4GB,Apple,14-inch,16GB
1,4.5299530029296875e-05,-10.5,Lenovo,16-inch,4GB,Apple,16-inch,4GB
1,4.4345855712890625e-05,-3.375,Lenovo,16-inch,4GB,Apple,16-inch,8GB
1,4.5299530029296875e-05,-6.5,Lenovo,16-inch,4GB,Apple,16-inch,16GB
1,4.5299530029296875e-05,-10.125,Lenovo,16-inch,8GB,ASUS,13-inch,4GB
1,4.482269287109375e-05,-4.0,Lenovo,16-inch,8GB,ASUS,13-inch,8GB
1,-0.0002899169921875,2.5,Lenovo,16-inch,8GB,ASUS,13-inch,16GB
1,4.5299530029296875e-05,-9.875,Lenovo,16-inch,8GB,ASUS,14-inch,4GB
1,4.482269287109375e-05,-4.0,Lenovo,16-inch,8GB,ASUS,14-inch,8GB
1,-0.0002155303955078125,2.25,Lenovo,16-inch,8GB,ASUS,14-inch,16GB
1,4.5299530029296875e-05,-10.125,Lenovo,16-inch,8GB,ASUS,16-inch,4GB
1,2.384185791015625e-05,-0.25,Lenovo,16-inch,8GB,ASUS,16-inch,8GB
1,3.0517578125e-05,-0.625,Lenovo,16-inch,8GB,ASUS,16-inch,16GB
1,4.5299530029296875e-05,-7.375,Lenovo,16-inch,8GB,Lenovo,13-inch,4GB
1,4.5299530029296875e-05,-7.25,Lenovo,16-inch,8GB,Lenovo,13-inch,8GB
1,-5.054473876953125e-05,1.25,Lenovo,16-inch,8GB,Lenovo,13-inch,16GB
1,4.5299530029296875e-05,-6.625,Lenovo,16-inch,8GB,Lenovo,14-inch,4GB
1,4.5299530029296875e-05,-8.75,Lenovo,16-inch,8GB,Lenovo,14-inch,8GB
1,-7.772445678710938e-05,1.5,Lenovo,16-inch,8GB,Lenovo,14-inch,16GB
1,4.5299530029296875e-05,-8.5,Lenovo,16-inch,8GB,Lenovo,16-inch,4GB
1,2.86102294921875e-05,-0.5,Lenovo,16-inch,8GB,Lenovo,16-inch,16GB
1,4.5299530029296875e-05,-11.125,Lenovo,16-inch,8GB,HP,13-inch,4GB
1,4.506111145019531e-05,-4.875,Lenovo,16-inch,8GB,HP,13-inch,8GB
1,-0.0002155303955078125,2.25,Lenovo,16-inch,8GB,HP,13-inch,16GB
1,4.5299530029296875e-05,-10.75,Lenovo,16-inch,8GB,HP,14-inch,4GB
1,4.482269287109375e-05,-4.5,Lenovo,16-inch,8GB,HP,14-inch,8GB
1,-0.00011301040649414062,1.75,Lenovo,16-inch,8GB,HP,14-inch,16GB
1,4.5299530029296875e-05,-10.75,Lenovo,16-inch,8GB,HP,16-inch,4GB
1,4.4345855712890625e-05,-3.375,Lenovo,16-inch,8GB,HP,16-inch,8GB
1,3.528594970703125e-05,-1.0,Lenovo,16-inch,8GB,HP,16-inch,16GB
1,4.5299530029296875e-05,-11.125,Lenovo,16-inch,8GB,Dell,13-inch,4GB
1,4.506111145019531e-05,-4.625,Lenovo,16-inch,8GB,Dell,13-inch,8GB
1,-0.0002155303955078125,2.25,Lenovo,16-inch,8GB,Dell,13-inch,16GB
1,4.5299530029296875e-05,-11.125,Lenovo,16-inch,8GB,Dell,14-inch,4GB
1,4.482269287109375e-05,-4.375,Lenovo,16-inch,8GB,Dell,14-inch,8GB
1,-0.0002155303955078125,2.25,Lenovo,16-inch,8GB,Dell,14-inch,16GB
1,4.5299530029296875e-05,-10.75,Lenovo,16-inch,8GB,Dell,16-inch,4GB
1,4.100799560546875e-05,-1.875,Lenovo,16-inch,8GB,Dell,16-inch,8GB
1,1.7762184143066406e-05,0.0,Lenovo,16-inch,8GB,Dell,16-inch,16GB
1,4.5299530029296875e-05,-11.25,Lenovo,16-inch,8GB,Apple,13-inch,4GB
1,4.506111145019531e-05,-4.875,Lenovo,16-inch,8GB,Apple,13-inch,8GB
1,4.291534423828125e-05,-2.5,Lenovo,16-inch,8GB,Apple,13-inch,16GB
1,4.5299530029296875e-05,-12.125,Lenovo,16-inch,8GB,Apple,14-inch,4GB
1,4.5299530029296875e-05,-5.125,Lenovo,16-inch,8GB,Apple,14-inch,8GB
1,4.4345855712890625e-05,-3.375,Lenovo,16-inch,8GB,Apple,14-inch,16GB
1,4.5299530029296875e-05,-12.625,Lenovo,16-inch,8GB,Apple,16-inch,4GB
1,4.5299530029296875e-05,-5.125,Lenovo,16-inch,8GB,Apple,16-inch,8GB
1,4.482269287109375e-05,-4.25,Lenovo,16-inch,8GB,Apple,16-inch,16GB
1,4.5299530029296875e-05,-7.25,Lenovo,16-inch,16GB,ASUS,13-inch,4GB
1,4.5299530029296875e-05,-7.25,Lenovo,16-inch,16GB,ASUS,13-inch,8GB
1,0.0,0.5,Lenovo,16-inch,16GB,ASUS,13-inch,16GB
1,4.5299530029296875e-05,-7.125,Lenovo,16-inch,16GB,ASUS,14-inch,4GB
1,4.5299530029296875e-05,-7.5,Lenovo,16-inch,16GB,ASUS,14-inch,8GB
1,2.6345252990722656e-05,-0.375,Lenovo,16-inch,16GB,ASUS,14-inch,16GB
1,4.5299530029296875e-05,-7.5,Lenovo,16-inch,16GB,ASUS,16-inch,4GB
1,4.5299530029296875e-05,-6.625,Lenovo,16-inch,16GB,ASUS,16-inch,8GB
1,0.0,0.5,Lenovo,16-inch,16GB,ASUS,16-inch,16GB
1,4.506111145019531e-05,-5.0,Lenovo,16-inch,16GB,Lenovo,13-inch,4GB
1,4.5299530029296875e-05,-7.0,Lenovo,16-inch,16GB,Lenovo,13-inch,8GB
1,3.743171691894531e-05,-1.25,Lenovo,16-inch,16GB,Lenovo,13-inch,16GB
1,4.482269287109375e-05,-4.0,Lenovo,16-inch,16GB,Lenovo,14-inch,4GB
1,4.5299530029296875e-05,-6.5,Lenovo,16-inch,16GB,Lenovo,14-inch,8GB
1,4.4345855712890625e-05,-3.25,Lenovo,16-inch,16GB,Lenovo,14-inch,16GB
1,4.5299530029296875e-05,-6.5,Lenovo,16-inch,16GB,Lenovo,16-inch,4GB
1,4.482269287109375e-05,-4.5,Lenovo,16-inch,16GB,Lenovo,16-inch,8GB
1,4.5299530029296875e-05,-8.25,Lenovo,16-inch,16GB,HP,13-inch,4GB
1,4.5299530029296875e-05,-8.125,Lenovo,16-inch,16GB,HP,13-inch,8GB
1,2.86102294921875e-05,-0.5,Lenovo,16-inch,16GB,HP,13-inch,16GB
1,4.5299530029296875e-05,-8.25,Lenovo,16-inch,16GB,HP,14-inch,4GB
1,4.5299530029296875e-05,-8.875,Lenovo,16-inch,16GB,HP,14-inch,8GB
1,3.62396240234375e-05,-1.125,Lenovo,16-inch,16GB,HP,14-inch,16GB
1,4.5299530029296875e-05,-9.375,Lenovo,16-inch,16GB,HP,16-inch,4GB
1,4.5299530029296875e-05,-7.375,Lenovo,16-inch,16GB,HP,16-inch,8GB
1,4.2438507080078125e-05,-2.25,Lenovo,16-inch,16GB,HP,16-inch,16GB
1,4.5299530029296875e-05,-8.875,Lenovo,16-inch,16GB,Dell,13-inch,4GB
1,4.5299530029296875e-05,-7.625,Lenovo,16-inch,16GB,Dell,13-inch,8GB
1,3.0517578125e-05,-0.625,Lenovo,16-inch,16GB,Dell,13-inch,16GB
1,4.5299530029296875e-05,-8.25,Lenovo,16-inch,16GB,Dell,14-inch,4GB
1,4.5299530029296875e-05,-8.375,Lenovo,16-inch,16GB,Dell,14-inch,8GB
1,3.0517578125e-05,-0.625,Lenovo,16-inch,16GB,Dell,14-inch,16GB
1,4.5299530029296875e-05,-9.125,Lenovo,16-inch,16GB,Dell,16-inch,4GB
1,4.5299530029296875e-05,-7.125,Lenovo,16-inch,16GB,Dell,16-inch,8GB
1,3.62396240234375e-05,-1.125,Lenovo,16-inch,16GB,Dell,16-inch,16GB
1,4.5299530029296875e-05,-8.625,Lenovo,16-inch,16GB,Apple,13-inch,4GB
1,4.5299530029296875e-05,-7.75,Lenovo,16-inch,16GB,Apple,13-inch,8GB
1,4.38690185546875e-05,-3.0,Lenovo,16-inch,16GB,Apple,13-inch,16GB
1,4.5299530029296875e-05,-8.875,Lenovo,16-inch,16GB,Apple,14-inch,4GB
1,4.5299530029296875e-05,-9.25,Lenovo,16-inch,16GB,Apple,14-inch,8GB
1,4.482269287109375e-05,-4.0,Lenovo,16-inch,16GB,Apple,14-inch,16GB
1,4.5299530029296875e-05,-10.25,Lenovo,16-inch,16GB,Apple,16-inch,4GB
1,4.5299530029296875e-05,-8.25,Lenovo,16-inch,16GB,Apple,16-inch,8GB
1,4.482269287109375e-05,-3.875,Lenovo,16-inch,16GB,Apple,16-inch,16GB
1,4.5299530029296875e-05,-6.25,HP,13-inch,4GB,ASUS,13-inch,4GB
1,-2.8125,10.4375,HP,13-inch,4GB,ASUS,13-inch,8GB
1,-7.772445678710938e-05,1.5,HP,13-inch,4GB,ASUS,13-inch,16GB
1,4.5299530029296875e-05,-6.0,HP,13-inch,4GB,ASUS,14-inch,4GB
1,-10.25,10.5,HP,13-inch,4GB,ASUS,14-inch,8GB
1,-0.06201171875,7.6875,HP,13-inch,4GB,ASUS,14-inch,16GB
1,-0.0001583099365234375,2.0,HP,13-inch,4GB,ASUS,16-inch,4GB
1,-3.53125,10.5,HP,13-inch,4GB,ASUS,16-inch,8GB
1,-0.000507354736328125,3.0,HP,13-inch,4GB,ASUS,16-inch,16GB
1,4.506111145019531e-05,-4.75,HP,13-inch,4GB,Lenovo,13-inch,4GB
1,-3.046875,10.4375,HP,13-inch,4GB,Lenovo,13-inch,8GB
1,-0.00011301040649414062,1.75,HP,13-inch,4GB,Lenovo,13-inch,16GB
1,4.5299530029296875e-05,-5.75,HP,13-inch,4GB,Lenovo,14-inch,4GB
1,-8.75,10.5,HP,13-inch,4GB,Lenovo,14-inch,8GB
1,-0.10009765625,8.125,HP,13-inch,4GB,Lenovo,14-inch,16GB
1,-2.956390380859375e-05,1.0,HP,13-inch,4GB,Lenovo,16-inch,4GB
1,-1.140625,10.125,HP,13-inch,4GB,Lenovo,16-inch,8GB
1,-0.000865936279296875,3.5,HP,13-inch,4GB,Lenovo,16-inch,16GB
1,-1.2874603271484375e-05,0.75,HP,13-inch,4GB,HP,13-inch,8GB
1,4.3392181396484375e-05,-2.75,HP,13-inch,4GB,HP,13-inch,16GB
1,4.5299530029296875e-05,-6.875,HP,13-inch,4GB,HP,14-inch,4GB
1,-12.25,10.5,HP,13-inch,4GB,HP,14-inch,8GB
1,-1.9140625,10.3125,HP,13-inch,4GB,HP,14-inch,16GB
1,0.0,0.5,HP,13-inch,4GB,HP,16-inch,4GB
1,-0.10009765625,8.125,HP,13-inch,4GB,HP,16-inch,8GB
1,-0.000507354736328125,3.0,HP,13-inch,4GB,HP,16-inch,16GB
1,4.5299530029296875e-05,-8.625,HP,13-inch,4GB,Dell,13-inch,4GB
1,-0.000865936279296875,3.5,HP,13-inch,4GB,Dell,13-inch,8GB
1,-5.054473876953125e-05,1.25,HP,13-inch,4GB,Dell,13-inch,16GB
1,4.5299530029296875e-05,-8.25,HP,13-inch,4GB,Dell,14-inch,4GB
1,-7.0,10.5,HP,13-inch,4GB,Dell,14-inch,8GB
1,-0.00145721435546875,4.0,HP,13-inch,4GB,Dell,14-inch,16GB
1,1.0013580322265625e-05,0.25,HP,13-inch,4GB,Dell,16-inch,4GB
1,-3.28125,10.4375,HP,13-inch,4GB,Dell,16-inch,8GB
1,-0.000507354736328125,3.0,HP,13-inch,4GB,Dell,16-inch,16GB
1,4.5299530029296875e-05,-6.5,HP,13-inch,4GB,Apple,13-inch,4GB
1,-2.956390380859375e-05,1.0,HP,13-inch,4GB,Apple,13-inch,8GB
1,4.291534423828125e-05,-2.375,HP,13-inch,4GB,Apple,13-inch,16GB
1,4.5299530029296875e-05,-8.0,HP,13-inch,4GB,Apple,14-inch,4GB
1,-0.0001583099365234375,2.0,HP,13-inch,4GB,Apple,14-inch,8GB
1,-2.956390380859375e-05,1.0,HP,13-inch,4GB,Apple,14-inch,16GB
1,4.482269287109375e-05,-3.75,HP,13-inch,4GB,Apple,16-inch,4GB
1,4.2438507080078125e-05,-2.25,HP,13-inch,4GB,Apple,16-inch,8GB
1,4.00543212890625e-05,-1.625,HP,13-inch,4GB,Apple,16-inch,16GB
1,4.5299530029296875e-05,-12.125,HP,13-inch,8GB,ASUS,13-inch,4GB
1,4.1484832763671875e-05,-2.0,HP,13-inch,8GB,ASUS,13-inch,8GB
1,4.38690185546875e-05,-3.0,HP,13-inch,8GB,ASUS,13-inch,16GB
1,4.5299530029296875e-05,-12.75,HP,13-inch,8GB,ASUS,14-inch,4GB
1,4.458427429199219e-05,-3.625,HP,13-inch,8GB,ASUS,14-inch,8GB
1,3.743171691894531e-05,-1.25,HP,13-inch,8GB,ASUS,14-inch,16GB
1,4.5299530029296875e-05,-9.75,HP,13-inch,8GB,ASUS,16-inch,4GB
1,1.0013580322265625e-05,0.25,HP,13-inch,8GB,ASUS,16-inch,8GB
1,3.743171691894531e-05,-1.25,HP,13-inch,8GB,ASUS,16-inch,16GB
1,4.5299530029296875e-05,-12.5,HP,13-inch,8GB,Lenovo,13-inch,4GB
1,4.3392181396484375e-05,-2.75,HP,13-inch,8GB,Lenovo,13-inch,8GB
1,4.00543212890625e-05,-1.625,HP,13-inch,8GB,Lenovo,13-inch,16GB
1,4.5299530029296875e-05,-13.0,HP,13-inch,8GB,Lenovo,14-inch,4GB
1,4.482269287109375e-05,-4.25,HP,13-inch,8GB,Lenovo,14-inch,8GB
1,3.3855438232421875e-05,-0.875,HP,13-inch,8GB,Lenovo,14-inch,16GB
1,4.5299530029296875e-05,-10.0,HP,13-inch,8GB,Lenovo,16-inch,4GB
1,0.0,0.5,HP,13-inch,8GB,Lenovo,16-inch,8GB
1,2.384185791015625e-05,-0.25,HP,13-inch,8GB,Lenovo,16-inch,16GB
1,4.5299530029296875e-05,-11.125,HP,13-inch,8GB,HP,13-inch,4GB
1,4.4345855712890625e-05,-3.5,HP,13-inch,8GB,HP,13-inch,16GB
1,4.5299530029296875e-05,-10.125,HP,13-inch,8GB,HP,14-inch,4GB
1,4.291534423828125e-05,-2.5,HP,13-inch,8GB,HP,14-inch,8GB
1,4.100799560546875e-05,-1.875,HP,13-inch,8GB,HP,14-inch,16GB
1,4.5299530029296875e-05,-8.875,HP,13-inch,8GB,HP,16-inch,4GB
1,4.482269287109375e-05,-4.0,HP,13-inch,8GB,HP,16-inch,8GB
1,4.4345855712890625e-05,-3.375,HP,13-inch,8GB,HP,16-inch,16GB
1,4.5299530029296875e-05,-13.375,HP,13-inch,8GB,Dell,13-inch,4GB
1,4.482269287109375e-05,-4.375,HP,13-inch,8GB,Dell,13-inch,8GB
1,4.291534423828125e-05,-2.375,HP,13-inch,8GB,Dell,13-inch,16GB
1,4.5299530029296875e-05,-13.75,HP,13-inch,8GB,Dell,14-inch,4GB
1,4.506111145019531e-05,-4.875,HP,13-inch,8GB,Dell,14-inch,8GB
1,3.62396240234375e-05,-1.125,HP,13-inch,8GB,Dell,14-inch,16GB
1,4.5299530029296875e-05,-11.125,HP,13-inch,8GB,Dell,16-inch,4GB
1,1.7762184143066406e-05,0.0,HP,13-inch,8GB,Dell,16-inch,8GB
1,3.528594970703125e-05,-1.0,HP,13-inch,8GB,Dell,16-inch,16GB
1,4.5299530029296875e-05,-12.875,HP,13-inch,8GB,Apple,13-inch,4GB
1,4.506111145019531e-05,-4.75,HP,13-inch,8GB,Apple,13-inch,8GB
1,4.5299530029296875e-05,-5.25,HP,13-inch,8GB,Apple,13-inch,16GB
1,4.5299530029296875e-05,-13.625,HP,13-inch,8GB,Apple,14-inch,4GB
1,4.5299530029296875e-05,-5.125,HP,13-inch,8GB,Apple,14-inch,8GB
1,4.5299530029296875e-05,-5.5,HP,13-inch,8GB,Apple,14-inch,16GB
1,4.5299530029296875e-05,-11.125,HP,13-inch,8GB,Apple,16-inch,4GB
1,4.482269287109375e-05,-4.25,HP,13-inch,8GB,Apple,16-inch,8GB
1,4.5299530029296875e-05,-5.375,HP,13-inch,8GB,Apple,16-inch,16GB
1,4.5299530029296875e-05,-9.5,HP,13-inch,16GB,ASUS,13-inch,4GB
1,4.5299530029296875e-05,-10.25,HP,13-inch,16GB,ASUS,13-inch,8GB
1,4.1961669921875e-05,-2.125,HP,13-inch,16GB,ASUS,13-inch,16GB
1,4.5299530029296875e-05,-10.5,HP,13-inch,16GB,ASUS,14-inch,4GB
1,4.5299530029296875e-05,-11.375,HP,13-inch,16GB,ASUS,14-inch,8GB
1,4.4345855712890625e-05,-3.375,HP,13-inch,16GB,ASUS,14-inch,16GB
1,4.5299530029296875e-05,-11.0,HP,13-inch,16GB,ASUS,16-inch,4GB
1,4.5299530029296875e-05,-8.5,HP,13-inch,16GB,ASUS,16-inch,8GB
1,0.0,0.5,HP,13-inch,16GB,ASUS,16-inch,16GB
1,4.5299530029296875e-05,-10.25,HP,13-inch,16GB,Lenovo,13-inch,4GB
1,4.5299530029296875e-05,-10.125,HP,13-inch,16GB,Lenovo,13-inch,8GB
1,4.482269287109375e-05,-3.75,HP,13-inch,16GB,Lenovo,13-inch,16GB
1,4.5299530029296875e-05,-10.875,HP,13-inch,16GB,Lenovo,14-inch,4GB
1,4.5299530029296875e-05,-11.125,HP,13-inch,16GB,Lenovo,14-inch,8GB
1,4.5299530029296875e-05,-5.125,HP,13-inch,16GB,Lenovo,14-inch,16GB
1,4.5299530029296875e-05,-11.25,HP,13-inch,16GB,Lenovo,16-inch,4GB
1,4.5299530029296875e-05,-8.75,HP,13-inch,16GB,Lenovo,16-inch,8GB
1,3.528594970703125e-05,-1.0,HP,13-inch,16GB,Lenovo,16-inch,16GB
1,4.5299530029296875e-05,-9.625,HP,13-inch,16GB,HP,13-inch,4GB
1,4.5299530029296875e-05,-9.5,HP,13-inch,16GB,HP,13-inch,8GB
1,4.5299530029296875e-05,-9.0,HP,13-inch,16GB,HP,14-inch,4GB
1,4.5299530029296875e-05,-10.875,HP,13-inch,16GB,HP,14-inch,8GB
1,4.5299530029296875e-05,-5.5,HP,13-inch,16GB,HP,14-inch,16GB
1,4.5299530029296875e-05,-11.375,HP,13-inch,16GB,HP,16-inch,4GB
1,4.5299530029296875e-05,-7.5,HP,13-inch,16GB,HP,16-inch,8GB
1,2.384185791015625e-05,-0.25,HP,13-inch,16GB,HP,16-inch,16GB
1,4.5299530029296875e-05,-11.375,HP,13-inch,16GB,Dell,13-inch,4GB
1,4.5299530029296875e-05,-11.0,HP,13-inch,16GB,Dell,13-inch,8GB
1,4.506111145019531e-05,-4.875,HP,13-inch,16GB,Dell,13-inch,16GB
1,4.5299530029296875e-05,-12.25,HP,13-inch,16GB,Dell,14-inch,4GB
1,4.5299530029296875e-05,-11.625,HP,13-inch,16GB,Dell,14-inch,8GB
1,4.5299530029296875e-05,-5.125,HP,13-inch,16GB,Dell,14-inch,16GB
1,4.5299530029296875e-05,-12.25,HP,13-inch,16GB,Dell,16-inch,4GB
1,4.5299530029296875e-05,-9.75,HP,13-inch,16GB,Dell,16-inch,8GB
1,4.38690185546875e-05,-3.0,HP,13-inch,16GB,Dell,16-inch,16GB
1,4.5299530029296875e-05,-11.5,HP,13-inch,16GB,Apple,13-inch,4GB
1,4.5299530029296875e-05,-9.75,HP,13-inch,16GB,Apple,13-inch,8GB
1,4.482269287109375e-05,-4.125,HP,13-inch,16GB,Apple,13-inch,16GB
1,4.5299530029296875e-05,-12.0,HP,13-inch,16GB,Apple,14-inch,4GB
1,4.5299530029296875e-05,-11.0,HP,13-inch,16GB,Apple,14-inch,8GB
1,4.5299530029296875e-05,-5.5,HP,13-inch,16GB,Apple,14-inch,16GB
1,4.5299530029296875e-05,-11.125,HP,13-inch,16GB,Apple,16-inch,4GB
1,4.5299530029296875e-05,-8.625,HP,13-inch,16GB,Apple,16-inch,8GB
1,4.5299530029296875e-05,-5.125,HP,13-inch,16GB,Apple,16-inch,16GB
1,4.5299530029296875e-05,-8.875,HP,14-inch,4GB,ASUS,13-inch,4GB
1,-6.0,10.5,HP,14-inch,4GB,ASUS,13-inch,8GB
1,-0.048583984375,7.4375,HP,14-inch,4GB,ASUS,13-inch,16GB
1,4.5299530029296875e-05,-5.25,HP,14-inch,4GB,ASUS,14-inch,4GB
1,-8.75,10.5,HP,14-inch,4GB,ASUS,14-inch,8GB
1,-0.008544921875,5.75,HP,14-inch,4GB,ASUS,14-inch,16GB
1,-0.0002899169921875,2.5,HP,14-inch,4GB,ASUS,16-inch,4GB
1,-9.25,10.5,HP,14-inch,4GB,ASUS,16-inch,8GB
1,-0.000385284423828125,2.75,HP,14-inch,4GB,ASUS,16-inch,16GB
1,4.5299530029296875e-05,-8.375,HP,14-inch,4GB,Lenovo,13-inch,4GB
1,-7.75,10.5,HP,14-inch,4GB,Lenovo,13-inch,8GB
1,-1.140625,10.125,HP,14-inch,4GB,Lenovo,13-inch,16GB
1,4.482269287109375e-05,-4.0,HP,14-inch,4GB,Lenovo,14-inch,4GB
1,-6.5,10.5,HP,14-inch,4GB,Lenovo,14-inch,8GB
1,-0.00518798828125,5.25,HP,14-inch,4GB,Lenovo,14-inch,16GB
1,-0.0002899169921875,2.5,HP,14-inch,4GB,Lenovo,16-inch,4GB
1,-8.75,10.5,HP,14-inch,4GB,Lenovo,16-inch,8GB
1,-0.00145721435546875,4.0,HP,14-inch,4GB,Lenovo,16-inch,16GB
1,4.5299530029296875e-05,-10.125,HP,14-inch,4GB,HP,13-inch,4GB
1,-9.25,10.5,HP,14-inch,4GB,HP,13-inch,8GB
1,-0.126953125,8.375,HP,14-inch,4GB,HP,13-inch,16GB
1,-0.000385284423828125,2.75,HP,14-inch,4GB,HP,14-inch,8GB
1,3.24249267578125e-05,-0.75,HP,14-inch,4GB,HP,14-inch,16GB
1,0.0,0.5,HP,14-inch,4GB,HP,16-inch,4GB
1,-8.5,10.5,HP,14-inch,4GB,HP,16-inch,8GB
1,-0.00145721435546875,4.0,HP,14-inch,4GB,HP,16-inch,16GB
1,4.5299530029296875e-05,-10.25,HP,14-inch,4GB,Dell,13-inch,4GB
1,-7.0,10.5,HP,14-inch,4GB,Dell,13-inch,8GB
1,-0.00188446044921875,4.25,HP,14-inch,4GB,Dell,13-inch,16GB
1,4.5299530029296875e-05,-7.5,HP,14-inch,4GB,Dell,14-inch,4GB
1,-3.53125,10.5,HP,14-inch,4GB,Dell,14-inch,8GB
1,-0.00011301040649414062,1.75,HP,14-inch,4GB,Dell,14-inch,16GB
1,-1.2874603271484375e-05,0.75,HP,14-inch,4GB,Dell,16-inch,4GB
1,-9.5,10.5,HP,14-inch,4GB,Dell,16-inch,8GB
1,-0.0002155303955078125,2.25,HP,14-inch,4GB,Dell,16-inch,16GB
1,4.5299530029296875e-05,-10.375,HP,14-inch,4GB,Apple,13-inch,4GB
1,-0.00011301040649414062,1.75,HP,14-inch,4GB,Apple,13-inch,8GB
1,-1.2874603271484375e-05,0.75,HP,14-inch,4GB,Apple,13-inch,16GB
1,4.5299530029296875e-05,-6.125,HP,14-inch,4GB,Apple,14-inch,4GB
1,-0.000385284423828125,2.75,HP,14-inch,4GB,Apple,14-inch,8GB
1,2.86102294921875e-05,-0.5,HP,14-inch,4GB,Apple,14-inch,16GB
1,4.482269287109375e-05,-3.75,HP,14-inch,4GB,Apple,16-inch,4GB
1,2.86102294921875e-05,-0.5,HP,14-inch,4GB,Apple,16-inch,8GB
1,2.86102294921875e-05,-0.5,HP,14-inch,4GB,Apple,16-inch,16GB
1,4.5299530029296875e-05,-11.625,HP,14-inch,8GB,ASUS,13-inch,4GB
1,4.506111145019531e-05,-5.0,HP,14-inch,8GB,ASUS,13-inch,8GB
1,1.7762184143066406e-05,0.0,HP,14-inch,8GB,ASUS,13-inch,16GB
1,4.5299530029296875e-05,-11.625,HP,14-inch,8GB,ASUS,14-inch,4GB
1,3.910064697265625e-05,-1.5,HP,14-inch,8GB,ASUS,14-inch,8GB
1,4.3392181396484375e-05,-2.625,HP,14-inch,8GB,ASUS,14-inch,16GB
1,4.5299530029296875e-05,-10.0,HP,14-inch,8GB,ASUS,16-inch,4GB
1,-2.956390380859375e-05,1.0,HP,14-inch,8GB,ASUS,16-inch,8GB
1,3.3855438232421875e-05,-0.875,HP,14-inch,8GB,ASUS,16-inch,16GB
1,4.5299530029296875e-05,-11.75,HP,14-inch,8GB,Lenovo,13-inch,4GB
1,4.5299530029296875e-05,-5.625,HP,14-inch,8GB,Lenovo,13-inch,8GB
1,1.7762184143066406e-05,0.0,HP,14-inch,8GB,Lenovo,13-inch,16GB
1,4.5299530029296875e-05,-12.0,HP,14-inch,8GB,Lenovo,14-inch,4GB
1,4.2438507080078125e-05,-2.25,HP,14-inch,8GB,Lenovo,14-inch,8GB
1,4.0531158447265625e-05,-1.75,HP,14-inch,8GB,Lenovo,14-inch,16GB
1,4.5299530029296875e-05,-9.875,HP,14-inch,8GB,Lenovo,16-inch,4GB
1,-1.2874603271484375e-05,0.75,HP,14-inch,8GB,Lenovo,16-inch,8GB
1,2.384185791015625e-05,-0.25,HP,14-inch,8GB,Lenovo,16-inch,16GB
1,4.5299530029296875e-05,-8.375,HP,14-inch,8GB,HP,13-inch,4GB
1,4.5299530029296875e-05,-6.375,HP,14-inch,8GB,HP,13-inch,8GB
1,3.910064697265625e-05,-1.5,HP,14-inch,8GB,HP,13-inch,16GB
1,4.5299530029296875e-05,-10.75,HP,14-inch,8GB,HP,14-inch,4GB
1,4.4345855712890625e-05,-3.5,HP,14-inch,8GB,HP,14-inch,16GB
1,4.5299530029296875e-05,-8.875,HP,14-inch,8GB,HP,16-inch,4GB
1,4.482269287109375e-05,-3.75,HP,14-inch,8GB,HP,16-inch,8GB
1,4.100799560546875e-05,-1.875,HP,14-inch,8GB,HP,16-inch,16GB
1,4.5299530029296875e-05,-13.0,HP,14-inch,8GB,Dell,13-inch,4GB
1,4.5299530029296875e-05,-5.75,HP,14-inch,8GB,Dell,13-inch,8GB
1,1.7762184143066406e-05,0.0,HP,14-inch,8GB,Dell,13-inch,16GB
1,4.5299530029296875e-05,-12.625,HP,14-inch,8GB,Dell,14-inch,4GB
1,4.4345855712890625e-05,-3.375,HP,14-inch,8GB,Dell,14-inch,8GB
1,4.1961669921875e-05,-2.125,HP,14-inch,8GB,Dell,14-inch,16GB
1,4.5299530029296875e-05,-10.875,HP,14-inch,8GB,Dell,16-inch,4GB
1,1.0013580322265625e-05,0.25,HP,14-inch,8GB,Dell,16-inch,8GB
1,3.24249267578125e-05,-0.75,HP,14-inch,8GB,Dell,16-inch,16GB
1,4.5299530029296875e-05,-12.75,HP,14-inch,8GB,Apple,13-inch,4GB
1,4.506111145019531e-05,-4.625,HP,14-inch,8GB,Apple,13-inch,8GB
1,4.482269287109375e-05,-4.125,HP,14-inch,8GB,Apple,13-inch,16GB
1,4.5299530029296875e-05,-12.25,HP,14-inch,8GB,Apple,14-inch,4GB
1,4.5299530029296875e-05,-5.25,HP,14-inch,8GB,Apple,14-inch,8GB
1,4.5299530029296875e-05,-5.375,HP,14-inch,8GB,Apple,14-inch,16GB
1,4.5299530029296875e-05,-10.75,HP,14-inch,8GB,Apple,16-inch,4GB
1,4.482269287109375e-05,-3.875,HP,14-inch,8GB,Apple,16-inch,8GB
1,4.506111145019531e-05,-4.875,HP,14-inch,8GB,Apple,16-inch,16GB
1,4.5299530029296875e-05,-9.875,HP,14-inch,16GB,ASUS,13-inch,4GB
1,4.5299530029296875e-05,-10.75,HP,14-inch,16GB,ASUS,13-inch,8GB
1,4.506111145019531e-05,-5.0,HP,14-inch,16GB,ASUS,13-inch,16GB
1,4.5299530029296875e-05,-9.875,HP,14-inch,16GB,ASUS,14-inch,4GB
1,4.5299530029296875e-05,-10.625,HP,14-inch,16GB,ASUS,14-inch,8GB
1,4.1484832763671875e-05,-2.0,HP,14-inch,16GB,ASUS,14-inch,16GB
1,4.5299530029296875e-05,-10.75,HP,14-inch,16GB,ASUS,16-inch,4GB
1,4.5299530029296875e-05,-8.75,HP,14-inch,16GB,ASUS,16-inch,8GB
1,3.743171691894531e-05,-1.25,HP,14-inch,16GB,ASUS,16-inch,16GB
1,4.5299530029296875e-05,-10.125,HP,14-inch,16GB,Lenovo,13-inch,4GB
1,4.5299530029296875e-05,-11.125,HP,14-inch,16GB,Lenovo,13-inch,8GB
1,4.5299530029296875e-05,-5.75,HP,14-inch,16GB,Lenovo,13-inch,16GB
1,4.5299530029296875e-05,-10.0,HP,14-inch,16GB,Lenovo,14-inch,4GB
1,4.5299530029296875e-05,-10.875,HP,14-inch,16GB,Lenovo,14-inch,8GB
1,4.4345855712890625e-05,-3.375,HP,14-inch,16GB,Lenovo,14-inch,16GB
1,4.5299530029296875e-05,-10.875,HP,14-inch,16GB,Lenovo,16-inch,4GB
1,4.5299530029296875e-05,-9.375,HP,14-inch,16GB,Lenovo,16-inch,8GB
1,4.291534423828125e-05,-2.5,HP,14-inch,16GB,Lenovo,16-inch,16GB
1,4.5299530029296875e-05,-7.5,HP,14-inch,16GB,HP,13-inch,4GB
1,4.5299530029296875e-05,-9.5,HP,14-inch,16GB,HP,13-inch,8GB
1,4.5299530029296875e-05,-7.25,HP,14-inch,16GB,HP,13-inch,16GB
1,4.5299530029296875e-05,-9.25,HP,14-inch,16GB,HP,14-inch,4GB
1,4.5299530029296875e-05,-10.25,HP,14-inch,16GB,HP,14-inch,8GB
1,4.5299530029296875e-05,-10.75,HP,14-inch,16GB,HP,16-inch,4GB
1,4.5299530029296875e-05,-10.5,HP,14-inch,16GB,HP,16-inch,8GB
1,-1.2874603271484375e-05,0.75,HP,14-inch,16GB,HP,16-inch,16GB
1,4.5299530029296875e-05,-11.25,HP,14-inch,16GB,Dell,13-inch,4GB
1,4.5299530029296875e-05,-11.5,HP,14-inch,16GB,Dell,13-inch,8GB
1,4.5299530029296875e-05,-6.125,HP,14-inch,16GB,Dell,13-inch,16GB
1,4.5299530029296875e-05,-11.125,HP,14-inch,16GB,Dell,14-inch,4GB
1,4.5299530029296875e-05,-11.625,HP,14-inch,16GB,Dell,14-inch,8GB
1,4.482269287109375e-05,-3.875,HP,14-inch,16GB,Dell,14-inch,16GB
1,4.5299530029296875e-05,-11.875,HP,14-inch,16GB,Dell,16-inch,4GB
1,4.5299530029296875e-05,-10.25,HP,14-inch,16GB,Dell,16-inch,8GB
1,4.482269287109375e-05,-4.0,HP,14-inch,16GB,Dell,16-inch,16GB
1,4.5299530029296875e-05,-11.125,HP,14-inch,16GB,Apple,13-inch,4GB
1,4.5299530029296875e-05,-11.0,HP,14-inch,16GB,Apple,13-inch,8GB
1,4.5299530029296875e-05,-5.25,HP,14-inch,16GB,Apple,13-inch,16GB
1,4.5299530029296875e-05,-11.0,HP,14-inch,16GB,Apple,14-inch,4GB
1,4.5299530029296875e-05,-10.625,HP,14-inch,16GB,Apple,14-inch,8GB
1,4.482269287109375e-05,-4.5,HP,14-inch,16GB,Apple,14-inch,16GB
1,4.5299530029296875e-05,-11.0,HP,14-inch,16GB,Apple,16-inch,4GB
1,4.5299530029296875e-05,-9.125,HP,14-inch,16GB,Apple,16-inch,8GB
1,4.5299530029296875e-05,-5.875,HP,14-inch,16GB,Apple,16-inch,16GB
1,4.5299530029296875e-05,-11.75,HP,16-inch,4GB,ASUS,13-inch,4GB
1,-7.772445678710938e-05,1.5,HP,16-inch,4GB,ASUS,13-inch,8GB
1,4.410743713378906e-05,-3.125,HP,16-inch,4GB,ASUS,13-inch,16GB
1,4.5299530029296875e-05,-13.25,HP,16-inch,4GB,ASUS,14-inch,4GB
1,0.0,0.5,HP,16-inch,4GB,ASUS,14-inch,8GB
1,4.506111145019531e-05,-4.625,HP,16-inch,4GB,ASUS,14-inch,16GB
1,4.5299530029296875e-05,-5.625,HP,16-inch,4GB,ASUS,16-inch,4GB
1,-0.0001583099365234375,2.0,HP,16-inch,4GB,ASUS,16-inch,8GB
1,4.3392181396484375e-05,-2.75,HP,16-inch,4GB,ASUS,16-inch,16GB
1,4.5299530029296875e-05,-12.75,HP,16-inch,4GB,Lenovo,13-inch,4GB
1,-0.000507354736328125,3.0,HP,16-inch,4GB,Lenovo,13-inch,8GB
1,4.4345855712890625e-05,-3.5,HP,16-inch,4GB,Lenovo,13-inch,16GB
1,4.5299530029296875e-05,-13.125,HP,16-inch,4GB,Lenovo,14-inch,4GB
1,-1.2874603271484375e-05,0.75,HP,16-inch,4GB,Lenovo,14-inch,8GB
1,4.5299530029296875e-05,-5.375,HP,16-inch,4GB,Lenovo,14-inch,16GB
1,4.5299530029296875e-05,-5.375,HP,16-inch,4GB,Lenovo,16-inch,4GB
1,-0.0001583099365234375,2.0,HP,16-inch,4GB,Lenovo,16-inch,8GB
1,4.2438507080078125e-05,-2.25,HP,16-inch,4GB,Lenovo,16-inch,16GB
1,4.5299530029296875e-05,-17.625,HP,16-inch,4GB,HP,13-inch,4GB
1,-4.75,10.5,HP,16-inch,4GB,HP,13-inch,8GB
1,4.3392181396484375e-05,-2.75,HP,16-inch,4GB,HP,13-inch,16GB
1,4.5299530029296875e-05,-16.125,HP,16-inch,4GB,HP,14-inch,4GB
1,-0.38671875,9.375,HP,16-inch,4GB,HP,14-inch,8GB
1,4.482269287109375e-05,-4.0,HP,16-inch,4GB,HP,14-inch,16GB
1,-2.956390380859375e-05,1.0,HP,16-inch,4GB,HP,16-inch,8GB
1,4.4345855712890625e-05,-3.375,HP,16-inch,4GB,HP,16-inch,16GB
1,4.5299530029296875e-05,-12.625,HP,16-inch,4GB,Dell,13-inch,4GB
1,-0.000385284423828125,2.75,HP,16-inch,4GB,Dell,13-inch,8GB
1,4.482269287109375e-05,-4.5,HP,16-inch,4GB,Dell,13-inch,16GB
1,4.5299530029296875e-05,-13.375,HP,16-inch,4GB,Dell,14-inch,4GB
1,-5.054473876953125e-05,1.25,HP,16-inch,4GB,Dell,14-inch,8GB
1,4.5299530029296875e-05,-6.25,HP,16-inch,4GB,Dell,14-inch,16GB
1,4.5299530029296875e-05,-8.75,HP,16-inch,4GB,Dell,16-inch,4GB
1,-0.0001583099365234375,2.0,HP,16-inch,4GB,Dell,16-inch,8GB
1,4.482269287109375e-05,-4.0,HP,16-inch,4GB,Dell,16-inch,16GB
1,4.5299530029296875e-05,-12.0,HP,16-inch,4GB,Apple,13-inch,4GB
1,3.910064697265625e-05,-1.5,HP,16-inch,4GB,Apple,13-inch,8GB
1,4.506111145019531e-05,-4.75,HP,16-inch,4GB,Apple,13-inch,16GB
1,4.5299530029296875e-05,-13.25,HP,16-inch,4GB,Apple,14-inch,4GB
1,4.482269287109375e-05,-4.25,HP,16-inch,4GB,Apple,14-inch,8GB
1,4.5299530029296875e-05,-5.75,HP,16-inch,4GB,Apple,14-inch,16GB
1,4.5299530029296875e-05,-9.25,HP,16-inch,4GB,Apple,16-inch,4GB
1,4.291534423828125e-05,-2.5,HP,16-inch,4GB,Apple,16-inch,8GB
1,4.5299530029296875e-05,-6.5,HP,16-inch,4GB,Apple,16-inch,16GB
1,4.5299530029296875e-05,-9.75,HP,16-inch,8GB,ASUS,13-inch,4GB
1,4.482269287109375e-05,-4.375,HP,16-inch,8GB,ASUS,13-inch,8GB
1,-0.00011301040649414062,1.75,HP,16-inch,8GB,ASUS,13-inch,16GB
1,4.5299530029296875e-05,-9.375,HP,16-inch,8GB,ASUS,14-inch,4GB
1,4.482269287109375e-05,-4.0,HP,16-inch,8GB,ASUS,14-inch,8GB
1,-0.00011301040649414062,1.75,HP,16-inch,8GB,ASUS,14-inch,16GB
1,4.5299530029296875e-05,-10.0,HP,16-inch,8GB,ASUS,16-inch,4GB
1,1.7762184143066406e-05,0.0,HP,16-inch,8GB,ASUS,16-inch,8GB
1,1.7762184143066406e-05,0.0,HP,16-inch,8GB,ASUS,16-inch,16GB
1,4.5299530029296875e-05,-10.0,HP,16-inch,8GB,Lenovo,13-inch,4GB
1,4.506111145019531e-05,-4.875,HP,16-inch,8GB,Lenovo,13-inch,8GB
1,-0.0002155303955078125,2.25,HP,16-inch,8GB,Lenovo,13-inch,16GB
1,4.5299530029296875e-05,-10.125,HP,16-inch,8GB,Lenovo,14-inch,4GB
1,4.506111145019531e-05,-4.75,HP,16-inch,8GB,Lenovo,14-inch,8GB
1,-0.00011301040649414062,1.75,HP,16-inch,8GB,Lenovo,14-inch,16GB
1,4.5299530029296875e-05,-10.0,HP,16-inch,8GB,Lenovo,16-inch,4GB
1,2.384185791015625e-05,-0.25,HP,16-inch,8GB,Lenovo,16-inch,8GB
1,-5.054473876953125e-05,1.25,HP,16-inch,8GB,Lenovo,16-inch,16GB
1,4.5299530029296875e-05,-7.5,HP,16-inch,8GB,HP,13-inch,4GB
1,4.5299530029296875e-05,-5.375,HP,16-inch,8GB,HP,13-inch,8GB
1,-2.956390380859375e-05,1.0,HP,16-inch,8GB,HP,13-inch,16GB
1,4.5299530029296875e-05,-6.125,HP,16-inch,8GB,HP,14-inch,4GB
1,4.5299530029296875e-05,-8.5,HP,16-inch,8GB,HP,14-inch,8GB
1,-7.772445678710938e-05,1.5,HP,16-inch,8GB,HP,14-inch,16GB
1,4.5299530029296875e-05,-8.875,HP,16-inch,8GB,HP,16-inch,4GB
1,1.7762184143066406e-05,0.0,HP,16-inch,8GB,HP,16-inch,16GB
1,4.5299530029296875e-05,-10.625,HP,16-inch,8GB,Dell,13-inch,4GB
1,4.5299530029296875e-05,-5.25,HP,16-inch,8GB,Dell,13-inch,8GB
1,-7.772445678710938e-05,1.5,HP,16-inch,8GB,Dell,13-inch,16GB
1,4.5299530029296875e-05,-11.125,HP,16-inch,8GB,Dell,14-inch,4GB
1,4.506111145019531e-05,-4.875,HP,16-inch,8GB,Dell,14-inch,8GB
1,-7.772445678710938e-05,1.5,HP,16-inch,8GB,Dell,14-inch,16GB
1,4.5299530029296875e-05,-10.5,HP,16-inch,8GB,Dell,16-inch,4GB
1,3.743171691894531e-05,-1.25,HP,16-inch,8GB,Dell,16-inch,8GB
1,1.0013580322265625e-05,0.25,HP,16-inch,8GB,Dell,16-inch,16GB
1,4.5299530029296875e-05,-11.375,HP,16-inch,8GB,Apple,13-inch,4GB
1,4.506111145019531e-05,-4.625,HP,16-inch,8GB,Apple,13-inch,8GB
1,4.38690185546875e-05,-3.0,HP,16-inch,8GB,Apple,13-inch,16GB
1,4.5299530029296875e-05,-12.125,HP,16-inch,8GB,Apple,14-inch,4GB
1,4.506111145019531e-05,-4.875,HP,16-inch,8GB,Apple,14-inch,8GB
1,4.482269287109375e-05,-4.0,HP,16-inch,8GB,Apple,14-inch,16GB
1,4.5299530029296875e-05,-12.125,HP,16-inch,8GB,Apple,16-inch,4GB
1,4.506111145019531e-05,-5.0,HP,16-inch,8GB,Apple,16-inch,8GB
1,4.506111145019531e-05,-4.625,HP,16-inch,8GB,Apple,16-inch,16GB
1,4.5299530029296875e-05,-6.75,HP,16-inch,16GB,ASUS,13-inch,4GB
1,4.5299530029296875e-05,-7.0,HP,16-inch,16GB,ASUS,13-inch,8GB
1,-6.198883056640625e-06,0.625,HP,16-inch,16GB,ASUS,13-inch,16GB
1,4.5299530029296875e-05,-6.25,HP,16-inch,16GB,ASUS,14-inch,4GB
1,4.5299530029296875e-05,-7.375,HP,16-inch,16GB,ASUS,14-inch,8GB
1,2.09808349609375e-05,-0.125,HP,16-inch,16GB,ASUS,14-inch,16GB
1,4.5299530029296875e-05,-7.875,HP,16-inch,16GB,ASUS,16-inch,4GB
1,4.5299530029296875e-05,-6.875,HP,16-inch,16GB,ASUS,16-inch,8GB
1,-1.2874603271484375e-05,0.75,HP,16-inch,16GB,ASUS,16-inch,16GB
1,4.5299530029296875e-05,-7.0,HP,16-inch,16GB,Lenovo,13-inch,4GB
1,4.5299530029296875e-05,-7.5,HP,16-inch,16GB,Lenovo,13-inch,8GB
1,3.0517578125e-05,-0.625,HP,16-inch,16GB,Lenovo,13-inch,16GB
1,4.5299530029296875e-05,-6.5,HP,16-inch,16GB,Lenovo,14-inch,4GB
1,4.5299530029296875e-05,-8.0,HP,16-inch,16GB,Lenovo,14-inch,8GB
1,3.24249267578125e-05,-0.75,HP,16-inch,16GB,Lenovo,14-inch,16GB
1,4.5299530029296875e-05,-8.25,HP,16-inch,16GB,Lenovo,16-inch,4GB
1,4.5299530029296875e-05,-6.875,HP,16-inch,16GB,Lenovo,16-inch,8GB
1,2.384185791015625e-05,-0.25,HP,16-inch,16GB,Lenovo,16-inch,16GB
1,4.5299530029296875e-05,-5.25,HP,16-inch,16GB,HP,13-inch,4GB
1,4.5299530029296875e-05,-7.25,HP,16-inch,16GB,HP,13-inch,8GB
1,3.743171691894531e-05,-1.25,HP,16-inch,16GB,HP,13-inch,16GB
1,4.3392181396484375e-05,-2.75,HP,16-inch,16GB,HP,14-inch,4GB
1,4.5299530029296875e-05,-6.25,HP,16-inch,16GB,HP,14-inch,8GB
1,4.1484832763671875e-05,-2.0,HP,16-inch,16GB,HP,14-inch,16GB
1,4.5299530029296875e-05,-6.5,HP,16-inch,16GB,HP,16-inch,4GB
1,4.506111145019531e-05,-5.0,HP,16-inch,16GB,HP,16-inch,8GB
1,4.5299530029296875e-05,-8.75,HP,16-inch,16GB,Dell,13-inch,4GB
1,4.5299530029296875e-05,-8.375,HP,16-inch,16GB,Dell,13-inch,8GB
1,3.3855438232421875e-05,-0.875,HP,16-inch,16GB,Dell,13-inch,16GB
1,4.5299530029296875e-05,-8.0,HP,16-inch,16GB,Dell,14-inch,4GB
1,4.5299530029296875e-05,-8.375,HP,16-inch,16GB,Dell,14-inch,8GB
1,3.24249267578125e-05,-0.75,HP,16-inch,16GB,Dell,14-inch,16GB
1,4.5299530029296875e-05,-9.75,HP,16-inch,16GB,Dell,16-inch,4GB
1,4.5299530029296875e-05,-7.5,HP,16-inch,16GB,Dell,16-inch,8GB
1,3.24249267578125e-05,-0.75,HP,16-inch,16GB,Dell,16-inch,16GB
1,4.5299530029296875e-05,-8.75,HP,16-inch,16GB,Apple,13-inch,4GB
1,4.5299530029296875e-05,-8.25,HP,16-inch,16GB,Apple,13-inch,8GB
1,4.3392181396484375e-05,-2.75,HP,16-inch,16GB,Apple,13-inch,16GB
1,4.5299530029296875e-05,-8.75,HP,16-inch,16GB,Apple,14-inch,4GB
1,4.5299530029296875e-05,-9.125,HP,16-inch,16GB,Apple,14-inch,8GB
1,4.4345855712890625e-05,-3.25,HP,16-inch,16GB,Apple,14-inch,16GB
1,4.5299530029296875e-05,-10.375,HP,16-inch,16GB,Apple,16-inch,4GB
1,4.5299530029296875e-05,-8.25,HP,16-inch,16GB,Apple,16-inch,8GB
1,4.482269287109375e-05,-4.0,HP,16-inch,16GB,Apple,16-inch,16GB
1,4.5299530029296875e-05,-7.5,Dell,13-inch,4GB,ASUS,13-inch,4GB
1,-0.00518798828125,5.25,Dell,13-inch,4GB,ASUS,13-inch,8GB
1,-5.054473876953125e-05,1.25,Dell,13-inch,4GB,ASUS,13-inch,16GB
1,4.5299530029296875e-05,-7.375,Dell,13-inch,4GB,ASUS,14-inch,4GB
1,-8.75,10.5,Dell,13-inch,4GB,ASUS,14-inch,8GB
1,-0.01409912109375,6.25,Dell,13-inch,4GB,ASUS,14-inch,16GB
1,0.0,0.5,Dell,13-inch,4GB,ASUS,16-inch,4GB
1,-0.01409912109375,6.25,Dell,13-inch,4GB,ASUS,16-inch,8GB
1,-7.772445678710938e-05,1.5,Dell,13-inch,4GB,ASUS,16-inch,16GB
1,4.5299530029296875e-05,-9.25,Dell,13-inch,4GB,Lenovo,13-inch,4GB
1,-0.010986328125,6.0,Dell,13-inch,4GB,Lenovo,13-inch,8GB
1,-0.00011301040649414062,1.75,Dell,13-inch,4GB,Lenovo,13-inch,16GB
1,4.5299530029296875e-05,-8.125,Dell,13-inch,4GB,Lenovo,14-inch,4GB
1,-0.82421875,9.9375,Dell,13-inch,4GB,Lenovo,14-inch,8GB
1,-0.00145721435546875,4.0,Dell,13-inch,4GB,Lenovo,14-inch,16GB
1,1.7762184143066406e-05,0.0,Dell,13-inch,4GB,Lenovo,16-inch,4GB
1,-0.0024261474609375,4.5,Dell,13-inch,4GB,Lenovo,16-inch,8GB
1,-0.0001583099365234375,2.0,Dell,13-inch,4GB,Lenovo,16-inch,16GB
1,4.5299530029296875e-05,-13.0,Dell,13-inch,4GB,HP,13-inch,4GB
1,-0.0002899169921875,2.5,Dell,13-inch,4GB,HP,13-inch,8GB
1,0.0,0.5,Dell,13-inch,4GB,HP,13-inch,16GB
1,4.5299530029296875e-05,-9.75,Dell,13-inch,4GB,HP,14-inch,4GB
1,-5.5,10.5,Dell,13-inch,4GB,HP,14-inch,8GB
1,-0.00066375732421875,3.25,Dell,13-inch,4GB,HP,14-inch,16GB
1,4.410743713378906e-05,-3.125,Dell,13-inch,4GB,HP,16-inch,4GB
1,-0.006683349609375,5.5,Dell,13-inch,4GB,HP,16-inch,8GB
1,-7.772445678710938e-05,1.5,Dell,13-inch,4GB,HP,16-inch,16GB
1,-2.956390380859375e-05,1.0,Dell,13-inch,4GB,Dell,13-inch,8GB
1,4.38690185546875e-05,-3.0,Dell,13-inch,4GB,Dell,13-inch,16GB
1,4.5299530029296875e-05,-6.75,Dell,13-inch,4GB,Dell,14-inch,4GB
1,-10.75,10.5,Dell,13-inch,4GB,Dell,14-inch,8GB
1,-0.0024261474609375,4.5,Dell,13-inch,4GB,Dell,14-inch,16GB
1,-1.2874603271484375e-05,0.75,Dell,13-inch,4GB,Dell,16-inch,4GB
1,-0.006683349609375,5.5,Dell,13-inch,4GB,Dell,16-inch,8GB
1,-0.00011301040649414062,1.75,Dell,13-inch,4GB,Dell,16-inch,16GB
1,4.5299530029296875e-05,-8.125,Dell,13-inch,4GB,Apple,13-inch,4GB
1,0.0,0.5,Dell,13-inch,4GB,Apple,13-inch,8GB
1,3.910064697265625e-05,-1.5,Dell,13-inch,4GB,Apple,13-inch,16GB
1,4.5299530029296875e-05,-9.75,Dell,13-inch,4GB,Apple,14-inch,4GB
1,-2.956390380859375e-05,1.0,Dell,13-inch,4GB,Apple,14-inch,8GB
1,1.0013580322265625e-05,0.25,Dell,13-inch,4GB,Apple,14-inch,16GB
1,4.482269287109375e-05,-4.25,Dell,13-inch,4GB,Apple,16-inch,4GB
1,4.482269287109375e-05,-4.0,Dell,13-inch,4GB,Apple,16-inch,8GB
1,4.3392181396484375e-05,-2.75,Dell,13-inch,4GB,Apple,16-inch,16GB
1,4.5299530029296875e-05,-12.25,Dell,13-inch,8GB,ASUS,13-inch,4GB
1,4.3392181396484375e-05,-2.75,Dell,13-inch,8GB,ASUS,13-inch,8GB
1,4.38690185546875e-05,-3.0,Dell,13-inch,8GB,ASUS,13-inch,16GB
1,4.5299530029296875e-05,-12.0,Dell,13-inch,8GB,ASUS,14-inch,4GB
1,4.410743713378906e-05,-3.125,Dell,13-inch,8GB,ASUS,14-inch,8GB
1,4.0531158447265625e-05,-1.75,Dell,13-inch,8GB,ASUS,14-inch,16GB
1,4.5299530029296875e-05,-9.375,Dell,13-inch,8GB,ASUS,16-inch,4GB
1,1.7762184143066406e-05,0.0,Dell,13-inch,8GB,ASUS,16-inch,8GB
1,4.1961669921875e-05,-2.125,Dell,13-inch,8GB,ASUS,16-inch,16GB
1,4.5299530029296875e-05,-12.75,Dell,13-inch,8GB,Lenovo,13-inch,4GB
1,4.4345855712890625e-05,-3.5,Dell,13-inch,8GB,Lenovo,13-inch,8GB
1,4.3392181396484375e-05,-2.625,Dell,13-inch,8GB,Lenovo,13-inch,16GB
1,4.5299530029296875e-05,-12.0,Dell,13-inch,8GB,Lenovo,14-inch,4GB
1,4.482269287109375e-05,-4.125,Dell,13-inch,8GB,Lenovo,14-inch,8GB
1,3.528594970703125e-05,-1.0,Dell,13-inch,8GB,Lenovo,14-inch,16GB
1,4.5299530029296875e-05,-10.0,Dell,13-inch,8GB,Lenovo,16-inch,4GB
1,2.86102294921875e-05,-0.5,Dell,13-inch,8GB,Lenovo,16-inch,8GB
1,3.743171691894531e-05,-1.25,Dell,13-inch,8GB,Lenovo,16-inch,16GB
1,4.5299530029296875e-05,-13.625,Dell,13-inch,8GB,HP,13-inch,4GB
1,4.506111145019531e-05,-4.875,Dell,13-inch,8GB,HP,13-inch,8GB
1,4.4345855712890625e-05,-3.25,Dell,13-inch,8GB,HP,13-inch,16GB
1,4.5299530029296875e-05,-13.125,Dell,13-inch,8GB,HP,14-inch,4GB
1,4.506111145019531e-05,-4.625,Dell,13-inch,8GB,HP,14-inch,8GB
1,4.1484832763671875e-05,-2.0,Dell,13-inch,8GB,HP,14-inch,16GB
1,4.5299530029296875e-05,-10.375,Dell,13-inch,8GB,HP,16-inch,4GB
1,4.1484832763671875e-05,-2.0,Dell,13-inch,8GB,HP,16-inch,8GB
1,4.291534423828125e-05,-2.375,Dell,13-inch,8GB,HP,16-inch,16GB
1,4.5299530029296875e-05,-11.5,Dell,13-inch,8GB,Dell,13-inch,4GB
1,4.482269287109375e-05,-3.75,Dell,13-inch,8GB,Dell,13-inch,16GB
1,4.5299530029296875e-05,-9.875,Dell,13-inch,8GB,Dell,14-inch,4GB
1,4.3392181396484375e-05,-2.75,Dell,13-inch,8GB,Dell,14-inch,8GB
1,4.1484832763671875e-05,-2.0,Dell,13-inch,8GB,Dell,14-inch,16GB
1,4.5299530029296875e-05,-8.125,Dell,13-inch,8GB,Dell,16-inch,4GB
1,4.482269287109375e-05,-4.5,Dell,13-inch,8GB,Dell,16-inch,8GB
1,4.482269287109375e-05,-4.0,Dell,13-inch,8GB,Dell,16-inch,16GB
1,4.5299530029296875e-05,-13.25,Dell,13-inch,8GB,Apple,13-inch,4GB
1,4.506111145019531e-05,-4.875,Dell,13-inch,8GB,Apple,13-inch,8GB
1,4.5299530029296875e-05,-5.75,Dell,13-inch,8GB,Apple,13-inch,16GB
1,4.5299530029296875e-05,-13.375,Dell,13-inch,8GB,Apple,14-inch,4GB
1,4.506111145019531e-05,-4.875,Dell,13-inch,8GB,Apple,14-inch,8GB
1,4.5299530029296875e-05,-5.25,Dell,13-inch,8GB,Apple,14-inch,16GB
1,4.5299530029296875e-05,-10.5,Dell,13-inch,8GB,Apple,16-inch,4GB
1,4.5299530029296875e-05,-6.625,Dell,13-inch,8GB,Apple,16-inch,8GB
1,4.5299530029296875e-05,-5.75,Dell,13-inch,8GB,Apple,16-inch,16GB
1,4.5299530029296875e-05,-10.125,Dell,13-inch,16GB,ASUS,13-inch,4GB
1,4.5299530029296875e-05,-10.5,Dell,13-inch,16GB,ASUS,13-inch,8GB
1,4.100799560546875e-05,-1.875,Dell,13-inch,16GB,ASUS,13-inch,16GB
1,4.5299530029296875e-05,-10.0,Dell,13-inch,16GB,ASUS,14-inch,4GB
1,4.5299530029296875e-05,-10.5,Dell,13-inch,16GB,ASUS,14-inch,8GB
1,4.3392181396484375e-05,-2.625,Dell,13-inch,16GB,ASUS,14-inch,16GB
1,4.5299530029296875e-05,-10.625,Dell,13-inch,16GB,ASUS,16-inch,4GB
1,4.5299530029296875e-05,-8.375,Dell,13-inch,16GB,ASUS,16-inch,8GB
1,3.24249267578125e-05,-0.75,Dell,13-inch,16GB,ASUS,16-inch,16GB
1,4.5299530029296875e-05,-10.375,Dell,13-inch,16GB,Lenovo,13-inch,4GB
1,4.5299530029296875e-05,-10.5,Dell,13-inch,16GB,Lenovo,13-inch,8GB
1,4.482269287109375e-05,-4.125,Dell,13-inch,16GB,Lenovo,13-inch,16GB
1,4.5299530029296875e-05,-10.5,Dell,13-inch,16GB,Lenovo,14-inch,4GB
1,4.5299530029296875e-05,-10.5,Dell,13-inch,16GB,Lenovo,14-inch,8GB
1,4.506111145019531e-05,-4.875,Dell,13-inch,16GB,Lenovo,14-inch,16GB
1,4.5299530029296875e-05,-10.875,Dell,13-inch,16GB,Lenovo,16-inch,4GB
1,4.5299530029296875e-05,-8.5,Dell,13-inch,16GB,Lenovo,16-inch,8GB
1,4.1484832763671875e-05,-2.0,Dell,13-inch,16GB,Lenovo,16-inch,16GB
1,4.5299530029296875e-05,-10.875,Dell,13-inch,16GB,HP,13-inch,4GB
1,4.5299530029296875e-05,-11.75,Dell,13-inch,16GB,HP,13-inch,8GB
1,4.506111145019531e-05,-5.0,Dell,13-inch,16GB,HP,13-inch,16GB
1,4.5299530029296875e-05,-11.0,Dell,13-inch,16GB,HP,14-inch,4GB
1,4.5299530029296875e-05,-11.0,Dell,13-inch,16GB,HP,14-inch,8GB
1,4.506111145019531e-05,-4.75,Dell,13-inch,16GB,HP,14-inch,16GB
1,4.5299530029296875e-05,-11.5,Dell,13-inch,16GB,HP,16-inch,4GB
1,4.5299530029296875e-05,-9.5,Dell,13-inch,16GB,HP,16-inch,8GB
1,4.38690185546875e-05,-3.0,Dell,13-inch,16GB,HP,16-inch,16GB
1,4.5299530029296875e-05,-10.125,Dell,13-inch,16GB,Dell,13-inch,4GB
1,4.5299530029296875e-05,-9.75,Dell,13-inch,16GB,Dell,13-inch,8GB
1,4.5299530029296875e-05,-8.75,Dell,13-inch,16GB,Dell,14-inch,4GB
1,4.5299530029296875e-05,-10.5,Dell,13-inch,16GB,Dell,14-inch,8GB
1,4.506111145019531e-05,-4.75,Dell,13-inch,16GB,Dell,14-inch,16GB
1,4.5299530029296875e-05,-10.625,Dell,13-inch,16GB,Dell,16-inch,4GB
1,4.5299530029296875e-05,-6.875,Dell,13-inch,16GB,Dell,16-inch,8GB
1,1.0013580322265625e-05,0.25,Dell,13-inch,16GB,Dell,16-inch,16GB
1,4.5299530029296875e-05,-11.875,Dell,13-inch,16GB,Apple,13-inch,4GB
1,4.5299530029296875e-05,-10.375,Dell,13-inch,16GB,Apple,13-inch,8GB
1,4.482269287109375e-05,-3.75,Dell,13-inch,16GB,Apple,13-inch,16GB
1,4.5299530029296875e-05,-11.75,Dell,13-inch,16GB,Apple,14-inch,4GB
1,4.5299530029296875e-05,-11.0,Dell,13-inch,16GB,Apple,14-inch,8GB
1,4.5299530029296875e-05,-5.625,Dell,13-inch,16GB,Apple,14-inch,16GB
1,4.5299530029296875e-05,-11.125,Dell,13-inch,16GB,Apple,16-inch,4GB
1,4.5299530029296875e-05,-8.75,Dell,13-inch,16GB,Apple,16-inch,8GB
1,4.5299530029296875e-05,-6.125,Dell,13-inch,16GB,Apple,16-inch,16GB
1,4.5299530029296875e-05,-10.5,Dell,14-inch,4GB,ASUS,13-inch,4GB
1,-0.02978515625,6.96875,Dell,14-inch,4GB,ASUS,13-inch,8GB
1,-0.0024261474609375,4.5,Dell,14-inch,4GB,ASUS,13-inch,16GB
1,4.5299530029296875e-05,-7.5,Dell,14-inch,4GB,ASUS,14-inch,4GB
1,-0.16015625,8.5625,Dell,14-inch,4GB,ASUS,14-inch,8GB
1,-0.0001583099365234375,2.0,Dell,14-inch,4GB,ASUS,14-inch,16GB
1,-2.956390380859375e-05,1.0,Dell,14-inch,4GB,ASUS,16-inch,4GB
1,-7.0,10.5,Dell,14-inch,4GB,ASUS,16-inch,8GB
1,-0.00011301040649414062,1.75,Dell,14-inch,4GB,ASUS,16-inch,16GB
1,4.5299530029296875e-05,-10.375,Dell,14-inch,4GB,Lenovo,13-inch,4GB
1,-0.0791015625,7.9375,Dell,14-inch,4GB,Lenovo,13-inch,8GB
1,-0.0031280517578125,4.75,Dell,14-inch,4GB,Lenovo,13-inch,16GB
1,4.5299530029296875e-05,-8.5,Dell,14-inch,4GB,Lenovo,14-inch,4GB
1,-0.0024261474609375,4.5,Dell,14-inch,4GB,Lenovo,14-inch,8GB
1,-0.00066375732421875,3.25,Dell,14-inch,4GB,Lenovo,14-inch,16GB
1,0.0,0.5,Dell,14-inch,4GB,Lenovo,16-inch,4GB
1,-3.53125,10.5,Dell,14-inch,4GB,Lenovo,16-inch,8GB
1,-0.0002899169921875,2.5,Dell,14-inch,4GB,Lenovo,16-inch,16GB
1,4.5299530029296875e-05,-12.0,Dell,14-inch,4GB,HP,13-inch,4GB
1,-0.0031280517578125,4.75,Dell,14-inch,4GB,HP,13-inch,8GB
1,-0.000507354736328125,3.0,Dell,14-inch,4GB,HP,13-inch,16GB
1,4.5299530029296875e-05,-12.375,Dell,14-inch,4GB,HP,14-inch,4GB
1,-0.00066375732421875,3.25,Dell,14-inch,4GB,HP,14-inch,8GB
1,-0.00011301040649414062,1.75,Dell,14-inch,4GB,HP,14-inch,16GB
1,4.2438507080078125e-05,-2.25,Dell,14-inch,4GB,HP,16-inch,4GB
1,-8.0,10.5,Dell,14-inch,4GB,HP,16-inch,8GB
1,-0.00011301040649414062,1.75,Dell,14-inch,4GB,HP,16-inch,16GB
1,4.5299530029296875e-05,-10.125,Dell,14-inch,4GB,Dell,13-inch,4GB
1,-7.0,10.5,Dell,14-inch,4GB,Dell,13-inch,8GB
1,-0.0024261474609375,4.5,Dell,14-inch,4GB,Dell,13-inch,16GB
1,-0.0001583099365234375,2.0,Dell,14-inch,4GB,Dell,14-inch,8GB
1,3.743171691894531e-05,-1.25,Dell,14-inch,4GB,Dell,14-inch,16GB
1,-7.772445678710938e-05,1.5,Dell,14-inch,4GB,Dell,16-inch,4GB
1,-6.25,10.5,Dell,14-inch,4GB,Dell,16-inch,8GB
1,-0.00112152099609375,3.75,Dell,14-inch,4GB,Dell,16-inch,16GB
1,4.5299530029296875e-05,-11.75,Dell,14-inch,4GB,Apple,13-inch,4GB
1,-1.2874603271484375e-05,0.75,Dell,14-inch,4GB,Apple,13-inch,8GB
1,1.0013580322265625e-05,0.25,Dell,14-inch,4GB,Apple,13-inch,16GB
1,4.5299530029296875e-05,-7.25,Dell,14-inch,4GB,Apple,14-inch,4GB
1,-2.956390380859375e-05,1.0,Dell,14-inch,4GB,Apple,14-inch,8GB
1,3.528594970703125e-05,-1.0,Dell,14-inch,4GB,Apple,14-inch,16GB
1,4.5299530029296875e-05,-5.125,Dell,14-inch,4GB,Apple,16-inch,4GB
1,2.86102294921875e-05,-0.5,Dell,14-inch,4GB,Apple,16-inch,8GB
1,4.1484832763671875e-05,-2.0,Dell,14-inch,4GB,Apple,16-inch,16GB
1,4.5299530029296875e-05,-11.875,Dell,14-inch,8GB,ASUS,13-inch,4GB
1,4.5299530029296875e-05,-5.25,Dell,14-inch,8GB,ASUS,13-inch,8GB
1,3.24249267578125e-05,-0.75,Dell,14-inch,8GB,ASUS,13-inch,16GB
1,4.5299530029296875e-05,-11.75,Dell,14-inch,8GB,ASUS,14-inch,4GB
1,3.910064697265625e-05,-1.5,Dell,14-inch,8GB,ASUS,14-inch,8GB
1,4.4345855712890625e-05,-3.5,Dell,14-inch,8GB,ASUS,14-inch,16GB
1,4.5299530029296875e-05,-8.875,Dell,14-inch,8GB,ASUS,16-inch,4GB
1,-1.2874603271484375e-05,0.75,Dell,14-inch,8GB,ASUS,16-inch,8GB
1,3.528594970703125e-05,-1.0,Dell,14-inch,8GB,ASUS,16-inch,16GB
1,4.5299530029296875e-05,-12.0,Dell,14-inch,8GB,Lenovo,13-inch,4GB
1,4.5299530029296875e-05,-6.0,Dell,14-inch,8GB,Lenovo,13-inch,8GB
1,2.384185791015625e-05,-0.25,Dell,14-inch,8GB,Lenovo,13-inch,16GB
1,4.5299530029296875e-05,-12.125,Dell,14-inch,8GB,Lenovo,14-inch,4GB
1,4.410743713378906e-05,-3.125,Dell,14-inch,8GB,Lenovo,14-inch,8GB
1,4.3392181396484375e-05,-2.625,Dell,14-inch,8GB,Lenovo,14-inch,16GB
1,4.5299530029296875e-05,-8.875,Dell,14-inch,8GB,Lenovo,16-inch,4GB
1,-2.956390380859375e-05,1.0,Dell,14-inch,8GB,Lenovo,16-inch,8GB
1,2.6345252990722656e-05,-0.375,Dell,14-inch,8GB,Lenovo,16-inch,16GB
1,4.5299530029296875e-05,-12.875,Dell,14-inch,8GB,HP,13-inch,4GB
1,4.5299530029296875e-05,-5.875,Dell,14-inch,8GB,HP,13-inch,8GB
1,3.743171691894531e-05,-1.25,Dell,14-inch,8GB,HP,13-inch,16GB
1,4.5299530029296875e-05,-12.5,Dell,14-inch,8GB,HP,14-inch,4GB
1,4.482269287109375e-05,-4.5,Dell,14-inch,8GB,HP,14-inch,8GB
1,4.4345855712890625e-05,-3.375,Dell,14-inch,8GB,HP,14-inch,16GB
1,4.5299530029296875e-05,-9.625,Dell,14-inch,8GB,HP,16-inch,4GB
1,2.384185791015625e-05,-0.25,Dell,14-inch,8GB,HP,16-inch,8GB
1,3.838539123535156e-05,-1.375,Dell,14-inch,8GB,HP,16-inch,16GB
1,4.5299530029296875e-05,-8.375,Dell,14-inch,8GB,Dell,13-inch,4GB
1,4.5299530029296875e-05,-7.25,Dell,14-inch,8GB,Dell,13-inch,8GB
1,4.38690185546875e-05,-3.0,Dell,14-inch,8GB,Dell,13-inch,16GB
1,4.5299530029296875e-05,-10.625,Dell,14-inch,8GB,Dell,14-inch,4GB
1,4.482269287109375e-05,-3.75,Dell,14-inch,8GB,Dell,14-inch,16GB
1,4.5299530029296875e-05,-7.25,Dell,14-inch,8GB,Dell,16-inch,4GB
1,4.3392181396484375e-05,-2.75,Dell,14-inch,8GB,Dell,16-inch,8GB
1,4.1961669921875e-05,-2.125,Dell,14-inch,8GB,Dell,16-inch,16GB
1,4.5299530029296875e-05,-13.125,Dell,14-inch,8GB,Apple,13-inch,4GB
1,4.506111145019531e-05,-4.875,Dell,14-inch,8GB,Apple,13-inch,8GB
1,4.506111145019531e-05,-4.625,Dell,14-inch,8GB,Apple,13-inch,16GB
1,4.5299530029296875e-05,-12.875,Dell,14-inch,8GB,Apple,14-inch,4GB
1,4.506111145019531e-05,-4.875,Dell,14-inch,8GB,Apple,14-inch,8GB
1,4.5299530029296875e-05,-5.75,Dell,14-inch,8GB,Apple,14-inch,16GB
1,4.5299530029296875e-05,-10.25,Dell,14-inch,8GB,Apple,16-inch,4GB
1,4.5299530029296875e-05,-5.375,Dell,14-inch,8GB,Apple,16-inch,8GB
1,4.482269287109375e-05,-4.375,Dell,14-inch,8GB,Apple,16-inch,16GB
1,4.5299530029296875e-05,-9.75,Dell,14-inch,16GB,ASUS,13-inch,4GB
1,4.5299530029296875e-05,-11.25,Dell,14-inch,16GB,ASUS,13-inch,8GB
1,4.506111145019531e-05,-4.875,Dell,14-inch,16GB,ASUS,13-inch,16GB
1,4.5299530029296875e-05,-9.75,Dell,14-inch,16GB,ASUS,14-inch,4GB
1,4.5299530029296875e-05,-10.875,Dell,14-inch,16GB,ASUS,14-inch,8GB
1,4.0531158447265625e-05,-1.75,Dell,14-inch,16GB,ASUS,14-inch,16GB
1,4.5299530029296875e-05,-10.375,Dell,14-inch,16GB,ASUS,16-inch,4GB
1,4.5299530029296875e-05,-8.875,Dell,14-inch,16GB,ASUS,16-inch,8GB
1,3.24249267578125e-05,-0.75,Dell,14-inch,16GB,ASUS,16-inch,16GB
1,4.5299530029296875e-05,-10.75,Dell,14-inch,16GB,Lenovo,13-inch,4GB
1,4.5299530029296875e-05,-11.375,Dell,14-inch,16GB,Lenovo,13-inch,8GB
1,4.5299530029296875e-05,-6.0,Dell,14-inch,16GB,Lenovo,13-inch,16GB
1,4.5299530029296875e-05,-10.0,Dell,14-inch,16GB,Lenovo,14-inch,4GB
1,4.5299530029296875e-05,-11.0,Dell,14-inch,16GB,Lenovo,14-inch,8GB
1,4.482269287109375e-05,-3.875,Dell,14-inch,16GB,Lenovo,14-inch,16GB
1,4.5299530029296875e-05,-10.5,Dell,14-inch,16GB,Lenovo,16-inch,4GB
1,4.5299530029296875e-05,-9.25,Dell,14-inch,16GB,Lenovo,16-inch,8GB
1,4.291534423828125e-05,-2.5,Dell,14-inch,16GB,Lenovo,16-inch,16GB
1,4.5299530029296875e-05,-11.125,Dell,14-inch,16GB,HP,13-inch,4GB
1,4.5299530029296875e-05,-11.625,Dell,14-inch,16GB,HP,13-inch,8GB
1,4.5299530029296875e-05,-6.125,Dell,14-inch,16GB,HP,13-inch,16GB
1,4.5299530029296875e-05,-10.75,Dell,14-inch,16GB,HP,14-inch,4GB
1,4.5299530029296875e-05,-11.75,Dell,14-inch,16GB,HP,14-inch,8GB
1,4.482269287109375e-05,-4.5,Dell,14-inch,16GB,HP,14-inch,16GB
1,4.5299530029296875e-05,-10.75,Dell,14-inch,16GB,HP,16-inch,4GB
1,4.5299530029296875e-05,-9.625,Dell,14-inch,16GB,HP,16-inch,8GB
1,4.4345855712890625e-05,-3.5,Dell,14-inch,16GB,HP,16-inch,16GB
1,4.5299530029296875e-05,-7.625,Dell,14-inch,16GB,Dell,13-inch,4GB
1,4.5299530029296875e-05,-10.125,Dell,14-inch,16GB,Dell,13-inch,8GB
1,4.5299530029296875e-05,-7.75,Dell,14-inch,16GB,Dell,13-inch,16GB
1,4.5299530029296875e-05,-10.0,Dell,14-inch,16GB,Dell,14-inch,4GB
1,4.5299530029296875e-05,-10.375,Dell,14-inch,16GB,Dell,14-inch,8GB
1,4.5299530029296875e-05,-10.5,Dell,14-inch,16GB,Dell,16-inch,4GB
1,4.5299530029296875e-05,-9.0,Dell,14-inch,16GB,Dell,16-inch,8GB
1,-2.956390380859375e-05,1.0,Dell,14-inch,16GB,Dell,16-inch,16GB
1,4.5299530029296875e-05,-11.75,Dell,14-inch,16GB,Apple,13-inch,4GB
1,4.5299530029296875e-05,-11.375,Dell,14-inch,16GB,Apple,13-inch,8GB
1,4.5299530029296875e-05,-5.375,Dell,14-inch,16GB,Apple,13-inch,16GB
1,4.5299530029296875e-05,-11.625,Dell,14-inch,16GB,Apple,14-inch,4GB
1,4.5299530029296875e-05,-10.875,Dell,14-inch,16GB,Apple,14-inch,8GB
1,4.506111145019531e-05,-4.625,Dell,14-inch,16GB,Apple,14-inch,16GB
1,4.5299530029296875e-05,-11.125,Dell,14-inch,16GB,Apple,16-inch,4GB
1,4.5299530029296875e-05,-9.0,Dell,14-inch,16GB,Apple,16-inch,8GB
1,4.5299530029296875e-05,-5.625,Dell,14-inch,16GB,Apple,16-inch,16GB
1,4.5299530029296875e-05,-13.75,Dell,16-inch,4GB,ASUS,13-inch,4GB
1,-1.2874603271484375e-05,0.75,Dell,16-inch,4GB,ASUS,13-inch,8GB
1,4.506111145019531e-05,-5.0,Dell,16-inch,4GB,ASUS,13-inch,16GB
1,4.5299530029296875e-05,-14.875,Dell,16-inch,4GB,ASUS,14-inch,4GB
1,4.0531158447265625e-05,-1.75,Dell,16-inch,4GB,ASUS,14-inch,8GB
1,4.5299530029296875e-05,-6.875,Dell,16-inch,4GB,ASUS,14-inch,16GB
1,4.5299530029296875e-05,-7.25,Dell,16-inch,4GB,ASUS,16-inch,4GB
1,-5.054473876953125e-05,1.25,Dell,16-inch,4GB,ASUS,16-inch,8GB
1,4.482269287109375e-05,-4.375,Dell,16-inch,4GB,ASUS,16-inch,16GB
1,4.5299530029296875e-05,-14.75,Dell,16-inch,4GB,Lenovo,13-inch,4GB
1,-2.956390380859375e-05,1.0,Dell,16-inch,4GB,Lenovo,13-inch,8GB
1,4.5299530029296875e-05,-5.375,Dell,16-inch,4GB,Lenovo,13-inch,16GB
1,4.5299530029296875e-05,-15.875,Dell,16-inch,4GB,Lenovo,14-inch,4GB
1,2.86102294921875e-05,-0.5,Dell,16-inch,4GB,Lenovo,14-inch,8GB
1,4.5299530029296875e-05,-7.375,Dell,16-inch,4GB,Lenovo,14-inch,16GB
1,4.5299530029296875e-05,-8.375,Dell,16-inch,4GB,Lenovo,16-inch,4GB
1,-2.956390380859375e-05,1.0,Dell,16-inch,4GB,Lenovo,16-inch,8GB
1,4.482269287109375e-05,-3.75,Dell,16-inch,4GB,Lenovo,16-inch,16GB
1,4.5299530029296875e-05,-16.25,Dell,16-inch,4GB,HP,13-inch,4GB
1,-1.2874603271484375e-05,0.75,Dell,16-inch,4GB,HP,13-inch,8GB
1,4.5299530029296875e-05,-6.25,Dell,16-inch,4GB,HP,13-inch,16GB
1,4.5299530029296875e-05,-17.5,Dell,16-inch,4GB,HP,14-inch,4GB
1,3.528594970703125e-05,-1.0,Dell,16-inch,4GB,HP,14-inch,8GB
1,4.5299530029296875e-05,-8.25,Dell,16-inch,4GB,HP,14-inch,16GB
1,4.5299530029296875e-05,-10.0,Dell,16-inch,4GB,HP,16-inch,4GB
1,1.7762184143066406e-05,0.0,Dell,16-inch,4GB,HP,16-inch,8GB
1,4.5299530029296875e-05,-6.375,Dell,16-inch,4GB,HP,16-inch,16GB
1,4.5299530029296875e-05,-17.625,Dell,16-inch,4GB,Dell,13-inch,4GB
1,-0.0380859375,7.21875,Dell,16-inch,4GB,Dell,13-inch,8GB
1,4.458427429199219e-05,-3.625,Dell,16-inch,4GB,Dell,13-inch,16GB
1,4.5299530029296875e-05,-16.625,Dell,16-inch,4GB,Dell,14-inch,4GB
1,-0.00188446044921875,4.25,Dell,16-inch,4GB,Dell,14-inch,8GB
1,4.5299530029296875e-05,-5.75,Dell,16-inch,4GB,Dell,14-inch,16GB
1,-7.772445678710938e-05,1.5,Dell,16-inch,4GB,Dell,16-inch,8GB
1,4.38690185546875e-05,-3.0,Dell,16-inch,4GB,Dell,16-inch,16GB
1,4.5299530029296875e-05,-12.75,Dell,16-inch,4GB,Apple,13-inch,4GB
1,4.4345855712890625e-05,-3.25,Dell,16-inch,4GB,Apple,13-inch,8GB
1,4.5299530029296875e-05,-6.375,Dell,16-inch,4GB,Apple,13-inch,16GB
1,4.5299530029296875e-05,-13.625,Dell,16-inch,4GB,Apple,14-inch,4GB
1,4.5299530029296875e-05,-6.25,Dell,16-inch,4GB,Apple,14-inch,8GB
1,4.5299530029296875e-05,-7.625,Dell,16-inch,4GB,Apple,14-inch,16GB
1,4.5299530029296875e-05,-10.25,Dell,16-inch,4GB,Apple,16-inch,4GB
1,4.38690185546875e-05,-3.0,Dell,16-inch,4GB,Apple,16-inch,8GB
1,4.5299530029296875e-05,-7.5,Dell,16-inch,4GB,Apple,16-inch,16GB
1,4.5299530029296875e-05,-10.125,Dell,16-inch,8GB,ASUS,13-inch,4GB
1,4.482269287109375e-05,-4.5,Dell,16-inch,8GB,ASUS,13-inch,8GB
1,-0.00011301040649414062,1.75,Dell,16-inch,8GB,ASUS,13-inch,16GB
1,4.5299530029296875e-05,-9.5,Dell,16-inch,8GB,ASUS,14-inch,4GB
1,4.482269287109375e-05,-4.125,Dell,16-inch,8GB,ASUS,14-inch,8GB
1,-7.772445678710938e-05,1.5,Dell,16-inch,8GB,ASUS,14-inch,16GB
1,4.5299530029296875e-05,-10.75,Dell,16-inch,8GB,ASUS,16-inch,4GB
1,3.24249267578125e-05,-0.75,Dell,16-inch,8GB,ASUS,16-inch,8GB
1,3.743171691894531e-05,-1.25,Dell,16-inch,8GB,ASUS,16-inch,16GB
1,4.5299530029296875e-05,-11.0,Dell,16-inch,8GB,Lenovo,13-inch,4GB
1,4.5299530029296875e-05,-5.125,Dell,16-inch,8GB,Lenovo,13-inch,8GB
1,-0.0001583099365234375,2.0,Dell,16-inch,8GB,Lenovo,13-inch,16GB
1,4.5299530029296875e-05,-10.125,Dell,16-inch,8GB,Lenovo,14-inch,4GB
1,4.506111145019531e-05,-4.875,Dell,16-inch,8GB,Lenovo,14-inch,8GB
1,-0.00011301040649414062,1.75,Dell,16-inch,8GB,Lenovo,14-inch,16GB
1,4.5299530029296875e-05,-10.625,Dell,16-inch,8GB,Lenovo,16-inch,4GB
1,4.0531158447265625e-05,-1.75,Dell,16-inch,8GB,Lenovo,16-inch,8GB
1,3.24249267578125e-05,-0.75,Dell,16-inch,8GB,Lenovo,16-inch,16GB
1,4.5299530029296875e-05,-11.125,Dell,16-inch,8GB,HP,13-inch,4GB
1,4.5299530029296875e-05,-5.25,Dell,16-inch,8GB,HP,13-inch,8GB
1,-7.772445678710938e-05,1.5,Dell,16-inch,8GB,HP,13-inch,16GB
1,4.5299530029296875e-05,-10.375,Dell,16-inch,8GB,HP,14-inch,4GB
1,4.506111145019531e-05,-4.75,Dell,16-inch,8GB,HP,14-inch,8GB
1,-7.772445678710938e-05,1.5,Dell,16-inch,8GB,HP,14-inch,16GB
1,4.5299530029296875e-05,-11.5,Dell,16-inch,8GB,HP,16-inch,4GB
1,4.482269287109375e-05,-3.75,Dell,16-inch,8GB,HP,16-inch,8GB
1,4.1961669921875e-05,-2.125,Dell,16-inch,8GB,HP,16-inch,16GB
1,4.5299530029296875e-05,-7.75,Dell,16-inch,8GB,Dell,13-inch,4GB
1,4.5299530029296875e-05,-9.25,Dell,16-inch,8GB,Dell,13-inch,8GB
1,-1.2874603271484375e-05,0.75,Dell,16-inch,8GB,Dell,13-inch,16GB
1,4.5299530029296875e-05,-5.75,Dell,16-inch,8GB,Dell,14-inch,4GB
1,4.5299530029296875e-05,-8.5,Dell,16-inch,8GB,Dell,14-inch,8GB
1,-7.772445678710938e-05,1.5,Dell,16-inch,8GB,Dell,14-inch,16GB
1,4.5299530029296875e-05,-9.5,Dell,16-inch,8GB,Dell,16-inch,4GB
1,2.384185791015625e-05,-0.25,Dell,16-inch,8GB,Dell,16-inch,16GB
1,4.5299530029296875e-05,-12.125,Dell,16-inch,8GB,Apple,13-inch,4GB
1,4.506111145019531e-05,-4.875,Dell,16-inch,8GB,Apple,13-inch,8GB
1,4.3392181396484375e-05,-2.75,Dell,16-inch,8GB,Apple,13-inch,16GB
1,4.5299530029296875e-05,-12.25,Dell,16-inch,8GB,Apple,14-inch,4GB
1,4.5299530029296875e-05,-5.5,Dell,16-inch,8GB,Apple,14-inch,8GB
1,4.4345855712890625e-05,-3.25,Dell,16-inch,8GB,Apple,14-inch,16GB
1,4.5299530029296875e-05,-12.375,Dell,16-inch,8GB,Apple,16-inch,4GB
1,4.506111145019531e-05,-5.0,Dell,16-inch,8GB,Apple,16-inch,8GB
1,4.482269287109375e-05,-4.5,Dell,16-inch,8GB,Apple,16-inch,16GB
1,4.5299530029296875e-05,-7.375,Dell,16-inch,16GB,ASUS,13-inch,4GB
1,4.5299530029296875e-05,-7.625,Dell,16-inch,16GB,ASUS,13-inch,8GB
1,5.245208740234375e-06,0.375,Dell,16-inch,16GB,ASUS,13-inch,16GB
1,4.5299530029296875e-05,-6.625,Dell,16-inch,16GB,ASUS,14-inch,4GB
1,4.5299530029296875e-05,-7.5,Dell,16-inch,16GB,ASUS,14-inch,8GB
1,2.384185791015625e-05,-0.25,Dell,16-inch,16GB,ASUS,14-inch,16GB
1,4.5299530029296875e-05,-7.5,Dell,16-inch,16GB,ASUS,16-inch,4GB
1,4.5299530029296875e-05,-7.0,Dell,16-inch,16GB,ASUS,16-inch,8GB
1,1.0013580322265625e-05,0.25,Dell,16-inch,16GB,ASUS,16-inch,16GB
1,4.5299530029296875e-05,-7.875,Dell,16-inch,16GB,Lenovo,13-inch,4GB
1,4.5299530029296875e-05,-7.875,Dell,16-inch,16GB,Lenovo,13-inch,8GB
1,3.24249267578125e-05,-0.75,Dell,16-inch,16GB,Lenovo,13-inch,16GB
1,4.5299530029296875e-05,-7.125,Dell,16-inch,16GB,Lenovo,14-inch,4GB
1,4.5299530029296875e-05,-8.0,Dell,16-inch,16GB,Lenovo,14-inch,8GB
1,4.0531158447265625e-05,-1.75,Dell,16-inch,16GB,Lenovo,14-inch,16GB
1,4.5299530029296875e-05,-7.875,Dell,16-inch,16GB,Lenovo,16-inch,4GB
1,4.5299530029296875e-05,-7.5,Dell,16-inch,16GB,Lenovo,16-inch,8GB
1,3.838539123535156e-05,-1.375,Dell,16-inch,16GB,Lenovo,16-inch,16GB
1,4.5299530029296875e-05,-8.75,Dell,16-inch,16GB,HP,13-inch,4GB
1,4.5299530029296875e-05,-9.0,Dell,16-inch,16GB,HP,13-inch,8GB
1,3.838539123535156e-05,-1.375,Dell,16-inch,16GB,HP,13-inch,16GB
1,4.5299530029296875e-05,-7.5,Dell,16-inch,16GB,HP,14-inch,4GB
1,4.5299530029296875e-05,-8.625,Dell,16-inch,16GB,HP,14-inch,8GB
1,4.1484832763671875e-05,-2.0,Dell,16-inch,16GB,HP,14-inch,16GB
1,4.5299530029296875e-05,-9.25,Dell,16-inch,16GB,HP,16-inch,4GB
1,4.5299530029296875e-05,-8.375,Dell,16-inch,16GB,HP,16-inch,8GB
1,4.291534423828125e-05,-2.5,Dell,16-inch,16GB,HP,16-inch,16GB
1,4.5299530029296875e-05,-5.5,Dell,16-inch,16GB,Dell,13-inch,4GB
1,4.5299530029296875e-05,-7.25,Dell,16-inch,16GB,Dell,13-inch,8GB
1,4.2438507080078125e-05,-2.25,Dell,16-inch,16GB,Dell,13-inch,16GB
1,4.4345855712890625e-05,-3.25,Dell,16-inch,16GB,Dell,14-inch,4GB
1,4.5299530029296875e-05,-6.0,Dell,16-inch,16GB,Dell,14-inch,8GB
1,4.291534423828125e-05,-2.5,Dell,16-inch,16GB,Dell,14-inch,16GB
1,4.5299530029296875e-05,-7.5,Dell,16-inch,16GB,Dell,16-inch,4GB
1,4.5299530029296875e-05,-5.625,Dell,16-inch,16GB,Dell,16-inch,8GB
1,4.5299530029296875e-05,-9.25,Dell,16-inch,16GB,Apple,13-inch,4GB
1,4.5299530029296875e-05,-8.375,Dell,16-inch,16GB,Apple,13-inch,8GB
1,4.38690185546875e-05,-2.875,Dell,16-inch,16GB,Apple,13-inch,16GB
1,4.5299530029296875e-05,-9.375,Dell,16-inch,16GB,Apple,14-inch,4GB
1,4.5299530029296875e-05,-9.375,Dell,16-inch,16GB,Apple,14-inch,8GB
1,4.506111145019531e-05,-4.75,Dell,16-inch,16GB,Apple,14-inch,16GB
1,4.5299530029296875e-05,-10.75,Dell,16-inch,16GB,Apple,16-inch,4GB
1,4.5299530029296875e-05,-9.25,Dell,16-inch,16GB,Apple,16-inch,8GB
1,4.482269287109375e-05,-4.0,Dell,16-inch,16GB,Apple,16-inch,16GB
1,3.910064697265625e-05,-1.5,Apple,13-inch,4GB,ASUS,13-inch,4GB
1,-9.75,10.5,Apple,13-inch,4GB,ASUS,13-inch,8GB
1,-0.01409912109375,6.25,Apple,13-inch,4GB,ASUS,13-inch,16GB
1,3.528594970703125e-05,-1.0,Apple,13-inch,4GB,ASUS,14-inch,4GB
1,-13.25,10.5,Apple,13-inch,4GB,ASUS,14-inch,8GB
1,-10.5,10.5,Apple,13-inch,4GB,ASUS,14-inch,16GB
1,-0.0002899169921875,2.5,Apple,13-inch,4GB,ASUS,16-inch,4GB
1,-10.5,10.5,Apple,13-inch,4GB,ASUS,16-inch,8GB
1,-8.5,10.5,Apple,13-inch,4GB,ASUS,16-inch,16GB
1,3.3855438232421875e-05,-0.875,Apple,13-inch,4GB,Lenovo,13-inch,4GB
1,-10.25,10.5,Apple,13-inch,4GB,Lenovo,13-inch,8GB
1,-6.0,10.5,Apple,13-inch,4GB,Lenovo,13-inch,16GB
1,2.384185791015625e-05,-0.25,Apple,13-inch,4GB,Lenovo,14-inch,4GB
1,-11.75,10.5,Apple,13-inch,4GB,Lenovo,14-inch,8GB
1,-11.0,10.5,Apple,13-inch,4GB,Lenovo,14-inch,16GB
1,-0.0001583099365234375,2.0,Apple,13-inch,4GB,Lenovo,16-inch,4GB
1,-10.25,10.5,Apple,13-inch,4GB,Lenovo,16-inch,8GB
1,-9.25,10.5,Apple,13-inch,4GB,Lenovo,16-inch,16GB
1,4.5299530029296875e-05,-6.375,Apple,13-inch,4GB,HP,13-inch,4GB
1,-9.75,10.5,Apple,13-inch,4GB,HP,13-inch,8GB
1,-0.02978515625,6.96875,Apple,13-inch,4GB,HP,13-inch,16GB
1,4.5299530029296875e-05,-6.625,Apple,13-inch,4GB,HP,14-inch,4GB
1,-12.0,10.5,Apple,13-inch,4GB,HP,14-inch,8GB
1,-10.75,10.5,Apple,13-inch,4GB,HP,14-inch,16GB
1,3.910064697265625e-05,-1.5,Apple,13-inch,4GB,HP,16-inch,4GB
1,-10.25,10.5,Apple,13-inch,4GB,HP,16-inch,8GB
1,-8.25,10.5,Apple,13-inch,4GB,HP,16-inch,16GB
1,4.482269287109375e-05,-3.875,Apple,13-inch,4GB,Dell,13-inch,4GB
1,-9.75,10.5,Apple,13-inch,4GB,Dell,13-inch,8GB
1,-0.008544921875,5.75,Apple,13-inch,4GB,Dell,13-inch,16GB
1,4.4345855712890625e-05,-3.25,Apple,13-inch,4GB,Dell,14-inch,4GB
1,-12.25,10.5,Apple,13-inch,4GB,Dell,14-inch,8GB
1,-10.0,10.5,Apple,13-inch,4GB,Dell,14-inch,16GB
1,1.7762184143066406e-05,0.0,Apple,13-inch,4GB,Dell,16-inch,4GB
1,-10.25,10.5,Apple,13-inch,4GB,Dell,16-inch,8GB
1,-8.25,10.5,Apple,13-inch,4GB,Dell,16-inch,16GB
1,-0.00011301040649414062,1.75,Apple,13-inch,4GB,Apple,13-inch,8GB
1,4.38690185546875e-05,-3.0,Apple,13-inch,4GB,Apple,13-inch,16GB
1,3.24249267578125e-05,-0.75,Apple,13-inch,4GB,Apple,14-inch,4GB
1,-11.5,10.5,Apple,13-inch,4GB,Apple,14-inch,8GB
1,-3.28125,10.4375,Apple,13-inch,4GB,Apple,14-inch,16GB
1,-7.772445678710938e-05,1.5,Apple,13-inch,4GB,Apple,16-inch,4GB
1,-0.006683349609375,5.5,Apple,13-inch,4GB,Apple,16-inch,8GB
1,-0.000385284423828125,2.75,Apple,13-inch,4GB,Apple,16-inch,16GB
1,4.5299530029296875e-05,-11.125,Apple,13-inch,8GB,ASUS,13-inch,4GB
1,4.482269287109375e-05,-3.875,Apple,13-inch,8GB,ASUS,13-inch,8GB
1,2.384185791015625e-05,-0.25,Apple,13-inch,8GB,ASUS,13-inch,16GB
1,4.5299530029296875e-05,-10.25,Apple,13-inch,8GB,ASUS,14-inch,4GB
1,4.482269287109375e-05,-3.75,Apple,13-inch,8GB,ASUS,14-inch,8GB
1,-7.772445678710938e-05,1.5,Apple,13-inch,8GB,ASUS,14-inch,16GB
1,4.5299530029296875e-05,-7.5,Apple,13-inch,8GB,ASUS,16-inch,4GB
1,3.743171691894531e-05,-1.25,Apple,13-inch,8GB,ASUS,16-inch,8GB
1,0.0,0.5,Apple,13-inch,8GB,ASUS,16-inch,16GB
1,4.5299530029296875e-05,-11.25,Apple,13-inch,8GB,Lenovo,13-inch,4GB
1,4.482269287109375e-05,-4.375,Apple,13-inch,8GB,Lenovo,13-inch,8GB
1,-7.772445678710938e-05,1.5,Apple,13-inch,8GB,Lenovo,13-inch,16GB
1,4.5299530029296875e-05,-10.5,Apple,13-inch,8GB,Lenovo,14-inch,4GB
1,4.482269287109375e-05,-4.125,Apple,13-inch,8GB,Lenovo,14-inch,8GB
1,-0.00011301040649414062,1.75,Apple,13-inch,8GB,Lenovo,14-inch,16GB
1,4.5299530029296875e-05,-7.25,Apple,13-inch,8GB,Lenovo,16-inch,4GB
1,3.743171691894531e-05,-1.25,Apple,13-inch,8GB,Lenovo,16-inch,8GB
1,-7.772445678710938e-05,1.5,Apple,13-inch,8GB,Lenovo,16-inch,16GB
1,4.5299530029296875e-05,-11.75,Apple,13-inch,8GB,HP,13-inch,4GB
1,4.5299530029296875e-05,-5.625,Apple,13-inch,8GB,HP,13-inch,8GB
1,2.384185791015625e-05,-0.25,Apple,13-inch,8GB,HP,13-inch,16GB
1,4.5299530029296875e-05,-11.625,Apple,13-inch,8GB,HP,14-inch,4GB
1,4.506111145019531e-05,-5.0,Apple,13-inch,8GB,HP,14-inch,8GB
1,-5.054473876953125e-05,1.25,Apple,13-inch,8GB,HP,14-inch,16GB
1,4.5299530029296875e-05,-8.5,Apple,13-inch,8GB,HP,16-inch,4GB
1,4.482269287109375e-05,-3.75,Apple,13-inch,8GB,HP,16-inch,8GB
1,1.0013580322265625e-05,0.25,Apple,13-inch,8GB,HP,16-inch,16GB
1,4.5299530029296875e-05,-12.0,Apple,13-inch,8GB,Dell,13-inch,4GB
1,4.5299530029296875e-05,-5.125,Apple,13-inch,8GB,Dell,13-inch,8GB
1,-2.0503997802734375e-05,0.875,Apple,13-inch,8GB,Dell,13-inch,16GB
1,4.5299530029296875e-05,-11.375,Apple,13-inch,8GB,Dell,14-inch,4GB
1,4.506111145019531e-05,-4.75,Apple,13-inch,8GB,Dell,14-inch,8GB
1,-7.772445678710938e-05,1.5,Apple,13-inch,8GB,Dell,14-inch,16GB
1,4.5299530029296875e-05,-8.75,Apple,13-inch,8GB,Dell,16-inch,4GB
1,4.4345855712890625e-05,-3.5,Apple,13-inch,8GB,Dell,16-inch,8GB
1,-1.2874603271484375e-05,0.75,Apple,13-inch,8GB,Dell,16-inch,16GB
1,4.5299530029296875e-05,-10.5,Apple,13-inch,8GB,Apple,13-inch,4GB
1,4.291534423828125e-05,-2.375,Apple,13-inch,8GB,Apple,13-inch,16GB
1,4.5299530029296875e-05,-10.0,Apple,13-inch,8GB,Apple,14-inch,4GB
1,-7.772445678710938e-05,1.5,Apple,13-inch,8GB,Apple,14-inch,8GB
1,2.86102294921875e-05,-0.5,Apple,13-inch,8GB,Apple,14-inch,16GB
1,4.5299530029296875e-05,-8.625,Apple,13-inch,8GB,Apple,16-inch,4GB
1,4.3392181396484375e-05,-2.75,Apple,13-inch,8GB,Apple,16-inch,8GB
1,4.482269287109375e-05,-4.0,Apple,13-inch,8GB,Apple,16-inch,16GB
1,4.5299530029296875e-05,-6.25,Apple,13-inch,16GB,ASUS,13-inch,4GB
1,4.5299530029296875e-05,-7.375,Apple,13-inch,16GB,ASUS,13-inch,8GB
1,3.62396240234375e-05,-1.125,Apple,13-inch,16GB,ASUS,13-inch,16GB
1,4.5299530029296875e-05,-5.25,Apple,13-inch,16GB,ASUS,14-inch,4GB
1,4.5299530029296875e-05,-7.75,Apple,13-inch,16GB,ASUS,14-inch,8GB
1,1.4066696166992188e-05,0.125,Apple,13-inch,16GB,ASUS,14-inch,16GB
1,4.5299530029296875e-05,-6.875,Apple,13-inch,16GB,ASUS,16-inch,4GB
1,4.5299530029296875e-05,-6.125,Apple,13-inch,16GB,ASUS,16-inch,8GB
1,1.0013580322265625e-05,0.25,Apple,13-inch,16GB,ASUS,16-inch,16GB
1,4.5299530029296875e-05,-6.5,Apple,13-inch,16GB,Lenovo,13-inch,4GB
1,4.5299530029296875e-05,-7.5,Apple,13-inch,16GB,Lenovo,13-inch,8GB
1,4.1484832763671875e-05,-2.0,Apple,13-inch,16GB,Lenovo,13-inch,16GB
1,4.5299530029296875e-05,-5.625,Apple,13-inch,16GB,Lenovo,14-inch,4GB
1,4.5299530029296875e-05,-7.5,Apple,13-inch,16GB,Lenovo,14-inch,8GB
1,2.86102294921875e-05,-0.5,Apple,13-inch,16GB,Lenovo,14-inch,16GB
1,4.5299530029296875e-05,-5.875,Apple,13-inch,16GB,Lenovo,16-inch,4GB
1,4.5299530029296875e-05,-6.0,Apple,13-inch,16GB,Lenovo,16-inch,8GB
1,3.24249267578125e-05,-0.75,Apple,13-inch,16GB,Lenovo,16-inch,16GB
1,4.5299530029296875e-05,-8.125,Apple,13-inch,16GB,HP,13-inch,4GB
1,4.5299530029296875e-05,-9.0,Apple,13-inch,16GB,HP,13-inch,8GB
1,4.4345855712890625e-05,-3.25,Apple,13-inch,16GB,HP,13-inch,16GB
1,4.5299530029296875e-05,-7.0,Apple,13-inch,16GB,HP,14-inch,4GB
1,4.5299530029296875e-05,-8.875,Apple,13-inch,16GB,HP,14-inch,8GB
1,4.100799560546875e-05,-1.875,Apple,13-inch,16GB,HP,14-inch,16GB
1,4.5299530029296875e-05,-7.125,Apple,13-inch,16GB,HP,16-inch,4GB
1,4.5299530029296875e-05,-6.75,Apple,13-inch,16GB,HP,16-inch,8GB
1,3.743171691894531e-05,-1.25,Apple,13-inch,16GB,HP,16-inch,16GB
1,4.5299530029296875e-05,-8.0,Apple,13-inch,16GB,Dell,13-inch,4GB
1,4.5299530029296875e-05,-8.875,Apple,13-inch,16GB,Dell,13-inch,8GB
1,4.3392181396484375e-05,-2.75,Apple,13-inch,16GB,Dell,13-inch,16GB
1,4.5299530029296875e-05,-6.875,Apple,13-inch,16GB,Dell,14-inch,4GB
1,4.5299530029296875e-05,-8.25,Apple,13-inch,16GB,Dell,14-inch,8GB
1,3.743171691894531e-05,-1.25,Apple,13-inch,16GB,Dell,14-inch,16GB
1,4.5299530029296875e-05,-7.5,Apple,13-inch,16GB,Dell,16-inch,4GB
1,4.5299530029296875e-05,-6.75,Apple,13-inch,16GB,Dell,16-inch,8GB
1,4.0531158447265625e-05,-1.75,Apple,13-inch,16GB,Dell,16-inch,16GB
1,4.5299530029296875e-05,-9.0,Apple,13-inch,16GB,Apple,13-inch,4GB
1,4.5299530029296875e-05,-6.75,Apple,13-inch,16GB,Apple,13-inch,8GB
1,4.5299530029296875e-05,-6.375,Apple,13-inch,16GB,Apple,14-inch,4GB
1,4.5299530029296875e-05,-7.375,Apple,13-inch,16GB,Apple,14-inch,8GB
1,-1.2874603271484375e-05,0.75,Apple,13-inch,16GB,Apple,14-inch,16GB
1,4.5299530029296875e-05,-8.75,Apple,13-inch,16GB,Apple,16-inch,4GB
1,4.5299530029296875e-05,-8.125,Apple,13-inch,16GB,Apple,16-inch,8GB
1,-7.772445678710938e-05,1.5,Apple,13-inch,16GB,Apple,16-inch,16GB
1,3.528594970703125e-05,-1.0,Apple,14-inch,4GB,ASUS,13-inch,4GB
1,-11.25,10.5,Apple,14-inch,4GB,ASUS,13-inch,8GB
1,-8.75,10.5,Apple,14-inch,4GB,ASUS,13-inch,16GB
1,0.0,0.5,Apple,14-inch,4GB,ASUS,14-inch,4GB
1,-10.75,10.5,Apple,14-inch,4GB,ASUS,14-inch,8GB
1,-4.75,10.5,Apple,14-inch,4GB,ASUS,14-inch,16GB
1,-0.00112152099609375,3.75,Apple,14-inch,4GB,ASUS,16-inch,4GB
1,-10.5,10.5,Apple,14-inch,4GB,ASUS,16-inch,8GB
1,-7.25,10.5,Apple,14-inch,4GB,ASUS,16-inch,16GB
1,2.384185791015625e-05,-0.25,Apple,14-inch,4GB,Lenovo,13-inch,4GB
1,-11.0,10.5,Apple,14-inch,4GB,Lenovo,13-inch,8GB
1,-9.0,10.5,Apple,14-inch,4GB,Lenovo,13-inch,16GB
1,-2.956390380859375e-05,1.0,Apple,14-inch,4GB,Lenovo,14-inch,4GB
1,-10.5,10.5,Apple,14-inch,4GB,Lenovo,14-inch,8GB
1,-7.75,10.5,Apple,14-inch,4GB,Lenovo,14-inch,16GB
1,-0.00112152099609375,3.75,Apple,14-inch,4GB,Lenovo,16-inch,4GB
1,-10.25,10.5,Apple,14-inch,4GB,Lenovo,16-inch,8GB
1,-9.0,10.5,Apple,14-inch,4GB,Lenovo,16-inch,16GB
1,4.5299530029296875e-05,-5.625,Apple,14-inch,4GB,HP,13-inch,4GB
1,-10.5,10.5,Apple,14-inch,4GB,HP,13-inch,8GB
1,-8.25,10.5,Apple,14-inch,4GB,HP,13-inch,16GB
1,4.5299530029296875e-05,-5.375,Apple,14-inch,4GB,HP,14-inch,4GB
1,-10.5,10.5,Apple,14-inch,4GB,HP,14-inch,8GB
1,-7.25,10.5,Apple,14-inch,4GB,HP,14-inch,16GB
1,2.09808349609375e-05,-0.125,Apple,14-inch,4GB,HP,16-inch,4GB
1,-10.5,10.5,Apple,14-inch,4GB,HP,16-inch,8GB
1,-4.25,10.5,Apple,14-inch,4GB,HP,16-inch,16GB
1,4.291534423828125e-05,-2.5,Apple,14-inch,4GB,Dell,13-inch,4GB
1,-11.0,10.5,Apple,14-inch,4GB,Dell,13-inch,8GB
1,-7.0,10.5,Apple,14-inch,4GB,Dell,13-inch,16GB
1,4.1484832763671875e-05,-2.0,Apple,14-inch,4GB,Dell,14-inch,4GB
1,-9.25,10.5,Apple,14-inch,4GB,Dell,14-inch,8GB
1,-5.25,10.5,Apple,14-inch,4GB,Dell,14-inch,16GB
1,-0.00011301040649414062,1.75,Apple,14-inch,4GB,Dell,16-inch,4GB
1,-10.5,10.5,Apple,14-inch,4GB,Dell,16-inch,8GB
1,-6.5,10.5,Apple,14-inch,4GB,Dell,16-inch,16GB
1,4.5299530029296875e-05,-5.625,Apple,14-inch,4GB,Apple,13-inch,4GB
1,-8.25,10.5,Apple,14-inch,4GB,Apple,13-inch,8GB
1,-0.006683349609375,5.5,Apple,14-inch,4GB,Apple,13-inch,16GB
1,-0.0002155303955078125,2.25,Apple,14-inch,4GB,Apple,14-inch,8GB
1,3.24249267578125e-05,-0.75,Apple,14-inch,4GB,Apple,14-inch,16GB
1,-0.0001583099365234375,2.0,Apple,14-inch,4GB,Apple,16-inch,4GB
1,-8.0,10.5,Apple,14-inch,4GB,Apple,16-inch,8GB
1,-0.0024261474609375,4.5,Apple,14-inch,4GB,Apple,16-inch,16GB
1,4.5299530029296875e-05,-9.75,Apple,14-inch,8GB,ASUS,13-inch,4GB
1,4.482269287109375e-05,-3.75,Apple,14-inch,8GB,ASUS,13-inch,8GB
1,-7.772445678710938e-05,1.5,Apple,14-inch,8GB,ASUS,13-inch,16GB
1,4.5299530029296875e-05,-9.25,Apple,14-inch,8GB,ASUS,14-inch,4GB
1,4.38690185546875e-05,-3.0,Apple,14-inch,8GB,ASUS,14-inch,8GB
1,-2.956390380859375e-05,1.0,Apple,14-inch,8GB,ASUS,14-inch,16GB
1,4.5299530029296875e-05,-6.375,Apple,14-inch,8GB,ASUS,16-inch,4GB
1,2.86102294921875e-05,-0.5,Apple,14-inch,8GB,ASUS,16-inch,8GB
1,-5.054473876953125e-05,1.25,Apple,14-inch,8GB,ASUS,16-inch,16GB
1,4.5299530029296875e-05,-9.75,Apple,14-inch,8GB,Lenovo,13-inch,4GB
1,4.482269287109375e-05,-4.25,Apple,14-inch,8GB,Lenovo,13-inch,8GB
1,-0.0001583099365234375,2.0,Apple,14-inch,8GB,Lenovo,13-inch,16GB
1,4.5299530029296875e-05,-9.875,Apple,14-inch,8GB,Lenovo,14-inch,4GB
1,4.4345855712890625e-05,-3.5,Apple,14-inch,8GB,Lenovo,14-inch,8GB
1,-0.0001583099365234375,2.0,Apple,14-inch,8GB,Lenovo,14-inch,16GB
1,4.5299530029296875e-05,-5.75,Apple,14-inch,8GB,Lenovo,16-inch,4GB
1,0.0,0.5,Apple,14-inch,8GB,Lenovo,16-inch,8GB
1,-0.0001583099365234375,2.0,Apple,14-inch,8GB,Lenovo,16-inch,16GB
1,4.5299530029296875e-05,-10.875,Apple,14-inch,8GB,HP,13-inch,4GB
1,4.506111145019531e-05,-4.75,Apple,14-inch,8GB,HP,13-inch,8GB
1,-7.772445678710938e-05,1.5,Apple,14-inch,8GB,HP,13-inch,16GB
1,4.5299530029296875e-05,-10.625,Apple,14-inch,8GB,HP,14-inch,4GB
1,4.506111145019531e-05,-4.875,Apple,14-inch,8GB,HP,14-inch,8GB
1,-2.956390380859375e-05,1.0,Apple,14-inch,8GB,HP,14-inch,16GB
1,4.5299530029296875e-05,-7.375,Apple,14-inch,8GB,HP,16-inch,4GB
1,4.1484832763671875e-05,-2.0,Apple,14-inch,8GB,HP,16-inch,8GB
1,-5.054473876953125e-05,1.25,Apple,14-inch,8GB,HP,16-inch,16GB
1,4.5299530029296875e-05,-11.0,Apple,14-inch,8GB,Dell,13-inch,4GB
1,4.506111145019531e-05,-5.0,Apple,14-inch,8GB,Dell,13-inch,8GB
1,-7.772445678710938e-05,1.5,Apple,14-inch,8GB,Dell,13-inch,16GB
1,4.5299530029296875e-05,-10.75,Apple,14-inch,8GB,Dell,14-inch,4GB
1,4.482269287109375e-05,-4.375,Apple,14-inch,8GB,Dell,14-inch,8GB
1,-6.341934204101562e-05,1.375,Apple,14-inch,8GB,Dell,14-inch,16GB
1,4.5299530029296875e-05,-7.625,Apple,14-inch,8GB,Dell,16-inch,4GB
1,4.1484832763671875e-05,-2.0,Apple,14-inch,8GB,Dell,16-inch,8GB
1,-7.772445678710938e-05,1.5,Apple,14-inch,8GB,Dell,16-inch,16GB
1,4.5299530029296875e-05,-7.75,Apple,14-inch,8GB,Apple,13-inch,4GB
1,4.506111145019531e-05,-5.0,Apple,14-inch,8GB,Apple,13-inch,8GB
1,2.09808349609375e-05,-0.125,Apple,14-inch,8GB,Apple,13-inch,16GB
1,4.5299530029296875e-05,-9.375,Apple,14-inch,8GB,Apple,14-inch,4GB
1,3.743171691894531e-05,-1.25,Apple,14-inch,8GB,Apple,14-inch,16GB
1,4.5299530029296875e-05,-7.125,Apple,14-inch,8GB,Apple,16-inch,4GB
1,3.528594970703125e-05,-1.0,Apple,14-inch,8GB,Apple,16-inch,8GB
1,3.24249267578125e-05,-0.75,Apple,14-inch,8GB,Apple,16-inch,16GB
1,4.5299530029296875e-05,-5.25,Apple,14-inch,16GB,ASUS,13-inch,4GB
1,4.5299530029296875e-05,-7.375,Apple,14-inch,16GB,ASUS,13-inch,8GB
1,3.528594970703125e-05,-1.0,Apple,14-inch,16GB,ASUS,13-inch,16GB
1,4.506111145019531e-05,-4.625,Apple,14-inch,16GB,ASUS,14-inch,4GB
1,4.5299530029296875e-05,-6.875,Apple,14-inch,16GB,ASUS,14-inch,8GB
1,0.0,0.5,Apple,14-inch,16GB,ASUS,14-inch,16GB
1,4.5299530029296875e-05,-5.5,Apple,14-inch,16GB,ASUS,16-inch,4GB
1,4.5299530029296875e-05,-7.0,Apple,14-inch,16GB,ASUS,16-inch,8GB
1,-1.2874603271484375e-05,0.75,Apple,14-inch,16GB,ASUS,16-inch,16GB
1,4.5299530029296875e-05,-5.5,Apple,14-inch,16GB,Lenovo,13-inch,4GB
1,4.5299530029296875e-05,-7.875,Apple,14-inch,16GB,Lenovo,13-inch,8GB
1,3.528594970703125e-05,-1.0,Apple,14-inch,16GB,Lenovo,13-inch,16GB
1,4.5299530029296875e-05,-5.625,Apple,14-inch,16GB,Lenovo,14-inch,4GB
1,4.5299530029296875e-05,-7.125,Apple,14-inch,16GB,Lenovo,14-inch,8GB
1,2.384185791015625e-05,-0.25,Apple,14-inch,16GB,Lenovo,14-inch,16GB
1,4.5299530029296875e-05,-5.375,Apple,14-inch,16GB,Lenovo,16-inch,4GB
1,4.5299530029296875e-05,-6.75,Apple,14-inch,16GB,Lenovo,16-inch,8GB
1,1.7762184143066406e-05,0.0,Apple,14-inch,16GB,Lenovo,16-inch,16GB
1,4.5299530029296875e-05,-6.875,Apple,14-inch,16GB,HP,13-inch,4GB
1,4.5299530029296875e-05,-8.5,Apple,14-inch,16GB,HP,13-inch,8GB
1,4.291534423828125e-05,-2.375,Apple,14-inch,16GB,HP,13-inch,16GB
1,4.5299530029296875e-05,-7.125,Apple,14-inch,16GB,HP,14-inch,4GB
1,4.5299530029296875e-05,-8.375,Apple,14-inch,16GB,HP,14-inch,8GB
1,4.1484832763671875e-05,-2.0,Apple,14-inch,16GB,HP,14-inch,16GB
1,4.5299530029296875e-05,-6.0,Apple,14-inch,16GB,HP,16-inch,4GB
1,4.5299530029296875e-05,-7.125,Apple,14-inch,16GB,HP,16-inch,8GB
1,3.24249267578125e-05,-0.75,Apple,14-inch,16GB,HP,16-inch,16GB
1,4.5299530029296875e-05,-6.875,Apple,14-inch,16GB,Dell,13-inch,4GB
1,4.5299530029296875e-05,-8.125,Apple,14-inch,16GB,Dell,13-inch,8GB
1,3.910064697265625e-05,-1.5,Apple,14-inch,16GB,Dell,13-inch,16GB
1,4.5299530029296875e-05,-7.5,Apple,14-inch,16GB,Dell,14-inch,4GB
1,4.5299530029296875e-05,-8.25,Apple,14-inch,16GB,Dell,14-inch,8GB
1,3.743171691894531e-05,-1.25,Apple,14-inch,16GB,Dell,14-inch,16GB
1,4.5299530029296875e-05,-6.625,Apple,14-inch,16GB,Dell,16-inch,4GB
1,4.5299530029296875e-05,-7.375,Apple,14-inch,16GB,Dell,16-inch,8GB
1,2.86102294921875e-05,-0.5,Apple,14-inch,16GB,Dell,16-inch,16GB
1,4.506111145019531e-05,-4.625,Apple,14-inch,16GB,Apple,13-inch,4GB
1,4.5299530029296875e-05,-6.75,Apple,14-inch,16GB,Apple,13-inch,8GB
1,4.482269287109375e-05,-4.0,Apple,14-inch,16GB,Apple,13-inch,16GB
1,4.5299530029296875e-05,-8.5,Apple,14-inch,16GB,Apple,14-inch,4GB
1,4.5299530029296875e-05,-7.0,Apple,14-inch,16GB,Apple,14-inch,8GB
1,4.5299530029296875e-05,-8.375,Apple,14-inch,16GB,Apple,16-inch,4GB
1,4.5299530029296875e-05,-8.0,Apple,14-inch,16GB,Apple,16-inch,8GB
1,-0.0001583099365234375,2.0,Apple,14-inch,16GB,Apple,16-inch,16GB
1,4.482269287109375e-05,-3.875,Apple,16-inch,4GB,ASUS,13-inch,4GB
1,-11.25,10.5,Apple,16-inch,4GB,ASUS,13-inch,8GB
1,-0.57421875,9.6875,Apple,16-inch,4GB,ASUS,13-inch,16GB
1,4.5299530029296875e-05,-7.0,Apple,16-inch,4GB,ASUS,14-inch,4GB
1,-10.5,10.5,Apple,16-inch,4GB,ASUS,14-inch,8GB
1,-0.00188446044921875,4.25,Apple,16-inch,4GB,ASUS,14-inch,16GB
1,4.0531158447265625e-05,-1.75,Apple,16-inch,4GB,ASUS,16-inch,4GB
1,-8.0,10.5,Apple,16-inch,4GB,ASUS,16-inch,8GB
1,-0.0002155303955078125,2.25,Apple,16-inch,4GB,ASUS,16-inch,16GB
1,4.4345855712890625e-05,-3.5,Apple,16-inch,4GB,Lenovo,13-inch,4GB
1,-11.5,10.5,Apple,16-inch,4GB,Lenovo,13-inch,8GB
1,-3.046875,10.4375,Apple,16-inch,4GB,Lenovo,13-inch,16GB
1,4.5299530029296875e-05,-7.125,Apple,16-inch,4GB,Lenovo,14-inch,4GB
1,-10.75,10.5,Apple,16-inch,4GB,Lenovo,14-inch,8GB
1,-0.201171875,8.8125,Apple,16-inch,4GB,Lenovo,14-inch,16GB
1,3.743171691894531e-05,-1.25,Apple,16-inch,4GB,Lenovo,16-inch,4GB
1,-9.5,10.5,Apple,16-inch,4GB,Lenovo,16-inch,8GB
1,-0.00112152099609375,3.75,Apple,16-inch,4GB,Lenovo,16-inch,16GB
1,4.5299530029296875e-05,-8.875,Apple,16-inch,4GB,HP,13-inch,4GB
1,-11.0,10.5,Apple,16-inch,4GB,HP,13-inch,8GB
1,-0.0002155303955078125,2.25,Apple,16-inch,4GB,HP,13-inch,16GB
1,4.5299530029296875e-05,-10.5,Apple,16-inch,4GB,HP,14-inch,4GB
1,-10.0,10.5,Apple,16-inch,4GB,HP,14-inch,8GB
1,-0.00011301040649414062,1.75,Apple,16-inch,4GB,HP,14-inch,16GB
1,4.5299530029296875e-05,-6.875,Apple,16-inch,4GB,HP,16-inch,4GB
1,-7.75,10.5,Apple,16-inch,4GB,HP,16-inch,8GB
1,-7.772445678710938e-05,1.5,Apple,16-inch,4GB,HP,16-inch,16GB
1,4.5299530029296875e-05,-5.375,Apple,16-inch,4GB,Dell,13-inch,4GB
1,-11.25,10.5,Apple,16-inch,4GB,Dell,13-inch,8GB
1,-0.0031280517578125,4.75,Apple,16-inch,4GB,Dell,13-inch,16GB
1,4.5299530029296875e-05,-9.0,Apple,16-inch,4GB,Dell,14-inch,4GB
1,-10.25,10.5,Apple,16-inch,4GB,Dell,14-inch,8GB
1,-0.0002155303955078125,2.25,Apple,16-inch,4GB,Dell,14-inch,16GB
1,4.506111145019531e-05,-4.625,Apple,16-inch,4GB,Dell,16-inch,4GB
1,-9.25,10.5,Apple,16-inch,4GB,Dell,16-inch,8GB
1,-0.00011301040649414062,1.75,Apple,16-inch,4GB,Dell,16-inch,16GB
1,4.5299530029296875e-05,-12.75,Apple,16-inch,4GB,Apple,13-inch,4GB
1,-10.25,10.5,Apple,16-inch,4GB,Apple,13-inch,8GB
1,1.4066696166992188e-05,0.125,Apple,16-inch,4GB,Apple,13-inch,16GB
1,4.5299530029296875e-05,-9.625,Apple,16-inch,4GB,Apple,14-inch,4GB
1,-10.0,10.5,Apple,16-inch,4GB,Apple,14-inch,8GB
1,3.743171691894531e-05,-1.25,Apple,16-inch,4GB,Apple,14-inch,16GB
1,-0.0002155303955078125,2.25,Apple,16-inch,4GB,Apple,16-inch,8GB
1,3.528594970703125e-05,-1.0,Apple,16-inch,4GB,Apple,16-inch,16GB
1,4.5299530029296875e-05,-6.25,Apple,16-inch,8GB,ASUS,13-inch,4GB
1,4.00543212890625e-05,-1.625,Apple,16-inch,8GB,ASUS,13-inch,8GB
1,-0.0380859375,7.21875,Apple,16-inch,8GB,ASUS,13-inch,16GB
1,4.5299530029296875e-05,-5.125,Apple,16-inch,8GB,ASUS,14-inch,4GB
1,4.0531158447265625e-05,-1.75,Apple,16-inch,8GB,ASUS,14-inch,8GB
1,-1.703125,10.3125,Apple,16-inch,8GB,ASUS,14-inch,16GB
1,4.5299530029296875e-05,-6.0,Apple,16-inch,8GB,ASUS,16-inch,4GB
1,3.910064697265625e-05,-1.5,Apple,16-inch,8GB,ASUS,16-inch,8GB
1,-0.00066375732421875,3.25,Apple,16-inch,8GB,ASUS,16-inch,16GB
1,4.5299530029296875e-05,-6.0,Apple,16-inch,8GB,Lenovo,13-inch,4GB
1,3.24249267578125e-05,-0.75,Apple,16-inch,8GB,Lenovo,13-inch,8GB
1,-3.765625,10.5,Apple,16-inch,8GB,Lenovo,13-inch,16GB
1,4.5299530029296875e-05,-5.625,Apple,16-inch,8GB,Lenovo,14-inch,4GB
1,3.910064697265625e-05,-1.5,Apple,16-inch,8GB,Lenovo,14-inch,8GB
1,-4.75,10.5,Apple,16-inch,8GB,Lenovo,14-inch,16GB
1,4.5299530029296875e-05,-6.0,Apple,16-inch,8GB,Lenovo,16-inch,4GB
1,3.743171691894531e-05,-1.25,Apple,16-inch,8GB,Lenovo,16-inch,8GB
1,-0.023193359375,6.75,Apple,16-inch,8GB,Lenovo,16-inch,16GB
1,4.5299530029296875e-05,-8.0,Apple,16-inch,8GB,HP,13-inch,4GB
1,4.3392181396484375e-05,-2.625,Apple,16-inch,8GB,HP,13-inch,8GB
1,-0.01409912109375,6.25,Apple,16-inch,8GB,HP,13-inch,16GB
1,4.5299530029296875e-05,-6.875,Apple,16-inch,8GB,HP,14-inch,4GB
1,4.3392181396484375e-05,-2.75,Apple,16-inch,8GB,HP,14-inch,8GB
1,-0.0791015625,7.9375,Apple,16-inch,8GB,HP,14-inch,16GB
1,4.5299530029296875e-05,-8.125,Apple,16-inch,8GB,HP,16-inch,4GB
1,4.482269287109375e-05,-3.75,Apple,16-inch,8GB,HP,16-inch,8GB
1,-0.0002899169921875,2.5,Apple,16-inch,8GB,HP,16-inch,16GB
1,4.5299530029296875e-05,-7.5,Apple,16-inch,8GB,Dell,13-inch,4GB
1,4.291534423828125e-05,-2.5,Apple,16-inch,8GB,Dell,13-inch,8GB
1,-0.251953125,9.0,Apple,16-inch,8GB,Dell,13-inch,16GB
1,4.5299530029296875e-05,-7.125,Apple,16-inch,8GB,Dell,14-inch,4GB
1,4.3392181396484375e-05,-2.625,Apple,16-inch,8GB,Dell,14-inch,8GB
1,-0.3125,9.1875,Apple,16-inch,8GB,Dell,14-inch,16GB
1,4.5299530029296875e-05,-7.5,Apple,16-inch,8GB,Dell,16-inch,4GB
1,4.410743713378906e-05,-3.125,Apple,16-inch,8GB,Dell,16-inch,8GB
1,-0.000865936279296875,3.5,Apple,16-inch,8GB,Dell,16-inch,16GB
1,4.5299530029296875e-05,-6.0,Apple,16-inch,8GB,Apple,13-inch,4GB
1,4.5299530029296875e-05,-6.5,Apple,16-inch,8GB,Apple,13-inch,8GB
1,-0.0002155303955078125,2.25,Apple,16-inch,8GB,Apple,13-inch,16GB
1,4.482269287109375e-05,-4.125,Apple,16-inch,8GB,Apple,14-inch,4GB
1,4.482269287109375e-05,-4.5,Apple,16-inch,8GB,Apple,14-inch,8GB
1,-0.000507354736328125,3.0,Apple,16-inch,8GB,Apple,14-inch,16GB
1,4.5299530029296875e-05,-8.625,Apple,16-inch,8GB,Apple,16-inch,4GB
1,-0.00011301040649414062,1.75,Apple,16-inch,8GB,Apple,16-inch,16GB
1,4.2438507080078125e-05,-2.25,Apple,16-inch,16GB,ASUS,13-inch,4GB
1,4.291534423828125e-05,-2.5,Apple,16-inch,16GB,ASUS,13-inch,8GB
1,-0.00066375732421875,3.25,Apple,16-inch,16GB,ASUS,13-inch,16GB
1,3.528594970703125e-05,-1.0,Apple,16-inch,16GB,ASUS,14-inch,4GB
1,3.910064697265625e-05,-1.5,Apple,16-inch,16GB,ASUS,14-inch,8GB
1,-0.000385284423828125,2.75,Apple,16-inch,16GB,ASUS,14-inch,16GB
1,4.410743713378906e-05,-3.125,Apple,16-inch,16GB,ASUS,16-inch,4GB
1,4.100799560546875e-05,-1.875,Apple,16-inch,16GB,ASUS,16-inch,8GB
1,-0.00011301040649414062,1.75,Apple,16-inch,16GB,ASUS,16-inch,16GB
1,4.38690185546875e-05,-3.0,Apple,16-inch,16GB,Lenovo,13-inch,4GB
1,4.3392181396484375e-05,-2.625,Apple,16-inch,16GB,Lenovo,13-inch,8GB
1,-0.00066375732421875,3.25,Apple,16-inch,16GB,Lenovo,13-inch,16GB
1,4.00543212890625e-05,-1.625,Apple,16-inch,16GB,Lenovo,14-inch,4GB
1,3.910064697265625e-05,-1.5,Apple,16-inch,16GB,Lenovo,14-inch,8GB
1,-0.0002155303955078125,2.25,Apple,16-inch,16GB,Lenovo,14-inch,16GB
1,4.4345855712890625e-05,-3.5,Apple,16-inch,16GB,Lenovo,16-inch,4GB
1,4.00543212890625e-05,-1.625,Apple,16-inch,16GB,Lenovo,16-inch,8GB
1,-0.0001583099365234375,2.0,Apple,16-inch,16GB,Lenovo,16-inch,16GB
1,4.506111145019531e-05,-4.625,Apple,16-inch,16GB,HP,13-inch,4GB
1,4.482269287109375e-05,-4.0,Apple,16-inch,16GB,HP,13-inch,8GB
1,-0.00011301040649414062,1.75,Apple,16-inch,16GB,HP,13-inch,16GB
1,4.4345855712890625e-05,-3.25,Apple,16-inch,16GB,HP,14-inch,4GB
1,4.4345855712890625e-05,-3.5,Apple,16-inch,16GB,HP,14-inch,8GB
1,-5.054473876953125e-05,1.25,Apple,16-inch,16GB,HP,14-inch,16GB
1,4.5299530029296875e-05,-5.25,Apple,16-inch,16GB,HP,16-inch,4GB
1,4.482269287109375e-05,-3.75,Apple,16-inch,16GB,HP,16-inch,8GB
1,3.3855438232421875e-05,-0.875,Apple,16-inch,16GB,HP,16-inch,16GB
1,4.482269287109375e-05,-4.125,Apple,16-inch,16GB,Dell,13-inch,4GB
1,4.4345855712890625e-05,-3.5,Apple,16-inch,16GB,Dell,13-inch,8GB
1,-0.000507354736328125,3.0,Apple,16-inch,16GB,Dell,13-inch,16GB
1,4.4345855712890625e-05,-3.375,Apple,16-inch,16GB,Dell,14-inch,4GB
1,4.3392181396484375e-05,-2.75,Apple,16-inch,16GB,Dell,14-inch,8GB
1,-0.0001583099365234375,2.0,Apple,16-inch,16GB,Dell,14-inch,16GB
1,4.5299530029296875e-05,-5.25,Apple,16-inch,16GB,Dell,16-inch,4GB
1,4.38690185546875e-05,-2.875,Apple,16-inch,16GB,Dell,16-inch,8GB
1,-6.198883056640625e-06,0.625,Apple,16-inch,16GB,Dell,16-inch,16GB
1,4.4345855712890625e-05,-3.5,Apple,16-inch,16GB,Apple,13-inch,4GB
1,4.506111145019531e-05,-4.75,Apple,16-inch,16GB,Apple,13-inch,8GB
1,3.528594970703125e-05,-1.0,Apple,16-inch,16GB,Apple,13-inch,16GB
1,3.528594970703125e-05,-1.0,Apple,16-inch,16GB,Apple,14-inch,4GB
1,4.506111145019531e-05,-5.0,Apple,16-inch,16GB,Apple,14-inch,8GB
1,2.384185791015625e-05,-0.25,Apple,16-inch,16GB,Apple,14-inch,16GB
1,4.5299530029296875e-05,-7.25,Apple,16-inch,16GB,Apple,16-inch,4GB
1,4.4345855712890625e-05,-3.25,Apple,16-inch,16GB,Apple,16-inch,8GB
2,-11.5,10.5,ASUS,13-inch,4GB,ASUS,13-inch,8GB
2,-0.048583984375,7.4375,ASUS,13-inch,4GB,ASUS,13-inch,16GB
2,-2.956390380859375e-05,1.0,ASUS,13-inch,4GB,ASUS,14-inch,4GB
2,-18.75,10.5,ASUS,13-inch,4GB,ASUS,14-inch,8GB
2,-15.75,10.5,ASUS,13-inch,4GB,ASUS,14-inch,16GB
2,-9.0,10.5,ASUS,13-inch,4GB,ASUS,16-inch,4GB
2,-16.375,10.5,ASUS,13-inch,4GB,ASUS,16-inch,8GB
2,-13.75,10.5,ASUS,13-inch,4GB,ASUS,16-inch,16GB
2,-0.0791015625,7.9375,ASUS,13-inch,4GB,Lenovo,13-inch,4GB
2,-16.125,10.5,ASUS,13-inch,4GB,Lenovo,13-inch,8GB
2,-11.25,10.5,ASUS,13-inch,4GB,Lenovo,13-inch,16GB
2,-0.010986328125,6.0,ASUS,13-inch,4GB,Lenovo,14-inch,4GB
2,-16.125,10.5,ASUS,13-inch,4GB,Lenovo,14-inch,8GB
2,-13.25,10.5,ASUS,13-inch,4GB,Lenovo,14-inch,16GB
2,-9.25,10.5,ASUS,13-inch,4GB,Lenovo,16-inch,4GB
2,-12.375,10.5,ASUS,13-inch,4GB,Lenovo,16-inch,8GB
2,-8.25,10.5,ASUS,13-inch,4GB,Lenovo,16-inch,16GB
2,-2.956390380859375e-05,1.0,ASUS,13-inch,4GB,HP,13-inch,4GB
2,-16.25,10.5,ASUS,13-inch,4GB,HP,13-inch,8GB
2,-11.125,10.5,ASUS,13-inch,4GB,HP,13-inch,16GB
2,1.0013580322265625e-05,0.25,ASUS,13-inch,4GB,HP,14-inch,4GB
2,-16.625,10.5,ASUS,13-inch,4GB,HP,14-inch,8GB
2,-13.625,10.5,ASUS,13-inch,4GB,HP,14-inch,16GB
2,-7.75,10.5,ASUS,13-inch,4GB,HP,16-inch,4GB
2,-14.125,10.5,ASUS,13-inch,4GB,HP,16-inch,8GB
2,-9.0,10.5,ASUS,13-inch,4GB,HP,16-inch,16GB
2,-0.00188446044921875,4.25,ASUS,13-inch,4GB,Dell,13-inch,4GB
2,-16.0,10.5,ASUS,13-inch,4GB,Dell,13-inch,8GB
2,-11.125,10.5,ASUS,13-inch,4GB,Dell,13-inch,16GB
2,-0.000507354736328125,3.0,ASUS,13-inch,4GB,Dell,14-inch,4GB
2,-16.375,10.5,ASUS,13-inch,4GB,Dell,14-inch,8GB
2,-13.0,10.5,ASUS,13-inch,4GB,Dell,14-inch,16GB
2,-8.75,10.5,ASUS,13-inch,4GB,Dell,16-inch,4GB
2,-12.75,10.5,ASUS,13-inch,4GB,Dell,16-inch,8GB
2,-5.25,10.5,ASUS,13-inch,4GB,Dell,16-inch,16GB
2,-6.25,10.5,ASUS,13-inch,4GB,Apple,13-inch,4GB
2,-15.375,10.5,ASUS,13-inch,4GB,Apple,13-inch,8GB
2,-9.75,10.5,ASUS,13-inch,4GB,Apple,13-inch,16GB
2,-0.00066375732421875,3.25,ASUS,13-inch,4GB,Apple,14-inch,4GB
2,-15.25,10.5,ASUS,13-inch,4GB,Apple,14-inch,8GB
2,-10.25,10.5,ASUS,13-inch,4GB,Apple,14-inch,16GB
2,-7.0,10.5,ASUS,13-inch,4GB,Apple,16-inch,4GB
2,-0.000507354736328125,3.0,ASUS,13-inch,4GB,Apple,16-inch,8GB
2,-0.0002899169921875,2.5,ASUS,13-inch,4GB,Apple,16-inch,16GB
2,4.482269287109375e-05,-4.5,ASUS,13-inch,8GB,ASUS,13-inch,4GB
2,4.482269287109375e-05,-4.375,ASUS,13-inch,8GB,ASUS,13-inch,16GB
2,-10.0,10.5,ASUS,13-inch,8GB,ASUS,14-inch,4GB
2,3.0517578125e-05,-0.625,ASUS,13-inch,8GB,ASUS,14-inch,8GB
2,4.1484832763671875e-05,-2.0,ASUS,13-inch,8GB,ASUS,14-inch,16GB
2,-7.5,10.5,ASUS,13-inch,8GB,ASUS,16-inch,4GB
2,1.0013580322265625e-05,0.25,ASUS,13-inch,8GB,ASUS,16-inch,8GB
2,4.100799560546875e-05,-1.875,ASUS,13-inch,8GB,ASUS,16-inch,16GB
2,4.5299530029296875e-05,-6.375,ASUS,13-inch,8GB,Lenovo,13-inch,4GB
2,4.506111145019531e-05,-4.625,ASUS,13-inch,8GB,Lenovo,13-inch,8GB
2,4.38690185546875e-05,-2.875,ASUS,13-inch,8GB,Lenovo,13-inch,16GB
2,4.482269287109375e-05,-4.125,ASUS,13-inch,8GB,Lenovo,14-inch,4GB
2,4.482269287109375e-05,-4.375,ASUS,13-inch,8GB,Lenovo,14-inch,8GB
2,3.743171691894531e-05,-1.25,ASUS,13-inch,8GB,Lenovo,14-inch,16GB
2,3.0517578125e-05,-0.625,ASUS,13-inch,8GB,Lenovo,16-inch,4GB
2,1.7762184143066406e-05,0.0,ASUS,13-inch,8GB,Lenovo,16-inch,8GB
2,4.0531158447265625e-05,-1.75,ASUS,13-inch,8GB,Lenovo,16-inch,16GB
2,4.5299530029296875e-05,-8.0,ASUS,13-inch,8GB,HP,13-inch,4GB
2,4.506111145019531e-05,-4.75,ASUS,13-inch,8GB,HP,13-inch,8GB
2,4.3392181396484375e-05,-2.75,ASUS,13-inch,8GB,HP,13-inch,16GB
2,4.5299530029296875e-05,-5.75,ASUS,13-inch,8GB,HP,14-inch,4GB
2,4.506111145019531e-05,-4.625,ASUS,13-inch,8GB,HP,14-inch,8GB
2,3.743171691894531e-05,-1.25,ASUS,13-inch,8GB,HP,14-inch,16GB
2,4.291534423828125e-05,-2.5,ASUS,13-inch,8GB,HP,16-inch,4GB
2,4.1484832763671875e-05,-2.0,ASUS,13-inch,8GB,HP,16-inch,8GB
2,4.1961669921875e-05,-2.125,ASUS,13-inch,8GB,HP,16-inch,16GB
2,4.5299530029296875e-05,-8.125,ASUS,13-inch,8GB,Dell,13-inch,4GB
2,4.482269287109375e-05,-4.5,ASUS,13-inch,8GB,Dell,13-inch,8GB
2,4.3392181396484375e-05,-2.75,ASUS,13-inch,8GB,Dell,13-inch,16GB
2,4.5299530029296875e-05,-6.5,ASUS,13-inch,8GB,Dell,14-inch,4GB
2,4.506111145019531e-05,-4.625,ASUS,13-inch,8GB,Dell,14-inch,8GB
2,3.838539123535156e-05,-1.375,ASUS,13-inch,8GB,Dell,14-inch,16GB
2,4.3392181396484375e-05,-2.75,ASUS,13-inch,8GB,Dell,16-inch,4GB
2,3.62396240234375e-05,-1.125,ASUS,13-inch,8GB,Dell,16-inch,8GB
2,4.00543212890625e-05,-1.625,ASUS,13-inch,8GB,Dell,16-inch,16GB
2,4.506111145019531e-05,-4.75,ASUS,13-inch,8GB,Apple,13-inch,4GB
2,3.910064697265625e-05,-1.5,ASUS,13-inch,8GB,Apple,13-inch,8GB
2,4.291534423828125e-05,-2.5,ASUS,13-inch,8GB,Apple,13-inch,16GB
2,4.291534423828125e-05,-2.375,ASUS,13-inch,8GB,Apple,14-inch,4GB
2,4.3392181396484375e-05,-2.75,ASUS,13-inch,8GB,Apple,14-inch,8GB
2,3.838539123535156e-05,-1.375,ASUS,13-inch,8GB,Apple,14-inch,16GB
2,-1.2874603271484375e-05,0.75,ASUS,13-inch,8GB,Apple,16-inch,4GB
2,-1.2874603271484375e-05,0.75,ASUS,13-inch,8GB,Apple,16-inch,8GB
2,4.291534423828125e-05,-2.375,ASUS,13-inch,8GB,Apple,16-inch,16GB
2,-6.198883056640625e-06,0.625,ASUS,13-inch,16GB,ASUS,13-inch,4GB
2,2.86102294921875e-05,-0.5,ASUS,13-inch,16GB,ASUS,13-inch,8GB
2,-11.0,10.5,ASUS,13-inch,16GB,ASUS,14-inch,4GB
2,4.38690185546875e-05,-3.0,ASUS,13-inch,16GB,ASUS,14-inch,8GB
2,3.838539123535156e-05,-1.375,ASUS,13-inch,16GB,ASUS,14-inch,16GB
2,-8.5,10.5,ASUS,13-inch,16GB,ASUS,16-inch,4GB
2,4.506111145019531e-05,-4.625,ASUS,13-inch,16GB,ASUS,16-inch,8GB
2,-0.00188446044921875,4.25,ASUS,13-inch,16GB,ASUS,16-inch,16GB
2,-0.000865936279296875,3.5,ASUS,13-inch,16GB,Lenovo,13-inch,4GB
2,4.5299530029296875e-05,-5.125,ASUS,13-inch,16GB,Lenovo,13-inch,8GB
2,4.482269287109375e-05,-4.5,ASUS,13-inch,16GB,Lenovo,13-inch,16GB
2,-6.5,10.5,ASUS,13-inch,16GB,Lenovo,14-inch,4GB
2,4.506111145019531e-05,-5.0,ASUS,13-inch,16GB,Lenovo,14-inch,8GB
2,4.482269287109375e-05,-4.0,ASUS,13-inch,16GB,Lenovo,14-inch,16GB
2,-0.008544921875,5.75,ASUS,13-inch,16GB,Lenovo,16-inch,4GB
2,4.5299530029296875e-05,-5.75,ASUS,13-inch,16GB,Lenovo,16-inch,8GB
2,-5.054473876953125e-05,1.25,ASUS,13-inch,16GB,Lenovo,16-inch,16GB
2,3.24249267578125e-05,-0.75,ASUS,13-inch,16GB,HP,13-inch,4GB
2,4.5299530029296875e-05,-5.75,ASUS,13-inch,16GB,HP,13-inch,8GB
2,4.482269287109375e-05,-4.25,ASUS,13-inch,16GB,HP,13-inch,16GB
2,-0.000507354736328125,3.0,ASUS,13-inch,16GB,HP,14-inch,4GB
2,4.5299530029296875e-05,-6.0,ASUS,13-inch,16GB,HP,14-inch,8GB
2,4.4345855712890625e-05,-3.5,ASUS,13-inch,16GB,HP,14-inch,16GB
2,-0.0004425048828125,2.875,ASUS,13-inch,16GB,HP,16-inch,4GB
2,4.5299530029296875e-05,-6.375,ASUS,13-inch,16GB,HP,16-inch,8GB
2,1.7762184143066406e-05,0.0,ASUS,13-inch,16GB,HP,16-inch,16GB
2,3.528594970703125e-05,-1.0,ASUS,13-inch,16GB,Dell,13-inch,4GB
2,4.5299530029296875e-05,-5.625,ASUS,13-inch,16GB,Dell,13-inch,8GB
2,4.482269287109375e-05,-4.125,ASUS,13-inch,16GB,Dell,13-inch,16GB
2,-7.772445678710938e-05,1.5,ASUS,13-inch,16GB,Dell,14-inch,4GB
2,4.5299530029296875e-05,-6.25,ASUS,13-inch,16GB,Dell,14-inch,8GB
2,4.482269287109375e-05,-3.75,ASUS,13-inch,16GB,Dell,14-inch,16GB
2,-0.000133514404296875,1.875,ASUS,13-inch,16GB,Dell,16-inch,4GB
2,4.5299530029296875e-05,-6.25,ASUS,13-inch,16GB,Dell,16-inch,8GB
2,0.0,0.5,ASUS,13-inch,16GB,Dell,16-inch,16GB
2,-0.00066375732421875,3.25,ASUS,13-inch,16GB,Apple,13-inch,4GB
2,4.5299530029296875e-05,-6.75,ASUS,13-inch,16GB,Apple,13-inch,8GB
2,3.62396240234375e-05,-1.125,ASUS,13-inch,16GB,Apple,13-inch,16GB
2,-0.006683349609375,5.5,ASUS,13-inch,16GB,Apple,14-inch,4GB
2,4.5299530029296875e-05,-6.375,ASUS,13-inch,16GB,Apple,14-inch,8GB
2,4.291534423828125e-05,-2.5,ASUS,13-inch,16GB,Apple,14-inch,16GB
2,-0.000579833984375,3.125,ASUS,13-inch,16GB,Apple,16-inch,4GB
2,4.5299530029296875e-05,-5.125,ASUS,13-inch,16GB,Apple,16-inch,8GB
2,-2.956390380859375e-05,1.0,ASUS,13-inch,16GB,Apple,16-inch,16GB
2,1.7762184143066406e-05,0.0,ASUS,14-inch,4GB,ASUS,13-inch,4GB
2,-18.625,10.5,ASUS,14-inch,4GB,ASUS,13-inch,8GB
2,-14.875,10.5,ASUS,14-inch,4GB,ASUS,13-inch,16GB
2,-11.75,10.5,ASUS,14-inch,4GB,ASUS,14-inch,8GB
2,-5.5,10.5,ASUS,14-inch,4GB,ASUS,14-inch,16GB
2,-8.75,10.5,ASUS,14-inch,4GB,ASUS,16-inch,4GB
2,-17.0,10.5,ASUS,14-inch,4GB,ASUS,16-inch,8GB
2,-13.5,10.5,ASUS,14-inch,4GB,ASUS,16-inch,16GB
2,-0.00066375732421875,3.25,ASUS,14-inch,4GB,Lenovo,13-inch,4GB
2,-16.5,10.5,ASUS,14-inch,4GB,Lenovo,13-inch,8GB
2,-13.5,10.5,ASUS,14-inch,4GB,Lenovo,13-inch,16GB
2,-0.251953125,9.0,ASUS,14-inch,4GB,Lenovo,14-inch,4GB
2,-15.5,10.5,ASUS,14-inch,4GB,Lenovo,14-inch,8GB
2,-11.625,10.5,ASUS,14-inch,4GB,Lenovo,14-inch,16GB
2,-9.0,10.5,ASUS,14-inch,4GB,Lenovo,16-inch,4GB
2,-13.625,10.5,ASUS,14-inch,4GB,Lenovo,16-inch,8GB
2,-4.75,10.5,ASUS,14-inch,4GB,Lenovo,16-inch,16GB
2,3.743171691894531e-05,-1.25,ASUS,14-inch,4GB,HP,13-inch,4GB
2,-16.625,10.5,ASUS,14-inch,4GB,HP,13-inch,8GB
2,-13.375,10.5,ASUS,14-inch,4GB,HP,13-inch,16GB
2,-2.0503997802734375e-05,0.875,ASUS,14-inch,4GB,HP,14-inch,4GB
2,-16.0,10.5,ASUS,14-inch,4GB,HP,14-inch,8GB
2,-12.25,10.5,ASUS,14-inch,4GB,HP,14-inch,16GB
2,-7.25,10.5,ASUS,14-inch,4GB,HP,16-inch,4GB
2,-15.125,10.5,ASUS,14-inch,4GB,HP,16-inch,8GB
2,-1.140625,10.125,ASUS,14-inch,4GB,HP,16-inch,16GB
2,-7.772445678710938e-05,1.5,ASUS,14-inch,4GB,Dell,13-inch,4GB
2,-16.75,10.5,ASUS,14-inch,4GB,Dell,13-inch,8GB
2,-13.125,10.5,ASUS,14-inch,4GB,Dell,13-inch,16GB
2,-0.0031280517578125,4.75,ASUS,14-inch,4GB,Dell,14-inch,4GB
2,-15.625,10.5,ASUS,14-inch,4GB,Dell,14-inch,8GB
2,-12.125,10.5,ASUS,14-inch,4GB,Dell,14-inch,16GB
2,-8.375,10.5,ASUS,14-inch,4GB,Dell,16-inch,4GB
2,-14.25,10.5,ASUS,14-inch,4GB,Dell,16-inch,8GB
2,-0.01409912109375,6.25,ASUS,14-inch,4GB,Dell,16-inch,16GB
2,-0.000507354736328125,3.0,ASUS,14-inch,4GB,Apple,13-inch,4GB
2,-15.25,10.5,ASUS,14-inch,4GB,Apple,13-inch,8GB
2,-11.0,10.5,ASUS,14-inch,4GB,Apple,13-inch,16GB
2,-0.0791015625,7.9375,ASUS,14-inch,4GB,Apple,14-inch,4GB
2,-14.75,10.5,ASUS,14-inch,4GB,Apple,14-inch,8GB
2,-9.25,10.5,ASUS,14-inch,4GB,Apple,14-inch,16GB
2,-3.765625,10.5,ASUS,14-inch,4GB,Apple,16-inch,4GB
2,-0.000865936279296875,3.5,ASUS,14-inch,4GB,Apple,16-inch,8GB
2,-0.0001583099365234375,2.0,ASUS,14-inch,4GB,Apple,16-inch,16GB
2,-12.0,10.5,ASUS,14-inch,8GB,ASUS,13-inch,4GB
2,3.528594970703125e-05,-1.0,ASUS,14-inch,8GB,ASUS,13-inch,8GB
2,4.0531158447265625e-05,-1.75,ASUS,14-inch,8GB,ASUS,13-inch,16GB
2,4.291534423828125e-05,-2.375,ASUS,14-inch,8GB,ASUS,14-inch,4GB
2,4.482269287109375e-05,-4.0,ASUS,14-inch,8GB,ASUS,14-inch,16GB
2,-8.25,10.5,ASUS,14-inch,8GB,ASUS,16-inch,4GB
2,3.528594970703125e-05,-1.0,ASUS,14-inch,8GB,ASUS,16-inch,8GB
2,3.62396240234375e-05,-1.125,ASUS,14-inch,8GB,ASUS,16-inch,16GB
2,4.0531158447265625e-05,-1.75,ASUS,14-inch,8GB,Lenovo,13-inch,4GB
2,4.506111145019531e-05,-5.0,ASUS,14-inch,8GB,Lenovo,13-inch,8GB
2,3.62396240234375e-05,-1.125,ASUS,14-inch,8GB,Lenovo,13-inch,16GB
2,4.506111145019531e-05,-4.875,ASUS,14-inch,8GB,Lenovo,14-inch,4GB
2,4.506111145019531e-05,-5.0,ASUS,14-inch,8GB,Lenovo,14-inch,8GB
2,4.410743713378906e-05,-3.125,ASUS,14-inch,8GB,Lenovo,14-inch,16GB
2,-6.198883056640625e-06,0.625,ASUS,14-inch,8GB,Lenovo,16-inch,4GB
2,4.2438507080078125e-05,-2.25,ASUS,14-inch,8GB,Lenovo,16-inch,8GB
2,3.528594970703125e-05,-1.0,ASUS,14-inch,8GB,Lenovo,16-inch,16GB
2,4.482269287109375e-05,-4.5,ASUS,14-inch,8GB,HP,13-inch,4GB
2,4.506111145019531e-05,-4.75,ASUS,14-inch,8GB,HP,13-inch,8GB
2,4.0531158447265625e-05,-1.75,ASUS,14-inch,8GB,HP,13-inch,16GB
2,4.5299530029296875e-05,-6.5,ASUS,14-inch,8GB,HP,14-inch,4GB
2,4.506111145019531e-05,-5.0,ASUS,14-inch,8GB,HP,14-inch,8GB
2,4.410743713378906e-05,-3.125,ASUS,14-inch,8GB,HP,14-inch,16GB
2,2.6345252990722656e-05,-0.375,ASUS,14-inch,8GB,HP,16-inch,4GB
2,4.4345855712890625e-05,-3.5,ASUS,14-inch,8GB,HP,16-inch,8GB
2,3.910064697265625e-05,-1.5,ASUS,14-inch,8GB,HP,16-inch,16GB
2,4.482269287109375e-05,-4.375,ASUS,14-inch,8GB,Dell,13-inch,4GB
2,4.506111145019531e-05,-4.875,ASUS,14-inch,8GB,Dell,13-inch,8GB
2,3.910064697265625e-05,-1.5,ASUS,14-inch,8GB,Dell,13-inch,16GB
2,4.5299530029296875e-05,-6.75,ASUS,14-inch,8GB,Dell,14-inch,4GB
2,4.506111145019531e-05,-4.75,ASUS,14-inch,8GB,Dell,14-inch,8GB
2,4.3392181396484375e-05,-2.625,ASUS,14-inch,8GB,Dell,14-inch,16GB
2,3.3855438232421875e-05,-0.875,ASUS,14-inch,8GB,Dell,16-inch,4GB
2,3.62396240234375e-05,-1.125,ASUS,14-inch,8GB,Dell,16-inch,8GB
2,3.743171691894531e-05,-1.25,ASUS,14-inch,8GB,Dell,16-inch,16GB
2,3.910064697265625e-05,-1.5,ASUS,14-inch,8GB,Apple,13-inch,4GB
2,4.0531158447265625e-05,-1.75,ASUS,14-inch,8GB,Apple,13-inch,8GB
2,3.743171691894531e-05,-1.25,ASUS,14-inch,8GB,Apple,13-inch,16GB
2,4.38690185546875e-05,-3.0,ASUS,14-inch,8GB,Apple,14-inch,4GB
2,4.100799560546875e-05,-1.875,ASUS,14-inch,8GB,Apple,14-inch,8GB
2,4.3392181396484375e-05,-2.75,ASUS,14-inch,8GB,Apple,14-inch,16GB
2,-2.956390380859375e-05,1.0,ASUS,14-inch,8GB,Apple,16-inch,4GB
2,1.0013580322265625e-05,0.25,ASUS,14-inch,8GB,Apple,16-inch,8GB
2,4.1484832763671875e-05,-2.0,ASUS,14-inch,8GB,Apple,16-inch,16GB
2,-14.75,10.5,ASUS,14-inch,16GB,ASUS,13-inch,4GB
2,5.245208740234375e-06,0.375,ASUS,14-inch,16GB,ASUS,13-inch,8GB
2,-6.198883056640625e-06,0.625,ASUS,14-inch,16GB,ASUS,13-inch,16GB
2,-8.0,10.5,ASUS,14-inch,16GB,ASUS,14-inch,4GB
2,1.0013580322265625e-05,0.25,ASUS,14-inch,16GB,ASUS,14-inch,8GB
2,-9.75,10.5,ASUS,14-inch,16GB,ASUS,16-inch,4GB
2,4.38690185546875e-05,-3.0,ASUS,14-inch,16GB,ASUS,16-inch,8GB
2,-6.0,10.5,ASUS,14-inch,16GB,ASUS,16-inch,16GB
2,-10.25,10.5,ASUS,14-inch,16GB,Lenovo,13-inch,4GB
2,4.4345855712890625e-05,-3.5,ASUS,14-inch,16GB,Lenovo,13-inch,8GB
2,4.482269287109375e-05,-3.75,ASUS,14-inch,16GB,Lenovo,13-inch,16GB
2,-8.0,10.5,ASUS,14-inch,16GB,Lenovo,14-inch,4GB
2,4.506111145019531e-05,-4.625,ASUS,14-inch,16GB,Lenovo,14-inch,8GB
2,4.482269287109375e-05,-4.5,ASUS,14-inch,16GB,Lenovo,14-inch,16GB
2,-7.25,10.5,ASUS,14-inch,16GB,Lenovo,16-inch,4GB
2,4.5299530029296875e-05,-5.5,ASUS,14-inch,16GB,Lenovo,16-inch,8GB
2,-0.00011301040649414062,1.75,ASUS,14-inch,16GB,Lenovo,16-inch,16GB
2,-9.25,10.5,ASUS,14-inch,16GB,HP,13-inch,4GB
2,4.482269287109375e-05,-4.25,ASUS,14-inch,16GB,HP,13-inch,8GB
2,4.4345855712890625e-05,-3.5,ASUS,14-inch,16GB,HP,13-inch,16GB
2,-1.140625,10.125,ASUS,14-inch,16GB,HP,14-inch,4GB
2,4.5299530029296875e-05,-5.25,ASUS,14-inch,16GB,HP,14-inch,8GB
2,4.482269287109375e-05,-4.25,ASUS,14-inch,16GB,HP,14-inch,16GB
2,-5.5,10.5,ASUS,14-inch,16GB,HP,16-inch,4GB
2,4.5299530029296875e-05,-5.875,ASUS,14-inch,16GB,HP,16-inch,8GB
2,1.0013580322265625e-05,0.25,ASUS,14-inch,16GB,HP,16-inch,16GB
2,-9.0,10.5,ASUS,14-inch,16GB,Dell,13-inch,4GB
2,4.482269287109375e-05,-4.375,ASUS,14-inch,16GB,Dell,13-inch,8GB
2,4.482269287109375e-05,-3.875,ASUS,14-inch,16GB,Dell,13-inch,16GB
2,-0.00188446044921875,4.25,ASUS,14-inch,16GB,Dell,14-inch,4GB
2,4.5299530029296875e-05,-5.125,ASUS,14-inch,16GB,Dell,14-inch,8GB
2,4.482269287109375e-05,-4.0,ASUS,14-inch,16GB,Dell,14-inch,16GB
2,-2.578125,10.4375,ASUS,14-inch,16GB,Dell,16-inch,4GB
2,4.5299530029296875e-05,-5.75,ASUS,14-inch,16GB,Dell,16-inch,8GB
2,-7.772445678710938e-05,1.5,ASUS,14-inch,16GB,Dell,16-inch,16GB
2,-7.5,10.5,ASUS,14-inch,16GB,Apple,13-inch,4GB
2,4.5299530029296875e-05,-5.875,ASUS,14-inch,16GB,Apple,13-inch,8GB
2,3.743171691894531e-05,-1.25,ASUS,14-inch,16GB,Apple,13-inch,16GB
2,-0.82421875,9.9375,ASUS,14-inch,16GB,Apple,14-inch,4GB
2,4.5299530029296875e-05,-6.5,ASUS,14-inch,16GB,Apple,14-inch,8GB
2,3.838539123535156e-05,-1.375,ASUS,14-inch,16GB,Apple,14-inch,16GB
2,-1.5,10.25,ASUS,14-inch,16GB,Apple,16-inch,4GB
2,4.506111145019531e-05,-4.625,ASUS,14-inch,16GB,Apple,16-inch,8GB
2,-1.2874603271484375e-05,0.75,ASUS,14-inch,16GB,Apple,16-inch,16GB
2,4.482269287109375e-05,-4.25,ASUS,16-inch,4GB,ASUS,13-inch,4GB
2,-17.75,10.5,ASUS,16-inch,4GB,ASUS,13-inch,8GB
2,-0.004058837890625,5.0,ASUS,16-inch,4GB,ASUS,13-inch,16GB
2,4.482269287109375e-05,-4.25,ASUS,16-inch,4GB,ASUS,14-inch,4GB
2,-18.875,10.5,ASUS,16-inch,4GB,ASUS,14-inch,8GB
2,-9.0,10.5,ASUS,16-inch,4GB,ASUS,14-inch,16GB
2,-10.0,10.5,ASUS,16-inch,4GB,ASUS,16-inch,8GB
2,-6.25,10.5,ASUS,16-inch,4GB,ASUS,16-inch,16GB
2,2.384185791015625e-05,-0.25,ASUS,16-inch,4GB,Lenovo,13-inch,4GB
2,-15.125,10.5,ASUS,16-inch,4GB,Lenovo,13-inch,8GB
2,-0.0001583099365234375,2.0,ASUS,16-inch,4GB,Lenovo,13-inch,16GB
2,3.62396240234375e-05,-1.125,ASUS,16-inch,4GB,Lenovo,14-inch,4GB
2,-14.875,10.5,ASUS,16-inch,4GB,Lenovo,14-inch,8GB
2,-0.0002899169921875,2.5,ASUS,16-inch,4GB,Lenovo,14-inch,16GB
2,-0.38671875,9.375,ASUS,16-inch,4GB,Lenovo,16-inch,4GB
2,-14.625,10.5,ASUS,16-inch,4GB,Lenovo,16-inch,8GB
2,-7.772445678710938e-05,1.5,ASUS,16-inch,4GB,Lenovo,16-inch,16GB
2,4.4345855712890625e-05,-3.375,ASUS,16-inch,4GB,HP,13-inch,4GB
2,-15.875,10.5,ASUS,16-inch,4GB,HP,13-inch,8GB
2,-2.956390380859375e-05,1.0,ASUS,16-inch,4GB,HP,13-inch,16GB
2,4.482269287109375e-05,-4.0,ASUS,16-inch,4GB,HP,14-inch,4GB
2,-15.625,10.5,ASUS,16-inch,4GB,HP,14-inch,8GB
2,-0.0002899169921875,2.5,ASUS,16-inch,4GB,HP,14-inch,16GB
2,1.0013580322265625e-05,0.25,ASUS,16-inch,4GB,HP,16-inch,4GB
2,-15.0,10.5,ASUS,16-inch,4GB,HP,16-inch,8GB
2,2.384185791015625e-05,-0.25,ASUS,16-inch,4GB,HP,16-inch,16GB
2,4.1484832763671875e-05,-2.0,ASUS,16-inch,4GB,Dell,13-inch,4GB
2,-15.125,10.5,ASUS,16-inch,4GB,Dell,13-inch,8GB
2,-1.2874603271484375e-05,0.75,ASUS,16-inch,4GB,Dell,13-inch,16GB
2,4.1961669921875e-05,-2.125,ASUS,16-inch,4GB,Dell,14-inch,4GB
2,-15.125,10.5,ASUS,16-inch,4GB,Dell,14-inch,8GB
2,-0.0002155303955078125,2.25,ASUS,16-inch,4GB,Dell,14-inch,16GB
2,-0.0024261474609375,4.5,ASUS,16-inch,4GB,Dell,16-inch,4GB
2,-14.75,10.5,ASUS,16-inch,4GB,Dell,16-inch,8GB
2,1.0013580322265625e-05,0.25,ASUS,16-inch,4GB,Dell,16-inch,16GB
2,-0.0001583099365234375,2.0,ASUS,16-inch,4GB,Apple,13-inch,4GB
2,-14.0,10.5,ASUS,16-inch,4GB,Apple,13-inch,8GB
2,-0.000385284423828125,2.75,ASUS,16-inch,4GB,Apple,13-inch,16GB
2,-5.054473876953125e-05,1.25,ASUS,16-inch,4GB,Apple,14-inch,4GB
2,-12.75,10.5,ASUS,16-inch,4GB,Apple,14-inch,8GB
2,-0.0002899169921875,2.5,ASUS,16-inch,4GB,Apple,14-inch,16GB
2,-0.00145721435546875,4.0,ASUS,16-inch,4GB,Apple,16-inch,4GB
2,-12.25,10.5,ASUS,16-inch,4GB,Apple,16-inch,8GB
2,-2.0503997802734375e-05,0.875,ASUS,16-inch,4GB,Apple,16-inch,16GB
2,-11.5,10.5,ASUS,16-inch,8GB,ASUS,13-inch,4GB
2,-3.9577484130859375e-05,1.125,ASUS,16-inch,8GB,ASUS,13-inch,8GB
2,-4.25,10.5,ASUS,16-inch,8GB,ASUS,13-inch,16GB
2,-13.25,10.5,ASUS,16-inch,8GB,ASUS,14-inch,4GB
2,-0.0002899169921875,2.5,ASUS,16-inch,8GB,ASUS,14-inch,8GB
2,-9.0,10.5,ASUS,16-inch,8GB,ASUS,14-inch,16GB
2,-5.054473876953125e-05,1.25,ASUS,16-inch,8GB,ASUS,16-inch,4GB
2,-0.000385284423828125,2.75,ASUS,16-inch,8GB,ASUS,16-inch,16GB
2,-5.25,10.5,ASUS,16-inch,8GB,Lenovo,13-inch,4GB
2,4.100799560546875e-05,-1.875,ASUS,16-inch,8GB,Lenovo,13-inch,8GB
2,-3.046875,10.4375,ASUS,16-inch,8GB,Lenovo,13-inch,16GB
2,-8.5,10.5,ASUS,16-inch,8GB,Lenovo,14-inch,4GB
2,3.528594970703125e-05,-1.0,ASUS,16-inch,8GB,Lenovo,14-inch,8GB
2,-7.75,10.5,ASUS,16-inch,8GB,Lenovo,14-inch,16GB
2,-9.489059448242188e-05,1.625,ASUS,16-inch,8GB,Lenovo,16-inch,4GB
2,4.4345855712890625e-05,-3.25,ASUS,16-inch,8GB,Lenovo,16-inch,8GB
2,-0.0002155303955078125,2.25,ASUS,16-inch,8GB,Lenovo,16-inch,16GB
2,-0.00145721435546875,4.0,ASUS,16-inch,8GB,HP,13-inch,4GB
2,4.0531158447265625e-05,-1.75,ASUS,16-inch,8GB,HP,13-inch,8GB
2,-0.10009765625,8.125,ASUS,16-inch,8GB,HP,13-inch,16GB
2,-8.25,10.5,ASUS,16-inch,8GB,HP,14-inch,4GB
2,3.62396240234375e-05,-1.125,ASUS,16-inch,8GB,HP,14-inch,8GB
2,-7.25,10.5,ASUS,16-inch,8GB,HP,14-inch,16GB
2,1.4066696166992188e-05,0.125,ASUS,16-inch,8GB,HP,16-inch,4GB
2,4.482269287109375e-05,-4.125,ASUS,16-inch,8GB,HP,16-inch,8GB
2,-0.000133514404296875,1.875,ASUS,16-inch,8GB,HP,16-inch,16GB
2,-0.0002899169921875,2.5,ASUS,16-inch,8GB,Dell,13-inch,4GB
2,4.1484832763671875e-05,-2.0,ASUS,16-inch,8GB,Dell,13-inch,8GB
2,-0.69140625,9.8125,ASUS,16-inch,8GB,Dell,13-inch,16GB
2,-4.03125,10.5,ASUS,16-inch,8GB,Dell,14-inch,4GB
2,3.3855438232421875e-05,-0.875,ASUS,16-inch,8GB,Dell,14-inch,8GB
2,-7.75,10.5,ASUS,16-inch,8GB,Dell,14-inch,16GB
2,3.0517578125e-05,-0.625,ASUS,16-inch,8GB,Dell,16-inch,4GB
2,4.458427429199219e-05,-3.625,ASUS,16-inch,8GB,Dell,16-inch,8GB
2,-0.0002899169921875,2.5,ASUS,16-inch,8GB,Dell,16-inch,16GB
2,-0.006683349609375,5.5,ASUS,16-inch,8GB,Apple,13-inch,4GB
2,1.4066696166992188e-05,0.125,ASUS,16-inch,8GB,Apple,13-inch,8GB
2,-0.000865936279296875,3.5,ASUS,16-inch,8GB,Apple,13-inch,16GB
2,-7.5,10.5,ASUS,16-inch,8GB,Apple,14-inch,4GB
2,0.0,0.5,ASUS,16-inch,8GB,Apple,14-inch,8GB
2,-0.048583984375,7.4375,ASUS,16-inch,8GB,Apple,14-inch,16GB
2,-2.956390380859375e-05,1.0,ASUS,16-inch,8GB,Apple,16-inch,4GB
2,2.6345252990722656e-05,-0.375,ASUS,16-inch,8GB,Apple,16-inch,8GB
2,-0.0001583099365234375,2.0,ASUS,16-inch,8GB,Apple,16-inch,16GB
2,-15.625,10.5,ASUS,16-inch,16GB,ASUS,13-inch,4GB
2,-5.5,10.5,ASUS,16-inch,16GB,ASUS,13-inch,8GB
2,-7.0,10.5,ASUS,16-inch,16GB,ASUS,13-inch,16GB
2,-15.625,10.5,ASUS,16-inch,16GB,ASUS,14-inch,4GB
2,-8.25,10.5,ASUS,16-inch,16GB,ASUS,14-inch,8GB
2,-7.5,10.5,ASUS,16-inch,16GB,ASUS,14-inch,16GB
2,-8.25,10.5,ASUS,16-inch,16GB,ASUS,16-inch,4GB
2,-5.75,10.5,ASUS,16-inch,16GB,ASUS,16-inch,8GB
2,-11.0,10.5,ASUS,16-inch,16GB,Lenovo,13-inch,4GB
2,-0.000865936279296875,3.5,ASUS,16-inch,16GB,Lenovo,13-inch,8GB
2,-2.578125,10.4375,ASUS,16-inch,16GB,Lenovo,13-inch,16GB
2,-11.875,10.5,ASUS,16-inch,16GB,Lenovo,14-inch,4GB
2,-0.82421875,9.9375,ASUS,16-inch,16GB,Lenovo,14-inch,8GB
2,-2.8125,10.4375,ASUS,16-inch,16GB,Lenovo,14-inch,16GB
2,-6.75,10.5,ASUS,16-inch,16GB,Lenovo,16-inch,4GB
2,-0.000579833984375,3.125,ASUS,16-inch,16GB,Lenovo,16-inch,8GB
2,5.245208740234375e-06,0.375,ASUS,16-inch,16GB,Lenovo,16-inch,16GB
2,-10.5,10.5,ASUS,16-inch,16GB,HP,13-inch,4GB
2,-0.000507354736328125,3.0,ASUS,16-inch,16GB,HP,13-inch,8GB
2,-0.251953125,9.0,ASUS,16-inch,16GB,HP,13-inch,16GB
2,-11.5,10.5,ASUS,16-inch,16GB,HP,14-inch,4GB
2,-0.00518798828125,5.25,ASUS,16-inch,16GB,HP,14-inch,8GB
2,-0.82421875,9.9375,ASUS,16-inch,16GB,HP,14-inch,16GB
2,-4.75,10.5,ASUS,16-inch,16GB,HP,16-inch,4GB
2,-0.0002899169921875,2.5,ASUS,16-inch,16GB,HP,16-inch,8GB
2,2.09808349609375e-05,-0.125,ASUS,16-inch,16GB,HP,16-inch,16GB
2,-9.75,10.5,ASUS,16-inch,16GB,Dell,13-inch,4GB
2,-0.000579833984375,3.125,ASUS,16-inch,16GB,Dell,13-inch,8GB
2,-0.16015625,8.5625,ASUS,16-inch,16GB,Dell,13-inch,16GB
2,-10.5,10.5,ASUS,16-inch,16GB,Dell,14-inch,4GB
2,-0.023193359375,6.75,ASUS,16-inch,16GB,Dell,14-inch,8GB
2,-0.38671875,9.375,ASUS,16-inch,16GB,Dell,14-inch,16GB
2,-1.5,10.25,ASUS,16-inch,16GB,Dell,16-inch,4GB
2,-0.0003337860107421875,2.625,ASUS,16-inch,16GB,Dell,16-inch,8GB
2,5.245208740234375e-06,0.375,ASUS,16-inch,16GB,Dell,16-inch,16GB
2,-8.5,10.5,ASUS,16-inch,16GB,Apple,13-inch,4GB
2,-9.489059448242188e-05,1.625,ASUS,16-inch,16GB,Apple,13-inch,8GB
2,-0.000865936279296875,3.5,ASUS,16-inch,16GB,Apple,13-inch,16GB
2,-9.25,10.5,ASUS,16-inch,16GB,Apple,14-inch,4GB
2,-0.0002498626708984375,2.375,ASUS,16-inch,16GB,Apple,14-inch,8GB
2,-0.000865936279296875,3.5,ASUS,16-inch,16GB,Apple,14-inch,16GB
2,-0.00188446044921875,4.25,ASUS,16-inch,16GB,Apple,16-inch,4GB
2,3.3855438232421875e-05,-0.875,ASUS,16-inch,16GB,Apple,16-inch,8GB
2,1.0013580322265625e-05,0.25,ASUS,16-inch,16GB,Apple,16-inch,16GB
2,3.838539123535156e-05,-1.375,Lenovo,13-inch,4GB,ASUS,13-inch,4GB
2,-16.625,10.5,Lenovo,13-inch,4GB,ASUS,13-inch,8GB
2,-12.125,10.5,Lenovo,13-inch,4GB,ASUS,13-inch,16GB
2,3.24249267578125e-05,-0.75,Lenovo,13-inch,4GB,ASUS,14-inch,4GB
2,-17.125,10.5,Lenovo,13-inch,4GB,ASUS,14-inch,8GB
2,-14.0,10.5,Lenovo,13-inch,4GB,ASUS,14-inch,16GB
2,-8.25,10.5,Lenovo,13-inch,4GB,ASUS,16-inch,4GB
2,-14.0,10.5,Lenovo,13-inch,4GB,ASUS,16-inch,8GB
2,-8.75,10.5,Lenovo,13-inch,4GB,ASUS,16-inch,16GB
2,-11.75,10.5,Lenovo,13-inch,4GB,Lenovo,13-inch,8GB
2,-0.010986328125,6.0,Lenovo,13-inch,4GB,Lenovo,13-inch,16GB
2,-2.956390380859375e-05,1.0,Lenovo,13-inch,4GB,Lenovo,14-inch,4GB
2,-19.0,10.5,Lenovo,13-inch,4GB,Lenovo,14-inch,8GB
2,-15.5,10.5,Lenovo,13-inch,4GB,Lenovo,14-inch,16GB
2,-8.75,10.5,Lenovo,13-inch,4GB,Lenovo,16-inch,4GB
2,-16.25,10.5,Lenovo,13-inch,4GB,Lenovo,16-inch,8GB
2,-14.125,10.5,Lenovo,13-inch,4GB,Lenovo,16-inch,16GB
2,4.291534423828125e-05,-2.375,Lenovo,13-inch,4GB,HP,13-inch,4GB
2,-16.75,10.5,Lenovo,13-inch,4GB,HP,13-inch,8GB
2,-12.25,10.5,Lenovo,13-inch,4GB,HP,13-inch,16GB
2,4.291534423828125e-05,-2.375,Lenovo,13-inch,4GB,HP,14-inch,4GB
2,-17.25,10.5,Lenovo,13-inch,4GB,HP,14-inch,8GB
2,-14.125,10.5,Lenovo,13-inch,4GB,HP,14-inch,16GB
2,-4.75,10.5,Lenovo,13-inch,4GB,HP,16-inch,4GB
2,-15.375,10.5,Lenovo,13-inch,4GB,HP,16-inch,8GB
2,-11.25,10.5,Lenovo,13-inch,4GB,HP,16-inch,16GB
2,1.7762184143066406e-05,0.0,Lenovo,13-inch,4GB,Dell,13-inch,4GB
2,-16.625,10.5,Lenovo,13-inch,4GB,Dell,13-inch,8GB
2,-12.375,10.5,Lenovo,13-inch,4GB,Dell,13-inch,16GB
2,0.0,0.5,Lenovo,13-inch,4GB,Dell,14-inch,4GB
2,-17.125,10.5,Lenovo,13-inch,4GB,Dell,14-inch,8GB
2,-14.0,10.5,Lenovo,13-inch,4GB,Dell,14-inch,16GB
2,-7.75,10.5,Lenovo,13-inch,4GB,Dell,16-inch,4GB
2,-14.25,10.5,Lenovo,13-inch,4GB,Dell,16-inch,8GB
2,-11.0,10.5,Lenovo,13-inch,4GB,Dell,16-inch,16GB
2,-0.00011301040649414062,1.75,Lenovo,13-inch,4GB,Apple,13-inch,4GB
2,-15.375,10.5,Lenovo,13-inch,4GB,Apple,13-inch,8GB
2,-10.0,10.5,Lenovo,13-inch,4GB,Apple,13-inch,16GB
2,0.0,0.5,Lenovo,13-inch,4GB,Apple,14-inch,4GB
2,-15.0,10.5,Lenovo,13-inch,4GB,Apple,14-inch,8GB
2,-11.0,10.5,Lenovo,13-inch,4GB,Apple,14-inch,16GB
2,-0.01409912109375,6.25,Lenovo,13-inch,4GB,Apple,16-inch,4GB
2,-0.00112152099609375,3.75,Lenovo,13-inch,4GB,Apple,16-inch,8GB
2,-0.000507354736328125,3.0,Lenovo,13-inch,4GB,Apple,16-inch,16GB
2,4.5299530029296875e-05,-7.5,Lenovo,13-inch,8GB,ASUS,13-inch,4GB
2,4.5299530029296875e-05,-5.125,Lenovo,13-inch,8GB,ASUS,13-inch,8GB
2,4.482269287109375e-05,-4.0,Lenovo,13-inch,8GB,ASUS,13-inch,16GB
2,4.5299530029296875e-05,-6.0,Lenovo,13-inch,8GB,ASUS,14-inch,4GB
2,4.5299530029296875e-05,-5.25,Lenovo,13-inch,8GB,ASUS,14-inch,8GB
2,4.2438507080078125e-05,-2.25,Lenovo,13-inch,8GB,ASUS,14-inch,16GB
2,4.482269287109375e-05,-3.875,Lenovo,13-inch,8GB,ASUS,16-inch,4GB
2,4.482269287109375e-05,-4.5,Lenovo,13-inch,8GB,ASUS,16-inch,8GB
2,4.38690185546875e-05,-3.0,Lenovo,13-inch,8GB,ASUS,16-inch,16GB
2,4.5299530029296875e-05,-5.625,Lenovo,13-inch,8GB,Lenovo,13-inch,4GB
2,4.506111145019531e-05,-4.75,Lenovo,13-inch,8GB,Lenovo,13-inch,16GB
2,-8.0,10.5,Lenovo,13-inch,8GB,Lenovo,14-inch,4GB
2,3.528594970703125e-05,-1.0,Lenovo,13-inch,8GB,Lenovo,14-inch,8GB
2,4.3392181396484375e-05,-2.625,Lenovo,13-inch,8GB,Lenovo,14-inch,16GB
2,-0.000385284423828125,2.75,Lenovo,13-inch,8GB,Lenovo,16-inch,4GB
2,2.86102294921875e-05,-0.5,Lenovo,13-inch,8GB,Lenovo,16-inch,8GB
2,4.38690185546875e-05,-2.875,Lenovo,13-inch,8GB,Lenovo,16-inch,16GB
2,4.5299530029296875e-05,-8.375,Lenovo,13-inch,8GB,HP,13-inch,4GB
2,4.506111145019531e-05,-5.0,Lenovo,13-inch,8GB,HP,13-inch,8GB
2,4.4345855712890625e-05,-3.25,Lenovo,13-inch,8GB,HP,13-inch,16GB
2,4.5299530029296875e-05,-6.625,Lenovo,13-inch,8GB,HP,14-inch,4GB
2,4.482269287109375e-05,-4.5,Lenovo,13-inch,8GB,HP,14-inch,8GB
2,4.00543212890625e-05,-1.625,Lenovo,13-inch,8GB,HP,14-inch,16GB
2,4.4345855712890625e-05,-3.5,Lenovo,13-inch,8GB,HP,16-inch,4GB
2,4.482269287109375e-05,-3.875,Lenovo,13-inch,8GB,HP,16-inch,8GB
2,4.291534423828125e-05,-2.375,Lenovo,13-inch,8GB,HP,16-inch,16GB
2,4.5299530029296875e-05,-8.5,Lenovo,13-inch,8GB,Dell,13-inch,4GB
2,4.506111145019531e-05,-4.75,Lenovo,13-inch,8GB,Dell,13-inch,8GB
2,4.4345855712890625e-05,-3.25,Lenovo,13-inch,8GB,Dell,13-inch,16GB
2,4.5299530029296875e-05,-7.0,Lenovo,13-inch,8GB,Dell,14-inch,4GB
2,4.506111145019531e-05,-4.75,Lenovo,13-inch,8GB,Dell,14-inch,8GB
2,4.0531158447265625e-05,-1.75,Lenovo,13-inch,8GB,Dell,14-inch,16GB
2,4.482269287109375e-05,-4.375,Lenovo,13-inch,8GB,Dell,16-inch,4GB
2,4.3392181396484375e-05,-2.75,Lenovo,13-inch,8GB,Dell,16-inch,8GB
2,4.1961669921875e-05,-2.125,Lenovo,13-inch,8GB,Dell,16-inch,16GB
2,4.5299530029296875e-05,-6.5,Lenovo,13-inch,8GB,Apple,13-inch,4GB
2,4.2438507080078125e-05,-2.25,Lenovo,13-inch,8GB,Apple,13-inch,8GB
2,4.38690185546875e-05,-3.0,Lenovo,13-inch,8GB,Apple,13-inch,16GB
2,4.482269287109375e-05,-4.125,Lenovo,13-inch,8GB,Apple,14-inch,4GB
2,4.482269287109375e-05,-4.0,Lenovo,13-inch,8GB,Apple,14-inch,8GB
2,4.00543212890625e-05,-1.625,Lenovo,13-inch,8GB,Apple,14-inch,16GB
2,4.1484832763671875e-05,-2.0,Lenovo,13-inch,8GB,Apple,16-inch,4GB
2,3.910064697265625e-05,-1.5,Lenovo,13-inch,8GB,Apple,16-inch,8GB
2,4.410743713378906e-05,-3.125,Lenovo,13-inch,8GB,Apple,16-inch,16GB
2,-0.010986328125,6.0,Lenovo,13-inch,16GB,ASUS,13-inch,4GB
2,4.5299530029296875e-05,-5.25,Lenovo,13-inch,16GB,ASUS,13-inch,8GB
2,4.482269287109375e-05,-3.875,Lenovo,13-inch,16GB,ASUS,13-inch,16GB
2,-3.046875,10.4375,Lenovo,13-inch,16GB,ASUS,14-inch,4GB
2,4.5299530029296875e-05,-6.375,Lenovo,13-inch,16GB,ASUS,14-inch,8GB
2,4.482269287109375e-05,-3.75,Lenovo,13-inch,16GB,ASUS,14-inch,16GB
2,-0.000385284423828125,2.75,Lenovo,13-inch,16GB,ASUS,16-inch,4GB
2,4.5299530029296875e-05,-6.875,Lenovo,13-inch,16GB,ASUS,16-inch,8GB
2,-0.00011301040649414062,1.75,Lenovo,13-inch,16GB,ASUS,16-inch,16GB
2,-6.198883056640625e-06,0.625,Lenovo,13-inch,16GB,Lenovo,13-inch,4GB
2,3.3855438232421875e-05,-0.875,Lenovo,13-inch,16GB,Lenovo,13-inch,8GB
2,-10.25,10.5,Lenovo,13-inch,16GB,Lenovo,14-inch,4GB
2,4.506111145019531e-05,-4.625,Lenovo,13-inch,16GB,Lenovo,14-inch,8GB
2,3.838539123535156e-05,-1.375,Lenovo,13-inch,16GB,Lenovo,14-inch,16GB
2,-7.5,10.5,Lenovo,13-inch,16GB,Lenovo,16-inch,4GB
2,4.506111145019531e-05,-4.75,Lenovo,13-inch,16GB,Lenovo,16-inch,8GB
2,-0.023193359375,6.75,Lenovo,13-inch,16GB,Lenovo,16-inch,16GB
2,-0.0001850128173828125,2.125,Lenovo,13-inch,16GB,HP,13-inch,4GB
2,4.5299530029296875e-05,-5.625,Lenovo,13-inch,16GB,HP,13-inch,8GB
2,4.482269287109375e-05,-3.875,Lenovo,13-inch,16GB,HP,13-inch,16GB
2,-0.048583984375,7.4375,Lenovo,13-inch,16GB,HP,14-inch,4GB
2,4.5299530029296875e-05,-6.875,Lenovo,13-inch,16GB,HP,14-inch,8GB
2,4.4345855712890625e-05,-3.25,Lenovo,13-inch,16GB,HP,14-inch,16GB
2,-0.0002155303955078125,2.25,Lenovo,13-inch,16GB,HP,16-inch,4GB
2,4.5299530029296875e-05,-6.875,Lenovo,13-inch,16GB,HP,16-inch,8GB
2,-7.772445678710938e-05,1.5,Lenovo,13-inch,16GB,HP,16-inch,16GB
2,-0.00011301040649414062,1.75,Lenovo,13-inch,16GB,Dell,13-inch,4GB
2,4.5299530029296875e-05,-6.25,Lenovo,13-inch,16GB,Dell,13-inch,8GB
2,4.482269287109375e-05,-4.0,Lenovo,13-inch,16GB,Dell,13-inch,16GB
2,-0.00066375732421875,3.25,Lenovo,13-inch,16GB,Dell,14-inch,4GB
2,4.5299530029296875e-05,-7.0,Lenovo,13-inch,16GB,Dell,14-inch,8GB
2,4.4345855712890625e-05,-3.5,Lenovo,13-inch,16GB,Dell,14-inch,16GB
2,-3.9577484130859375e-05,1.125,Lenovo,13-inch,16GB,Dell,16-inch,4GB
2,4.5299530029296875e-05,-6.875,Lenovo,13-inch,16GB,Dell,16-inch,8GB
2,-7.772445678710938e-05,1.5,Lenovo,13-inch,16GB,Dell,16-inch,16GB
2,-0.0002899169921875,2.5,Lenovo,13-inch,16GB,Apple,13-inch,4GB
2,4.5299530029296875e-05,-7.0,Lenovo,13-inch,16GB,Apple,13-inch,8GB
2,3.910064697265625e-05,-1.5,Lenovo,13-inch,16GB,Apple,13-inch,16GB
2,-0.00066375732421875,3.25,Lenovo,13-inch,16GB,Apple,14-inch,4GB
2,4.5299530029296875e-05,-6.875,Lenovo,13-inch,16GB,Apple,14-inch,8GB
2,4.3392181396484375e-05,-2.75,Lenovo,13-inch,16GB,Apple,14-inch,16GB
2,-0.0002899169921875,2.5,Lenovo,13-inch,16GB,Apple,16-inch,4GB
2,4.5299530029296875e-05,-5.75,Lenovo,13-inch,16GB,Apple,16-inch,8GB
2,-2.956390380859375e-05,1.0,Lenovo,13-inch,16GB,Apple,16-inch,16GB
2,4.291534423828125e-05,-2.5,Lenovo,14-inch,4GB,ASUS,13-inch,4GB
2,-17.375,10.5,Lenovo,14-inch,4GB,ASUS,13-inch,8GB
2,-14.125,10.5,Lenovo,14-inch,4GB,ASUS,13-inch,16GB
2,3.0517578125e-05,-0.625,Lenovo,14-inch,4GB,ASUS,14-inch,4GB
2,-16.5,10.5,Lenovo,14-inch,4GB,ASUS,14-inch,8GB
2,-13.125,10.5,Lenovo,14-inch,4GB,ASUS,14-inch,16GB
2,-7.5,10.5,Lenovo,14-inch,4GB,ASUS,16-inch,4GB
2,-15.5,10.5,Lenovo,14-inch,4GB,ASUS,16-inch,8GB
2,-10.5,10.5,Lenovo,14-inch,4GB,ASUS,16-inch,16GB
2,2.86102294921875e-05,-0.5,Lenovo,14-inch,4GB,Lenovo,13-inch,4GB
2,-19.125,10.5,Lenovo,14-inch,4GB,Lenovo,13-inch,8GB
2,-15.125,10.5,Lenovo,14-inch,4GB,Lenovo,13-inch,16GB
2,-12.5,10.5,Lenovo,14-inch,4GB,Lenovo,14-inch,8GB
2,-8.25,10.5,Lenovo,14-inch,4GB,Lenovo,14-inch,16GB
2,-9.0,10.5,Lenovo,14-inch,4GB,Lenovo,16-inch,4GB
2,-17.375,10.5,Lenovo,14-inch,4GB,Lenovo,16-inch,8GB
2,-14.5,10.5,Lenovo,14-inch,4GB,Lenovo,16-inch,16GB
2,4.482269287109375e-05,-4.25,Lenovo,14-inch,4GB,HP,13-inch,4GB
2,-17.625,10.5,Lenovo,14-inch,4GB,HP,13-inch,8GB
2,-13.75,10.5,Lenovo,14-inch,4GB,HP,13-inch,16GB
2,4.3392181396484375e-05,-2.75,Lenovo,14-inch,4GB,HP,14-inch,4GB
2,-17.375,10.5,Lenovo,14-inch,4GB,HP,14-inch,8GB
2,-13.625,10.5,Lenovo,14-inch,4GB,HP,14-inch,16GB
2,-4.5,10.5,Lenovo,14-inch,4GB,HP,16-inch,4GB
2,-17.125,10.5,Lenovo,14-inch,4GB,HP,16-inch,8GB
2,-11.375,10.5,Lenovo,14-inch,4GB,HP,16-inch,16GB
2,3.838539123535156e-05,-1.375,Lenovo,14-inch,4GB,Dell,13-inch,4GB
2,-17.5,10.5,Lenovo,14-inch,4GB,Dell,13-inch,8GB
2,-13.75,10.5,Lenovo,14-inch,4GB,Dell,13-inch,16GB
2,-6.198883056640625e-06,0.625,Lenovo,14-inch,4GB,Dell,14-inch,4GB
2,-16.875,10.5,Lenovo,14-inch,4GB,Dell,14-inch,8GB
2,-13.625,10.5,Lenovo,14-inch,4GB,Dell,14-inch,16GB
2,-7.75,10.5,Lenovo,14-inch,4GB,Dell,16-inch,4GB
2,-16.0,10.5,Lenovo,14-inch,4GB,Dell,16-inch,8GB
2,-11.625,10.5,Lenovo,14-inch,4GB,Dell,16-inch,16GB
2,2.384185791015625e-05,-0.25,Lenovo,14-inch,4GB,Apple,13-inch,4GB
2,-15.75,10.5,Lenovo,14-inch,4GB,Apple,13-inch,8GB
2,-11.75,10.5,Lenovo,14-inch,4GB,Apple,13-inch,16GB
2,-2.956390380859375e-05,1.0,Lenovo,14-inch,4GB,Apple,14-inch,4GB
2,-15.25,10.5,Lenovo,14-inch,4GB,Apple,14-inch,8GB
2,-10.25,10.5,Lenovo,14-inch,4GB,Apple,14-inch,16GB
2,-0.000865936279296875,3.5,Lenovo,14-inch,4GB,Apple,16-inch,4GB
2,-7.0,10.5,Lenovo,14-inch,4GB,Apple,16-inch,8GB
2,-0.00188446044921875,4.25,Lenovo,14-inch,4GB,Apple,16-inch,16GB
2,3.910064697265625e-05,-1.5,Lenovo,14-inch,8GB,ASUS,13-inch,4GB
2,4.5299530029296875e-05,-5.375,Lenovo,14-inch,8GB,ASUS,13-inch,8GB
2,4.1484832763671875e-05,-2.0,Lenovo,14-inch,8GB,ASUS,13-inch,16GB
2,4.5299530029296875e-05,-5.625,Lenovo,14-inch,8GB,ASUS,14-inch,4GB
2,4.5299530029296875e-05,-5.25,Lenovo,14-inch,8GB,ASUS,14-inch,8GB
2,4.482269287109375e-05,-3.875,Lenovo,14-inch,8GB,ASUS,14-inch,16GB
2,3.528594970703125e-05,-1.0,Lenovo,14-inch,8GB,ASUS,16-inch,4GB
2,4.506111145019531e-05,-5.0,Lenovo,14-inch,8GB,ASUS,16-inch,8GB
2,4.100799560546875e-05,-1.875,Lenovo,14-inch,8GB,ASUS,16-inch,16GB
2,-10.75,10.5,Lenovo,14-inch,8GB,Lenovo,13-inch,4GB
2,3.743171691894531e-05,-1.25,Lenovo,14-inch,8GB,Lenovo,13-inch,8GB
2,4.100799560546875e-05,-1.875,Lenovo,14-inch,8GB,Lenovo,13-inch,16GB
2,4.4345855712890625e-05,-3.375,Lenovo,14-inch,8GB,Lenovo,14-inch,4GB
2,4.506111145019531e-05,-4.625,Lenovo,14-inch,8GB,Lenovo,14-inch,16GB
2,-5.25,10.5,Lenovo,14-inch,8GB,Lenovo,16-inch,4GB
2,3.24249267578125e-05,-0.75,Lenovo,14-inch,8GB,Lenovo,16-inch,8GB
2,4.00543212890625e-05,-1.625,Lenovo,14-inch,8GB,Lenovo,16-inch,16GB
2,4.482269287109375e-05,-3.875,Lenovo,14-inch,8GB,HP,13-inch,4GB
2,4.506111145019531e-05,-4.75,Lenovo,14-inch,8GB,HP,13-inch,8GB
2,3.743171691894531e-05,-1.25,Lenovo,14-inch,8GB,HP,13-inch,16GB
2,4.5299530029296875e-05,-6.875,Lenovo,14-inch,8GB,HP,14-inch,4GB
2,4.5299530029296875e-05,-5.25,Lenovo,14-inch,8GB,HP,14-inch,8GB
2,4.38690185546875e-05,-3.0,Lenovo,14-inch,8GB,HP,14-inch,16GB
2,3.743171691894531e-05,-1.25,Lenovo,14-inch,8GB,HP,16-inch,4GB
2,4.482269287109375e-05,-4.5,Lenovo,14-inch,8GB,HP,16-inch,8GB
2,3.743171691894531e-05,-1.25,Lenovo,14-inch,8GB,HP,16-inch,16GB
2,4.482269287109375e-05,-4.25,Lenovo,14-inch,8GB,Dell,13-inch,4GB
2,4.5299530029296875e-05,-5.125,Lenovo,14-inch,8GB,Dell,13-inch,8GB
2,3.743171691894531e-05,-1.25,Lenovo,14-inch,8GB,Dell,13-inch,16GB
2,4.5299530029296875e-05,-6.875,Lenovo,14-inch,8GB,Dell,14-inch,4GB
2,4.506111145019531e-05,-4.75,Lenovo,14-inch,8GB,Dell,14-inch,8GB
2,4.38690185546875e-05,-3.0,Lenovo,14-inch,8GB,Dell,14-inch,16GB
2,4.1484832763671875e-05,-2.0,Lenovo,14-inch,8GB,Dell,16-inch,4GB
2,4.4345855712890625e-05,-3.25,Lenovo,14-inch,8GB,Dell,16-inch,8GB
2,3.838539123535156e-05,-1.375,Lenovo,14-inch,8GB,Dell,16-inch,16GB
2,4.38690185546875e-05,-3.0,Lenovo,14-inch,8GB,Apple,13-inch,4GB
2,4.1484832763671875e-05,-2.0,Lenovo,14-inch,8GB,Apple,13-inch,8GB
2,3.743171691894531e-05,-1.25,Lenovo,14-inch,8GB,Apple,13-inch,16GB
2,4.506111145019531e-05,-4.625,Lenovo,14-inch,8GB,Apple,14-inch,4GB
2,4.291534423828125e-05,-2.375,Lenovo,14-inch,8GB,Apple,14-inch,8GB
2,4.3392181396484375e-05,-2.75,Lenovo,14-inch,8GB,Apple,14-inch,16GB
2,3.24249267578125e-05,-0.75,Lenovo,14-inch,8GB,Apple,16-inch,4GB
2,4.0531158447265625e-05,-1.75,Lenovo,14-inch,8GB,Apple,16-inch,8GB
2,4.3392181396484375e-05,-2.75,Lenovo,14-inch,8GB,Apple,16-inch,16GB
2,-10.75,10.5,Lenovo,14-inch,16GB,ASUS,13-inch,4GB
2,4.4345855712890625e-05,-3.375,Lenovo,14-inch,16GB,ASUS,13-inch,8GB
2,4.4345855712890625e-05,-3.375,Lenovo,14-inch,16GB,ASUS,13-inch,16GB
2,-7.0,10.5,Lenovo,14-inch,16GB,ASUS,14-inch,4GB
2,4.506111145019531e-05,-4.875,Lenovo,14-inch,16GB,ASUS,14-inch,8GB
2,4.482269287109375e-05,-3.875,Lenovo,14-inch,16GB,ASUS,14-inch,16GB
2,-5.5,10.5,Lenovo,14-inch,16GB,ASUS,16-inch,4GB
2,4.5299530029296875e-05,-6.125,Lenovo,14-inch,16GB,ASUS,16-inch,8GB
2,-0.00011301040649414062,1.75,Lenovo,14-inch,16GB,ASUS,16-inch,16GB
2,-14.0,10.5,Lenovo,14-inch,16GB,Lenovo,13-inch,4GB
2,3.24249267578125e-05,-0.75,Lenovo,14-inch,16GB,Lenovo,13-inch,8GB
2,5.245208740234375e-06,0.375,Lenovo,14-inch,16GB,Lenovo,13-inch,16GB
2,-7.25,10.5,Lenovo,14-inch,16GB,Lenovo,14-inch,4GB
2,5.245208740234375e-06,0.375,Lenovo,14-inch,16GB,Lenovo,14-inch,8GB
2,-9.0,10.5,Lenovo,14-inch,16GB,Lenovo,16-inch,4GB
2,4.4345855712890625e-05,-3.5,Lenovo,14-inch,16GB,Lenovo,16-inch,8GB
2,-7.25,10.5,Lenovo,14-inch,16GB,Lenovo,16-inch,16GB
2,-10.25,10.5,Lenovo,14-inch,16GB,HP,13-inch,4GB
2,4.482269287109375e-05,-4.5,Lenovo,14-inch,16GB,HP,13-inch,8GB
2,4.4345855712890625e-05,-3.25,Lenovo,14-inch,16GB,HP,13-inch,16GB
2,-5.25,10.5,Lenovo,14-inch,16GB,HP,14-inch,4GB
2,4.5299530029296875e-05,-5.125,Lenovo,14-inch,16GB,HP,14-inch,8GB
2,4.482269287109375e-05,-3.75,Lenovo,14-inch,16GB,HP,14-inch,16GB
2,-6.75,10.5,Lenovo,14-inch,16GB,HP,16-inch,4GB
2,4.5299530029296875e-05,-6.25,Lenovo,14-inch,16GB,HP,16-inch,8GB
2,-0.00011301040649414062,1.75,Lenovo,14-inch,16GB,HP,16-inch,16GB
2,-10.5,10.5,Lenovo,14-inch,16GB,Dell,13-inch,4GB
2,4.482269287109375e-05,-4.375,Lenovo,14-inch,16GB,Dell,13-inch,8GB
2,4.410743713378906e-05,-3.125,Lenovo,14-inch,16GB,Dell,13-inch,16GB
2,-0.57421875,9.6875,Lenovo,14-inch,16GB,Dell,14-inch,4GB
2,4.5299530029296875e-05,-5.625,Lenovo,14-inch,16GB,Dell,14-inch,8GB
2,4.458427429199219e-05,-3.625,Lenovo,14-inch,16GB,Dell,14-inch,16GB
2,-2.578125,10.4375,Lenovo,14-inch,16GB,Dell,16-inch,4GB
2,4.5299530029296875e-05,-6.125,Lenovo,14-inch,16GB,Dell,16-inch,8GB
2,-0.00011301040649414062,1.75,Lenovo,14-inch,16GB,Dell,16-inch,16GB
2,-7.0,10.5,Lenovo,14-inch,16GB,Apple,13-inch,4GB
2,4.5299530029296875e-05,-6.0,Lenovo,14-inch,16GB,Apple,13-inch,8GB
2,3.62396240234375e-05,-1.125,Lenovo,14-inch,16GB,Apple,13-inch,16GB
2,-0.010986328125,6.0,Lenovo,14-inch,16GB,Apple,14-inch,4GB
2,4.5299530029296875e-05,-6.75,Lenovo,14-inch,16GB,Apple,14-inch,8GB
2,3.743171691894531e-05,-1.25,Lenovo,14-inch,16GB,Apple,14-inch,16GB
2,-0.06201171875,7.6875,Lenovo,14-inch,16GB,Apple,16-inch,4GB
2,4.5299530029296875e-05,-5.25,Lenovo,14-inch,16GB,Apple,16-inch,8GB
2,-1.2874603271484375e-05,0.75,Lenovo,14-inch,16GB,Apple,16-inch,16GB
2,4.458427429199219e-05,-3.625,Lenovo,16-inch,4GB,ASUS,13-inch,4GB
2,-15.0,10.5,Lenovo,16-inch,4GB,ASUS,13-inch,8GB
2,0.0,0.5,Lenovo,16-inch,4GB,ASUS,13-inch,16GB
2,4.5299530029296875e-05,-5.125,Lenovo,16-inch,4GB,ASUS,14-inch,4GB
2,-15.0,10.5,Lenovo,16-inch,4GB,ASUS,14-inch,8GB
2,-0.00011301040649414062,1.75,Lenovo,16-inch,4GB,ASUS,14-inch,16GB
2,3.3855438232421875e-05,-0.875,Lenovo,16-inch,4GB,ASUS,16-inch,4GB
2,-14.875,10.5,Lenovo,16-inch,4GB,ASUS,16-inch,8GB
2,-1.2874603271484375e-05,0.75,Lenovo,16-inch,4GB,ASUS,16-inch,16GB
2,4.5299530029296875e-05,-6.125,Lenovo,16-inch,4GB,Lenovo,13-inch,4GB
2,-17.625,10.5,Lenovo,16-inch,4GB,Lenovo,13-inch,8GB
2,-0.00066375732421875,3.25,Lenovo,16-inch,4GB,Lenovo,13-inch,16GB
2,4.506111145019531e-05,-4.75,Lenovo,16-inch,4GB,Lenovo,14-inch,4GB
2,-18.5,10.5,Lenovo,16-inch,4GB,Lenovo,14-inch,8GB
2,-9.5,10.5,Lenovo,16-inch,4GB,Lenovo,14-inch,16GB
2,-10.0,10.5,Lenovo,16-inch,4GB,Lenovo,16-inch,8GB
2,-3.53125,10.5,Lenovo,16-inch,4GB,Lenovo,16-inch,16GB
2,4.5299530029296875e-05,-5.625,Lenovo,16-inch,4GB,HP,13-inch,4GB
2,-16.0,10.5,Lenovo,16-inch,4GB,HP,13-inch,8GB
2,-1.2874603271484375e-05,0.75,Lenovo,16-inch,4GB,HP,13-inch,16GB
2,4.5299530029296875e-05,-5.75,Lenovo,16-inch,4GB,HP,14-inch,4GB
2,-15.75,10.5,Lenovo,16-inch,4GB,HP,14-inch,8GB
2,-0.0002899169921875,2.5,Lenovo,16-inch,4GB,HP,14-inch,16GB
2,4.458427429199219e-05,-3.625,Lenovo,16-inch,4GB,HP,16-inch,4GB
2,-16.0,10.5,Lenovo,16-inch,4GB,HP,16-inch,8GB
2,0.0,0.5,Lenovo,16-inch,4GB,HP,16-inch,16GB
2,4.482269287109375e-05,-4.25,Lenovo,16-inch,4GB,Dell,13-inch,4GB
2,-15.5,10.5,Lenovo,16-inch,4GB,Dell,13-inch,8GB
2,0.0,0.5,Lenovo,16-inch,4GB,Dell,13-inch,16GB
2,4.482269287109375e-05,-4.25,Lenovo,16-inch,4GB,Dell,14-inch,4GB
2,-15.625,10.5,Lenovo,16-inch,4GB,Dell,14-inch,8GB
2,-0.0001583099365234375,2.0,Lenovo,16-inch,4GB,Dell,14-inch,16GB
2,0.0,0.5,Lenovo,16-inch,4GB,Dell,16-inch,4GB
2,-16.125,10.5,Lenovo,16-inch,4GB,Dell,16-inch,8GB
2,-7.772445678710938e-05,1.5,Lenovo,16-inch,4GB,Dell,16-inch,16GB
2,3.3855438232421875e-05,-0.875,Lenovo,16-inch,4GB,Apple,13-inch,4GB
2,-13.5,10.5,Lenovo,16-inch,4GB,Apple,13-inch,8GB
2,-0.0002899169921875,2.5,Lenovo,16-inch,4GB,Apple,13-inch,16GB
2,4.1961669921875e-05,-2.125,Lenovo,16-inch,4GB,Apple,14-inch,4GB
2,-12.25,10.5,Lenovo,16-inch,4GB,Apple,14-inch,8GB
2,-0.0002155303955078125,2.25,Lenovo,16-inch,4GB,Apple,14-inch,16GB
2,0.0,0.5,Lenovo,16-inch,4GB,Apple,16-inch,4GB
2,-11.625,10.5,Lenovo,16-inch,4GB,Apple,16-inch,8GB
2,1.0013580322265625e-05,0.25,Lenovo,16-inch,4GB,Apple,16-inch,16GB
2,-0.57421875,9.6875,Lenovo,16-inch,8GB,ASUS,13-inch,4GB
2,4.2438507080078125e-05,-2.25,Lenovo,16-inch,8GB,ASUS,13-inch,8GB
2,-0.006683349609375,5.5,Lenovo,16-inch,8GB,ASUS,13-inch,16GB
2,-7.5,10.5,Lenovo,16-inch,8GB,ASUS,14-inch,4GB
2,4.1961669921875e-05,-2.125,Lenovo,16-inch,8GB,ASUS,14-inch,8GB
2,-6.75,10.5,Lenovo,16-inch,8GB,ASUS,14-inch,16GB
2,-3.9577484130859375e-05,1.125,Lenovo,16-inch,8GB,ASUS,16-inch,4GB
2,4.506111145019531e-05,-4.625,Lenovo,16-inch,8GB,ASUS,16-inch,8GB
2,-0.0001850128173828125,2.125,Lenovo,16-inch,8GB,ASUS,16-inch,16GB
2,-10.0,10.5,Lenovo,16-inch,8GB,Lenovo,13-inch,4GB
2,0.0,0.5,Lenovo,16-inch,8GB,Lenovo,13-inch,8GB
2,-5.25,10.5,Lenovo,16-inch,8GB,Lenovo,13-inch,16GB
2,-11.75,10.5,Lenovo,16-inch,8GB,Lenovo,14-inch,4GB
2,-1.2874603271484375e-05,0.75,Lenovo,16-inch,8GB,Lenovo,14-inch,8GB
2,-9.5,10.5,Lenovo,16-inch,8GB,Lenovo,14-inch,16GB
2,2.86102294921875e-05,-0.5,Lenovo,16-inch,8GB,Lenovo,16-inch,4GB
2,-0.0002899169921875,2.5,Lenovo,16-inch,8GB,Lenovo,16-inch,16GB
2,-0.0001583099365234375,2.0,Lenovo,16-inch,8GB,HP,13-inch,4GB
2,4.0531158447265625e-05,-1.75,Lenovo,16-inch,8GB,HP,13-inch,8GB
2,-1.5,10.25,Lenovo,16-inch,8GB,HP,13-inch,16GB
2,-4.03125,10.5,Lenovo,16-inch,8GB,HP,14-inch,4GB
2,3.910064697265625e-05,-1.5,Lenovo,16-inch,8GB,HP,14-inch,8GB
2,-7.75,10.5,Lenovo,16-inch,8GB,HP,14-inch,16GB
2,3.0517578125e-05,-0.625,Lenovo,16-inch,8GB,HP,16-inch,4GB
2,4.482269287109375e-05,-4.375,Lenovo,16-inch,8GB,HP,16-inch,8GB
2,-0.0002155303955078125,2.25,Lenovo,16-inch,8GB,HP,16-inch,16GB
2,-0.0001583099365234375,2.0,Lenovo,16-inch,8GB,Dell,13-inch,4GB
2,4.2438507080078125e-05,-2.25,Lenovo,16-inch,8GB,Dell,13-inch,8GB
2,-3.53125,10.5,Lenovo,16-inch,8GB,Dell,13-inch,16GB
2,-0.0031280517578125,4.75,Lenovo,16-inch,8GB,Dell,14-inch,4GB
2,4.100799560546875e-05,-1.875,Lenovo,16-inch,8GB,Dell,14-inch,8GB
2,-8.25,10.5,Lenovo,16-inch,8GB,Dell,14-inch,16GB
2,3.24249267578125e-05,-0.75,Lenovo,16-inch,8GB,Dell,16-inch,4GB
2,4.482269287109375e-05,-3.875,Lenovo,16-inch,8GB,Dell,16-inch,8GB
2,-0.000385284423828125,2.75,Lenovo,16-inch,8GB,Dell,16-inch,16GB
2,-0.0002498626708984375,2.375,Lenovo,16-inch,8GB,Apple,13-inch,4GB
2,3.0517578125e-05,-0.625,Lenovo,16-inch,8GB,Apple,13-inch,8GB
2,-0.000865936279296875,3.5,Lenovo,16-inch,8GB,Apple,13-inch,16GB
2,-0.474609375,9.5,Lenovo,16-inch,8GB,Apple,14-inch,4GB
2,3.528594970703125e-05,-1.0,Lenovo,16-inch,8GB,Apple,14-inch,8GB
2,-0.006683349609375,5.5,Lenovo,16-inch,8GB,Apple,14-inch,16GB
2,2.6345252990722656e-05,-0.375,Lenovo,16-inch,8GB,Apple,16-inch,4GB
2,4.2438507080078125e-05,-2.25,Lenovo,16-inch,8GB,Apple,16-inch,8GB
2,-7.772445678710938e-05,1.5,Lenovo,16-inch,8GB,Apple,16-inch,16GB
2,-10.25,10.5,Lenovo,16-inch,16GB,ASUS,13-inch,4GB
2,-0.00066375732421875,3.25,Lenovo,16-inch,16GB,ASUS,13-inch,8GB
2,-5.75,10.5,Lenovo,16-inch,16GB,ASUS,13-inch,16GB
2,-12.0,10.5,Lenovo,16-inch,16GB,ASUS,14-inch,4GB
2,-0.010986328125,6.0,Lenovo,16-inch,16GB,ASUS,14-inch,8GB
2,-4.25,10.5,Lenovo,16-inch,16GB,ASUS,14-inch,16GB
2,-5.25,10.5,Lenovo,16-inch,16GB,ASUS,16-inch,4GB
2,-0.000507354736328125,3.0,Lenovo,16-inch,16GB,ASUS,16-inch,8GB
2,2.6345252990722656e-05,-0.375,Lenovo,16-inch,16GB,ASUS,16-inch,16GB
2,-14.5,10.5,Lenovo,16-inch,16GB,Lenovo,13-inch,4GB
2,-0.474609375,9.5,Lenovo,16-inch,16GB,Lenovo,13-inch,8GB
2,-6.75,10.5,Lenovo,16-inch,16GB,Lenovo,13-inch,16GB
2,-15.625,10.5,Lenovo,16-inch,16GB,Lenovo,14-inch,4GB
2,-6.5,10.5,Lenovo,16-inch,16GB,Lenovo,14-inch,8GB
2,-7.5,10.5,Lenovo,16-inch,16GB,Lenovo,14-inch,16GB
2,-7.5,10.5,Lenovo,16-inch,16GB,Lenovo,16-inch,4GB
2,-4.03125,10.5,Lenovo,16-inch,16GB,Lenovo,16-inch,8GB
2,-10.0,10.5,Lenovo,16-inch,16GB,HP,13-inch,4GB
2,-0.0002155303955078125,2.25,Lenovo,16-inch,16GB,HP,13-inch,8GB
2,-0.126953125,8.375,Lenovo,16-inch,16GB,HP,13-inch,16GB
2,-11.0,10.5,Lenovo,16-inch,16GB,HP,14-inch,4GB
2,-0.00066375732421875,3.25,Lenovo,16-inch,16GB,HP,14-inch,8GB
2,-1.140625,10.125,Lenovo,16-inch,16GB,HP,14-inch,16GB
2,-0.048583984375,7.4375,Lenovo,16-inch,16GB,HP,16-inch,4GB
2,-0.0001850128173828125,2.125,Lenovo,16-inch,16GB,HP,16-inch,8GB
2,3.0517578125e-05,-0.625,Lenovo,16-inch,16GB,HP,16-inch,16GB
2,-10.0,10.5,Lenovo,16-inch,16GB,Dell,13-inch,4GB
2,-0.0002498626708984375,2.375,Lenovo,16-inch,16GB,Dell,13-inch,8GB
2,-0.3125,9.1875,Lenovo,16-inch,16GB,Dell,13-inch,16GB
2,-10.5,10.5,Lenovo,16-inch,16GB,Dell,14-inch,4GB
2,-0.000865936279296875,3.5,Lenovo,16-inch,16GB,Dell,14-inch,8GB
2,-0.69140625,9.8125,Lenovo,16-inch,16GB,Dell,14-inch,16GB
2,-0.00145721435546875,4.0,Lenovo,16-inch,16GB,Dell,16-inch,4GB
2,-0.0001583099365234375,2.0,Lenovo,16-inch,16GB,Dell,16-inch,8GB
2,2.384185791015625e-05,-0.25,Lenovo,16-inch,16GB,Dell,16-inch,16GB
2,-7.75,10.5,Lenovo,16-inch,16GB,Apple,13-inch,4GB
2,1.0013580322265625e-05,0.25,Lenovo,16-inch,16GB,Apple,13-inch,8GB
2,-0.000385284423828125,2.75,Lenovo,16-inch,16GB,Apple,13-inch,16GB
2,-8.5,10.5,Lenovo,16-inch,16GB,Apple,14-inch,4GB
2,-3.9577484130859375e-05,1.125,Lenovo,16-inch,16GB,Apple,14-inch,8GB
2,-0.000507354736328125,3.0,Lenovo,16-inch,16GB,Apple,14-inch,16GB
2,-0.00066375732421875,3.25,Lenovo,16-inch,16GB,Apple,16-inch,4GB
2,3.838539123535156e-05,-1.375,Lenovo,16-inch,16GB,Apple,16-inch,8GB
2,2.86102294921875e-05,-0.5,Lenovo,16-inch,16GB,Apple,16-inch,16GB
2,-0.00518798828125,5.25,HP,13-inch,4GB,ASUS,13-inch,4GB
2,-17.125,10.5,HP,13-inch,4GB,ASUS,13-inch,8GB
2,-12.625,10.5,HP,13-inch,4GB,ASUS,13-inch,16GB
2,-0.023193359375,6.75,HP,13-inch,4GB,ASUS,14-inch,4GB
2,-17.75,10.5,HP,13-inch,4GB,ASUS,14-inch,8GB
2,-14.875,10.5,HP,13-inch,4GB,ASUS,14-inch,16GB
2,-10.75,10.5,HP,13-inch,4GB,ASUS,16-inch,4GB
2,-15.125,10.5,HP,13-inch,4GB,ASUS,16-inch,8GB
2,-10.75,10.5,HP,13-inch,4GB,ASUS,16-inch,16GB
2,-6.75,10.5,HP,13-inch,4GB,Lenovo,13-inch,4GB
2,-16.875,10.5,HP,13-inch,4GB,Lenovo,13-inch,8GB
2,-12.625,10.5,HP,13-inch,4GB,Lenovo,13-inch,16GB
2,-7.5,10.5,HP,13-inch,4GB,Lenovo,14-inch,4GB
2,-17.5,10.5,HP,13-inch,4GB,Lenovo,14-inch,8GB
2,-13.75,10.5,HP,13-inch,4GB,Lenovo,14-inch,16GB
2,-10.5,10.5,HP,13-inch,4GB,Lenovo,16-inch,4GB
2,-14.75,10.5,HP,13-inch,4GB,Lenovo,16-inch,8GB
2,-11.625,10.5,HP,13-inch,4GB,Lenovo,16-inch,16GB
2,-12.0,10.5,HP,13-inch,4GB,HP,13-inch,8GB
2,-5.5,10.5,HP,13-inch,4GB,HP,13-inch,16GB
2,-0.00011301040649414062,1.75,HP,13-inch,4GB,HP,14-inch,4GB
2,-19.25,10.5,HP,13-inch,4GB,HP,14-inch,8GB
2,-15.75,10.5,HP,13-inch,4GB,HP,14-inch,16GB
2,-9.0,10.5,HP,13-inch,4GB,HP,16-inch,4GB
2,-17.25,10.5,HP,13-inch,4GB,HP,16-inch,8GB
2,-14.625,10.5,HP,13-inch,4GB,HP,16-inch,16GB
2,-0.006683349609375,5.5,HP,13-inch,4GB,Dell,13-inch,4GB
2,-17.5,10.5,HP,13-inch,4GB,Dell,13-inch,8GB
2,-12.75,10.5,HP,13-inch,4GB,Dell,13-inch,16GB
2,-1.3125,10.1875,HP,13-inch,4GB,Dell,14-inch,4GB
2,-17.875,10.5,HP,13-inch,4GB,Dell,14-inch,8GB
2,-14.25,10.5,HP,13-inch,4GB,Dell,14-inch,16GB
2,-10.25,10.5,HP,13-inch,4GB,Dell,16-inch,4GB
2,-16.125,10.5,HP,13-inch,4GB,Dell,16-inch,8GB
2,-12.5,10.5,HP,13-inch,4GB,Dell,16-inch,16GB
2,-6.5,10.5,HP,13-inch,4GB,Apple,13-inch,4GB
2,-15.875,10.5,HP,13-inch,4GB,Apple,13-inch,8GB
2,-10.5,10.5,HP,13-inch,4GB,Apple,13-inch,16GB
2,-0.02978515625,6.96875,HP,13-inch,4GB,Apple,14-inch,4GB
2,-17.0,10.5,HP,13-inch,4GB,Apple,14-inch,8GB
2,-12.5,10.5,HP,13-inch,4GB,Apple,14-inch,16GB
2,-8.25,10.5,HP,13-inch,4GB,Apple,16-inch,4GB
2,-9.0,10.5,HP,13-inch,4GB,Apple,16-inch,8GB
2,-7.5,10.5,HP,13-inch,4GB,Apple,16-inch,16GB
2,4.5299530029296875e-05,-6.625,HP,13-inch,8GB,ASUS,13-inch,4GB
2,4.5299530029296875e-05,-5.375,HP,13-inch,8GB,ASUS,13-inch,8GB
2,4.482269287109375e-05,-4.25,HP,13-inch,8GB,ASUS,13-inch,16GB
2,4.5299530029296875e-05,-5.125,HP,13-inch,8GB,ASUS,14-inch,4GB
2,4.5299530029296875e-05,-5.25,HP,13-inch,8GB,ASUS,14-inch,8GB
2,4.38690185546875e-05,-2.875,HP,13-inch,8GB,ASUS,14-inch,16GB
2,4.410743713378906e-05,-3.125,HP,13-inch,8GB,ASUS,16-inch,4GB
2,4.38690185546875e-05,-2.875,HP,13-inch,8GB,ASUS,16-inch,8GB
2,4.4345855712890625e-05,-3.5,HP,13-inch,8GB,ASUS,16-inch,16GB
2,4.5299530029296875e-05,-5.75,HP,13-inch,8GB,Lenovo,13-inch,4GB
2,4.506111145019531e-05,-4.75,HP,13-inch,8GB,Lenovo,13-inch,8GB
2,4.458427429199219e-05,-3.625,HP,13-inch,8GB,Lenovo,13-inch,16GB
2,4.4345855712890625e-05,-3.375,HP,13-inch,8GB,Lenovo,14-inch,4GB
2,4.506111145019531e-05,-4.75,HP,13-inch,8GB,Lenovo,14-inch,8GB
2,4.291534423828125e-05,-2.375,HP,13-inch,8GB,Lenovo,14-inch,16GB
2,3.743171691894531e-05,-1.25,HP,13-inch,8GB,Lenovo,16-inch,4GB
2,4.1484832763671875e-05,-2.0,HP,13-inch,8GB,Lenovo,16-inch,8GB
2,4.291534423828125e-05,-2.5,HP,13-inch,8GB,Lenovo,16-inch,16GB
2,4.5299530029296875e-05,-5.875,HP,13-inch,8GB,HP,13-inch,4GB
2,4.5299530029296875e-05,-5.125,HP,13-inch,8GB,HP,13-inch,16GB
2,-8.25,10.5,HP,13-inch,8GB,HP,14-inch,4GB
2,3.910064697265625e-05,-1.5,HP,13-inch,8GB,HP,14-inch,8GB
2,4.3392181396484375e-05,-2.75,HP,13-inch,8GB,HP,14-inch,16GB
2,-0.0001583099365234375,2.0,HP,13-inch,8GB,HP,16-inch,4GB
2,4.38690185546875e-05,-3.0,HP,13-inch,8GB,HP,16-inch,8GB
2,4.3392181396484375e-05,-2.625,HP,13-inch,8GB,HP,16-inch,16GB
2,4.5299530029296875e-05,-7.75,HP,13-inch,8GB,Dell,13-inch,4GB
2,4.506111145019531e-05,-4.875,HP,13-inch,8GB,Dell,13-inch,8GB
2,4.4345855712890625e-05,-3.25,HP,13-inch,8GB,Dell,13-inch,16GB
2,4.5299530029296875e-05,-6.25,HP,13-inch,8GB,Dell,14-inch,4GB
2,4.506111145019531e-05,-4.625,HP,13-inch,8GB,Dell,14-inch,8GB
2,4.1961669921875e-05,-2.125,HP,13-inch,8GB,Dell,14-inch,16GB
2,4.4345855712890625e-05,-3.5,HP,13-inch,8GB,Dell,16-inch,4GB
2,3.910064697265625e-05,-1.5,HP,13-inch,8GB,Dell,16-inch,8GB
2,4.3392181396484375e-05,-2.625,HP,13-inch,8GB,Dell,16-inch,16GB
2,4.5299530029296875e-05,-5.375,HP,13-inch,8GB,Apple,13-inch,4GB
2,4.291534423828125e-05,-2.5,HP,13-inch,8GB,Apple,13-inch,8GB
2,4.482269287109375e-05,-3.75,HP,13-inch,8GB,Apple,13-inch,16GB
2,4.458427429199219e-05,-3.625,HP,13-inch,8GB,Apple,14-inch,4GB
2,4.482269287109375e-05,-4.0,HP,13-inch,8GB,Apple,14-inch,8GB
2,4.3392181396484375e-05,-2.625,HP,13-inch,8GB,Apple,14-inch,16GB
2,3.528594970703125e-05,-1.0,HP,13-inch,8GB,Apple,16-inch,4GB
2,3.743171691894531e-05,-1.25,HP,13-inch,8GB,Apple,16-inch,8GB
2,4.4345855712890625e-05,-3.5,HP,13-inch,8GB,Apple,16-inch,16GB
2,-0.126953125,8.375,HP,13-inch,16GB,ASUS,13-inch,4GB
2,4.5299530029296875e-05,-5.375,HP,13-inch,16GB,ASUS,13-inch,8GB
2,4.458427429199219e-05,-3.625,HP,13-inch,16GB,ASUS,13-inch,16GB
2,-3.53125,10.5,HP,13-inch,16GB,ASUS,14-inch,4GB
2,4.5299530029296875e-05,-7.0,HP,13-inch,16GB,ASUS,14-inch,8GB
2,4.4345855712890625e-05,-3.25,HP,13-inch,16GB,ASUS,14-inch,16GB
2,-0.00066375732421875,3.25,HP,13-inch,16GB,ASUS,16-inch,4GB
2,4.5299530029296875e-05,-7.0,HP,13-inch,16GB,ASUS,16-inch,8GB
2,-0.000865936279296875,3.5,HP,13-inch,16GB,ASUS,16-inch,16GB
2,-5.5,10.5,HP,13-inch,16GB,Lenovo,13-inch,4GB
2,4.5299530029296875e-05,-5.25,HP,13-inch,16GB,Lenovo,13-inch,8GB
2,4.482269287109375e-05,-4.375,HP,13-inch,16GB,Lenovo,13-inch,16GB
2,-7.25,10.5,HP,13-inch,16GB,Lenovo,14-inch,4GB
2,4.5299530029296875e-05,-6.125,HP,13-inch,16GB,Lenovo,14-inch,8GB
2,4.4345855712890625e-05,-3.5,HP,13-inch,16GB,Lenovo,14-inch,16GB
2,-0.16015625,8.5625,HP,13-inch,16GB,Lenovo,16-inch,4GB
2,4.5299530029296875e-05,-6.375,HP,13-inch,16GB,Lenovo,16-inch,8GB
2,-0.000865936279296875,3.5,HP,13-inch,16GB,Lenovo,16-inch,16GB
2,-5.054473876953125e-05,1.25,HP,13-inch,16GB,HP,13-inch,4GB
2,4.00543212890625e-05,-1.625,HP,13-inch,16GB,HP,13-inch,8GB
2,-9.75,10.5,HP,13-inch,16GB,HP,14-inch,4GB
2,4.5299530029296875e-05,-5.375,HP,13-inch,16GB,HP,14-inch,8GB
2,4.100799560546875e-05,-1.875,HP,13-inch,16GB,HP,14-inch,16GB
2,-6.25,10.5,HP,13-inch,16GB,HP,16-inch,4GB
2,4.5299530029296875e-05,-5.625,HP,13-inch,16GB,HP,16-inch,8GB
2,-1.3125,10.1875,HP,13-inch,16GB,HP,16-inch,16GB
2,-0.000507354736328125,3.0,HP,13-inch,16GB,Dell,13-inch,4GB
2,4.5299530029296875e-05,-6.0,HP,13-inch,16GB,Dell,13-inch,8GB
2,4.482269287109375e-05,-4.25,HP,13-inch,16GB,Dell,13-inch,16GB
2,-0.0002155303955078125,2.25,HP,13-inch,16GB,Dell,14-inch,4GB
2,4.5299530029296875e-05,-7.0,HP,13-inch,16GB,Dell,14-inch,8GB
2,4.4345855712890625e-05,-3.375,HP,13-inch,16GB,Dell,14-inch,16GB
2,-0.000133514404296875,1.875,HP,13-inch,16GB,Dell,16-inch,4GB
2,4.5299530029296875e-05,-7.0,HP,13-inch,16GB,Dell,16-inch,8GB
2,-0.000385284423828125,2.75,HP,13-inch,16GB,Dell,16-inch,16GB
2,-0.0004425048828125,2.875,HP,13-inch,16GB,Apple,13-inch,4GB
2,4.5299530029296875e-05,-7.125,HP,13-inch,16GB,Apple,13-inch,8GB
2,3.528594970703125e-05,-1.0,HP,13-inch,16GB,Apple,13-inch,16GB
2,-0.000385284423828125,2.75,HP,13-inch,16GB,Apple,14-inch,4GB
2,4.5299530029296875e-05,-7.375,HP,13-inch,16GB,Apple,14-inch,8GB
2,4.291534423828125e-05,-2.5,HP,13-inch,16GB,Apple,14-inch,16GB
2,-0.0002498626708984375,2.375,HP,13-inch,16GB,Apple,16-inch,4GB
2,4.5299530029296875e-05,-5.75,HP,13-inch,16GB,Apple,16-inch,8GB
2,-0.0002899169921875,2.5,HP,13-inch,16GB,Apple,16-inch,16GB
2,-0.00112152099609375,3.75,HP,14-inch,4GB,ASUS,13-inch,4GB
2,-18.375,10.5,HP,14-inch,4GB,ASUS,13-inch,8GB
2,-15.0,10.5,HP,14-inch,4GB,ASUS,13-inch,16GB
2,-0.004058837890625,5.0,HP,14-inch,4GB,ASUS,14-inch,4GB
2,-17.0,10.5,HP,14-inch,4GB,ASUS,14-inch,8GB
2,-13.875,10.5,HP,14-inch,4GB,ASUS,14-inch,16GB
2,-10.5,10.5,HP,14-inch,4GB,ASUS,16-inch,4GB
2,-16.125,10.5,HP,14-inch,4GB,ASUS,16-inch,8GB
2,-10.875,10.5,HP,14-inch,4GB,ASUS,16-inch,16GB
2,-7.25,10.5,HP,14-inch,4GB,Lenovo,13-inch,4GB
2,-17.75,10.5,HP,14-inch,4GB,Lenovo,13-inch,8GB
2,-14.25,10.5,HP,14-inch,4GB,Lenovo,13-inch,16GB
2,-6.0,10.5,HP,14-inch,4GB,Lenovo,14-inch,4GB
2,-16.75,10.5,HP,14-inch,4GB,Lenovo,14-inch,8GB
2,-13.625,10.5,HP,14-inch,4GB,Lenovo,14-inch,16GB
2,-10.5,10.5,HP,14-inch,4GB,Lenovo,16-inch,4GB
2,-15.25,10.5,HP,14-inch,4GB,Lenovo,16-inch,8GB
2,-11.625,10.5,HP,14-inch,4GB,Lenovo,16-inch,16GB
2,-5.054473876953125e-05,1.25,HP,14-inch,4GB,HP,13-inch,4GB
2,-19.5,10.5,HP,14-inch,4GB,HP,13-inch,8GB
2,-16.125,10.5,HP,14-inch,4GB,HP,13-inch,16GB
2,-12.75,10.5,HP,14-inch,4GB,HP,14-inch,8GB
2,-8.75,10.5,HP,14-inch,4GB,HP,14-inch,16GB
2,-9.75,10.5,HP,14-inch,4GB,HP,16-inch,4GB
2,-18.125,10.5,HP,14-inch,4GB,HP,16-inch,8GB
2,-15.125,10.5,HP,14-inch,4GB,HP,16-inch,16GB
2,-0.0181884765625,6.46875,HP,14-inch,4GB,Dell,13-inch,4GB
2,-18.875,10.5,HP,14-inch,4GB,Dell,13-inch,8GB
2,-14.0,10.5,HP,14-inch,4GB,Dell,13-inch,16GB
2,-0.06201171875,7.6875,HP,14-inch,4GB,Dell,14-inch,4GB
2,-17.0,10.5,HP,14-inch,4GB,Dell,14-inch,8GB
2,-13.75,10.5,HP,14-inch,4GB,Dell,14-inch,16GB
2,-10.125,10.5,HP,14-inch,4GB,Dell,16-inch,4GB
2,-16.75,10.5,HP,14-inch,4GB,Dell,16-inch,8GB
2,-11.5,10.5,HP,14-inch,4GB,Dell,16-inch,16GB
2,-0.010986328125,6.0,HP,14-inch,4GB,Apple,13-inch,4GB
2,-16.75,10.5,HP,14-inch,4GB,Apple,13-inch,8GB
2,-13.0,10.5,HP,14-inch,4GB,Apple,13-inch,16GB
2,-2.34375,10.375,HP,14-inch,4GB,Apple,14-inch,4GB
2,-15.875,10.5,HP,14-inch,4GB,Apple,14-inch,8GB
2,-10.25,10.5,HP,14-inch,4GB,Apple,14-inch,16GB
2,-7.5,10.5,HP,14-inch,4GB,Apple,16-inch,4GB
2,-10.75,10.5,HP,14-inch,4GB,Apple,16-inch,8GB
2,-7.0,10.5,HP,14-inch,4GB,Apple,16-inch,16GB
2,-0.02978515625,6.96875,HP,14-inch,8GB,ASUS,13-inch,4GB
2,4.5299530029296875e-05,-5.25,HP,14-inch,8GB,ASUS,13-inch,8GB
2,4.2438507080078125e-05,-2.25,HP,14-inch,8GB,ASUS,13-inch,16GB
2,4.482269287109375e-05,-3.875,HP,14-inch,8GB,ASUS,14-inch,4GB
2,4.5299530029296875e-05,-5.375,HP,14-inch,8GB,ASUS,14-inch,8GB
2,4.482269287109375e-05,-4.375,HP,14-inch,8GB,ASUS,14-inch,16GB
2,-0.0001583099365234375,2.0,HP,14-inch,8GB,ASUS,16-inch,4GB
2,4.3392181396484375e-05,-2.75,HP,14-inch,8GB,ASUS,16-inch,8GB
2,4.291534423828125e-05,-2.375,HP,14-inch,8GB,ASUS,16-inch,16GB
2,-4.25,10.5,HP,14-inch,8GB,Lenovo,13-inch,4GB
2,4.506111145019531e-05,-4.625,HP,14-inch,8GB,Lenovo,13-inch,8GB
2,4.0531158447265625e-05,-1.75,HP,14-inch,8GB,Lenovo,13-inch,16GB
2,4.1961669921875e-05,-2.125,HP,14-inch,8GB,Lenovo,14-inch,4GB
2,4.506111145019531e-05,-5.0,HP,14-inch,8GB,Lenovo,14-inch,8GB
2,4.482269287109375e-05,-3.75,HP,14-inch,8GB,Lenovo,14-inch,16GB
2,-0.000579833984375,3.125,HP,14-inch,8GB,Lenovo,16-inch,4GB
2,4.1484832763671875e-05,-2.0,HP,14-inch,8GB,Lenovo,16-inch,8GB
2,3.838539123535156e-05,-1.375,HP,14-inch,8GB,Lenovo,16-inch,16GB
2,-11.5,10.5,HP,14-inch,8GB,HP,13-inch,4GB
2,3.528594970703125e-05,-1.0,HP,14-inch,8GB,HP,13-inch,8GB
2,4.1484832763671875e-05,-2.0,HP,14-inch,8GB,HP,13-inch,16GB
2,3.910064697265625e-05,-1.5,HP,14-inch,8GB,HP,14-inch,4GB
2,4.506111145019531e-05,-4.875,HP,14-inch,8GB,HP,14-inch,16GB
2,-6.25,10.5,HP,14-inch,8GB,HP,16-inch,4GB
2,3.910064697265625e-05,-1.5,HP,14-inch,8GB,HP,16-inch,8GB
2,4.100799560546875e-05,-1.875,HP,14-inch,8GB,HP,16-inch,16GB
2,2.86102294921875e-05,-0.5,HP,14-inch,8GB,Dell,13-inch,4GB
2,4.5299530029296875e-05,-5.125,HP,14-inch,8GB,Dell,13-inch,8GB
2,4.1961669921875e-05,-2.125,HP,14-inch,8GB,Dell,13-inch,16GB
2,4.5299530029296875e-05,-5.125,HP,14-inch,8GB,Dell,14-inch,4GB
2,4.5299530029296875e-05,-5.125,HP,14-inch,8GB,Dell,14-inch,8GB
2,4.4345855712890625e-05,-3.5,HP,14-inch,8GB,Dell,14-inch,16GB
2,2.09808349609375e-05,-0.125,HP,14-inch,8GB,Dell,16-inch,4GB
2,3.838539123535156e-05,-1.375,HP,14-inch,8GB,Dell,16-inch,8GB
2,3.910064697265625e-05,-1.5,HP,14-inch,8GB,Dell,16-inch,16GB
2,3.528594970703125e-05,-1.0,HP,14-inch,8GB,Apple,13-inch,4GB
2,4.00543212890625e-05,-1.625,HP,14-inch,8GB,Apple,13-inch,8GB
2,4.1961669921875e-05,-2.125,HP,14-inch,8GB,Apple,13-inch,16GB
2,4.38690185546875e-05,-2.875,HP,14-inch,8GB,Apple,14-inch,4GB
2,4.2438507080078125e-05,-2.25,HP,14-inch,8GB,Apple,14-inch,8GB
2,4.482269287109375e-05,-3.75,HP,14-inch,8GB,Apple,14-inch,16GB
2,-2.0503997802734375e-05,0.875,HP,14-inch,8GB,Apple,16-inch,4GB
2,3.743171691894531e-05,-1.25,HP,14-inch,8GB,Apple,16-inch,8GB
2,4.38690185546875e-05,-2.875,HP,14-inch,8GB,Apple,16-inch,16GB
2,-11.625,10.5,HP,14-inch,16GB,ASUS,13-inch,4GB
2,4.38690185546875e-05,-3.0,HP,14-inch,16GB,ASUS,13-inch,8GB
2,4.410743713378906e-05,-3.125,HP,14-inch,16GB,ASUS,13-inch,16GB
2,-7.25,10.5,HP,14-inch,16GB,ASUS,14-inch,4GB
2,4.5299530029296875e-05,-5.125,HP,14-inch,16GB,ASUS,14-inch,8GB
2,4.482269287109375e-05,-4.0,HP,14-inch,16GB,ASUS,14-inch,16GB
2,-6.5,10.5,HP,14-inch,16GB,ASUS,16-inch,4GB
2,4.5299530029296875e-05,-6.125,HP,14-inch,16GB,ASUS,16-inch,8GB
2,-0.000865936279296875,3.5,HP,14-inch,16GB,ASUS,16-inch,16GB
2,-12.0,10.5,HP,14-inch,16GB,Lenovo,13-inch,4GB
2,4.4345855712890625e-05,-3.5,HP,14-inch,16GB,Lenovo,13-inch,8GB
2,4.410743713378906e-05,-3.125,HP,14-inch,16GB,Lenovo,13-inch,16GB
2,-9.0,10.5,HP,14-inch,16GB,Lenovo,14-inch,4GB
2,4.482269287109375e-05,-4.375,HP,14-inch,16GB,Lenovo,14-inch,8GB
2,4.506111145019531e-05,-4.625,HP,14-inch,16GB,Lenovo,14-inch,16GB
2,-7.25,10.5,HP,14-inch,16GB,Lenovo,16-inch,4GB
2,4.5299530029296875e-05,-5.625,HP,14-inch,16GB,Lenovo,16-inch,8GB
2,-0.00066375732421875,3.25,HP,14-inch,16GB,Lenovo,16-inch,16GB
2,-14.875,10.5,HP,14-inch,16GB,HP,13-inch,4GB
2,4.00543212890625e-05,-1.625,HP,14-inch,16GB,HP,13-inch,8GB
2,0.0,0.5,HP,14-inch,16GB,HP,13-inch,16GB
2,-7.0,10.5,HP,14-inch,16GB,HP,14-inch,4GB
2,2.86102294921875e-05,-0.5,HP,14-inch,16GB,HP,14-inch,8GB
2,-8.5,10.5,HP,14-inch,16GB,HP,16-inch,4GB
2,4.506111145019531e-05,-4.75,HP,14-inch,16GB,HP,16-inch,8GB
2,-7.75,10.5,HP,14-inch,16GB,HP,16-inch,16GB
2,-11.0,10.5,HP,14-inch,16GB,Dell,13-inch,4GB
2,4.506111145019531e-05,-4.875,HP,14-inch,16GB,Dell,13-inch,8GB
2,4.4345855712890625e-05,-3.375,HP,14-inch,16GB,Dell,13-inch,16GB
2,-6.75,10.5,HP,14-inch,16GB,Dell,14-inch,4GB
2,4.5299530029296875e-05,-5.625,HP,14-inch,16GB,Dell,14-inch,8GB
2,4.482269287109375e-05,-4.375,HP,14-inch,16GB,Dell,14-inch,16GB
2,-0.57421875,9.6875,HP,14-inch,16GB,Dell,16-inch,4GB
2,4.5299530029296875e-05,-6.375,HP,14-inch,16GB,Dell,16-inch,8GB
2,-0.00066375732421875,3.25,HP,14-inch,16GB,Dell,16-inch,16GB
2,-7.0,10.5,HP,14-inch,16GB,Apple,13-inch,4GB
2,4.5299530029296875e-05,-6.125,HP,14-inch,16GB,Apple,13-inch,8GB
2,3.24249267578125e-05,-0.75,HP,14-inch,16GB,Apple,13-inch,16GB
2,-0.10009765625,8.125,HP,14-inch,16GB,Apple,14-inch,4GB
2,4.5299530029296875e-05,-7.25,HP,14-inch,16GB,Apple,14-inch,8GB
2,3.743171691894531e-05,-1.25,HP,14-inch,16GB,Apple,14-inch,16GB
2,-0.00188446044921875,4.25,HP,14-inch,16GB,Apple,16-inch,4GB
2,4.5299530029296875e-05,-5.5,HP,14-inch,16GB,Apple,16-inch,8GB
2,-7.772445678710938e-05,1.5,HP,14-inch,16GB,Apple,16-inch,16GB
2,1.0013580322265625e-05,0.25,HP,16-inch,4GB,ASUS,13-inch,4GB
2,-15.5,10.5,HP,16-inch,4GB,ASUS,13-inch,8GB
2,-0.0002899169921875,2.5,HP,16-inch,4GB,ASUS,13-inch,16GB
2,3.3855438232421875e-05,-0.875,HP,16-inch,4GB,ASUS,14-inch,4GB
2,-15.625,10.5,HP,16-inch,4GB,ASUS,14-inch,8GB
2,-0.000385284423828125,2.75,HP,16-inch,4GB,ASUS,14-inch,16GB
2,-0.3125,9.1875,HP,16-inch,4GB,ASUS,16-inch,4GB
2,-14.875,10.5,HP,16-inch,4GB,ASUS,16-inch,8GB
2,-5.054473876953125e-05,1.25,HP,16-inch,4GB,ASUS,16-inch,16GB
2,-0.00011301040649414062,1.75,HP,16-inch,4GB,Lenovo,13-inch,4GB
2,-15.875,10.5,HP,16-inch,4GB,Lenovo,13-inch,8GB
2,-0.00066375732421875,3.25,HP,16-inch,4GB,Lenovo,13-inch,16GB
2,-2.956390380859375e-05,1.0,HP,16-inch,4GB,Lenovo,14-inch,4GB
2,-16.0,10.5,HP,16-inch,4GB,Lenovo,14-inch,8GB
2,-0.00188446044921875,4.25,HP,16-inch,4GB,Lenovo,14-inch,16GB
2,-7.0,10.5,HP,16-inch,4GB,Lenovo,16-inch,4GB
2,-15.375,10.5,HP,16-inch,4GB,Lenovo,16-inch,8GB
2,-0.0002155303955078125,2.25,HP,16-inch,4GB,Lenovo,16-inch,16GB
2,4.482269287109375e-05,-4.5,HP,16-inch,4GB,HP,13-inch,4GB
2,-18.5,10.5,HP,16-inch,4GB,HP,13-inch,8GB
2,-8.0,10.5,HP,16-inch,4GB,HP,13-inch,16GB
2,4.482269287109375e-05,-3.75,HP,16-inch,4GB,HP,14-inch,4GB
2,-19.25,10.5,HP,16-inch,4GB,HP,14-inch,8GB
2,-10.25,10.5,HP,16-inch,4GB,HP,14-inch,16GB
2,-10.25,10.5,HP,16-inch,4GB,HP,16-inch,8GB
2,-0.023193359375,6.75,HP,16-inch,4GB,HP,16-inch,16GB
2,2.6345252990722656e-05,-0.375,HP,16-inch,4GB,Dell,13-inch,4GB
2,-16.375,10.5,HP,16-inch,4GB,Dell,13-inch,8GB
2,-0.0002899169921875,2.5,HP,16-inch,4GB,Dell,13-inch,16GB
2,2.384185791015625e-05,-0.25,HP,16-inch,4GB,Dell,14-inch,4GB
2,-16.875,10.5,HP,16-inch,4GB,Dell,14-inch,8GB
2,-0.000507354736328125,3.0,HP,16-inch,4GB,Dell,14-inch,16GB
2,-0.57421875,9.6875,HP,16-inch,4GB,Dell,16-inch,4GB
2,-16.5,10.5,HP,16-inch,4GB,Dell,16-inch,8GB
2,-0.0001583099365234375,2.0,HP,16-inch,4GB,Dell,16-inch,16GB
2,-0.0002155303955078125,2.25,HP,16-inch,4GB,Apple,13-inch,4GB
2,-15.25,10.5,HP,16-inch,4GB,Apple,13-inch,8GB
2,-0.00112152099609375,3.75,HP,16-inch,4GB,Apple,13-inch,16GB
2,-7.772445678710938e-05,1.5,HP,16-inch,4GB,Apple,14-inch,4GB
2,-14.5,10.5,HP,16-inch,4GB,Apple,14-inch,8GB
2,-0.000507354736328125,3.0,HP,16-inch,4GB,Apple,14-inch,16GB
2,-0.0024261474609375,4.5,HP,16-inch,4GB,Apple,16-inch,4GB
2,-12.75,10.5,HP,16-inch,4GB,Apple,16-inch,8GB
2,-1.2874603271484375e-05,0.75,HP,16-inch,4GB,Apple,16-inch,16GB
2,-7.25,10.5,HP,16-inch,8GB,ASUS,13-inch,4GB
2,4.00543212890625e-05,-1.625,HP,16-inch,8GB,ASUS,13-inch,8GB
2,-0.000507354736328125,3.0,HP,16-inch,8GB,ASUS,13-inch,16GB
2,-8.75,10.5,HP,16-inch,8GB,ASUS,14-inch,4GB
2,3.838539123535156e-05,-1.375,HP,16-inch,8GB,ASUS,14-inch,8GB
2,-0.00188446044921875,4.25,HP,16-inch,8GB,ASUS,14-inch,16GB
2,-0.0002899169921875,2.5,HP,16-inch,8GB,ASUS,16-inch,4GB
2,4.482269287109375e-05,-4.5,HP,16-inch,8GB,ASUS,16-inch,8GB
2,-1.2874603271484375e-05,0.75,HP,16-inch,8GB,ASUS,16-inch,16GB
2,-5.75,10.5,HP,16-inch,8GB,Lenovo,13-inch,4GB
2,3.910064697265625e-05,-1.5,HP,16-inch,8GB,Lenovo,13-inch,8GB
2,-0.000865936279296875,3.5,HP,16-inch,8GB,Lenovo,13-inch,16GB
2,-9.0,10.5,HP,16-inch,8GB,Lenovo,14-inch,4GB
2,3.3855438232421875e-05,-0.875,HP,16-inch,8GB,Lenovo,14-inch,8GB
2,-0.006683349609375,5.5,HP,16-inch,8GB,Lenovo,14-inch,16GB
2,-0.000507354736328125,3.0,HP,16-inch,8GB,Lenovo,16-inch,4GB
2,4.38690185546875e-05,-3.0,HP,16-inch,8GB,Lenovo,16-inch,8GB
2,-3.9577484130859375e-05,1.125,HP,16-inch,8GB,Lenovo,16-inch,16GB
2,-10.25,10.5,HP,16-inch,8GB,HP,13-inch,4GB
2,0.0,0.5,HP,16-inch,8GB,HP,13-inch,8GB
2,-0.0181884765625,6.46875,HP,16-inch,8GB,HP,13-inch,16GB
2,-12.5,10.5,HP,16-inch,8GB,HP,14-inch,4GB
2,-7.772445678710938e-05,1.5,HP,16-inch,8GB,HP,14-inch,8GB
2,-5.75,10.5,HP,16-inch,8GB,HP,14-inch,16GB
2,0.0,0.5,HP,16-inch,8GB,HP,16-inch,4GB
2,-0.00011301040649414062,1.75,HP,16-inch,8GB,HP,16-inch,16GB
2,-0.000507354736328125,3.0,HP,16-inch,8GB,Dell,13-inch,4GB
2,3.838539123535156e-05,-1.375,HP,16-inch,8GB,Dell,13-inch,8GB
2,-0.00066375732421875,3.25,HP,16-inch,8GB,Dell,13-inch,16GB
2,-4.25,10.5,HP,16-inch,8GB,Dell,14-inch,4GB
2,3.743171691894531e-05,-1.25,HP,16-inch,8GB,Dell,14-inch,8GB
2,-0.10009765625,8.125,HP,16-inch,8GB,Dell,14-inch,16GB
2,0.0,0.5,HP,16-inch,8GB,Dell,16-inch,4GB
2,4.4345855712890625e-05,-3.25,HP,16-inch,8GB,Dell,16-inch,8GB
2,-7.772445678710938e-05,1.5,HP,16-inch,8GB,Dell,16-inch,16GB
2,-0.00188446044921875,4.25,HP,16-inch,8GB,Apple,13-inch,4GB
2,1.4066696166992188e-05,0.125,HP,16-inch,8GB,Apple,13-inch,8GB
2,-0.000385284423828125,2.75,HP,16-inch,8GB,Apple,13-inch,16GB
2,-5.5,10.5,HP,16-inch,8GB,Apple,14-inch,4GB
2,1.4066696166992188e-05,0.125,HP,16-inch,8GB,Apple,14-inch,8GB
2,-0.000507354736328125,3.0,HP,16-inch,8GB,Apple,14-inch,16GB
2,0.0,0.5,HP,16-inch,8GB,Apple,16-inch,4GB
2,3.0517578125e-05,-0.625,HP,16-inch,8GB,Apple,16-inch,8GB
2,0.0,0.5,HP,16-inch,8GB,Apple,16-inch,16GB
2,-12.0,10.5,HP,16-inch,16GB,ASUS,13-inch,4GB
2,-0.00145721435546875,4.0,HP,16-inch,16GB,ASUS,13-inch,8GB
2,-7.0,10.5,HP,16-inch,16GB,ASUS,13-inch,16GB
2,-12.875,10.5,HP,16-inch,16GB,ASUS,14-inch,4GB
2,-0.69140625,9.8125,HP,16-inch,16GB,ASUS,14-inch,8GB
2,-7.0,10.5,HP,16-inch,16GB,ASUS,14-inch,16GB
2,-7.0,10.5,HP,16-inch,16GB,ASUS,16-inch,4GB
2,-0.000507354736328125,3.0,HP,16-inch,16GB,ASUS,16-inch,8GB
2,1.4066696166992188e-05,0.125,HP,16-inch,16GB,ASUS,16-inch,16GB
2,-11.75,10.5,HP,16-inch,16GB,Lenovo,13-inch,4GB
2,-0.00066375732421875,3.25,HP,16-inch,16GB,Lenovo,13-inch,8GB
2,-5.25,10.5,HP,16-inch,16GB,Lenovo,13-inch,16GB
2,-13.25,10.5,HP,16-inch,16GB,Lenovo,14-inch,4GB
2,-0.01409912109375,6.25,HP,16-inch,16GB,Lenovo,14-inch,8GB
2,-6.25,10.5,HP,16-inch,16GB,Lenovo,14-inch,16GB
2,-8.0,10.5,HP,16-inch,16GB,Lenovo,16-inch,4GB
2,-0.000507354736328125,3.0,HP,16-inch,16GB,Lenovo,16-inch,8GB
2,5.245208740234375e-06,0.375,HP,16-inch,16GB,Lenovo,16-inch,16GB
2,-15.25,10.5,HP,16-inch,16GB,HP,13-inch,4GB
2,-0.10009765625,8.125,HP,16-inch,16GB,HP,13-inch,8GB
2,-6.25,10.5,HP,16-inch,16GB,HP,13-inch,16GB
2,-16.625,10.5,HP,16-inch,16GB,HP,14-inch,4GB
2,-6.75,10.5,HP,16-inch,16GB,HP,14-inch,8GB
2,-7.25,10.5,HP,16-inch,16GB,HP,14-inch,16GB
2,-8.25,10.5,HP,16-inch,16GB,HP,16-inch,4GB
2,-2.125,10.375,HP,16-inch,16GB,HP,16-inch,8GB
2,-10.5,10.5,HP,16-inch,16GB,Dell,13-inch,4GB
2,-0.0002899169921875,2.5,HP,16-inch,16GB,Dell,13-inch,8GB
2,-1.703125,10.3125,HP,16-inch,16GB,Dell,13-inch,16GB
2,-11.75,10.5,HP,16-inch,16GB,Dell,14-inch,4GB
2,-0.00145721435546875,4.0,HP,16-inch,16GB,Dell,14-inch,8GB
2,-4.03125,10.5,HP,16-inch,16GB,Dell,14-inch,16GB
2,-5.0,10.5,HP,16-inch,16GB,Dell,16-inch,4GB
2,-0.0002155303955078125,2.25,HP,16-inch,16GB,Dell,16-inch,8GB
2,1.0013580322265625e-05,0.25,HP,16-inch,16GB,Dell,16-inch,16GB
2,-8.0,10.5,HP,16-inch,16GB,Apple,13-inch,4GB
2,-6.198883056640625e-06,0.625,HP,16-inch,16GB,Apple,13-inch,8GB
2,-0.00066375732421875,3.25,HP,16-inch,16GB,Apple,13-inch,16GB
2,-8.75,10.5,HP,16-inch,16GB,Apple,14-inch,4GB
2,-7.772445678710938e-05,1.5,HP,16-inch,16GB,Apple,14-inch,8GB
2,-0.000865936279296875,3.5,HP,16-inch,16GB,Apple,14-inch,16GB
2,-0.000579833984375,3.125,HP,16-inch,16GB,Apple,16-inch,4GB
2,3.838539123535156e-05,-1.375,HP,16-inch,16GB,Apple,16-inch,8GB
2,1.0013580322265625e-05,0.25,HP,16-inch,16GB,Apple,16-inch,16GB
2,1.4066696166992188e-05,0.125,Dell,13-inch,4GB,ASUS,13-inch,4GB
2,-17.125,10.5,Dell,13-inch,4GB,ASUS,13-inch,8GB
2,-12.5,10.5,Dell,13-inch,4GB,ASUS,13-inch,16GB
2,-2.956390380859375e-05,1.0,Dell,13-inch,4GB,ASUS,14-inch,4GB
2,-17.5,10.5,Dell,13-inch,4GB,ASUS,14-inch,8GB
2,-14.5,10.5,Dell,13-inch,4GB,ASUS,14-inch,16GB
2,-9.875,10.5,Dell,13-inch,4GB,ASUS,16-inch,4GB
2,-15.0,10.5,Dell,13-inch,4GB,ASUS,16-inch,8GB
2,-9.5,10.5,Dell,13-inch,4GB,ASUS,16-inch,16GB
2,-0.00011301040649414062,1.75,Dell,13-inch,4GB,Lenovo,13-inch,4GB
2,-17.125,10.5,Dell,13-inch,4GB,Lenovo,13-inch,8GB
2,-12.75,10.5,Dell,13-inch,4GB,Lenovo,13-inch,16GB
2,-0.0002899169921875,2.5,Dell,13-inch,4GB,Lenovo,14-inch,4GB
2,-17.125,10.5,Dell,13-inch,4GB,Lenovo,14-inch,8GB
2,-14.0,10.5,Dell,13-inch,4GB,Lenovo,14-inch,16GB
2,-9.75,10.5,Dell,13-inch,4GB,Lenovo,16-inch,4GB
2,-14.5,10.5,Dell,13-inch,4GB,Lenovo,16-inch,8GB
2,-11.75,10.5,Dell,13-inch,4GB,Lenovo,16-inch,16GB
2,3.528594970703125e-05,-1.0,Dell,13-inch,4GB,HP,13-inch,4GB
2,-17.5,10.5,Dell,13-inch,4GB,HP,13-inch,8GB
2,-12.125,10.5,Dell,13-inch,4GB,HP,13-inch,16GB
2,3.62396240234375e-05,-1.125,Dell,13-inch,4GB,HP,14-inch,4GB
2,-17.875,10.5,Dell,13-inch,4GB,HP,14-inch,8GB
2,-14.25,10.5,Dell,13-inch,4GB,HP,14-inch,16GB
2,-8.25,10.5,Dell,13-inch,4GB,HP,16-inch,4GB
2,-16.125,10.5,Dell,13-inch,4GB,HP,16-inch,8GB
2,-12.125,10.5,Dell,13-inch,4GB,HP,16-inch,16GB
2,-12.375,10.5,Dell,13-inch,4GB,Dell,13-inch,8GB
2,-6.0,10.5,Dell,13-inch,4GB,Dell,13-inch,16GB
2,-0.00011301040649414062,1.75,Dell,13-inch,4GB,Dell,14-inch,4GB
2,-19.25,10.5,Dell,13-inch,4GB,Dell,14-inch,8GB
2,-15.625,10.5,Dell,13-inch,4GB,Dell,14-inch,16GB
2,-9.25,10.5,Dell,13-inch,4GB,Dell,16-inch,4GB
2,-16.75,10.5,Dell,13-inch,4GB,Dell,16-inch,8GB
2,-14.5,10.5,Dell,13-inch,4GB,Dell,16-inch,16GB
2,-0.00188446044921875,4.25,Dell,13-inch,4GB,Apple,13-inch,4GB
2,-16.5,10.5,Dell,13-inch,4GB,Apple,13-inch,8GB
2,-11.5,10.5,Dell,13-inch,4GB,Apple,13-inch,16GB
2,-0.00011301040649414062,1.75,Dell,13-inch,4GB,Apple,14-inch,4GB
2,-16.625,10.5,Dell,13-inch,4GB,Apple,14-inch,8GB
2,-12.75,10.5,Dell,13-inch,4GB,Apple,14-inch,16GB
2,-6.25,10.5,Dell,13-inch,4GB,Apple,16-inch,4GB
2,-9.0,10.5,Dell,13-inch,4GB,Apple,16-inch,8GB
2,-0.69140625,9.8125,Dell,13-inch,4GB,Apple,16-inch,16GB
2,4.5299530029296875e-05,-6.75,Dell,13-inch,8GB,ASUS,13-inch,4GB
2,4.506111145019531e-05,-4.875,Dell,13-inch,8GB,ASUS,13-inch,8GB
2,4.482269287109375e-05,-4.5,Dell,13-inch,8GB,ASUS,13-inch,16GB
2,4.482269287109375e-05,-3.75,Dell,13-inch,8GB,ASUS,14-inch,4GB
2,4.482269287109375e-05,-4.5,Dell,13-inch,8GB,ASUS,14-inch,8GB
2,4.291534423828125e-05,-2.375,Dell,13-inch,8GB,ASUS,14-inch,16GB
2,4.3392181396484375e-05,-2.75,Dell,13-inch,8GB,ASUS,16-inch,4GB
2,4.3392181396484375e-05,-2.625,Dell,13-inch,8GB,ASUS,16-inch,8GB
2,4.410743713378906e-05,-3.125,Dell,13-inch,8GB,ASUS,16-inch,16GB
2,4.5299530029296875e-05,-5.75,Dell,13-inch,8GB,Lenovo,13-inch,4GB
2,4.482269287109375e-05,-4.5,Dell,13-inch,8GB,Lenovo,13-inch,8GB
2,4.482269287109375e-05,-4.0,Dell,13-inch,8GB,Lenovo,13-inch,16GB
2,4.100799560546875e-05,-1.875,Dell,13-inch,8GB,Lenovo,14-inch,4GB
2,4.458427429199219e-05,-3.625,Dell,13-inch,8GB,Lenovo,14-inch,8GB
2,4.0531158447265625e-05,-1.75,Dell,13-inch,8GB,Lenovo,14-inch,16GB
2,2.384185791015625e-05,-0.25,Dell,13-inch,8GB,Lenovo,16-inch,4GB
2,2.6345252990722656e-05,-0.375,Dell,13-inch,8GB,Lenovo,16-inch,8GB
2,4.2438507080078125e-05,-2.25,Dell,13-inch,8GB,Lenovo,16-inch,16GB
2,4.5299530029296875e-05,-7.75,Dell,13-inch,8GB,HP,13-inch,4GB
2,4.506111145019531e-05,-4.625,Dell,13-inch,8GB,HP,13-inch,8GB
2,4.482269287109375e-05,-3.75,Dell,13-inch,8GB,HP,13-inch,16GB
2,4.506111145019531e-05,-5.0,Dell,13-inch,8GB,HP,14-inch,4GB
2,4.482269287109375e-05,-3.75,Dell,13-inch,8GB,HP,14-inch,8GB
2,3.910064697265625e-05,-1.5,Dell,13-inch,8GB,HP,14-inch,16GB
2,4.291534423828125e-05,-2.375,Dell,13-inch,8GB,HP,16-inch,4GB
2,4.00543212890625e-05,-1.625,Dell,13-inch,8GB,HP,16-inch,8GB
2,4.3392181396484375e-05,-2.625,Dell,13-inch,8GB,HP,16-inch,16GB
2,4.5299530029296875e-05,-5.75,Dell,13-inch,8GB,Dell,13-inch,4GB
2,4.5299530029296875e-05,-5.125,Dell,13-inch,8GB,Dell,13-inch,16GB
2,-8.75,10.5,Dell,13-inch,8GB,Dell,14-inch,4GB
2,2.09808349609375e-05,-0.125,Dell,13-inch,8GB,Dell,14-inch,8GB
2,4.291534423828125e-05,-2.5,Dell,13-inch,8GB,Dell,14-inch,16GB
2,-0.02978515625,6.96875,Dell,13-inch,8GB,Dell,16-inch,4GB
2,2.384185791015625e-05,-0.25,Dell,13-inch,8GB,Dell,16-inch,8GB
2,4.3392181396484375e-05,-2.625,Dell,13-inch,8GB,Dell,16-inch,16GB
2,4.5299530029296875e-05,-6.125,Dell,13-inch,8GB,Apple,13-inch,4GB
2,4.100799560546875e-05,-1.875,Dell,13-inch,8GB,Apple,13-inch,8GB
2,4.4345855712890625e-05,-3.5,Dell,13-inch,8GB,Apple,13-inch,16GB
2,4.4345855712890625e-05,-3.25,Dell,13-inch,8GB,Apple,14-inch,4GB
2,4.410743713378906e-05,-3.125,Dell,13-inch,8GB,Apple,14-inch,8GB
2,4.00543212890625e-05,-1.625,Dell,13-inch,8GB,Apple,14-inch,16GB
2,3.910064697265625e-05,-1.5,Dell,13-inch,8GB,Apple,16-inch,4GB
2,2.86102294921875e-05,-0.5,Dell,13-inch,8GB,Apple,16-inch,8GB
2,4.4345855712890625e-05,-3.375,Dell,13-inch,8GB,Apple,16-inch,16GB
2,-0.01409912109375,6.25,Dell,13-inch,16GB,ASUS,13-inch,4GB
2,4.5299530029296875e-05,-6.25,Dell,13-inch,16GB,ASUS,13-inch,8GB
2,4.458427429199219e-05,-3.625,Dell,13-inch,16GB,ASUS,13-inch,16GB
2,-6.75,10.5,Dell,13-inch,16GB,ASUS,14-inch,4GB
2,4.5299530029296875e-05,-6.125,Dell,13-inch,16GB,ASUS,14-inch,8GB
2,4.410743713378906e-05,-3.125,Dell,13-inch,16GB,ASUS,14-inch,16GB
2,-0.0380859375,7.21875,Dell,13-inch,16GB,ASUS,16-inch,4GB
2,4.5299530029296875e-05,-6.625,Dell,13-inch,16GB,ASUS,16-inch,8GB
2,-0.000385284423828125,2.75,Dell,13-inch,16GB,ASUS,16-inch,16GB
2,-6.0,10.5,Dell,13-inch,16GB,Lenovo,13-inch,4GB
2,4.5299530029296875e-05,-5.625,Dell,13-inch,16GB,Lenovo,13-inch,8GB
2,4.482269287109375e-05,-4.0,Dell,13-inch,16GB,Lenovo,13-inch,16GB
2,-8.5,10.5,Dell,13-inch,16GB,Lenovo,14-inch,4GB
2,4.5299530029296875e-05,-5.375,Dell,13-inch,16GB,Lenovo,14-inch,8GB
2,4.38690185546875e-05,-2.875,Dell,13-inch,16GB,Lenovo,14-inch,16GB
2,-4.03125,10.5,Dell,13-inch,16GB,Lenovo,16-inch,4GB
2,4.5299530029296875e-05,-6.0,Dell,13-inch,16GB,Lenovo,16-inch,8GB
2,-0.00145721435546875,4.0,Dell,13-inch,16GB,Lenovo,16-inch,16GB
2,-0.0003337860107421875,2.625,Dell,13-inch,16GB,HP,13-inch,4GB
2,4.5299530029296875e-05,-6.0,Dell,13-inch,16GB,HP,13-inch,8GB
2,4.482269287109375e-05,-3.75,Dell,13-inch,16GB,HP,13-inch,16GB
2,-7.25,10.5,Dell,13-inch,16GB,HP,14-inch,4GB
2,4.5299530029296875e-05,-6.0,Dell,13-inch,16GB,HP,14-inch,8GB
2,4.38690185546875e-05,-3.0,Dell,13-inch,16GB,HP,14-inch,16GB
2,-0.16015625,8.5625,Dell,13-inch,16GB,HP,16-inch,4GB
2,4.5299530029296875e-05,-6.25,Dell,13-inch,16GB,HP,16-inch,8GB
2,-0.000385284423828125,2.75,Dell,13-inch,16GB,HP,16-inch,16GB
2,3.62396240234375e-05,-1.125,Dell,13-inch,16GB,Dell,13-inch,4GB
2,4.1961669921875e-05,-2.125,Dell,13-inch,16GB,Dell,13-inch,8GB
2,-10.25,10.5,Dell,13-inch,16GB,Dell,14-inch,4GB
2,4.5299530029296875e-05,-5.25,Dell,13-inch,16GB,Dell,14-inch,8GB
2,2.86102294921875e-05,-0.5,Dell,13-inch,16GB,Dell,14-inch,16GB
2,-8.0,10.5,Dell,13-inch,16GB,Dell,16-inch,4GB
2,4.482269287109375e-05,-4.125,Dell,13-inch,16GB,Dell,16-inch,8GB
2,-0.97265625,10.0,Dell,13-inch,16GB,Dell,16-inch,16GB
2,-0.0004425048828125,2.875,Dell,13-inch,16GB,Apple,13-inch,4GB
2,4.5299530029296875e-05,-7.375,Dell,13-inch,16GB,Apple,13-inch,8GB
2,3.24249267578125e-05,-0.75,Dell,13-inch,16GB,Apple,13-inch,16GB
2,-0.02978515625,6.96875,Dell,13-inch,16GB,Apple,14-inch,4GB
2,4.5299530029296875e-05,-6.25,Dell,13-inch,16GB,Apple,14-inch,8GB
2,3.743171691894531e-05,-1.25,Dell,13-inch,16GB,Apple,14-inch,16GB
2,-0.0003337860107421875,2.625,Dell,13-inch,16GB,Apple,16-inch,4GB
2,4.5299530029296875e-05,-5.75,Dell,13-inch,16GB,Apple,16-inch,8GB
2,-0.0001583099365234375,2.0,Dell,13-inch,16GB,Apple,16-inch,16GB
2,3.910064697265625e-05,-1.5,Dell,14-inch,4GB,ASUS,13-inch,4GB
2,-18.0,10.5,Dell,14-inch,4GB,ASUS,13-inch,8GB
2,-14.75,10.5,Dell,14-inch,4GB,ASUS,13-inch,16GB
2,2.86102294921875e-05,-0.5,Dell,14-inch,4GB,ASUS,14-inch,4GB
2,-17.5,10.5,Dell,14-inch,4GB,ASUS,14-inch,8GB
2,-13.375,10.5,Dell,14-inch,4GB,ASUS,14-inch,16GB
2,-9.0,10.5,Dell,14-inch,4GB,ASUS,16-inch,4GB
2,-16.0,10.5,Dell,14-inch,4GB,ASUS,16-inch,8GB
2,-9.75,10.5,Dell,14-inch,4GB,ASUS,16-inch,16GB
2,-0.000133514404296875,1.875,Dell,14-inch,4GB,Lenovo,13-inch,4GB
2,-18.0,10.5,Dell,14-inch,4GB,Lenovo,13-inch,8GB
2,-14.25,10.5,Dell,14-inch,4GB,Lenovo,13-inch,16GB
2,-9.489059448242188e-05,1.625,Dell,14-inch,4GB,Lenovo,14-inch,4GB
2,-17.0,10.5,Dell,14-inch,4GB,Lenovo,14-inch,8GB
2,-13.5,10.5,Dell,14-inch,4GB,Lenovo,14-inch,16GB
2,-9.0,10.5,Dell,14-inch,4GB,Lenovo,16-inch,4GB
2,-15.75,10.5,Dell,14-inch,4GB,Lenovo,16-inch,8GB
2,-11.0,10.5,Dell,14-inch,4GB,Lenovo,16-inch,16GB
2,4.3392181396484375e-05,-2.75,Dell,14-inch,4GB,HP,13-inch,4GB
2,-18.5,10.5,Dell,14-inch,4GB,HP,13-inch,8GB
2,-14.375,10.5,Dell,14-inch,4GB,HP,13-inch,16GB
2,4.1961669921875e-05,-2.125,Dell,14-inch,4GB,HP,14-inch,4GB
2,-17.75,10.5,Dell,14-inch,4GB,HP,14-inch,8GB
2,-13.375,10.5,Dell,14-inch,4GB,HP,14-inch,16GB
2,-7.5,10.5,Dell,14-inch,4GB,HP,16-inch,4GB
2,-17.125,10.5,Dell,14-inch,4GB,HP,16-inch,8GB
2,-10.875,10.5,Dell,14-inch,4GB,HP,16-inch,16GB
2,1.7762184143066406e-05,0.0,Dell,14-inch,4GB,Dell,13-inch,4GB
2,-19.75,10.5,Dell,14-inch,4GB,Dell,13-inch,8GB
2,-15.25,10.5,Dell,14-inch,4GB,Dell,13-inch,16GB
2,-13.75,10.5,Dell,14-inch,4GB,Dell,14-inch,8GB
2,-9.0,10.5,Dell,14-inch,4GB,Dell,14-inch,16GB
2,-9.25,10.5,Dell,14-inch,4GB,Dell,16-inch,4GB
2,-17.25,10.5,Dell,14-inch,4GB,Dell,16-inch,8GB
2,-14.125,10.5,Dell,14-inch,4GB,Dell,16-inch,16GB
2,-5.054473876953125e-05,1.25,Dell,14-inch,4GB,Apple,13-inch,4GB
2,-16.875,10.5,Dell,14-inch,4GB,Apple,13-inch,8GB
2,-13.25,10.5,Dell,14-inch,4GB,Apple,13-inch,16GB
2,-0.0002155303955078125,2.25,Dell,14-inch,4GB,Apple,14-inch,4GB
2,-16.125,10.5,Dell,14-inch,4GB,Apple,14-inch,8GB
2,-11.25,10.5,Dell,14-inch,4GB,Apple,14-inch,16GB
2,-0.201171875,8.8125,Dell,14-inch,4GB,Apple,16-inch,4GB
2,-11.75,10.5,Dell,14-inch,4GB,Apple,16-inch,8GB
2,-0.10009765625,8.125,Dell,14-inch,4GB,Apple,16-inch,16GB
2,-0.0001583099365234375,2.0,Dell,14-inch,8GB,ASUS,13-inch,4GB
2,4.506111145019531e-05,-4.625,Dell,14-inch,8GB,ASUS,13-inch,8GB
2,4.100799560546875e-05,-1.875,Dell,14-inch,8GB,ASUS,13-inch,16GB
2,4.506111145019531e-05,-4.75,Dell,14-inch,8GB,ASUS,14-inch,4GB
2,4.506111145019531e-05,-4.875,Dell,14-inch,8GB,ASUS,14-inch,8GB
2,4.482269287109375e-05,-3.75,Dell,14-inch,8GB,ASUS,14-inch,16GB
2,-0.0001583099365234375,2.0,Dell,14-inch,8GB,ASUS,16-inch,4GB
2,4.291534423828125e-05,-2.375,Dell,14-inch,8GB,ASUS,16-inch,8GB
2,4.0531158447265625e-05,-1.75,Dell,14-inch,8GB,ASUS,16-inch,16GB
2,-0.251953125,9.0,Dell,14-inch,8GB,Lenovo,13-inch,4GB
2,4.482269287109375e-05,-4.25,Dell,14-inch,8GB,Lenovo,13-inch,8GB
2,3.743171691894531e-05,-1.25,Dell,14-inch,8GB,Lenovo,13-inch,16GB
2,4.2438507080078125e-05,-2.25,Dell,14-inch,8GB,Lenovo,14-inch,4GB
2,4.506111145019531e-05,-4.875,Dell,14-inch,8GB,Lenovo,14-inch,8GB
2,4.4345855712890625e-05,-3.5,Dell,14-inch,8GB,Lenovo,14-inch,16GB
2,-0.00188446044921875,4.25,Dell,14-inch,8GB,Lenovo,16-inch,4GB
2,4.0531158447265625e-05,-1.75,Dell,14-inch,8GB,Lenovo,16-inch,8GB
2,3.528594970703125e-05,-1.0,Dell,14-inch,8GB,Lenovo,16-inch,16GB
2,3.528594970703125e-05,-1.0,Dell,14-inch,8GB,HP,13-inch,4GB
2,4.482269287109375e-05,-4.375,Dell,14-inch,8GB,HP,13-inch,8GB
2,3.910064697265625e-05,-1.5,Dell,14-inch,8GB,HP,13-inch,16GB
2,4.5299530029296875e-05,-5.125,Dell,14-inch,8GB,HP,14-inch,4GB
2,4.506111145019531e-05,-4.75,Dell,14-inch,8GB,HP,14-inch,8GB
2,4.4345855712890625e-05,-3.5,Dell,14-inch,8GB,HP,14-inch,16GB
2,-0.0002899169921875,2.5,Dell,14-inch,8GB,HP,16-inch,4GB
2,4.291534423828125e-05,-2.375,Dell,14-inch,8GB,HP,16-inch,8GB
2,3.838539123535156e-05,-1.375,Dell,14-inch,8GB,HP,16-inch,16GB
2,-11.5,10.5,Dell,14-inch,8GB,Dell,13-inch,4GB
2,2.09808349609375e-05,-0.125,Dell,14-inch,8GB,Dell,13-inch,8GB
2,4.1961669921875e-05,-2.125,Dell,14-inch,8GB,Dell,13-inch,16GB
2,4.4345855712890625e-05,-3.375,Dell,14-inch,8GB,Dell,14-inch,4GB
2,4.482269287109375e-05,-4.5,Dell,14-inch,8GB,Dell,14-inch,16GB
2,-7.75,10.5,Dell,14-inch,8GB,Dell,16-inch,4GB
2,3.743171691894531e-05,-1.25,Dell,14-inch,8GB,Dell,16-inch,8GB
2,3.838539123535156e-05,-1.375,Dell,14-inch,8GB,Dell,16-inch,16GB
2,3.3855438232421875e-05,-0.875,Dell,14-inch,8GB,Apple,13-inch,4GB
2,3.910064697265625e-05,-1.5,Dell,14-inch,8GB,Apple,13-inch,8GB
2,3.528594970703125e-05,-1.0,Dell,14-inch,8GB,Apple,13-inch,16GB
2,4.4345855712890625e-05,-3.5,Dell,14-inch,8GB,Apple,14-inch,4GB
2,4.1961669921875e-05,-2.125,Dell,14-inch,8GB,Apple,14-inch,8GB
2,4.4345855712890625e-05,-3.25,Dell,14-inch,8GB,Apple,14-inch,16GB
2,0.0,0.5,Dell,14-inch,8GB,Apple,16-inch,4GB
2,2.384185791015625e-05,-0.25,Dell,14-inch,8GB,Apple,16-inch,8GB
2,4.0531158447265625e-05,-1.75,Dell,14-inch,8GB,Apple,16-inch,16GB
2,-11.75,10.5,Dell,14-inch,16GB,ASUS,13-inch,4GB
2,4.482269287109375e-05,-4.0,Dell,14-inch,16GB,ASUS,13-inch,8GB
2,4.3392181396484375e-05,-2.625,Dell,14-inch,16GB,ASUS,13-inch,16GB
2,-7.5,10.5,Dell,14-inch,16GB,ASUS,14-inch,4GB
2,4.5299530029296875e-05,-5.375,Dell,14-inch,16GB,ASUS,14-inch,8GB
2,4.482269287109375e-05,-3.875,Dell,14-inch,16GB,ASUS,14-inch,16GB
2,-7.75,10.5,Dell,14-inch,16GB,ASUS,16-inch,4GB
2,4.5299530029296875e-05,-5.625,Dell,14-inch,16GB,ASUS,16-inch,8GB
2,-0.000865936279296875,3.5,Dell,14-inch,16GB,ASUS,16-inch,16GB
2,-11.75,10.5,Dell,14-inch,16GB,Lenovo,13-inch,4GB
2,4.482269287109375e-05,-4.125,Dell,14-inch,16GB,Lenovo,13-inch,8GB
2,4.38690185546875e-05,-2.875,Dell,14-inch,16GB,Lenovo,13-inch,16GB
2,-8.75,10.5,Dell,14-inch,16GB,Lenovo,14-inch,4GB
2,4.5299530029296875e-05,-5.25,Dell,14-inch,16GB,Lenovo,14-inch,8GB
2,4.482269287109375e-05,-4.125,Dell,14-inch,16GB,Lenovo,14-inch,16GB
2,-8.125,10.5,Dell,14-inch,16GB,Lenovo,16-inch,4GB
2,4.5299530029296875e-05,-5.375,Dell,14-inch,16GB,Lenovo,16-inch,8GB
2,-0.0024261474609375,4.5,Dell,14-inch,16GB,Lenovo,16-inch,16GB
2,-11.25,10.5,Dell,14-inch,16GB,HP,13-inch,4GB
2,4.506111145019531e-05,-5.0,Dell,14-inch,16GB,HP,13-inch,8GB
2,4.38690185546875e-05,-3.0,Dell,14-inch,16GB,HP,13-inch,16GB
2,-7.25,10.5,Dell,14-inch,16GB,HP,14-inch,4GB
2,4.5299530029296875e-05,-5.625,Dell,14-inch,16GB,HP,14-inch,8GB
2,4.482269287109375e-05,-4.0,Dell,14-inch,16GB,HP,14-inch,16GB
2,-8.25,10.5,Dell,14-inch,16GB,HP,16-inch,4GB
2,4.5299530029296875e-05,-6.0,Dell,14-inch,16GB,HP,16-inch,8GB
2,-0.00066375732421875,3.25,Dell,14-inch,16GB,HP,16-inch,16GB
2,-14.5,10.5,Dell,14-inch,16GB,Dell,13-inch,4GB
2,4.38690185546875e-05,-3.0,Dell,14-inch,16GB,Dell,13-inch,8GB
2,-0.00011301040649414062,1.75,Dell,14-inch,16GB,Dell,13-inch,16GB
2,-4.25,10.5,Dell,14-inch,16GB,Dell,14-inch,4GB
2,4.0531158447265625e-05,-1.75,Dell,14-inch,16GB,Dell,14-inch,8GB
2,-9.25,10.5,Dell,14-inch,16GB,Dell,16-inch,4GB
2,4.4345855712890625e-05,-3.5,Dell,14-inch,16GB,Dell,16-inch,8GB
2,-6.5,10.5,Dell,14-inch,16GB,Dell,16-inch,16GB
2,-7.0,10.5,Dell,14-inch,16GB,Apple,13-inch,4GB
2,4.5299530029296875e-05,-6.125,Dell,14-inch,16GB,Apple,13-inch,8GB
2,3.24249267578125e-05,-0.75,Dell,14-inch,16GB,Apple,13-inch,16GB
2,-0.06201171875,7.6875,Dell,14-inch,16GB,Apple,14-inch,4GB
2,4.5299530029296875e-05,-7.25,Dell,14-inch,16GB,Apple,14-inch,8GB
2,3.3855438232421875e-05,-0.875,Dell,14-inch,16GB,Apple,14-inch,16GB
2,-0.16015625,8.5625,Dell,14-inch,16GB,Apple,16-inch,4GB
2,4.5299530029296875e-05,-5.125,Dell,14-inch,16GB,Apple,16-inch,8GB
2,-7.772445678710938e-05,1.5,Dell,14-inch,16GB,Apple,16-inch,16GB
2,4.291534423828125e-05,-2.375,Dell,16-inch,4GB,ASUS,13-inch,4GB
2,-15.625,10.5,Dell,16-inch,4GB,ASUS,13-inch,8GB
2,-0.00011301040649414062,1.75,Dell,16-inch,4GB,ASUS,13-inch,16GB
2,4.482269287109375e-05,-3.75,Dell,16-inch,4GB,ASUS,14-inch,4GB
2,-15.375,10.5,Dell,16-inch,4GB,ASUS,14-inch,8GB
2,-0.0002155303955078125,2.25,Dell,16-inch,4GB,ASUS,14-inch,16GB
2,0.0,0.5,Dell,16-inch,4GB,ASUS,16-inch,4GB
2,-15.125,10.5,Dell,16-inch,4GB,ASUS,16-inch,8GB
2,-1.2874603271484375e-05,0.75,Dell,16-inch,4GB,ASUS,16-inch,16GB
2,4.100799560546875e-05,-1.875,Dell,16-inch,4GB,Lenovo,13-inch,4GB
2,-15.875,10.5,Dell,16-inch,4GB,Lenovo,13-inch,8GB
2,-0.000385284423828125,2.75,Dell,16-inch,4GB,Lenovo,13-inch,16GB
2,4.3392181396484375e-05,-2.625,Dell,16-inch,4GB,Lenovo,14-inch,4GB
2,-15.5,10.5,Dell,16-inch,4GB,Lenovo,14-inch,8GB
2,-0.00066375732421875,3.25,Dell,16-inch,4GB,Lenovo,14-inch,16GB
2,-0.0001850128173828125,2.125,Dell,16-inch,4GB,Lenovo,16-inch,4GB
2,-15.75,10.5,Dell,16-inch,4GB,Lenovo,16-inch,8GB
2,-0.0002899169921875,2.5,Dell,16-inch,4GB,Lenovo,16-inch,16GB
2,4.482269287109375e-05,-3.875,Dell,16-inch,4GB,HP,13-inch,4GB
2,-16.75,10.5,Dell,16-inch,4GB,HP,13-inch,8GB
2,-0.0001583099365234375,2.0,Dell,16-inch,4GB,HP,13-inch,16GB
2,4.482269287109375e-05,-4.5,Dell,16-inch,4GB,HP,14-inch,4GB
2,-16.375,10.5,Dell,16-inch,4GB,HP,14-inch,8GB
2,-0.000385284423828125,2.75,Dell,16-inch,4GB,HP,14-inch,16GB
2,4.3392181396484375e-05,-2.625,Dell,16-inch,4GB,HP,16-inch,4GB
2,-16.375,10.5,Dell,16-inch,4GB,HP,16-inch,8GB
2,-1.2874603271484375e-05,0.75,Dell,16-inch,4GB,HP,16-inch,16GB
2,4.5299530029296875e-05,-5.375,Dell,16-inch,4GB,Dell,13-inch,4GB
2,-18.125,10.5,Dell,16-inch,4GB,Dell,13-inch,8GB
2,-2.125,10.375,Dell,16-inch,4GB,Dell,13-inch,16GB
2,4.482269287109375e-05,-4.0,Dell,16-inch,4GB,Dell,14-inch,4GB
2,-18.875,10.5,Dell,16-inch,4GB,Dell,14-inch,8GB
2,-9.0,10.5,Dell,16-inch,4GB,Dell,14-inch,16GB
2,-10.5,10.5,Dell,16-inch,4GB,Dell,16-inch,8GB
2,-5.0,10.5,Dell,16-inch,4GB,Dell,16-inch,16GB
2,2.384185791015625e-05,-0.25,Dell,16-inch,4GB,Apple,13-inch,4GB
2,-15.0,10.5,Dell,16-inch,4GB,Apple,13-inch,8GB
2,-0.000385284423828125,2.75,Dell,16-inch,4GB,Apple,13-inch,16GB
2,3.62396240234375e-05,-1.125,Dell,16-inch,4GB,Apple,14-inch,4GB
2,-14.25,10.5,Dell,16-inch,4GB,Apple,14-inch,8GB
2,-0.000507354736328125,3.0,Dell,16-inch,4GB,Apple,14-inch,16GB
2,-7.772445678710938e-05,1.5,Dell,16-inch,4GB,Apple,16-inch,4GB
2,-13.625,10.5,Dell,16-inch,4GB,Apple,16-inch,8GB
2,-7.772445678710938e-05,1.5,Dell,16-inch,4GB,Apple,16-inch,16GB
2,-7.5,10.5,Dell,16-inch,8GB,ASUS,13-inch,4GB
2,4.00543212890625e-05,-1.625,Dell,16-inch,8GB,ASUS,13-inch,8GB
2,-0.004058837890625,5.0,Dell,16-inch,8GB,ASUS,13-inch,16GB
2,-9.25,10.5,Dell,16-inch,8GB,ASUS,14-inch,4GB
2,3.0517578125e-05,-0.625,Dell,16-inch,8GB,ASUS,14-inch,8GB
2,-5.25,10.5,Dell,16-inch,8GB,ASUS,14-inch,16GB
2,-0.00066375732421875,3.25,Dell,16-inch,8GB,ASUS,16-inch,4GB
2,4.482269287109375e-05,-4.125,Dell,16-inch,8GB,ASUS,16-inch,8GB
2,-0.00011301040649414062,1.75,Dell,16-inch,8GB,ASUS,16-inch,16GB
2,-7.25,10.5,Dell,16-inch,8GB,Lenovo,13-inch,4GB
2,3.910064697265625e-05,-1.5,Dell,16-inch,8GB,Lenovo,13-inch,8GB
2,-0.16015625,8.5625,Dell,16-inch,8GB,Lenovo,13-inch,16GB
2,-9.5,10.5,Dell,16-inch,8GB,Lenovo,14-inch,4GB
2,2.384185791015625e-05,-0.25,Dell,16-inch,8GB,Lenovo,14-inch,8GB
2,-5.75,10.5,Dell,16-inch,8GB,Lenovo,14-inch,16GB
2,-0.00066375732421875,3.25,Dell,16-inch,8GB,Lenovo,16-inch,4GB
2,4.3392181396484375e-05,-2.75,Dell,16-inch,8GB,Lenovo,16-inch,8GB
2,-0.0002155303955078125,2.25,Dell,16-inch,8GB,Lenovo,16-inch,16GB
2,-1.703125,10.3125,Dell,16-inch,8GB,HP,13-inch,4GB
2,4.00543212890625e-05,-1.625,Dell,16-inch,8GB,HP,13-inch,8GB
2,-0.474609375,9.5,Dell,16-inch,8GB,HP,13-inch,16GB
2,-9.5,10.5,Dell,16-inch,8GB,HP,14-inch,4GB
2,2.86102294921875e-05,-0.5,Dell,16-inch,8GB,HP,14-inch,8GB
2,-6.5,10.5,Dell,16-inch,8GB,HP,14-inch,16GB
2,-0.0002899169921875,2.5,Dell,16-inch,8GB,HP,16-inch,4GB
2,4.482269287109375e-05,-4.125,Dell,16-inch,8GB,HP,16-inch,8GB
2,-0.000133514404296875,1.875,Dell,16-inch,8GB,HP,16-inch,16GB
2,-10.5,10.5,Dell,16-inch,8GB,Dell,13-inch,4GB
2,-5.054473876953125e-05,1.25,Dell,16-inch,8GB,Dell,13-inch,8GB
2,-4.75,10.5,Dell,16-inch,8GB,Dell,13-inch,16GB
2,-12.0,10.5,Dell,16-inch,8GB,Dell,14-inch,4GB
2,-0.0002899169921875,2.5,Dell,16-inch,8GB,Dell,14-inch,8GB
2,-8.75,10.5,Dell,16-inch,8GB,Dell,14-inch,16GB
2,-1.2874603271484375e-05,0.75,Dell,16-inch,8GB,Dell,16-inch,4GB
2,-0.000507354736328125,3.0,Dell,16-inch,8GB,Dell,16-inch,16GB
2,-0.000865936279296875,3.5,Dell,16-inch,8GB,Apple,13-inch,4GB
2,5.245208740234375e-06,0.375,Dell,16-inch,8GB,Apple,13-inch,8GB
2,-0.000865936279296875,3.5,Dell,16-inch,8GB,Apple,13-inch,16GB
2,-7.5,10.5,Dell,16-inch,8GB,Apple,14-inch,4GB
2,-6.198883056640625e-06,0.625,Dell,16-inch,8GB,Apple,14-inch,8GB
2,-0.004058837890625,5.0,Dell,16-inch,8GB,Apple,14-inch,16GB
2,-1.2874603271484375e-05,0.75,Dell,16-inch,8GB,Apple,16-inch,4GB
2,3.24249267578125e-05,-0.75,Dell,16-inch,8GB,Apple,16-inch,8GB
2,-0.0001583099365234375,2.0,Dell,16-inch,8GB,Apple,16-inch,16GB
2,-13.25,10.5,Dell,16-inch,16GB,ASUS,13-inch,4GB
2,-0.0181884765625,6.46875,Dell,16-inch,16GB,ASUS,13-inch,8GB
2,-6.75,10.5,Dell,16-inch,16GB,ASUS,13-inch,16GB
2,-14.0,10.5,Dell,16-inch,16GB,ASUS,14-inch,4GB
2,-6.25,10.5,Dell,16-inch,16GB,ASUS,14-inch,8GB
2,-6.5,10.5,Dell,16-inch,16GB,ASUS,14-inch,16GB
2,-8.375,10.5,Dell,16-inch,16GB,ASUS,16-inch,4GB
2,-0.00112152099609375,3.75,Dell,16-inch,16GB,ASUS,16-inch,8GB
2,1.7762184143066406e-05,0.0,Dell,16-inch,16GB,ASUS,16-inch,16GB
2,-12.75,10.5,Dell,16-inch,16GB,Lenovo,13-inch,4GB
2,-0.00145721435546875,4.0,Dell,16-inch,16GB,Lenovo,13-inch,8GB
2,-5.5,10.5,Dell,16-inch,16GB,Lenovo,13-inch,16GB
2,-14.0,10.5,Dell,16-inch,16GB,Lenovo,14-inch,4GB
2,-5.25,10.5,Dell,16-inch,16GB,Lenovo,14-inch,8GB
2,-5.75,10.5,Dell,16-inch,16GB,Lenovo,14-inch,16GB
2,-8.875,10.5,Dell,16-inch,16GB,Lenovo,16-inch,4GB
2,-0.00112152099609375,3.75,Dell,16-inch,16GB,Lenovo,16-inch,8GB
2,1.0013580322265625e-05,0.25,Dell,16-inch,16GB,Lenovo,16-inch,16GB
2,-12.25,10.5,Dell,16-inch,16GB,HP,13-inch,4GB
2,-0.00066375732421875,3.25,Dell,16-inch,16GB,HP,13-inch,8GB
2,-4.03125,10.5,Dell,16-inch,16GB,HP,13-inch,16GB
2,-14.125,10.5,Dell,16-inch,16GB,HP,14-inch,4GB
2,-1.5,10.25,Dell,16-inch,16GB,HP,14-inch,8GB
2,-5.25,10.5,Dell,16-inch,16GB,HP,14-inch,16GB
2,-8.5,10.5,Dell,16-inch,16GB,HP,16-inch,4GB
2,-0.00066375732421875,3.25,Dell,16-inch,16GB,HP,16-inch,8GB
2,3.0517578125e-05,-0.625,Dell,16-inch,16GB,HP,16-inch,16GB
2,-15.625,10.5,Dell,16-inch,16GB,Dell,13-inch,4GB
2,-4.03125,10.5,Dell,16-inch,16GB,Dell,13-inch,8GB
2,-7.0,10.5,Dell,16-inch,16GB,Dell,13-inch,16GB
2,-16.0,10.5,Dell,16-inch,16GB,Dell,14-inch,4GB
2,-7.75,10.5,Dell,16-inch,16GB,Dell,14-inch,8GB
2,-7.75,10.5,Dell,16-inch,16GB,Dell,14-inch,16GB
2,-8.25,10.5,Dell,16-inch,16GB,Dell,16-inch,4GB
2,-7.5,10.5,Dell,16-inch,16GB,Dell,16-inch,8GB
2,-8.75,10.5,Dell,16-inch,16GB,Apple,13-inch,4GB
2,-6.341934204101562e-05,1.375,Dell,16-inch,16GB,Apple,13-inch,8GB
2,-0.000865936279296875,3.5,Dell,16-inch,16GB,Apple,13-inch,16GB
2,-9.5,10.5,Dell,16-inch,16GB,Apple,14-inch,4GB
2,-0.000385284423828125,2.75,Dell,16-inch,16GB,Apple,14-inch,8GB
2,-0.00145721435546875,4.0,Dell,16-inch,16GB,Apple,14-inch,16GB
2,-0.00188446044921875,4.25,Dell,16-inch,16GB,Apple,16-inch,4GB
2,3.3855438232421875e-05,-0.875,Dell,16-inch,16GB,Apple,16-inch,8GB
2,1.0013580322265625e-05,0.25,Dell,16-inch,16GB,Apple,16-inch,16GB
2,-3.9577484130859375e-05,1.125,Apple,13-inch,4GB,ASUS,13-inch,4GB
2,-17.0,10.5,Apple,13-inch,4GB,ASUS,13-inch,8GB
2,-13.125,10.5,Apple,13-inch,4GB,ASUS,13-inch,16GB
2,-0.0001583099365234375,2.0,Apple,13-inch,4GB,ASUS,14-inch,4GB
2,-18.125,10.5,Apple,13-inch,4GB,ASUS,14-inch,8GB
2,-15.75,10.5,Apple,13-inch,4GB,ASUS,14-inch,16GB
2,-7.5,10.5,Apple,13-inch,4GB,ASUS,16-inch,4GB
2,-14.875,10.5,Apple,13-inch,4GB,ASUS,16-inch,8GB
2,-12.5,10.5,Apple,13-inch,4GB,ASUS,16-inch,16GB
2,-0.0001583099365234375,2.0,Apple,13-inch,4GB,Lenovo,13-inch,4GB
2,-17.0,10.5,Apple,13-inch,4GB,Lenovo,13-inch,8GB
2,-13.0,10.5,Apple,13-inch,4GB,Lenovo,13-inch,16GB
2,-0.0002155303955078125,2.25,Apple,13-inch,4GB,Lenovo,14-inch,4GB
2,-17.875,10.5,Apple,13-inch,4GB,Lenovo,14-inch,8GB
2,-15.25,10.5,Apple,13-inch,4GB,Lenovo,14-inch,16GB
2,-7.75,10.5,Apple,13-inch,4GB,Lenovo,16-inch,4GB
2,-13.625,10.5,Apple,13-inch,4GB,Lenovo,16-inch,8GB
2,-12.75,10.5,Apple,13-inch,4GB,Lenovo,16-inch,16GB
2,1.0013580322265625e-05,0.25,Apple,13-inch,4GB,HP,13-inch,4GB
2,-17.625,10.5,Apple,13-inch,4GB,HP,13-inch,8GB
2,-13.75,10.5,Apple,13-inch,4GB,HP,13-inch,16GB
2,-6.198883056640625e-06,0.625,Apple,13-inch,4GB,HP,14-inch,4GB
2,-18.875,10.5,Apple,13-inch,4GB,HP,14-inch,8GB
2,-16.0,10.5,Apple,13-inch,4GB,HP,14-inch,16GB
2,-1.140625,10.125,Apple,13-inch,4GB,HP,16-inch,4GB
2,-16.125,10.5,Apple,13-inch,4GB,HP,16-inch,8GB
2,-13.125,10.5,Apple,13-inch,4GB,HP,16-inch,16GB
2,-6.341934204101562e-05,1.375,Apple,13-inch,4GB,Dell,13-inch,4GB
2,-16.875,10.5,Apple,13-inch,4GB,Dell,13-inch,8GB
2,-12.875,10.5,Apple,13-inch,4GB,Dell,13-inch,16GB
2,-0.00011301040649414062,1.75,Apple,13-inch,4GB,Dell,14-inch,4GB
2,-17.75,10.5,Apple,13-inch,4GB,Dell,14-inch,8GB
2,-15.0,10.5,Apple,13-inch,4GB,Dell,14-inch,16GB
2,-6.0,10.5,Apple,13-inch,4GB,Dell,16-inch,4GB
2,-13.75,10.5,Apple,13-inch,4GB,Dell,16-inch,8GB
2,-11.625,10.5,Apple,13-inch,4GB,Dell,16-inch,16GB
2,-12.125,10.5,Apple,13-inch,4GB,Apple,13-inch,8GB
2,-8.0,10.5,Apple,13-inch,4GB,Apple,13-inch,16GB
2,-8.0,10.5,Apple,13-inch,4GB,Apple,14-inch,4GB
2,-19.375,10.5,Apple,13-inch,4GB,Apple,14-inch,8GB
2,-15.5,10.5,Apple,13-inch,4GB,Apple,14-inch,16GB
2,-8.75,10.5,Apple,13-inch,4GB,Apple,16-inch,4GB
2,-16.25,10.5,Apple,13-inch,4GB,Apple,16-inch,8GB
2,-15.0,10.5,Apple,13-inch,4GB,Apple,16-inch,16GB
2,4.5299530029296875e-05,-6.5,Apple,13-inch,8GB,ASUS,13-inch,4GB
2,4.482269287109375e-05,-4.25,Apple,13-inch,8GB,ASUS,13-inch,8GB
2,4.410743713378906e-05,-3.125,Apple,13-inch,8GB,ASUS,13-inch,16GB
2,4.482269287109375e-05,-4.0,Apple,13-inch,8GB,ASUS,14-inch,4GB
2,4.482269287109375e-05,-4.25,Apple,13-inch,8GB,ASUS,14-inch,8GB
2,3.0517578125e-05,-0.625,Apple,13-inch,8GB,ASUS,14-inch,16GB
2,-5.054473876953125e-05,1.25,Apple,13-inch,8GB,ASUS,16-inch,4GB
2,4.100799560546875e-05,-1.875,Apple,13-inch,8GB,ASUS,16-inch,8GB
2,4.291534423828125e-05,-2.5,Apple,13-inch,8GB,ASUS,16-inch,16GB
2,4.5299530029296875e-05,-7.125,Apple,13-inch,8GB,Lenovo,13-inch,4GB
2,4.482269287109375e-05,-4.125,Apple,13-inch,8GB,Lenovo,13-inch,8GB
2,4.1961669921875e-05,-2.125,Apple,13-inch,8GB,Lenovo,13-inch,16GB
2,4.482269287109375e-05,-4.0,Apple,13-inch,8GB,Lenovo,14-inch,4GB
2,4.458427429199219e-05,-3.625,Apple,13-inch,8GB,Lenovo,14-inch,8GB
2,-3.9577484130859375e-05,1.125,Apple,13-inch,8GB,Lenovo,14-inch,16GB
2,-0.0003337860107421875,2.625,Apple,13-inch,8GB,Lenovo,16-inch,4GB
2,3.62396240234375e-05,-1.125,Apple,13-inch,8GB,Lenovo,16-inch,8GB
2,3.528594970703125e-05,-1.0,Apple,13-inch,8GB,Lenovo,16-inch,16GB
2,4.5299530029296875e-05,-7.875,Apple,13-inch,8GB,HP,13-inch,4GB
2,4.482269287109375e-05,-4.25,Apple,13-inch,8GB,HP,13-inch,8GB
2,4.1961669921875e-05,-2.125,Apple,13-inch,8GB,HP,13-inch,16GB
2,4.5299530029296875e-05,-5.875,Apple,13-inch,8GB,HP,14-inch,4GB
2,4.458427429199219e-05,-3.625,Apple,13-inch,8GB,HP,14-inch,8GB
2,-1.2874603271484375e-05,0.75,Apple,13-inch,8GB,HP,14-inch,16GB
2,3.62396240234375e-05,-1.125,Apple,13-inch,8GB,HP,16-inch,4GB
2,4.291534423828125e-05,-2.5,Apple,13-inch,8GB,HP,16-inch,8GB
2,4.1484832763671875e-05,-2.0,Apple,13-inch,8GB,HP,16-inch,16GB
2,4.5299530029296875e-05,-8.25,Apple,13-inch,8GB,Dell,13-inch,4GB
2,4.482269287109375e-05,-3.75,Apple,13-inch,8GB,Dell,13-inch,8GB
2,4.1961669921875e-05,-2.125,Apple,13-inch,8GB,Dell,13-inch,16GB
2,4.5299530029296875e-05,-6.25,Apple,13-inch,8GB,Dell,14-inch,4GB
2,4.482269287109375e-05,-3.75,Apple,13-inch,8GB,Dell,14-inch,8GB
2,0.0,0.5,Apple,13-inch,8GB,Dell,14-inch,16GB
2,4.100799560546875e-05,-1.875,Apple,13-inch,8GB,Dell,16-inch,4GB
2,3.910064697265625e-05,-1.5,Apple,13-inch,8GB,Dell,16-inch,8GB
2,3.743171691894531e-05,-1.25,Apple,13-inch,8GB,Dell,16-inch,16GB
2,4.5299530029296875e-05,-5.5,Apple,13-inch,8GB,Apple,13-inch,4GB
2,4.482269287109375e-05,-3.75,Apple,13-inch,8GB,Apple,13-inch,16GB
2,-8.75,10.5,Apple,13-inch,8GB,Apple,14-inch,4GB
2,-0.3125,9.1875,Apple,13-inch,8GB,Apple,14-inch,8GB
2,4.00543212890625e-05,-1.625,Apple,13-inch,8GB,Apple,14-inch,16GB
2,-8.5,10.5,Apple,13-inch,8GB,Apple,16-inch,4GB
2,-2.8125,10.4375,Apple,13-inch,8GB,Apple,16-inch,8GB
2,4.291534423828125e-05,-2.5,Apple,13-inch,8GB,Apple,16-inch,16GB
2,-8.875,10.5,Apple,13-inch,16GB,ASUS,13-inch,4GB
2,-0.00011301040649414062,1.75,Apple,13-inch,16GB,ASUS,13-inch,8GB
2,2.86102294921875e-05,-0.5,Apple,13-inch,16GB,ASUS,13-inch,16GB
2,-10.625,10.5,Apple,13-inch,16GB,ASUS,14-inch,4GB
2,-0.0003337860107421875,2.625,Apple,13-inch,16GB,ASUS,14-inch,8GB
2,5.245208740234375e-06,0.375,Apple,13-inch,16GB,ASUS,14-inch,16GB
2,-8.875,10.5,Apple,13-inch,16GB,ASUS,16-inch,4GB
2,4.0531158447265625e-05,-1.75,Apple,13-inch,16GB,ASUS,16-inch,8GB
2,-0.00066375732421875,3.25,Apple,13-inch,16GB,ASUS,16-inch,16GB
2,-8.75,10.5,Apple,13-inch,16GB,Lenovo,13-inch,4GB
2,-6.341934204101562e-05,1.375,Apple,13-inch,16GB,Lenovo,13-inch,8GB
2,3.0517578125e-05,-0.625,Apple,13-inch,16GB,Lenovo,13-inch,16GB
2,-10.75,10.5,Apple,13-inch,16GB,Lenovo,14-inch,4GB
2,-0.0002899169921875,2.5,Apple,13-inch,16GB,Lenovo,14-inch,8GB
2,-6.198883056640625e-06,0.625,Apple,13-inch,16GB,Lenovo,14-inch,16GB
2,-9.25,10.5,Apple,13-inch,16GB,Lenovo,16-inch,4GB
2,4.100799560546875e-05,-1.875,Apple,13-inch,16GB,Lenovo,16-inch,8GB
2,-0.00066375732421875,3.25,Apple,13-inch,16GB,Lenovo,16-inch,16GB
2,-7.0,10.5,Apple,13-inch,16GB,HP,13-inch,4GB
2,-2.0503997802734375e-05,0.875,Apple,13-inch,16GB,HP,13-inch,8GB
2,3.3855438232421875e-05,-0.875,Apple,13-inch,16GB,HP,13-inch,16GB
2,-9.5,10.5,Apple,13-inch,16GB,HP,14-inch,4GB
2,-3.9577484130859375e-05,1.125,Apple,13-inch,16GB,HP,14-inch,8GB
2,-2.956390380859375e-05,1.0,Apple,13-inch,16GB,HP,14-inch,16GB
2,-8.0,10.5,Apple,13-inch,16GB,HP,16-inch,4GB
2,4.3392181396484375e-05,-2.625,Apple,13-inch,16GB,HP,16-inch,8GB
2,-0.000385284423828125,2.75,Apple,13-inch,16GB,HP,16-inch,16GB
2,-6.5,10.5,Apple,13-inch,16GB,Dell,13-inch,4GB
2,1.7762184143066406e-05,0.0,Apple,13-inch,16GB,Dell,13-inch,8GB
2,2.86102294921875e-05,-0.5,Apple,13-inch,16GB,Dell,13-inch,16GB
2,-8.75,10.5,Apple,13-inch,16GB,Dell,14-inch,4GB
2,-2.956390380859375e-05,1.0,Apple,13-inch,16GB,Dell,14-inch,8GB
2,0.0,0.5,Apple,13-inch,16GB,Dell,14-inch,16GB
2,-7.75,10.5,Apple,13-inch,16GB,Dell,16-inch,4GB
2,4.1484832763671875e-05,-2.0,Apple,13-inch,16GB,Dell,16-inch,8GB
2,-0.0002899169921875,2.5,Apple,13-inch,16GB,Dell,16-inch,16GB
2,-2.34375,10.375,Apple,13-inch,16GB,Apple,13-inch,4GB
2,-6.75,10.5,Apple,13-inch,16GB,Apple,13-inch,8GB
2,-11.625,10.5,Apple,13-inch,16GB,Apple,14-inch,4GB
2,-0.82421875,9.9375,Apple,13-inch,16GB,Apple,14-inch,8GB
2,-6.5,10.5,Apple,13-inch,16GB,Apple,14-inch,16GB
2,-9.75,10.5,Apple,13-inch,16GB,Apple,16-inch,4GB
2,-7.772445678710938e-05,1.5,Apple,13-inch,16GB,Apple,16-inch,8GB
2,-8.75,10.5,Apple,13-inch,16GB,Apple,16-inch,16GB
2,-0.00011301040649414062,1.75,Apple,14-inch,4GB,ASUS,13-inch,4GB
2,-18.375,10.5,Apple,14-inch,4GB,ASUS,13-inch,8GB
2,-15.875,10.5,Apple,14-inch,4GB,ASUS,13-inch,16GB
2,-0.0002899169921875,2.5,Apple,14-inch,4GB,ASUS,14-inch,4GB
2,-17.25,10.5,Apple,14-inch,4GB,ASUS,14-inch,8GB
2,-14.0,10.5,Apple,14-inch,4GB,ASUS,14-inch,16GB
2,-8.5,10.5,Apple,14-inch,4GB,ASUS,16-inch,4GB
2,-15.0,10.5,Apple,14-inch,4GB,ASUS,16-inch,8GB
2,-11.125,10.5,Apple,14-inch,4GB,ASUS,16-inch,16GB
2,-0.0002155303955078125,2.25,Apple,14-inch,4GB,Lenovo,13-inch,4GB
2,-17.875,10.5,Apple,14-inch,4GB,Lenovo,13-inch,8GB
2,-15.5,10.5,Apple,14-inch,4GB,Lenovo,13-inch,16GB
2,-0.00066375732421875,3.25,Apple,14-inch,4GB,Lenovo,14-inch,4GB
2,-17.0,10.5,Apple,14-inch,4GB,Lenovo,14-inch,8GB
2,-14.0,10.5,Apple,14-inch,4GB,Lenovo,14-inch,16GB
2,-8.5,10.5,Apple,14-inch,4GB,Lenovo,16-inch,4GB
2,-14.375,10.5,Apple,14-inch,4GB,Lenovo,16-inch,8GB
2,-11.375,10.5,Apple,14-inch,4GB,Lenovo,16-inch,16GB
2,2.384185791015625e-05,-0.25,Apple,14-inch,4GB,HP,13-inch,4GB
2,-18.625,10.5,Apple,14-inch,4GB,HP,13-inch,8GB
2,-15.875,10.5,Apple,14-inch,4GB,HP,13-inch,16GB
2,-7.772445678710938e-05,1.5,Apple,14-inch,4GB,HP,14-inch,4GB
2,-17.875,10.5,Apple,14-inch,4GB,HP,14-inch,8GB
2,-14.5,10.5,Apple,14-inch,4GB,HP,14-inch,16GB
2,-6.25,10.5,Apple,14-inch,4GB,HP,16-inch,4GB
2,-15.75,10.5,Apple,14-inch,4GB,HP,16-inch,8GB
2,-12.25,10.5,Apple,14-inch,4GB,HP,16-inch,16GB
2,-7.772445678710938e-05,1.5,Apple,14-inch,4GB,Dell,13-inch,4GB
2,-17.75,10.5,Apple,14-inch,4GB,Dell,13-inch,8GB
2,-15.125,10.5,Apple,14-inch,4GB,Dell,13-inch,16GB
2,-0.000385284423828125,2.75,Apple,14-inch,4GB,Dell,14-inch,4GB
2,-16.75,10.5,Apple,14-inch,4GB,Dell,14-inch,8GB
2,-13.625,10.5,Apple,14-inch,4GB,Dell,14-inch,16GB
2,-7.25,10.5,Apple,14-inch,4GB,Dell,16-inch,4GB
2,-14.25,10.5,Apple,14-inch,4GB,Dell,16-inch,8GB
2,-11.0,10.5,Apple,14-inch,4GB,Dell,16-inch,16GB
2,-0.00145721435546875,4.0,Apple,14-inch,4GB,Apple,13-inch,4GB
2,-19.75,10.5,Apple,14-inch,4GB,Apple,13-inch,8GB
2,-15.125,10.5,Apple,14-inch,4GB,Apple,13-inch,16GB
2,-12.875,10.5,Apple,14-inch,4GB,Apple,14-inch,8GB
2,-9.0,10.5,Apple,14-inch,4GB,Apple,14-inch,16GB
2,-8.5,10.5,Apple,14-inch,4GB,Apple,16-inch,4GB
2,-17.625,10.5,Apple,14-inch,4GB,Apple,16-inch,8GB
2,-14.625,10.5,Apple,14-inch,4GB,Apple,16-inch,16GB
2,-8.5,10.5,Apple,14-inch,8GB,ASUS,13-inch,4GB
2,4.482269287109375e-05,-4.25,Apple,14-inch,8GB,ASUS,13-inch,8GB
2,2.384185791015625e-05,-0.25,Apple,14-inch,8GB,ASUS,13-inch,16GB
2,4.38690185546875e-05,-2.875,Apple,14-inch,8GB,ASUS,14-inch,4GB
2,4.482269287109375e-05,-4.0,Apple,14-inch,8GB,ASUS,14-inch,8GB
2,4.3392181396484375e-05,-2.75,Apple,14-inch,8GB,ASUS,14-inch,16GB
2,-7.75,10.5,Apple,14-inch,8GB,ASUS,16-inch,4GB
2,3.910064697265625e-05,-1.5,Apple,14-inch,8GB,ASUS,16-inch,8GB
2,3.528594970703125e-05,-1.0,Apple,14-inch,8GB,ASUS,16-inch,16GB
2,-6.25,10.5,Apple,14-inch,8GB,Lenovo,13-inch,4GB
2,4.482269287109375e-05,-3.75,Apple,14-inch,8GB,Lenovo,13-inch,8GB
2,-6.198883056640625e-06,0.625,Apple,14-inch,8GB,Lenovo,13-inch,16GB
2,4.482269287109375e-05,-3.875,Apple,14-inch,8GB,Lenovo,14-inch,4GB
2,4.482269287109375e-05,-3.875,Apple,14-inch,8GB,Lenovo,14-inch,8GB
2,4.0531158447265625e-05,-1.75,Apple,14-inch,8GB,Lenovo,14-inch,16GB
2,-8.0,10.5,Apple,14-inch,8GB,Lenovo,16-inch,4GB
2,1.7762184143066406e-05,0.0,Apple,14-inch,8GB,Lenovo,16-inch,8GB
2,2.86102294921875e-05,-0.5,Apple,14-inch,8GB,Lenovo,16-inch,16GB
2,-5.054473876953125e-05,1.25,Apple,14-inch,8GB,HP,13-inch,4GB
2,4.482269287109375e-05,-4.0,Apple,14-inch,8GB,HP,13-inch,8GB
2,2.09808349609375e-05,-0.125,Apple,14-inch,8GB,HP,13-inch,16GB
2,4.506111145019531e-05,-4.75,Apple,14-inch,8GB,HP,14-inch,4GB
2,4.482269287109375e-05,-3.875,Apple,14-inch,8GB,HP,14-inch,8GB
2,3.910064697265625e-05,-1.5,Apple,14-inch,8GB,HP,14-inch,16GB
2,-5.75,10.5,Apple,14-inch,8GB,HP,16-inch,4GB
2,3.910064697265625e-05,-1.5,Apple,14-inch,8GB,HP,16-inch,8GB
2,3.24249267578125e-05,-0.75,Apple,14-inch,8GB,HP,16-inch,16GB
2,3.0517578125e-05,-0.625,Apple,14-inch,8GB,Dell,13-inch,4GB
2,4.482269287109375e-05,-4.0,Apple,14-inch,8GB,Dell,13-inch,8GB
2,1.7762184143066406e-05,0.0,Apple,14-inch,8GB,Dell,13-inch,16GB
2,4.5299530029296875e-05,-6.375,Apple,14-inch,8GB,Dell,14-inch,4GB
2,4.482269287109375e-05,-3.75,Apple,14-inch,8GB,Dell,14-inch,8GB
2,3.910064697265625e-05,-1.5,Apple,14-inch,8GB,Dell,14-inch,16GB
2,-1.703125,10.3125,Apple,14-inch,8GB,Dell,16-inch,4GB
2,2.86102294921875e-05,-0.5,Apple,14-inch,8GB,Dell,16-inch,8GB
2,2.86102294921875e-05,-0.5,Apple,14-inch,8GB,Dell,16-inch,16GB
2,-12.0,10.5,Apple,14-inch,8GB,Apple,13-inch,4GB
2,2.6345252990722656e-05,-0.375,Apple,14-inch,8GB,Apple,13-inch,8GB
2,4.0531158447265625e-05,-1.75,Apple,14-inch,8GB,Apple,13-inch,16GB
2,4.0531158447265625e-05,-1.75,Apple,14-inch,8GB,Apple,14-inch,4GB
2,4.4345855712890625e-05,-3.5,Apple,14-inch,8GB,Apple,14-inch,16GB
2,-10.0,10.5,Apple,14-inch,8GB,Apple,16-inch,4GB
2,-2.578125,10.4375,Apple,14-inch,8GB,Apple,16-inch,8GB
2,4.291534423828125e-05,-2.375,Apple,14-inch,8GB,Apple,16-inch,16GB
2,-14.5,10.5,Apple,14-inch,16GB,ASUS,13-inch,4GB
2,-6.5,10.5,Apple,14-inch,16GB,ASUS,13-inch,8GB
2,-2.956390380859375e-05,1.0,Apple,14-inch,16GB,ASUS,13-inch,16GB
2,-10.875,10.5,Apple,14-inch,16GB,ASUS,14-inch,4GB
2,-0.0024261474609375,4.5,Apple,14-inch,16GB,ASUS,14-inch,8GB
2,2.384185791015625e-05,-0.25,Apple,14-inch,16GB,ASUS,14-inch,16GB
2,-10.625,10.5,Apple,14-inch,16GB,ASUS,16-inch,4GB
2,-9.489059448242188e-05,1.625,Apple,14-inch,16GB,ASUS,16-inch,8GB
2,-0.00518798828125,5.25,Apple,14-inch,16GB,ASUS,16-inch,16GB
2,-15.375,10.5,Apple,14-inch,16GB,Lenovo,13-inch,4GB
2,-4.5,10.5,Apple,14-inch,16GB,Lenovo,13-inch,8GB
2,-7.772445678710938e-05,1.5,Apple,14-inch,16GB,Lenovo,13-inch,16GB
2,-11.5,10.5,Apple,14-inch,16GB,Lenovo,14-inch,4GB
2,-0.000865936279296875,3.5,Apple,14-inch,16GB,Lenovo,14-inch,8GB
2,2.09808349609375e-05,-0.125,Apple,14-inch,16GB,Lenovo,14-inch,16GB
2,-11.0,10.5,Apple,14-inch,16GB,Lenovo,16-inch,4GB
2,-3.9577484130859375e-05,1.125,Apple,14-inch,16GB,Lenovo,16-inch,8GB
2,-0.006683349609375,5.5,Apple,14-inch,16GB,Lenovo,16-inch,16GB
2,-15.0,10.5,Apple,14-inch,16GB,HP,13-inch,4GB
2,-0.00518798828125,5.25,Apple,14-inch,16GB,HP,13-inch,8GB
2,-5.054473876953125e-05,1.25,Apple,14-inch,16GB,HP,13-inch,16GB
2,-10.75,10.5,Apple,14-inch,16GB,HP,14-inch,4GB
2,-0.000385284423828125,2.75,Apple,14-inch,16GB,HP,14-inch,8GB
2,2.86102294921875e-05,-0.5,Apple,14-inch,16GB,HP,14-inch,16GB
2,-10.375,10.5,Apple,14-inch,16GB,HP,16-inch,4GB
2,1.0013580322265625e-05,0.25,Apple,14-inch,16GB,HP,16-inch,8GB
2,-0.00145721435546875,4.0,Apple,14-inch,16GB,HP,16-inch,16GB
2,-14.0,10.5,Apple,14-inch,16GB,Dell,13-inch,4GB
2,-0.004058837890625,5.0,Apple,14-inch,16GB,Dell,13-inch,8GB
2,-7.772445678710938e-05,1.5,Apple,14-inch,16GB,Dell,13-inch,16GB
2,-10.0,10.5,Apple,14-inch,16GB,Dell,14-inch,4GB
2,-0.0003337860107421875,2.625,Apple,14-inch,16GB,Dell,14-inch,8GB
2,1.4066696166992188e-05,0.125,Apple,14-inch,16GB,Dell,14-inch,16GB
2,-10.0,10.5,Apple,14-inch,16GB,Dell,16-inch,4GB
2,0.0,0.5,Apple,14-inch,16GB,Dell,16-inch,8GB
2,-0.00145721435546875,4.0,Apple,14-inch,16GB,Dell,16-inch,16GB
2,-16.25,10.5,Apple,14-inch,16GB,Apple,13-inch,4GB
2,-7.25,10.5,Apple,14-inch,16GB,Apple,13-inch,8GB
2,-0.000507354736328125,3.0,Apple,14-inch,16GB,Apple,13-inch,16GB
2,-8.5,10.5,Apple,14-inch,16GB,Apple,14-inch,4GB
2,-7.75,10.5,Apple,14-inch,16GB,Apple,14-inch,8GB
2,-11.125,10.5,Apple,14-inch,16GB,Apple,16-inch,4GB
2,-0.00188446044921875,4.25,Apple,14-inch,16GB,Apple,16-inch,8GB
2,-10.0,10.5,Apple,14-inch,16GB,Apple,16-inch,16GB
2,-0.006683349609375,5.5,Apple,16-inch,4GB,ASUS,13-inch,4GB
2,-16.625,10.5,Apple,16-inch,4GB,ASUS,13-inch,8GB
2,-10.5,10.5,Apple,16-inch,4GB,ASUS,13-inch,16GB
2,-1.2874603271484375e-05,0.75,Apple,16-inch,4GB,ASUS,14-inch,4GB
2,-16.875,10.5,Apple,16-inch,4GB,ASUS,14-inch,8GB
2,-10.5,10.5,Apple,16-inch,4GB,ASUS,14-inch,16GB
2,-0.0001583099365234375,2.0,Apple,16-inch,4GB,ASUS,16-inch,4GB
2,-15.75,10.5,Apple,16-inch,4GB,ASUS,16-inch,8GB
2,-2.8125,10.4375,Apple,16-inch,4GB,ASUS,16-inch,16GB
2,-0.01409912109375,6.25,Apple,16-inch,4GB,Lenovo,13-inch,4GB
2,-17.0,10.5,Apple,16-inch,4GB,Lenovo,13-inch,8GB
2,-10.625,10.5,Apple,16-inch,4GB,Lenovo,13-inch,16GB
2,-1.2874603271484375e-05,0.75,Apple,16-inch,4GB,Lenovo,14-inch,4GB
2,-16.75,10.5,Apple,16-inch,4GB,Lenovo,14-inch,8GB
2,-10.875,10.5,Apple,16-inch,4GB,Lenovo,14-inch,16GB
2,-0.0002155303955078125,2.25,Apple,16-inch,4GB,Lenovo,16-inch,4GB
2,-15.875,10.5,Apple,16-inch,4GB,Lenovo,16-inch,8GB
2,-4.25,10.5,Apple,16-inch,4GB,Lenovo,16-inch,16GB
2,-7.772445678710938e-05,1.5,Apple,16-inch,4GB,HP,13-inch,4GB
2,-18.125,10.5,Apple,16-inch,4GB,HP,13-inch,8GB
2,-10.25,10.5,Apple,16-inch,4GB,HP,13-inch,16GB
2,3.743171691894531e-05,-1.25,Apple,16-inch,4GB,HP,14-inch,4GB
2,-17.875,10.5,Apple,16-inch,4GB,HP,14-inch,8GB
2,-10.75,10.5,Apple,16-inch,4GB,HP,14-inch,16GB
2,1.4066696166992188e-05,0.125,Apple,16-inch,4GB,HP,16-inch,4GB
2,-17.125,10.5,Apple,16-inch,4GB,HP,16-inch,8GB
2,-7.25,10.5,Apple,16-inch,4GB,HP,16-inch,16GB
2,-0.000385284423828125,2.75,Apple,16-inch,4GB,Dell,13-inch,4GB
2,-16.625,10.5,Apple,16-inch,4GB,Dell,13-inch,8GB
2,-9.75,10.5,Apple,16-inch,4GB,Dell,13-inch,16GB
2,1.7762184143066406e-05,0.0,Apple,16-inch,4GB,Dell,14-inch,4GB
2,-16.75,10.5,Apple,16-inch,4GB,Dell,14-inch,8GB
2,-9.5,10.5,Apple,16-inch,4GB,Dell,14-inch,16GB
2,-6.341934204101562e-05,1.375,Apple,16-inch,4GB,Dell,16-inch,4GB
2,-15.875,10.5,Apple,16-inch,4GB,Dell,16-inch,8GB
2,-0.00518798828125,5.25,Apple,16-inch,4GB,Dell,16-inch,16GB
2,-0.000385284423828125,2.75,Apple,16-inch,4GB,Apple,13-inch,4GB
2,-19.0,10.5,Apple,16-inch,4GB,Apple,13-inch,8GB
2,-10.5,10.5,Apple,16-inch,4GB,Apple,13-inch,16GB
2,-0.00066375732421875,3.25,Apple,16-inch,4GB,Apple,14-inch,4GB
2,-19.75,10.5,Apple,16-inch,4GB,Apple,14-inch,8GB
2,-11.625,10.5,Apple,16-inch,4GB,Apple,14-inch,16GB
2,-11.5,10.5,Apple,16-inch,4GB,Apple,16-inch,8GB
2,-8.0,10.5,Apple,16-inch,4GB,Apple,16-inch,16GB
2,-9.25,10.5,Apple,16-inch,8GB,ASUS,13-inch,4GB
2,-2.956390380859375e-05,1.0,Apple,16-inch,8GB,ASUS,13-inch,8GB
2,-8.75,10.5,Apple,16-inch,8GB,ASUS,13-inch,16GB
2,-10.0,10.5,Apple,16-inch,8GB,ASUS,14-inch,4GB
2,2.384185791015625e-05,-0.25,Apple,16-inch,8GB,ASUS,14-inch,8GB
2,-9.25,10.5,Apple,16-inch,8GB,ASUS,14-inch,16GB
2,-0.3125,9.1875,Apple,16-inch,8GB,ASUS,16-inch,4GB
2,4.38690185546875e-05,-2.875,Apple,16-inch,8GB,ASUS,16-inch,8GB
2,-0.000865936279296875,3.5,Apple,16-inch,8GB,ASUS,16-inch,16GB
2,-9.0,10.5,Apple,16-inch,8GB,Lenovo,13-inch,4GB
2,-6.341934204101562e-05,1.375,Apple,16-inch,8GB,Lenovo,13-inch,8GB
2,-8.75,10.5,Apple,16-inch,8GB,Lenovo,13-inch,16GB
2,-9.75,10.5,Apple,16-inch,8GB,Lenovo,14-inch,4GB
2,1.0013580322265625e-05,0.25,Apple,16-inch,8GB,Lenovo,14-inch,8GB
2,-9.0,10.5,Apple,16-inch,8GB,Lenovo,14-inch,16GB
2,-0.00066375732421875,3.25,Apple,16-inch,8GB,Lenovo,16-inch,4GB
2,4.0531158447265625e-05,-1.75,Apple,16-inch,8GB,Lenovo,16-inch,8GB
2,-0.00112152099609375,3.75,Apple,16-inch,8GB,Lenovo,16-inch,16GB
2,-8.0,10.5,Apple,16-inch,8GB,HP,13-inch,4GB
2,-6.198883056640625e-06,0.625,Apple,16-inch,8GB,HP,13-inch,8GB
2,-8.75,10.5,Apple,16-inch,8GB,HP,13-inch,16GB
2,-9.0,10.5,Apple,16-inch,8GB,HP,14-inch,4GB
2,2.09808349609375e-05,-0.125,Apple,16-inch,8GB,HP,14-inch,8GB
2,-9.5,10.5,Apple,16-inch,8GB,HP,14-inch,16GB
2,-7.772445678710938e-05,1.5,Apple,16-inch,8GB,HP,16-inch,4GB
2,4.38690185546875e-05,-2.875,Apple,16-inch,8GB,HP,16-inch,8GB
2,-0.00145721435546875,4.0,Apple,16-inch,8GB,HP,16-inch,16GB
2,-7.5,10.5,Apple,16-inch,8GB,Dell,13-inch,4GB
2,-1.2874603271484375e-05,0.75,Apple,16-inch,8GB,Dell,13-inch,8GB
2,-8.5,10.5,Apple,16-inch,8GB,Dell,13-inch,16GB
2,-8.25,10.5,Apple,16-inch,8GB,Dell,14-inch,4GB
2,2.384185791015625e-05,-0.25,Apple,16-inch,8GB,Dell,14-inch,8GB
2,-9.0,10.5,Apple,16-inch,8GB,Dell,14-inch,16GB
2,0.0,0.5,Apple,16-inch,8GB,Dell,16-inch,4GB
2,4.291534423828125e-05,-2.375,Apple,16-inch,8GB,Dell,16-inch,8GB
2,-0.00112152099609375,3.75,Apple,16-inch,8GB,Dell,16-inch,16GB
2,-11.5,10.5,Apple,16-inch,8GB,Apple,13-inch,4GB
2,-0.00011301040649414062,1.75,Apple,16-inch,8GB,Apple,13-inch,8GB
2,-8.75,10.5,Apple,16-inch,8GB,Apple,13-inch,16GB
2,-12.125,10.5,Apple,16-inch,8GB,Apple,14-inch,4GB
2,-0.000865936279296875,3.5,Apple,16-inch,8GB,Apple,14-inch,8GB
2,-9.75,10.5,Apple,16-inch,8GB,Apple,14-inch,16GB
2,3.0517578125e-05,-0.625,Apple,16-inch,8GB,Apple,16-inch,4GB
2,-0.474609375,9.5,Apple,16-inch,8GB,Apple,16-inch,16GB
2,-15.5,10.5,Apple,16-inch,16GB,ASUS,13-inch,4GB
2,-8.5,10.5,Apple,16-inch,16GB,ASUS,13-inch,8GB
2,-8.5,10.5,Apple,16-inch,16GB,ASUS,13-inch,16GB
2,-14.5,10.5,Apple,16-inch,16GB,ASUS,14-inch,4GB
2,-9.25,10.5,Apple,16-inch,16GB,ASUS,14-inch,8GB
2,-7.875,10.5,Apple,16-inch,16GB,ASUS,14-inch,16GB
2,-9.125,10.5,Apple,16-inch,16GB,ASUS,16-inch,4GB
2,-6.0,10.5,Apple,16-inch,16GB,ASUS,16-inch,8GB
2,-0.000865936279296875,3.5,Apple,16-inch,16GB,ASUS,16-inch,16GB
2,-14.75,10.5,Apple,16-inch,16GB,Lenovo,13-inch,4GB
2,-7.75,10.5,Apple,16-inch,16GB,Lenovo,13-inch,8GB
2,-8.0,10.5,Apple,16-inch,16GB,Lenovo,13-inch,16GB
2,-15.0,10.5,Apple,16-inch,16GB,Lenovo,14-inch,4GB
2,-8.875,10.5,Apple,16-inch,16GB,Lenovo,14-inch,8GB
2,-7.5,10.5,Apple,16-inch,16GB,Lenovo,14-inch,16GB
2,-9.0,10.5,Apple,16-inch,16GB,Lenovo,16-inch,4GB
2,-4.5,10.5,Apple,16-inch,16GB,Lenovo,16-inch,8GB
2,-0.00112152099609375,3.75,Apple,16-inch,16GB,Lenovo,16-inch,16GB
2,-13.75,10.5,Apple,16-inch,16GB,HP,13-inch,4GB
2,-7.625,10.5,Apple,16-inch,16GB,HP,13-inch,8GB
2,-7.875,10.5,Apple,16-inch,16GB,HP,13-inch,16GB
2,-14.25,10.5,Apple,16-inch,16GB,HP,14-inch,4GB
2,-8.5,10.5,Apple,16-inch,16GB,HP,14-inch,8GB
2,-7.25,10.5,Apple,16-inch,16GB,HP,14-inch,16GB
2,-8.5,10.5,Apple,16-inch,16GB,HP,16-inch,4GB
2,-1.3125,10.1875,Apple,16-inch,16GB,HP,16-inch,8GB
2,-0.0004425048828125,2.875,Apple,16-inch,16GB,HP,16-inch,16GB
2,-12.5,10.5,Apple,16-inch,16GB,Dell,13-inch,4GB
2,-7.75,10.5,Apple,16-inch,16GB,Dell,13-inch,8GB
2,-8.0,10.5,Apple,16-inch,16GB,Dell,13-inch,16GB
2,-13.0,10.5,Apple,16-inch,16GB,Dell,14-inch,4GB
2,-8.625,10.5,Apple,16-inch,16GB,Dell,14-inch,8GB
2,-7.125,10.5,Apple,16-inch,16GB,Dell,14-inch,16GB
2,-7.75,10.5,Apple,16-inch,16GB,Dell,16-inch,4GB
2,-0.82421875,9.9375,Apple,16-inch,16GB,Dell,16-inch,8GB
2,-0.00112152099609375,3.75,Apple,16-inch,16GB,Dell,16-inch,16GB
2,-16.875,10.5,Apple,16-inch,16GB,Apple,13-inch,4GB
2,-8.375,10.5,Apple,16-inch,16GB,Apple,13-inch,8GB
2,-7.5,10.5,Apple,16-inch,16GB,Apple,13-inch,16GB
2,-17.375,10.5,Apple,16-inch,16GB,Apple,14-inch,4GB
2,-9.375,10.5,Apple,16-inch,16GB,Apple,14-inch,8GB
2,-8.5,10.5,Apple,16-inch,16GB,Apple,14-inch,16GB
2,-6.5,10.5,Apple,16-inch,16GB,Apple,16-inch,4GB
2,-8.5,10.5,Apple,16-inch,16GB,Apple,16-inch,8GB
3,-8.75,10.5,ASUS,13-inch,4GB,ASUS,13-inch,8GB
3,-0.00011301040649414062,1.75,ASUS,13-inch,4GB,ASUS,13-inch,16GB
3,-2.956390380859375e-05,1.0,ASUS,13-inch,4GB,ASUS,14-inch,4GB
3,-18.125,10.5,ASUS,13-inch,4GB,ASUS,14-inch,8GB
3,-14.625,10.5,ASUS,13-inch,4GB,ASUS,14-inch,16GB
3,-8.5,10.5,ASUS,13-inch,4GB,ASUS,16-inch,4GB
3,-15.75,10.5,ASUS,13-inch,4GB,ASUS,16-inch,8GB
3,-12.5,10.5,ASUS,13-inch,4GB,ASUS,16-inch,16GB
3,-0.0380859375,7.21875,ASUS,13-inch,4GB,Lenovo,13-inch,4GB
3,-15.5,10.5,ASUS,13-inch,4GB,Lenovo,13-inch,8GB
3,-11.625,10.5,ASUS,13-inch,4GB,Lenovo,13-inch,16GB
3,-0.01409912109375,6.25,ASUS,13-inch,4GB,Lenovo,14-inch,4GB
3,-16.625,10.5,ASUS,13-inch,4GB,Lenovo,14-inch,8GB
3,-12.625,10.5,ASUS,13-inch,4GB,Lenovo,14-inch,16GB
3,-9.5,10.5,ASUS,13-inch,4GB,Lenovo,16-inch,4GB
3,-13.25,10.5,ASUS,13-inch,4GB,Lenovo,16-inch,8GB
3,-8.75,10.5,ASUS,13-inch,4GB,Lenovo,16-inch,16GB
3,-2.0503997802734375e-05,0.875,ASUS,13-inch,4GB,HP,13-inch,4GB
3,-16.25,10.5,ASUS,13-inch,4GB,HP,13-inch,8GB
3,-12.375,10.5,ASUS,13-inch,4GB,HP,13-inch,16GB
3,1.4066696166992188e-05,0.125,ASUS,13-inch,4GB,HP,14-inch,4GB
3,-17.125,10.5,ASUS,13-inch,4GB,HP,14-inch,8GB
3,-13.5,10.5,ASUS,13-inch,4GB,HP,14-inch,16GB
3,-8.0,10.5,ASUS,13-inch,4GB,HP,16-inch,4GB
3,-15.125,10.5,ASUS,13-inch,4GB,HP,16-inch,8GB
3,-9.75,10.5,ASUS,13-inch,4GB,HP,16-inch,16GB
3,-0.00112152099609375,3.75,ASUS,13-inch,4GB,Dell,13-inch,4GB
3,-15.625,10.5,ASUS,13-inch,4GB,Dell,13-inch,8GB
3,-11.625,10.5,ASUS,13-inch,4GB,Dell,13-inch,16GB
3,-0.0003337860107421875,2.625,ASUS,13-inch,4GB,Dell,14-inch,4GB
3,-16.875,10.5,ASUS,13-inch,4GB,Dell,14-inch,8GB
3,-12.875,10.5,ASUS,13-inch,4GB,Dell,14-inch,16GB
3,-9.0,10.5,ASUS,13-inch,4GB,Dell,16-inch,4GB
3,-14.125,10.5,ASUS,13-inch,4GB,Dell,16-inch,8GB
3,-8.25,10.5,ASUS,13-inch,4GB,Dell,16-inch,16GB
3,-0.01409912109375,6.25,ASUS,13-inch,4GB,Apple,13-inch,4GB
3,-15.5,10.5,ASUS,13-inch,4GB,Apple,13-inch,8GB
3,-10.25,10.5,ASUS,13-inch,4GB,Apple,13-inch,16GB
3,-9.489059448242188e-05,1.625,ASUS,13-inch,4GB,Apple,14-inch,4GB
3,-15.875,10.5,ASUS,13-inch,4GB,Apple,14-inch,8GB
3,-11.25,10.5,ASUS,13-inch,4GB,Apple,14-inch,16GB
3,-3.046875,10.4375,ASUS,13-inch,4GB,Apple,16-inch,4GB
3,-8.0,10.5,ASUS,13-inch,4GB,Apple,16-inch,8GB
3,-0.0031280517578125,4.75,ASUS,13-inch,4GB,Apple,16-inch,16GB
3,4.5299530029296875e-05,-6.125,ASUS,13-inch,8GB,ASUS,13-inch,4GB
3,4.5299530029296875e-05,-5.125,ASUS,13-inch,8GB,ASUS,13-inch,16GB
3,-9.5,10.5,ASUS,13-inch,8GB,ASUS,14-inch,4GB
3,3.910064697265625e-05,-1.5,ASUS,13-inch,8GB,ASUS,14-inch,8GB
3,4.410743713378906e-05,-3.125,ASUS,13-inch,8GB,ASUS,14-inch,16GB
3,-7.25,10.5,ASUS,13-inch,8GB,ASUS,16-inch,4GB
3,4.0531158447265625e-05,-1.75,ASUS,13-inch,8GB,ASUS,16-inch,8GB
3,4.410743713378906e-05,-3.125,ASUS,13-inch,8GB,ASUS,16-inch,16GB
3,4.5299530029296875e-05,-8.375,ASUS,13-inch,8GB,Lenovo,13-inch,4GB
3,4.5299530029296875e-05,-5.125,ASUS,13-inch,8GB,Lenovo,13-inch,8GB
3,4.4345855712890625e-05,-3.5,ASUS,13-inch,8GB,Lenovo,13-inch,16GB
3,4.5299530029296875e-05,-5.625,ASUS,13-inch,8GB,Lenovo,14-inch,4GB
3,4.5299530029296875e-05,-5.25,ASUS,13-inch,8GB,Lenovo,14-inch,8GB
3,4.1484832763671875e-05,-2.0,ASUS,13-inch,8GB,Lenovo,14-inch,16GB
3,4.1961669921875e-05,-2.125,ASUS,13-inch,8GB,Lenovo,16-inch,4GB
3,4.3392181396484375e-05,-2.75,ASUS,13-inch,8GB,Lenovo,16-inch,8GB
3,4.1961669921875e-05,-2.125,ASUS,13-inch,8GB,Lenovo,16-inch,16GB
3,4.5299530029296875e-05,-9.375,ASUS,13-inch,8GB,HP,13-inch,4GB
3,4.5299530029296875e-05,-5.25,ASUS,13-inch,8GB,HP,13-inch,8GB
3,4.458427429199219e-05,-3.625,ASUS,13-inch,8GB,HP,13-inch,16GB
3,4.5299530029296875e-05,-6.625,ASUS,13-inch,8GB,HP,14-inch,4GB
3,4.5299530029296875e-05,-5.5,ASUS,13-inch,8GB,HP,14-inch,8GB
3,4.1961669921875e-05,-2.125,ASUS,13-inch,8GB,HP,14-inch,16GB
3,4.410743713378906e-05,-3.125,ASUS,13-inch,8GB,HP,16-inch,4GB
3,4.482269287109375e-05,-4.0,ASUS,13-inch,8GB,HP,16-inch,8GB
3,4.38690185546875e-05,-2.875,ASUS,13-inch,8GB,HP,16-inch,16GB
3,4.5299530029296875e-05,-9.625,ASUS,13-inch,8GB,Dell,13-inch,4GB
3,4.506111145019531e-05,-5.0,ASUS,13-inch,8GB,Dell,13-inch,8GB
3,4.458427429199219e-05,-3.625,ASUS,13-inch,8GB,Dell,13-inch,16GB
3,4.5299530029296875e-05,-7.375,ASUS,13-inch,8GB,Dell,14-inch,4GB
3,4.5299530029296875e-05,-5.5,ASUS,13-inch,8GB,Dell,14-inch,8GB
3,4.1484832763671875e-05,-2.0,ASUS,13-inch,8GB,Dell,14-inch,16GB
3,4.482269287109375e-05,-4.25,ASUS,13-inch,8GB,Dell,16-inch,4GB
3,4.38690185546875e-05,-3.0,ASUS,13-inch,8GB,Dell,16-inch,8GB
3,4.3392181396484375e-05,-2.625,ASUS,13-inch,8GB,Dell,16-inch,16GB
3,4.5299530029296875e-05,-6.625,ASUS,13-inch,8GB,Apple,13-inch,4GB
3,4.4345855712890625e-05,-3.375,ASUS,13-inch,8GB,Apple,13-inch,8GB
3,4.482269287109375e-05,-4.125,ASUS,13-inch,8GB,Apple,13-inch,16GB
3,4.482269287109375e-05,-3.75,ASUS,13-inch,8GB,Apple,14-inch,4GB
3,4.4345855712890625e-05,-3.25,ASUS,13-inch,8GB,Apple,14-inch,8GB
3,4.291534423828125e-05,-2.5,ASUS,13-inch,8GB,Apple,14-inch,16GB
3,4.38690185546875e-05,-2.875,ASUS,13-inch,8GB,Apple,16-inch,4GB
3,4.0531158447265625e-05,-1.75,ASUS,13-inch,8GB,Apple,16-inch,8GB
3,4.4345855712890625e-05,-3.375,ASUS,13-inch,8GB,Apple,16-inch,16GB
3,4.506111145019531e-05,-4.625,ASUS,13-inch,16GB,ASUS,13-inch,4GB
3,4.482269287109375e-05,-4.25,ASUS,13-inch,16GB,ASUS,13-inch,8GB
3,-10.0,10.5,ASUS,13-inch,16GB,ASUS,14-inch,4GB
3,4.5299530029296875e-05,-6.75,ASUS,13-inch,16GB,ASUS,14-inch,8GB
3,4.291534423828125e-05,-2.5,ASUS,13-inch,16GB,ASUS,14-inch,16GB
3,-8.0,10.5,ASUS,13-inch,16GB,ASUS,16-inch,4GB
3,4.5299530029296875e-05,-6.0,ASUS,13-inch,16GB,ASUS,16-inch,8GB
3,-0.00188446044921875,4.25,ASUS,13-inch,16GB,ASUS,16-inch,16GB
3,3.910064697265625e-05,-1.5,ASUS,13-inch,16GB,Lenovo,13-inch,4GB
3,4.5299530029296875e-05,-7.875,ASUS,13-inch,16GB,Lenovo,13-inch,8GB
3,4.5299530029296875e-05,-5.125,ASUS,13-inch,16GB,Lenovo,13-inch,16GB
3,-0.0024261474609375,4.5,ASUS,13-inch,16GB,Lenovo,14-inch,4GB
3,4.5299530029296875e-05,-8.375,ASUS,13-inch,16GB,Lenovo,14-inch,8GB
3,4.5299530029296875e-05,-5.5,ASUS,13-inch,16GB,Lenovo,14-inch,16GB
3,-0.00066375732421875,3.25,ASUS,13-inch,16GB,Lenovo,16-inch,4GB
3,4.5299530029296875e-05,-7.75,ASUS,13-inch,16GB,Lenovo,16-inch,8GB
3,1.4066696166992188e-05,0.125,ASUS,13-inch,16GB,Lenovo,16-inch,16GB
3,4.482269287109375e-05,-3.875,ASUS,13-inch,16GB,HP,13-inch,4GB
3,4.5299530029296875e-05,-8.375,ASUS,13-inch,16GB,HP,13-inch,8GB
3,4.506111145019531e-05,-4.875,ASUS,13-inch,16GB,HP,13-inch,16GB
3,1.4066696166992188e-05,0.125,ASUS,13-inch,16GB,HP,14-inch,4GB
3,4.5299530029296875e-05,-8.75,ASUS,13-inch,16GB,HP,14-inch,8GB
3,4.5299530029296875e-05,-5.25,ASUS,13-inch,16GB,HP,14-inch,16GB
3,-6.198883056640625e-06,0.625,ASUS,13-inch,16GB,HP,16-inch,4GB
3,4.5299530029296875e-05,-8.125,ASUS,13-inch,16GB,HP,16-inch,8GB
3,3.3855438232421875e-05,-0.875,ASUS,13-inch,16GB,HP,16-inch,16GB
3,4.506111145019531e-05,-4.75,ASUS,13-inch,16GB,Dell,13-inch,4GB
3,4.5299530029296875e-05,-8.75,ASUS,13-inch,16GB,Dell,13-inch,8GB
3,4.506111145019531e-05,-4.625,ASUS,13-inch,16GB,Dell,13-inch,16GB
3,4.3392181396484375e-05,-2.75,ASUS,13-inch,16GB,Dell,14-inch,4GB
3,4.5299530029296875e-05,-9.0,ASUS,13-inch,16GB,Dell,14-inch,8GB
3,4.5299530029296875e-05,-5.5,ASUS,13-inch,16GB,Dell,14-inch,16GB
3,2.09808349609375e-05,-0.125,ASUS,13-inch,16GB,Dell,16-inch,4GB
3,4.5299530029296875e-05,-8.125,ASUS,13-inch,16GB,Dell,16-inch,8GB
3,3.0517578125e-05,-0.625,ASUS,13-inch,16GB,Dell,16-inch,16GB
3,2.09808349609375e-05,-0.125,ASUS,13-inch,16GB,Apple,13-inch,4GB
3,4.5299530029296875e-05,-8.875,ASUS,13-inch,16GB,Apple,13-inch,8GB
3,4.38690185546875e-05,-3.0,ASUS,13-inch,16GB,Apple,13-inch,16GB
3,-5.054473876953125e-05,1.25,ASUS,13-inch,16GB,Apple,14-inch,4GB
3,4.5299530029296875e-05,-8.5,ASUS,13-inch,16GB,Apple,14-inch,8GB
3,4.4345855712890625e-05,-3.25,ASUS,13-inch,16GB,Apple,14-inch,16GB
3,0.0,0.5,ASUS,13-inch,16GB,Apple,16-inch,4GB
3,4.5299530029296875e-05,-8.0,ASUS,13-inch,16GB,Apple,16-inch,8GB
3,3.3855438232421875e-05,-0.875,ASUS,13-inch,16GB,Apple,16-inch,16GB
3,2.384185791015625e-05,-0.25,ASUS,14-inch,4GB,ASUS,13-inch,4GB
3,-18.125,10.5,ASUS,14-inch,4GB,ASUS,13-inch,8GB
3,-14.75,10.5,ASUS,14-inch,4GB,ASUS,13-inch,16GB
3,-9.25,10.5,ASUS,14-inch,4GB,ASUS,14-inch,8GB
3,-0.0002899169921875,2.5,ASUS,14-inch,4GB,ASUS,14-inch,16GB
3,-8.25,10.5,ASUS,14-inch,4GB,ASUS,16-inch,4GB
3,-15.875,10.5,ASUS,14-inch,4GB,ASUS,16-inch,8GB
3,-13.125,10.5,ASUS,14-inch,4GB,ASUS,16-inch,16GB
3,-0.00066375732421875,3.25,ASUS,14-inch,4GB,Lenovo,13-inch,4GB
3,-16.75,10.5,ASUS,14-inch,4GB,Lenovo,13-inch,8GB
3,-13.375,10.5,ASUS,14-inch,4GB,Lenovo,13-inch,16GB
3,-0.0181884765625,6.46875,ASUS,14-inch,4GB,Lenovo,14-inch,4GB
3,-14.625,10.5,ASUS,14-inch,4GB,Lenovo,14-inch,8GB
3,-12.375,10.5,ASUS,14-inch,4GB,Lenovo,14-inch,16GB
3,-8.25,10.5,ASUS,14-inch,4GB,Lenovo,16-inch,4GB
3,-13.625,10.5,ASUS,14-inch,4GB,Lenovo,16-inch,8GB
3,-8.75,10.5,ASUS,14-inch,4GB,Lenovo,16-inch,16GB
3,3.910064697265625e-05,-1.5,ASUS,14-inch,4GB,HP,13-inch,4GB
3,-17.5,10.5,ASUS,14-inch,4GB,HP,13-inch,8GB
3,-13.375,10.5,ASUS,14-inch,4GB,HP,13-inch,16GB
3,5.245208740234375e-06,0.375,ASUS,14-inch,4GB,HP,14-inch,4GB
3,-15.625,10.5,ASUS,14-inch,4GB,HP,14-inch,8GB
3,-13.625,10.5,ASUS,14-inch,4GB,HP,14-inch,16GB
3,-6.25,10.5,ASUS,14-inch,4GB,HP,16-inch,4GB
3,-15.375,10.5,ASUS,14-inch,4GB,HP,16-inch,8GB
3,-8.75,10.5,ASUS,14-inch,4GB,HP,16-inch,16GB
3,-6.341934204101562e-05,1.375,ASUS,14-inch,4GB,Dell,13-inch,4GB
3,-17.125,10.5,ASUS,14-inch,4GB,Dell,13-inch,8GB
3,-13.375,10.5,ASUS,14-inch,4GB,Dell,13-inch,16GB
3,-0.00188446044921875,4.25,ASUS,14-inch,4GB,Dell,14-inch,4GB
3,-15.125,10.5,ASUS,14-inch,4GB,Dell,14-inch,8GB
3,-12.75,10.5,ASUS,14-inch,4GB,Dell,14-inch,16GB
3,-8.5,10.5,ASUS,14-inch,4GB,Dell,16-inch,4GB
3,-14.875,10.5,ASUS,14-inch,4GB,Dell,16-inch,8GB
3,-8.0,10.5,ASUS,14-inch,4GB,Dell,16-inch,16GB
3,-0.00011301040649414062,1.75,ASUS,14-inch,4GB,Apple,13-inch,4GB
3,-16.375,10.5,ASUS,14-inch,4GB,Apple,13-inch,8GB
3,-11.75,10.5,ASUS,14-inch,4GB,Apple,13-inch,16GB
3,-0.000579833984375,3.125,ASUS,14-inch,4GB,Apple,14-inch,4GB
3,-15.0,10.5,ASUS,14-inch,4GB,Apple,14-inch,8GB
3,-10.0,10.5,ASUS,14-inch,4GB,Apple,14-inch,16GB
3,-0.00188446044921875,4.25,ASUS,14-inch,4GB,Apple,16-inch,4GB
3,-8.75,10.5,ASUS,14-inch,4GB,Apple,16-inch,8GB
3,-0.00066375732421875,3.25,ASUS,14-inch,4GB,Apple,16-inch,16GB
3,-10.0,10.5,ASUS,14-inch,8GB,ASUS,13-inch,4GB
3,4.1484832763671875e-05,-2.0,ASUS,14-inch,8GB,ASUS,13-inch,8GB
3,4.3392181396484375e-05,-2.75,ASUS,14-inch,8GB,ASUS,13-inch,16GB
3,4.482269287109375e-05,-4.0,ASUS,14-inch,8GB,ASUS,14-inch,4GB
3,4.5299530029296875e-05,-5.5,ASUS,14-inch,8GB,ASUS,14-inch,16GB
3,-7.75,10.5,ASUS,14-inch,8GB,ASUS,16-inch,4GB
3,4.1961669921875e-05,-2.125,ASUS,14-inch,8GB,ASUS,16-inch,8GB
3,4.4345855712890625e-05,-3.375,ASUS,14-inch,8GB,ASUS,16-inch,16GB
3,4.482269287109375e-05,-4.5,ASUS,14-inch,8GB,Lenovo,13-inch,4GB
3,4.5299530029296875e-05,-5.75,ASUS,14-inch,8GB,Lenovo,13-inch,8GB
3,4.1484832763671875e-05,-2.0,ASUS,14-inch,8GB,Lenovo,13-inch,16GB
3,4.5299530029296875e-05,-7.0,ASUS,14-inch,8GB,Lenovo,14-inch,4GB
3,4.5299530029296875e-05,-5.5,ASUS,14-inch,8GB,Lenovo,14-inch,8GB
3,4.482269287109375e-05,-3.875,ASUS,14-inch,8GB,Lenovo,14-inch,16GB
3,3.24249267578125e-05,-0.75,ASUS,14-inch,8GB,Lenovo,16-inch,4GB
3,4.4345855712890625e-05,-3.25,ASUS,14-inch,8GB,Lenovo,16-inch,8GB
3,4.38690185546875e-05,-2.875,ASUS,14-inch,8GB,Lenovo,16-inch,16GB
3,4.5299530029296875e-05,-6.5,ASUS,14-inch,8GB,HP,13-inch,4GB
3,4.5299530029296875e-05,-5.875,ASUS,14-inch,8GB,HP,13-inch,8GB
3,4.291534423828125e-05,-2.375,ASUS,14-inch,8GB,HP,13-inch,16GB
3,4.5299530029296875e-05,-8.125,ASUS,14-inch,8GB,HP,14-inch,4GB
3,4.5299530029296875e-05,-5.625,ASUS,14-inch,8GB,HP,14-inch,8GB
3,4.482269287109375e-05,-3.75,ASUS,14-inch,8GB,HP,14-inch,16GB
3,3.838539123535156e-05,-1.375,ASUS,14-inch,8GB,HP,16-inch,4GB
3,4.482269287109375e-05,-3.875,ASUS,14-inch,8GB,HP,16-inch,8GB
3,4.38690185546875e-05,-2.875,ASUS,14-inch,8GB,HP,16-inch,16GB
3,4.5299530029296875e-05,-6.5,ASUS,14-inch,8GB,Dell,13-inch,4GB
3,4.5299530029296875e-05,-5.875,ASUS,14-inch,8GB,Dell,13-inch,8GB
3,4.291534423828125e-05,-2.5,ASUS,14-inch,8GB,Dell,13-inch,16GB
3,4.5299530029296875e-05,-8.375,ASUS,14-inch,8GB,Dell,14-inch,4GB
3,4.5299530029296875e-05,-5.25,ASUS,14-inch,8GB,Dell,14-inch,8GB
3,4.482269287109375e-05,-3.875,ASUS,14-inch,8GB,Dell,14-inch,16GB
3,4.3392181396484375e-05,-2.625,ASUS,14-inch,8GB,Dell,16-inch,4GB
3,4.4345855712890625e-05,-3.5,ASUS,14-inch,8GB,Dell,16-inch,8GB
3,4.3392181396484375e-05,-2.625,ASUS,14-inch,8GB,Dell,16-inch,16GB
3,4.482269287109375e-05,-4.25,ASUS,14-inch,8GB,Apple,13-inch,4GB
3,4.4345855712890625e-05,-3.5,ASUS,14-inch,8GB,Apple,13-inch,8GB
3,4.291534423828125e-05,-2.5,ASUS,14-inch,8GB,Apple,13-inch,16GB
3,4.506111145019531e-05,-5.0,ASUS,14-inch,8GB,Apple,14-inch,4GB
3,4.4345855712890625e-05,-3.25,ASUS,14-inch,8GB,Apple,14-inch,8GB
3,4.482269287109375e-05,-4.375,ASUS,14-inch,8GB,Apple,14-inch,16GB
3,4.1484832763671875e-05,-2.0,ASUS,14-inch,8GB,Apple,16-inch,4GB
3,4.291534423828125e-05,-2.5,ASUS,14-inch,8GB,Apple,16-inch,8GB
3,4.482269287109375e-05,-3.75,ASUS,14-inch,8GB,Apple,16-inch,16GB
3,-13.0,10.5,ASUS,14-inch,16GB,ASUS,13-inch,4GB
3,4.482269287109375e-05,-4.125,ASUS,14-inch,16GB,ASUS,13-inch,8GB
3,3.62396240234375e-05,-1.125,ASUS,14-inch,16GB,ASUS,13-inch,16GB
3,2.6345252990722656e-05,-0.375,ASUS,14-inch,16GB,ASUS,14-inch,4GB
3,4.482269287109375e-05,-4.0,ASUS,14-inch,16GB,ASUS,14-inch,8GB
3,-9.5,10.5,ASUS,14-inch,16GB,ASUS,16-inch,4GB
3,4.5299530029296875e-05,-5.375,ASUS,14-inch,16GB,ASUS,16-inch,8GB
3,-4.5,10.5,ASUS,14-inch,16GB,ASUS,16-inch,16GB
3,-8.25,10.5,ASUS,14-inch,16GB,Lenovo,13-inch,4GB
3,4.5299530029296875e-05,-7.5,ASUS,14-inch,16GB,Lenovo,13-inch,8GB
3,4.5299530029296875e-05,-5.625,ASUS,14-inch,16GB,Lenovo,13-inch,16GB
3,-0.000507354736328125,3.0,ASUS,14-inch,16GB,Lenovo,14-inch,4GB
3,4.5299530029296875e-05,-7.875,ASUS,14-inch,16GB,Lenovo,14-inch,8GB
3,4.506111145019531e-05,-5.0,ASUS,14-inch,16GB,Lenovo,14-inch,16GB
3,-3.53125,10.5,ASUS,14-inch,16GB,Lenovo,16-inch,4GB
3,4.5299530029296875e-05,-7.75,ASUS,14-inch,16GB,Lenovo,16-inch,8GB
3,5.245208740234375e-06,0.375,ASUS,14-inch,16GB,Lenovo,16-inch,16GB
3,-6.5,10.5,ASUS,14-inch,16GB,HP,13-inch,4GB
3,4.5299530029296875e-05,-7.75,ASUS,14-inch,16GB,HP,13-inch,8GB
3,4.5299530029296875e-05,-5.25,ASUS,14-inch,16GB,HP,13-inch,16GB
3,3.528594970703125e-05,-1.0,ASUS,14-inch,16GB,HP,14-inch,4GB
3,4.5299530029296875e-05,-8.375,ASUS,14-inch,16GB,HP,14-inch,8GB
3,4.506111145019531e-05,-4.875,ASUS,14-inch,16GB,HP,14-inch,16GB
3,-0.02978515625,6.96875,ASUS,14-inch,16GB,HP,16-inch,4GB
3,4.5299530029296875e-05,-8.125,ASUS,14-inch,16GB,HP,16-inch,8GB
3,3.0517578125e-05,-0.625,ASUS,14-inch,16GB,HP,16-inch,16GB
3,-4.25,10.5,ASUS,14-inch,16GB,Dell,13-inch,4GB
3,4.5299530029296875e-05,-7.875,ASUS,14-inch,16GB,Dell,13-inch,8GB
3,4.5299530029296875e-05,-5.375,ASUS,14-inch,16GB,Dell,13-inch,16GB
3,3.62396240234375e-05,-1.125,ASUS,14-inch,16GB,Dell,14-inch,4GB
3,4.5299530029296875e-05,-8.375,ASUS,14-inch,16GB,Dell,14-inch,8GB
3,4.506111145019531e-05,-5.0,ASUS,14-inch,16GB,Dell,14-inch,16GB
3,-0.000865936279296875,3.5,ASUS,14-inch,16GB,Dell,16-inch,4GB
3,4.5299530029296875e-05,-7.875,ASUS,14-inch,16GB,Dell,16-inch,8GB
3,2.384185791015625e-05,-0.25,ASUS,14-inch,16GB,Dell,16-inch,16GB
3,-1.9140625,10.3125,ASUS,14-inch,16GB,Apple,13-inch,4GB
3,4.5299530029296875e-05,-8.0,ASUS,14-inch,16GB,Apple,13-inch,8GB
3,4.482269287109375e-05,-4.0,ASUS,14-inch,16GB,Apple,13-inch,16GB
3,-0.0001583099365234375,2.0,ASUS,14-inch,16GB,Apple,14-inch,4GB
3,4.5299530029296875e-05,-8.5,ASUS,14-inch,16GB,Apple,14-inch,8GB
3,4.410743713378906e-05,-3.125,ASUS,14-inch,16GB,Apple,14-inch,16GB
3,-0.000385284423828125,2.75,ASUS,14-inch,16GB,Apple,16-inch,4GB
3,4.5299530029296875e-05,-7.125,ASUS,14-inch,16GB,Apple,16-inch,8GB
3,3.3855438232421875e-05,-0.875,ASUS,14-inch,16GB,Apple,16-inch,16GB
3,4.4345855712890625e-05,-3.375,ASUS,16-inch,4GB,ASUS,13-inch,4GB
3,-17.5,10.5,ASUS,16-inch,4GB,ASUS,13-inch,8GB
3,-6.0,10.5,ASUS,16-inch,4GB,ASUS,13-inch,16GB
3,4.38690185546875e-05,-3.0,ASUS,16-inch,4GB,ASUS,14-inch,4GB
3,-17.875,10.5,ASUS,16-inch,4GB,ASUS,14-inch,8GB
3,-9.25,10.5,ASUS,16-inch,4GB,ASUS,14-inch,16GB
3,-8.0,10.5,ASUS,16-inch,4GB,ASUS,16-inch,8GB
3,-0.000507354736328125,3.0,ASUS,16-inch,4GB,ASUS,16-inch,16GB
3,5.245208740234375e-06,0.375,ASUS,16-inch,4GB,Lenovo,13-inch,4GB
3,-15.125,10.5,ASUS,16-inch,4GB,Lenovo,13-inch,8GB
3,-0.0002155303955078125,2.25,ASUS,16-inch,4GB,Lenovo,13-inch,16GB
3,1.0013580322265625e-05,0.25,ASUS,16-inch,4GB,Lenovo,14-inch,4GB
3,-14.75,10.5,ASUS,16-inch,4GB,Lenovo,14-inch,8GB
3,-0.000865936279296875,3.5,ASUS,16-inch,4GB,Lenovo,14-inch,16GB
3,-0.0791015625,7.9375,ASUS,16-inch,4GB,Lenovo,16-inch,4GB
3,-14.375,10.5,ASUS,16-inch,4GB,Lenovo,16-inch,8GB
3,-5.054473876953125e-05,1.25,ASUS,16-inch,4GB,Lenovo,16-inch,16GB
3,4.38690185546875e-05,-3.0,ASUS,16-inch,4GB,HP,13-inch,4GB
3,-15.75,10.5,ASUS,16-inch,4GB,HP,13-inch,8GB
3,-0.0002155303955078125,2.25,ASUS,16-inch,4GB,HP,13-inch,16GB
3,4.3392181396484375e-05,-2.625,ASUS,16-inch,4GB,HP,14-inch,4GB
3,-15.75,10.5,ASUS,16-inch,4GB,HP,14-inch,8GB
3,-0.000865936279296875,3.5,ASUS,16-inch,4GB,HP,14-inch,16GB
3,2.6345252990722656e-05,-0.375,ASUS,16-inch,4GB,HP,16-inch,4GB
3,-14.5,10.5,ASUS,16-inch,4GB,HP,16-inch,8GB
3,2.09808349609375e-05,-0.125,ASUS,16-inch,4GB,HP,16-inch,16GB
3,3.3855438232421875e-05,-0.875,ASUS,16-inch,4GB,Dell,13-inch,4GB
3,-15.375,10.5,ASUS,16-inch,4GB,Dell,13-inch,8GB
3,-7.772445678710938e-05,1.5,ASUS,16-inch,4GB,Dell,13-inch,16GB
3,3.528594970703125e-05,-1.0,ASUS,16-inch,4GB,Dell,14-inch,4GB
3,-15.375,10.5,ASUS,16-inch,4GB,Dell,14-inch,8GB
3,-0.000507354736328125,3.0,ASUS,16-inch,4GB,Dell,14-inch,16GB
3,-0.000865936279296875,3.5,ASUS,16-inch,4GB,Dell,16-inch,4GB
3,-15.0,10.5,ASUS,16-inch,4GB,Dell,16-inch,8GB
3,-1.2874603271484375e-05,0.75,ASUS,16-inch,4GB,Dell,16-inch,16GB
3,-5.054473876953125e-05,1.25,ASUS,16-inch,4GB,Apple,13-inch,4GB
3,-14.625,10.5,ASUS,16-inch,4GB,Apple,13-inch,8GB
3,-0.00066375732421875,3.25,ASUS,16-inch,4GB,Apple,13-inch,16GB
3,1.7762184143066406e-05,0.0,ASUS,16-inch,4GB,Apple,14-inch,4GB
3,-13.75,10.5,ASUS,16-inch,4GB,Apple,14-inch,8GB
3,-0.00112152099609375,3.75,ASUS,16-inch,4GB,Apple,14-inch,16GB
3,-0.0002498626708984375,2.375,ASUS,16-inch,4GB,Apple,16-inch,4GB
3,-12.75,10.5,ASUS,16-inch,4GB,Apple,16-inch,8GB
3,0.0,0.5,ASUS,16-inch,4GB,Apple,16-inch,16GB
3,-10.5,10.5,ASUS,16-inch,8GB,ASUS,13-inch,4GB
3,3.24249267578125e-05,-0.75,ASUS,16-inch,8GB,ASUS,13-inch,8GB
3,-1.9140625,10.3125,ASUS,16-inch,8GB,ASUS,13-inch,16GB
3,-12.0,10.5,ASUS,16-inch,8GB,ASUS,14-inch,4GB
3,5.245208740234375e-06,0.375,ASUS,16-inch,8GB,ASUS,14-inch,8GB
3,-8.0,10.5,ASUS,16-inch,8GB,ASUS,14-inch,16GB
3,4.2438507080078125e-05,-2.25,ASUS,16-inch,8GB,ASUS,16-inch,4GB
3,-0.0002155303955078125,2.25,ASUS,16-inch,8GB,ASUS,16-inch,16GB
3,-0.00066375732421875,3.25,ASUS,16-inch,8GB,Lenovo,13-inch,4GB
3,4.4345855712890625e-05,-3.5,ASUS,16-inch,8GB,Lenovo,13-inch,8GB
3,-2.8125,10.4375,ASUS,16-inch,8GB,Lenovo,13-inch,16GB
3,-5.25,10.5,ASUS,16-inch,8GB,Lenovo,14-inch,4GB
3,4.38690185546875e-05,-3.0,ASUS,16-inch,8GB,Lenovo,14-inch,8GB
3,-7.5,10.5,ASUS,16-inch,8GB,Lenovo,14-inch,16GB
3,3.24249267578125e-05,-0.75,ASUS,16-inch,8GB,Lenovo,16-inch,4GB
3,4.4345855712890625e-05,-3.5,ASUS,16-inch,8GB,Lenovo,16-inch,8GB
3,-0.0002155303955078125,2.25,ASUS,16-inch,8GB,Lenovo,16-inch,16GB
3,-5.054473876953125e-05,1.25,ASUS,16-inch,8GB,HP,13-inch,4GB
3,4.4345855712890625e-05,-3.5,ASUS,16-inch,8GB,HP,13-inch,8GB
3,-0.57421875,9.6875,ASUS,16-inch,8GB,HP,13-inch,16GB
3,-2.578125,10.4375,ASUS,16-inch,8GB,HP,14-inch,4GB
3,4.4345855712890625e-05,-3.25,ASUS,16-inch,8GB,HP,14-inch,8GB
3,-7.0,10.5,ASUS,16-inch,8GB,HP,14-inch,16GB
3,4.100799560546875e-05,-1.875,ASUS,16-inch,8GB,HP,16-inch,4GB
3,4.482269287109375e-05,-4.375,ASUS,16-inch,8GB,HP,16-inch,8GB
3,-0.0002155303955078125,2.25,ASUS,16-inch,8GB,HP,16-inch,16GB
3,-1.2874603271484375e-05,0.75,ASUS,16-inch,8GB,Dell,13-inch,4GB
3,4.458427429199219e-05,-3.625,ASUS,16-inch,8GB,Dell,13-inch,8GB
3,-2.578125,10.4375,ASUS,16-inch,8GB,Dell,13-inch,16GB
3,-0.0002899169921875,2.5,ASUS,16-inch,8GB,Dell,14-inch,4GB
3,4.38690185546875e-05,-2.875,ASUS,16-inch,8GB,Dell,14-inch,8GB
3,-7.5,10.5,ASUS,16-inch,8GB,Dell,14-inch,16GB
3,4.1961669921875e-05,-2.125,ASUS,16-inch,8GB,Dell,16-inch,4GB
3,4.482269287109375e-05,-4.0,ASUS,16-inch,8GB,Dell,16-inch,8GB
3,-0.0002899169921875,2.5,ASUS,16-inch,8GB,Dell,16-inch,16GB
3,-0.00011301040649414062,1.75,ASUS,16-inch,8GB,Apple,13-inch,4GB
3,4.00543212890625e-05,-1.625,ASUS,16-inch,8GB,Apple,13-inch,8GB
3,-0.00066375732421875,3.25,ASUS,16-inch,8GB,Apple,13-inch,16GB
3,-2.125,10.375,ASUS,16-inch,8GB,Apple,14-inch,4GB
3,3.528594970703125e-05,-1.0,ASUS,16-inch,8GB,Apple,14-inch,8GB
3,-0.008544921875,5.75,ASUS,16-inch,8GB,Apple,14-inch,16GB
3,3.62396240234375e-05,-1.125,ASUS,16-inch,8GB,Apple,16-inch,4GB
3,3.910064697265625e-05,-1.5,ASUS,16-inch,8GB,Apple,16-inch,8GB
3,-5.054473876953125e-05,1.25,ASUS,16-inch,8GB,Apple,16-inch,16GB
3,-15.75,10.5,ASUS,16-inch,16GB,ASUS,13-inch,4GB
3,-0.0031280517578125,4.75,ASUS,16-inch,16GB,ASUS,13-inch,8GB
3,-3.28125,10.4375,ASUS,16-inch,16GB,ASUS,13-inch,16GB
3,-16.125,10.5,ASUS,16-inch,16GB,ASUS,14-inch,4GB
3,-6.5,10.5,ASUS,16-inch,16GB,ASUS,14-inch,8GB
3,-5.5,10.5,ASUS,16-inch,16GB,ASUS,14-inch,16GB
3,-0.38671875,9.375,ASUS,16-inch,16GB,ASUS,16-inch,4GB
3,-0.000385284423828125,2.75,ASUS,16-inch,16GB,ASUS,16-inch,8GB
3,-10.5,10.5,ASUS,16-inch,16GB,Lenovo,13-inch,4GB
3,-7.772445678710938e-05,1.5,ASUS,16-inch,16GB,Lenovo,13-inch,8GB
3,-0.006683349609375,5.5,ASUS,16-inch,16GB,Lenovo,13-inch,16GB
3,-11.5,10.5,ASUS,16-inch,16GB,Lenovo,14-inch,4GB
3,-0.000507354736328125,3.0,ASUS,16-inch,16GB,Lenovo,14-inch,8GB
3,-0.0031280517578125,4.75,ASUS,16-inch,16GB,Lenovo,14-inch,16GB
3,-0.10009765625,8.125,ASUS,16-inch,16GB,Lenovo,16-inch,4GB
3,1.0013580322265625e-05,0.25,ASUS,16-inch,16GB,Lenovo,16-inch,8GB
3,2.384185791015625e-05,-0.25,ASUS,16-inch,16GB,Lenovo,16-inch,16GB
3,-10.0,10.5,ASUS,16-inch,16GB,HP,13-inch,4GB
3,5.245208740234375e-06,0.375,ASUS,16-inch,16GB,HP,13-inch,8GB
3,-0.0031280517578125,4.75,ASUS,16-inch,16GB,HP,13-inch,16GB
3,-11.0,10.5,ASUS,16-inch,16GB,HP,14-inch,4GB
3,-0.0002899169921875,2.5,ASUS,16-inch,16GB,HP,14-inch,8GB
3,-0.0024261474609375,4.5,ASUS,16-inch,16GB,HP,14-inch,16GB
3,-0.00188446044921875,4.25,ASUS,16-inch,16GB,HP,16-inch,4GB
3,3.3855438232421875e-05,-0.875,ASUS,16-inch,16GB,HP,16-inch,8GB
3,3.3855438232421875e-05,-0.875,ASUS,16-inch,16GB,HP,16-inch,16GB
3,-9.5,10.5,ASUS,16-inch,16GB,Dell,13-inch,4GB
3,-6.198883056640625e-06,0.625,ASUS,16-inch,16GB,Dell,13-inch,8GB
3,-0.00188446044921875,4.25,ASUS,16-inch,16GB,Dell,13-inch,16GB
3,-10.25,10.5,ASUS,16-inch,16GB,Dell,14-inch,4GB
3,-0.000385284423828125,2.75,ASUS,16-inch,16GB,Dell,14-inch,8GB
3,-0.00188446044921875,4.25,ASUS,16-inch,16GB,Dell,14-inch,16GB
3,-0.00066375732421875,3.25,ASUS,16-inch,16GB,Dell,16-inch,4GB
3,3.3855438232421875e-05,-0.875,ASUS,16-inch,16GB,Dell,16-inch,8GB
3,2.09808349609375e-05,-0.125,ASUS,16-inch,16GB,Dell,16-inch,16GB
3,-7.75,10.5,ASUS,16-inch,16GB,Apple,13-inch,4GB
3,3.910064697265625e-05,-1.5,ASUS,16-inch,16GB,Apple,13-inch,8GB
3,-0.00011301040649414062,1.75,ASUS,16-inch,16GB,Apple,13-inch,16GB
3,-8.75,10.5,ASUS,16-inch,16GB,Apple,14-inch,4GB
3,-1.2874603271484375e-05,0.75,ASUS,16-inch,16GB,Apple,14-inch,8GB
3,-0.0001583099365234375,2.0,ASUS,16-inch,16GB,Apple,14-inch,16GB
3,-0.0002155303955078125,2.25,ASUS,16-inch,16GB,Apple,16-inch,4GB
3,4.38690185546875e-05,-3.0,ASUS,16-inch,16GB,Apple,16-inch,8GB
3,1.7762184143066406e-05,0.0,ASUS,16-inch,16GB,Apple,16-inch,16GB
3,3.838539123535156e-05,-1.375,Lenovo,13-inch,4GB,ASUS,13-inch,4GB
3,-16.375,10.5,Lenovo,13-inch,4GB,ASUS,13-inch,8GB
3,-12.75,10.5,Lenovo,13-inch,4GB,ASUS,13-inch,16GB
3,3.24249267578125e-05,-0.75,Lenovo,13-inch,4GB,ASUS,14-inch,4GB
3,-17.5,10.5,Lenovo,13-inch,4GB,ASUS,14-inch,8GB
3,-13.375,10.5,Lenovo,13-inch,4GB,ASUS,14-inch,16GB
3,-8.5,10.5,Lenovo,13-inch,4GB,ASUS,16-inch,4GB
3,-14.5,10.5,Lenovo,13-inch,4GB,ASUS,16-inch,8GB
3,-9.5,10.5,Lenovo,13-inch,4GB,ASUS,16-inch,16GB
3,-9.5,10.5,Lenovo,13-inch,4GB,Lenovo,13-inch,8GB
3,-7.772445678710938e-05,1.5,Lenovo,13-inch,4GB,Lenovo,13-inch,16GB
3,-1.2874603271484375e-05,0.75,Lenovo,13-inch,4GB,Lenovo,14-inch,4GB
3,-18.5,10.5,Lenovo,13-inch,4GB,Lenovo,14-inch,8GB
3,-15.375,10.5,Lenovo,13-inch,4GB,Lenovo,14-inch,16GB
3,-7.5,10.5,Lenovo,13-inch,4GB,Lenovo,16-inch,4GB
3,-15.5,10.5,Lenovo,13-inch,4GB,Lenovo,16-inch,8GB
3,-13.5,10.5,Lenovo,13-inch,4GB,Lenovo,16-inch,16GB
3,4.38690185546875e-05,-2.875,Lenovo,13-inch,4GB,HP,13-inch,4GB
3,-17.25,10.5,Lenovo,13-inch,4GB,HP,13-inch,8GB
3,-13.375,10.5,Lenovo,13-inch,4GB,HP,13-inch,16GB
3,4.3392181396484375e-05,-2.625,Lenovo,13-inch,4GB,HP,14-inch,4GB
3,-18.375,10.5,Lenovo,13-inch,4GB,HP,14-inch,8GB
3,-14.75,10.5,Lenovo,13-inch,4GB,HP,14-inch,16GB
3,-3.28125,10.4375,Lenovo,13-inch,4GB,HP,16-inch,4GB
3,-16.25,10.5,Lenovo,13-inch,4GB,HP,16-inch,8GB
3,-11.875,10.5,Lenovo,13-inch,4GB,HP,16-inch,16GB
3,2.09808349609375e-05,-0.125,Lenovo,13-inch,4GB,Dell,13-inch,4GB
3,-16.75,10.5,Lenovo,13-inch,4GB,Dell,13-inch,8GB
3,-12.75,10.5,Lenovo,13-inch,4GB,Dell,13-inch,16GB
3,0.0,0.5,Lenovo,13-inch,4GB,Dell,14-inch,4GB
3,-17.75,10.5,Lenovo,13-inch,4GB,Dell,14-inch,8GB
3,-14.0,10.5,Lenovo,13-inch,4GB,Dell,14-inch,16GB
3,-7.25,10.5,Lenovo,13-inch,4GB,Dell,16-inch,4GB
3,-15.5,10.5,Lenovo,13-inch,4GB,Dell,16-inch,8GB
3,-11.125,10.5,Lenovo,13-inch,4GB,Dell,16-inch,16GB
3,1.4066696166992188e-05,0.125,Lenovo,13-inch,4GB,Apple,13-inch,4GB
3,-15.5,10.5,Lenovo,13-inch,4GB,Apple,13-inch,8GB
3,-10.5,10.5,Lenovo,13-inch,4GB,Apple,13-inch,16GB
3,3.838539123535156e-05,-1.375,Lenovo,13-inch,4GB,Apple,14-inch,4GB
3,-16.375,10.5,Lenovo,13-inch,4GB,Apple,14-inch,8GB
3,-11.75,10.5,Lenovo,13-inch,4GB,Apple,14-inch,16GB
3,-0.0002899169921875,2.5,Lenovo,13-inch,4GB,Apple,16-inch,4GB
3,-9.25,10.5,Lenovo,13-inch,4GB,Apple,16-inch,8GB
3,-5.25,10.5,Lenovo,13-inch,4GB,Apple,16-inch,16GB
3,4.5299530029296875e-05,-9.375,Lenovo,13-inch,8GB,ASUS,13-inch,4GB
3,4.5299530029296875e-05,-5.625,Lenovo,13-inch,8GB,ASUS,13-inch,8GB
3,4.506111145019531e-05,-4.875,Lenovo,13-inch,8GB,ASUS,13-inch,16GB
3,4.5299530029296875e-05,-7.25,Lenovo,13-inch,8GB,ASUS,14-inch,4GB
3,4.5299530029296875e-05,-6.25,Lenovo,13-inch,8GB,ASUS,14-inch,8GB
3,4.3392181396484375e-05,-2.625,Lenovo,13-inch,8GB,ASUS,14-inch,16GB
3,4.506111145019531e-05,-4.875,Lenovo,13-inch,8GB,ASUS,16-inch,4GB
3,4.5299530029296875e-05,-5.125,Lenovo,13-inch,8GB,ASUS,16-inch,8GB
3,4.4345855712890625e-05,-3.375,Lenovo,13-inch,8GB,ASUS,16-inch,16GB
3,4.5299530029296875e-05,-7.875,Lenovo,13-inch,8GB,Lenovo,13-inch,4GB
3,4.5299530029296875e-05,-5.5,Lenovo,13-inch,8GB,Lenovo,13-inch,16GB
3,-7.75,10.5,Lenovo,13-inch,8GB,Lenovo,14-inch,4GB
3,4.0531158447265625e-05,-1.75,Lenovo,13-inch,8GB,Lenovo,14-inch,8GB
3,4.4345855712890625e-05,-3.375,Lenovo,13-inch,8GB,Lenovo,14-inch,16GB
3,-0.0002155303955078125,2.25,Lenovo,13-inch,8GB,Lenovo,16-inch,4GB
3,4.291534423828125e-05,-2.5,Lenovo,13-inch,8GB,Lenovo,16-inch,8GB
3,4.482269287109375e-05,-3.875,Lenovo,13-inch,8GB,Lenovo,16-inch,16GB
3,4.5299530029296875e-05,-9.75,Lenovo,13-inch,8GB,HP,13-inch,4GB
3,4.5299530029296875e-05,-5.5,Lenovo,13-inch,8GB,HP,13-inch,8GB
3,4.482269287109375e-05,-4.25,Lenovo,13-inch,8GB,HP,13-inch,16GB
3,4.5299530029296875e-05,-7.375,Lenovo,13-inch,8GB,HP,14-inch,4GB
3,4.5299530029296875e-05,-5.625,Lenovo,13-inch,8GB,HP,14-inch,8GB
3,4.1484832763671875e-05,-2.0,Lenovo,13-inch,8GB,HP,14-inch,16GB
3,4.506111145019531e-05,-4.75,Lenovo,13-inch,8GB,HP,16-inch,4GB
3,4.506111145019531e-05,-4.625,Lenovo,13-inch,8GB,HP,16-inch,8GB
3,4.3392181396484375e-05,-2.625,Lenovo,13-inch,8GB,HP,16-inch,16GB
3,4.5299530029296875e-05,-10.25,Lenovo,13-inch,8GB,Dell,13-inch,4GB
3,4.5299530029296875e-05,-5.625,Lenovo,13-inch,8GB,Dell,13-inch,8GB
3,4.482269287109375e-05,-4.0,Lenovo,13-inch,8GB,Dell,13-inch,16GB
3,4.5299530029296875e-05,-7.75,Lenovo,13-inch,8GB,Dell,14-inch,4GB
3,4.5299530029296875e-05,-5.75,Lenovo,13-inch,8GB,Dell,14-inch,8GB
3,4.2438507080078125e-05,-2.25,Lenovo,13-inch,8GB,Dell,14-inch,16GB
3,4.5299530029296875e-05,-5.25,Lenovo,13-inch,8GB,Dell,16-inch,4GB
3,4.482269287109375e-05,-4.375,Lenovo,13-inch,8GB,Dell,16-inch,8GB
3,4.38690185546875e-05,-2.875,Lenovo,13-inch,8GB,Dell,16-inch,16GB
3,4.5299530029296875e-05,-8.375,Lenovo,13-inch,8GB,Apple,13-inch,4GB
3,4.482269287109375e-05,-3.875,Lenovo,13-inch,8GB,Apple,13-inch,8GB
3,4.482269287109375e-05,-4.375,Lenovo,13-inch,8GB,Apple,13-inch,16GB
3,4.5299530029296875e-05,-6.25,Lenovo,13-inch,8GB,Apple,14-inch,4GB
3,4.458427429199219e-05,-3.625,Lenovo,13-inch,8GB,Apple,14-inch,8GB
3,4.3392181396484375e-05,-2.75,Lenovo,13-inch,8GB,Apple,14-inch,16GB
3,4.5299530029296875e-05,-5.125,Lenovo,13-inch,8GB,Apple,16-inch,4GB
3,4.482269287109375e-05,-4.0,Lenovo,13-inch,8GB,Apple,16-inch,8GB
3,4.482269287109375e-05,-4.25,Lenovo,13-inch,8GB,Apple,16-inch,16GB
3,3.910064697265625e-05,-1.5,Lenovo,13-inch,16GB,ASUS,13-inch,4GB
3,4.5299530029296875e-05,-8.125,Lenovo,13-inch,16GB,ASUS,13-inch,8GB
3,4.482269287109375e-05,-4.375,Lenovo,13-inch,16GB,ASUS,13-inch,16GB
3,0.0,0.5,Lenovo,13-inch,16GB,ASUS,14-inch,4GB
3,4.5299530029296875e-05,-9.375,Lenovo,13-inch,16GB,ASUS,14-inch,8GB
3,4.506111145019531e-05,-4.75,Lenovo,13-inch,16GB,ASUS,14-inch,16GB
3,1.4066696166992188e-05,0.125,Lenovo,13-inch,16GB,ASUS,16-inch,4GB
3,4.5299530029296875e-05,-8.625,Lenovo,13-inch,16GB,ASUS,16-inch,8GB
3,-6.198883056640625e-06,0.625,Lenovo,13-inch,16GB,ASUS,16-inch,16GB
3,4.506111145019531e-05,-4.875,Lenovo,13-inch,16GB,Lenovo,13-inch,4GB
3,4.482269287109375e-05,-4.25,Lenovo,13-inch,16GB,Lenovo,13-inch,8GB
3,-9.5,10.5,Lenovo,13-inch,16GB,Lenovo,14-inch,4GB
3,4.5299530029296875e-05,-7.375,Lenovo,13-inch,16GB,Lenovo,14-inch,8GB
3,4.291534423828125e-05,-2.5,Lenovo,13-inch,16GB,Lenovo,14-inch,16GB
3,-7.0,10.5,Lenovo,13-inch,16GB,Lenovo,16-inch,4GB
3,4.5299530029296875e-05,-6.5,Lenovo,13-inch,16GB,Lenovo,16-inch,8GB
3,-0.0024261474609375,4.5,Lenovo,13-inch,16GB,Lenovo,16-inch,16GB
3,4.38690185546875e-05,-3.0,Lenovo,13-inch,16GB,HP,13-inch,4GB
3,4.5299530029296875e-05,-8.625,Lenovo,13-inch,16GB,HP,13-inch,8GB
3,4.482269287109375e-05,-4.375,Lenovo,13-inch,16GB,HP,13-inch,16GB
3,1.7762184143066406e-05,0.0,Lenovo,13-inch,16GB,HP,14-inch,4GB
3,4.5299530029296875e-05,-9.625,Lenovo,13-inch,16GB,HP,14-inch,8GB
3,4.482269287109375e-05,-4.375,Lenovo,13-inch,16GB,HP,14-inch,16GB
3,1.0013580322265625e-05,0.25,Lenovo,13-inch,16GB,HP,16-inch,4GB
3,4.5299530029296875e-05,-8.625,Lenovo,13-inch,16GB,HP,16-inch,8GB
3,-6.198883056640625e-06,0.625,Lenovo,13-inch,16GB,HP,16-inch,16GB
3,4.458427429199219e-05,-3.625,Lenovo,13-inch,16GB,Dell,13-inch,4GB
3,4.5299530029296875e-05,-8.875,Lenovo,13-inch,16GB,Dell,13-inch,8GB
3,4.482269287109375e-05,-4.25,Lenovo,13-inch,16GB,Dell,13-inch,16GB
3,3.62396240234375e-05,-1.125,Lenovo,13-inch,16GB,Dell,14-inch,4GB
3,4.5299530029296875e-05,-9.5,Lenovo,13-inch,16GB,Dell,14-inch,8GB
3,4.506111145019531e-05,-5.0,Lenovo,13-inch,16GB,Dell,14-inch,16GB
3,3.3855438232421875e-05,-0.875,Lenovo,13-inch,16GB,Dell,16-inch,4GB
3,4.5299530029296875e-05,-8.625,Lenovo,13-inch,16GB,Dell,16-inch,8GB
3,-2.0503997802734375e-05,0.875,Lenovo,13-inch,16GB,Dell,16-inch,16GB
3,3.910064697265625e-05,-1.5,Lenovo,13-inch,16GB,Apple,13-inch,4GB
3,4.5299530029296875e-05,-8.75,Lenovo,13-inch,16GB,Apple,13-inch,8GB
3,4.38690185546875e-05,-2.875,Lenovo,13-inch,16GB,Apple,13-inch,16GB
3,1.0013580322265625e-05,0.25,Lenovo,13-inch,16GB,Apple,14-inch,4GB
3,4.5299530029296875e-05,-8.875,Lenovo,13-inch,16GB,Apple,14-inch,8GB
3,4.410743713378906e-05,-3.125,Lenovo,13-inch,16GB,Apple,14-inch,16GB
3,2.6345252990722656e-05,-0.375,Lenovo,13-inch,16GB,Apple,16-inch,4GB
3,4.5299530029296875e-05,-8.0,Lenovo,13-inch,16GB,Apple,16-inch,8GB
3,3.743171691894531e-05,-1.25,Lenovo,13-inch,16GB,Apple,16-inch,16GB
3,4.4345855712890625e-05,-3.25,Lenovo,14-inch,4GB,ASUS,13-inch,4GB
3,-18.25,10.5,Lenovo,14-inch,4GB,ASUS,13-inch,8GB
3,-14.5,10.5,Lenovo,14-inch,4GB,ASUS,13-inch,16GB
3,3.838539123535156e-05,-1.375,Lenovo,14-inch,4GB,ASUS,14-inch,4GB
3,-16.25,10.5,Lenovo,14-inch,4GB,ASUS,14-inch,8GB
3,-14.0,10.5,Lenovo,14-inch,4GB,ASUS,14-inch,16GB
3,-7.25,10.5,Lenovo,14-inch,4GB,ASUS,16-inch,4GB
3,-15.875,10.5,Lenovo,14-inch,4GB,ASUS,16-inch,8GB
3,-10.0,10.5,Lenovo,14-inch,4GB,ASUS,16-inch,16GB
3,3.838539123535156e-05,-1.375,Lenovo,14-inch,4GB,Lenovo,13-inch,4GB
3,-18.875,10.5,Lenovo,14-inch,4GB,Lenovo,13-inch,8GB
3,-14.875,10.5,Lenovo,14-inch,4GB,Lenovo,13-inch,16GB
3,-10.75,10.5,Lenovo,14-inch,4GB,Lenovo,14-inch,8GB
3,-0.000865936279296875,3.5,Lenovo,14-inch,4GB,Lenovo,14-inch,16GB
3,-7.25,10.5,Lenovo,14-inch,4GB,Lenovo,16-inch,4GB
3,-16.375,10.5,Lenovo,14-inch,4GB,Lenovo,16-inch,8GB
3,-14.0,10.5,Lenovo,14-inch,4GB,Lenovo,16-inch,16GB
3,4.5299530029296875e-05,-5.125,Lenovo,14-inch,4GB,HP,13-inch,4GB
3,-18.625,10.5,Lenovo,14-inch,4GB,HP,13-inch,8GB
3,-14.875,10.5,Lenovo,14-inch,4GB,HP,13-inch,16GB
3,4.38690185546875e-05,-3.0,Lenovo,14-inch,4GB,HP,14-inch,4GB
3,-17.5,10.5,Lenovo,14-inch,4GB,HP,14-inch,8GB
3,-15.0,10.5,Lenovo,14-inch,4GB,HP,14-inch,16GB
3,-0.57421875,9.6875,Lenovo,14-inch,4GB,HP,16-inch,4GB
3,-17.0,10.5,Lenovo,14-inch,4GB,HP,16-inch,8GB
3,-11.5,10.5,Lenovo,14-inch,4GB,HP,16-inch,16GB
3,4.2438507080078125e-05,-2.25,Lenovo,14-inch,4GB,Dell,13-inch,4GB
3,-18.375,10.5,Lenovo,14-inch,4GB,Dell,13-inch,8GB
3,-14.625,10.5,Lenovo,14-inch,4GB,Dell,13-inch,16GB
3,2.384185791015625e-05,-0.25,Lenovo,14-inch,4GB,Dell,14-inch,4GB
3,-16.75,10.5,Lenovo,14-inch,4GB,Dell,14-inch,8GB
3,-14.25,10.5,Lenovo,14-inch,4GB,Dell,14-inch,16GB
3,-6.0,10.5,Lenovo,14-inch,4GB,Dell,16-inch,4GB
3,-16.25,10.5,Lenovo,14-inch,4GB,Dell,16-inch,8GB
3,-11.25,10.5,Lenovo,14-inch,4GB,Dell,16-inch,16GB
3,4.2438507080078125e-05,-2.25,Lenovo,14-inch,4GB,Apple,13-inch,4GB
3,-16.625,10.5,Lenovo,14-inch,4GB,Apple,13-inch,8GB
3,-12.0,10.5,Lenovo,14-inch,4GB,Apple,13-inch,16GB
3,2.6345252990722656e-05,-0.375,Lenovo,14-inch,4GB,Apple,14-inch,4GB
3,-15.625,10.5,Lenovo,14-inch,4GB,Apple,14-inch,8GB
3,-10.25,10.5,Lenovo,14-inch,4GB,Apple,14-inch,16GB
3,-0.0001583099365234375,2.0,Lenovo,14-inch,4GB,Apple,16-inch,4GB
3,-11.0,10.5,Lenovo,14-inch,4GB,Apple,16-inch,8GB
3,-3.28125,10.4375,Lenovo,14-inch,4GB,Apple,16-inch,16GB
3,4.5299530029296875e-05,-5.25,Lenovo,14-inch,8GB,ASUS,13-inch,4GB
3,4.5299530029296875e-05,-6.0,Lenovo,14-inch,8GB,ASUS,13-inch,8GB
3,4.3392181396484375e-05,-2.625,Lenovo,14-inch,8GB,ASUS,13-inch,16GB
3,4.5299530029296875e-05,-7.25,Lenovo,14-inch,8GB,ASUS,14-inch,4GB
3,4.5299530029296875e-05,-5.75,Lenovo,14-inch,8GB,ASUS,14-inch,8GB
3,4.506111145019531e-05,-5.0,Lenovo,14-inch,8GB,ASUS,14-inch,16GB
3,4.1484832763671875e-05,-2.0,Lenovo,14-inch,8GB,ASUS,16-inch,4GB
3,4.506111145019531e-05,-5.0,Lenovo,14-inch,8GB,ASUS,16-inch,8GB
3,4.410743713378906e-05,-3.125,Lenovo,14-inch,8GB,ASUS,16-inch,16GB
3,-9.25,10.5,Lenovo,14-inch,8GB,Lenovo,13-inch,4GB
3,4.291534423828125e-05,-2.375,Lenovo,14-inch,8GB,Lenovo,13-inch,8GB
3,4.38690185546875e-05,-3.0,Lenovo,14-inch,8GB,Lenovo,13-inch,16GB
3,4.5299530029296875e-05,-5.625,Lenovo,14-inch,8GB,Lenovo,14-inch,4GB
3,4.5299530029296875e-05,-5.375,Lenovo,14-inch,8GB,Lenovo,14-inch,16GB
3,-1.9140625,10.3125,Lenovo,14-inch,8GB,Lenovo,16-inch,4GB
3,4.291534423828125e-05,-2.375,Lenovo,14-inch,8GB,Lenovo,16-inch,8GB
3,4.38690185546875e-05,-2.875,Lenovo,14-inch,8GB,Lenovo,16-inch,16GB
3,4.5299530029296875e-05,-6.25,Lenovo,14-inch,8GB,HP,13-inch,4GB
3,4.5299530029296875e-05,-5.875,Lenovo,14-inch,8GB,HP,13-inch,8GB
3,4.100799560546875e-05,-1.875,Lenovo,14-inch,8GB,HP,13-inch,16GB
3,4.5299530029296875e-05,-8.375,Lenovo,14-inch,8GB,HP,14-inch,4GB
3,4.5299530029296875e-05,-5.625,Lenovo,14-inch,8GB,HP,14-inch,8GB
3,4.458427429199219e-05,-3.625,Lenovo,14-inch,8GB,HP,14-inch,16GB
3,4.1961669921875e-05,-2.125,Lenovo,14-inch,8GB,HP,16-inch,4GB
3,4.482269287109375e-05,-4.25,Lenovo,14-inch,8GB,HP,16-inch,8GB
3,4.38690185546875e-05,-2.875,Lenovo,14-inch,8GB,HP,16-inch,16GB
3,4.5299530029296875e-05,-6.25,Lenovo,14-inch,8GB,Dell,13-inch,4GB
3,4.5299530029296875e-05,-5.875,Lenovo,14-inch,8GB,Dell,13-inch,8GB
3,4.1961669921875e-05,-2.125,Lenovo,14-inch,8GB,Dell,13-inch,16GB
3,4.5299530029296875e-05,-8.125,Lenovo,14-inch,8GB,Dell,14-inch,4GB
3,4.5299530029296875e-05,-5.375,Lenovo,14-inch,8GB,Dell,14-inch,8GB
3,4.482269287109375e-05,-3.875,Lenovo,14-inch,8GB,Dell,14-inch,16GB
3,4.38690185546875e-05,-3.0,Lenovo,14-inch,8GB,Dell,16-inch,4GB
3,4.482269287109375e-05,-4.125,Lenovo,14-inch,8GB,Dell,16-inch,8GB
3,4.3392181396484375e-05,-2.75,Lenovo,14-inch,8GB,Dell,16-inch,16GB
3,4.5299530029296875e-05,-5.375,Lenovo,14-inch,8GB,Apple,13-inch,4GB
3,4.482269287109375e-05,-3.875,Lenovo,14-inch,8GB,Apple,13-inch,8GB
3,4.3392181396484375e-05,-2.625,Lenovo,14-inch,8GB,Apple,13-inch,16GB
3,4.5299530029296875e-05,-6.875,Lenovo,14-inch,8GB,Apple,14-inch,4GB
3,4.482269287109375e-05,-3.875,Lenovo,14-inch,8GB,Apple,14-inch,8GB
3,4.482269287109375e-05,-4.25,Lenovo,14-inch,8GB,Apple,14-inch,16GB
3,4.4345855712890625e-05,-3.25,Lenovo,14-inch,8GB,Apple,16-inch,4GB
3,4.482269287109375e-05,-3.75,Lenovo,14-inch,8GB,Apple,16-inch,8GB
3,4.482269287109375e-05,-4.375,Lenovo,14-inch,8GB,Apple,16-inch,16GB
3,-8.25,10.5,Lenovo,14-inch,16GB,ASUS,13-inch,4GB
3,4.5299530029296875e-05,-8.0,Lenovo,14-inch,16GB,ASUS,13-inch,8GB
3,4.506111145019531e-05,-4.625,Lenovo,14-inch,16GB,ASUS,13-inch,16GB
3,-0.0001850128173828125,2.125,Lenovo,14-inch,16GB,ASUS,14-inch,4GB
3,4.5299530029296875e-05,-8.375,Lenovo,14-inch,16GB,ASUS,14-inch,8GB
3,4.506111145019531e-05,-4.625,Lenovo,14-inch,16GB,ASUS,14-inch,16GB
3,-0.00145721435546875,4.0,Lenovo,14-inch,16GB,ASUS,16-inch,4GB
3,4.5299530029296875e-05,-8.25,Lenovo,14-inch,16GB,ASUS,16-inch,8GB
3,-6.341934204101562e-05,1.375,Lenovo,14-inch,16GB,ASUS,16-inch,16GB
3,-13.25,10.5,Lenovo,14-inch,16GB,Lenovo,13-inch,4GB
3,4.5299530029296875e-05,-5.125,Lenovo,14-inch,16GB,Lenovo,13-inch,8GB
3,3.3855438232421875e-05,-0.875,Lenovo,14-inch,16GB,Lenovo,13-inch,16GB
3,4.0531158447265625e-05,-1.75,Lenovo,14-inch,16GB,Lenovo,14-inch,4GB
3,4.482269287109375e-05,-4.0,Lenovo,14-inch,16GB,Lenovo,14-inch,8GB
3,-8.5,10.5,Lenovo,14-inch,16GB,Lenovo,16-inch,4GB
3,4.5299530029296875e-05,-6.0,Lenovo,14-inch,16GB,Lenovo,16-inch,8GB
3,-5.5,10.5,Lenovo,14-inch,16GB,Lenovo,16-inch,16GB
3,-6.75,10.5,Lenovo,14-inch,16GB,HP,13-inch,4GB
3,4.5299530029296875e-05,-8.5,Lenovo,14-inch,16GB,HP,13-inch,8GB
3,4.506111145019531e-05,-4.625,Lenovo,14-inch,16GB,HP,13-inch,16GB
3,-2.956390380859375e-05,1.0,Lenovo,14-inch,16GB,HP,14-inch,4GB
3,4.5299530029296875e-05,-8.625,Lenovo,14-inch,16GB,HP,14-inch,8GB
3,4.506111145019531e-05,-4.625,Lenovo,14-inch,16GB,HP,14-inch,16GB
3,-0.010986328125,6.0,Lenovo,14-inch,16GB,HP,16-inch,4GB
3,4.5299530029296875e-05,-8.375,Lenovo,14-inch,16GB,HP,16-inch,8GB
3,-1.2874603271484375e-05,0.75,Lenovo,14-inch,16GB,HP,16-inch,16GB
3,-6.75,10.5,Lenovo,14-inch,16GB,Dell,13-inch,4GB
3,4.5299530029296875e-05,-8.125,Lenovo,14-inch,16GB,Dell,13-inch,8GB
3,4.482269287109375e-05,-4.5,Lenovo,14-inch,16GB,Dell,13-inch,16GB
3,-2.956390380859375e-05,1.0,Lenovo,14-inch,16GB,Dell,14-inch,4GB
3,4.5299530029296875e-05,-8.25,Lenovo,14-inch,16GB,Dell,14-inch,8GB
3,4.482269287109375e-05,-4.25,Lenovo,14-inch,16GB,Dell,14-inch,16GB
3,-0.000865936279296875,3.5,Lenovo,14-inch,16GB,Dell,16-inch,4GB
3,4.5299530029296875e-05,-8.5,Lenovo,14-inch,16GB,Dell,16-inch,8GB
3,-3.9577484130859375e-05,1.125,Lenovo,14-inch,16GB,Dell,16-inch,16GB
3,-0.0380859375,7.21875,Lenovo,14-inch,16GB,Apple,13-inch,4GB
3,4.5299530029296875e-05,-8.375,Lenovo,14-inch,16GB,Apple,13-inch,8GB
3,4.4345855712890625e-05,-3.25,Lenovo,14-inch,16GB,Apple,13-inch,16GB
3,1.4066696166992188e-05,0.125,Lenovo,14-inch,16GB,Apple,14-inch,4GB
3,4.5299530029296875e-05,-8.875,Lenovo,14-inch,16GB,Apple,14-inch,8GB
3,4.410743713378906e-05,-3.125,Lenovo,14-inch,16GB,Apple,14-inch,16GB
3,-6.341934204101562e-05,1.375,Lenovo,14-inch,16GB,Apple,16-inch,4GB
3,4.5299530029296875e-05,-8.0,Lenovo,14-inch,16GB,Apple,16-inch,8GB
3,3.838539123535156e-05,-1.375,Lenovo,14-inch,16GB,Apple,16-inch,16GB
3,4.4345855712890625e-05,-3.25,Lenovo,16-inch,4GB,ASUS,13-inch,4GB
3,-14.875,10.5,Lenovo,16-inch,4GB,ASUS,13-inch,8GB
3,-7.772445678710938e-05,1.5,Lenovo,16-inch,4GB,ASUS,13-inch,16GB
3,4.482269287109375e-05,-4.0,Lenovo,16-inch,4GB,ASUS,14-inch,4GB
3,-15.25,10.5,Lenovo,16-inch,4GB,ASUS,14-inch,8GB
3,-0.000385284423828125,2.75,Lenovo,16-inch,4GB,ASUS,14-inch,16GB
3,3.743171691894531e-05,-1.25,Lenovo,16-inch,4GB,ASUS,16-inch,4GB
3,-14.375,10.5,Lenovo,16-inch,4GB,ASUS,16-inch,8GB
3,-2.956390380859375e-05,1.0,Lenovo,16-inch,4GB,ASUS,16-inch,16GB
3,4.5299530029296875e-05,-5.375,Lenovo,16-inch,4GB,Lenovo,13-inch,4GB
3,-17.375,10.5,Lenovo,16-inch,4GB,Lenovo,13-inch,8GB
3,-5.5,10.5,Lenovo,16-inch,4GB,Lenovo,13-inch,16GB
3,4.458427429199219e-05,-3.625,Lenovo,16-inch,4GB,Lenovo,14-inch,4GB
3,-17.5,10.5,Lenovo,16-inch,4GB,Lenovo,14-inch,8GB
3,-9.5,10.5,Lenovo,16-inch,4GB,Lenovo,14-inch,16GB
3,-8.25,10.5,Lenovo,16-inch,4GB,Lenovo,16-inch,8GB
3,-0.000385284423828125,2.75,Lenovo,16-inch,4GB,Lenovo,16-inch,16GB
3,4.506111145019531e-05,-5.0,Lenovo,16-inch,4GB,HP,13-inch,4GB
3,-16.125,10.5,Lenovo,16-inch,4GB,HP,13-inch,8GB
3,-0.0002155303955078125,2.25,Lenovo,16-inch,4GB,HP,13-inch,16GB
3,4.506111145019531e-05,-4.875,Lenovo,16-inch,4GB,HP,14-inch,4GB
3,-16.5,10.5,Lenovo,16-inch,4GB,HP,14-inch,8GB
3,-0.00188446044921875,4.25,Lenovo,16-inch,4GB,HP,14-inch,16GB
3,4.482269287109375e-05,-3.875,Lenovo,16-inch,4GB,HP,16-inch,4GB
3,-16.5,10.5,Lenovo,16-inch,4GB,HP,16-inch,8GB
3,-7.772445678710938e-05,1.5,Lenovo,16-inch,4GB,HP,16-inch,16GB
3,4.458427429199219e-05,-3.625,Lenovo,16-inch,4GB,Dell,13-inch,4GB
3,-16.25,10.5,Lenovo,16-inch,4GB,Dell,13-inch,8GB
3,-0.0001583099365234375,2.0,Lenovo,16-inch,4GB,Dell,13-inch,16GB
3,4.458427429199219e-05,-3.625,Lenovo,16-inch,4GB,Dell,14-inch,4GB
3,-16.375,10.5,Lenovo,16-inch,4GB,Dell,14-inch,8GB
3,-0.000865936279296875,3.5,Lenovo,16-inch,4GB,Dell,14-inch,16GB
3,2.6345252990722656e-05,-0.375,Lenovo,16-inch,4GB,Dell,16-inch,4GB
3,-16.25,10.5,Lenovo,16-inch,4GB,Dell,16-inch,8GB
3,-0.0002155303955078125,2.25,Lenovo,16-inch,4GB,Dell,16-inch,16GB
3,4.1961669921875e-05,-2.125,Lenovo,16-inch,4GB,Apple,13-inch,4GB
3,-14.5,10.5,Lenovo,16-inch,4GB,Apple,13-inch,8GB
3,-0.000385284423828125,2.75,Lenovo,16-inch,4GB,Apple,13-inch,16GB
3,4.482269287109375e-05,-3.75,Lenovo,16-inch,4GB,Apple,14-inch,4GB
3,-14.0,10.5,Lenovo,16-inch,4GB,Apple,14-inch,8GB
3,-0.000507354736328125,3.0,Lenovo,16-inch,4GB,Apple,14-inch,16GB
3,3.743171691894531e-05,-1.25,Lenovo,16-inch,4GB,Apple,16-inch,4GB
3,-12.375,10.5,Lenovo,16-inch,4GB,Apple,16-inch,8GB
3,1.0013580322265625e-05,0.25,Lenovo,16-inch,4GB,Apple,16-inch,16GB
3,-0.0001583099365234375,2.0,Lenovo,16-inch,8GB,ASUS,13-inch,4GB
3,4.482269287109375e-05,-4.125,Lenovo,16-inch,8GB,ASUS,13-inch,8GB
3,-0.251953125,9.0,Lenovo,16-inch,8GB,ASUS,13-inch,16GB
3,-0.0380859375,7.21875,Lenovo,16-inch,8GB,ASUS,14-inch,4GB
3,4.458427429199219e-05,-3.625,Lenovo,16-inch,8GB,ASUS,14-inch,8GB
3,-7.5,10.5,Lenovo,16-inch,8GB,ASUS,14-inch,16GB
3,4.0531158447265625e-05,-1.75,Lenovo,16-inch,8GB,ASUS,16-inch,4GB
3,4.506111145019531e-05,-4.625,Lenovo,16-inch,8GB,ASUS,16-inch,8GB
3,-0.0001583099365234375,2.0,Lenovo,16-inch,8GB,ASUS,16-inch,16GB
3,-8.75,10.5,Lenovo,16-inch,8GB,Lenovo,13-inch,4GB
3,3.838539123535156e-05,-1.375,Lenovo,16-inch,8GB,Lenovo,13-inch,8GB
3,-6.0,10.5,Lenovo,16-inch,8GB,Lenovo,13-inch,16GB
3,-10.0,10.5,Lenovo,16-inch,8GB,Lenovo,14-inch,4GB
3,1.7762184143066406e-05,0.0,Lenovo,16-inch,8GB,Lenovo,14-inch,8GB
3,-9.25,10.5,Lenovo,16-inch,8GB,Lenovo,14-inch,16GB
3,4.482269287109375e-05,-4.125,Lenovo,16-inch,8GB,Lenovo,16-inch,4GB
3,-0.0002899169921875,2.5,Lenovo,16-inch,8GB,Lenovo,16-inch,16GB
3,1.7762184143066406e-05,0.0,Lenovo,16-inch,8GB,HP,13-inch,4GB
3,4.458427429199219e-05,-3.625,Lenovo,16-inch,8GB,HP,13-inch,8GB
3,-4.25,10.5,Lenovo,16-inch,8GB,HP,13-inch,16GB
3,-0.0002899169921875,2.5,Lenovo,16-inch,8GB,HP,14-inch,4GB
3,4.4345855712890625e-05,-3.5,Lenovo,16-inch,8GB,HP,14-inch,8GB
3,-8.25,10.5,Lenovo,16-inch,8GB,HP,14-inch,16GB
3,4.4345855712890625e-05,-3.25,Lenovo,16-inch,8GB,HP,16-inch,4GB
3,4.482269287109375e-05,-4.5,Lenovo,16-inch,8GB,HP,16-inch,8GB
3,-0.000385284423828125,2.75,Lenovo,16-inch,8GB,HP,16-inch,16GB
3,1.0013580322265625e-05,0.25,Lenovo,16-inch,8GB,Dell,13-inch,4GB
3,4.482269287109375e-05,-4.0,Lenovo,16-inch,8GB,Dell,13-inch,8GB
3,-5.0,10.5,Lenovo,16-inch,8GB,Dell,13-inch,16GB
3,-0.0001583099365234375,2.0,Lenovo,16-inch,8GB,Dell,14-inch,4GB
3,4.458427429199219e-05,-3.625,Lenovo,16-inch,8GB,Dell,14-inch,8GB
3,-8.5,10.5,Lenovo,16-inch,8GB,Dell,14-inch,16GB
3,4.458427429199219e-05,-3.625,Lenovo,16-inch,8GB,Dell,16-inch,4GB
3,4.482269287109375e-05,-4.0,Lenovo,16-inch,8GB,Dell,16-inch,8GB
3,-0.000507354736328125,3.0,Lenovo,16-inch,8GB,Dell,16-inch,16GB
3,2.384185791015625e-05,-0.25,Lenovo,16-inch,8GB,Apple,13-inch,4GB
3,4.1961669921875e-05,-2.125,Lenovo,16-inch,8GB,Apple,13-inch,8GB
3,-0.000865936279296875,3.5,Lenovo,16-inch,8GB,Apple,13-inch,16GB
3,-0.0002899169921875,2.5,Lenovo,16-inch,8GB,Apple,14-inch,4GB
3,4.100799560546875e-05,-1.875,Lenovo,16-inch,8GB,Apple,14-inch,8GB
3,-0.97265625,10.0,Lenovo,16-inch,8GB,Apple,14-inch,16GB
3,4.3392181396484375e-05,-2.75,Lenovo,16-inch,8GB,Apple,16-inch,4GB
3,4.291534423828125e-05,-2.375,Lenovo,16-inch,8GB,Apple,16-inch,8GB
3,-5.054473876953125e-05,1.25,Lenovo,16-inch,8GB,Apple,16-inch,16GB
3,-10.0,10.5,Lenovo,16-inch,16GB,ASUS,13-inch,4GB
3,-2.0503997802734375e-05,0.875,Lenovo,16-inch,16GB,ASUS,13-inch,8GB
3,-0.06201171875,7.6875,Lenovo,16-inch,16GB,ASUS,13-inch,16GB
3,-10.5,10.5,Lenovo,16-inch,16GB,ASUS,14-inch,4GB
3,-0.00011301040649414062,1.75,Lenovo,16-inch,16GB,ASUS,14-inch,8GB
3,-0.004058837890625,5.0,Lenovo,16-inch,16GB,ASUS,14-inch,16GB
3,-0.000385284423828125,2.75,Lenovo,16-inch,16GB,ASUS,16-inch,4GB
3,3.24249267578125e-05,-0.75,Lenovo,16-inch,16GB,ASUS,16-inch,8GB
3,2.86102294921875e-05,-0.5,Lenovo,16-inch,16GB,ASUS,16-inch,16GB
3,-14.5,10.5,Lenovo,16-inch,16GB,Lenovo,13-inch,4GB
3,-0.000385284423828125,2.75,Lenovo,16-inch,16GB,Lenovo,13-inch,8GB
3,-1.3125,10.1875,Lenovo,16-inch,16GB,Lenovo,13-inch,16GB
3,-15.375,10.5,Lenovo,16-inch,16GB,Lenovo,14-inch,4GB
3,-0.023193359375,6.75,Lenovo,16-inch,16GB,Lenovo,14-inch,8GB
3,-3.53125,10.5,Lenovo,16-inch,16GB,Lenovo,14-inch,16GB
3,-0.000507354736328125,3.0,Lenovo,16-inch,16GB,Lenovo,16-inch,4GB
3,-0.0001583099365234375,2.0,Lenovo,16-inch,16GB,Lenovo,16-inch,8GB
3,-8.25,10.5,Lenovo,16-inch,16GB,HP,13-inch,4GB
3,3.743171691894531e-05,-1.25,Lenovo,16-inch,16GB,HP,13-inch,8GB
3,-0.004058837890625,5.0,Lenovo,16-inch,16GB,HP,13-inch,16GB
3,-10.0,10.5,Lenovo,16-inch,16GB,HP,14-inch,4GB
3,2.09808349609375e-05,-0.125,Lenovo,16-inch,16GB,HP,14-inch,8GB
3,-0.0031280517578125,4.75,Lenovo,16-inch,16GB,HP,14-inch,16GB
3,-0.000507354736328125,3.0,Lenovo,16-inch,16GB,HP,16-inch,4GB
3,3.910064697265625e-05,-1.5,Lenovo,16-inch,16GB,HP,16-inch,8GB
3,3.743171691894531e-05,-1.25,Lenovo,16-inch,16GB,HP,16-inch,16GB
3,-8.75,10.5,Lenovo,16-inch,16GB,Dell,13-inch,4GB
3,2.6345252990722656e-05,-0.375,Lenovo,16-inch,16GB,Dell,13-inch,8GB
3,-0.0031280517578125,4.75,Lenovo,16-inch,16GB,Dell,13-inch,16GB
3,-9.75,10.5,Lenovo,16-inch,16GB,Dell,14-inch,4GB
3,-6.198883056640625e-06,0.625,Lenovo,16-inch,16GB,Dell,14-inch,8GB
3,-0.0031280517578125,4.75,Lenovo,16-inch,16GB,Dell,14-inch,16GB
3,-0.00011301040649414062,1.75,Lenovo,16-inch,16GB,Dell,16-inch,4GB
3,3.838539123535156e-05,-1.375,Lenovo,16-inch,16GB,Dell,16-inch,8GB
3,3.24249267578125e-05,-0.75,Lenovo,16-inch,16GB,Dell,16-inch,16GB
3,-3.28125,10.4375,Lenovo,16-inch,16GB,Apple,13-inch,4GB
3,4.291534423828125e-05,-2.5,Lenovo,16-inch,16GB,Apple,13-inch,8GB
3,-9.489059448242188e-05,1.625,Lenovo,16-inch,16GB,Apple,13-inch,16GB
3,-7.25,10.5,Lenovo,16-inch,16GB,Apple,14-inch,4GB
3,3.838539123535156e-05,-1.375,Lenovo,16-inch,16GB,Apple,14-inch,8GB
3,-3.9577484130859375e-05,1.125,Lenovo,16-inch,16GB,Apple,14-inch,16GB
3,-5.054473876953125e-05,1.25,Lenovo,16-inch,16GB,Apple,16-inch,4GB
3,4.482269287109375e-05,-3.875,Lenovo,16-inch,16GB,Apple,16-inch,8GB
3,3.62396240234375e-05,-1.125,Lenovo,16-inch,16GB,Apple,16-inch,16GB
3,-0.00145721435546875,4.0,HP,13-inch,4GB,ASUS,13-inch,4GB
3,-17.25,10.5,HP,13-inch,4GB,ASUS,13-inch,8GB
3,-13.375,10.5,HP,13-inch,4GB,ASUS,13-inch,16GB
3,-0.0380859375,7.21875,HP,13-inch,4GB,ASUS,14-inch,4GB
3,-18.25,10.5,HP,13-inch,4GB,ASUS,14-inch,8GB
3,-14.25,10.5,HP,13-inch,4GB,ASUS,14-inch,16GB
3,-11.125,10.5,HP,13-inch,4GB,ASUS,16-inch,4GB
3,-15.5,10.5,HP,13-inch,4GB,ASUS,16-inch,8GB
3,-10.0,10.5,HP,13-inch,4GB,ASUS,16-inch,16GB
3,-3.28125,10.4375,HP,13-inch,4GB,Lenovo,13-inch,4GB
3,-17.0,10.5,HP,13-inch,4GB,Lenovo,13-inch,8GB
3,-13.0,10.5,HP,13-inch,4GB,Lenovo,13-inch,16GB
3,-7.25,10.5,HP,13-inch,4GB,Lenovo,14-inch,4GB
3,-18.25,10.5,HP,13-inch,4GB,Lenovo,14-inch,8GB
3,-13.875,10.5,HP,13-inch,4GB,Lenovo,14-inch,16GB
3,-10.5,10.5,HP,13-inch,4GB,Lenovo,16-inch,4GB
3,-15.5,10.5,HP,13-inch,4GB,Lenovo,16-inch,8GB
3,-11.375,10.5,HP,13-inch,4GB,Lenovo,16-inch,16GB
3,-9.75,10.5,HP,13-inch,4GB,HP,13-inch,8GB
3,-0.000385284423828125,2.75,HP,13-inch,4GB,HP,13-inch,16GB
3,-7.772445678710938e-05,1.5,HP,13-inch,4GB,HP,14-inch,4GB
3,-19.5,10.5,HP,13-inch,4GB,HP,14-inch,8GB
3,-15.375,10.5,HP,13-inch,4GB,HP,14-inch,16GB
3,-8.5,10.5,HP,13-inch,4GB,HP,16-inch,4GB
3,-16.625,10.5,HP,13-inch,4GB,HP,16-inch,8GB
3,-13.75,10.5,HP,13-inch,4GB,HP,16-inch,16GB
3,-0.00145721435546875,4.0,HP,13-inch,4GB,Dell,13-inch,4GB
3,-17.5,10.5,HP,13-inch,4GB,Dell,13-inch,8GB
3,-13.5,10.5,HP,13-inch,4GB,Dell,13-inch,16GB
3,-0.126953125,8.375,HP,13-inch,4GB,Dell,14-inch,4GB
3,-18.875,10.5,HP,13-inch,4GB,Dell,14-inch,8GB
3,-14.5,10.5,HP,13-inch,4GB,Dell,14-inch,16GB
3,-10.125,10.5,HP,13-inch,4GB,Dell,16-inch,4GB
3,-16.5,10.5,HP,13-inch,4GB,Dell,16-inch,8GB
3,-11.875,10.5,HP,13-inch,4GB,Dell,16-inch,16GB
3,-0.00188446044921875,4.25,HP,13-inch,4GB,Apple,13-inch,4GB
3,-16.25,10.5,HP,13-inch,4GB,Apple,13-inch,8GB
3,-10.75,10.5,HP,13-inch,4GB,Apple,13-inch,16GB
3,-0.0002155303955078125,2.25,HP,13-inch,4GB,Apple,14-inch,4GB
3,-17.375,10.5,HP,13-inch,4GB,Apple,14-inch,8GB
3,-12.75,10.5,HP,13-inch,4GB,Apple,14-inch,16GB
3,-6.5,10.5,HP,13-inch,4GB,Apple,16-inch,4GB
3,-10.75,10.5,HP,13-inch,4GB,Apple,16-inch,8GB
3,-9.75,10.5,HP,13-inch,4GB,Apple,16-inch,16GB
3,4.5299530029296875e-05,-8.75,HP,13-inch,8GB,ASUS,13-inch,4GB
3,4.5299530029296875e-05,-5.875,HP,13-inch,8GB,ASUS,13-inch,8GB
3,4.5299530029296875e-05,-5.875,HP,13-inch,8GB,ASUS,13-inch,16GB
3,4.5299530029296875e-05,-6.5,HP,13-inch,8GB,ASUS,14-inch,4GB
3,4.5299530029296875e-05,-6.375,HP,13-inch,8GB,ASUS,14-inch,8GB
3,4.458427429199219e-05,-3.625,HP,13-inch,8GB,ASUS,14-inch,16GB
3,4.482269287109375e-05,-4.125,HP,13-inch,8GB,ASUS,16-inch,4GB
3,4.5299530029296875e-05,-5.5,HP,13-inch,8GB,ASUS,16-inch,8GB
3,4.482269287109375e-05,-4.125,HP,13-inch,8GB,ASUS,16-inch,16GB
3,4.5299530029296875e-05,-8.25,HP,13-inch,8GB,Lenovo,13-inch,4GB
3,4.5299530029296875e-05,-5.5,HP,13-inch,8GB,Lenovo,13-inch,8GB
3,4.5299530029296875e-05,-5.125,HP,13-inch,8GB,Lenovo,13-inch,16GB
3,4.5299530029296875e-05,-5.25,HP,13-inch,8GB,Lenovo,14-inch,4GB
3,4.5299530029296875e-05,-5.75,HP,13-inch,8GB,Lenovo,14-inch,8GB
3,4.38690185546875e-05,-2.875,HP,13-inch,8GB,Lenovo,14-inch,16GB
3,4.38690185546875e-05,-2.875,HP,13-inch,8GB,Lenovo,16-inch,4GB
3,4.482269287109375e-05,-4.375,HP,13-inch,8GB,Lenovo,16-inch,8GB
3,4.410743713378906e-05,-3.125,HP,13-inch,8GB,Lenovo,16-inch,16GB
3,4.5299530029296875e-05,-7.0,HP,13-inch,8GB,HP,13-inch,4GB
3,4.5299530029296875e-05,-5.75,HP,13-inch,8GB,HP,13-inch,16GB
3,-8.0,10.5,HP,13-inch,8GB,HP,14-inch,4GB
3,4.2438507080078125e-05,-2.25,HP,13-inch,8GB,HP,14-inch,8GB
3,4.482269287109375e-05,-3.75,HP,13-inch,8GB,HP,14-inch,16GB
3,-7.772445678710938e-05,1.5,HP,13-inch,8GB,HP,16-inch,4GB
3,4.458427429199219e-05,-3.625,HP,13-inch,8GB,HP,16-inch,8GB
3,4.482269287109375e-05,-3.875,HP,13-inch,8GB,HP,16-inch,16GB
3,4.5299530029296875e-05,-9.5,HP,13-inch,8GB,Dell,13-inch,4GB
3,4.5299530029296875e-05,-5.625,HP,13-inch,8GB,Dell,13-inch,8GB
3,4.506111145019531e-05,-5.0,HP,13-inch,8GB,Dell,13-inch,16GB
3,4.5299530029296875e-05,-7.375,HP,13-inch,8GB,Dell,14-inch,4GB
3,4.5299530029296875e-05,-5.875,HP,13-inch,8GB,Dell,14-inch,8GB
3,4.38690185546875e-05,-2.875,HP,13-inch,8GB,Dell,14-inch,16GB
3,4.482269287109375e-05,-4.375,HP,13-inch,8GB,Dell,16-inch,4GB
3,4.482269287109375e-05,-4.25,HP,13-inch,8GB,Dell,16-inch,8GB
3,4.4345855712890625e-05,-3.375,HP,13-inch,8GB,Dell,16-inch,16GB
3,4.5299530029296875e-05,-8.125,HP,13-inch,8GB,Apple,13-inch,4GB
3,4.482269287109375e-05,-4.0,HP,13-inch,8GB,Apple,13-inch,8GB
3,4.5299530029296875e-05,-5.75,HP,13-inch,8GB,Apple,13-inch,16GB
3,4.5299530029296875e-05,-5.375,HP,13-inch,8GB,Apple,14-inch,4GB
3,4.482269287109375e-05,-3.75,HP,13-inch,8GB,Apple,14-inch,8GB
3,4.482269287109375e-05,-3.875,HP,13-inch,8GB,Apple,14-inch,16GB
3,4.482269287109375e-05,-3.875,HP,13-inch,8GB,Apple,16-inch,4GB
3,4.4345855712890625e-05,-3.5,HP,13-inch,8GB,Apple,16-inch,8GB
3,4.482269287109375e-05,-4.5,HP,13-inch,8GB,Apple,16-inch,16GB
3,-0.000133514404296875,1.875,HP,13-inch,16GB,ASUS,13-inch,4GB
3,4.5299530029296875e-05,-8.375,HP,13-inch,16GB,ASUS,13-inch,8GB
3,4.482269287109375e-05,-4.5,HP,13-inch,16GB,ASUS,13-inch,16GB
3,-0.0002155303955078125,2.25,HP,13-inch,16GB,ASUS,14-inch,4GB
3,4.5299530029296875e-05,-9.125,HP,13-inch,16GB,ASUS,14-inch,8GB
3,4.506111145019531e-05,-4.875,HP,13-inch,16GB,ASUS,14-inch,16GB
3,-5.054473876953125e-05,1.25,HP,13-inch,16GB,ASUS,16-inch,4GB
3,4.5299530029296875e-05,-8.375,HP,13-inch,16GB,ASUS,16-inch,8GB
3,-0.0002899169921875,2.5,HP,13-inch,16GB,ASUS,16-inch,16GB
3,-0.00112152099609375,3.75,HP,13-inch,16GB,Lenovo,13-inch,4GB
3,4.5299530029296875e-05,-8.0,HP,13-inch,16GB,Lenovo,13-inch,8GB
3,4.506111145019531e-05,-4.875,HP,13-inch,16GB,Lenovo,13-inch,16GB
3,-0.97265625,10.0,HP,13-inch,16GB,Lenovo,14-inch,4GB
3,4.5299530029296875e-05,-9.0,HP,13-inch,16GB,Lenovo,14-inch,8GB
3,4.506111145019531e-05,-5.0,HP,13-inch,16GB,Lenovo,14-inch,16GB
3,-0.00066375732421875,3.25,HP,13-inch,16GB,Lenovo,16-inch,4GB
3,4.5299530029296875e-05,-7.875,HP,13-inch,16GB,Lenovo,16-inch,8GB
3,-0.0002899169921875,2.5,HP,13-inch,16GB,Lenovo,16-inch,16GB
3,4.482269287109375e-05,-3.75,HP,13-inch,16GB,HP,13-inch,4GB
3,4.506111145019531e-05,-4.625,HP,13-inch,16GB,HP,13-inch,8GB
3,-10.0,10.5,HP,13-inch,16GB,HP,14-inch,4GB
3,4.5299530029296875e-05,-8.25,HP,13-inch,16GB,HP,14-inch,8GB
3,4.291534423828125e-05,-2.5,HP,13-inch,16GB,HP,14-inch,16GB
3,-5.75,10.5,HP,13-inch,16GB,HP,16-inch,4GB
3,4.5299530029296875e-05,-7.125,HP,13-inch,16GB,HP,16-inch,8GB
3,-0.008544921875,5.75,HP,13-inch,16GB,HP,16-inch,16GB
3,3.528594970703125e-05,-1.0,HP,13-inch,16GB,Dell,13-inch,4GB
3,4.5299530029296875e-05,-8.75,HP,13-inch,16GB,Dell,13-inch,8GB
3,4.506111145019531e-05,-4.875,HP,13-inch,16GB,Dell,13-inch,16GB
3,-6.198883056640625e-06,0.625,HP,13-inch,16GB,Dell,14-inch,4GB
3,4.5299530029296875e-05,-9.5,HP,13-inch,16GB,Dell,14-inch,8GB
3,4.506111145019531e-05,-4.875,HP,13-inch,16GB,Dell,14-inch,16GB
3,-2.0503997802734375e-05,0.875,HP,13-inch,16GB,Dell,16-inch,4GB
3,4.5299530029296875e-05,-8.375,HP,13-inch,16GB,Dell,16-inch,8GB
3,-9.489059448242188e-05,1.625,HP,13-inch,16GB,Dell,16-inch,16GB
3,3.24249267578125e-05,-0.75,HP,13-inch,16GB,Apple,13-inch,4GB
3,4.5299530029296875e-05,-9.25,HP,13-inch,16GB,Apple,13-inch,8GB
3,4.4345855712890625e-05,-3.25,HP,13-inch,16GB,Apple,13-inch,16GB
3,0.0,0.5,HP,13-inch,16GB,Apple,14-inch,4GB
3,4.5299530029296875e-05,-9.125,HP,13-inch,16GB,Apple,14-inch,8GB
3,4.4345855712890625e-05,-3.25,HP,13-inch,16GB,Apple,14-inch,16GB
3,2.6345252990722656e-05,-0.375,HP,13-inch,16GB,Apple,16-inch,4GB
3,4.5299530029296875e-05,-8.125,HP,13-inch,16GB,Apple,16-inch,8GB
3,2.384185791015625e-05,-0.25,HP,13-inch,16GB,Apple,16-inch,16GB
3,-0.000865936279296875,3.5,HP,14-inch,4GB,ASUS,13-inch,4GB
3,-19.25,10.5,HP,14-inch,4GB,ASUS,13-inch,8GB
3,-15.125,10.5,HP,14-inch,4GB,ASUS,13-inch,16GB
3,-0.0031280517578125,4.75,HP,14-inch,4GB,ASUS,14-inch,4GB
3,-16.75,10.5,HP,14-inch,4GB,ASUS,14-inch,8GB
3,-14.25,10.5,HP,14-inch,4GB,ASUS,14-inch,16GB
3,-10.75,10.5,HP,14-inch,4GB,ASUS,16-inch,4GB
3,-16.125,10.5,HP,14-inch,4GB,ASUS,16-inch,8GB
3,-10.875,10.5,HP,14-inch,4GB,ASUS,16-inch,16GB
3,-6.5,10.5,HP,14-inch,4GB,Lenovo,13-inch,4GB
3,-18.75,10.5,HP,14-inch,4GB,Lenovo,13-inch,8GB
3,-15.25,10.5,HP,14-inch,4GB,Lenovo,13-inch,16GB
3,-3.28125,10.4375,HP,14-inch,4GB,Lenovo,14-inch,4GB
3,-16.75,10.5,HP,14-inch,4GB,Lenovo,14-inch,8GB
3,-14.25,10.5,HP,14-inch,4GB,Lenovo,14-inch,16GB
3,-9.5,10.5,HP,14-inch,4GB,Lenovo,16-inch,4GB
3,-15.75,10.5,HP,14-inch,4GB,Lenovo,16-inch,8GB
3,-11.25,10.5,HP,14-inch,4GB,Lenovo,16-inch,16GB
3,1.0013580322265625e-05,0.25,HP,14-inch,4GB,HP,13-inch,4GB
3,-19.375,10.5,HP,14-inch,4GB,HP,13-inch,8GB
3,-15.625,10.5,HP,14-inch,4GB,HP,13-inch,16GB
3,-10.75,10.5,HP,14-inch,4GB,HP,14-inch,8GB
3,-0.0791015625,7.9375,HP,14-inch,4GB,HP,14-inch,16GB
3,-8.25,10.5,HP,14-inch,4GB,HP,16-inch,4GB
3,-17.5,10.5,HP,14-inch,4GB,HP,16-inch,8GB
3,-14.625,10.5,HP,14-inch,4GB,HP,16-inch,16GB
3,-0.00188446044921875,4.25,HP,14-inch,4GB,Dell,13-inch,4GB
3,-19.5,10.5,HP,14-inch,4GB,Dell,13-inch,8GB
3,-14.875,10.5,HP,14-inch,4GB,Dell,13-inch,16GB
3,-0.00518798828125,5.25,HP,14-inch,4GB,Dell,14-inch,4GB
3,-17.125,10.5,HP,14-inch,4GB,Dell,14-inch,8GB
3,-14.75,10.5,HP,14-inch,4GB,Dell,14-inch,16GB
3,-9.75,10.5,HP,14-inch,4GB,Dell,16-inch,4GB
3,-17.125,10.5,HP,14-inch,4GB,Dell,16-inch,8GB
3,-11.875,10.5,HP,14-inch,4GB,Dell,16-inch,16GB
3,-0.0001583099365234375,2.0,HP,14-inch,4GB,Apple,13-inch,4GB
3,-17.5,10.5,HP,14-inch,4GB,Apple,13-inch,8GB
3,-12.25,10.5,HP,14-inch,4GB,Apple,13-inch,16GB
3,-0.0004425048828125,2.875,HP,14-inch,4GB,Apple,14-inch,4GB
3,-15.875,10.5,HP,14-inch,4GB,Apple,14-inch,8GB
3,-11.0,10.5,HP,14-inch,4GB,Apple,14-inch,16GB
3,-1.140625,10.125,HP,14-inch,4GB,Apple,16-inch,4GB
3,-13.0,10.5,HP,14-inch,4GB,Apple,16-inch,8GB
3,-9.5,10.5,HP,14-inch,4GB,Apple,16-inch,16GB
3,4.0531158447265625e-05,-1.75,HP,14-inch,8GB,ASUS,13-inch,4GB
3,4.5299530029296875e-05,-6.125,HP,14-inch,8GB,ASUS,13-inch,8GB
3,4.482269287109375e-05,-3.75,HP,14-inch,8GB,ASUS,13-inch,16GB
3,4.5299530029296875e-05,-6.125,HP,14-inch,8GB,ASUS,14-inch,4GB
3,4.5299530029296875e-05,-5.875,HP,14-inch,8GB,ASUS,14-inch,8GB
3,4.5299530029296875e-05,-5.625,HP,14-inch,8GB,ASUS,14-inch,16GB
3,2.09808349609375e-05,-0.125,HP,14-inch,8GB,ASUS,16-inch,4GB
3,4.506111145019531e-05,-4.625,HP,14-inch,8GB,ASUS,16-inch,8GB
3,4.482269287109375e-05,-3.875,HP,14-inch,8GB,ASUS,16-inch,16GB
3,3.910064697265625e-05,-1.5,HP,14-inch,8GB,Lenovo,13-inch,4GB
3,4.5299530029296875e-05,-5.75,HP,14-inch,8GB,Lenovo,13-inch,8GB
3,4.38690185546875e-05,-2.875,HP,14-inch,8GB,Lenovo,13-inch,16GB
3,4.5299530029296875e-05,-5.5,HP,14-inch,8GB,Lenovo,14-inch,4GB
3,4.5299530029296875e-05,-5.75,HP,14-inch,8GB,Lenovo,14-inch,8GB
3,4.506111145019531e-05,-4.875,HP,14-inch,8GB,Lenovo,14-inch,16GB
3,-7.772445678710938e-05,1.5,HP,14-inch,8GB,Lenovo,16-inch,4GB
3,4.4345855712890625e-05,-3.375,HP,14-inch,8GB,Lenovo,16-inch,8GB
3,4.4345855712890625e-05,-3.25,HP,14-inch,8GB,Lenovo,16-inch,16GB
3,-10.25,10.5,HP,14-inch,8GB,HP,13-inch,4GB
3,4.1484832763671875e-05,-2.0,HP,14-inch,8GB,HP,13-inch,8GB
3,4.4345855712890625e-05,-3.25,HP,14-inch,8GB,HP,13-inch,16GB
3,4.482269287109375e-05,-4.0,HP,14-inch,8GB,HP,14-inch,4GB
3,4.5299530029296875e-05,-5.25,HP,14-inch,8GB,HP,14-inch,16GB
3,-3.28125,10.4375,HP,14-inch,8GB,HP,16-inch,4GB
3,4.3392181396484375e-05,-2.75,HP,14-inch,8GB,HP,16-inch,8GB
3,4.482269287109375e-05,-3.75,HP,14-inch,8GB,HP,16-inch,16GB
3,4.482269287109375e-05,-3.875,HP,14-inch,8GB,Dell,13-inch,4GB
3,4.5299530029296875e-05,-5.875,HP,14-inch,8GB,Dell,13-inch,8GB
3,4.38690185546875e-05,-3.0,HP,14-inch,8GB,Dell,13-inch,16GB
3,4.5299530029296875e-05,-7.0,HP,14-inch,8GB,Dell,14-inch,4GB
3,4.5299530029296875e-05,-5.625,HP,14-inch,8GB,Dell,14-inch,8GB
3,4.506111145019531e-05,-4.625,HP,14-inch,8GB,Dell,14-inch,16GB
3,3.62396240234375e-05,-1.125,HP,14-inch,8GB,Dell,16-inch,4GB
3,4.4345855712890625e-05,-3.5,HP,14-inch,8GB,Dell,16-inch,8GB
3,4.4345855712890625e-05,-3.375,HP,14-inch,8GB,Dell,16-inch,16GB
3,4.482269287109375e-05,-4.0,HP,14-inch,8GB,Apple,13-inch,4GB
3,4.482269287109375e-05,-3.875,HP,14-inch,8GB,Apple,13-inch,8GB
3,4.482269287109375e-05,-4.0,HP,14-inch,8GB,Apple,13-inch,16GB
3,4.5299530029296875e-05,-5.625,HP,14-inch,8GB,Apple,14-inch,4GB
3,4.482269287109375e-05,-4.375,HP,14-inch,8GB,Apple,14-inch,8GB
3,4.5299530029296875e-05,-5.5,HP,14-inch,8GB,Apple,14-inch,16GB
3,4.1484832763671875e-05,-2.0,HP,14-inch,8GB,Apple,16-inch,4GB
3,4.4345855712890625e-05,-3.375,HP,14-inch,8GB,Apple,16-inch,8GB
3,4.482269287109375e-05,-4.375,HP,14-inch,8GB,Apple,16-inch,16GB
3,-8.0,10.5,HP,14-inch,16GB,ASUS,13-inch,4GB
3,4.5299530029296875e-05,-8.375,HP,14-inch,16GB,ASUS,13-inch,8GB
3,4.506111145019531e-05,-4.875,HP,14-inch,16GB,ASUS,13-inch,16GB
3,-0.000507354736328125,3.0,HP,14-inch,16GB,ASUS,14-inch,4GB
3,4.5299530029296875e-05,-8.75,HP,14-inch,16GB,ASUS,14-inch,8GB
3,4.506111145019531e-05,-4.875,HP,14-inch,16GB,ASUS,14-inch,16GB
3,-0.00518798828125,5.25,HP,14-inch,16GB,ASUS,16-inch,4GB
3,4.5299530029296875e-05,-8.375,HP,14-inch,16GB,ASUS,16-inch,8GB
3,-0.000385284423828125,2.75,HP,14-inch,16GB,ASUS,16-inch,16GB
3,-9.25,10.5,HP,14-inch,16GB,Lenovo,13-inch,4GB
3,4.5299530029296875e-05,-8.5,HP,14-inch,16GB,Lenovo,13-inch,8GB
3,4.506111145019531e-05,-4.875,HP,14-inch,16GB,Lenovo,13-inch,16GB
3,-0.16015625,8.5625,HP,14-inch,16GB,Lenovo,14-inch,4GB
3,4.5299530029296875e-05,-8.375,HP,14-inch,16GB,Lenovo,14-inch,8GB
3,4.5299530029296875e-05,-5.125,HP,14-inch,16GB,Lenovo,14-inch,16GB
3,-3.53125,10.5,HP,14-inch,16GB,Lenovo,16-inch,4GB
3,4.5299530029296875e-05,-8.0,HP,14-inch,16GB,Lenovo,16-inch,8GB
3,-0.0002899169921875,2.5,HP,14-inch,16GB,Lenovo,16-inch,16GB
3,-13.25,10.5,HP,14-inch,16GB,HP,13-inch,4GB
3,4.5299530029296875e-05,-6.75,HP,14-inch,16GB,HP,13-inch,8GB
3,3.3855438232421875e-05,-0.875,HP,14-inch,16GB,HP,13-inch,16GB
3,2.09808349609375e-05,-0.125,HP,14-inch,16GB,HP,14-inch,4GB
3,4.5299530029296875e-05,-5.375,HP,14-inch,16GB,HP,14-inch,8GB
3,-8.75,10.5,HP,14-inch,16GB,HP,16-inch,4GB
3,4.5299530029296875e-05,-6.875,HP,14-inch,16GB,HP,16-inch,8GB
3,-6.75,10.5,HP,14-inch,16GB,HP,16-inch,16GB
3,-7.5,10.5,HP,14-inch,16GB,Dell,13-inch,4GB
3,4.5299530029296875e-05,-8.875,HP,14-inch,16GB,Dell,13-inch,8GB
3,4.5299530029296875e-05,-5.25,HP,14-inch,16GB,Dell,13-inch,16GB
3,-0.00011301040649414062,1.75,HP,14-inch,16GB,Dell,14-inch,4GB
3,4.5299530029296875e-05,-9.25,HP,14-inch,16GB,Dell,14-inch,8GB
3,4.506111145019531e-05,-5.0,HP,14-inch,16GB,Dell,14-inch,16GB
3,-0.00145721435546875,4.0,HP,14-inch,16GB,Dell,16-inch,4GB
3,4.5299530029296875e-05,-8.375,HP,14-inch,16GB,Dell,16-inch,8GB
3,-0.0002155303955078125,2.25,HP,14-inch,16GB,Dell,16-inch,16GB
3,-0.006683349609375,5.5,HP,14-inch,16GB,Apple,13-inch,4GB
3,4.5299530029296875e-05,-9.25,HP,14-inch,16GB,Apple,13-inch,8GB
3,4.4345855712890625e-05,-3.5,HP,14-inch,16GB,Apple,13-inch,16GB
3,-6.198883056640625e-06,0.625,HP,14-inch,16GB,Apple,14-inch,4GB
3,4.5299530029296875e-05,-9.625,HP,14-inch,16GB,Apple,14-inch,8GB
3,4.4345855712890625e-05,-3.375,HP,14-inch,16GB,Apple,14-inch,16GB
3,-5.054473876953125e-05,1.25,HP,14-inch,16GB,Apple,16-inch,4GB
3,4.5299530029296875e-05,-8.0,HP,14-inch,16GB,Apple,16-inch,8GB
3,3.0517578125e-05,-0.625,HP,14-inch,16GB,Apple,16-inch,16GB
3,-1.2874603271484375e-05,0.75,HP,16-inch,4GB,ASUS,13-inch,4GB
3,-16.125,10.5,HP,16-inch,4GB,ASUS,13-inch,8GB
3,-0.000507354736328125,3.0,HP,16-inch,4GB,ASUS,13-inch,16GB
3,1.7762184143066406e-05,0.0,HP,16-inch,4GB,ASUS,14-inch,4GB
3,-16.125,10.5,HP,16-inch,4GB,ASUS,14-inch,8GB
3,-0.0024261474609375,4.5,HP,16-inch,4GB,ASUS,14-inch,16GB
3,-0.0791015625,7.9375,HP,16-inch,4GB,ASUS,16-inch,4GB
3,-14.75,10.5,HP,16-inch,4GB,ASUS,16-inch,8GB
3,-7.772445678710938e-05,1.5,HP,16-inch,4GB,ASUS,16-inch,16GB
3,-0.0001583099365234375,2.0,HP,16-inch,4GB,Lenovo,13-inch,4GB
3,-15.75,10.5,HP,16-inch,4GB,Lenovo,13-inch,8GB
3,-0.00145721435546875,4.0,HP,16-inch,4GB,Lenovo,13-inch,16GB
3,-7.772445678710938e-05,1.5,HP,16-inch,4GB,Lenovo,14-inch,4GB
3,-16.0,10.5,HP,16-inch,4GB,Lenovo,14-inch,8GB
3,-0.82421875,9.9375,HP,16-inch,4GB,Lenovo,14-inch,16GB
3,-6.0,10.5,HP,16-inch,4GB,Lenovo,16-inch,4GB
3,-15.125,10.5,HP,16-inch,4GB,Lenovo,16-inch,8GB
3,-0.000385284423828125,2.75,HP,16-inch,4GB,Lenovo,16-inch,16GB
3,4.458427429199219e-05,-3.625,HP,16-inch,4GB,HP,13-inch,4GB
3,-18.5,10.5,HP,16-inch,4GB,HP,13-inch,8GB
3,-9.25,10.5,HP,16-inch,4GB,HP,13-inch,16GB
3,4.3392181396484375e-05,-2.625,HP,16-inch,4GB,HP,14-inch,4GB
3,-18.75,10.5,HP,16-inch,4GB,HP,14-inch,8GB
3,-10.25,10.5,HP,16-inch,4GB,HP,14-inch,16GB
3,-9.0,10.5,HP,16-inch,4GB,HP,16-inch,8GB
3,-0.000385284423828125,2.75,HP,16-inch,4GB,HP,16-inch,16GB
3,1.4066696166992188e-05,0.125,HP,16-inch,4GB,Dell,13-inch,4GB
3,-16.625,10.5,HP,16-inch,4GB,Dell,13-inch,8GB
3,-0.00112152099609375,3.75,HP,16-inch,4GB,Dell,13-inch,16GB
3,1.0013580322265625e-05,0.25,HP,16-inch,4GB,Dell,14-inch,4GB
3,-17.25,10.5,HP,16-inch,4GB,Dell,14-inch,8GB
3,-1.703125,10.3125,HP,16-inch,4GB,Dell,14-inch,16GB
3,-0.01409912109375,6.25,HP,16-inch,4GB,Dell,16-inch,4GB
3,-16.375,10.5,HP,16-inch,4GB,Dell,16-inch,8GB
3,-0.000385284423828125,2.75,HP,16-inch,4GB,Dell,16-inch,16GB
3,-5.054473876953125e-05,1.25,HP,16-inch,4GB,Apple,13-inch,4GB
3,-15.875,10.5,HP,16-inch,4GB,Apple,13-inch,8GB
3,-0.3125,9.1875,HP,16-inch,4GB,Apple,13-inch,16GB
3,1.4066696166992188e-05,0.125,HP,16-inch,4GB,Apple,14-inch,4GB
3,-15.0,10.5,HP,16-inch,4GB,Apple,14-inch,8GB
3,-0.251953125,9.0,HP,16-inch,4GB,Apple,14-inch,16GB
3,-0.0001850128173828125,2.125,HP,16-inch,4GB,Apple,16-inch,4GB
3,-13.125,10.5,HP,16-inch,4GB,Apple,16-inch,8GB
3,-2.956390380859375e-05,1.0,HP,16-inch,4GB,Apple,16-inch,16GB
3,-0.006683349609375,5.5,HP,16-inch,8GB,ASUS,13-inch,4GB
3,4.482269287109375e-05,-4.125,HP,16-inch,8GB,ASUS,13-inch,8GB
3,-0.000507354736328125,3.0,HP,16-inch,8GB,ASUS,13-inch,16GB
3,-6.0,10.5,HP,16-inch,8GB,ASUS,14-inch,4GB
3,4.4345855712890625e-05,-3.5,HP,16-inch,8GB,ASUS,14-inch,8GB
3,-0.006683349609375,5.5,HP,16-inch,8GB,ASUS,14-inch,16GB
3,1.7762184143066406e-05,0.0,HP,16-inch,8GB,ASUS,16-inch,4GB
3,4.506111145019531e-05,-4.75,HP,16-inch,8GB,ASUS,16-inch,8GB
3,-1.2874603271484375e-05,0.75,HP,16-inch,8GB,ASUS,16-inch,16GB
3,-0.000865936279296875,3.5,HP,16-inch,8GB,Lenovo,13-inch,4GB
3,4.458427429199219e-05,-3.625,HP,16-inch,8GB,Lenovo,13-inch,8GB
3,-0.00066375732421875,3.25,HP,16-inch,8GB,Lenovo,13-inch,16GB
3,-7.0,10.5,HP,16-inch,8GB,Lenovo,14-inch,4GB
3,4.4345855712890625e-05,-3.375,HP,16-inch,8GB,Lenovo,14-inch,8GB
3,-0.010986328125,6.0,HP,16-inch,8GB,Lenovo,14-inch,16GB
3,-2.0503997802734375e-05,0.875,HP,16-inch,8GB,Lenovo,16-inch,4GB
3,4.4345855712890625e-05,-3.375,HP,16-inch,8GB,Lenovo,16-inch,8GB
3,-2.956390380859375e-05,1.0,HP,16-inch,8GB,Lenovo,16-inch,16GB
3,-9.25,10.5,HP,16-inch,8GB,HP,13-inch,4GB
3,3.838539123535156e-05,-1.375,HP,16-inch,8GB,HP,13-inch,8GB
3,-0.01409912109375,6.25,HP,16-inch,8GB,HP,13-inch,16GB
3,-11.25,10.5,HP,16-inch,8GB,HP,14-inch,4GB
3,1.7762184143066406e-05,0.0,HP,16-inch,8GB,HP,14-inch,8GB
3,-3.53125,10.5,HP,16-inch,8GB,HP,14-inch,16GB
3,4.3392181396484375e-05,-2.75,HP,16-inch,8GB,HP,16-inch,4GB
3,-5.054473876953125e-05,1.25,HP,16-inch,8GB,HP,16-inch,16GB
3,-7.772445678710938e-05,1.5,HP,16-inch,8GB,Dell,13-inch,4GB
3,4.482269287109375e-05,-3.875,HP,16-inch,8GB,Dell,13-inch,8GB
3,-0.000865936279296875,3.5,HP,16-inch,8GB,Dell,13-inch,16GB
3,-0.00066375732421875,3.25,HP,16-inch,8GB,Dell,14-inch,4GB
3,4.4345855712890625e-05,-3.375,HP,16-inch,8GB,Dell,14-inch,8GB
3,-1.140625,10.125,HP,16-inch,8GB,Dell,14-inch,16GB
3,3.743171691894531e-05,-1.25,HP,16-inch,8GB,Dell,16-inch,4GB
3,4.482269287109375e-05,-3.75,HP,16-inch,8GB,Dell,16-inch,8GB
3,-0.00011301040649414062,1.75,HP,16-inch,8GB,Dell,16-inch,16GB
3,-2.956390380859375e-05,1.0,HP,16-inch,8GB,Apple,13-inch,4GB
3,4.100799560546875e-05,-1.875,HP,16-inch,8GB,Apple,13-inch,8GB
3,-0.0001583099365234375,2.0,HP,16-inch,8GB,Apple,13-inch,16GB
3,-0.00145721435546875,4.0,HP,16-inch,8GB,Apple,14-inch,4GB
3,4.00543212890625e-05,-1.625,HP,16-inch,8GB,Apple,14-inch,8GB
3,-0.0002899169921875,2.5,HP,16-inch,8GB,Apple,14-inch,16GB
3,4.291534423828125e-05,-2.375,HP,16-inch,8GB,Apple,16-inch,4GB
3,4.291534423828125e-05,-2.375,HP,16-inch,8GB,Apple,16-inch,8GB
3,2.09808349609375e-05,-0.125,HP,16-inch,8GB,Apple,16-inch,16GB
3,-10.75,10.5,HP,16-inch,16GB,ASUS,13-inch,4GB
3,-2.0503997802734375e-05,0.875,HP,16-inch,16GB,ASUS,13-inch,8GB
3,-2.125,10.375,HP,16-inch,16GB,ASUS,13-inch,16GB
3,-11.0,10.5,HP,16-inch,16GB,ASUS,14-inch,4GB
3,-0.0001583099365234375,2.0,HP,16-inch,16GB,ASUS,14-inch,8GB
3,-1.703125,10.3125,HP,16-inch,16GB,ASUS,14-inch,16GB
3,-0.00188446044921875,4.25,HP,16-inch,16GB,ASUS,16-inch,4GB
3,4.0531158447265625e-05,-1.75,HP,16-inch,16GB,ASUS,16-inch,8GB
3,2.384185791015625e-05,-0.25,HP,16-inch,16GB,ASUS,16-inch,16GB
3,-11.0,10.5,HP,16-inch,16GB,Lenovo,13-inch,4GB
3,-6.198883056640625e-06,0.625,HP,16-inch,16GB,Lenovo,13-inch,8GB
3,-0.10009765625,8.125,HP,16-inch,16GB,Lenovo,13-inch,16GB
3,-12.25,10.5,HP,16-inch,16GB,Lenovo,14-inch,4GB
3,-6.341934204101562e-05,1.375,HP,16-inch,16GB,Lenovo,14-inch,8GB
3,-0.3125,9.1875,HP,16-inch,16GB,Lenovo,14-inch,16GB
3,-0.010986328125,6.0,HP,16-inch,16GB,Lenovo,16-inch,4GB
3,3.0517578125e-05,-0.625,HP,16-inch,16GB,Lenovo,16-inch,8GB
3,2.384185791015625e-05,-0.25,HP,16-inch,16GB,Lenovo,16-inch,16GB
3,-15.375,10.5,HP,16-inch,16GB,HP,13-inch,4GB
3,-0.0002155303955078125,2.25,HP,16-inch,16GB,HP,13-inch,8GB
3,-0.82421875,9.9375,HP,16-inch,16GB,HP,13-inch,16GB
3,-16.25,10.5,HP,16-inch,16GB,HP,14-inch,4GB
3,-0.000865936279296875,3.5,HP,16-inch,16GB,HP,14-inch,8GB
3,-5.25,10.5,HP,16-inch,16GB,HP,14-inch,16GB
3,-0.00518798828125,5.25,HP,16-inch,16GB,HP,16-inch,4GB
3,-3.9577484130859375e-05,1.125,HP,16-inch,16GB,HP,16-inch,8GB
3,-9.75,10.5,HP,16-inch,16GB,Dell,13-inch,4GB
3,2.86102294921875e-05,-0.5,HP,16-inch,16GB,Dell,13-inch,8GB
3,-0.008544921875,5.75,HP,16-inch,16GB,Dell,13-inch,16GB
3,-11.0,10.5,HP,16-inch,16GB,Dell,14-inch,4GB
3,-6.198883056640625e-06,0.625,HP,16-inch,16GB,Dell,14-inch,8GB
3,-0.06201171875,7.6875,HP,16-inch,16GB,Dell,14-inch,16GB
3,-0.000385284423828125,2.75,HP,16-inch,16GB,Dell,16-inch,4GB
3,3.910064697265625e-05,-1.5,HP,16-inch,16GB,Dell,16-inch,8GB
3,2.6345252990722656e-05,-0.375,HP,16-inch,16GB,Dell,16-inch,16GB
3,-6.0,10.5,HP,16-inch,16GB,Apple,13-inch,4GB
3,4.291534423828125e-05,-2.375,HP,16-inch,16GB,Apple,13-inch,8GB
3,-0.0002155303955078125,2.25,HP,16-inch,16GB,Apple,13-inch,16GB
3,-7.75,10.5,HP,16-inch,16GB,Apple,14-inch,4GB
3,3.910064697265625e-05,-1.5,HP,16-inch,16GB,Apple,14-inch,8GB
3,-0.0002155303955078125,2.25,HP,16-inch,16GB,Apple,14-inch,16GB
3,-2.0503997802734375e-05,0.875,HP,16-inch,16GB,Apple,16-inch,4GB
3,4.482269287109375e-05,-4.125,HP,16-inch,16GB,Apple,16-inch,8GB
3,2.86102294921875e-05,-0.5,HP,16-inch,16GB,Apple,16-inch,16GB
3,1.7762184143066406e-05,0.0,Dell,13-inch,4GB,ASUS,13-inch,4GB
3,-16.875,10.5,Dell,13-inch,4GB,ASUS,13-inch,8GB
3,-12.875,10.5,Dell,13-inch,4GB,ASUS,13-inch,16GB
3,-2.0503997802734375e-05,0.875,Dell,13-inch,4GB,ASUS,14-inch,4GB
3,-17.75,10.5,Dell,13-inch,4GB,ASUS,14-inch,8GB
3,-14.0,10.5,Dell,13-inch,4GB,ASUS,14-inch,16GB
3,-9.5,10.5,Dell,13-inch,4GB,ASUS,16-inch,4GB
3,-15.25,10.5,Dell,13-inch,4GB,ASUS,16-inch,8GB
3,-10.25,10.5,Dell,13-inch,4GB,ASUS,16-inch,16GB
3,-9.489059448242188e-05,1.625,Dell,13-inch,4GB,Lenovo,13-inch,4GB
3,-17.0,10.5,Dell,13-inch,4GB,Lenovo,13-inch,8GB
3,-13.25,10.5,Dell,13-inch,4GB,Lenovo,13-inch,16GB
3,-0.0002899169921875,2.5,Dell,13-inch,4GB,Lenovo,14-inch,4GB
3,-18.0,10.5,Dell,13-inch,4GB,Lenovo,14-inch,8GB
3,-14.0,10.5,Dell,13-inch,4GB,Lenovo,14-inch,16GB
3,-9.25,10.5,Dell,13-inch,4GB,Lenovo,16-inch,4GB
3,-15.25,10.5,Dell,13-inch,4GB,Lenovo,16-inch,8GB
3,-11.125,10.5,Dell,13-inch,4GB,Lenovo,16-inch,16GB
3,3.62396240234375e-05,-1.125,Dell,13-inch,4GB,HP,13-inch,4GB
3,-17.125,10.5,Dell,13-inch,4GB,HP,13-inch,8GB
3,-13.375,10.5,Dell,13-inch,4GB,HP,13-inch,16GB
3,3.24249267578125e-05,-0.75,Dell,13-inch,4GB,HP,14-inch,4GB
3,-18.625,10.5,Dell,13-inch,4GB,HP,14-inch,8GB
3,-14.25,10.5,Dell,13-inch,4GB,HP,14-inch,16GB
3,-8.25,10.5,Dell,13-inch,4GB,HP,16-inch,4GB
3,-17.125,10.5,Dell,13-inch,4GB,HP,16-inch,8GB
3,-11.875,10.5,Dell,13-inch,4GB,HP,16-inch,16GB
3,-10.0,10.5,Dell,13-inch,4GB,Dell,13-inch,8GB
3,-0.000507354736328125,3.0,Dell,13-inch,4GB,Dell,13-inch,16GB
3,-2.956390380859375e-05,1.0,Dell,13-inch,4GB,Dell,14-inch,4GB
3,-19.375,10.5,Dell,13-inch,4GB,Dell,14-inch,8GB
3,-15.0,10.5,Dell,13-inch,4GB,Dell,14-inch,16GB
3,-8.5,10.5,Dell,13-inch,4GB,Dell,16-inch,4GB
3,-16.625,10.5,Dell,13-inch,4GB,Dell,16-inch,8GB
3,-13.375,10.5,Dell,13-inch,4GB,Dell,16-inch,16GB
3,-0.0001583099365234375,2.0,Dell,13-inch,4GB,Apple,13-inch,4GB
3,-16.5,10.5,Dell,13-inch,4GB,Apple,13-inch,8GB
3,-11.875,10.5,Dell,13-inch,4GB,Apple,13-inch,16GB
3,2.384185791015625e-05,-0.25,Dell,13-inch,4GB,Apple,14-inch,4GB
3,-17.25,10.5,Dell,13-inch,4GB,Apple,14-inch,8GB
3,-12.875,10.5,Dell,13-inch,4GB,Apple,14-inch,16GB
3,-0.048583984375,7.4375,Dell,13-inch,4GB,Apple,16-inch,4GB
3,-11.75,10.5,Dell,13-inch,4GB,Apple,16-inch,8GB
3,-9.5,10.5,Dell,13-inch,4GB,Apple,16-inch,16GB
3,4.5299530029296875e-05,-9.0,Dell,13-inch,8GB,ASUS,13-inch,4GB
3,4.5299530029296875e-05,-5.375,Dell,13-inch,8GB,ASUS,13-inch,8GB
3,4.5299530029296875e-05,-5.25,Dell,13-inch,8GB,ASUS,13-inch,16GB
3,4.5299530029296875e-05,-6.125,Dell,13-inch,8GB,ASUS,14-inch,4GB
3,4.5299530029296875e-05,-5.375,Dell,13-inch,8GB,ASUS,14-inch,8GB
3,4.291534423828125e-05,-2.5,Dell,13-inch,8GB,ASUS,14-inch,16GB
3,4.482269287109375e-05,-4.125,Dell,13-inch,8GB,ASUS,16-inch,4GB
3,4.506111145019531e-05,-5.0,Dell,13-inch,8GB,ASUS,16-inch,8GB
3,4.4345855712890625e-05,-3.5,Dell,13-inch,8GB,ASUS,16-inch,16GB
3,4.5299530029296875e-05,-7.75,Dell,13-inch,8GB,Lenovo,13-inch,4GB
3,4.5299530029296875e-05,-5.125,Dell,13-inch,8GB,Lenovo,13-inch,8GB
3,4.482269287109375e-05,-4.5,Dell,13-inch,8GB,Lenovo,13-inch,16GB
3,4.482269287109375e-05,-4.125,Dell,13-inch,8GB,Lenovo,14-inch,4GB
3,4.506111145019531e-05,-5.0,Dell,13-inch,8GB,Lenovo,14-inch,8GB
3,4.291534423828125e-05,-2.5,Dell,13-inch,8GB,Lenovo,14-inch,16GB
3,4.0531158447265625e-05,-1.75,Dell,13-inch,8GB,Lenovo,16-inch,4GB
3,4.4345855712890625e-05,-3.5,Dell,13-inch,8GB,Lenovo,16-inch,8GB
3,4.38690185546875e-05,-2.875,Dell,13-inch,8GB,Lenovo,16-inch,16GB
3,4.5299530029296875e-05,-9.625,Dell,13-inch,8GB,HP,13-inch,4GB
3,4.5299530029296875e-05,-5.125,Dell,13-inch,8GB,HP,13-inch,8GB
3,4.482269287109375e-05,-4.5,Dell,13-inch,8GB,HP,13-inch,16GB
3,4.5299530029296875e-05,-5.875,Dell,13-inch,8GB,HP,14-inch,4GB
3,4.506111145019531e-05,-5.0,Dell,13-inch,8GB,HP,14-inch,8GB
3,4.3392181396484375e-05,-2.75,Dell,13-inch,8GB,HP,14-inch,16GB
3,4.410743713378906e-05,-3.125,Dell,13-inch,8GB,HP,16-inch,4GB
3,4.482269287109375e-05,-4.375,Dell,13-inch,8GB,HP,16-inch,8GB
3,4.410743713378906e-05,-3.125,Dell,13-inch,8GB,HP,16-inch,16GB
3,4.5299530029296875e-05,-7.5,Dell,13-inch,8GB,Dell,13-inch,4GB
3,4.5299530029296875e-05,-5.375,Dell,13-inch,8GB,Dell,13-inch,16GB
3,-8.0,10.5,Dell,13-inch,8GB,Dell,14-inch,4GB
3,2.86102294921875e-05,-0.5,Dell,13-inch,8GB,Dell,14-inch,8GB
3,4.458427429199219e-05,-3.625,Dell,13-inch,8GB,Dell,14-inch,16GB
3,-0.00066375732421875,3.25,Dell,13-inch,8GB,Dell,16-inch,4GB
3,4.2438507080078125e-05,-2.25,Dell,13-inch,8GB,Dell,16-inch,8GB
3,4.482269287109375e-05,-4.25,Dell,13-inch,8GB,Dell,16-inch,16GB
3,4.5299530029296875e-05,-8.0,Dell,13-inch,8GB,Apple,13-inch,4GB
3,4.4345855712890625e-05,-3.5,Dell,13-inch,8GB,Apple,13-inch,8GB
3,4.506111145019531e-05,-5.0,Dell,13-inch,8GB,Apple,13-inch,16GB
3,4.5299530029296875e-05,-5.75,Dell,13-inch,8GB,Apple,14-inch,4GB
3,4.4345855712890625e-05,-3.5,Dell,13-inch,8GB,Apple,14-inch,8GB
3,4.38690185546875e-05,-2.875,Dell,13-inch,8GB,Apple,14-inch,16GB
3,4.482269287109375e-05,-4.5,Dell,13-inch,8GB,Apple,16-inch,4GB
3,4.410743713378906e-05,-3.125,Dell,13-inch,8GB,Apple,16-inch,8GB
3,4.482269287109375e-05,-4.0,Dell,13-inch,8GB,Apple,16-inch,16GB
3,2.384185791015625e-05,-0.25,Dell,13-inch,16GB,ASUS,13-inch,4GB
3,4.5299530029296875e-05,-8.75,Dell,13-inch,16GB,ASUS,13-inch,8GB
3,4.482269287109375e-05,-3.875,Dell,13-inch,16GB,ASUS,13-inch,16GB
3,-0.0380859375,7.21875,Dell,13-inch,16GB,ASUS,14-inch,4GB
3,4.5299530029296875e-05,-8.75,Dell,13-inch,16GB,ASUS,14-inch,8GB
3,4.506111145019531e-05,-4.625,Dell,13-inch,16GB,ASUS,14-inch,16GB
3,-0.0003337860107421875,2.625,Dell,13-inch,16GB,ASUS,16-inch,4GB
3,4.5299530029296875e-05,-8.25,Dell,13-inch,16GB,ASUS,16-inch,8GB
3,-0.0001583099365234375,2.0,Dell,13-inch,16GB,ASUS,16-inch,16GB
3,-0.000133514404296875,1.875,Dell,13-inch,16GB,Lenovo,13-inch,4GB
3,4.5299530029296875e-05,-8.125,Dell,13-inch,16GB,Lenovo,13-inch,8GB
3,4.482269287109375e-05,-4.5,Dell,13-inch,16GB,Lenovo,13-inch,16GB
3,-6.0,10.5,Dell,13-inch,16GB,Lenovo,14-inch,4GB
3,4.5299530029296875e-05,-7.875,Dell,13-inch,16GB,Lenovo,14-inch,8GB
3,4.506111145019531e-05,-4.75,Dell,13-inch,16GB,Lenovo,14-inch,16GB
3,-0.02978515625,6.96875,Dell,13-inch,16GB,Lenovo,16-inch,4GB
3,4.5299530029296875e-05,-7.5,Dell,13-inch,16GB,Lenovo,16-inch,8GB
3,-0.00066375732421875,3.25,Dell,13-inch,16GB,Lenovo,16-inch,16GB
3,4.00543212890625e-05,-1.625,Dell,13-inch,16GB,HP,13-inch,4GB
3,4.5299530029296875e-05,-8.625,Dell,13-inch,16GB,HP,13-inch,8GB
3,4.482269287109375e-05,-4.5,Dell,13-inch,16GB,HP,13-inch,16GB
3,-0.201171875,8.8125,Dell,13-inch,16GB,HP,14-inch,4GB
3,4.5299530029296875e-05,-8.75,Dell,13-inch,16GB,HP,14-inch,8GB
3,4.506111145019531e-05,-4.625,Dell,13-inch,16GB,HP,14-inch,16GB
3,-0.00188446044921875,4.25,Dell,13-inch,16GB,HP,16-inch,4GB
3,4.5299530029296875e-05,-7.75,Dell,13-inch,16GB,HP,16-inch,8GB
3,-0.0001583099365234375,2.0,Dell,13-inch,16GB,HP,16-inch,16GB
3,4.5299530029296875e-05,-5.125,Dell,13-inch,16GB,Dell,13-inch,4GB
3,4.5299530029296875e-05,-5.25,Dell,13-inch,16GB,Dell,13-inch,8GB
3,-10.0,10.5,Dell,13-inch,16GB,Dell,14-inch,4GB
3,4.5299530029296875e-05,-7.5,Dell,13-inch,16GB,Dell,14-inch,8GB
3,3.910064697265625e-05,-1.5,Dell,13-inch,16GB,Dell,14-inch,16GB
3,-7.5,10.5,Dell,13-inch,16GB,Dell,16-inch,4GB
3,4.5299530029296875e-05,-6.25,Dell,13-inch,16GB,Dell,16-inch,8GB
3,-0.0791015625,7.9375,Dell,13-inch,16GB,Dell,16-inch,16GB
3,3.3855438232421875e-05,-0.875,Dell,13-inch,16GB,Apple,13-inch,4GB
3,4.5299530029296875e-05,-8.875,Dell,13-inch,16GB,Apple,13-inch,8GB
3,4.2438507080078125e-05,-2.25,Dell,13-inch,16GB,Apple,13-inch,16GB
3,-7.772445678710938e-05,1.5,Dell,13-inch,16GB,Apple,14-inch,4GB
3,4.5299530029296875e-05,-8.625,Dell,13-inch,16GB,Apple,14-inch,8GB
3,4.38690185546875e-05,-2.875,Dell,13-inch,16GB,Apple,14-inch,16GB
3,1.0013580322265625e-05,0.25,Dell,13-inch,16GB,Apple,16-inch,4GB
3,4.5299530029296875e-05,-7.875,Dell,13-inch,16GB,Apple,16-inch,8GB
3,5.245208740234375e-06,0.375,Dell,13-inch,16GB,Apple,16-inch,16GB
3,4.0531158447265625e-05,-1.75,Dell,14-inch,4GB,ASUS,13-inch,4GB
3,-18.75,10.5,Dell,14-inch,4GB,ASUS,13-inch,8GB
3,-14.625,10.5,Dell,14-inch,4GB,ASUS,13-inch,16GB
3,2.6345252990722656e-05,-0.375,Dell,14-inch,4GB,ASUS,14-inch,4GB
3,-16.625,10.5,Dell,14-inch,4GB,ASUS,14-inch,8GB
3,-14.0,10.5,Dell,14-inch,4GB,ASUS,14-inch,16GB
3,-8.75,10.5,Dell,14-inch,4GB,ASUS,16-inch,4GB
3,-16.25,10.5,Dell,14-inch,4GB,ASUS,16-inch,8GB
3,-10.25,10.5,Dell,14-inch,4GB,ASUS,16-inch,16GB
3,-3.9577484130859375e-05,1.125,Dell,14-inch,4GB,Lenovo,13-inch,4GB
3,-18.75,10.5,Dell,14-inch,4GB,Lenovo,13-inch,8GB
3,-14.625,10.5,Dell,14-inch,4GB,Lenovo,13-inch,16GB
3,-5.054473876953125e-05,1.25,Dell,14-inch,4GB,Lenovo,14-inch,4GB
3,-16.75,10.5,Dell,14-inch,4GB,Lenovo,14-inch,8GB
3,-13.75,10.5,Dell,14-inch,4GB,Lenovo,14-inch,16GB
3,-8.75,10.5,Dell,14-inch,4GB,Lenovo,16-inch,4GB
3,-15.75,10.5,Dell,14-inch,4GB,Lenovo,16-inch,8GB
3,-11.0,10.5,Dell,14-inch,4GB,Lenovo,16-inch,16GB
3,4.4345855712890625e-05,-3.375,Dell,14-inch,4GB,HP,13-inch,4GB
3,-19.125,10.5,Dell,14-inch,4GB,HP,13-inch,8GB
3,-14.625,10.5,Dell,14-inch,4GB,HP,13-inch,16GB
3,4.0531158447265625e-05,-1.75,Dell,14-inch,4GB,HP,14-inch,4GB
3,-17.375,10.5,Dell,14-inch,4GB,HP,14-inch,8GB
3,-14.375,10.5,Dell,14-inch,4GB,HP,14-inch,16GB
3,-5.5,10.5,Dell,14-inch,4GB,HP,16-inch,4GB
3,-17.375,10.5,Dell,14-inch,4GB,HP,16-inch,8GB
3,-11.25,10.5,Dell,14-inch,4GB,HP,16-inch,16GB
3,2.384185791015625e-05,-0.25,Dell,14-inch,4GB,Dell,13-inch,4GB
3,-19.125,10.5,Dell,14-inch,4GB,Dell,13-inch,8GB
3,-15.0,10.5,Dell,14-inch,4GB,Dell,13-inch,16GB
3,-11.875,10.5,Dell,14-inch,4GB,Dell,14-inch,8GB
3,-5.0,10.5,Dell,14-inch,4GB,Dell,14-inch,16GB
3,-8.0,10.5,Dell,14-inch,4GB,Dell,16-inch,4GB
3,-17.0,10.5,Dell,14-inch,4GB,Dell,16-inch,8GB
3,-13.875,10.5,Dell,14-inch,4GB,Dell,16-inch,16GB
3,3.3855438232421875e-05,-0.875,Dell,14-inch,4GB,Apple,13-inch,4GB
3,-17.625,10.5,Dell,14-inch,4GB,Apple,13-inch,8GB
3,-12.25,10.5,Dell,14-inch,4GB,Apple,13-inch,16GB
3,-2.0503997802734375e-05,0.875,Dell,14-inch,4GB,Apple,14-inch,4GB
3,-15.75,10.5,Dell,14-inch,4GB,Apple,14-inch,8GB
3,-11.5,10.5,Dell,14-inch,4GB,Apple,14-inch,16GB
3,-0.00066375732421875,3.25,Dell,14-inch,4GB,Apple,16-inch,4GB
3,-13.125,10.5,Dell,14-inch,4GB,Apple,16-inch,8GB
3,-9.25,10.5,Dell,14-inch,4GB,Apple,16-inch,16GB
3,4.4345855712890625e-05,-3.5,Dell,14-inch,8GB,ASUS,13-inch,4GB
3,4.5299530029296875e-05,-6.0,Dell,14-inch,8GB,ASUS,13-inch,8GB
3,4.38690185546875e-05,-2.875,Dell,14-inch,8GB,ASUS,13-inch,16GB
3,4.5299530029296875e-05,-7.125,Dell,14-inch,8GB,ASUS,14-inch,4GB
3,4.5299530029296875e-05,-5.25,Dell,14-inch,8GB,ASUS,14-inch,8GB
3,4.5299530029296875e-05,-5.125,Dell,14-inch,8GB,ASUS,14-inch,16GB
3,2.86102294921875e-05,-0.5,Dell,14-inch,8GB,ASUS,16-inch,4GB
3,4.506111145019531e-05,-4.75,Dell,14-inch,8GB,ASUS,16-inch,8GB
3,4.4345855712890625e-05,-3.375,Dell,14-inch,8GB,ASUS,16-inch,16GB
3,3.62396240234375e-05,-1.125,Dell,14-inch,8GB,Lenovo,13-inch,4GB
3,4.5299530029296875e-05,-5.375,Dell,14-inch,8GB,Lenovo,13-inch,8GB
3,4.291534423828125e-05,-2.375,Dell,14-inch,8GB,Lenovo,13-inch,16GB
3,4.5299530029296875e-05,-5.625,Dell,14-inch,8GB,Lenovo,14-inch,4GB
3,4.5299530029296875e-05,-5.125,Dell,14-inch,8GB,Lenovo,14-inch,8GB
3,4.482269287109375e-05,-4.5,Dell,14-inch,8GB,Lenovo,14-inch,16GB
3,-0.0001583099365234375,2.0,Dell,14-inch,8GB,Lenovo,16-inch,4GB
3,4.4345855712890625e-05,-3.5,Dell,14-inch,8GB,Lenovo,16-inch,8GB
3,4.38690185546875e-05,-2.875,Dell,14-inch,8GB,Lenovo,16-inch,16GB
3,4.506111145019531e-05,-5.0,Dell,14-inch,8GB,HP,13-inch,4GB
3,4.5299530029296875e-05,-5.375,Dell,14-inch,8GB,HP,13-inch,8GB
3,4.38690185546875e-05,-3.0,Dell,14-inch,8GB,HP,13-inch,16GB
3,4.5299530029296875e-05,-7.25,Dell,14-inch,8GB,HP,14-inch,4GB
3,4.5299530029296875e-05,-5.25,Dell,14-inch,8GB,HP,14-inch,8GB
3,4.482269287109375e-05,-4.25,Dell,14-inch,8GB,HP,14-inch,16GB
3,-6.341934204101562e-05,1.375,Dell,14-inch,8GB,HP,16-inch,4GB
3,4.458427429199219e-05,-3.625,Dell,14-inch,8GB,HP,16-inch,8GB
3,4.38690185546875e-05,-2.875,Dell,14-inch,8GB,HP,16-inch,16GB
3,-10.0,10.5,Dell,14-inch,8GB,Dell,13-inch,4GB
3,3.62396240234375e-05,-1.125,Dell,14-inch,8GB,Dell,13-inch,8GB
3,4.458427429199219e-05,-3.625,Dell,14-inch,8GB,Dell,13-inch,16GB
3,4.506111145019531e-05,-4.875,Dell,14-inch,8GB,Dell,14-inch,4GB
3,4.5299530029296875e-05,-5.25,Dell,14-inch,8GB,Dell,14-inch,16GB
3,-6.5,10.5,Dell,14-inch,8GB,Dell,16-inch,4GB
3,4.3392181396484375e-05,-2.625,Dell,14-inch,8GB,Dell,16-inch,8GB
3,4.458427429199219e-05,-3.625,Dell,14-inch,8GB,Dell,16-inch,16GB
3,4.482269287109375e-05,-4.5,Dell,14-inch,8GB,Apple,13-inch,4GB
3,4.4345855712890625e-05,-3.5,Dell,14-inch,8GB,Apple,13-inch,8GB
3,4.3392181396484375e-05,-2.75,Dell,14-inch,8GB,Apple,13-inch,16GB
3,4.5299530029296875e-05,-6.5,Dell,14-inch,8GB,Apple,14-inch,4GB
3,4.458427429199219e-05,-3.625,Dell,14-inch,8GB,Apple,14-inch,8GB
3,4.506111145019531e-05,-4.75,Dell,14-inch,8GB,Apple,14-inch,16GB
3,4.1484832763671875e-05,-2.0,Dell,14-inch,8GB,Apple,16-inch,4GB
3,4.4345855712890625e-05,-3.5,Dell,14-inch,8GB,Apple,16-inch,8GB
3,4.482269287109375e-05,-3.875,Dell,14-inch,8GB,Apple,16-inch,16GB
3,-9.0,10.5,Dell,14-inch,16GB,ASUS,13-inch,4GB
3,4.5299530029296875e-05,-7.875,Dell,14-inch,16GB,ASUS,13-inch,8GB
3,4.482269287109375e-05,-4.375,Dell,14-inch,16GB,ASUS,13-inch,16GB
3,-0.000385284423828125,2.75,Dell,14-inch,16GB,ASUS,14-inch,4GB
3,4.5299530029296875e-05,-8.5,Dell,14-inch,16GB,ASUS,14-inch,8GB
3,4.482269287109375e-05,-4.5,Dell,14-inch,16GB,ASUS,14-inch,16GB
3,-4.03125,10.5,Dell,14-inch,16GB,ASUS,16-inch,4GB
3,4.5299530029296875e-05,-7.75,Dell,14-inch,16GB,ASUS,16-inch,8GB
3,-0.0002899169921875,2.5,Dell,14-inch,16GB,ASUS,16-inch,16GB
3,-9.75,10.5,Dell,14-inch,16GB,Lenovo,13-inch,4GB
3,4.5299530029296875e-05,-7.5,Dell,14-inch,16GB,Lenovo,13-inch,8GB
3,4.482269287109375e-05,-4.5,Dell,14-inch,16GB,Lenovo,13-inch,16GB
3,-1.3125,10.1875,Dell,14-inch,16GB,Lenovo,14-inch,4GB
3,4.5299530029296875e-05,-7.75,Dell,14-inch,16GB,Lenovo,14-inch,8GB
3,4.506111145019531e-05,-4.625,Dell,14-inch,16GB,Lenovo,14-inch,16GB
3,-6.25,10.5,Dell,14-inch,16GB,Lenovo,16-inch,4GB
3,4.5299530029296875e-05,-7.25,Dell,14-inch,16GB,Lenovo,16-inch,8GB
3,-0.000507354736328125,3.0,Dell,14-inch,16GB,Lenovo,16-inch,16GB
3,-9.25,10.5,Dell,14-inch,16GB,HP,13-inch,4GB
3,4.5299530029296875e-05,-8.125,Dell,14-inch,16GB,HP,13-inch,8GB
3,4.482269287109375e-05,-4.25,Dell,14-inch,16GB,HP,13-inch,16GB
3,-0.0002899169921875,2.5,Dell,14-inch,16GB,HP,14-inch,4GB
3,4.5299530029296875e-05,-8.375,Dell,14-inch,16GB,HP,14-inch,8GB
3,4.506111145019531e-05,-4.625,Dell,14-inch,16GB,HP,14-inch,16GB
3,-7.0,10.5,Dell,14-inch,16GB,HP,16-inch,4GB
3,4.5299530029296875e-05,-7.625,Dell,14-inch,16GB,HP,16-inch,8GB
3,-0.0001583099365234375,2.0,Dell,14-inch,16GB,HP,16-inch,16GB
3,-13.25,10.5,Dell,14-inch,16GB,Dell,13-inch,4GB
3,4.5299530029296875e-05,-5.5,Dell,14-inch,16GB,Dell,13-inch,8GB
3,-1.2874603271484375e-05,0.75,Dell,14-inch,16GB,Dell,13-inch,16GB
3,3.62396240234375e-05,-1.125,Dell,14-inch,16GB,Dell,14-inch,4GB
3,4.5299530029296875e-05,-5.375,Dell,14-inch,16GB,Dell,14-inch,8GB
3,-8.75,10.5,Dell,14-inch,16GB,Dell,16-inch,4GB
3,4.5299530029296875e-05,-6.0,Dell,14-inch,16GB,Dell,16-inch,8GB
3,-5.5,10.5,Dell,14-inch,16GB,Dell,16-inch,16GB
3,-2.8125,10.4375,Dell,14-inch,16GB,Apple,13-inch,4GB
3,4.5299530029296875e-05,-8.75,Dell,14-inch,16GB,Apple,13-inch,8GB
3,4.4345855712890625e-05,-3.25,Dell,14-inch,16GB,Apple,13-inch,16GB
3,-9.489059448242188e-05,1.625,Dell,14-inch,16GB,Apple,14-inch,4GB
3,4.5299530029296875e-05,-9.125,Dell,14-inch,16GB,Apple,14-inch,8GB
3,4.38690185546875e-05,-2.875,Dell,14-inch,16GB,Apple,14-inch,16GB
3,-0.0002899169921875,2.5,Dell,14-inch,16GB,Apple,16-inch,4GB
3,4.5299530029296875e-05,-7.5,Dell,14-inch,16GB,Apple,16-inch,8GB
3,1.4066696166992188e-05,0.125,Dell,14-inch,16GB,Apple,16-inch,16GB
3,4.2438507080078125e-05,-2.25,Dell,16-inch,4GB,ASUS,13-inch,4GB
3,-15.875,10.5,Dell,16-inch,4GB,ASUS,13-inch,8GB
3,-0.0001583099365234375,2.0,Dell,16-inch,4GB,ASUS,13-inch,16GB
3,4.2438507080078125e-05,-2.25,Dell,16-inch,4GB,ASUS,14-inch,4GB
3,-15.625,10.5,Dell,16-inch,4GB,ASUS,14-inch,8GB
3,-0.0002899169921875,2.5,Dell,16-inch,4GB,ASUS,14-inch,16GB
3,2.384185791015625e-05,-0.25,Dell,16-inch,4GB,ASUS,16-inch,4GB
3,-14.75,10.5,Dell,16-inch,4GB,ASUS,16-inch,8GB
3,-1.2874603271484375e-05,0.75,Dell,16-inch,4GB,ASUS,16-inch,16GB
3,3.838539123535156e-05,-1.375,Dell,16-inch,4GB,Lenovo,13-inch,4GB
3,-16.0,10.5,Dell,16-inch,4GB,Lenovo,13-inch,8GB
3,-0.000507354736328125,3.0,Dell,16-inch,4GB,Lenovo,13-inch,16GB
3,3.910064697265625e-05,-1.5,Dell,16-inch,4GB,Lenovo,14-inch,4GB
3,-15.5,10.5,Dell,16-inch,4GB,Lenovo,14-inch,8GB
3,-0.00145721435546875,4.0,Dell,16-inch,4GB,Lenovo,14-inch,16GB
3,-3.9577484130859375e-05,1.125,Dell,16-inch,4GB,Lenovo,16-inch,4GB
3,-15.75,10.5,Dell,16-inch,4GB,Lenovo,16-inch,8GB
3,-0.0002155303955078125,2.25,Dell,16-inch,4GB,Lenovo,16-inch,16GB
3,4.4345855712890625e-05,-3.5,Dell,16-inch,4GB,HP,13-inch,4GB
3,-16.75,10.5,Dell,16-inch,4GB,HP,13-inch,8GB
3,-0.000385284423828125,2.75,Dell,16-inch,4GB,HP,13-inch,16GB
3,4.410743713378906e-05,-3.125,Dell,16-inch,4GB,HP,14-inch,4GB
3,-17.0,10.5,Dell,16-inch,4GB,HP,14-inch,8GB
3,-0.0024261474609375,4.5,Dell,16-inch,4GB,HP,14-inch,16GB
3,4.4345855712890625e-05,-3.5,Dell,16-inch,4GB,HP,16-inch,4GB
3,-16.25,10.5,Dell,16-inch,4GB,HP,16-inch,8GB
3,-1.2874603271484375e-05,0.75,Dell,16-inch,4GB,HP,16-inch,16GB
3,4.458427429199219e-05,-3.625,Dell,16-inch,4GB,Dell,13-inch,4GB
3,-17.75,10.5,Dell,16-inch,4GB,Dell,13-inch,8GB
3,-7.25,10.5,Dell,16-inch,4GB,Dell,13-inch,16GB
3,4.410743713378906e-05,-3.125,Dell,16-inch,4GB,Dell,14-inch,4GB
3,-18.125,10.5,Dell,16-inch,4GB,Dell,14-inch,8GB
3,-9.5,10.5,Dell,16-inch,4GB,Dell,14-inch,16GB
3,-9.5,10.5,Dell,16-inch,4GB,Dell,16-inch,8GB
3,-0.000385284423828125,2.75,Dell,16-inch,4GB,Dell,16-inch,16GB
3,3.3855438232421875e-05,-0.875,Dell,16-inch,4GB,Apple,13-inch,4GB
3,-15.5,10.5,Dell,16-inch,4GB,Apple,13-inch,8GB
3,-0.000507354736328125,3.0,Dell,16-inch,4GB,Apple,13-inch,16GB
3,4.1484832763671875e-05,-2.0,Dell,16-inch,4GB,Apple,14-inch,4GB
3,-14.5,10.5,Dell,16-inch,4GB,Apple,14-inch,8GB
3,-0.00066375732421875,3.25,Dell,16-inch,4GB,Apple,14-inch,16GB
3,2.09808349609375e-05,-0.125,Dell,16-inch,4GB,Apple,16-inch,4GB
3,-13.5,10.5,Dell,16-inch,4GB,Apple,16-inch,8GB
3,-2.956390380859375e-05,1.0,Dell,16-inch,4GB,Apple,16-inch,16GB
3,-0.0031280517578125,4.75,Dell,16-inch,8GB,ASUS,13-inch,4GB
3,4.482269287109375e-05,-3.875,Dell,16-inch,8GB,ASUS,13-inch,8GB
3,-0.0024261474609375,4.5,Dell,16-inch,8GB,ASUS,13-inch,16GB
3,-6.75,10.5,Dell,16-inch,8GB,ASUS,14-inch,4GB
3,4.38690185546875e-05,-2.875,Dell,16-inch,8GB,ASUS,14-inch,8GB
3,-3.53125,10.5,Dell,16-inch,8GB,ASUS,14-inch,16GB
3,5.245208740234375e-06,0.375,Dell,16-inch,8GB,ASUS,16-inch,4GB
3,4.482269287109375e-05,-4.5,Dell,16-inch,8GB,ASUS,16-inch,8GB
3,-9.489059448242188e-05,1.625,Dell,16-inch,8GB,ASUS,16-inch,16GB
3,-0.010986328125,6.0,Dell,16-inch,8GB,Lenovo,13-inch,4GB
3,4.4345855712890625e-05,-3.5,Dell,16-inch,8GB,Lenovo,13-inch,8GB
3,-1.3125,10.1875,Dell,16-inch,8GB,Lenovo,13-inch,16GB
3,-7.5,10.5,Dell,16-inch,8GB,Lenovo,14-inch,4GB
3,4.291534423828125e-05,-2.5,Dell,16-inch,8GB,Lenovo,14-inch,8GB
3,-5.75,10.5,Dell,16-inch,8GB,Lenovo,14-inch,16GB
3,-6.198883056640625e-06,0.625,Dell,16-inch,8GB,Lenovo,16-inch,4GB
3,4.410743713378906e-05,-3.125,Dell,16-inch,8GB,Lenovo,16-inch,8GB
3,-0.0002155303955078125,2.25,Dell,16-inch,8GB,Lenovo,16-inch,16GB
3,-0.0002899169921875,2.5,Dell,16-inch,8GB,HP,13-inch,4GB
3,4.4345855712890625e-05,-3.5,Dell,16-inch,8GB,HP,13-inch,8GB
3,-0.023193359375,6.75,Dell,16-inch,8GB,HP,13-inch,16GB
3,-7.25,10.5,Dell,16-inch,8GB,HP,14-inch,4GB
3,4.291534423828125e-05,-2.375,Dell,16-inch,8GB,HP,14-inch,8GB
3,-6.5,10.5,Dell,16-inch,8GB,HP,14-inch,16GB
3,1.7762184143066406e-05,0.0,Dell,16-inch,8GB,HP,16-inch,4GB
3,4.482269287109375e-05,-4.375,Dell,16-inch,8GB,HP,16-inch,8GB
3,-0.0002155303955078125,2.25,Dell,16-inch,8GB,HP,16-inch,16GB
3,-9.25,10.5,Dell,16-inch,8GB,Dell,13-inch,4GB
3,2.384185791015625e-05,-0.25,Dell,16-inch,8GB,Dell,13-inch,8GB
3,-0.69140625,9.8125,Dell,16-inch,8GB,Dell,13-inch,16GB
3,-10.75,10.5,Dell,16-inch,8GB,Dell,14-inch,4GB
3,-7.772445678710938e-05,1.5,Dell,16-inch,8GB,Dell,14-inch,8GB
3,-8.0,10.5,Dell,16-inch,8GB,Dell,14-inch,16GB
3,4.38690185546875e-05,-3.0,Dell,16-inch,8GB,Dell,16-inch,4GB
3,-0.0002899169921875,2.5,Dell,16-inch,8GB,Dell,16-inch,16GB
3,-5.054473876953125e-05,1.25,Dell,16-inch,8GB,Apple,13-inch,4GB
3,4.100799560546875e-05,-1.875,Dell,16-inch,8GB,Apple,13-inch,8GB
3,-0.000385284423828125,2.75,Dell,16-inch,8GB,Apple,13-inch,16GB
3,-1.3125,10.1875,Dell,16-inch,8GB,Apple,14-inch,4GB
3,3.528594970703125e-05,-1.0,Dell,16-inch,8GB,Apple,14-inch,8GB
3,-0.004058837890625,5.0,Dell,16-inch,8GB,Apple,14-inch,16GB
3,4.1484832763671875e-05,-2.0,Dell,16-inch,8GB,Apple,16-inch,4GB
3,4.1961669921875e-05,-2.125,Dell,16-inch,8GB,Apple,16-inch,8GB
3,-6.341934204101562e-05,1.375,Dell,16-inch,8GB,Apple,16-inch,16GB
3,-10.75,10.5,Dell,16-inch,16GB,ASUS,13-inch,4GB
3,-9.489059448242188e-05,1.625,Dell,16-inch,16GB,ASUS,13-inch,8GB
3,-2.578125,10.4375,Dell,16-inch,16GB,ASUS,13-inch,16GB
3,-11.75,10.5,Dell,16-inch,16GB,ASUS,14-inch,4GB
3,-0.00112152099609375,3.75,Dell,16-inch,16GB,ASUS,14-inch,8GB
3,-0.97265625,10.0,Dell,16-inch,16GB,ASUS,14-inch,16GB
3,-0.008544921875,5.75,Dell,16-inch,16GB,ASUS,16-inch,4GB
3,3.0517578125e-05,-0.625,Dell,16-inch,16GB,ASUS,16-inch,8GB
3,1.4066696166992188e-05,0.125,Dell,16-inch,16GB,ASUS,16-inch,16GB
3,-10.75,10.5,Dell,16-inch,16GB,Lenovo,13-inch,4GB
3,-2.0503997802734375e-05,0.875,Dell,16-inch,16GB,Lenovo,13-inch,8GB
3,-0.251953125,9.0,Dell,16-inch,16GB,Lenovo,13-inch,16GB
3,-13.0,10.5,Dell,16-inch,16GB,Lenovo,14-inch,4GB
3,-0.000507354736328125,3.0,Dell,16-inch,16GB,Lenovo,14-inch,8GB
3,-0.82421875,9.9375,Dell,16-inch,16GB,Lenovo,14-inch,16GB
3,-4.5,10.5,Dell,16-inch,16GB,Lenovo,16-inch,4GB
3,1.4066696166992188e-05,0.125,Dell,16-inch,16GB,Lenovo,16-inch,8GB
3,2.09808349609375e-05,-0.125,Dell,16-inch,16GB,Lenovo,16-inch,16GB
3,-10.5,10.5,Dell,16-inch,16GB,HP,13-inch,4GB
3,1.7762184143066406e-05,0.0,Dell,16-inch,16GB,HP,13-inch,8GB
3,-0.023193359375,6.75,Dell,16-inch,16GB,HP,13-inch,16GB
3,-12.5,10.5,Dell,16-inch,16GB,HP,14-inch,4GB
3,-0.0002899169921875,2.5,Dell,16-inch,16GB,HP,14-inch,8GB
3,-0.0791015625,7.9375,Dell,16-inch,16GB,HP,14-inch,16GB
3,-1.703125,10.3125,Dell,16-inch,16GB,HP,16-inch,4GB
3,3.24249267578125e-05,-0.75,Dell,16-inch,16GB,HP,16-inch,8GB
3,3.3855438232421875e-05,-0.875,Dell,16-inch,16GB,HP,16-inch,16GB
3,-14.625,10.5,Dell,16-inch,16GB,Dell,13-inch,4GB
3,-0.000385284423828125,2.75,Dell,16-inch,16GB,Dell,13-inch,8GB
3,-3.28125,10.4375,Dell,16-inch,16GB,Dell,13-inch,16GB
3,-15.25,10.5,Dell,16-inch,16GB,Dell,14-inch,4GB
3,-3.28125,10.4375,Dell,16-inch,16GB,Dell,14-inch,8GB
3,-5.5,10.5,Dell,16-inch,16GB,Dell,14-inch,16GB
3,-0.0031280517578125,4.75,Dell,16-inch,16GB,Dell,16-inch,4GB
3,-0.0002899169921875,2.5,Dell,16-inch,16GB,Dell,16-inch,8GB
3,-6.75,10.5,Dell,16-inch,16GB,Apple,13-inch,4GB
3,4.00543212890625e-05,-1.625,Dell,16-inch,16GB,Apple,13-inch,8GB
3,-0.0002899169921875,2.5,Dell,16-inch,16GB,Apple,13-inch,16GB
3,-8.5,10.5,Dell,16-inch,16GB,Apple,14-inch,4GB
3,1.0013580322265625e-05,0.25,Dell,16-inch,16GB,Apple,14-inch,8GB
3,-0.000385284423828125,2.75,Dell,16-inch,16GB,Apple,14-inch,16GB
3,-9.489059448242188e-05,1.625,Dell,16-inch,16GB,Apple,16-inch,4GB
3,4.458427429199219e-05,-3.625,Dell,16-inch,16GB,Apple,16-inch,8GB
3,2.09808349609375e-05,-0.125,Dell,16-inch,16GB,Apple,16-inch,16GB
3,-0.00188446044921875,4.25,Apple,13-inch,4GB,ASUS,13-inch,4GB
3,-17.125,10.5,Apple,13-inch,4GB,ASUS,13-inch,8GB
3,-14.125,10.5,Apple,13-inch,4GB,ASUS,13-inch,16GB
3,-1.703125,10.3125,Apple,13-inch,4GB,ASUS,14-inch,4GB
3,-18.5,10.5,Apple,13-inch,4GB,ASUS,14-inch,8GB
3,-16.0,10.5,Apple,13-inch,4GB,ASUS,14-inch,16GB
3,-9.625,10.5,Apple,13-inch,4GB,ASUS,16-inch,4GB
3,-15.5,10.5,Apple,13-inch,4GB,ASUS,16-inch,8GB
3,-12.5,10.5,Apple,13-inch,4GB,ASUS,16-inch,16GB
3,-0.97265625,10.0,Apple,13-inch,4GB,Lenovo,13-inch,4GB
3,-17.25,10.5,Apple,13-inch,4GB,Lenovo,13-inch,8GB
3,-14.25,10.5,Apple,13-inch,4GB,Lenovo,13-inch,16GB
3,-3.765625,10.5,Apple,13-inch,4GB,Lenovo,14-inch,4GB
3,-18.125,10.5,Apple,13-inch,4GB,Lenovo,14-inch,8GB
3,-15.375,10.5,Apple,13-inch,4GB,Lenovo,14-inch,16GB
3,-9.125,10.5,Apple,13-inch,4GB,Lenovo,16-inch,4GB
3,-14.75,10.5,Apple,13-inch,4GB,Lenovo,16-inch,8GB
3,-12.375,10.5,Apple,13-inch,4GB,Lenovo,16-inch,16GB
3,-0.0002899169921875,2.5,Apple,13-inch,4GB,HP,13-inch,4GB
3,-18.375,10.5,Apple,13-inch,4GB,HP,13-inch,8GB
3,-14.75,10.5,Apple,13-inch,4GB,HP,13-inch,16GB
3,-0.00112152099609375,3.75,Apple,13-inch,4GB,HP,14-inch,4GB
3,-19.25,10.5,Apple,13-inch,4GB,HP,14-inch,8GB
3,-16.375,10.5,Apple,13-inch,4GB,HP,14-inch,16GB
3,-7.5,10.5,Apple,13-inch,4GB,HP,16-inch,4GB
3,-16.75,10.5,Apple,13-inch,4GB,HP,16-inch,8GB
3,-12.875,10.5,Apple,13-inch,4GB,HP,16-inch,16GB
3,-0.00188446044921875,4.25,Apple,13-inch,4GB,Dell,13-inch,4GB
3,-17.0,10.5,Apple,13-inch,4GB,Dell,13-inch,8GB
3,-13.625,10.5,Apple,13-inch,4GB,Dell,13-inch,16GB
3,-0.048583984375,7.4375,Apple,13-inch,4GB,Dell,14-inch,4GB
3,-18.125,10.5,Apple,13-inch,4GB,Dell,14-inch,8GB
3,-15.25,10.5,Apple,13-inch,4GB,Dell,14-inch,16GB
3,-8.5,10.5,Apple,13-inch,4GB,Dell,16-inch,4GB
3,-14.625,10.5,Apple,13-inch,4GB,Dell,16-inch,8GB
3,-12.25,10.5,Apple,13-inch,4GB,Dell,16-inch,16GB
3,-10.625,10.5,Apple,13-inch,4GB,Apple,13-inch,8GB
3,-7.25,10.5,Apple,13-inch,4GB,Apple,13-inch,16GB
3,-7.75,10.5,Apple,13-inch,4GB,Apple,14-inch,4GB
3,-19.375,10.5,Apple,13-inch,4GB,Apple,14-inch,8GB
3,-15.875,10.5,Apple,13-inch,4GB,Apple,14-inch,16GB
3,-8.25,10.5,Apple,13-inch,4GB,Apple,16-inch,4GB
3,-16.875,10.5,Apple,13-inch,4GB,Apple,16-inch,8GB
3,-14.625,10.5,Apple,13-inch,4GB,Apple,16-inch,16GB
3,4.5299530029296875e-05,-8.25,Apple,13-inch,8GB,ASUS,13-inch,4GB
3,4.506111145019531e-05,-4.75,Apple,13-inch,8GB,ASUS,13-inch,8GB
3,4.482269287109375e-05,-4.125,Apple,13-inch,8GB,ASUS,13-inch,16GB
3,4.5299530029296875e-05,-5.25,Apple,13-inch,8GB,ASUS,14-inch,4GB
3,4.506111145019531e-05,-5.0,Apple,13-inch,8GB,ASUS,14-inch,8GB
3,3.743171691894531e-05,-1.25,Apple,13-inch,8GB,ASUS,14-inch,16GB
3,1.7762184143066406e-05,0.0,Apple,13-inch,8GB,ASUS,16-inch,4GB
3,4.4345855712890625e-05,-3.5,Apple,13-inch,8GB,ASUS,16-inch,8GB
3,4.3392181396484375e-05,-2.75,Apple,13-inch,8GB,ASUS,16-inch,16GB
3,4.5299530029296875e-05,-8.5,Apple,13-inch,8GB,Lenovo,13-inch,4GB
3,4.482269287109375e-05,-4.375,Apple,13-inch,8GB,Lenovo,13-inch,8GB
3,4.38690185546875e-05,-3.0,Apple,13-inch,8GB,Lenovo,13-inch,16GB
3,4.5299530029296875e-05,-5.125,Apple,13-inch,8GB,Lenovo,14-inch,4GB
3,4.482269287109375e-05,-4.375,Apple,13-inch,8GB,Lenovo,14-inch,8GB
3,2.09808349609375e-05,-0.125,Apple,13-inch,8GB,Lenovo,14-inch,16GB
3,-3.9577484130859375e-05,1.125,Apple,13-inch,8GB,Lenovo,16-inch,4GB
3,4.3392181396484375e-05,-2.75,Apple,13-inch,8GB,Lenovo,16-inch,8GB
3,4.1484832763671875e-05,-2.0,Apple,13-inch,8GB,Lenovo,16-inch,16GB
3,4.5299530029296875e-05,-9.125,Apple,13-inch,8GB,HP,13-inch,4GB
3,4.482269287109375e-05,-4.25,Apple,13-inch,8GB,HP,13-inch,8GB
3,4.410743713378906e-05,-3.125,Apple,13-inch,8GB,HP,13-inch,16GB
3,4.5299530029296875e-05,-6.5,Apple,13-inch,8GB,HP,14-inch,4GB
3,4.482269287109375e-05,-4.5,Apple,13-inch,8GB,HP,14-inch,8GB
3,3.0517578125e-05,-0.625,Apple,13-inch,8GB,HP,14-inch,16GB
3,4.100799560546875e-05,-1.875,Apple,13-inch,8GB,HP,16-inch,4GB
3,4.4345855712890625e-05,-3.375,Apple,13-inch,8GB,HP,16-inch,8GB
3,4.291534423828125e-05,-2.5,Apple,13-inch,8GB,HP,16-inch,16GB
3,4.5299530029296875e-05,-9.625,Apple,13-inch,8GB,Dell,13-inch,4GB
3,4.482269287109375e-05,-4.375,Apple,13-inch,8GB,Dell,13-inch,8GB
3,4.4345855712890625e-05,-3.375,Apple,13-inch,8GB,Dell,13-inch,16GB
3,4.5299530029296875e-05,-7.25,Apple,13-inch,8GB,Dell,14-inch,4GB
3,4.482269287109375e-05,-4.5,Apple,13-inch,8GB,Dell,14-inch,8GB
3,3.24249267578125e-05,-0.75,Apple,13-inch,8GB,Dell,14-inch,16GB
3,4.458427429199219e-05,-3.625,Apple,13-inch,8GB,Dell,16-inch,4GB
3,4.410743713378906e-05,-3.125,Apple,13-inch,8GB,Dell,16-inch,8GB
3,4.1961669921875e-05,-2.125,Apple,13-inch,8GB,Dell,16-inch,16GB
3,4.5299530029296875e-05,-8.125,Apple,13-inch,8GB,Apple,13-inch,4GB
3,4.506111145019531e-05,-4.75,Apple,13-inch,8GB,Apple,13-inch,16GB
3,-7.75,10.5,Apple,13-inch,8GB,Apple,14-inch,4GB
3,-4.25,10.5,Apple,13-inch,8GB,Apple,14-inch,8GB
3,4.38690185546875e-05,-3.0,Apple,13-inch,8GB,Apple,14-inch,16GB
3,-8.25,10.5,Apple,13-inch,8GB,Apple,16-inch,4GB
3,-0.00066375732421875,3.25,Apple,13-inch,8GB,Apple,16-inch,8GB
3,4.482269287109375e-05,-4.0,Apple,13-inch,8GB,Apple,16-inch,16GB
3,-7.0,10.5,Apple,13-inch,16GB,ASUS,13-inch,4GB
3,4.458427429199219e-05,-3.625,Apple,13-inch,16GB,ASUS,13-inch,8GB
3,4.0531158447265625e-05,-1.75,Apple,13-inch,16GB,ASUS,13-inch,16GB
3,-9.25,10.5,Apple,13-inch,16GB,ASUS,14-inch,4GB
3,4.1961669921875e-05,-2.125,Apple,13-inch,16GB,ASUS,14-inch,8GB
3,3.838539123535156e-05,-1.375,Apple,13-inch,16GB,ASUS,14-inch,16GB
3,-8.0,10.5,Apple,13-inch,16GB,ASUS,16-inch,4GB
3,4.5299530029296875e-05,-5.125,Apple,13-inch,16GB,ASUS,16-inch,8GB
3,-0.0001583099365234375,2.0,Apple,13-inch,16GB,ASUS,16-inch,16GB
3,-6.25,10.5,Apple,13-inch,16GB,Lenovo,13-inch,4GB
3,4.458427429199219e-05,-3.625,Apple,13-inch,16GB,Lenovo,13-inch,8GB
3,4.00543212890625e-05,-1.625,Apple,13-inch,16GB,Lenovo,13-inch,16GB
3,-9.25,10.5,Apple,13-inch,16GB,Lenovo,14-inch,4GB
3,4.3392181396484375e-05,-2.625,Apple,13-inch,16GB,Lenovo,14-inch,8GB
3,2.86102294921875e-05,-0.5,Apple,13-inch,16GB,Lenovo,14-inch,16GB
3,-8.5,10.5,Apple,13-inch,16GB,Lenovo,16-inch,4GB
3,4.506111145019531e-05,-5.0,Apple,13-inch,16GB,Lenovo,16-inch,8GB
3,-0.0001583099365234375,2.0,Apple,13-inch,16GB,Lenovo,16-inch,16GB
3,-0.0380859375,7.21875,Apple,13-inch,16GB,HP,13-inch,4GB
3,4.458427429199219e-05,-3.625,Apple,13-inch,16GB,HP,13-inch,8GB
3,4.100799560546875e-05,-1.875,Apple,13-inch,16GB,HP,13-inch,16GB
3,-8.75,10.5,Apple,13-inch,16GB,HP,14-inch,4GB
3,4.4345855712890625e-05,-3.375,Apple,13-inch,16GB,HP,14-inch,8GB
3,2.384185791015625e-05,-0.25,Apple,13-inch,16GB,HP,14-inch,16GB
3,-6.75,10.5,Apple,13-inch,16GB,HP,16-inch,4GB
3,4.5299530029296875e-05,-5.5,Apple,13-inch,16GB,HP,16-inch,8GB
3,-0.00011301040649414062,1.75,Apple,13-inch,16GB,HP,16-inch,16GB
3,-0.0031280517578125,4.75,Apple,13-inch,16GB,Dell,13-inch,4GB
3,4.482269287109375e-05,-4.5,Apple,13-inch,16GB,Dell,13-inch,8GB
3,3.838539123535156e-05,-1.375,Apple,13-inch,16GB,Dell,13-inch,16GB
3,-7.75,10.5,Apple,13-inch,16GB,Dell,14-inch,4GB
3,4.4345855712890625e-05,-3.25,Apple,13-inch,16GB,Dell,14-inch,8GB
3,3.0517578125e-05,-0.625,Apple,13-inch,16GB,Dell,14-inch,16GB
3,-5.75,10.5,Apple,13-inch,16GB,Dell,16-inch,4GB
3,4.5299530029296875e-05,-5.25,Apple,13-inch,16GB,Dell,16-inch,8GB
3,-6.341934204101562e-05,1.375,Apple,13-inch,16GB,Dell,16-inch,16GB
3,4.1961669921875e-05,-2.125,Apple,13-inch,16GB,Apple,13-inch,4GB
3,-0.0002899169921875,2.5,Apple,13-inch,16GB,Apple,13-inch,8GB
3,-11.25,10.5,Apple,13-inch,16GB,Apple,14-inch,4GB
3,-3.9577484130859375e-05,1.125,Apple,13-inch,16GB,Apple,14-inch,8GB
3,-6.5,10.5,Apple,13-inch,16GB,Apple,14-inch,16GB
3,-9.25,10.5,Apple,13-inch,16GB,Apple,16-inch,4GB
3,3.0517578125e-05,-0.625,Apple,13-inch,16GB,Apple,16-inch,8GB
3,-7.75,10.5,Apple,13-inch,16GB,Apple,16-inch,16GB
3,-0.10009765625,8.125,Apple,14-inch,4GB,ASUS,13-inch,4GB
3,-19.25,10.5,Apple,14-inch,4GB,ASUS,13-inch,8GB
3,-15.875,10.5,Apple,14-inch,4GB,ASUS,13-inch,16GB
3,-2.34375,10.375,Apple,14-inch,4GB,ASUS,14-inch,4GB
3,-17.625,10.5,Apple,14-inch,4GB,ASUS,14-inch,8GB
3,-15.25,10.5,Apple,14-inch,4GB,ASUS,14-inch,16GB
3,-9.875,10.5,Apple,14-inch,4GB,ASUS,16-inch,4GB
3,-15.375,10.5,Apple,14-inch,4GB,ASUS,16-inch,8GB
3,-11.5,10.5,Apple,14-inch,4GB,ASUS,16-inch,16GB
3,-2.34375,10.375,Apple,14-inch,4GB,Lenovo,13-inch,4GB
3,-18.75,10.5,Apple,14-inch,4GB,Lenovo,13-inch,8GB
3,-15.125,10.5,Apple,14-inch,4GB,Lenovo,13-inch,16GB
3,-6.25,10.5,Apple,14-inch,4GB,Lenovo,14-inch,4GB
3,-17.25,10.5,Apple,14-inch,4GB,Lenovo,14-inch,8GB
3,-14.75,10.5,Apple,14-inch,4GB,Lenovo,14-inch,16GB
3,-9.75,10.5,Apple,14-inch,4GB,Lenovo,16-inch,4GB
3,-14.75,10.5,Apple,14-inch,4GB,Lenovo,16-inch,8GB
3,-11.625,10.5,Apple,14-inch,4GB,Lenovo,16-inch,16GB
3,-0.0001583099365234375,2.0,Apple,14-inch,4GB,HP,13-inch,4GB
3,-19.875,10.5,Apple,14-inch,4GB,HP,13-inch,8GB
3,-15.75,10.5,Apple,14-inch,4GB,HP,13-inch,16GB
3,-0.0024261474609375,4.5,Apple,14-inch,4GB,HP,14-inch,4GB
3,-18.125,10.5,Apple,14-inch,4GB,HP,14-inch,8GB
3,-15.875,10.5,Apple,14-inch,4GB,HP,14-inch,16GB
3,-8.25,10.5,Apple,14-inch,4GB,HP,16-inch,4GB
3,-16.375,10.5,Apple,14-inch,4GB,HP,16-inch,8GB
3,-12.625,10.5,Apple,14-inch,4GB,HP,16-inch,16GB
3,-0.0024261474609375,4.5,Apple,14-inch,4GB,Dell,13-inch,4GB
3,-18.75,10.5,Apple,14-inch,4GB,Dell,13-inch,8GB
3,-15.0,10.5,Apple,14-inch,4GB,Dell,13-inch,16GB
3,-1.3125,10.1875,Apple,14-inch,4GB,Dell,14-inch,4GB
3,-17.25,10.5,Apple,14-inch,4GB,Dell,14-inch,8GB
3,-14.5,10.5,Apple,14-inch,4GB,Dell,14-inch,16GB
3,-8.875,10.5,Apple,14-inch,4GB,Dell,16-inch,4GB
3,-15.375,10.5,Apple,14-inch,4GB,Dell,16-inch,8GB
3,-11.25,10.5,Apple,14-inch,4GB,Dell,16-inch,16GB
3,-0.00066375732421875,3.25,Apple,14-inch,4GB,Apple,13-inch,4GB
3,-19.5,10.5,Apple,14-inch,4GB,Apple,13-inch,8GB
3,-15.375,10.5,Apple,14-inch,4GB,Apple,13-inch,16GB
3,-11.75,10.5,Apple,14-inch,4GB,Apple,14-inch,8GB
3,-8.25,10.5,Apple,14-inch,4GB,Apple,14-inch,16GB
3,-7.5,10.5,Apple,14-inch,4GB,Apple,16-inch,4GB
3,-17.125,10.5,Apple,14-inch,4GB,Apple,16-inch,8GB
3,-14.25,10.5,Apple,14-inch,4GB,Apple,16-inch,16GB
3,-0.0031280517578125,4.75,Apple,14-inch,8GB,ASUS,13-inch,4GB
3,4.506111145019531e-05,-5.0,Apple,14-inch,8GB,ASUS,13-inch,8GB
3,3.528594970703125e-05,-1.0,Apple,14-inch,8GB,ASUS,13-inch,16GB
3,4.5299530029296875e-05,-5.25,Apple,14-inch,8GB,ASUS,14-inch,4GB
3,4.482269287109375e-05,-4.5,Apple,14-inch,8GB,ASUS,14-inch,8GB
3,4.482269287109375e-05,-3.875,Apple,14-inch,8GB,ASUS,14-inch,16GB
3,-4.5,10.5,Apple,14-inch,8GB,ASUS,16-inch,4GB
3,4.3392181396484375e-05,-2.75,Apple,14-inch,8GB,ASUS,16-inch,8GB
3,4.3392181396484375e-05,-2.625,Apple,14-inch,8GB,ASUS,16-inch,16GB
3,-0.00011301040649414062,1.75,Apple,14-inch,8GB,Lenovo,13-inch,4GB
3,4.506111145019531e-05,-4.625,Apple,14-inch,8GB,Lenovo,13-inch,8GB
3,1.7762184143066406e-05,0.0,Apple,14-inch,8GB,Lenovo,13-inch,16GB
3,4.5299530029296875e-05,-5.875,Apple,14-inch,8GB,Lenovo,14-inch,4GB
3,4.482269287109375e-05,-4.25,Apple,14-inch,8GB,Lenovo,14-inch,8GB
3,4.3392181396484375e-05,-2.75,Apple,14-inch,8GB,Lenovo,14-inch,16GB
3,-6.5,10.5,Apple,14-inch,8GB,Lenovo,16-inch,4GB
3,4.1961669921875e-05,-2.125,Apple,14-inch,8GB,Lenovo,16-inch,8GB
3,4.1484832763671875e-05,-2.0,Apple,14-inch,8GB,Lenovo,16-inch,16GB
3,4.3392181396484375e-05,-2.625,Apple,14-inch,8GB,HP,13-inch,4GB
3,4.482269287109375e-05,-4.5,Apple,14-inch,8GB,HP,13-inch,8GB
3,2.86102294921875e-05,-0.5,Apple,14-inch,8GB,HP,13-inch,16GB
3,4.5299530029296875e-05,-6.75,Apple,14-inch,8GB,HP,14-inch,4GB
3,4.482269287109375e-05,-4.125,Apple,14-inch,8GB,HP,14-inch,8GB
3,4.3392181396484375e-05,-2.75,Apple,14-inch,8GB,HP,14-inch,16GB
3,-0.06201171875,7.6875,Apple,14-inch,8GB,HP,16-inch,4GB
3,4.291534423828125e-05,-2.5,Apple,14-inch,8GB,HP,16-inch,8GB
3,4.2438507080078125e-05,-2.25,Apple,14-inch,8GB,HP,16-inch,16GB
3,4.482269287109375e-05,-4.0,Apple,14-inch,8GB,Dell,13-inch,4GB
3,4.482269287109375e-05,-4.5,Apple,14-inch,8GB,Dell,13-inch,8GB
3,3.3855438232421875e-05,-0.875,Apple,14-inch,8GB,Dell,13-inch,16GB
3,4.5299530029296875e-05,-7.5,Apple,14-inch,8GB,Dell,14-inch,4GB
3,4.482269287109375e-05,-4.5,Apple,14-inch,8GB,Dell,14-inch,8GB
3,4.3392181396484375e-05,-2.75,Apple,14-inch,8GB,Dell,14-inch,16GB
3,-0.0002899169921875,2.5,Apple,14-inch,8GB,Dell,16-inch,4GB
3,4.291534423828125e-05,-2.375,Apple,14-inch,8GB,Dell,16-inch,8GB
3,4.2438507080078125e-05,-2.25,Apple,14-inch,8GB,Dell,16-inch,16GB
3,-10.25,10.5,Apple,14-inch,8GB,Apple,13-inch,4GB
3,1.7762184143066406e-05,0.0,Apple,14-inch,8GB,Apple,13-inch,8GB
3,4.38690185546875e-05,-2.875,Apple,14-inch,8GB,Apple,13-inch,16GB
3,4.5299530029296875e-05,-6.0,Apple,14-inch,8GB,Apple,14-inch,4GB
3,4.482269287109375e-05,-4.125,Apple,14-inch,8GB,Apple,14-inch,16GB
3,-9.0,10.5,Apple,14-inch,8GB,Apple,16-inch,4GB
3,-0.000507354736328125,3.0,Apple,14-inch,8GB,Apple,16-inch,8GB
3,4.4345855712890625e-05,-3.5,Apple,14-inch,8GB,Apple,16-inch,16GB
3,-13.5,10.5,Apple,14-inch,16GB,ASUS,13-inch,4GB
3,-6.341934204101562e-05,1.375,Apple,14-inch,16GB,ASUS,13-inch,8GB
3,3.3855438232421875e-05,-0.875,Apple,14-inch,16GB,ASUS,13-inch,16GB
3,-9.0,10.5,Apple,14-inch,16GB,ASUS,14-inch,4GB
3,4.2438507080078125e-05,-2.25,Apple,14-inch,16GB,ASUS,14-inch,8GB
3,3.910064697265625e-05,-1.5,Apple,14-inch,16GB,ASUS,14-inch,16GB
3,-10.0,10.5,Apple,14-inch,16GB,ASUS,16-inch,4GB
3,4.38690185546875e-05,-2.875,Apple,14-inch,16GB,ASUS,16-inch,8GB
3,-0.00112152099609375,3.75,Apple,14-inch,16GB,ASUS,16-inch,16GB
3,-14.0,10.5,Apple,14-inch,16GB,Lenovo,13-inch,4GB
3,5.245208740234375e-06,0.375,Apple,14-inch,16GB,Lenovo,13-inch,8GB
3,2.09808349609375e-05,-0.125,Apple,14-inch,16GB,Lenovo,13-inch,16GB
3,-9.0,10.5,Apple,14-inch,16GB,Lenovo,14-inch,4GB
3,4.00543212890625e-05,-1.625,Apple,14-inch,16GB,Lenovo,14-inch,8GB
3,3.743171691894531e-05,-1.25,Apple,14-inch,16GB,Lenovo,14-inch,16GB
3,-10.0,10.5,Apple,14-inch,16GB,Lenovo,16-inch,4GB
3,4.4345855712890625e-05,-3.5,Apple,14-inch,16GB,Lenovo,16-inch,8GB
3,-0.000865936279296875,3.5,Apple,14-inch,16GB,Lenovo,16-inch,16GB
3,-13.0,10.5,Apple,14-inch,16GB,HP,13-inch,4GB
3,3.910064697265625e-05,-1.5,Apple,14-inch,16GB,HP,13-inch,8GB
3,2.384185791015625e-05,-0.25,Apple,14-inch,16GB,HP,13-inch,16GB
3,-8.5,10.5,Apple,14-inch,16GB,HP,14-inch,4GB
3,4.3392181396484375e-05,-2.75,Apple,14-inch,16GB,HP,14-inch,8GB
3,3.743171691894531e-05,-1.25,Apple,14-inch,16GB,HP,14-inch,16GB
3,-9.5,10.5,Apple,14-inch,16GB,HP,16-inch,4GB
3,4.482269287109375e-05,-4.125,Apple,14-inch,16GB,HP,16-inch,8GB
3,-0.000507354736328125,3.0,Apple,14-inch,16GB,HP,16-inch,16GB
3,-11.25,10.5,Apple,14-inch,16GB,Dell,13-inch,4GB
3,3.528594970703125e-05,-1.0,Apple,14-inch,16GB,Dell,13-inch,8GB
3,2.6345252990722656e-05,-0.375,Apple,14-inch,16GB,Dell,13-inch,16GB
3,-7.5,10.5,Apple,14-inch,16GB,Dell,14-inch,4GB
3,4.4345855712890625e-05,-3.25,Apple,14-inch,16GB,Dell,14-inch,8GB
3,3.3855438232421875e-05,-0.875,Apple,14-inch,16GB,Dell,14-inch,16GB
3,-8.75,10.5,Apple,14-inch,16GB,Dell,16-inch,4GB
3,4.458427429199219e-05,-3.625,Apple,14-inch,16GB,Dell,16-inch,8GB
3,-0.000385284423828125,2.75,Apple,14-inch,16GB,Dell,16-inch,16GB
3,-15.625,10.5,Apple,14-inch,16GB,Apple,13-inch,4GB
3,-0.000385284423828125,2.75,Apple,14-inch,16GB,Apple,13-inch,8GB
3,-0.0003337860107421875,2.625,Apple,14-inch,16GB,Apple,13-inch,16GB
3,-0.00066375732421875,3.25,Apple,14-inch,16GB,Apple,14-inch,4GB
3,-0.00066375732421875,3.25,Apple,14-inch,16GB,Apple,14-inch,8GB
3,-10.5,10.5,Apple,14-inch,16GB,Apple,16-inch,4GB
3,-0.0002155303955078125,2.25,Apple,14-inch,16GB,Apple,16-inch,8GB
3,-9.25,10.5,Apple,14-inch,16GB,Apple,16-inch,16GB
3,-4.75,10.5,Apple,16-inch,4GB,ASUS,13-inch,4GB
3,-16.75,10.5,Apple,16-inch,4GB,ASUS,13-inch,8GB
3,-11.0,10.5,Apple,16-inch,4GB,ASUS,13-inch,16GB
3,-0.00066375732421875,3.25,Apple,16-inch,4GB,ASUS,14-inch,4GB
3,-17.125,10.5,Apple,16-inch,4GB,ASUS,14-inch,8GB
3,-10.25,10.5,Apple,16-inch,4GB,ASUS,14-inch,16GB
3,-0.06201171875,7.6875,Apple,16-inch,4GB,ASUS,16-inch,4GB
3,-15.625,10.5,Apple,16-inch,4GB,ASUS,16-inch,8GB
3,-8.375,10.5,Apple,16-inch,4GB,ASUS,16-inch,16GB
3,-5.0,10.5,Apple,16-inch,4GB,Lenovo,13-inch,4GB
3,-17.25,10.5,Apple,16-inch,4GB,Lenovo,13-inch,8GB
3,-11.125,10.5,Apple,16-inch,4GB,Lenovo,13-inch,16GB
3,-0.000865936279296875,3.5,Apple,16-inch,4GB,Lenovo,14-inch,4GB
3,-17.125,10.5,Apple,16-inch,4GB,Lenovo,14-inch,8GB
3,-10.75,10.5,Apple,16-inch,4GB,Lenovo,14-inch,16GB
3,-1.5,10.25,Apple,16-inch,4GB,Lenovo,16-inch,4GB
3,-15.625,10.5,Apple,16-inch,4GB,Lenovo,16-inch,8GB
3,-8.625,10.5,Apple,16-inch,4GB,Lenovo,16-inch,16GB
3,-0.0002155303955078125,2.25,Apple,16-inch,4GB,HP,13-inch,4GB
3,-18.625,10.5,Apple,16-inch,4GB,HP,13-inch,8GB
3,-11.125,10.5,Apple,16-inch,4GB,HP,13-inch,16GB
3,-3.9577484130859375e-05,1.125,Apple,16-inch,4GB,HP,14-inch,4GB
3,-18.75,10.5,Apple,16-inch,4GB,HP,14-inch,8GB
3,-11.0,10.5,Apple,16-inch,4GB,HP,14-inch,16GB
3,-0.0001850128173828125,2.125,Apple,16-inch,4GB,HP,16-inch,4GB
3,-17.5,10.5,Apple,16-inch,4GB,HP,16-inch,8GB
3,-9.25,10.5,Apple,16-inch,4GB,HP,16-inch,16GB
3,-0.00518798828125,5.25,Apple,16-inch,4GB,Dell,13-inch,4GB
3,-17.0,10.5,Apple,16-inch,4GB,Dell,13-inch,8GB
3,-10.375,10.5,Apple,16-inch,4GB,Dell,13-inch,16GB
3,-0.0002498626708984375,2.375,Apple,16-inch,4GB,Dell,14-inch,4GB
3,-16.75,10.5,Apple,16-inch,4GB,Dell,14-inch,8GB
3,-10.375,10.5,Apple,16-inch,4GB,Dell,14-inch,16GB
3,-0.00128173828125,3.875,Apple,16-inch,4GB,Dell,16-inch,4GB
3,-16.25,10.5,Apple,16-inch,4GB,Dell,16-inch,8GB
3,-8.25,10.5,Apple,16-inch,4GB,Dell,16-inch,16GB
3,-0.0002899169921875,2.5,Apple,16-inch,4GB,Apple,13-inch,4GB
3,-19.5,10.5,Apple,16-inch,4GB,Apple,13-inch,8GB
3,-10.875,10.5,Apple,16-inch,4GB,Apple,13-inch,16GB
3,-0.00188446044921875,4.25,Apple,16-inch,4GB,Apple,14-inch,4GB
3,-19.25,10.5,Apple,16-inch,4GB,Apple,14-inch,8GB
3,-11.5,10.5,Apple,16-inch,4GB,Apple,14-inch,16GB
3,-11.125,10.5,Apple,16-inch,4GB,Apple,16-inch,8GB
3,-7.25,10.5,Apple,16-inch,4GB,Apple,16-inch,16GB
3,-8.0,10.5,Apple,16-inch,8GB,ASUS,13-inch,4GB
3,3.0517578125e-05,-0.625,Apple,16-inch,8GB,ASUS,13-inch,8GB
3,-8.25,10.5,Apple,16-inch,8GB,ASUS,13-inch,16GB
3,-8.75,10.5,Apple,16-inch,8GB,ASUS,14-inch,4GB
3,3.62396240234375e-05,-1.125,Apple,16-inch,8GB,ASUS,14-inch,8GB
3,-9.0,10.5,Apple,16-inch,8GB,ASUS,14-inch,16GB
3,-0.0002899169921875,2.5,Apple,16-inch,8GB,ASUS,16-inch,4GB
3,4.38690185546875e-05,-2.875,Apple,16-inch,8GB,ASUS,16-inch,8GB
3,-0.000865936279296875,3.5,Apple,16-inch,8GB,ASUS,16-inch,16GB
3,-5.75,10.5,Apple,16-inch,8GB,Lenovo,13-inch,4GB
3,1.7762184143066406e-05,0.0,Apple,16-inch,8GB,Lenovo,13-inch,8GB
3,-8.25,10.5,Apple,16-inch,8GB,Lenovo,13-inch,16GB
3,-8.5,10.5,Apple,16-inch,8GB,Lenovo,14-inch,4GB
3,3.0517578125e-05,-0.625,Apple,16-inch,8GB,Lenovo,14-inch,8GB
3,-8.75,10.5,Apple,16-inch,8GB,Lenovo,14-inch,16GB
3,-2.0503997802734375e-05,0.875,Apple,16-inch,8GB,Lenovo,16-inch,4GB
3,4.0531158447265625e-05,-1.75,Apple,16-inch,8GB,Lenovo,16-inch,8GB
3,-0.00145721435546875,4.0,Apple,16-inch,8GB,Lenovo,16-inch,16GB
3,-0.00066375732421875,3.25,Apple,16-inch,8GB,HP,13-inch,4GB
3,2.86102294921875e-05,-0.5,Apple,16-inch,8GB,HP,13-inch,8GB
3,-8.5,10.5,Apple,16-inch,8GB,HP,13-inch,16GB
3,-7.25,10.5,Apple,16-inch,8GB,HP,14-inch,4GB
3,3.3855438232421875e-05,-0.875,Apple,16-inch,8GB,HP,14-inch,8GB
3,-9.25,10.5,Apple,16-inch,8GB,HP,14-inch,16GB
3,3.24249267578125e-05,-0.75,Apple,16-inch,8GB,HP,16-inch,4GB
3,4.38690185546875e-05,-2.875,Apple,16-inch,8GB,HP,16-inch,8GB
3,-0.00145721435546875,4.0,Apple,16-inch,8GB,HP,16-inch,16GB
3,-0.0002899169921875,2.5,Apple,16-inch,8GB,Dell,13-inch,4GB
3,3.0517578125e-05,-0.625,Apple,16-inch,8GB,Dell,13-inch,8GB
3,-8.25,10.5,Apple,16-inch,8GB,Dell,13-inch,16GB
3,-2.578125,10.4375,Apple,16-inch,8GB,Dell,14-inch,4GB
3,3.3855438232421875e-05,-0.875,Apple,16-inch,8GB,Dell,14-inch,8GB
3,-8.75,10.5,Apple,16-inch,8GB,Dell,14-inch,16GB
3,3.838539123535156e-05,-1.375,Apple,16-inch,8GB,Dell,16-inch,4GB
3,4.2438507080078125e-05,-2.25,Apple,16-inch,8GB,Dell,16-inch,8GB
3,-0.00112152099609375,3.75,Apple,16-inch,8GB,Dell,16-inch,16GB
3,-10.0,10.5,Apple,16-inch,8GB,Apple,13-inch,4GB
3,-2.956390380859375e-05,1.0,Apple,16-inch,8GB,Apple,13-inch,8GB
3,-8.0,10.5,Apple,16-inch,8GB,Apple,13-inch,16GB
3,-10.75,10.5,Apple,16-inch,8GB,Apple,14-inch,4GB
3,-0.000507354736328125,3.0,Apple,16-inch,8GB,Apple,14-inch,8GB
3,-9.25,10.5,Apple,16-inch,8GB,Apple,14-inch,16GB
3,4.506111145019531e-05,-4.625,Apple,16-inch,8GB,Apple,16-inch,4GB
3,-1.3125,10.1875,Apple,16-inch,8GB,Apple,16-inch,16GB
3,-12.75,10.5,Apple,16-inch,16GB,ASUS,13-inch,4GB
3,-7.0,10.5,Apple,16-inch,16GB,ASUS,13-inch,8GB
3,-8.25,10.5,Apple,16-inch,16GB,ASUS,13-inch,16GB
3,-14.25,10.5,Apple,16-inch,16GB,ASUS,14-inch,4GB
3,-8.25,10.5,Apple,16-inch,16GB,ASUS,14-inch,8GB
3,-7.75,10.5,Apple,16-inch,16GB,ASUS,14-inch,16GB
3,-8.0,10.5,Apple,16-inch,16GB,ASUS,16-inch,4GB
3,-0.00066375732421875,3.25,Apple,16-inch,16GB,ASUS,16-inch,8GB
3,-0.00066375732421875,3.25,Apple,16-inch,16GB,ASUS,16-inch,16GB
3,-12.75,10.5,Apple,16-inch,16GB,Lenovo,13-inch,4GB
3,-4.25,10.5,Apple,16-inch,16GB,Lenovo,13-inch,8GB
3,-8.0,10.5,Apple,16-inch,16GB,Lenovo,13-inch,16GB
3,-14.0,10.5,Apple,16-inch,16GB,Lenovo,14-inch,4GB
3,-7.75,10.5,Apple,16-inch,16GB,Lenovo,14-inch,8GB
3,-7.75,10.5,Apple,16-inch,16GB,Lenovo,14-inch,16GB
3,-7.75,10.5,Apple,16-inch,16GB,Lenovo,16-inch,4GB
3,-0.00066375732421875,3.25,Apple,16-inch,16GB,Lenovo,16-inch,8GB
3,-0.00112152099609375,3.75,Apple,16-inch,16GB,Lenovo,16-inch,16GB
3,-11.25,10.5,Apple,16-inch,16GB,HP,13-inch,4GB
3,-0.00188446044921875,4.25,Apple,16-inch,16GB,HP,13-inch,8GB
3,-7.25,10.5,Apple,16-inch,16GB,HP,13-inch,16GB
3,-13.0,10.5,Apple,16-inch,16GB,HP,14-inch,4GB
3,-7.25,10.5,Apple,16-inch,16GB,HP,14-inch,8GB
3,-7.5,10.5,Apple,16-inch,16GB,HP,14-inch,16GB
3,-4.5,10.5,Apple,16-inch,16GB,HP,16-inch,4GB
3,-0.00066375732421875,3.25,Apple,16-inch,16GB,HP,16-inch,8GB
3,-0.000385284423828125,2.75,Apple,16-inch,16GB,HP,16-inch,16GB
3,-10.25,10.5,Apple,16-inch,16GB,Dell,13-inch,4GB
3,-0.0031280517578125,4.75,Apple,16-inch,16GB,Dell,13-inch,8GB
3,-7.75,10.5,Apple,16-inch,16GB,Dell,13-inch,16GB
3,-11.75,10.5,Apple,16-inch,16GB,Dell,14-inch,4GB
3,-7.5,10.5,Apple,16-inch,16GB,Dell,14-inch,8GB
3,-7.5,10.5,Apple,16-inch,16GB,Dell,14-inch,16GB
3,-4.5,10.5,Apple,16-inch,16GB,Dell,16-inch,4GB
3,-0.0002899169921875,2.5,Apple,16-inch,16GB,Dell,16-inch,8GB
3,-0.00066375732421875,3.25,Apple,16-inch,16GB,Dell,16-inch,16GB
3,-15.5,10.5,Apple,16-inch,16GB,Apple,13-inch,4GB
3,-6.5,10.5,Apple,16-inch,16GB,Apple,13-inch,8GB
3,-3.53125,10.5,Apple,16-inch,16GB,Apple,13-inch,16GB
3,-16.25,10.5,Apple,16-inch,16GB,Apple,14-inch,4GB
3,-8.5,10.5,Apple,16-inch,16GB,Apple,14-inch,8GB
3,-7.875,10.5,Apple,16-inch,16GB,Apple,14-inch,16GB
3,-0.0002155303955078125,2.25,Apple,16-inch,16GB,Apple,16-inch,4GB
3,-2.578125,10.4375,Apple,16-inch,16GB,Apple,16-inch,8GB
4,-14.0,10.5,ASUS,13-inch,4GB,ASUS,13-inch,8GB
4,-11.0,10.5,ASUS,13-inch,4GB,ASUS,13-inch,16GB
4,3.62396240234375e-05,-1.125,ASUS,13-inch,4GB,ASUS,14-inch,4GB
4,-20.125,10.5,ASUS,13-inch,4GB,ASUS,14-inch,8GB
4,-18.25,10.5,ASUS,13-inch,4GB,ASUS,14-inch,16GB
4,-9.25,10.5,ASUS,13-inch,4GB,ASUS,16-inch,4GB
4,-18.25,10.5,ASUS,13-inch,4GB,ASUS,16-inch,8GB
4,-16.75,10.5,ASUS,13-inch,4GB,ASUS,16-inch,16GB
4,-0.0024261474609375,4.5,ASUS,13-inch,4GB,Lenovo,13-inch,4GB
4,-18.0,10.5,ASUS,13-inch,4GB,Lenovo,13-inch,8GB
4,-14.625,10.5,ASUS,13-inch,4GB,Lenovo,13-inch,16GB
4,-0.0002899169921875,2.5,ASUS,13-inch,4GB,Lenovo,14-inch,4GB
4,-18.375,10.5,ASUS,13-inch,4GB,Lenovo,14-inch,8GB
4,-15.875,10.5,ASUS,13-inch,4GB,Lenovo,14-inch,16GB
4,-8.75,10.5,ASUS,13-inch,4GB,Lenovo,16-inch,4GB
4,-15.75,10.5,ASUS,13-inch,4GB,Lenovo,16-inch,8GB
4,-13.0,10.5,ASUS,13-inch,4GB,Lenovo,16-inch,16GB
4,2.384185791015625e-05,-0.25,ASUS,13-inch,4GB,HP,13-inch,4GB
4,-18.25,10.5,ASUS,13-inch,4GB,HP,13-inch,8GB
4,-14.75,10.5,ASUS,13-inch,4GB,HP,13-inch,16GB
4,4.3392181396484375e-05,-2.625,ASUS,13-inch,4GB,HP,14-inch,4GB
4,-18.5,10.5,ASUS,13-inch,4GB,HP,14-inch,8GB
4,-15.75,10.5,ASUS,13-inch,4GB,HP,14-inch,16GB
4,-6.0,10.5,ASUS,13-inch,4GB,HP,16-inch,4GB
4,-17.25,10.5,ASUS,13-inch,4GB,HP,16-inch,8GB
4,-13.0,10.5,ASUS,13-inch,4GB,HP,16-inch,16GB
4,-0.0003337860107421875,2.625,ASUS,13-inch,4GB,Dell,13-inch,4GB
4,-17.875,10.5,ASUS,13-inch,4GB,Dell,13-inch,8GB
4,-14.25,10.5,ASUS,13-inch,4GB,Dell,13-inch,16GB
4,-3.9577484130859375e-05,1.125,ASUS,13-inch,4GB,Dell,14-inch,4GB
4,-18.5,10.5,ASUS,13-inch,4GB,Dell,14-inch,8GB
4,-15.375,10.5,ASUS,13-inch,4GB,Dell,14-inch,16GB
4,-8.5,10.5,ASUS,13-inch,4GB,Dell,16-inch,4GB
4,-16.375,10.5,ASUS,13-inch,4GB,Dell,16-inch,8GB
4,-12.625,10.5,ASUS,13-inch,4GB,Dell,16-inch,16GB
4,-0.0024261474609375,4.5,ASUS,13-inch,4GB,Apple,13-inch,4GB
4,-17.375,10.5,ASUS,13-inch,4GB,Apple,13-inch,8GB
4,-13.5,10.5,ASUS,13-inch,4GB,Apple,13-inch,16GB
4,0.0,0.5,ASUS,13-inch,4GB,Apple,14-inch,4GB
4,-17.5,10.5,ASUS,13-inch,4GB,Apple,14-inch,8GB
4,-14.0,10.5,ASUS,13-inch,4GB,Apple,14-inch,16GB
4,-0.10009765625,8.125,ASUS,13-inch,4GB,Apple,16-inch,4GB
4,-10.25,10.5,ASUS,13-inch,4GB,Apple,16-inch,8GB
4,-9.5,10.5,ASUS,13-inch,4GB,Apple,16-inch,16GB
4,4.5299530029296875e-05,-10.5,ASUS,13-inch,8GB,ASUS,13-inch,4GB
4,4.5299530029296875e-05,-7.75,ASUS,13-inch,8GB,ASUS,13-inch,16GB
4,-4.25,10.5,ASUS,13-inch,8GB,ASUS,14-inch,4GB
4,4.38690185546875e-05,-2.875,ASUS,13-inch,8GB,ASUS,14-inch,8GB
4,4.5299530029296875e-05,-6.125,ASUS,13-inch,8GB,ASUS,14-inch,16GB
4,3.838539123535156e-05,-1.375,ASUS,13-inch,8GB,ASUS,16-inch,4GB
4,3.62396240234375e-05,-1.125,ASUS,13-inch,8GB,ASUS,16-inch,8GB
4,4.5299530029296875e-05,-6.25,ASUS,13-inch,8GB,ASUS,16-inch,16GB
4,4.5299530029296875e-05,-9.75,ASUS,13-inch,8GB,Lenovo,13-inch,4GB
4,4.5299530029296875e-05,-6.625,ASUS,13-inch,8GB,Lenovo,13-inch,8GB
4,4.5299530029296875e-05,-5.75,ASUS,13-inch,8GB,Lenovo,13-inch,16GB
4,4.5299530029296875e-05,-7.125,ASUS,13-inch,8GB,Lenovo,14-inch,4GB
4,4.5299530029296875e-05,-6.25,ASUS,13-inch,8GB,Lenovo,14-inch,8GB
4,4.482269287109375e-05,-4.125,ASUS,13-inch,8GB,Lenovo,14-inch,16GB
4,4.5299530029296875e-05,-5.25,ASUS,13-inch,8GB,Lenovo,16-inch,4GB
4,4.291534423828125e-05,-2.5,ASUS,13-inch,8GB,Lenovo,16-inch,8GB
4,4.482269287109375e-05,-4.5,ASUS,13-inch,8GB,Lenovo,16-inch,16GB
4,4.5299530029296875e-05,-10.5,ASUS,13-inch,8GB,HP,13-inch,4GB
4,4.5299530029296875e-05,-6.25,ASUS,13-inch,8GB,HP,13-inch,8GB
4,4.5299530029296875e-05,-6.0,ASUS,13-inch,8GB,HP,13-inch,16GB
4,4.5299530029296875e-05,-8.25,ASUS,13-inch,8GB,HP,14-inch,4GB
4,4.5299530029296875e-05,-6.25,ASUS,13-inch,8GB,HP,14-inch,8GB
4,4.482269287109375e-05,-3.75,ASUS,13-inch,8GB,HP,14-inch,16GB
4,4.5299530029296875e-05,-5.875,ASUS,13-inch,8GB,HP,16-inch,4GB
4,4.482269287109375e-05,-4.25,ASUS,13-inch,8GB,HP,16-inch,8GB
4,4.506111145019531e-05,-4.75,ASUS,13-inch,8GB,HP,16-inch,16GB
4,4.5299530029296875e-05,-11.0,ASUS,13-inch,8GB,Dell,13-inch,4GB
4,4.5299530029296875e-05,-6.125,ASUS,13-inch,8GB,Dell,13-inch,8GB
4,4.5299530029296875e-05,-6.125,ASUS,13-inch,8GB,Dell,13-inch,16GB
4,4.5299530029296875e-05,-9.375,ASUS,13-inch,8GB,Dell,14-inch,4GB
4,4.5299530029296875e-05,-5.875,ASUS,13-inch,8GB,Dell,14-inch,8GB
4,4.482269287109375e-05,-4.375,ASUS,13-inch,8GB,Dell,14-inch,16GB
4,4.5299530029296875e-05,-7.0,ASUS,13-inch,8GB,Dell,16-inch,4GB
4,4.2438507080078125e-05,-2.25,ASUS,13-inch,8GB,Dell,16-inch,8GB
4,4.506111145019531e-05,-4.75,ASUS,13-inch,8GB,Dell,16-inch,16GB
4,4.5299530029296875e-05,-8.875,ASUS,13-inch,8GB,Apple,13-inch,4GB
4,4.482269287109375e-05,-4.375,ASUS,13-inch,8GB,Apple,13-inch,8GB
4,4.5299530029296875e-05,-5.375,ASUS,13-inch,8GB,Apple,13-inch,16GB
4,4.5299530029296875e-05,-7.0,ASUS,13-inch,8GB,Apple,14-inch,4GB
4,4.482269287109375e-05,-4.25,ASUS,13-inch,8GB,Apple,14-inch,8GB
4,4.482269287109375e-05,-4.125,ASUS,13-inch,8GB,Apple,14-inch,16GB
4,4.5299530029296875e-05,-5.25,ASUS,13-inch,8GB,Apple,16-inch,4GB
4,4.506111145019531e-05,-5.0,ASUS,13-inch,8GB,Apple,16-inch,8GB
4,4.5299530029296875e-05,-6.125,ASUS,13-inch,8GB,Apple,16-inch,16GB
4,4.5299530029296875e-05,-9.625,ASUS,13-inch,16GB,ASUS,13-inch,4GB
4,4.5299530029296875e-05,-9.25,ASUS,13-inch,16GB,ASUS,13-inch,8GB
4,-9.75,10.5,ASUS,13-inch,16GB,ASUS,14-inch,4GB
4,4.5299530029296875e-05,-11.375,ASUS,13-inch,16GB,ASUS,14-inch,8GB
4,4.1961669921875e-05,-2.125,ASUS,13-inch,16GB,ASUS,14-inch,16GB
4,-0.010986328125,6.0,ASUS,13-inch,16GB,ASUS,16-inch,4GB
4,4.5299530029296875e-05,-11.0,ASUS,13-inch,16GB,ASUS,16-inch,8GB
4,-0.10009765625,8.125,ASUS,13-inch,16GB,ASUS,16-inch,16GB
4,4.1961669921875e-05,-2.125,ASUS,13-inch,16GB,Lenovo,13-inch,4GB
4,4.5299530029296875e-05,-10.375,ASUS,13-inch,16GB,Lenovo,13-inch,8GB
4,4.5299530029296875e-05,-6.5,ASUS,13-inch,16GB,Lenovo,13-inch,16GB
4,-2.956390380859375e-05,1.0,ASUS,13-inch,16GB,Lenovo,14-inch,4GB
4,4.5299530029296875e-05,-11.0,ASUS,13-inch,16GB,Lenovo,14-inch,8GB
4,4.5299530029296875e-05,-6.625,ASUS,13-inch,16GB,Lenovo,14-inch,16GB
4,4.3392181396484375e-05,-2.625,ASUS,13-inch,16GB,Lenovo,16-inch,4GB
4,4.5299530029296875e-05,-10.125,ASUS,13-inch,16GB,Lenovo,16-inch,8GB
4,-1.2874603271484375e-05,0.75,ASUS,13-inch,16GB,Lenovo,16-inch,16GB
4,4.5299530029296875e-05,-5.375,ASUS,13-inch,16GB,HP,13-inch,4GB
4,4.5299530029296875e-05,-10.25,ASUS,13-inch,16GB,HP,13-inch,8GB
4,4.5299530029296875e-05,-6.75,ASUS,13-inch,16GB,HP,13-inch,16GB
4,4.4345855712890625e-05,-3.5,ASUS,13-inch,16GB,HP,14-inch,4GB
4,4.5299530029296875e-05,-11.625,ASUS,13-inch,16GB,HP,14-inch,8GB
4,4.5299530029296875e-05,-6.0,ASUS,13-inch,16GB,HP,14-inch,16GB
4,4.482269287109375e-05,-3.75,ASUS,13-inch,16GB,HP,16-inch,4GB
4,4.5299530029296875e-05,-11.125,ASUS,13-inch,16GB,HP,16-inch,8GB
4,3.3855438232421875e-05,-0.875,ASUS,13-inch,16GB,HP,16-inch,16GB
4,4.5299530029296875e-05,-6.625,ASUS,13-inch,16GB,Dell,13-inch,4GB
4,4.5299530029296875e-05,-10.875,ASUS,13-inch,16GB,Dell,13-inch,8GB
4,4.5299530029296875e-05,-6.375,ASUS,13-inch,16GB,Dell,13-inch,16GB
4,4.5299530029296875e-05,-5.25,ASUS,13-inch,16GB,Dell,14-inch,4GB
4,4.5299530029296875e-05,-11.75,ASUS,13-inch,16GB,Dell,14-inch,8GB
4,4.5299530029296875e-05,-6.375,ASUS,13-inch,16GB,Dell,14-inch,16GB
4,4.5299530029296875e-05,-5.375,ASUS,13-inch,16GB,Dell,16-inch,4GB
4,4.5299530029296875e-05,-10.75,ASUS,13-inch,16GB,Dell,16-inch,8GB
4,3.910064697265625e-05,-1.5,ASUS,13-inch,16GB,Dell,16-inch,16GB
4,4.100799560546875e-05,-1.875,ASUS,13-inch,16GB,Apple,13-inch,4GB
4,4.5299530029296875e-05,-10.625,ASUS,13-inch,16GB,Apple,13-inch,8GB
4,4.482269287109375e-05,-4.0,ASUS,13-inch,16GB,Apple,13-inch,16GB
4,-1.2874603271484375e-05,0.75,ASUS,13-inch,16GB,Apple,14-inch,4GB
4,4.5299530029296875e-05,-11.0,ASUS,13-inch,16GB,Apple,14-inch,8GB
4,4.506111145019531e-05,-4.625,ASUS,13-inch,16GB,Apple,14-inch,16GB
4,4.0531158447265625e-05,-1.75,ASUS,13-inch,16GB,Apple,16-inch,4GB
4,4.5299530029296875e-05,-9.625,ASUS,13-inch,16GB,Apple,16-inch,8GB
4,3.838539123535156e-05,-1.375,ASUS,13-inch,16GB,Apple,16-inch,16GB
4,4.506111145019531e-05,-4.875,ASUS,14-inch,4GB,ASUS,13-inch,4GB
4,-20.75,10.5,ASUS,14-inch,4GB,ASUS,13-inch,8GB
4,-17.75,10.5,ASUS,14-inch,4GB,ASUS,13-inch,16GB
4,-14.5,10.5,ASUS,14-inch,4GB,ASUS,14-inch,8GB
4,-11.375,10.5,ASUS,14-inch,4GB,ASUS,14-inch,16GB
4,-9.5,10.5,ASUS,14-inch,4GB,ASUS,16-inch,4GB
4,-19.25,10.5,ASUS,14-inch,4GB,ASUS,16-inch,8GB
4,-17.0,10.5,ASUS,14-inch,4GB,ASUS,16-inch,16GB
4,-7.772445678710938e-05,1.5,ASUS,14-inch,4GB,Lenovo,13-inch,4GB
4,-19.0,10.5,ASUS,14-inch,4GB,Lenovo,13-inch,8GB
4,-15.625,10.5,ASUS,14-inch,4GB,Lenovo,13-inch,16GB
4,-0.004058837890625,5.0,ASUS,14-inch,4GB,Lenovo,14-inch,4GB
4,-17.375,10.5,ASUS,14-inch,4GB,Lenovo,14-inch,8GB
4,-15.125,10.5,ASUS,14-inch,4GB,Lenovo,14-inch,16GB
4,-8.375,10.5,ASUS,14-inch,4GB,Lenovo,16-inch,4GB
4,-16.875,10.5,ASUS,14-inch,4GB,Lenovo,16-inch,8GB
4,-12.625,10.5,ASUS,14-inch,4GB,Lenovo,16-inch,16GB
4,4.482269287109375e-05,-3.75,ASUS,14-inch,4GB,HP,13-inch,4GB
4,-19.0,10.5,ASUS,14-inch,4GB,HP,13-inch,8GB
4,-15.5,10.5,ASUS,14-inch,4GB,HP,13-inch,16GB
4,2.6345252990722656e-05,-0.375,ASUS,14-inch,4GB,HP,14-inch,4GB
4,-18.375,10.5,ASUS,14-inch,4GB,HP,14-inch,8GB
4,-15.75,10.5,ASUS,14-inch,4GB,HP,14-inch,16GB
4,-5.5,10.5,ASUS,14-inch,4GB,HP,16-inch,4GB
4,-18.25,10.5,ASUS,14-inch,4GB,HP,16-inch,8GB
4,-12.5,10.5,ASUS,14-inch,4GB,HP,16-inch,16GB
4,2.86102294921875e-05,-0.5,ASUS,14-inch,4GB,Dell,13-inch,4GB
4,-18.75,10.5,ASUS,14-inch,4GB,Dell,13-inch,8GB
4,-15.375,10.5,ASUS,14-inch,4GB,Dell,13-inch,16GB
4,-0.0004425048828125,2.875,ASUS,14-inch,4GB,Dell,14-inch,4GB
4,-17.25,10.5,ASUS,14-inch,4GB,Dell,14-inch,8GB
4,-15.5,10.5,ASUS,14-inch,4GB,Dell,14-inch,16GB
4,-8.25,10.5,ASUS,14-inch,4GB,Dell,16-inch,4GB
4,-17.25,10.5,ASUS,14-inch,4GB,Dell,16-inch,8GB
4,-12.5,10.5,ASUS,14-inch,4GB,Dell,16-inch,16GB
4,0.0,0.5,ASUS,14-inch,4GB,Apple,13-inch,4GB
4,-17.875,10.5,ASUS,14-inch,4GB,Apple,13-inch,8GB
4,-13.75,10.5,ASUS,14-inch,4GB,Apple,13-inch,16GB
4,-0.000385284423828125,2.75,ASUS,14-inch,4GB,Apple,14-inch,4GB
4,-17.0,10.5,ASUS,14-inch,4GB,Apple,14-inch,8GB
4,-12.75,10.5,ASUS,14-inch,4GB,Apple,14-inch,16GB
4,-0.000385284423828125,2.75,ASUS,14-inch,4GB,Apple,16-inch,4GB
4,-11.75,10.5,ASUS,14-inch,4GB,Apple,16-inch,8GB
4,-5.75,10.5,ASUS,14-inch,4GB,Apple,16-inch,16GB
4,-10.0,10.5,ASUS,14-inch,8GB,ASUS,13-inch,4GB
4,4.482269287109375e-05,-3.875,ASUS,14-inch,8GB,ASUS,13-inch,8GB
4,4.506111145019531e-05,-4.75,ASUS,14-inch,8GB,ASUS,13-inch,16GB
4,4.5299530029296875e-05,-8.875,ASUS,14-inch,8GB,ASUS,14-inch,4GB
4,4.5299530029296875e-05,-7.25,ASUS,14-inch,8GB,ASUS,14-inch,16GB
4,4.0531158447265625e-05,-1.75,ASUS,14-inch,8GB,ASUS,16-inch,4GB
4,4.4345855712890625e-05,-3.5,ASUS,14-inch,8GB,ASUS,16-inch,8GB
4,4.5299530029296875e-05,-5.375,ASUS,14-inch,8GB,ASUS,16-inch,16GB
4,4.5299530029296875e-05,-5.125,ASUS,14-inch,8GB,Lenovo,13-inch,4GB
4,4.5299530029296875e-05,-6.75,ASUS,14-inch,8GB,Lenovo,13-inch,8GB
4,4.4345855712890625e-05,-3.25,ASUS,14-inch,8GB,Lenovo,13-inch,16GB
4,4.5299530029296875e-05,-8.375,ASUS,14-inch,8GB,Lenovo,14-inch,4GB
4,4.5299530029296875e-05,-6.5,ASUS,14-inch,8GB,Lenovo,14-inch,8GB
4,4.5299530029296875e-05,-5.5,ASUS,14-inch,8GB,Lenovo,14-inch,16GB
4,4.482269287109375e-05,-4.25,ASUS,14-inch,8GB,Lenovo,16-inch,4GB
4,4.482269287109375e-05,-4.375,ASUS,14-inch,8GB,Lenovo,16-inch,8GB
4,4.506111145019531e-05,-4.625,ASUS,14-inch,8GB,Lenovo,16-inch,16GB
4,4.5299530029296875e-05,-6.75,ASUS,14-inch,8GB,HP,13-inch,4GB
4,4.5299530029296875e-05,-6.875,ASUS,14-inch,8GB,HP,13-inch,8GB
4,4.482269287109375e-05,-3.875,ASUS,14-inch,8GB,HP,13-inch,16GB
4,4.5299530029296875e-05,-8.875,ASUS,14-inch,8GB,HP,14-inch,4GB
4,4.5299530029296875e-05,-6.5,ASUS,14-inch,8GB,HP,14-inch,8GB
4,4.5299530029296875e-05,-5.625,ASUS,14-inch,8GB,HP,14-inch,16GB
4,4.482269287109375e-05,-4.5,ASUS,14-inch,8GB,HP,16-inch,4GB
4,4.5299530029296875e-05,-7.125,ASUS,14-inch,8GB,HP,16-inch,8GB
4,4.5299530029296875e-05,-5.125,ASUS,14-inch,8GB,HP,16-inch,16GB
4,4.5299530029296875e-05,-7.875,ASUS,14-inch,8GB,Dell,13-inch,4GB
4,4.5299530029296875e-05,-6.75,ASUS,14-inch,8GB,Dell,13-inch,8GB
4,4.482269287109375e-05,-3.875,ASUS,14-inch,8GB,Dell,13-inch,16GB
4,4.5299530029296875e-05,-10.125,ASUS,14-inch,8GB,Dell,14-inch,4GB
4,4.5299530029296875e-05,-6.25,ASUS,14-inch,8GB,Dell,14-inch,8GB
4,4.5299530029296875e-05,-6.125,ASUS,14-inch,8GB,Dell,14-inch,16GB
4,4.5299530029296875e-05,-6.25,ASUS,14-inch,8GB,Dell,16-inch,4GB
4,4.482269287109375e-05,-4.125,ASUS,14-inch,8GB,Dell,16-inch,8GB
4,4.5299530029296875e-05,-5.125,ASUS,14-inch,8GB,Dell,16-inch,16GB
4,4.5299530029296875e-05,-7.25,ASUS,14-inch,8GB,Apple,13-inch,4GB
4,4.482269287109375e-05,-4.5,ASUS,14-inch,8GB,Apple,13-inch,8GB
4,4.482269287109375e-05,-3.75,ASUS,14-inch,8GB,Apple,13-inch,16GB
4,4.5299530029296875e-05,-8.0,ASUS,14-inch,8GB,Apple,14-inch,4GB
4,4.482269287109375e-05,-4.5,ASUS,14-inch,8GB,Apple,14-inch,8GB
4,4.5299530029296875e-05,-5.125,ASUS,14-inch,8GB,Apple,14-inch,16GB
4,4.506111145019531e-05,-4.875,ASUS,14-inch,8GB,Apple,16-inch,4GB
4,4.506111145019531e-05,-5.0,ASUS,14-inch,8GB,Apple,16-inch,8GB
4,4.5299530029296875e-05,-5.25,ASUS,14-inch,8GB,Apple,16-inch,16GB
4,-14.25,10.5,ASUS,14-inch,16GB,ASUS,13-inch,4GB
4,4.5299530029296875e-05,-8.0,ASUS,14-inch,16GB,ASUS,13-inch,8GB
4,4.1961669921875e-05,-2.125,ASUS,14-inch,16GB,ASUS,13-inch,16GB
4,4.5299530029296875e-05,-8.0,ASUS,14-inch,16GB,ASUS,14-inch,4GB
4,4.5299530029296875e-05,-9.75,ASUS,14-inch,16GB,ASUS,14-inch,8GB
4,-7.75,10.5,ASUS,14-inch,16GB,ASUS,16-inch,4GB
4,4.5299530029296875e-05,-10.375,ASUS,14-inch,16GB,ASUS,16-inch,8GB
4,-8.5,10.5,ASUS,14-inch,16GB,ASUS,16-inch,16GB
4,-9.5,10.5,ASUS,14-inch,16GB,Lenovo,13-inch,4GB
4,4.5299530029296875e-05,-9.75,ASUS,14-inch,16GB,Lenovo,13-inch,8GB
4,4.5299530029296875e-05,-6.625,ASUS,14-inch,16GB,Lenovo,13-inch,16GB
4,-0.006683349609375,5.5,ASUS,14-inch,16GB,Lenovo,14-inch,4GB
4,4.5299530029296875e-05,-10.0,ASUS,14-inch,16GB,Lenovo,14-inch,8GB
4,4.5299530029296875e-05,-6.375,ASUS,14-inch,16GB,Lenovo,14-inch,16GB
4,-1.2874603271484375e-05,0.75,ASUS,14-inch,16GB,Lenovo,16-inch,4GB
4,4.5299530029296875e-05,-10.25,ASUS,14-inch,16GB,Lenovo,16-inch,8GB
4,-6.341934204101562e-05,1.375,ASUS,14-inch,16GB,Lenovo,16-inch,16GB
4,-9.0,10.5,ASUS,14-inch,16GB,HP,13-inch,4GB
4,4.5299530029296875e-05,-10.375,ASUS,14-inch,16GB,HP,13-inch,8GB
4,4.5299530029296875e-05,-6.375,ASUS,14-inch,16GB,HP,13-inch,16GB
4,-0.0002155303955078125,2.25,ASUS,14-inch,16GB,HP,14-inch,4GB
4,4.5299530029296875e-05,-10.375,ASUS,14-inch,16GB,HP,14-inch,8GB
4,4.5299530029296875e-05,-6.25,ASUS,14-inch,16GB,HP,14-inch,16GB
4,2.384185791015625e-05,-0.25,ASUS,14-inch,16GB,HP,16-inch,4GB
4,4.5299530029296875e-05,-10.875,ASUS,14-inch,16GB,HP,16-inch,8GB
4,2.09808349609375e-05,-0.125,ASUS,14-inch,16GB,HP,16-inch,16GB
4,-5.75,10.5,ASUS,14-inch,16GB,Dell,13-inch,4GB
4,4.5299530029296875e-05,-10.5,ASUS,14-inch,16GB,Dell,13-inch,8GB
4,4.5299530029296875e-05,-6.375,ASUS,14-inch,16GB,Dell,13-inch,16GB
4,2.384185791015625e-05,-0.25,ASUS,14-inch,16GB,Dell,14-inch,4GB
4,4.5299530029296875e-05,-10.75,ASUS,14-inch,16GB,Dell,14-inch,8GB
4,4.5299530029296875e-05,-6.125,ASUS,14-inch,16GB,Dell,14-inch,16GB
4,4.3392181396484375e-05,-2.625,ASUS,14-inch,16GB,Dell,16-inch,4GB
4,4.5299530029296875e-05,-10.75,ASUS,14-inch,16GB,Dell,16-inch,8GB
4,2.6345252990722656e-05,-0.375,ASUS,14-inch,16GB,Dell,16-inch,16GB
4,-0.048583984375,7.4375,ASUS,14-inch,16GB,Apple,13-inch,4GB
4,4.5299530029296875e-05,-10.875,ASUS,14-inch,16GB,Apple,13-inch,8GB
4,4.506111145019531e-05,-4.625,ASUS,14-inch,16GB,Apple,13-inch,16GB
4,-7.772445678710938e-05,1.5,ASUS,14-inch,16GB,Apple,14-inch,4GB
4,4.5299530029296875e-05,-10.75,ASUS,14-inch,16GB,Apple,14-inch,8GB
4,4.482269287109375e-05,-4.25,ASUS,14-inch,16GB,Apple,14-inch,16GB
4,5.245208740234375e-06,0.375,ASUS,14-inch,16GB,Apple,16-inch,4GB
4,4.5299530029296875e-05,-9.875,ASUS,14-inch,16GB,Apple,16-inch,8GB
4,3.62396240234375e-05,-1.125,ASUS,14-inch,16GB,Apple,16-inch,16GB
4,4.5299530029296875e-05,-11.5,ASUS,16-inch,4GB,ASUS,13-inch,4GB
4,-21.125,10.5,ASUS,16-inch,4GB,ASUS,13-inch,8GB
4,-10.0,10.5,ASUS,16-inch,4GB,ASUS,13-inch,16GB
4,4.5299530029296875e-05,-10.875,ASUS,16-inch,4GB,ASUS,14-inch,4GB
4,-21.25,10.5,ASUS,16-inch,4GB,ASUS,14-inch,8GB
4,-12.75,10.5,ASUS,16-inch,4GB,ASUS,14-inch,16GB
4,-12.625,10.5,ASUS,16-inch,4GB,ASUS,16-inch,8GB
4,-9.875,10.5,ASUS,16-inch,4GB,ASUS,16-inch,16GB
4,4.506111145019531e-05,-4.625,ASUS,16-inch,4GB,Lenovo,13-inch,4GB
4,-17.0,10.5,ASUS,16-inch,4GB,Lenovo,13-inch,8GB
4,-0.57421875,9.6875,ASUS,16-inch,4GB,Lenovo,13-inch,16GB
4,4.5299530029296875e-05,-6.5,ASUS,16-inch,4GB,Lenovo,14-inch,4GB
4,-16.875,10.5,ASUS,16-inch,4GB,Lenovo,14-inch,8GB
4,-9.25,10.5,ASUS,16-inch,4GB,Lenovo,14-inch,16GB
4,-0.008544921875,5.75,ASUS,16-inch,4GB,Lenovo,16-inch,4GB
4,-16.75,10.5,ASUS,16-inch,4GB,Lenovo,16-inch,8GB
4,-0.57421875,9.6875,ASUS,16-inch,4GB,Lenovo,16-inch,16GB
4,4.5299530029296875e-05,-7.125,ASUS,16-inch,4GB,HP,13-inch,4GB
4,-17.625,10.5,ASUS,16-inch,4GB,HP,13-inch,8GB
4,-0.0002899169921875,2.5,ASUS,16-inch,4GB,HP,13-inch,16GB
4,4.5299530029296875e-05,-8.625,ASUS,16-inch,4GB,HP,14-inch,4GB
4,-17.625,10.5,ASUS,16-inch,4GB,HP,14-inch,8GB
4,-8.25,10.5,ASUS,16-inch,4GB,HP,14-inch,16GB
4,4.1961669921875e-05,-2.125,ASUS,16-inch,4GB,HP,16-inch,4GB
4,-17.625,10.5,ASUS,16-inch,4GB,HP,16-inch,8GB
4,-0.0002155303955078125,2.25,ASUS,16-inch,4GB,HP,16-inch,16GB
4,4.5299530029296875e-05,-5.75,ASUS,16-inch,4GB,Dell,13-inch,4GB
4,-17.625,10.5,ASUS,16-inch,4GB,Dell,13-inch,8GB
4,-0.000385284423828125,2.75,ASUS,16-inch,4GB,Dell,13-inch,16GB
4,4.5299530029296875e-05,-5.875,ASUS,16-inch,4GB,Dell,14-inch,4GB
4,-17.5,10.5,ASUS,16-inch,4GB,Dell,14-inch,8GB
4,-8.75,10.5,ASUS,16-inch,4GB,Dell,14-inch,16GB
4,-0.0004425048828125,2.875,ASUS,16-inch,4GB,Dell,16-inch,4GB
4,-17.25,10.5,ASUS,16-inch,4GB,Dell,16-inch,8GB
4,-0.251953125,9.0,ASUS,16-inch,4GB,Dell,16-inch,16GB
4,3.0517578125e-05,-0.625,ASUS,16-inch,4GB,Apple,13-inch,4GB
4,-16.125,10.5,ASUS,16-inch,4GB,Apple,13-inch,8GB
4,-0.57421875,9.6875,ASUS,16-inch,4GB,Apple,13-inch,16GB
4,4.3392181396484375e-05,-2.625,ASUS,16-inch,4GB,Apple,14-inch,4GB
4,-15.25,10.5,ASUS,16-inch,4GB,Apple,14-inch,8GB
4,-7.5,10.5,ASUS,16-inch,4GB,Apple,14-inch,16GB
4,-0.00011301040649414062,1.75,ASUS,16-inch,4GB,Apple,16-inch,4GB
4,-15.125,10.5,ASUS,16-inch,4GB,Apple,16-inch,8GB
4,-0.0002155303955078125,2.25,ASUS,16-inch,4GB,Apple,16-inch,16GB
4,-10.5,10.5,ASUS,16-inch,8GB,ASUS,13-inch,4GB
4,4.506111145019531e-05,-4.625,ASUS,16-inch,8GB,ASUS,13-inch,8GB
4,-8.25,10.5,ASUS,16-inch,8GB,ASUS,13-inch,16GB
4,-12.5,10.5,ASUS,16-inch,8GB,ASUS,14-inch,4GB
4,4.482269287109375e-05,-4.25,ASUS,16-inch,8GB,ASUS,14-inch,8GB
4,-10.75,10.5,ASUS,16-inch,8GB,ASUS,14-inch,16GB
4,4.5299530029296875e-05,-6.125,ASUS,16-inch,8GB,ASUS,16-inch,4GB
4,-1.3125,10.1875,ASUS,16-inch,8GB,ASUS,16-inch,16GB
4,3.910064697265625e-05,-1.5,ASUS,16-inch,8GB,Lenovo,13-inch,4GB
4,4.5299530029296875e-05,-5.75,ASUS,16-inch,8GB,Lenovo,13-inch,8GB
4,-4.75,10.5,ASUS,16-inch,8GB,Lenovo,13-inch,16GB
4,-0.0001583099365234375,2.0,ASUS,16-inch,8GB,Lenovo,14-inch,4GB
4,4.506111145019531e-05,-4.75,ASUS,16-inch,8GB,Lenovo,14-inch,8GB
4,-8.75,10.5,ASUS,16-inch,8GB,Lenovo,14-inch,16GB
4,4.38690185546875e-05,-2.875,ASUS,16-inch,8GB,Lenovo,16-inch,4GB
4,4.506111145019531e-05,-5.0,ASUS,16-inch,8GB,Lenovo,16-inch,8GB
4,-0.000385284423828125,2.75,ASUS,16-inch,8GB,Lenovo,16-inch,16GB
4,4.38690185546875e-05,-2.875,ASUS,16-inch,8GB,HP,13-inch,4GB
4,4.5299530029296875e-05,-5.75,ASUS,16-inch,8GB,HP,13-inch,8GB
4,-1.5,10.25,ASUS,16-inch,8GB,HP,13-inch,16GB
4,-0.0002155303955078125,2.25,ASUS,16-inch,8GB,HP,14-inch,4GB
4,4.506111145019531e-05,-4.875,ASUS,16-inch,8GB,HP,14-inch,8GB
4,-8.5,10.5,ASUS,16-inch,8GB,HP,14-inch,16GB
4,4.4345855712890625e-05,-3.25,ASUS,16-inch,8GB,HP,16-inch,4GB
4,4.5299530029296875e-05,-5.625,ASUS,16-inch,8GB,HP,16-inch,8GB
4,-0.0002155303955078125,2.25,ASUS,16-inch,8GB,HP,16-inch,16GB
4,4.482269287109375e-05,-4.25,ASUS,16-inch,8GB,Dell,13-inch,4GB
4,4.5299530029296875e-05,-5.5,ASUS,16-inch,8GB,Dell,13-inch,8GB
4,-0.3125,9.1875,ASUS,16-inch,8GB,Dell,13-inch,16GB
4,3.838539123535156e-05,-1.375,ASUS,16-inch,8GB,Dell,14-inch,4GB
4,4.506111145019531e-05,-5.0,ASUS,16-inch,8GB,Dell,14-inch,8GB
4,-8.5,10.5,ASUS,16-inch,8GB,Dell,14-inch,16GB
4,4.506111145019531e-05,-4.875,ASUS,16-inch,8GB,Dell,16-inch,4GB
4,4.506111145019531e-05,-5.0,ASUS,16-inch,8GB,Dell,16-inch,8GB
4,-0.000507354736328125,3.0,ASUS,16-inch,8GB,Dell,16-inch,16GB
4,2.6345252990722656e-05,-0.375,ASUS,16-inch,8GB,Apple,13-inch,4GB
4,4.4345855712890625e-05,-3.5,ASUS,16-inch,8GB,Apple,13-inch,8GB
4,-0.00112152099609375,3.75,ASUS,16-inch,8GB,Apple,13-inch,16GB
4,-0.0002899169921875,2.5,ASUS,16-inch,8GB,Apple,14-inch,4GB
4,4.291534423828125e-05,-2.375,ASUS,16-inch,8GB,Apple,14-inch,8GB
4,-5.5,10.5,ASUS,16-inch,8GB,Apple,14-inch,16GB
4,4.2438507080078125e-05,-2.25,ASUS,16-inch,8GB,Apple,16-inch,4GB
4,4.3392181396484375e-05,-2.625,ASUS,16-inch,8GB,Apple,16-inch,8GB
4,-5.054473876953125e-05,1.25,ASUS,16-inch,8GB,Apple,16-inch,16GB
4,-16.125,10.5,ASUS,16-inch,16GB,ASUS,13-inch,4GB
4,2.6345252990722656e-05,-0.375,ASUS,16-inch,16GB,ASUS,13-inch,8GB
4,-0.0002899169921875,2.5,ASUS,16-inch,16GB,ASUS,13-inch,16GB
4,-17.625,10.5,ASUS,16-inch,16GB,ASUS,14-inch,4GB
4,-0.0002155303955078125,2.25,ASUS,16-inch,16GB,ASUS,14-inch,8GB
4,-0.000385284423828125,2.75,ASUS,16-inch,16GB,ASUS,14-inch,16GB
4,-0.0001583099365234375,2.0,ASUS,16-inch,16GB,ASUS,16-inch,4GB
4,3.910064697265625e-05,-1.5,ASUS,16-inch,16GB,ASUS,16-inch,8GB
4,-11.75,10.5,ASUS,16-inch,16GB,Lenovo,13-inch,4GB
4,4.482269287109375e-05,-4.0,ASUS,16-inch,16GB,Lenovo,13-inch,8GB
4,-0.0003337860107421875,2.625,ASUS,16-inch,16GB,Lenovo,13-inch,16GB
4,-13.0,10.5,ASUS,16-inch,16GB,Lenovo,14-inch,4GB
4,3.743171691894531e-05,-1.25,ASUS,16-inch,16GB,Lenovo,14-inch,8GB
4,-0.0004425048828125,2.875,ASUS,16-inch,16GB,Lenovo,14-inch,16GB
4,-7.25,10.5,ASUS,16-inch,16GB,Lenovo,16-inch,4GB
4,4.38690185546875e-05,-3.0,ASUS,16-inch,16GB,Lenovo,16-inch,8GB
4,3.743171691894531e-05,-1.25,ASUS,16-inch,16GB,Lenovo,16-inch,16GB
4,-10.75,10.5,ASUS,16-inch,16GB,HP,13-inch,4GB
4,4.482269287109375e-05,-4.375,ASUS,16-inch,16GB,HP,13-inch,8GB
4,-0.0001850128173828125,2.125,ASUS,16-inch,16GB,HP,13-inch,16GB
4,-12.25,10.5,ASUS,16-inch,16GB,HP,14-inch,4GB
4,3.910064697265625e-05,-1.5,ASUS,16-inch,16GB,HP,14-inch,8GB
4,-0.000385284423828125,2.75,ASUS,16-inch,16GB,HP,14-inch,16GB
4,-6.0,10.5,ASUS,16-inch,16GB,HP,16-inch,4GB
4,4.3392181396484375e-05,-2.625,ASUS,16-inch,16GB,HP,16-inch,8GB
4,4.38690185546875e-05,-2.875,ASUS,16-inch,16GB,HP,16-inch,16GB
4,-9.5,10.5,ASUS,16-inch,16GB,Dell,13-inch,4GB
4,4.5299530029296875e-05,-5.125,ASUS,16-inch,16GB,Dell,13-inch,8GB
4,-0.000133514404296875,1.875,ASUS,16-inch,16GB,Dell,13-inch,16GB
4,-11.0,10.5,ASUS,16-inch,16GB,Dell,14-inch,4GB
4,4.291534423828125e-05,-2.5,ASUS,16-inch,16GB,Dell,14-inch,8GB
4,-0.0001850128173828125,2.125,ASUS,16-inch,16GB,Dell,14-inch,16GB
4,-0.0002899169921875,2.5,ASUS,16-inch,16GB,Dell,16-inch,4GB
4,4.458427429199219e-05,-3.625,ASUS,16-inch,16GB,Dell,16-inch,8GB
4,4.2438507080078125e-05,-2.25,ASUS,16-inch,16GB,Dell,16-inch,16GB
4,-8.75,10.5,ASUS,16-inch,16GB,Apple,13-inch,4GB
4,4.5299530029296875e-05,-5.5,ASUS,16-inch,16GB,Apple,13-inch,8GB
4,-7.772445678710938e-05,1.5,ASUS,16-inch,16GB,Apple,13-inch,16GB
4,-9.75,10.5,ASUS,16-inch,16GB,Apple,14-inch,4GB
4,4.2438507080078125e-05,-2.25,ASUS,16-inch,16GB,Apple,14-inch,8GB
4,-0.00011301040649414062,1.75,ASUS,16-inch,16GB,Apple,14-inch,16GB
4,-9.489059448242188e-05,1.625,ASUS,16-inch,16GB,Apple,16-inch,4GB
4,4.5299530029296875e-05,-5.625,ASUS,16-inch,16GB,Apple,16-inch,8GB
4,1.7762184143066406e-05,0.0,ASUS,16-inch,16GB,Apple,16-inch,16GB
4,4.38690185546875e-05,-3.0,Lenovo,13-inch,4GB,ASUS,13-inch,4GB
4,-18.75,10.5,Lenovo,13-inch,4GB,ASUS,13-inch,8GB
4,-15.75,10.5,Lenovo,13-inch,4GB,ASUS,13-inch,16GB
4,4.458427429199219e-05,-3.625,Lenovo,13-inch,4GB,ASUS,14-inch,4GB
4,-19.0,10.5,Lenovo,13-inch,4GB,ASUS,14-inch,8GB
4,-16.625,10.5,Lenovo,13-inch,4GB,ASUS,14-inch,16GB
4,-7.0,10.5,Lenovo,13-inch,4GB,ASUS,16-inch,4GB
4,-17.25,10.5,Lenovo,13-inch,4GB,ASUS,16-inch,8GB
4,-13.875,10.5,Lenovo,13-inch,4GB,ASUS,16-inch,16GB
4,-14.125,10.5,Lenovo,13-inch,4GB,Lenovo,13-inch,8GB
4,-10.75,10.5,Lenovo,13-inch,4GB,Lenovo,13-inch,16GB
4,3.62396240234375e-05,-1.125,Lenovo,13-inch,4GB,Lenovo,14-inch,4GB
4,-20.125,10.5,Lenovo,13-inch,4GB,Lenovo,14-inch,8GB
4,-18.375,10.5,Lenovo,13-inch,4GB,Lenovo,14-inch,16GB
4,-8.75,10.5,Lenovo,13-inch,4GB,Lenovo,16-inch,4GB
4,-18.25,10.5,Lenovo,13-inch,4GB,Lenovo,16-inch,8GB
4,-17.625,10.5,Lenovo,13-inch,4GB,Lenovo,16-inch,16GB
4,4.482269287109375e-05,-4.0,Lenovo,13-inch,4GB,HP,13-inch,4GB
4,-19.25,10.5,Lenovo,13-inch,4GB,HP,13-inch,8GB
4,-15.625,10.5,Lenovo,13-inch,4GB,HP,13-inch,16GB
4,4.506111145019531e-05,-5.0,Lenovo,13-inch,4GB,HP,14-inch,4GB
4,-19.25,10.5,Lenovo,13-inch,4GB,HP,14-inch,8GB
4,-16.875,10.5,Lenovo,13-inch,4GB,HP,14-inch,16GB
4,-0.004058837890625,5.0,Lenovo,13-inch,4GB,HP,16-inch,4GB
4,-19.125,10.5,Lenovo,13-inch,4GB,HP,16-inch,8GB
4,-14.625,10.5,Lenovo,13-inch,4GB,HP,16-inch,16GB
4,3.838539123535156e-05,-1.375,Lenovo,13-inch,4GB,Dell,13-inch,4GB
4,-18.75,10.5,Lenovo,13-inch,4GB,Dell,13-inch,8GB
4,-15.375,10.5,Lenovo,13-inch,4GB,Dell,13-inch,16GB
4,4.291534423828125e-05,-2.5,Lenovo,13-inch,4GB,Dell,14-inch,4GB
4,-19.125,10.5,Lenovo,13-inch,4GB,Dell,14-inch,8GB
4,-16.75,10.5,Lenovo,13-inch,4GB,Dell,14-inch,16GB
4,-2.8125,10.4375,Lenovo,13-inch,4GB,Dell,16-inch,4GB
4,-18.125,10.5,Lenovo,13-inch,4GB,Dell,16-inch,8GB
4,-14.625,10.5,Lenovo,13-inch,4GB,Dell,16-inch,16GB
4,3.528594970703125e-05,-1.0,Lenovo,13-inch,4GB,Apple,13-inch,4GB
4,-17.875,10.5,Lenovo,13-inch,4GB,Apple,13-inch,8GB
4,-13.75,10.5,Lenovo,13-inch,4GB,Apple,13-inch,16GB
4,4.458427429199219e-05,-3.625,Lenovo,13-inch,4GB,Apple,14-inch,4GB
4,-17.75,10.5,Lenovo,13-inch,4GB,Apple,14-inch,8GB
4,-14.625,10.5,Lenovo,13-inch,4GB,Apple,14-inch,16GB
4,-0.0001583099365234375,2.0,Lenovo,13-inch,4GB,Apple,16-inch,4GB
4,-11.75,10.5,Lenovo,13-inch,4GB,Apple,16-inch,8GB
4,-10.0,10.5,Lenovo,13-inch,4GB,Apple,16-inch,16GB
4,4.5299530029296875e-05,-10.625,Lenovo,13-inch,8GB,ASUS,13-inch,4GB
4,4.5299530029296875e-05,-6.875,Lenovo,13-inch,8GB,ASUS,13-inch,8GB
4,4.5299530029296875e-05,-7.125,Lenovo,13-inch,8GB,ASUS,13-inch,16GB
4,4.5299530029296875e-05,-8.5,Lenovo,13-inch,8GB,ASUS,14-inch,4GB
4,4.5299530029296875e-05,-6.75,Lenovo,13-inch,8GB,ASUS,14-inch,8GB
4,4.506111145019531e-05,-4.875,Lenovo,13-inch,8GB,ASUS,14-inch,16GB
4,4.5299530029296875e-05,-7.875,Lenovo,13-inch,8GB,ASUS,16-inch,4GB
4,4.5299530029296875e-05,-6.25,Lenovo,13-inch,8GB,ASUS,16-inch,8GB
4,4.5299530029296875e-05,-5.625,Lenovo,13-inch,8GB,ASUS,16-inch,16GB
4,4.5299530029296875e-05,-11.0,Lenovo,13-inch,8GB,Lenovo,13-inch,4GB
4,4.5299530029296875e-05,-8.25,Lenovo,13-inch,8GB,Lenovo,13-inch,16GB
4,-7.772445678710938e-05,1.5,Lenovo,13-inch,8GB,Lenovo,14-inch,4GB
4,4.3392181396484375e-05,-2.75,Lenovo,13-inch,8GB,Lenovo,14-inch,8GB
4,4.5299530029296875e-05,-6.625,Lenovo,13-inch,8GB,Lenovo,14-inch,16GB
4,4.5299530029296875e-05,-5.125,Lenovo,13-inch,8GB,Lenovo,16-inch,4GB
4,4.291534423828125e-05,-2.375,Lenovo,13-inch,8GB,Lenovo,16-inch,8GB
4,4.5299530029296875e-05,-6.375,Lenovo,13-inch,8GB,Lenovo,16-inch,16GB
4,4.5299530029296875e-05,-9.875,Lenovo,13-inch,8GB,HP,13-inch,4GB
4,4.5299530029296875e-05,-6.5,Lenovo,13-inch,8GB,HP,13-inch,8GB
4,4.5299530029296875e-05,-6.375,Lenovo,13-inch,8GB,HP,13-inch,16GB
4,4.5299530029296875e-05,-8.125,Lenovo,13-inch,8GB,HP,14-inch,4GB
4,4.5299530029296875e-05,-6.125,Lenovo,13-inch,8GB,HP,14-inch,8GB
4,4.482269287109375e-05,-4.0,Lenovo,13-inch,8GB,HP,14-inch,16GB
4,4.5299530029296875e-05,-6.875,Lenovo,13-inch,8GB,HP,16-inch,4GB
4,4.5299530029296875e-05,-6.75,Lenovo,13-inch,8GB,HP,16-inch,8GB
4,4.5299530029296875e-05,-5.875,Lenovo,13-inch,8GB,HP,16-inch,16GB
4,4.5299530029296875e-05,-11.0,Lenovo,13-inch,8GB,Dell,13-inch,4GB
4,4.5299530029296875e-05,-6.625,Lenovo,13-inch,8GB,Dell,13-inch,8GB
4,4.5299530029296875e-05,-6.25,Lenovo,13-inch,8GB,Dell,13-inch,16GB
4,4.5299530029296875e-05,-9.125,Lenovo,13-inch,8GB,Dell,14-inch,4GB
4,4.5299530029296875e-05,-6.375,Lenovo,13-inch,8GB,Dell,14-inch,8GB
4,4.482269287109375e-05,-4.25,Lenovo,13-inch,8GB,Dell,14-inch,16GB
4,4.5299530029296875e-05,-7.875,Lenovo,13-inch,8GB,Dell,16-inch,4GB
4,4.5299530029296875e-05,-5.5,Lenovo,13-inch,8GB,Dell,16-inch,8GB
4,4.5299530029296875e-05,-6.0,Lenovo,13-inch,8GB,Dell,16-inch,16GB
4,4.5299530029296875e-05,-9.75,Lenovo,13-inch,8GB,Apple,13-inch,4GB
4,4.506111145019531e-05,-5.0,Lenovo,13-inch,8GB,Apple,13-inch,8GB
4,4.5299530029296875e-05,-6.25,Lenovo,13-inch,8GB,Apple,13-inch,16GB
4,4.5299530029296875e-05,-7.75,Lenovo,13-inch,8GB,Apple,14-inch,4GB
4,4.5299530029296875e-05,-7.25,Lenovo,13-inch,8GB,Apple,14-inch,8GB
4,4.506111145019531e-05,-4.625,Lenovo,13-inch,8GB,Apple,14-inch,16GB
4,4.5299530029296875e-05,-6.875,Lenovo,13-inch,8GB,Apple,16-inch,4GB
4,4.5299530029296875e-05,-6.375,Lenovo,13-inch,8GB,Apple,16-inch,8GB
4,4.5299530029296875e-05,-7.875,Lenovo,13-inch,8GB,Apple,16-inch,16GB
4,4.482269287109375e-05,-4.5,Lenovo,13-inch,16GB,ASUS,13-inch,4GB
4,4.5299530029296875e-05,-11.0,Lenovo,13-inch,16GB,ASUS,13-inch,8GB
4,4.5299530029296875e-05,-6.375,Lenovo,13-inch,16GB,ASUS,13-inch,16GB
4,4.4345855712890625e-05,-3.25,Lenovo,13-inch,16GB,ASUS,14-inch,4GB
4,4.5299530029296875e-05,-12.5,Lenovo,13-inch,16GB,ASUS,14-inch,8GB
4,4.5299530029296875e-05,-6.375,Lenovo,13-inch,16GB,ASUS,14-inch,16GB
4,4.506111145019531e-05,-4.75,Lenovo,13-inch,16GB,ASUS,16-inch,4GB
4,4.5299530029296875e-05,-11.375,Lenovo,13-inch,16GB,ASUS,16-inch,8GB
4,-2.956390380859375e-05,1.0,Lenovo,13-inch,16GB,ASUS,16-inch,16GB
4,4.5299530029296875e-05,-9.625,Lenovo,13-inch,16GB,Lenovo,13-inch,4GB
4,4.5299530029296875e-05,-10.0,Lenovo,13-inch,16GB,Lenovo,13-inch,8GB
4,-9.25,10.5,Lenovo,13-inch,16GB,Lenovo,14-inch,4GB
4,4.5299530029296875e-05,-11.75,Lenovo,13-inch,16GB,Lenovo,14-inch,8GB
4,4.291534423828125e-05,-2.5,Lenovo,13-inch,16GB,Lenovo,14-inch,16GB
4,-0.0002155303955078125,2.25,Lenovo,13-inch,16GB,Lenovo,16-inch,4GB
4,4.5299530029296875e-05,-16.125,Lenovo,13-inch,16GB,Lenovo,16-inch,8GB
4,-0.201171875,8.8125,Lenovo,13-inch,16GB,Lenovo,16-inch,16GB
4,4.482269287109375e-05,-4.125,Lenovo,13-inch,16GB,HP,13-inch,4GB
4,4.5299530029296875e-05,-10.875,Lenovo,13-inch,16GB,HP,13-inch,8GB
4,4.5299530029296875e-05,-6.625,Lenovo,13-inch,16GB,HP,13-inch,16GB
4,4.1484832763671875e-05,-2.0,Lenovo,13-inch,16GB,HP,14-inch,4GB
4,4.5299530029296875e-05,-12.375,Lenovo,13-inch,16GB,HP,14-inch,8GB
4,4.5299530029296875e-05,-5.75,Lenovo,13-inch,16GB,HP,14-inch,16GB
4,4.482269287109375e-05,-3.875,Lenovo,13-inch,16GB,HP,16-inch,4GB
4,4.5299530029296875e-05,-11.125,Lenovo,13-inch,16GB,HP,16-inch,8GB
4,0.0,0.5,Lenovo,13-inch,16GB,HP,16-inch,16GB
4,4.482269287109375e-05,-4.25,Lenovo,13-inch,16GB,Dell,13-inch,4GB
4,4.5299530029296875e-05,-11.375,Lenovo,13-inch,16GB,Dell,13-inch,8GB
4,4.5299530029296875e-05,-6.5,Lenovo,13-inch,16GB,Dell,13-inch,16GB
4,4.458427429199219e-05,-3.625,Lenovo,13-inch,16GB,Dell,14-inch,4GB
4,4.5299530029296875e-05,-12.5,Lenovo,13-inch,16GB,Dell,14-inch,8GB
4,4.5299530029296875e-05,-6.0,Lenovo,13-inch,16GB,Dell,14-inch,16GB
4,4.5299530029296875e-05,-5.125,Lenovo,13-inch,16GB,Dell,16-inch,4GB
4,4.5299530029296875e-05,-10.875,Lenovo,13-inch,16GB,Dell,16-inch,8GB
4,-5.054473876953125e-05,1.25,Lenovo,13-inch,16GB,Dell,16-inch,16GB
4,4.38690185546875e-05,-2.875,Lenovo,13-inch,16GB,Apple,13-inch,4GB
4,4.5299530029296875e-05,-11.125,Lenovo,13-inch,16GB,Apple,13-inch,8GB
4,4.482269287109375e-05,-4.375,Lenovo,13-inch,16GB,Apple,13-inch,16GB
4,4.100799560546875e-05,-1.875,Lenovo,13-inch,16GB,Apple,14-inch,4GB
4,4.5299530029296875e-05,-12.125,Lenovo,13-inch,16GB,Apple,14-inch,8GB
4,4.5299530029296875e-05,-5.875,Lenovo,13-inch,16GB,Apple,14-inch,16GB
4,4.410743713378906e-05,-3.125,Lenovo,13-inch,16GB,Apple,16-inch,4GB
4,4.5299530029296875e-05,-11.375,Lenovo,13-inch,16GB,Apple,16-inch,8GB
4,4.1484832763671875e-05,-2.0,Lenovo,13-inch,16GB,Apple,16-inch,16GB
4,4.506111145019531e-05,-5.0,Lenovo,14-inch,4GB,ASUS,13-inch,4GB
4,-19.125,10.5,Lenovo,14-inch,4GB,ASUS,13-inch,8GB
4,-16.375,10.5,Lenovo,14-inch,4GB,ASUS,13-inch,16GB
4,4.3392181396484375e-05,-2.75,Lenovo,14-inch,4GB,ASUS,14-inch,4GB
4,-18.75,10.5,Lenovo,14-inch,4GB,ASUS,14-inch,8GB
4,-17.0,10.5,Lenovo,14-inch,4GB,ASUS,14-inch,16GB
4,-4.03125,10.5,Lenovo,14-inch,4GB,ASUS,16-inch,4GB
4,-18.0,10.5,Lenovo,14-inch,4GB,ASUS,16-inch,8GB
4,-14.0,10.5,Lenovo,14-inch,4GB,ASUS,16-inch,16GB
4,4.482269287109375e-05,-4.5,Lenovo,14-inch,4GB,Lenovo,13-inch,4GB
4,-20.625,10.5,Lenovo,14-inch,4GB,Lenovo,13-inch,8GB
4,-17.5,10.5,Lenovo,14-inch,4GB,Lenovo,13-inch,16GB
4,-14.5,10.5,Lenovo,14-inch,4GB,Lenovo,14-inch,8GB
4,-11.75,10.5,Lenovo,14-inch,4GB,Lenovo,14-inch,16GB
4,-8.5,10.5,Lenovo,14-inch,4GB,Lenovo,16-inch,4GB
4,-19.25,10.5,Lenovo,14-inch,4GB,Lenovo,16-inch,8GB
4,-17.625,10.5,Lenovo,14-inch,4GB,Lenovo,16-inch,16GB
4,4.5299530029296875e-05,-6.5,Lenovo,14-inch,4GB,HP,13-inch,4GB
4,-19.625,10.5,Lenovo,14-inch,4GB,HP,13-inch,8GB
4,-16.375,10.5,Lenovo,14-inch,4GB,HP,13-inch,16GB
4,4.482269287109375e-05,-4.375,Lenovo,14-inch,4GB,HP,14-inch,4GB
4,-19.25,10.5,Lenovo,14-inch,4GB,HP,14-inch,8GB
4,-16.5,10.5,Lenovo,14-inch,4GB,HP,14-inch,16GB
4,-0.00112152099609375,3.75,Lenovo,14-inch,4GB,HP,16-inch,4GB
4,-19.75,10.5,Lenovo,14-inch,4GB,HP,16-inch,8GB
4,-14.625,10.5,Lenovo,14-inch,4GB,HP,16-inch,16GB
4,4.482269287109375e-05,-4.125,Lenovo,14-inch,4GB,Dell,13-inch,4GB
4,-20.0,10.5,Lenovo,14-inch,4GB,Dell,13-inch,8GB
4,-17.125,10.5,Lenovo,14-inch,4GB,Dell,13-inch,16GB
4,3.838539123535156e-05,-1.375,Lenovo,14-inch,4GB,Dell,14-inch,4GB
4,-18.125,10.5,Lenovo,14-inch,4GB,Dell,14-inch,8GB
4,-17.0,10.5,Lenovo,14-inch,4GB,Dell,14-inch,16GB
4,-0.474609375,9.5,Lenovo,14-inch,4GB,Dell,16-inch,4GB
4,-18.75,10.5,Lenovo,14-inch,4GB,Dell,16-inch,8GB
4,-14.875,10.5,Lenovo,14-inch,4GB,Dell,16-inch,16GB
4,4.458427429199219e-05,-3.625,Lenovo,14-inch,4GB,Apple,13-inch,4GB
4,-17.625,10.5,Lenovo,14-inch,4GB,Apple,13-inch,8GB
4,-14.5,10.5,Lenovo,14-inch,4GB,Apple,13-inch,16GB
4,4.0531158447265625e-05,-1.75,Lenovo,14-inch,4GB,Apple,14-inch,4GB
4,-17.125,10.5,Lenovo,14-inch,4GB,Apple,14-inch,8GB
4,-13.75,10.5,Lenovo,14-inch,4GB,Apple,14-inch,16GB
4,2.6345252990722656e-05,-0.375,Lenovo,14-inch,4GB,Apple,16-inch,4GB
4,-13.25,10.5,Lenovo,14-inch,4GB,Apple,16-inch,8GB
4,-10.75,10.5,Lenovo,14-inch,4GB,Apple,16-inch,16GB
4,4.5299530029296875e-05,-6.25,Lenovo,14-inch,8GB,ASUS,13-inch,4GB
4,4.5299530029296875e-05,-7.5,Lenovo,14-inch,8GB,ASUS,13-inch,8GB
4,4.482269287109375e-05,-4.375,Lenovo,14-inch,8GB,ASUS,13-inch,16GB
4,4.5299530029296875e-05,-9.125,Lenovo,14-inch,8GB,ASUS,14-inch,4GB
4,4.5299530029296875e-05,-7.125,Lenovo,14-inch,8GB,ASUS,14-inch,8GB
4,4.5299530029296875e-05,-6.5,Lenovo,14-inch,8GB,ASUS,14-inch,16GB
4,4.5299530029296875e-05,-5.75,Lenovo,14-inch,8GB,ASUS,16-inch,4GB
4,4.5299530029296875e-05,-5.25,Lenovo,14-inch,8GB,ASUS,16-inch,8GB
4,4.5299530029296875e-05,-5.5,Lenovo,14-inch,8GB,ASUS,16-inch,16GB
4,-9.25,10.5,Lenovo,14-inch,8GB,Lenovo,13-inch,4GB
4,4.4345855712890625e-05,-3.375,Lenovo,14-inch,8GB,Lenovo,13-inch,8GB
4,4.5299530029296875e-05,-5.125,Lenovo,14-inch,8GB,Lenovo,13-inch,16GB
4,4.5299530029296875e-05,-9.75,Lenovo,14-inch,8GB,Lenovo,14-inch,4GB
4,4.5299530029296875e-05,-7.875,Lenovo,14-inch,8GB,Lenovo,14-inch,16GB
4,4.3392181396484375e-05,-2.625,Lenovo,14-inch,8GB,Lenovo,16-inch,4GB
4,4.291534423828125e-05,-2.5,Lenovo,14-inch,8GB,Lenovo,16-inch,8GB
4,4.5299530029296875e-05,-5.75,Lenovo,14-inch,8GB,Lenovo,16-inch,16GB
4,4.5299530029296875e-05,-7.0,Lenovo,14-inch,8GB,HP,13-inch,4GB
4,4.5299530029296875e-05,-6.625,Lenovo,14-inch,8GB,HP,13-inch,8GB
4,4.4345855712890625e-05,-3.5,Lenovo,14-inch,8GB,HP,13-inch,16GB
4,4.5299530029296875e-05,-8.125,Lenovo,14-inch,8GB,HP,14-inch,4GB
4,4.5299530029296875e-05,-6.625,Lenovo,14-inch,8GB,HP,14-inch,8GB
4,4.5299530029296875e-05,-5.75,Lenovo,14-inch,8GB,HP,14-inch,16GB
4,4.506111145019531e-05,-4.75,Lenovo,14-inch,8GB,HP,16-inch,4GB
4,4.5299530029296875e-05,-6.625,Lenovo,14-inch,8GB,HP,16-inch,8GB
4,4.5299530029296875e-05,-5.625,Lenovo,14-inch,8GB,HP,16-inch,16GB
4,4.5299530029296875e-05,-6.75,Lenovo,14-inch,8GB,Dell,13-inch,4GB
4,4.5299530029296875e-05,-6.625,Lenovo,14-inch,8GB,Dell,13-inch,8GB
4,4.482269287109375e-05,-3.75,Lenovo,14-inch,8GB,Dell,13-inch,16GB
4,4.5299530029296875e-05,-9.125,Lenovo,14-inch,8GB,Dell,14-inch,4GB
4,4.5299530029296875e-05,-6.625,Lenovo,14-inch,8GB,Dell,14-inch,8GB
4,4.5299530029296875e-05,-6.25,Lenovo,14-inch,8GB,Dell,14-inch,16GB
4,4.5299530029296875e-05,-6.375,Lenovo,14-inch,8GB,Dell,16-inch,4GB
4,4.5299530029296875e-05,-6.0,Lenovo,14-inch,8GB,Dell,16-inch,8GB
4,4.5299530029296875e-05,-5.125,Lenovo,14-inch,8GB,Dell,16-inch,16GB
4,4.5299530029296875e-05,-8.125,Lenovo,14-inch,8GB,Apple,13-inch,4GB
4,4.506111145019531e-05,-4.75,Lenovo,14-inch,8GB,Apple,13-inch,8GB
4,4.482269287109375e-05,-4.125,Lenovo,14-inch,8GB,Apple,13-inch,16GB
4,4.5299530029296875e-05,-8.5,Lenovo,14-inch,8GB,Apple,14-inch,4GB
4,4.506111145019531e-05,-4.875,Lenovo,14-inch,8GB,Apple,14-inch,8GB
4,4.5299530029296875e-05,-5.875,Lenovo,14-inch,8GB,Apple,14-inch,16GB
4,4.5299530029296875e-05,-5.5,Lenovo,14-inch,8GB,Apple,16-inch,4GB
4,4.5299530029296875e-05,-7.75,Lenovo,14-inch,8GB,Apple,16-inch,8GB
4,4.5299530029296875e-05,-7.375,Lenovo,14-inch,8GB,Apple,16-inch,16GB
4,-9.75,10.5,Lenovo,14-inch,16GB,ASUS,13-inch,4GB
4,4.5299530029296875e-05,-10.125,Lenovo,14-inch,16GB,ASUS,13-inch,8GB
4,4.5299530029296875e-05,-6.25,Lenovo,14-inch,16GB,ASUS,13-inch,16GB
4,-0.0002155303955078125,2.25,Lenovo,14-inch,16GB,ASUS,14-inch,4GB
4,4.5299530029296875e-05,-10.75,Lenovo,14-inch,16GB,ASUS,14-inch,8GB
4,4.5299530029296875e-05,-6.125,Lenovo,14-inch,16GB,ASUS,14-inch,16GB
4,4.1961669921875e-05,-2.125,Lenovo,14-inch,16GB,ASUS,16-inch,4GB
4,4.5299530029296875e-05,-11.0,Lenovo,14-inch,16GB,ASUS,16-inch,8GB
4,-0.000133514404296875,1.875,Lenovo,14-inch,16GB,ASUS,16-inch,16GB
4,-14.25,10.5,Lenovo,14-inch,16GB,Lenovo,13-inch,4GB
4,4.5299530029296875e-05,-9.75,Lenovo,14-inch,16GB,Lenovo,13-inch,8GB
4,3.838539123535156e-05,-1.375,Lenovo,14-inch,16GB,Lenovo,13-inch,16GB
4,4.5299530029296875e-05,-7.625,Lenovo,14-inch,16GB,Lenovo,14-inch,4GB
4,4.5299530029296875e-05,-10.25,Lenovo,14-inch,16GB,Lenovo,14-inch,8GB
4,-3.765625,10.5,Lenovo,14-inch,16GB,Lenovo,16-inch,4GB
4,4.5299530029296875e-05,-11.125,Lenovo,14-inch,16GB,Lenovo,16-inch,8GB
4,-8.5,10.5,Lenovo,14-inch,16GB,Lenovo,16-inch,16GB
4,-8.75,10.5,Lenovo,14-inch,16GB,HP,13-inch,4GB
4,4.5299530029296875e-05,-10.25,Lenovo,14-inch,16GB,HP,13-inch,8GB
4,4.5299530029296875e-05,-5.5,Lenovo,14-inch,16GB,HP,13-inch,16GB
4,-0.008544921875,5.75,Lenovo,14-inch,16GB,HP,14-inch,4GB
4,4.5299530029296875e-05,-10.875,Lenovo,14-inch,16GB,HP,14-inch,8GB
4,4.5299530029296875e-05,-6.0,Lenovo,14-inch,16GB,HP,14-inch,16GB
4,-5.054473876953125e-05,1.25,Lenovo,14-inch,16GB,HP,16-inch,4GB
4,4.5299530029296875e-05,-11.125,Lenovo,14-inch,16GB,HP,16-inch,8GB
4,-0.00011301040649414062,1.75,Lenovo,14-inch,16GB,HP,16-inch,16GB
4,-8.0,10.5,Lenovo,14-inch,16GB,Dell,13-inch,4GB
4,4.5299530029296875e-05,-10.875,Lenovo,14-inch,16GB,Dell,13-inch,8GB
4,4.5299530029296875e-05,-5.875,Lenovo,14-inch,16GB,Dell,13-inch,16GB
4,-0.0001583099365234375,2.0,Lenovo,14-inch,16GB,Dell,14-inch,4GB
4,4.5299530029296875e-05,-11.0,Lenovo,14-inch,16GB,Dell,14-inch,8GB
4,4.5299530029296875e-05,-6.125,Lenovo,14-inch,16GB,Dell,14-inch,16GB
4,4.100799560546875e-05,-1.875,Lenovo,14-inch,16GB,Dell,16-inch,4GB
4,4.5299530029296875e-05,-11.375,Lenovo,14-inch,16GB,Dell,16-inch,8GB
4,-0.0001583099365234375,2.0,Lenovo,14-inch,16GB,Dell,16-inch,16GB
4,-0.008544921875,5.75,Lenovo,14-inch,16GB,Apple,13-inch,4GB
4,4.5299530029296875e-05,-11.25,Lenovo,14-inch,16GB,Apple,13-inch,8GB
4,4.482269287109375e-05,-4.375,Lenovo,14-inch,16GB,Apple,13-inch,16GB
4,1.7762184143066406e-05,0.0,Lenovo,14-inch,16GB,Apple,14-inch,4GB
4,4.5299530029296875e-05,-10.5,Lenovo,14-inch,16GB,Apple,14-inch,8GB
4,4.482269287109375e-05,-4.25,Lenovo,14-inch,16GB,Apple,14-inch,16GB
4,2.6345252990722656e-05,-0.375,Lenovo,14-inch,16GB,Apple,16-inch,4GB
4,4.5299530029296875e-05,-10.125,Lenovo,14-inch,16GB,Apple,16-inch,8GB
4,4.291534423828125e-05,-2.375,Lenovo,14-inch,16GB,Apple,16-inch,16GB
4,4.5299530029296875e-05,-7.25,Lenovo,16-inch,4GB,ASUS,13-inch,4GB
4,-17.375,10.5,Lenovo,16-inch,4GB,ASUS,13-inch,8GB
4,-0.0002899169921875,2.5,Lenovo,16-inch,4GB,ASUS,13-inch,16GB
4,4.5299530029296875e-05,-8.375,Lenovo,16-inch,4GB,ASUS,14-inch,4GB
4,-17.5,10.5,Lenovo,16-inch,4GB,ASUS,14-inch,8GB
4,-7.25,10.5,Lenovo,16-inch,4GB,ASUS,14-inch,16GB
4,4.38690185546875e-05,-2.875,Lenovo,16-inch,4GB,ASUS,16-inch,4GB
4,-17.0,10.5,Lenovo,16-inch,4GB,ASUS,16-inch,8GB
4,-0.00518798828125,5.25,Lenovo,16-inch,4GB,ASUS,16-inch,16GB
4,4.5299530029296875e-05,-12.625,Lenovo,16-inch,4GB,Lenovo,13-inch,4GB
4,-20.75,10.5,Lenovo,16-inch,4GB,Lenovo,13-inch,8GB
4,-9.5,10.5,Lenovo,16-inch,4GB,Lenovo,13-inch,16GB
4,4.5299530029296875e-05,-10.625,Lenovo,16-inch,4GB,Lenovo,14-inch,4GB
4,-20.75,10.5,Lenovo,16-inch,4GB,Lenovo,14-inch,8GB
4,-12.5,10.5,Lenovo,16-inch,4GB,Lenovo,14-inch,16GB
4,-11.625,10.5,Lenovo,16-inch,4GB,Lenovo,16-inch,8GB
4,-9.375,10.5,Lenovo,16-inch,4GB,Lenovo,16-inch,16GB
4,4.5299530029296875e-05,-8.0,Lenovo,16-inch,4GB,HP,13-inch,4GB
4,-18.0,10.5,Lenovo,16-inch,4GB,HP,13-inch,8GB
4,-0.000385284423828125,2.75,Lenovo,16-inch,4GB,HP,13-inch,16GB
4,4.5299530029296875e-05,-9.0,Lenovo,16-inch,4GB,HP,14-inch,4GB
4,-18.125,10.5,Lenovo,16-inch,4GB,HP,14-inch,8GB
4,-8.75,10.5,Lenovo,16-inch,4GB,HP,14-inch,16GB
4,4.506111145019531e-05,-5.0,Lenovo,16-inch,4GB,HP,16-inch,4GB
4,-18.0,10.5,Lenovo,16-inch,4GB,HP,16-inch,8GB
4,-0.000385284423828125,2.75,Lenovo,16-inch,4GB,HP,16-inch,16GB
4,4.5299530029296875e-05,-7.125,Lenovo,16-inch,4GB,Dell,13-inch,4GB
4,-18.375,10.5,Lenovo,16-inch,4GB,Dell,13-inch,8GB
4,-0.000507354736328125,3.0,Lenovo,16-inch,4GB,Dell,13-inch,16GB
4,4.5299530029296875e-05,-8.25,Lenovo,16-inch,4GB,Dell,14-inch,4GB
4,-18.625,10.5,Lenovo,16-inch,4GB,Dell,14-inch,8GB
4,-9.0,10.5,Lenovo,16-inch,4GB,Dell,14-inch,16GB
4,4.00543212890625e-05,-1.625,Lenovo,16-inch,4GB,Dell,16-inch,4GB
4,-17.75,10.5,Lenovo,16-inch,4GB,Dell,16-inch,8GB
4,-5.75,10.5,Lenovo,16-inch,4GB,Dell,16-inch,16GB
4,4.482269287109375e-05,-4.25,Lenovo,16-inch,4GB,Apple,13-inch,4GB
4,-16.0,10.5,Lenovo,16-inch,4GB,Apple,13-inch,8GB
4,-0.00188446044921875,4.25,Lenovo,16-inch,4GB,Apple,13-inch,16GB
4,4.5299530029296875e-05,-6.25,Lenovo,16-inch,4GB,Apple,14-inch,4GB
4,-15.5,10.5,Lenovo,16-inch,4GB,Apple,14-inch,8GB
4,-7.25,10.5,Lenovo,16-inch,4GB,Apple,14-inch,16GB
4,4.291534423828125e-05,-2.375,Lenovo,16-inch,4GB,Apple,16-inch,4GB
4,-15.375,10.5,Lenovo,16-inch,4GB,Apple,16-inch,8GB
4,-0.00011301040649414062,1.75,Lenovo,16-inch,4GB,Apple,16-inch,16GB
4,4.0531158447265625e-05,-1.75,Lenovo,16-inch,8GB,ASUS,13-inch,4GB
4,4.5299530029296875e-05,-6.375,Lenovo,16-inch,8GB,ASUS,13-inch,8GB
4,-1.140625,10.125,Lenovo,16-inch,8GB,ASUS,13-inch,16GB
4,-7.772445678710938e-05,1.5,Lenovo,16-inch,8GB,ASUS,14-inch,4GB
4,4.5299530029296875e-05,-5.75,Lenovo,16-inch,8GB,ASUS,14-inch,8GB
4,-8.0,10.5,Lenovo,16-inch,8GB,ASUS,14-inch,16GB
4,4.482269287109375e-05,-3.875,Lenovo,16-inch,8GB,ASUS,16-inch,4GB
4,4.5299530029296875e-05,-6.0,Lenovo,16-inch,8GB,ASUS,16-inch,8GB
4,-0.0002899169921875,2.5,Lenovo,16-inch,8GB,ASUS,16-inch,16GB
4,-8.75,10.5,Lenovo,16-inch,8GB,Lenovo,13-inch,4GB
4,4.506111145019531e-05,-4.75,Lenovo,16-inch,8GB,Lenovo,13-inch,8GB
4,-9.25,10.5,Lenovo,16-inch,8GB,Lenovo,13-inch,16GB
4,-10.75,10.5,Lenovo,16-inch,8GB,Lenovo,14-inch,4GB
4,4.5299530029296875e-05,-6.125,Lenovo,16-inch,8GB,Lenovo,14-inch,8GB
4,-12.0,10.5,Lenovo,16-inch,8GB,Lenovo,14-inch,16GB
4,4.5299530029296875e-05,-6.875,Lenovo,16-inch,8GB,Lenovo,16-inch,4GB
4,-0.0181884765625,6.46875,Lenovo,16-inch,8GB,Lenovo,16-inch,16GB
4,4.2438507080078125e-05,-2.25,Lenovo,16-inch,8GB,HP,13-inch,4GB
4,4.5299530029296875e-05,-5.625,Lenovo,16-inch,8GB,HP,13-inch,8GB
4,-6.25,10.5,Lenovo,16-inch,8GB,HP,13-inch,16GB
4,-7.772445678710938e-05,1.5,Lenovo,16-inch,8GB,HP,14-inch,4GB
4,4.5299530029296875e-05,-5.125,Lenovo,16-inch,8GB,HP,14-inch,8GB
4,-9.25,10.5,Lenovo,16-inch,8GB,HP,14-inch,16GB
4,4.458427429199219e-05,-3.625,Lenovo,16-inch,8GB,HP,16-inch,4GB
4,4.5299530029296875e-05,-5.75,Lenovo,16-inch,8GB,HP,16-inch,8GB
4,-0.000385284423828125,2.75,Lenovo,16-inch,8GB,HP,16-inch,16GB
4,4.482269287109375e-05,-3.875,Lenovo,16-inch,8GB,Dell,13-inch,4GB
4,4.5299530029296875e-05,-5.625,Lenovo,16-inch,8GB,Dell,13-inch,8GB
4,-6.75,10.5,Lenovo,16-inch,8GB,Dell,13-inch,16GB
4,3.910064697265625e-05,-1.5,Lenovo,16-inch,8GB,Dell,14-inch,4GB
4,4.5299530029296875e-05,-5.125,Lenovo,16-inch,8GB,Dell,14-inch,8GB
4,-9.5,10.5,Lenovo,16-inch,8GB,Dell,14-inch,16GB
4,4.5299530029296875e-05,-5.375,Lenovo,16-inch,8GB,Dell,16-inch,4GB
4,4.506111145019531e-05,-4.875,Lenovo,16-inch,8GB,Dell,16-inch,8GB
4,-0.0031280517578125,4.75,Lenovo,16-inch,8GB,Dell,16-inch,16GB
4,4.1484832763671875e-05,-2.0,Lenovo,16-inch,8GB,Apple,13-inch,4GB
4,4.4345855712890625e-05,-3.5,Lenovo,16-inch,8GB,Apple,13-inch,8GB
4,-0.0791015625,7.9375,Lenovo,16-inch,8GB,Apple,13-inch,16GB
4,-7.772445678710938e-05,1.5,Lenovo,16-inch,8GB,Apple,14-inch,4GB
4,4.482269287109375e-05,-3.75,Lenovo,16-inch,8GB,Apple,14-inch,8GB
4,-6.5,10.5,Lenovo,16-inch,8GB,Apple,14-inch,16GB
4,4.482269287109375e-05,-3.75,Lenovo,16-inch,8GB,Apple,16-inch,4GB
4,4.4345855712890625e-05,-3.5,Lenovo,16-inch,8GB,Apple,16-inch,8GB
4,-5.054473876953125e-05,1.25,Lenovo,16-inch,8GB,Apple,16-inch,16GB
4,-11.5,10.5,Lenovo,16-inch,16GB,ASUS,13-inch,4GB
4,4.482269287109375e-05,-4.125,Lenovo,16-inch,16GB,ASUS,13-inch,8GB
4,-0.00066375732421875,3.25,Lenovo,16-inch,16GB,ASUS,13-inch,16GB
4,-12.0,10.5,Lenovo,16-inch,16GB,ASUS,14-inch,4GB
4,4.410743713378906e-05,-3.125,Lenovo,16-inch,16GB,ASUS,14-inch,8GB
4,-0.0002899169921875,2.5,Lenovo,16-inch,16GB,ASUS,14-inch,16GB
4,-0.023193359375,6.75,Lenovo,16-inch,16GB,ASUS,16-inch,4GB
4,4.482269287109375e-05,-3.75,Lenovo,16-inch,16GB,ASUS,16-inch,8GB
4,4.410743713378906e-05,-3.125,Lenovo,16-inch,16GB,ASUS,16-inch,16GB
4,-15.375,10.5,Lenovo,16-inch,16GB,Lenovo,13-inch,4GB
4,3.910064697265625e-05,-1.5,Lenovo,16-inch,16GB,Lenovo,13-inch,8GB
4,-0.0002899169921875,2.5,Lenovo,16-inch,16GB,Lenovo,13-inch,16GB
4,-16.5,10.5,Lenovo,16-inch,16GB,Lenovo,14-inch,4GB
4,3.838539123535156e-05,-1.375,Lenovo,16-inch,16GB,Lenovo,14-inch,8GB
4,-0.00011301040649414062,1.75,Lenovo,16-inch,16GB,Lenovo,14-inch,16GB
4,2.384185791015625e-05,-0.25,Lenovo,16-inch,16GB,Lenovo,16-inch,4GB
4,4.1961669921875e-05,-2.125,Lenovo,16-inch,16GB,Lenovo,16-inch,8GB
4,-10.0,10.5,Lenovo,16-inch,16GB,HP,13-inch,4GB
4,4.5299530029296875e-05,-5.375,Lenovo,16-inch,16GB,HP,13-inch,8GB
4,-0.0004425048828125,2.875,Lenovo,16-inch,16GB,HP,13-inch,16GB
4,-11.25,10.5,Lenovo,16-inch,16GB,HP,14-inch,4GB
4,4.506111145019531e-05,-4.75,Lenovo,16-inch,16GB,HP,14-inch,8GB
4,-0.0002155303955078125,2.25,Lenovo,16-inch,16GB,HP,14-inch,16GB
4,-0.201171875,8.8125,Lenovo,16-inch,16GB,HP,16-inch,4GB
4,4.458427429199219e-05,-3.625,Lenovo,16-inch,16GB,HP,16-inch,8GB
4,4.4345855712890625e-05,-3.375,Lenovo,16-inch,16GB,HP,16-inch,16GB
4,-9.75,10.5,Lenovo,16-inch,16GB,Dell,13-inch,4GB
4,4.5299530029296875e-05,-5.375,Lenovo,16-inch,16GB,Dell,13-inch,8GB
4,-0.0002498626708984375,2.375,Lenovo,16-inch,16GB,Dell,13-inch,16GB
4,-10.75,10.5,Lenovo,16-inch,16GB,Dell,14-inch,4GB
4,4.506111145019531e-05,-5.0,Lenovo,16-inch,16GB,Dell,14-inch,8GB
4,-0.00011301040649414062,1.75,Lenovo,16-inch,16GB,Dell,14-inch,16GB
4,-0.00066375732421875,3.25,Lenovo,16-inch,16GB,Dell,16-inch,4GB
4,4.482269287109375e-05,-4.25,Lenovo,16-inch,16GB,Dell,16-inch,8GB
4,4.291534423828125e-05,-2.5,Lenovo,16-inch,16GB,Dell,16-inch,16GB
4,-7.25,10.5,Lenovo,16-inch,16GB,Apple,13-inch,4GB
4,4.5299530029296875e-05,-6.0,Lenovo,16-inch,16GB,Apple,13-inch,8GB
4,1.0013580322265625e-05,0.25,Lenovo,16-inch,16GB,Apple,13-inch,16GB
4,-8.75,10.5,Lenovo,16-inch,16GB,Apple,14-inch,4GB
4,4.506111145019531e-05,-4.875,Lenovo,16-inch,16GB,Apple,14-inch,8GB
4,-5.054473876953125e-05,1.25,Lenovo,16-inch,16GB,Apple,14-inch,16GB
4,-5.054473876953125e-05,1.25,Lenovo,16-inch,16GB,Apple,16-inch,4GB
4,4.5299530029296875e-05,-6.125,Lenovo,16-inch,16GB,Apple,16-inch,8GB
4,4.1484832763671875e-05,-2.0,Lenovo,16-inch,16GB,Apple,16-inch,16GB
4,-0.00165557861328125,4.125,HP,13-inch,4GB,ASUS,13-inch,4GB
4,-18.625,10.5,HP,13-inch,4GB,ASUS,13-inch,8GB
4,-15.875,10.5,HP,13-inch,4GB,ASUS,13-inch,16GB
4,-0.00066375732421875,3.25,HP,13-inch,4GB,ASUS,14-inch,4GB
4,-19.375,10.5,HP,13-inch,4GB,ASUS,14-inch,8GB
4,-16.5,10.5,HP,13-inch,4GB,ASUS,14-inch,16GB
4,-10.625,10.5,HP,13-inch,4GB,ASUS,16-inch,4GB
4,-17.75,10.5,HP,13-inch,4GB,ASUS,16-inch,8GB
4,-14.0,10.5,HP,13-inch,4GB,ASUS,16-inch,16GB
4,-3.28125,10.4375,HP,13-inch,4GB,Lenovo,13-inch,4GB
4,-18.5,10.5,HP,13-inch,4GB,Lenovo,13-inch,8GB
4,-15.5,10.5,HP,13-inch,4GB,Lenovo,13-inch,16GB
4,-0.69140625,9.8125,HP,13-inch,4GB,Lenovo,14-inch,4GB
4,-19.375,10.5,HP,13-inch,4GB,Lenovo,14-inch,8GB
4,-16.5,10.5,HP,13-inch,4GB,Lenovo,14-inch,16GB
4,-9.875,10.5,HP,13-inch,4GB,Lenovo,16-inch,4GB
4,-16.875,10.5,HP,13-inch,4GB,Lenovo,16-inch,8GB
4,-14.5,10.5,HP,13-inch,4GB,Lenovo,16-inch,16GB
4,-14.0,10.5,HP,13-inch,4GB,HP,13-inch,8GB
4,-11.25,10.5,HP,13-inch,4GB,HP,13-inch,16GB
4,2.384185791015625e-05,-0.25,HP,13-inch,4GB,HP,14-inch,4GB
4,-20.875,10.5,HP,13-inch,4GB,HP,14-inch,8GB
4,-18.5,10.5,HP,13-inch,4GB,HP,14-inch,16GB
4,-9.25,10.5,HP,13-inch,4GB,HP,16-inch,4GB
4,-18.5,10.5,HP,13-inch,4GB,HP,16-inch,8GB
4,-17.625,10.5,HP,13-inch,4GB,HP,16-inch,16GB
4,-0.000507354736328125,3.0,HP,13-inch,4GB,Dell,13-inch,4GB
4,-19.125,10.5,HP,13-inch,4GB,Dell,13-inch,8GB
4,-15.75,10.5,HP,13-inch,4GB,Dell,13-inch,16GB
4,-0.000507354736328125,3.0,HP,13-inch,4GB,Dell,14-inch,4GB
4,-19.75,10.5,HP,13-inch,4GB,Dell,14-inch,8GB
4,-16.875,10.5,HP,13-inch,4GB,Dell,14-inch,16GB
4,-9.375,10.5,HP,13-inch,4GB,Dell,16-inch,4GB
4,-18.5,10.5,HP,13-inch,4GB,Dell,16-inch,8GB
4,-15.125,10.5,HP,13-inch,4GB,Dell,16-inch,16GB
4,-0.10009765625,8.125,HP,13-inch,4GB,Apple,13-inch,4GB
4,-17.75,10.5,HP,13-inch,4GB,Apple,13-inch,8GB
4,-13.75,10.5,HP,13-inch,4GB,Apple,13-inch,16GB
4,-0.0002155303955078125,2.25,HP,13-inch,4GB,Apple,14-inch,4GB
4,-18.5,10.5,HP,13-inch,4GB,Apple,14-inch,8GB
4,-15.5,10.5,HP,13-inch,4GB,Apple,14-inch,16GB
4,-4.25,10.5,HP,13-inch,4GB,Apple,16-inch,4GB
4,-12.5,10.5,HP,13-inch,4GB,Apple,16-inch,8GB
4,-11.5,10.5,HP,13-inch,4GB,Apple,16-inch,16GB
4,4.5299530029296875e-05,-10.5,HP,13-inch,8GB,ASUS,13-inch,4GB
4,4.5299530029296875e-05,-7.25,HP,13-inch,8GB,ASUS,13-inch,8GB
4,4.5299530029296875e-05,-8.625,HP,13-inch,8GB,ASUS,13-inch,16GB
4,4.5299530029296875e-05,-8.25,HP,13-inch,8GB,ASUS,14-inch,4GB
4,4.5299530029296875e-05,-6.75,HP,13-inch,8GB,ASUS,14-inch,8GB
4,4.5299530029296875e-05,-5.5,HP,13-inch,8GB,ASUS,14-inch,16GB
4,4.5299530029296875e-05,-6.75,HP,13-inch,8GB,ASUS,16-inch,4GB
4,4.482269287109375e-05,-3.75,HP,13-inch,8GB,ASUS,16-inch,8GB
4,4.5299530029296875e-05,-6.5,HP,13-inch,8GB,ASUS,16-inch,16GB
4,4.5299530029296875e-05,-9.375,HP,13-inch,8GB,Lenovo,13-inch,4GB
4,4.5299530029296875e-05,-6.5,HP,13-inch,8GB,Lenovo,13-inch,8GB
4,4.5299530029296875e-05,-7.5,HP,13-inch,8GB,Lenovo,13-inch,16GB
4,4.5299530029296875e-05,-7.125,HP,13-inch,8GB,Lenovo,14-inch,4GB
4,4.5299530029296875e-05,-6.0,HP,13-inch,8GB,Lenovo,14-inch,8GB
4,4.5299530029296875e-05,-5.375,HP,13-inch,8GB,Lenovo,14-inch,16GB
4,4.5299530029296875e-05,-5.125,HP,13-inch,8GB,Lenovo,16-inch,4GB
4,4.482269287109375e-05,-3.75,HP,13-inch,8GB,Lenovo,16-inch,8GB
4,4.5299530029296875e-05,-6.125,HP,13-inch,8GB,Lenovo,16-inch,16GB
4,4.5299530029296875e-05,-11.375,HP,13-inch,8GB,HP,13-inch,4GB
4,4.5299530029296875e-05,-8.75,HP,13-inch,8GB,HP,13-inch,16GB
4,1.0013580322265625e-05,0.25,HP,13-inch,8GB,HP,14-inch,4GB
4,4.482269287109375e-05,-3.75,HP,13-inch,8GB,HP,14-inch,8GB
4,4.5299530029296875e-05,-7.0,HP,13-inch,8GB,HP,14-inch,16GB
4,4.5299530029296875e-05,-5.125,HP,13-inch,8GB,HP,16-inch,4GB
4,4.410743713378906e-05,-3.125,HP,13-inch,8GB,HP,16-inch,8GB
4,4.5299530029296875e-05,-7.0,HP,13-inch,8GB,HP,16-inch,16GB
4,4.5299530029296875e-05,-11.375,HP,13-inch,8GB,Dell,13-inch,4GB
4,4.5299530029296875e-05,-6.5,HP,13-inch,8GB,Dell,13-inch,8GB
4,4.5299530029296875e-05,-7.375,HP,13-inch,8GB,Dell,13-inch,16GB
4,4.5299530029296875e-05,-9.375,HP,13-inch,8GB,Dell,14-inch,4GB
4,4.5299530029296875e-05,-5.875,HP,13-inch,8GB,Dell,14-inch,8GB
4,4.5299530029296875e-05,-5.75,HP,13-inch,8GB,Dell,14-inch,16GB
4,4.5299530029296875e-05,-7.5,HP,13-inch,8GB,Dell,16-inch,4GB
4,4.410743713378906e-05,-3.125,HP,13-inch,8GB,Dell,16-inch,8GB
4,4.5299530029296875e-05,-6.25,HP,13-inch,8GB,Dell,16-inch,16GB
4,4.5299530029296875e-05,-10.25,HP,13-inch,8GB,Apple,13-inch,4GB
4,4.506111145019531e-05,-5.0,HP,13-inch,8GB,Apple,13-inch,8GB
4,4.5299530029296875e-05,-7.75,HP,13-inch,8GB,Apple,13-inch,16GB
4,4.5299530029296875e-05,-7.375,HP,13-inch,8GB,Apple,14-inch,4GB
4,4.5299530029296875e-05,-7.25,HP,13-inch,8GB,Apple,14-inch,8GB
4,4.5299530029296875e-05,-6.25,HP,13-inch,8GB,Apple,14-inch,16GB
4,4.5299530029296875e-05,-6.375,HP,13-inch,8GB,Apple,16-inch,4GB
4,4.5299530029296875e-05,-6.375,HP,13-inch,8GB,Apple,16-inch,8GB
4,4.5299530029296875e-05,-8.75,HP,13-inch,8GB,Apple,16-inch,16GB
4,4.100799560546875e-05,-1.875,HP,13-inch,16GB,ASUS,13-inch,4GB
4,4.5299530029296875e-05,-11.0,HP,13-inch,16GB,ASUS,13-inch,8GB
4,4.5299530029296875e-05,-6.625,HP,13-inch,16GB,ASUS,13-inch,16GB
4,4.2438507080078125e-05,-2.25,HP,13-inch,16GB,ASUS,14-inch,4GB
4,4.5299530029296875e-05,-12.25,HP,13-inch,16GB,ASUS,14-inch,8GB
4,4.5299530029296875e-05,-5.875,HP,13-inch,16GB,ASUS,14-inch,16GB
4,4.482269287109375e-05,-4.125,HP,13-inch,16GB,ASUS,16-inch,4GB
4,4.5299530029296875e-05,-11.0,HP,13-inch,16GB,ASUS,16-inch,8GB
4,-0.00112152099609375,3.75,HP,13-inch,16GB,ASUS,16-inch,16GB
4,-0.0002155303955078125,2.25,HP,13-inch,16GB,Lenovo,13-inch,4GB
4,4.5299530029296875e-05,-10.5,HP,13-inch,16GB,Lenovo,13-inch,8GB
4,4.5299530029296875e-05,-6.375,HP,13-inch,16GB,Lenovo,13-inch,16GB
4,-0.00145721435546875,4.0,HP,13-inch,16GB,Lenovo,14-inch,4GB
4,4.5299530029296875e-05,-11.75,HP,13-inch,16GB,Lenovo,14-inch,8GB
4,4.5299530029296875e-05,-5.625,HP,13-inch,16GB,Lenovo,14-inch,16GB
4,3.0517578125e-05,-0.625,HP,13-inch,16GB,Lenovo,16-inch,4GB
4,4.5299530029296875e-05,-10.625,HP,13-inch,16GB,Lenovo,16-inch,8GB
4,-0.010986328125,6.0,HP,13-inch,16GB,Lenovo,16-inch,16GB
4,4.5299530029296875e-05,-9.75,HP,13-inch,16GB,HP,13-inch,4GB
4,4.5299530029296875e-05,-10.375,HP,13-inch,16GB,HP,13-inch,8GB
4,-8.5,10.5,HP,13-inch,16GB,HP,14-inch,4GB
4,4.5299530029296875e-05,-12.0,HP,13-inch,16GB,HP,14-inch,8GB
4,4.482269287109375e-05,-3.75,HP,13-inch,16GB,HP,14-inch,16GB
4,-0.00011301040649414062,1.75,HP,13-inch,16GB,HP,16-inch,4GB
4,4.5299530029296875e-05,-16.0,HP,13-inch,16GB,HP,16-inch,8GB
4,-1.3125,10.1875,HP,13-inch,16GB,HP,16-inch,16GB
4,4.3392181396484375e-05,-2.75,HP,13-inch,16GB,Dell,13-inch,4GB
4,4.5299530029296875e-05,-11.375,HP,13-inch,16GB,Dell,13-inch,8GB
4,4.5299530029296875e-05,-6.5,HP,13-inch,16GB,Dell,13-inch,16GB
4,4.458427429199219e-05,-3.625,HP,13-inch,16GB,Dell,14-inch,4GB
4,4.5299530029296875e-05,-12.625,HP,13-inch,16GB,Dell,14-inch,8GB
4,4.5299530029296875e-05,-5.625,HP,13-inch,16GB,Dell,14-inch,16GB
4,4.506111145019531e-05,-4.625,HP,13-inch,16GB,Dell,16-inch,4GB
4,4.5299530029296875e-05,-11.375,HP,13-inch,16GB,Dell,16-inch,8GB
4,-0.000865936279296875,3.5,HP,13-inch,16GB,Dell,16-inch,16GB
4,4.1961669921875e-05,-2.125,HP,13-inch,16GB,Apple,13-inch,4GB
4,4.5299530029296875e-05,-11.375,HP,13-inch,16GB,Apple,13-inch,8GB
4,4.458427429199219e-05,-3.625,HP,13-inch,16GB,Apple,13-inch,16GB
4,3.24249267578125e-05,-0.75,HP,13-inch,16GB,Apple,14-inch,4GB
4,4.5299530029296875e-05,-11.875,HP,13-inch,16GB,Apple,14-inch,8GB
4,4.5299530029296875e-05,-5.875,HP,13-inch,16GB,Apple,14-inch,16GB
4,4.291534423828125e-05,-2.5,HP,13-inch,16GB,Apple,16-inch,4GB
4,4.5299530029296875e-05,-10.75,HP,13-inch,16GB,Apple,16-inch,8GB
4,1.0013580322265625e-05,0.25,HP,13-inch,16GB,Apple,16-inch,16GB
4,-0.0001583099365234375,2.0,HP,14-inch,4GB,ASUS,13-inch,4GB
4,-19.875,10.5,HP,14-inch,4GB,ASUS,13-inch,8GB
4,-17.25,10.5,HP,14-inch,4GB,ASUS,13-inch,16GB
4,-0.0031280517578125,4.75,HP,14-inch,4GB,ASUS,14-inch,4GB
4,-18.875,10.5,HP,14-inch,4GB,ASUS,14-inch,8GB
4,-16.5,10.5,HP,14-inch,4GB,ASUS,14-inch,16GB
4,-10.25,10.5,HP,14-inch,4GB,ASUS,16-inch,4GB
4,-18.625,10.5,HP,14-inch,4GB,ASUS,16-inch,8GB
4,-14.25,10.5,HP,14-inch,4GB,ASUS,16-inch,16GB
4,-0.201171875,8.8125,HP,14-inch,4GB,Lenovo,13-inch,4GB
4,-19.75,10.5,HP,14-inch,4GB,Lenovo,13-inch,8GB
4,-16.625,10.5,HP,14-inch,4GB,Lenovo,13-inch,16GB
4,-3.28125,10.4375,HP,14-inch,4GB,Lenovo,14-inch,4GB
4,-18.125,10.5,HP,14-inch,4GB,Lenovo,14-inch,8GB
4,-16.5,10.5,HP,14-inch,4GB,Lenovo,14-inch,16GB
4,-9.875,10.5,HP,14-inch,4GB,Lenovo,16-inch,4GB
4,-18.125,10.5,HP,14-inch,4GB,Lenovo,16-inch,8GB
4,-14.875,10.5,HP,14-inch,4GB,Lenovo,16-inch,16GB
4,4.4345855712890625e-05,-3.25,HP,14-inch,4GB,HP,13-inch,4GB
4,-21.125,10.5,HP,14-inch,4GB,HP,13-inch,8GB
4,-18.125,10.5,HP,14-inch,4GB,HP,13-inch,16GB
4,-15.0,10.5,HP,14-inch,4GB,HP,14-inch,8GB
4,-12.125,10.5,HP,14-inch,4GB,HP,14-inch,16GB
4,-9.5,10.5,HP,14-inch,4GB,HP,16-inch,4GB
4,-20.25,10.5,HP,14-inch,4GB,HP,16-inch,8GB
4,-18.125,10.5,HP,14-inch,4GB,HP,16-inch,16GB
4,-0.000133514404296875,1.875,HP,14-inch,4GB,Dell,13-inch,4GB
4,-20.125,10.5,HP,14-inch,4GB,Dell,13-inch,8GB
4,-16.875,10.5,HP,14-inch,4GB,Dell,13-inch,16GB
4,-0.0024261474609375,4.5,HP,14-inch,4GB,Dell,14-inch,4GB
4,-18.75,10.5,HP,14-inch,4GB,Dell,14-inch,8GB
4,-17.0,10.5,HP,14-inch,4GB,Dell,14-inch,16GB
4,-9.375,10.5,HP,14-inch,4GB,Dell,16-inch,4GB
4,-19.25,10.5,HP,14-inch,4GB,Dell,16-inch,8GB
4,-15.125,10.5,HP,14-inch,4GB,Dell,16-inch,16GB
4,-5.054473876953125e-05,1.25,HP,14-inch,4GB,Apple,13-inch,4GB
4,-18.75,10.5,HP,14-inch,4GB,Apple,13-inch,8GB
4,-15.125,10.5,HP,14-inch,4GB,Apple,13-inch,16GB
4,-0.0002155303955078125,2.25,HP,14-inch,4GB,Apple,14-inch,4GB
4,-17.75,10.5,HP,14-inch,4GB,Apple,14-inch,8GB
4,-13.5,10.5,HP,14-inch,4GB,Apple,14-inch,16GB
4,-0.0031280517578125,4.75,HP,14-inch,4GB,Apple,16-inch,4GB
4,-14.75,10.5,HP,14-inch,4GB,Apple,16-inch,8GB
4,-12.0,10.5,HP,14-inch,4GB,Apple,16-inch,16GB
4,4.506111145019531e-05,-5.0,HP,14-inch,8GB,ASUS,13-inch,4GB
4,4.5299530029296875e-05,-7.5,HP,14-inch,8GB,ASUS,13-inch,8GB
4,4.5299530029296875e-05,-5.25,HP,14-inch,8GB,ASUS,13-inch,16GB
4,4.5299530029296875e-05,-8.625,HP,14-inch,8GB,ASUS,14-inch,4GB
4,4.5299530029296875e-05,-7.25,HP,14-inch,8GB,ASUS,14-inch,8GB
4,4.5299530029296875e-05,-8.25,HP,14-inch,8GB,ASUS,14-inch,16GB
4,4.506111145019531e-05,-5.0,HP,14-inch,8GB,ASUS,16-inch,4GB
4,4.506111145019531e-05,-4.625,HP,14-inch,8GB,ASUS,16-inch,8GB
4,4.5299530029296875e-05,-6.625,HP,14-inch,8GB,ASUS,16-inch,16GB
4,3.743171691894531e-05,-1.25,HP,14-inch,8GB,Lenovo,13-inch,4GB
4,4.5299530029296875e-05,-6.75,HP,14-inch,8GB,Lenovo,13-inch,8GB
4,4.482269287109375e-05,-4.5,HP,14-inch,8GB,Lenovo,13-inch,16GB
4,4.5299530029296875e-05,-7.25,HP,14-inch,8GB,Lenovo,14-inch,4GB
4,4.5299530029296875e-05,-6.75,HP,14-inch,8GB,Lenovo,14-inch,8GB
4,4.5299530029296875e-05,-7.375,HP,14-inch,8GB,Lenovo,14-inch,16GB
4,4.458427429199219e-05,-3.625,HP,14-inch,8GB,Lenovo,16-inch,4GB
4,4.482269287109375e-05,-4.5,HP,14-inch,8GB,Lenovo,16-inch,8GB
4,4.5299530029296875e-05,-5.625,HP,14-inch,8GB,Lenovo,16-inch,16GB
4,-9.25,10.5,HP,14-inch,8GB,HP,13-inch,4GB
4,4.482269287109375e-05,-4.0,HP,14-inch,8GB,HP,13-inch,8GB
4,4.5299530029296875e-05,-5.5,HP,14-inch,8GB,HP,13-inch,16GB
4,4.5299530029296875e-05,-9.5,HP,14-inch,8GB,HP,14-inch,4GB
4,4.5299530029296875e-05,-8.625,HP,14-inch,8GB,HP,14-inch,16GB
4,4.4345855712890625e-05,-3.5,HP,14-inch,8GB,HP,16-inch,4GB
4,4.3392181396484375e-05,-2.75,HP,14-inch,8GB,HP,16-inch,8GB
4,4.5299530029296875e-05,-6.75,HP,14-inch,8GB,HP,16-inch,16GB
4,4.5299530029296875e-05,-6.125,HP,14-inch,8GB,Dell,13-inch,4GB
4,4.5299530029296875e-05,-6.25,HP,14-inch,8GB,Dell,13-inch,8GB
4,4.506111145019531e-05,-4.875,HP,14-inch,8GB,Dell,13-inch,16GB
4,4.5299530029296875e-05,-9.5,HP,14-inch,8GB,Dell,14-inch,4GB
4,4.5299530029296875e-05,-6.5,HP,14-inch,8GB,Dell,14-inch,8GB
4,4.5299530029296875e-05,-6.875,HP,14-inch,8GB,Dell,14-inch,16GB
4,4.5299530029296875e-05,-5.5,HP,14-inch,8GB,Dell,16-inch,4GB
4,4.482269287109375e-05,-4.0,HP,14-inch,8GB,Dell,16-inch,8GB
4,4.5299530029296875e-05,-5.875,HP,14-inch,8GB,Dell,16-inch,16GB
4,4.5299530029296875e-05,-7.875,HP,14-inch,8GB,Apple,13-inch,4GB
4,4.506111145019531e-05,-4.75,HP,14-inch,8GB,Apple,13-inch,8GB
4,4.5299530029296875e-05,-5.25,HP,14-inch,8GB,Apple,13-inch,16GB
4,4.5299530029296875e-05,-9.0,HP,14-inch,8GB,Apple,14-inch,4GB
4,4.506111145019531e-05,-4.875,HP,14-inch,8GB,Apple,14-inch,8GB
4,4.5299530029296875e-05,-7.625,HP,14-inch,8GB,Apple,14-inch,16GB
4,4.506111145019531e-05,-4.75,HP,14-inch,8GB,Apple,16-inch,4GB
4,4.5299530029296875e-05,-7.125,HP,14-inch,8GB,Apple,16-inch,8GB
4,4.5299530029296875e-05,-8.0,HP,14-inch,8GB,Apple,16-inch,16GB
4,-9.5,10.5,HP,14-inch,16GB,ASUS,13-inch,4GB
4,4.5299530029296875e-05,-10.625,HP,14-inch,16GB,ASUS,13-inch,8GB
4,4.5299530029296875e-05,-6.0,HP,14-inch,16GB,ASUS,13-inch,16GB
4,-0.000385284423828125,2.75,HP,14-inch,16GB,ASUS,14-inch,4GB
4,4.5299530029296875e-05,-11.125,HP,14-inch,16GB,ASUS,14-inch,8GB
4,4.5299530029296875e-05,-6.5,HP,14-inch,16GB,ASUS,14-inch,16GB
4,3.910064697265625e-05,-1.5,HP,14-inch,16GB,ASUS,16-inch,4GB
4,4.5299530029296875e-05,-11.375,HP,14-inch,16GB,ASUS,16-inch,8GB
4,-0.00188446044921875,4.25,HP,14-inch,16GB,ASUS,16-inch,16GB
4,-10.0,10.5,HP,14-inch,16GB,Lenovo,13-inch,4GB
4,4.5299530029296875e-05,-10.625,HP,14-inch,16GB,Lenovo,13-inch,8GB
4,4.5299530029296875e-05,-5.75,HP,14-inch,16GB,Lenovo,13-inch,16GB
4,-1.5,10.25,HP,14-inch,16GB,Lenovo,14-inch,4GB
4,4.5299530029296875e-05,-10.75,HP,14-inch,16GB,Lenovo,14-inch,8GB
4,4.5299530029296875e-05,-6.75,HP,14-inch,16GB,Lenovo,14-inch,16GB
4,-0.0002899169921875,2.5,HP,14-inch,16GB,Lenovo,16-inch,4GB
4,4.5299530029296875e-05,-10.5,HP,14-inch,16GB,Lenovo,16-inch,8GB
4,-0.06201171875,7.6875,HP,14-inch,16GB,Lenovo,16-inch,16GB
4,-13.5,10.5,HP,14-inch,16GB,HP,13-inch,4GB
4,4.5299530029296875e-05,-9.875,HP,14-inch,16GB,HP,13-inch,8GB
4,3.743171691894531e-05,-1.25,HP,14-inch,16GB,HP,13-inch,16GB
4,4.5299530029296875e-05,-8.25,HP,14-inch,16GB,HP,14-inch,4GB
4,4.5299530029296875e-05,-11.375,HP,14-inch,16GB,HP,14-inch,8GB
4,-0.3125,9.1875,HP,14-inch,16GB,HP,16-inch,4GB
4,4.5299530029296875e-05,-11.625,HP,14-inch,16GB,HP,16-inch,8GB
4,-9.25,10.5,HP,14-inch,16GB,HP,16-inch,16GB
4,-7.75,10.5,HP,14-inch,16GB,Dell,13-inch,4GB
4,4.5299530029296875e-05,-11.375,HP,14-inch,16GB,Dell,13-inch,8GB
4,4.5299530029296875e-05,-5.625,HP,14-inch,16GB,Dell,13-inch,16GB
4,-0.0001583099365234375,2.0,HP,14-inch,16GB,Dell,14-inch,4GB
4,4.5299530029296875e-05,-11.875,HP,14-inch,16GB,Dell,14-inch,8GB
4,4.5299530029296875e-05,-6.25,HP,14-inch,16GB,Dell,14-inch,16GB
4,3.910064697265625e-05,-1.5,HP,14-inch,16GB,Dell,16-inch,4GB
4,4.5299530029296875e-05,-11.5,HP,14-inch,16GB,Dell,16-inch,8GB
4,-0.006683349609375,5.5,HP,14-inch,16GB,Dell,16-inch,16GB
4,-0.00145721435546875,4.0,HP,14-inch,16GB,Apple,13-inch,4GB
4,4.5299530029296875e-05,-10.875,HP,14-inch,16GB,Apple,13-inch,8GB
4,4.482269287109375e-05,-3.875,HP,14-inch,16GB,Apple,13-inch,16GB
4,1.4066696166992188e-05,0.125,HP,14-inch,16GB,Apple,14-inch,4GB
4,4.5299530029296875e-05,-11.25,HP,14-inch,16GB,Apple,14-inch,8GB
4,4.482269287109375e-05,-4.0,HP,14-inch,16GB,Apple,14-inch,16GB
4,3.24249267578125e-05,-0.75,HP,14-inch,16GB,Apple,16-inch,4GB
4,4.5299530029296875e-05,-10.375,HP,14-inch,16GB,Apple,16-inch,8GB
4,3.743171691894531e-05,-1.25,HP,14-inch,16GB,Apple,16-inch,16GB
4,4.482269287109375e-05,-4.375,HP,16-inch,4GB,ASUS,13-inch,4GB
4,-17.625,10.5,HP,16-inch,4GB,ASUS,13-inch,8GB
4,-4.75,10.5,HP,16-inch,4GB,ASUS,13-inch,16GB
4,4.5299530029296875e-05,-5.625,HP,16-inch,4GB,ASUS,14-inch,4GB
4,-17.625,10.5,HP,16-inch,4GB,ASUS,14-inch,8GB
4,-9.25,10.5,HP,16-inch,4GB,ASUS,14-inch,16GB
4,-1.140625,10.125,HP,16-inch,4GB,ASUS,16-inch,4GB
4,-17.25,10.5,HP,16-inch,4GB,ASUS,16-inch,8GB
4,-1.3125,10.1875,HP,16-inch,4GB,ASUS,16-inch,16GB
4,4.38690185546875e-05,-3.0,HP,16-inch,4GB,Lenovo,13-inch,4GB
4,-17.625,10.5,HP,16-inch,4GB,Lenovo,13-inch,8GB
4,-8.75,10.5,HP,16-inch,4GB,Lenovo,13-inch,16GB
4,4.482269287109375e-05,-4.5,HP,16-inch,4GB,Lenovo,14-inch,4GB
4,-17.75,10.5,HP,16-inch,4GB,Lenovo,14-inch,8GB
4,-10.0,10.5,HP,16-inch,4GB,Lenovo,14-inch,16GB
4,-7.0,10.5,HP,16-inch,4GB,Lenovo,16-inch,4GB
4,-17.375,10.5,HP,16-inch,4GB,Lenovo,16-inch,8GB
4,-5.5,10.5,HP,16-inch,4GB,Lenovo,16-inch,16GB
4,4.5299530029296875e-05,-12.125,HP,16-inch,4GB,HP,13-inch,4GB
4,-21.375,10.5,HP,16-inch,4GB,HP,13-inch,8GB
4,-11.75,10.5,HP,16-inch,4GB,HP,13-inch,16GB
4,4.5299530029296875e-05,-9.75,HP,16-inch,4GB,HP,14-inch,4GB
4,-21.625,10.5,HP,16-inch,4GB,HP,14-inch,8GB
4,-12.5,10.5,HP,16-inch,4GB,HP,14-inch,16GB
4,-12.125,10.5,HP,16-inch,4GB,HP,16-inch,8GB
4,-9.25,10.5,HP,16-inch,4GB,HP,16-inch,16GB
4,4.506111145019531e-05,-4.625,HP,16-inch,4GB,Dell,13-inch,4GB
4,-19.0,10.5,HP,16-inch,4GB,Dell,13-inch,8GB
4,-5.75,10.5,HP,16-inch,4GB,Dell,13-inch,16GB
4,4.5299530029296875e-05,-5.75,HP,16-inch,4GB,Dell,14-inch,4GB
4,-19.125,10.5,HP,16-inch,4GB,Dell,14-inch,8GB
4,-9.25,10.5,HP,16-inch,4GB,Dell,14-inch,16GB
4,-0.023193359375,6.75,HP,16-inch,4GB,Dell,16-inch,4GB
4,-17.875,10.5,HP,16-inch,4GB,Dell,16-inch,8GB
4,-3.28125,10.4375,HP,16-inch,4GB,Dell,16-inch,16GB
4,2.384185791015625e-05,-0.25,HP,16-inch,4GB,Apple,13-inch,4GB
4,-17.25,10.5,HP,16-inch,4GB,Apple,13-inch,8GB
4,-7.5,10.5,HP,16-inch,4GB,Apple,13-inch,16GB
4,4.291534423828125e-05,-2.5,HP,16-inch,4GB,Apple,14-inch,4GB
4,-17.0,10.5,HP,16-inch,4GB,Apple,14-inch,8GB
4,-9.0,10.5,HP,16-inch,4GB,Apple,14-inch,16GB
4,-0.00011301040649414062,1.75,HP,16-inch,4GB,Apple,16-inch,4GB
4,-15.625,10.5,HP,16-inch,4GB,Apple,16-inch,8GB
4,-7.772445678710938e-05,1.5,HP,16-inch,4GB,Apple,16-inch,16GB
4,3.0517578125e-05,-0.625,HP,16-inch,8GB,ASUS,13-inch,4GB
4,4.5299530029296875e-05,-6.125,HP,16-inch,8GB,ASUS,13-inch,8GB
4,-0.0002155303955078125,2.25,HP,16-inch,8GB,ASUS,13-inch,16GB
4,-0.0002899169921875,2.5,HP,16-inch,8GB,ASUS,14-inch,4GB
4,4.5299530029296875e-05,-5.625,HP,16-inch,8GB,ASUS,14-inch,8GB
4,-0.06201171875,7.6875,HP,16-inch,8GB,ASUS,14-inch,16GB
4,4.38690185546875e-05,-2.875,HP,16-inch,8GB,ASUS,16-inch,4GB
4,4.5299530029296875e-05,-5.875,HP,16-inch,8GB,ASUS,16-inch,8GB
4,2.09808349609375e-05,-0.125,HP,16-inch,8GB,ASUS,16-inch,16GB
4,-5.054473876953125e-05,1.25,HP,16-inch,8GB,Lenovo,13-inch,4GB
4,4.5299530029296875e-05,-5.375,HP,16-inch,8GB,Lenovo,13-inch,8GB
4,-0.000865936279296875,3.5,HP,16-inch,8GB,Lenovo,13-inch,16GB
4,-2.8125,10.4375,HP,16-inch,8GB,Lenovo,14-inch,4GB
4,4.506111145019531e-05,-4.875,HP,16-inch,8GB,Lenovo,14-inch,8GB
4,-0.82421875,9.9375,HP,16-inch,8GB,Lenovo,14-inch,16GB
4,3.3855438232421875e-05,-0.875,HP,16-inch,8GB,Lenovo,16-inch,4GB
4,4.482269287109375e-05,-4.5,HP,16-inch,8GB,Lenovo,16-inch,8GB
4,-2.956390380859375e-05,1.0,HP,16-inch,8GB,Lenovo,16-inch,16GB
4,-9.25,10.5,HP,16-inch,8GB,HP,13-inch,4GB
4,4.482269287109375e-05,-4.5,HP,16-inch,8GB,HP,13-inch,8GB
4,-4.03125,10.5,HP,16-inch,8GB,HP,13-inch,16GB
4,-11.5,10.5,HP,16-inch,8GB,HP,14-inch,4GB
4,4.482269287109375e-05,-4.125,HP,16-inch,8GB,HP,14-inch,8GB
4,-9.25,10.5,HP,16-inch,8GB,HP,14-inch,16GB
4,4.5299530029296875e-05,-6.625,HP,16-inch,8GB,HP,16-inch,4GB
4,-0.0001583099365234375,2.0,HP,16-inch,8GB,HP,16-inch,16GB
4,4.2438507080078125e-05,-2.25,HP,16-inch,8GB,Dell,13-inch,4GB
4,4.5299530029296875e-05,-5.25,HP,16-inch,8GB,Dell,13-inch,8GB
4,-0.000865936279296875,3.5,HP,16-inch,8GB,Dell,13-inch,16GB
4,-1.2874603271484375e-05,0.75,HP,16-inch,8GB,Dell,14-inch,4GB
4,4.5299530029296875e-05,-5.125,HP,16-inch,8GB,Dell,14-inch,8GB
4,-6.0,10.5,HP,16-inch,8GB,Dell,14-inch,16GB
4,4.482269287109375e-05,-4.125,HP,16-inch,8GB,Dell,16-inch,4GB
4,4.482269287109375e-05,-4.5,HP,16-inch,8GB,Dell,16-inch,8GB
4,-7.772445678710938e-05,1.5,HP,16-inch,8GB,Dell,16-inch,16GB
4,4.100799560546875e-05,-1.875,HP,16-inch,8GB,Apple,13-inch,4GB
4,4.4345855712890625e-05,-3.25,HP,16-inch,8GB,Apple,13-inch,8GB
4,-0.0002155303955078125,2.25,HP,16-inch,8GB,Apple,13-inch,16GB
4,-0.00011301040649414062,1.75,HP,16-inch,8GB,Apple,14-inch,4GB
4,4.38690185546875e-05,-2.875,HP,16-inch,8GB,Apple,14-inch,8GB
4,-0.000385284423828125,2.75,HP,16-inch,8GB,Apple,14-inch,16GB
4,4.38690185546875e-05,-2.875,HP,16-inch,8GB,Apple,16-inch,4GB
4,4.4345855712890625e-05,-3.25,HP,16-inch,8GB,Apple,16-inch,8GB
4,3.528594970703125e-05,-1.0,HP,16-inch,8GB,Apple,16-inch,16GB
4,-11.25,10.5,HP,16-inch,16GB,ASUS,13-inch,4GB
4,4.4345855712890625e-05,-3.25,HP,16-inch,16GB,ASUS,13-inch,8GB
4,-0.004058837890625,5.0,HP,16-inch,16GB,ASUS,13-inch,16GB
4,-13.0,10.5,HP,16-inch,16GB,ASUS,14-inch,4GB
4,3.910064697265625e-05,-1.5,HP,16-inch,16GB,ASUS,14-inch,8GB
4,-0.00112152099609375,3.75,HP,16-inch,16GB,ASUS,14-inch,16GB
4,-2.578125,10.4375,HP,16-inch,16GB,ASUS,16-inch,4GB
4,4.458427429199219e-05,-3.625,HP,16-inch,16GB,ASUS,16-inch,8GB
4,4.100799560546875e-05,-1.875,HP,16-inch,16GB,ASUS,16-inch,16GB
4,-11.5,10.5,HP,16-inch,16GB,Lenovo,13-inch,4GB
4,4.482269287109375e-05,-4.25,HP,16-inch,16GB,Lenovo,13-inch,8GB
4,-0.00112152099609375,3.75,HP,16-inch,16GB,Lenovo,13-inch,16GB
4,-13.25,10.5,HP,16-inch,16GB,Lenovo,14-inch,4GB
4,4.1961669921875e-05,-2.125,HP,16-inch,16GB,Lenovo,14-inch,8GB
4,-0.000865936279296875,3.5,HP,16-inch,16GB,Lenovo,14-inch,16GB
4,-7.0,10.5,HP,16-inch,16GB,Lenovo,16-inch,4GB
4,4.3392181396484375e-05,-2.75,HP,16-inch,16GB,Lenovo,16-inch,8GB
4,1.7762184143066406e-05,0.0,HP,16-inch,16GB,Lenovo,16-inch,16GB
4,-15.625,10.5,HP,16-inch,16GB,HP,13-inch,4GB
4,3.838539123535156e-05,-1.375,HP,16-inch,16GB,HP,13-inch,8GB
4,-0.000507354736328125,3.0,HP,16-inch,16GB,HP,13-inch,16GB
4,-17.5,10.5,HP,16-inch,16GB,HP,14-inch,4GB
4,2.384185791015625e-05,-0.25,HP,16-inch,16GB,HP,14-inch,8GB
4,-0.000507354736328125,3.0,HP,16-inch,16GB,HP,14-inch,16GB
4,-0.00011301040649414062,1.75,HP,16-inch,16GB,HP,16-inch,4GB
4,4.3392181396484375e-05,-2.75,HP,16-inch,16GB,HP,16-inch,8GB
4,-10.0,10.5,HP,16-inch,16GB,Dell,13-inch,4GB
4,4.5299530029296875e-05,-5.25,HP,16-inch,16GB,Dell,13-inch,8GB
4,-0.000579833984375,3.125,HP,16-inch,16GB,Dell,13-inch,16GB
4,-11.25,10.5,HP,16-inch,16GB,Dell,14-inch,4GB
4,4.4345855712890625e-05,-3.375,HP,16-inch,16GB,Dell,14-inch,8GB
4,-0.000507354736328125,3.0,HP,16-inch,16GB,Dell,14-inch,16GB
4,-0.000507354736328125,3.0,HP,16-inch,16GB,Dell,16-inch,4GB
4,4.482269287109375e-05,-4.375,HP,16-inch,16GB,Dell,16-inch,8GB
4,3.24249267578125e-05,-0.75,HP,16-inch,16GB,Dell,16-inch,16GB
4,-6.5,10.5,HP,16-inch,16GB,Apple,13-inch,4GB
4,4.5299530029296875e-05,-6.0,HP,16-inch,16GB,Apple,13-inch,8GB
4,-0.0001583099365234375,2.0,HP,16-inch,16GB,Apple,13-inch,16GB
4,-9.25,10.5,HP,16-inch,16GB,Apple,14-inch,4GB
4,4.506111145019531e-05,-4.625,HP,16-inch,16GB,Apple,14-inch,8GB
4,-0.000385284423828125,2.75,HP,16-inch,16GB,Apple,14-inch,16GB
4,-2.0503997802734375e-05,0.875,HP,16-inch,16GB,Apple,16-inch,4GB
4,4.5299530029296875e-05,-6.5,HP,16-inch,16GB,Apple,16-inch,8GB
4,2.384185791015625e-05,-0.25,HP,16-inch,16GB,Apple,16-inch,16GB
4,3.910064697265625e-05,-1.5,Dell,13-inch,4GB,ASUS,13-inch,4GB
4,-19.125,10.5,Dell,13-inch,4GB,ASUS,13-inch,8GB
4,-16.25,10.5,Dell,13-inch,4GB,ASUS,13-inch,16GB
4,3.910064697265625e-05,-1.5,Dell,13-inch,4GB,ASUS,14-inch,4GB
4,-19.75,10.5,Dell,13-inch,4GB,ASUS,14-inch,8GB
4,-17.0,10.5,Dell,13-inch,4GB,ASUS,14-inch,16GB
4,-9.75,10.5,Dell,13-inch,4GB,ASUS,16-inch,4GB
4,-18.25,10.5,Dell,13-inch,4GB,ASUS,16-inch,8GB
4,-14.0,10.5,Dell,13-inch,4GB,ASUS,16-inch,16GB
4,-6.198883056640625e-06,0.625,Dell,13-inch,4GB,Lenovo,13-inch,4GB
4,-18.75,10.5,Dell,13-inch,4GB,Lenovo,13-inch,8GB
4,-16.0,10.5,Dell,13-inch,4GB,Lenovo,13-inch,16GB
4,1.0013580322265625e-05,0.25,Dell,13-inch,4GB,Lenovo,14-inch,4GB
4,-19.625,10.5,Dell,13-inch,4GB,Lenovo,14-inch,8GB
4,-16.75,10.5,Dell,13-inch,4GB,Lenovo,14-inch,16GB
4,-8.5,10.5,Dell,13-inch,4GB,Lenovo,16-inch,4GB
4,-17.625,10.5,Dell,13-inch,4GB,Lenovo,16-inch,8GB
4,-15.125,10.5,Dell,13-inch,4GB,Lenovo,16-inch,16GB
4,4.3392181396484375e-05,-2.75,Dell,13-inch,4GB,HP,13-inch,4GB
4,-19.625,10.5,Dell,13-inch,4GB,HP,13-inch,8GB
4,-15.625,10.5,Dell,13-inch,4GB,HP,13-inch,16GB
4,4.506111145019531e-05,-4.625,Dell,13-inch,4GB,HP,14-inch,4GB
4,-20.5,10.5,Dell,13-inch,4GB,HP,14-inch,8GB
4,-16.875,10.5,Dell,13-inch,4GB,HP,14-inch,16GB
4,-6.5,10.5,Dell,13-inch,4GB,HP,16-inch,4GB
4,-19.375,10.5,Dell,13-inch,4GB,HP,16-inch,8GB
4,-15.25,10.5,Dell,13-inch,4GB,HP,16-inch,16GB
4,-15.0,10.5,Dell,13-inch,4GB,Dell,13-inch,8GB
4,-11.5,10.5,Dell,13-inch,4GB,Dell,13-inch,16GB
4,4.00543212890625e-05,-1.625,Dell,13-inch,4GB,Dell,14-inch,4GB
4,-20.875,10.5,Dell,13-inch,4GB,Dell,14-inch,8GB
4,-19.125,10.5,Dell,13-inch,4GB,Dell,14-inch,16GB
4,-9.0,10.5,Dell,13-inch,4GB,Dell,16-inch,4GB
4,-18.875,10.5,Dell,13-inch,4GB,Dell,16-inch,8GB
4,-17.75,10.5,Dell,13-inch,4GB,Dell,16-inch,16GB
4,-0.0001583099365234375,2.0,Dell,13-inch,4GB,Apple,13-inch,4GB
4,-18.25,10.5,Dell,13-inch,4GB,Apple,13-inch,8GB
4,-14.5,10.5,Dell,13-inch,4GB,Apple,13-inch,16GB
4,3.838539123535156e-05,-1.375,Dell,13-inch,4GB,Apple,14-inch,4GB
4,-19.0,10.5,Dell,13-inch,4GB,Apple,14-inch,8GB
4,-15.75,10.5,Dell,13-inch,4GB,Apple,14-inch,16GB
4,-0.004058837890625,5.0,Dell,13-inch,4GB,Apple,16-inch,4GB
4,-14.0,10.5,Dell,13-inch,4GB,Apple,16-inch,8GB
4,-11.5,10.5,Dell,13-inch,4GB,Apple,16-inch,16GB
4,4.5299530029296875e-05,-10.875,Dell,13-inch,8GB,ASUS,13-inch,4GB
4,4.5299530029296875e-05,-6.875,Dell,13-inch,8GB,ASUS,13-inch,8GB
4,4.5299530029296875e-05,-8.0,Dell,13-inch,8GB,ASUS,13-inch,16GB
4,4.5299530029296875e-05,-8.125,Dell,13-inch,8GB,ASUS,14-inch,4GB
4,4.5299530029296875e-05,-6.5,Dell,13-inch,8GB,ASUS,14-inch,8GB
4,4.5299530029296875e-05,-5.375,Dell,13-inch,8GB,ASUS,14-inch,16GB
4,4.5299530029296875e-05,-7.75,Dell,13-inch,8GB,ASUS,16-inch,4GB
4,4.482269287109375e-05,-4.0,Dell,13-inch,8GB,ASUS,16-inch,8GB
4,4.5299530029296875e-05,-6.25,Dell,13-inch,8GB,ASUS,16-inch,16GB
4,4.5299530029296875e-05,-9.25,Dell,13-inch,8GB,Lenovo,13-inch,4GB
4,4.5299530029296875e-05,-6.25,Dell,13-inch,8GB,Lenovo,13-inch,8GB
4,4.5299530029296875e-05,-7.375,Dell,13-inch,8GB,Lenovo,13-inch,16GB
4,4.5299530029296875e-05,-6.125,Dell,13-inch,8GB,Lenovo,14-inch,4GB
4,4.5299530029296875e-05,-5.75,Dell,13-inch,8GB,Lenovo,14-inch,8GB
4,4.506111145019531e-05,-4.625,Dell,13-inch,8GB,Lenovo,14-inch,16GB
4,4.5299530029296875e-05,-5.75,Dell,13-inch,8GB,Lenovo,16-inch,4GB
4,4.2438507080078125e-05,-2.25,Dell,13-inch,8GB,Lenovo,16-inch,8GB
4,4.5299530029296875e-05,-5.75,Dell,13-inch,8GB,Lenovo,16-inch,16GB
4,4.5299530029296875e-05,-10.25,Dell,13-inch,8GB,HP,13-inch,4GB
4,4.5299530029296875e-05,-6.375,Dell,13-inch,8GB,HP,13-inch,8GB
4,4.5299530029296875e-05,-7.375,Dell,13-inch,8GB,HP,13-inch,16GB
4,4.5299530029296875e-05,-7.125,Dell,13-inch,8GB,HP,14-inch,4GB
4,4.5299530029296875e-05,-5.75,Dell,13-inch,8GB,HP,14-inch,8GB
4,4.506111145019531e-05,-4.875,Dell,13-inch,8GB,HP,14-inch,16GB
4,4.5299530029296875e-05,-6.375,Dell,13-inch,8GB,HP,16-inch,4GB
4,4.482269287109375e-05,-4.125,Dell,13-inch,8GB,HP,16-inch,8GB
4,4.5299530029296875e-05,-5.75,Dell,13-inch,8GB,HP,16-inch,16GB
4,4.5299530029296875e-05,-11.625,Dell,13-inch,8GB,Dell,13-inch,4GB
4,4.5299530029296875e-05,-8.5,Dell,13-inch,8GB,Dell,13-inch,16GB
4,-0.00011301040649414062,1.75,Dell,13-inch,8GB,Dell,14-inch,4GB
4,4.2438507080078125e-05,-2.25,Dell,13-inch,8GB,Dell,14-inch,8GB
4,4.5299530029296875e-05,-6.75,Dell,13-inch,8GB,Dell,14-inch,16GB
4,4.482269287109375e-05,-4.5,Dell,13-inch,8GB,Dell,16-inch,4GB
4,4.1484832763671875e-05,-2.0,Dell,13-inch,8GB,Dell,16-inch,8GB
4,4.5299530029296875e-05,-7.375,Dell,13-inch,8GB,Dell,16-inch,16GB
4,4.5299530029296875e-05,-10.25,Dell,13-inch,8GB,Apple,13-inch,4GB
4,4.482269287109375e-05,-4.5,Dell,13-inch,8GB,Apple,13-inch,8GB
4,4.5299530029296875e-05,-6.75,Dell,13-inch,8GB,Apple,13-inch,16GB
4,4.5299530029296875e-05,-7.875,Dell,13-inch,8GB,Apple,14-inch,4GB
4,4.5299530029296875e-05,-5.875,Dell,13-inch,8GB,Apple,14-inch,8GB
4,4.506111145019531e-05,-5.0,Dell,13-inch,8GB,Apple,14-inch,16GB
4,4.5299530029296875e-05,-7.25,Dell,13-inch,8GB,Apple,16-inch,4GB
4,4.5299530029296875e-05,-6.875,Dell,13-inch,8GB,Apple,16-inch,8GB
4,4.5299530029296875e-05,-7.125,Dell,13-inch,8GB,Apple,16-inch,16GB
4,4.482269287109375e-05,-4.0,Dell,13-inch,16GB,ASUS,13-inch,4GB
4,4.5299530029296875e-05,-11.25,Dell,13-inch,16GB,ASUS,13-inch,8GB
4,4.5299530029296875e-05,-6.5,Dell,13-inch,16GB,ASUS,13-inch,16GB
4,-5.054473876953125e-05,1.25,Dell,13-inch,16GB,ASUS,14-inch,4GB
4,4.5299530029296875e-05,-11.625,Dell,13-inch,16GB,ASUS,14-inch,8GB
4,4.5299530029296875e-05,-6.125,Dell,13-inch,16GB,ASUS,14-inch,16GB
4,4.458427429199219e-05,-3.625,Dell,13-inch,16GB,ASUS,16-inch,4GB
4,4.5299530029296875e-05,-10.625,Dell,13-inch,16GB,ASUS,16-inch,8GB
4,-0.0002899169921875,2.5,Dell,13-inch,16GB,ASUS,16-inch,16GB
4,-0.00011301040649414062,1.75,Dell,13-inch,16GB,Lenovo,13-inch,4GB
4,4.5299530029296875e-05,-10.875,Dell,13-inch,16GB,Lenovo,13-inch,8GB
4,4.5299530029296875e-05,-6.75,Dell,13-inch,16GB,Lenovo,13-inch,16GB
4,-2.34375,10.375,Dell,13-inch,16GB,Lenovo,14-inch,4GB
4,4.5299530029296875e-05,-11.25,Dell,13-inch,16GB,Lenovo,14-inch,8GB
4,4.5299530029296875e-05,-5.625,Dell,13-inch,16GB,Lenovo,14-inch,16GB
4,1.7762184143066406e-05,0.0,Dell,13-inch,16GB,Lenovo,16-inch,4GB
4,4.5299530029296875e-05,-10.25,Dell,13-inch,16GB,Lenovo,16-inch,8GB
4,-0.010986328125,6.0,Dell,13-inch,16GB,Lenovo,16-inch,16GB
4,4.0531158447265625e-05,-1.75,Dell,13-inch,16GB,HP,13-inch,4GB
4,4.5299530029296875e-05,-11.0,Dell,13-inch,16GB,HP,13-inch,8GB
4,4.5299530029296875e-05,-6.25,Dell,13-inch,16GB,HP,13-inch,16GB
4,-0.000385284423828125,2.75,Dell,13-inch,16GB,HP,14-inch,4GB
4,4.5299530029296875e-05,-11.875,Dell,13-inch,16GB,HP,14-inch,8GB
4,4.5299530029296875e-05,-5.5,Dell,13-inch,16GB,HP,14-inch,16GB
4,2.86102294921875e-05,-0.5,Dell,13-inch,16GB,HP,16-inch,4GB
4,4.5299530029296875e-05,-10.5,Dell,13-inch,16GB,HP,16-inch,8GB
4,-0.000507354736328125,3.0,Dell,13-inch,16GB,HP,16-inch,16GB
4,4.5299530029296875e-05,-10.25,Dell,13-inch,16GB,Dell,13-inch,4GB
4,4.5299530029296875e-05,-10.625,Dell,13-inch,16GB,Dell,13-inch,8GB
4,-9.5,10.5,Dell,13-inch,16GB,Dell,14-inch,4GB
4,4.5299530029296875e-05,-12.625,Dell,13-inch,16GB,Dell,14-inch,8GB
4,3.62396240234375e-05,-1.125,Dell,13-inch,16GB,Dell,14-inch,16GB
4,-0.00188446044921875,4.25,Dell,13-inch,16GB,Dell,16-inch,4GB
4,4.5299530029296875e-05,-10.625,Dell,13-inch,16GB,Dell,16-inch,8GB
4,-1.140625,10.125,Dell,13-inch,16GB,Dell,16-inch,16GB
4,4.2438507080078125e-05,-2.25,Dell,13-inch,16GB,Apple,13-inch,4GB
4,4.5299530029296875e-05,-11.25,Dell,13-inch,16GB,Apple,13-inch,8GB
4,4.458427429199219e-05,-3.625,Dell,13-inch,16GB,Apple,13-inch,16GB
4,2.6345252990722656e-05,-0.375,Dell,13-inch,16GB,Apple,14-inch,4GB
4,4.5299530029296875e-05,-11.5,Dell,13-inch,16GB,Apple,14-inch,8GB
4,4.482269287109375e-05,-3.875,Dell,13-inch,16GB,Apple,14-inch,16GB
4,4.00543212890625e-05,-1.625,Dell,13-inch,16GB,Apple,16-inch,4GB
4,4.5299530029296875e-05,-10.0,Dell,13-inch,16GB,Apple,16-inch,8GB
4,2.86102294921875e-05,-0.5,Dell,13-inch,16GB,Apple,16-inch,16GB
4,4.482269287109375e-05,-3.875,Dell,14-inch,4GB,ASUS,13-inch,4GB
4,-19.625,10.5,Dell,14-inch,4GB,ASUS,13-inch,8GB
4,-17.375,10.5,Dell,14-inch,4GB,ASUS,13-inch,16GB
4,3.62396240234375e-05,-1.125,Dell,14-inch,4GB,ASUS,14-inch,4GB
4,-19.0,10.5,Dell,14-inch,4GB,ASUS,14-inch,8GB
4,-16.875,10.5,Dell,14-inch,4GB,ASUS,14-inch,16GB
4,-8.75,10.5,Dell,14-inch,4GB,ASUS,16-inch,4GB
4,-18.875,10.5,Dell,14-inch,4GB,ASUS,16-inch,8GB
4,-13.625,10.5,Dell,14-inch,4GB,ASUS,16-inch,16GB
4,4.0531158447265625e-05,-1.75,Dell,14-inch,4GB,Lenovo,13-inch,4GB
4,-20.25,10.5,Dell,14-inch,4GB,Lenovo,13-inch,8GB
4,-17.0,10.5,Dell,14-inch,4GB,Lenovo,13-inch,16GB
4,5.245208740234375e-06,0.375,Dell,14-inch,4GB,Lenovo,14-inch,4GB
4,-18.25,10.5,Dell,14-inch,4GB,Lenovo,14-inch,8GB
4,-16.5,10.5,Dell,14-inch,4GB,Lenovo,14-inch,16GB
4,-8.5,10.5,Dell,14-inch,4GB,Lenovo,16-inch,4GB
4,-18.25,10.5,Dell,14-inch,4GB,Lenovo,16-inch,8GB
4,-14.5,10.5,Dell,14-inch,4GB,Lenovo,16-inch,16GB
4,4.5299530029296875e-05,-6.0,Dell,14-inch,4GB,HP,13-inch,4GB
4,-20.5,10.5,Dell,14-inch,4GB,HP,13-inch,8GB
4,-16.75,10.5,Dell,14-inch,4GB,HP,13-inch,16GB
4,4.482269287109375e-05,-3.75,Dell,14-inch,4GB,HP,14-inch,4GB
4,-19.75,10.5,Dell,14-inch,4GB,HP,14-inch,8GB
4,-16.75,10.5,Dell,14-inch,4GB,HP,14-inch,16GB
4,-4.5,10.5,Dell,14-inch,4GB,HP,16-inch,4GB
4,-19.5,10.5,Dell,14-inch,4GB,HP,16-inch,8GB
4,-14.25,10.5,Dell,14-inch,4GB,HP,16-inch,16GB
4,4.482269287109375e-05,-4.5,Dell,14-inch,4GB,Dell,13-inch,4GB
4,-21.625,10.5,Dell,14-inch,4GB,Dell,13-inch,8GB
4,-17.875,10.5,Dell,14-inch,4GB,Dell,13-inch,16GB
4,-15.125,10.5,Dell,14-inch,4GB,Dell,14-inch,8GB
4,-12.125,10.5,Dell,14-inch,4GB,Dell,14-inch,16GB
4,-9.0,10.5,Dell,14-inch,4GB,Dell,16-inch,4GB
4,-19.625,10.5,Dell,14-inch,4GB,Dell,16-inch,8GB
4,-17.875,10.5,Dell,14-inch,4GB,Dell,16-inch,16GB
4,3.910064697265625e-05,-1.5,Dell,14-inch,4GB,Apple,13-inch,4GB
4,-19.125,10.5,Dell,14-inch,4GB,Apple,13-inch,8GB
4,-15.375,10.5,Dell,14-inch,4GB,Apple,13-inch,16GB
4,2.6345252990722656e-05,-0.375,Dell,14-inch,4GB,Apple,14-inch,4GB
4,-18.25,10.5,Dell,14-inch,4GB,Apple,14-inch,8GB
4,-14.625,10.5,Dell,14-inch,4GB,Apple,14-inch,16GB
4,-0.0001583099365234375,2.0,Dell,14-inch,4GB,Apple,16-inch,4GB
4,-15.875,10.5,Dell,14-inch,4GB,Apple,16-inch,8GB
4,-11.75,10.5,Dell,14-inch,4GB,Apple,16-inch,16GB
4,4.506111145019531e-05,-4.75,Dell,14-inch,8GB,ASUS,13-inch,4GB
4,4.5299530029296875e-05,-7.75,Dell,14-inch,8GB,ASUS,13-inch,8GB
4,4.506111145019531e-05,-4.625,Dell,14-inch,8GB,ASUS,13-inch,16GB
4,4.5299530029296875e-05,-9.125,Dell,14-inch,8GB,ASUS,14-inch,4GB
4,4.5299530029296875e-05,-6.75,Dell,14-inch,8GB,ASUS,14-inch,8GB
4,4.5299530029296875e-05,-7.375,Dell,14-inch,8GB,ASUS,14-inch,16GB
4,4.482269287109375e-05,-4.5,Dell,14-inch,8GB,ASUS,16-inch,4GB
4,4.5299530029296875e-05,-5.125,Dell,14-inch,8GB,ASUS,16-inch,8GB
4,4.5299530029296875e-05,-6.0,Dell,14-inch,8GB,ASUS,16-inch,16GB
4,2.6345252990722656e-05,-0.375,Dell,14-inch,8GB,Lenovo,13-inch,4GB
4,4.5299530029296875e-05,-6.125,Dell,14-inch,8GB,Lenovo,13-inch,8GB
4,4.482269287109375e-05,-4.0,Dell,14-inch,8GB,Lenovo,13-inch,16GB
4,4.5299530029296875e-05,-6.75,Dell,14-inch,8GB,Lenovo,14-inch,4GB
4,4.5299530029296875e-05,-6.375,Dell,14-inch,8GB,Lenovo,14-inch,8GB
4,4.5299530029296875e-05,-7.25,Dell,14-inch,8GB,Lenovo,14-inch,16GB
4,4.38690185546875e-05,-2.875,Dell,14-inch,8GB,Lenovo,16-inch,4GB
4,4.482269287109375e-05,-4.125,Dell,14-inch,8GB,Lenovo,16-inch,8GB
4,4.5299530029296875e-05,-5.25,Dell,14-inch,8GB,Lenovo,16-inch,16GB
4,4.506111145019531e-05,-4.625,Dell,14-inch,8GB,HP,13-inch,4GB
4,4.5299530029296875e-05,-6.375,Dell,14-inch,8GB,HP,13-inch,8GB
4,4.482269287109375e-05,-4.375,Dell,14-inch,8GB,HP,13-inch,16GB
4,4.5299530029296875e-05,-8.0,Dell,14-inch,8GB,HP,14-inch,4GB
4,4.5299530029296875e-05,-6.5,Dell,14-inch,8GB,HP,14-inch,8GB
4,4.5299530029296875e-05,-6.75,Dell,14-inch,8GB,HP,14-inch,16GB
4,4.458427429199219e-05,-3.625,Dell,14-inch,8GB,HP,16-inch,4GB
4,4.506111145019531e-05,-4.875,Dell,14-inch,8GB,HP,16-inch,8GB
4,4.5299530029296875e-05,-5.75,Dell,14-inch,8GB,HP,16-inch,16GB
4,-9.25,10.5,Dell,14-inch,8GB,Dell,13-inch,4GB
4,4.38690185546875e-05,-2.875,Dell,14-inch,8GB,Dell,13-inch,8GB
4,4.5299530029296875e-05,-5.75,Dell,14-inch,8GB,Dell,13-inch,16GB
4,4.5299530029296875e-05,-9.625,Dell,14-inch,8GB,Dell,14-inch,4GB
4,4.5299530029296875e-05,-8.125,Dell,14-inch,8GB,Dell,14-inch,16GB
4,4.291534423828125e-05,-2.5,Dell,14-inch,8GB,Dell,16-inch,4GB
4,4.4345855712890625e-05,-3.375,Dell,14-inch,8GB,Dell,16-inch,8GB
4,4.5299530029296875e-05,-6.0,Dell,14-inch,8GB,Dell,16-inch,16GB
4,4.5299530029296875e-05,-8.25,Dell,14-inch,8GB,Apple,13-inch,4GB
4,4.482269287109375e-05,-4.25,Dell,14-inch,8GB,Apple,13-inch,8GB
4,4.482269287109375e-05,-4.5,Dell,14-inch,8GB,Apple,13-inch,16GB
4,4.5299530029296875e-05,-8.625,Dell,14-inch,8GB,Apple,14-inch,4GB
4,4.482269287109375e-05,-4.5,Dell,14-inch,8GB,Apple,14-inch,8GB
4,4.5299530029296875e-05,-6.375,Dell,14-inch,8GB,Apple,14-inch,16GB
4,4.5299530029296875e-05,-5.25,Dell,14-inch,8GB,Apple,16-inch,4GB
4,4.5299530029296875e-05,-6.75,Dell,14-inch,8GB,Apple,16-inch,8GB
4,4.5299530029296875e-05,-5.875,Dell,14-inch,8GB,Apple,16-inch,16GB
4,-9.75,10.5,Dell,14-inch,16GB,ASUS,13-inch,4GB
4,4.5299530029296875e-05,-10.625,Dell,14-inch,16GB,ASUS,13-inch,8GB
4,4.5299530029296875e-05,-5.875,Dell,14-inch,16GB,ASUS,13-inch,16GB
4,-0.0002155303955078125,2.25,Dell,14-inch,16GB,ASUS,14-inch,4GB
4,4.5299530029296875e-05,-11.25,Dell,14-inch,16GB,ASUS,14-inch,8GB
4,4.5299530029296875e-05,-6.125,Dell,14-inch,16GB,ASUS,14-inch,16GB
4,-5.054473876953125e-05,1.25,Dell,14-inch,16GB,ASUS,16-inch,4GB
4,4.5299530029296875e-05,-10.625,Dell,14-inch,16GB,ASUS,16-inch,8GB
4,-0.0004425048828125,2.875,Dell,14-inch,16GB,ASUS,16-inch,16GB
4,-10.75,10.5,Dell,14-inch,16GB,Lenovo,13-inch,4GB
4,4.5299530029296875e-05,-10.75,Dell,14-inch,16GB,Lenovo,13-inch,8GB
4,4.5299530029296875e-05,-5.25,Dell,14-inch,16GB,Lenovo,13-inch,16GB
4,-5.0,10.5,Dell,14-inch,16GB,Lenovo,14-inch,4GB
4,4.5299530029296875e-05,-10.75,Dell,14-inch,16GB,Lenovo,14-inch,8GB
4,4.5299530029296875e-05,-6.25,Dell,14-inch,16GB,Lenovo,14-inch,16GB
4,-0.3125,9.1875,Dell,14-inch,16GB,Lenovo,16-inch,4GB
4,4.5299530029296875e-05,-10.375,Dell,14-inch,16GB,Lenovo,16-inch,8GB
4,-0.006683349609375,5.5,Dell,14-inch,16GB,Lenovo,16-inch,16GB
4,-10.0,10.5,Dell,14-inch,16GB,HP,13-inch,4GB
4,4.5299530029296875e-05,-10.875,Dell,14-inch,16GB,HP,13-inch,8GB
4,4.5299530029296875e-05,-5.375,Dell,14-inch,16GB,HP,13-inch,16GB
4,-2.8125,10.4375,Dell,14-inch,16GB,HP,14-inch,4GB
4,4.5299530029296875e-05,-11.0,Dell,14-inch,16GB,HP,14-inch,8GB
4,4.5299530029296875e-05,-5.875,Dell,14-inch,16GB,HP,14-inch,16GB
4,-0.004058837890625,5.0,Dell,14-inch,16GB,HP,16-inch,4GB
4,4.5299530029296875e-05,-11.0,Dell,14-inch,16GB,HP,16-inch,8GB
4,-0.000865936279296875,3.5,Dell,14-inch,16GB,HP,16-inch,16GB
4,-13.0,10.5,Dell,14-inch,16GB,Dell,13-inch,4GB
4,4.5299530029296875e-05,-10.75,Dell,14-inch,16GB,Dell,13-inch,8GB
4,3.0517578125e-05,-0.625,Dell,14-inch,16GB,Dell,13-inch,16GB
4,4.5299530029296875e-05,-8.5,Dell,14-inch,16GB,Dell,14-inch,4GB
4,4.5299530029296875e-05,-11.0,Dell,14-inch,16GB,Dell,14-inch,8GB
4,-5.75,10.5,Dell,14-inch,16GB,Dell,16-inch,4GB
4,4.5299530029296875e-05,-10.875,Dell,14-inch,16GB,Dell,16-inch,8GB
4,-7.5,10.5,Dell,14-inch,16GB,Dell,16-inch,16GB
4,-0.00518798828125,5.25,Dell,14-inch,16GB,Apple,13-inch,4GB
4,4.5299530029296875e-05,-11.5,Dell,14-inch,16GB,Apple,13-inch,8GB
4,4.482269287109375e-05,-3.875,Dell,14-inch,16GB,Apple,13-inch,16GB
4,1.7762184143066406e-05,0.0,Dell,14-inch,16GB,Apple,14-inch,4GB
4,4.5299530029296875e-05,-11.375,Dell,14-inch,16GB,Apple,14-inch,8GB
4,4.482269287109375e-05,-3.875,Dell,14-inch,16GB,Apple,14-inch,16GB
4,1.0013580322265625e-05,0.25,Dell,14-inch,16GB,Apple,16-inch,4GB
4,4.5299530029296875e-05,-10.125,Dell,14-inch,16GB,Apple,16-inch,8GB
4,4.0531158447265625e-05,-1.75,Dell,14-inch,16GB,Apple,16-inch,16GB
4,4.5299530029296875e-05,-6.375,Dell,16-inch,4GB,ASUS,13-inch,4GB
4,-17.75,10.5,Dell,16-inch,4GB,ASUS,13-inch,8GB
4,-0.0031280517578125,4.75,Dell,16-inch,4GB,ASUS,13-inch,16GB
4,4.5299530029296875e-05,-7.0,Dell,16-inch,4GB,ASUS,14-inch,4GB
4,-17.375,10.5,Dell,16-inch,4GB,ASUS,14-inch,8GB
4,-6.75,10.5,Dell,16-inch,4GB,ASUS,14-inch,16GB
4,4.0531158447265625e-05,-1.75,Dell,16-inch,4GB,ASUS,16-inch,4GB
4,-17.25,10.5,Dell,16-inch,4GB,ASUS,16-inch,8GB
4,-0.201171875,8.8125,Dell,16-inch,4GB,ASUS,16-inch,16GB
4,4.5299530029296875e-05,-5.875,Dell,16-inch,4GB,Lenovo,13-inch,4GB
4,-18.25,10.5,Dell,16-inch,4GB,Lenovo,13-inch,8GB
4,-2.125,10.375,Dell,16-inch,4GB,Lenovo,13-inch,16GB
4,4.5299530029296875e-05,-7.0,Dell,16-inch,4GB,Lenovo,14-inch,4GB
4,-17.625,10.5,Dell,16-inch,4GB,Lenovo,14-inch,8GB
4,-8.25,10.5,Dell,16-inch,4GB,Lenovo,14-inch,16GB
4,1.0013580322265625e-05,0.25,Dell,16-inch,4GB,Lenovo,16-inch,4GB
4,-17.5,10.5,Dell,16-inch,4GB,Lenovo,16-inch,8GB
4,-7.75,10.5,Dell,16-inch,4GB,Lenovo,16-inch,16GB
4,4.5299530029296875e-05,-7.5,Dell,16-inch,4GB,HP,13-inch,4GB
4,-18.875,10.5,Dell,16-inch,4GB,HP,13-inch,8GB
4,-0.000507354736328125,3.0,Dell,16-inch,4GB,HP,13-inch,16GB
4,4.5299530029296875e-05,-8.875,Dell,16-inch,4GB,HP,14-inch,4GB
4,-18.375,10.5,Dell,16-inch,4GB,HP,14-inch,8GB
4,-6.25,10.5,Dell,16-inch,4GB,HP,14-inch,16GB
4,4.506111145019531e-05,-4.875,Dell,16-inch,4GB,HP,16-inch,4GB
4,-17.875,10.5,Dell,16-inch,4GB,HP,16-inch,8GB
4,-0.0002899169921875,2.5,Dell,16-inch,4GB,HP,16-inch,16GB
4,4.5299530029296875e-05,-11.875,Dell,16-inch,4GB,Dell,13-inch,4GB
4,-21.5,10.5,Dell,16-inch,4GB,Dell,13-inch,8GB
4,-10.25,10.5,Dell,16-inch,4GB,Dell,13-inch,16GB
4,4.5299530029296875e-05,-10.125,Dell,16-inch,4GB,Dell,14-inch,4GB
4,-21.5,10.5,Dell,16-inch,4GB,Dell,14-inch,8GB
4,-12.25,10.5,Dell,16-inch,4GB,Dell,14-inch,16GB
4,-12.5,10.5,Dell,16-inch,4GB,Dell,16-inch,8GB
4,-9.5,10.5,Dell,16-inch,4GB,Dell,16-inch,16GB
4,4.38690185546875e-05,-3.0,Dell,16-inch,4GB,Apple,13-inch,4GB
4,-16.875,10.5,Dell,16-inch,4GB,Apple,13-inch,8GB
4,-0.126953125,8.375,Dell,16-inch,4GB,Apple,13-inch,16GB
4,4.506111145019531e-05,-4.625,Dell,16-inch,4GB,Apple,14-inch,4GB
4,-16.0,10.5,Dell,16-inch,4GB,Apple,14-inch,8GB
4,-7.5,10.5,Dell,16-inch,4GB,Apple,14-inch,16GB
4,3.0517578125e-05,-0.625,Dell,16-inch,4GB,Apple,16-inch,4GB
4,-16.5,10.5,Dell,16-inch,4GB,Apple,16-inch,8GB
4,-7.772445678710938e-05,1.5,Dell,16-inch,4GB,Apple,16-inch,16GB
4,3.910064697265625e-05,-1.5,Dell,16-inch,8GB,ASUS,13-inch,4GB
4,4.5299530029296875e-05,-6.75,Dell,16-inch,8GB,ASUS,13-inch,8GB
4,-0.02978515625,6.96875,Dell,16-inch,8GB,ASUS,13-inch,16GB
4,-0.000865936279296875,3.5,Dell,16-inch,8GB,ASUS,14-inch,4GB
4,4.5299530029296875e-05,-5.5,Dell,16-inch,8GB,ASUS,14-inch,8GB
4,-7.25,10.5,Dell,16-inch,8GB,ASUS,14-inch,16GB
4,4.4345855712890625e-05,-3.25,Dell,16-inch,8GB,ASUS,16-inch,4GB
4,4.5299530029296875e-05,-5.875,Dell,16-inch,8GB,ASUS,16-inch,8GB
4,-5.054473876953125e-05,1.25,Dell,16-inch,8GB,ASUS,16-inch,16GB
4,-2.956390380859375e-05,1.0,Dell,16-inch,8GB,Lenovo,13-inch,4GB
4,4.5299530029296875e-05,-5.75,Dell,16-inch,8GB,Lenovo,13-inch,8GB
4,-4.5,10.5,Dell,16-inch,8GB,Lenovo,13-inch,16GB
4,-2.8125,10.4375,Dell,16-inch,8GB,Lenovo,14-inch,4GB
4,4.482269287109375e-05,-4.5,Dell,16-inch,8GB,Lenovo,14-inch,8GB
4,-8.75,10.5,Dell,16-inch,8GB,Lenovo,14-inch,16GB
4,3.743171691894531e-05,-1.25,Dell,16-inch,8GB,Lenovo,16-inch,4GB
4,4.482269287109375e-05,-4.25,Dell,16-inch,8GB,Lenovo,16-inch,8GB
4,-0.000385284423828125,2.75,Dell,16-inch,8GB,Lenovo,16-inch,16GB
4,2.6345252990722656e-05,-0.375,Dell,16-inch,8GB,HP,13-inch,4GB
4,4.5299530029296875e-05,-5.5,Dell,16-inch,8GB,HP,13-inch,8GB
4,-1.703125,10.3125,Dell,16-inch,8GB,HP,13-inch,16GB
4,-0.82421875,9.9375,Dell,16-inch,8GB,HP,14-inch,4GB
4,4.5299530029296875e-05,-5.125,Dell,16-inch,8GB,HP,14-inch,8GB
4,-8.75,10.5,Dell,16-inch,8GB,HP,14-inch,16GB
4,3.910064697265625e-05,-1.5,Dell,16-inch,8GB,HP,16-inch,4GB
4,4.5299530029296875e-05,-5.625,Dell,16-inch,8GB,HP,16-inch,8GB
4,-0.0002155303955078125,2.25,Dell,16-inch,8GB,HP,16-inch,16GB
4,-9.0,10.5,Dell,16-inch,8GB,Dell,13-inch,4GB
4,4.482269287109375e-05,-4.375,Dell,16-inch,8GB,Dell,13-inch,8GB
4,-9.0,10.5,Dell,16-inch,8GB,Dell,13-inch,16GB
4,-11.25,10.5,Dell,16-inch,8GB,Dell,14-inch,4GB
4,4.482269287109375e-05,-4.0,Dell,16-inch,8GB,Dell,14-inch,8GB
4,-11.25,10.5,Dell,16-inch,8GB,Dell,14-inch,16GB
4,4.5299530029296875e-05,-7.0,Dell,16-inch,8GB,Dell,16-inch,4GB
4,-5.25,10.5,Dell,16-inch,8GB,Dell,16-inch,16GB
4,4.0531158447265625e-05,-1.75,Dell,16-inch,8GB,Apple,13-inch,4GB
4,4.4345855712890625e-05,-3.5,Dell,16-inch,8GB,Apple,13-inch,8GB
4,-0.00145721435546875,4.0,Dell,16-inch,8GB,Apple,13-inch,16GB
4,-0.00066375732421875,3.25,Dell,16-inch,8GB,Apple,14-inch,4GB
4,4.38690185546875e-05,-2.875,Dell,16-inch,8GB,Apple,14-inch,8GB
4,-4.03125,10.5,Dell,16-inch,8GB,Apple,14-inch,16GB
4,4.3392181396484375e-05,-2.75,Dell,16-inch,8GB,Apple,16-inch,4GB
4,4.410743713378906e-05,-3.125,Dell,16-inch,8GB,Apple,16-inch,8GB
4,-7.772445678710938e-05,1.5,Dell,16-inch,8GB,Apple,16-inch,16GB
4,-12.5,10.5,Dell,16-inch,16GB,ASUS,13-inch,4GB
4,4.38690185546875e-05,-3.0,Dell,16-inch,16GB,ASUS,13-inch,8GB
4,-0.00188446044921875,4.25,Dell,16-inch,16GB,ASUS,13-inch,16GB
4,-13.5,10.5,Dell,16-inch,16GB,ASUS,14-inch,4GB
4,2.6345252990722656e-05,-0.375,Dell,16-inch,16GB,ASUS,14-inch,8GB
4,-0.00098419189453125,3.625,Dell,16-inch,16GB,ASUS,14-inch,16GB
4,-6.25,10.5,Dell,16-inch,16GB,ASUS,16-inch,4GB
4,4.38690185546875e-05,-2.875,Dell,16-inch,16GB,ASUS,16-inch,8GB
4,4.2438507080078125e-05,-2.25,Dell,16-inch,16GB,ASUS,16-inch,16GB
4,-12.5,10.5,Dell,16-inch,16GB,Lenovo,13-inch,4GB
4,4.410743713378906e-05,-3.125,Dell,16-inch,16GB,Lenovo,13-inch,8GB
4,-0.00098419189453125,3.625,Dell,16-inch,16GB,Lenovo,13-inch,16GB
4,-14.125,10.5,Dell,16-inch,16GB,Lenovo,14-inch,4GB
4,3.62396240234375e-05,-1.125,Dell,16-inch,16GB,Lenovo,14-inch,8GB
4,-0.00128173828125,3.875,Dell,16-inch,16GB,Lenovo,14-inch,16GB
4,-8.75,10.5,Dell,16-inch,16GB,Lenovo,16-inch,4GB
4,4.1961669921875e-05,-2.125,Dell,16-inch,16GB,Lenovo,16-inch,8GB
4,4.00543212890625e-05,-1.625,Dell,16-inch,16GB,Lenovo,16-inch,16GB
4,-11.75,10.5,Dell,16-inch,16GB,HP,13-inch,4GB
4,4.482269287109375e-05,-4.375,Dell,16-inch,16GB,HP,13-inch,8GB
4,-0.000507354736328125,3.0,Dell,16-inch,16GB,HP,13-inch,16GB
4,-13.75,10.5,Dell,16-inch,16GB,HP,14-inch,4GB
4,4.100799560546875e-05,-1.875,Dell,16-inch,16GB,HP,14-inch,8GB
4,-0.000759124755859375,3.375,Dell,16-inch,16GB,HP,14-inch,16GB
4,-8.75,10.5,Dell,16-inch,16GB,HP,16-inch,4GB
4,4.291534423828125e-05,-2.5,Dell,16-inch,16GB,HP,16-inch,8GB
4,4.38690185546875e-05,-3.0,Dell,16-inch,16GB,HP,16-inch,16GB
4,-15.25,10.5,Dell,16-inch,16GB,Dell,13-inch,4GB
4,3.528594970703125e-05,-1.0,Dell,16-inch,16GB,Dell,13-inch,8GB
4,-0.000507354736328125,3.0,Dell,16-inch,16GB,Dell,13-inch,16GB
4,-17.0,10.5,Dell,16-inch,16GB,Dell,14-inch,4GB
4,-1.2874603271484375e-05,0.75,Dell,16-inch,16GB,Dell,14-inch,8GB
4,-0.00066375732421875,3.25,Dell,16-inch,16GB,Dell,14-inch,16GB
4,-2.956390380859375e-05,1.0,Dell,16-inch,16GB,Dell,16-inch,4GB
4,3.910064697265625e-05,-1.5,Dell,16-inch,16GB,Dell,16-inch,8GB
4,-8.25,10.5,Dell,16-inch,16GB,Apple,13-inch,4GB
4,4.5299530029296875e-05,-5.375,Dell,16-inch,16GB,Apple,13-inch,8GB
4,-0.0002155303955078125,2.25,Dell,16-inch,16GB,Apple,13-inch,16GB
4,-10.0,10.5,Dell,16-inch,16GB,Apple,14-inch,4GB
4,4.291534423828125e-05,-2.375,Dell,16-inch,16GB,Apple,14-inch,8GB
4,-0.0002155303955078125,2.25,Dell,16-inch,16GB,Apple,14-inch,16GB
4,-0.0002498626708984375,2.375,Dell,16-inch,16GB,Apple,16-inch,4GB
4,4.5299530029296875e-05,-5.875,Dell,16-inch,16GB,Apple,16-inch,8GB
4,3.528594970703125e-05,-1.0,Dell,16-inch,16GB,Apple,16-inch,16GB
4,-6.198883056640625e-06,0.625,Apple,13-inch,4GB,ASUS,13-inch,4GB
4,-19.0,10.5,Apple,13-inch,4GB,ASUS,13-inch,8GB
4,-16.5,10.5,Apple,13-inch,4GB,ASUS,13-inch,16GB
4,-0.00112152099609375,3.75,Apple,13-inch,4GB,ASUS,14-inch,4GB
4,-20.0,10.5,Apple,13-inch,4GB,ASUS,14-inch,8GB
4,-18.25,10.5,Apple,13-inch,4GB,ASUS,14-inch,16GB
4,-8.25,10.5,Apple,13-inch,4GB,ASUS,16-inch,4GB
4,-17.125,10.5,Apple,13-inch,4GB,ASUS,16-inch,8GB
4,-15.375,10.5,Apple,13-inch,4GB,ASUS,16-inch,16GB
4,-0.000133514404296875,1.875,Apple,13-inch,4GB,Lenovo,13-inch,4GB
4,-18.75,10.5,Apple,13-inch,4GB,Lenovo,13-inch,8GB
4,-16.75,10.5,Apple,13-inch,4GB,Lenovo,13-inch,16GB
4,-0.000507354736328125,3.0,Apple,13-inch,4GB,Lenovo,14-inch,4GB
4,-19.25,10.5,Apple,13-inch,4GB,Lenovo,14-inch,8GB
4,-17.875,10.5,Apple,13-inch,4GB,Lenovo,14-inch,16GB
4,-8.25,10.5,Apple,13-inch,4GB,Lenovo,16-inch,4GB
4,-17.125,10.5,Apple,13-inch,4GB,Lenovo,16-inch,8GB
4,-15.625,10.5,Apple,13-inch,4GB,Lenovo,16-inch,16GB
4,2.86102294921875e-05,-0.5,Apple,13-inch,4GB,HP,13-inch,4GB
4,-19.875,10.5,Apple,13-inch,4GB,HP,13-inch,8GB
4,-16.875,10.5,Apple,13-inch,4GB,HP,13-inch,16GB
4,1.7762184143066406e-05,0.0,Apple,13-inch,4GB,HP,14-inch,4GB
4,-20.5,10.5,Apple,13-inch,4GB,HP,14-inch,8GB
4,-18.375,10.5,Apple,13-inch,4GB,HP,14-inch,16GB
4,-2.8125,10.4375,Apple,13-inch,4GB,HP,16-inch,4GB
4,-19.25,10.5,Apple,13-inch,4GB,HP,16-inch,8GB
4,-16.25,10.5,Apple,13-inch,4GB,HP,16-inch,16GB
4,-2.0503997802734375e-05,0.875,Apple,13-inch,4GB,Dell,13-inch,4GB
4,-18.75,10.5,Apple,13-inch,4GB,Dell,13-inch,8GB
4,-16.25,10.5,Apple,13-inch,4GB,Dell,13-inch,16GB
4,-7.772445678710938e-05,1.5,Apple,13-inch,4GB,Dell,14-inch,4GB
4,-19.75,10.5,Apple,13-inch,4GB,Dell,14-inch,8GB
4,-18.125,10.5,Apple,13-inch,4GB,Dell,14-inch,16GB
4,-6.25,10.5,Apple,13-inch,4GB,Dell,16-inch,4GB
4,-16.875,10.5,Apple,13-inch,4GB,Dell,16-inch,8GB
4,-15.25,10.5,Apple,13-inch,4GB,Dell,16-inch,16GB
4,-13.625,10.5,Apple,13-inch,4GB,Apple,13-inch,8GB
4,-11.0,10.5,Apple,13-inch,4GB,Apple,13-inch,16GB
4,-7.0,10.5,Apple,13-inch,4GB,Apple,14-inch,4GB
4,-21.375,10.5,Apple,13-inch,4GB,Apple,14-inch,8GB
4,-18.625,10.5,Apple,13-inch,4GB,Apple,14-inch,16GB
4,-9.0,10.5,Apple,13-inch,4GB,Apple,16-inch,4GB
4,-21.0,10.5,Apple,13-inch,4GB,Apple,16-inch,8GB
4,-20.0,10.5,Apple,13-inch,4GB,Apple,16-inch,16GB
4,4.5299530029296875e-05,-10.75,Apple,13-inch,8GB,ASUS,13-inch,4GB
4,4.5299530029296875e-05,-6.625,Apple,13-inch,8GB,ASUS,13-inch,8GB
4,4.5299530029296875e-05,-6.25,Apple,13-inch,8GB,ASUS,13-inch,16GB
4,4.5299530029296875e-05,-7.375,Apple,13-inch,8GB,ASUS,14-inch,4GB
4,4.5299530029296875e-05,-6.0,Apple,13-inch,8GB,ASUS,14-inch,8GB
4,4.482269287109375e-05,-4.125,Apple,13-inch,8GB,ASUS,14-inch,16GB
4,4.482269287109375e-05,-4.25,Apple,13-inch,8GB,ASUS,16-inch,4GB
4,4.5299530029296875e-05,-6.125,Apple,13-inch,8GB,ASUS,16-inch,8GB
4,4.5299530029296875e-05,-5.875,Apple,13-inch,8GB,ASUS,16-inch,16GB
4,4.5299530029296875e-05,-10.875,Apple,13-inch,8GB,Lenovo,13-inch,4GB
4,4.5299530029296875e-05,-6.0,Apple,13-inch,8GB,Lenovo,13-inch,8GB
4,4.5299530029296875e-05,-5.625,Apple,13-inch,8GB,Lenovo,13-inch,16GB
4,4.5299530029296875e-05,-7.5,Apple,13-inch,8GB,Lenovo,14-inch,4GB
4,4.5299530029296875e-05,-5.625,Apple,13-inch,8GB,Lenovo,14-inch,8GB
4,4.410743713378906e-05,-3.125,Apple,13-inch,8GB,Lenovo,14-inch,16GB
4,4.4345855712890625e-05,-3.5,Apple,13-inch,8GB,Lenovo,16-inch,4GB
4,4.5299530029296875e-05,-5.875,Apple,13-inch,8GB,Lenovo,16-inch,8GB
4,4.5299530029296875e-05,-6.375,Apple,13-inch,8GB,Lenovo,16-inch,16GB
4,4.5299530029296875e-05,-10.625,Apple,13-inch,8GB,HP,13-inch,4GB
4,4.5299530029296875e-05,-5.875,Apple,13-inch,8GB,HP,13-inch,8GB
4,4.5299530029296875e-05,-5.625,Apple,13-inch,8GB,HP,13-inch,16GB
4,4.5299530029296875e-05,-8.0,Apple,13-inch,8GB,HP,14-inch,4GB
4,4.5299530029296875e-05,-6.125,Apple,13-inch,8GB,HP,14-inch,8GB
4,4.3392181396484375e-05,-2.75,Apple,13-inch,8GB,HP,14-inch,16GB
4,4.482269287109375e-05,-4.5,Apple,13-inch,8GB,HP,16-inch,4GB
4,4.5299530029296875e-05,-7.25,Apple,13-inch,8GB,HP,16-inch,8GB
4,4.5299530029296875e-05,-7.125,Apple,13-inch,8GB,HP,16-inch,16GB
4,4.5299530029296875e-05,-12.375,Apple,13-inch,8GB,Dell,13-inch,4GB
4,4.5299530029296875e-05,-5.75,Apple,13-inch,8GB,Dell,13-inch,8GB
4,4.5299530029296875e-05,-6.125,Apple,13-inch,8GB,Dell,13-inch,16GB
4,4.5299530029296875e-05,-8.875,Apple,13-inch,8GB,Dell,14-inch,4GB
4,4.5299530029296875e-05,-5.875,Apple,13-inch,8GB,Dell,14-inch,8GB
4,4.482269287109375e-05,-3.75,Apple,13-inch,8GB,Dell,14-inch,16GB
4,4.5299530029296875e-05,-6.125,Apple,13-inch,8GB,Dell,16-inch,4GB
4,4.5299530029296875e-05,-6.0,Apple,13-inch,8GB,Dell,16-inch,8GB
4,4.5299530029296875e-05,-6.125,Apple,13-inch,8GB,Dell,16-inch,16GB
4,4.5299530029296875e-05,-10.375,Apple,13-inch,8GB,Apple,13-inch,4GB
4,4.5299530029296875e-05,-7.5,Apple,13-inch,8GB,Apple,13-inch,16GB
4,-0.000385284423828125,2.75,Apple,13-inch,8GB,Apple,14-inch,4GB
4,-0.048583984375,7.4375,Apple,13-inch,8GB,Apple,14-inch,8GB
4,4.5299530029296875e-05,-6.125,Apple,13-inch,8GB,Apple,14-inch,16GB
4,-0.00011301040649414062,1.75,Apple,13-inch,8GB,Apple,16-inch,4GB
4,-0.00145721435546875,4.0,Apple,13-inch,8GB,Apple,16-inch,8GB
4,4.5299530029296875e-05,-8.625,Apple,13-inch,8GB,Apple,16-inch,16GB
4,-6.25,10.5,Apple,13-inch,16GB,ASUS,13-inch,4GB
4,4.5299530029296875e-05,-7.0,Apple,13-inch,16GB,ASUS,13-inch,8GB
4,4.506111145019531e-05,-4.75,Apple,13-inch,16GB,ASUS,13-inch,16GB
4,-9.75,10.5,Apple,13-inch,16GB,ASUS,14-inch,4GB
4,4.5299530029296875e-05,-7.125,Apple,13-inch,16GB,ASUS,14-inch,8GB
4,4.506111145019531e-05,-4.75,Apple,13-inch,16GB,ASUS,14-inch,16GB
4,-7.0,10.5,Apple,13-inch,16GB,ASUS,16-inch,4GB
4,4.5299530029296875e-05,-8.25,Apple,13-inch,16GB,ASUS,16-inch,8GB
4,-1.2874603271484375e-05,0.75,Apple,13-inch,16GB,ASUS,16-inch,16GB
4,-4.75,10.5,Apple,13-inch,16GB,Lenovo,13-inch,4GB
4,4.5299530029296875e-05,-7.375,Apple,13-inch,16GB,Lenovo,13-inch,8GB
4,4.506111145019531e-05,-4.625,Apple,13-inch,16GB,Lenovo,13-inch,16GB
4,-9.75,10.5,Apple,13-inch,16GB,Lenovo,14-inch,4GB
4,4.5299530029296875e-05,-7.5,Apple,13-inch,16GB,Lenovo,14-inch,8GB
4,4.482269287109375e-05,-3.75,Apple,13-inch,16GB,Lenovo,14-inch,16GB
4,-8.0,10.5,Apple,13-inch,16GB,Lenovo,16-inch,4GB
4,4.5299530029296875e-05,-10.375,Apple,13-inch,16GB,Lenovo,16-inch,8GB
4,-5.054473876953125e-05,1.25,Apple,13-inch,16GB,Lenovo,16-inch,16GB
4,-0.0024261474609375,4.5,Apple,13-inch,16GB,HP,13-inch,4GB
4,4.5299530029296875e-05,-7.375,Apple,13-inch,16GB,HP,13-inch,8GB
4,4.506111145019531e-05,-4.75,Apple,13-inch,16GB,HP,13-inch,16GB
4,-9.0,10.5,Apple,13-inch,16GB,HP,14-inch,4GB
4,4.5299530029296875e-05,-7.875,Apple,13-inch,16GB,HP,14-inch,8GB
4,4.482269287109375e-05,-3.875,Apple,13-inch,16GB,HP,14-inch,16GB
4,-5.75,10.5,Apple,13-inch,16GB,HP,16-inch,4GB
4,4.5299530029296875e-05,-8.125,Apple,13-inch,16GB,HP,16-inch,8GB
4,1.7762184143066406e-05,0.0,Apple,13-inch,16GB,HP,16-inch,16GB
4,0.0,0.5,Apple,13-inch,16GB,Dell,13-inch,4GB
4,4.5299530029296875e-05,-8.25,Apple,13-inch,16GB,Dell,13-inch,8GB
4,4.482269287109375e-05,-4.125,Apple,13-inch,16GB,Dell,13-inch,16GB
4,-6.5,10.5,Apple,13-inch,16GB,Dell,14-inch,4GB
4,4.5299530029296875e-05,-8.375,Apple,13-inch,16GB,Dell,14-inch,8GB
4,4.506111145019531e-05,-4.875,Apple,13-inch,16GB,Dell,14-inch,16GB
4,-0.010986328125,6.0,Apple,13-inch,16GB,Dell,16-inch,4GB
4,4.5299530029296875e-05,-8.25,Apple,13-inch,16GB,Dell,16-inch,8GB
4,2.86102294921875e-05,-0.5,Apple,13-inch,16GB,Dell,16-inch,16GB
4,4.5299530029296875e-05,-8.125,Apple,13-inch,16GB,Apple,13-inch,4GB
4,4.5299530029296875e-05,-6.125,Apple,13-inch,16GB,Apple,13-inch,8GB
4,-11.5,10.5,Apple,13-inch,16GB,Apple,14-inch,4GB
4,4.5299530029296875e-05,-5.75,Apple,13-inch,16GB,Apple,14-inch,8GB
4,-7.25,10.5,Apple,13-inch,16GB,Apple,14-inch,16GB
4,-8.75,10.5,Apple,13-inch,16GB,Apple,16-inch,4GB
4,4.5299530029296875e-05,-8.625,Apple,13-inch,16GB,Apple,16-inch,8GB
4,-9.75,10.5,Apple,13-inch,16GB,Apple,16-inch,16GB
4,-0.0004425048828125,2.875,Apple,14-inch,4GB,ASUS,13-inch,4GB
4,-19.875,10.5,Apple,14-inch,4GB,ASUS,13-inch,8GB
4,-18.5,10.5,Apple,14-inch,4GB,ASUS,13-inch,16GB
4,-0.0004425048828125,2.875,Apple,14-inch,4GB,ASUS,14-inch,4GB
4,-19.25,10.5,Apple,14-inch,4GB,ASUS,14-inch,8GB
4,-17.625,10.5,Apple,14-inch,4GB,ASUS,14-inch,16GB
4,-9.25,10.5,Apple,14-inch,4GB,ASUS,16-inch,4GB
4,-17.625,10.5,Apple,14-inch,4GB,ASUS,16-inch,8GB
4,-15.0,10.5,Apple,14-inch,4GB,ASUS,16-inch,16GB
4,-0.000865936279296875,3.5,Apple,14-inch,4GB,Lenovo,13-inch,4GB
4,-19.875,10.5,Apple,14-inch,4GB,Lenovo,13-inch,8GB
4,-18.125,10.5,Apple,14-inch,4GB,Lenovo,13-inch,16GB
4,-0.0024261474609375,4.5,Apple,14-inch,4GB,Lenovo,14-inch,4GB
4,-18.625,10.5,Apple,14-inch,4GB,Lenovo,14-inch,8GB
4,-17.5,10.5,Apple,14-inch,4GB,Lenovo,14-inch,16GB
4,-9.0,10.5,Apple,14-inch,4GB,Lenovo,16-inch,4GB
4,-17.625,10.5,Apple,14-inch,4GB,Lenovo,16-inch,8GB
4,-14.875,10.5,Apple,14-inch,4GB,Lenovo,16-inch,16GB
4,2.09808349609375e-05,-0.125,Apple,14-inch,4GB,HP,13-inch,4GB
4,-20.375,10.5,Apple,14-inch,4GB,HP,13-inch,8GB
4,-18.75,10.5,Apple,14-inch,4GB,HP,13-inch,16GB
4,-6.341934204101562e-05,1.375,Apple,14-inch,4GB,HP,14-inch,4GB
4,-19.875,10.5,Apple,14-inch,4GB,HP,14-inch,8GB
4,-18.375,10.5,Apple,14-inch,4GB,HP,14-inch,16GB
4,-6.5,10.5,Apple,14-inch,4GB,HP,16-inch,4GB
4,-19.375,10.5,Apple,14-inch,4GB,HP,16-inch,8GB
4,-15.375,10.5,Apple,14-inch,4GB,HP,16-inch,16GB
4,-0.0001583099365234375,2.0,Apple,14-inch,4GB,Dell,13-inch,4GB
4,-20.0,10.5,Apple,14-inch,4GB,Dell,13-inch,8GB
4,-17.5,10.5,Apple,14-inch,4GB,Dell,13-inch,16GB
4,-0.0004425048828125,2.875,Apple,14-inch,4GB,Dell,14-inch,4GB
4,-18.875,10.5,Apple,14-inch,4GB,Dell,14-inch,8GB
4,-17.0,10.5,Apple,14-inch,4GB,Dell,14-inch,16GB
4,-7.75,10.5,Apple,14-inch,4GB,Dell,16-inch,4GB
4,-17.625,10.5,Apple,14-inch,4GB,Dell,16-inch,8GB
4,-14.5,10.5,Apple,14-inch,4GB,Dell,16-inch,16GB
4,1.0013580322265625e-05,0.25,Apple,14-inch,4GB,Apple,13-inch,4GB
4,-21.25,10.5,Apple,14-inch,4GB,Apple,13-inch,8GB
4,-18.0,10.5,Apple,14-inch,4GB,Apple,13-inch,16GB
4,-14.625,10.5,Apple,14-inch,4GB,Apple,14-inch,8GB
4,-11.75,10.5,Apple,14-inch,4GB,Apple,14-inch,16GB
4,-9.0,10.5,Apple,14-inch,4GB,Apple,16-inch,4GB
4,-21.125,10.5,Apple,14-inch,4GB,Apple,16-inch,8GB
4,-18.375,10.5,Apple,14-inch,4GB,Apple,16-inch,16GB
4,4.482269287109375e-05,-4.0,Apple,14-inch,8GB,ASUS,13-inch,4GB
4,4.5299530029296875e-05,-6.625,Apple,14-inch,8GB,ASUS,13-inch,8GB
4,4.458427429199219e-05,-3.625,Apple,14-inch,8GB,ASUS,13-inch,16GB
4,4.5299530029296875e-05,-8.875,Apple,14-inch,8GB,ASUS,14-inch,4GB
4,4.5299530029296875e-05,-6.125,Apple,14-inch,8GB,ASUS,14-inch,8GB
4,4.5299530029296875e-05,-5.625,Apple,14-inch,8GB,ASUS,14-inch,16GB
4,3.24249267578125e-05,-0.75,Apple,14-inch,8GB,ASUS,16-inch,4GB
4,4.5299530029296875e-05,-5.375,Apple,14-inch,8GB,ASUS,16-inch,8GB
4,4.506111145019531e-05,-4.625,Apple,14-inch,8GB,ASUS,16-inch,16GB
4,4.458427429199219e-05,-3.625,Apple,14-inch,8GB,Lenovo,13-inch,4GB
4,4.5299530029296875e-05,-6.0,Apple,14-inch,8GB,Lenovo,13-inch,8GB
4,4.3392181396484375e-05,-2.625,Apple,14-inch,8GB,Lenovo,13-inch,16GB
4,4.5299530029296875e-05,-9.125,Apple,14-inch,8GB,Lenovo,14-inch,4GB
4,4.5299530029296875e-05,-5.875,Apple,14-inch,8GB,Lenovo,14-inch,8GB
4,4.506111145019531e-05,-5.0,Apple,14-inch,8GB,Lenovo,14-inch,16GB
4,1.4066696166992188e-05,0.125,Apple,14-inch,8GB,Lenovo,16-inch,4GB
4,4.5299530029296875e-05,-5.375,Apple,14-inch,8GB,Lenovo,16-inch,8GB
4,4.506111145019531e-05,-4.75,Apple,14-inch,8GB,Lenovo,16-inch,16GB
4,4.5299530029296875e-05,-5.75,Apple,14-inch,8GB,HP,13-inch,4GB
4,4.5299530029296875e-05,-6.0,Apple,14-inch,8GB,HP,13-inch,8GB
4,4.38690185546875e-05,-3.0,Apple,14-inch,8GB,HP,13-inch,16GB
4,4.5299530029296875e-05,-8.75,Apple,14-inch,8GB,HP,14-inch,4GB
4,4.5299530029296875e-05,-5.625,Apple,14-inch,8GB,HP,14-inch,8GB
4,4.482269287109375e-05,-4.5,Apple,14-inch,8GB,HP,14-inch,16GB
4,3.910064697265625e-05,-1.5,Apple,14-inch,8GB,HP,16-inch,4GB
4,4.5299530029296875e-05,-6.25,Apple,14-inch,8GB,HP,16-inch,8GB
4,4.506111145019531e-05,-4.75,Apple,14-inch,8GB,HP,16-inch,16GB
4,4.5299530029296875e-05,-7.25,Apple,14-inch,8GB,Dell,13-inch,4GB
4,4.5299530029296875e-05,-5.75,Apple,14-inch,8GB,Dell,13-inch,8GB
4,4.458427429199219e-05,-3.625,Apple,14-inch,8GB,Dell,13-inch,16GB
4,4.5299530029296875e-05,-10.25,Apple,14-inch,8GB,Dell,14-inch,4GB
4,4.5299530029296875e-05,-5.5,Apple,14-inch,8GB,Dell,14-inch,8GB
4,4.5299530029296875e-05,-5.5,Apple,14-inch,8GB,Dell,14-inch,16GB
4,4.3392181396484375e-05,-2.75,Apple,14-inch,8GB,Dell,16-inch,4GB
4,4.5299530029296875e-05,-6.25,Apple,14-inch,8GB,Dell,16-inch,8GB
4,4.5299530029296875e-05,-5.625,Apple,14-inch,8GB,Dell,16-inch,16GB
4,-9.75,10.5,Apple,14-inch,8GB,Apple,13-inch,4GB
4,4.291534423828125e-05,-2.375,Apple,14-inch,8GB,Apple,13-inch,8GB
4,4.5299530029296875e-05,-5.875,Apple,14-inch,8GB,Apple,13-inch,16GB
4,4.5299530029296875e-05,-9.125,Apple,14-inch,8GB,Apple,14-inch,4GB
4,4.5299530029296875e-05,-6.875,Apple,14-inch,8GB,Apple,14-inch,16GB
4,-0.023193359375,6.75,Apple,14-inch,8GB,Apple,16-inch,4GB
4,-0.000507354736328125,3.0,Apple,14-inch,8GB,Apple,16-inch,8GB
4,4.5299530029296875e-05,-7.0,Apple,14-inch,8GB,Apple,16-inch,16GB
4,-15.5,10.5,Apple,14-inch,16GB,ASUS,13-inch,4GB
4,4.482269287109375e-05,-3.75,Apple,14-inch,16GB,ASUS,13-inch,8GB
4,4.482269287109375e-05,-4.375,Apple,14-inch,16GB,ASUS,13-inch,16GB
4,-10.0,10.5,Apple,14-inch,16GB,ASUS,14-inch,4GB
4,4.5299530029296875e-05,-5.875,Apple,14-inch,16GB,ASUS,14-inch,8GB
4,4.482269287109375e-05,-4.375,Apple,14-inch,16GB,ASUS,14-inch,16GB
4,-10.5,10.5,Apple,14-inch,16GB,ASUS,16-inch,4GB
4,4.5299530029296875e-05,-6.875,Apple,14-inch,16GB,ASUS,16-inch,8GB
4,-0.000385284423828125,2.75,Apple,14-inch,16GB,ASUS,16-inch,16GB
4,-14.5,10.5,Apple,14-inch,16GB,Lenovo,13-inch,4GB
4,4.482269287109375e-05,-4.5,Apple,14-inch,16GB,Lenovo,13-inch,8GB
4,4.410743713378906e-05,-3.125,Apple,14-inch,16GB,Lenovo,13-inch,16GB
4,-10.0,10.5,Apple,14-inch,16GB,Lenovo,14-inch,4GB
4,4.5299530029296875e-05,-6.5,Apple,14-inch,16GB,Lenovo,14-inch,8GB
4,4.482269287109375e-05,-4.125,Apple,14-inch,16GB,Lenovo,14-inch,16GB
4,-10.5,10.5,Apple,14-inch,16GB,Lenovo,16-inch,4GB
4,4.5299530029296875e-05,-7.375,Apple,14-inch,16GB,Lenovo,16-inch,8GB
4,-0.0001583099365234375,2.0,Apple,14-inch,16GB,Lenovo,16-inch,16GB
4,-13.75,10.5,Apple,14-inch,16GB,HP,13-inch,4GB
4,4.506111145019531e-05,-4.875,Apple,14-inch,16GB,HP,13-inch,8GB
4,4.458427429199219e-05,-3.625,Apple,14-inch,16GB,HP,13-inch,16GB
4,-9.5,10.5,Apple,14-inch,16GB,HP,14-inch,4GB
4,4.5299530029296875e-05,-6.375,Apple,14-inch,16GB,HP,14-inch,8GB
4,4.482269287109375e-05,-4.0,Apple,14-inch,16GB,HP,14-inch,16GB
4,-9.75,10.5,Apple,14-inch,16GB,HP,16-inch,4GB
4,4.5299530029296875e-05,-8.0,Apple,14-inch,16GB,HP,16-inch,8GB
4,-7.772445678710938e-05,1.5,Apple,14-inch,16GB,HP,16-inch,16GB
4,-11.5,10.5,Apple,14-inch,16GB,Dell,13-inch,4GB
4,4.5299530029296875e-05,-5.625,Apple,14-inch,16GB,Dell,13-inch,8GB
4,4.4345855712890625e-05,-3.375,Apple,14-inch,16GB,Dell,13-inch,16GB
4,-8.0,10.5,Apple,14-inch,16GB,Dell,14-inch,4GB
4,4.5299530029296875e-05,-6.875,Apple,14-inch,16GB,Dell,14-inch,8GB
4,4.482269287109375e-05,-3.75,Apple,14-inch,16GB,Dell,14-inch,16GB
4,-8.75,10.5,Apple,14-inch,16GB,Dell,16-inch,4GB
4,4.5299530029296875e-05,-7.875,Apple,14-inch,16GB,Dell,16-inch,8GB
4,-1.2874603271484375e-05,0.75,Apple,14-inch,16GB,Dell,16-inch,16GB
4,-15.75,10.5,Apple,14-inch,16GB,Apple,13-inch,4GB
4,4.482269287109375e-05,-3.75,Apple,14-inch,16GB,Apple,13-inch,8GB
4,-7.772445678710938e-05,1.5,Apple,14-inch,16GB,Apple,13-inch,16GB
4,4.5299530029296875e-05,-5.5,Apple,14-inch,16GB,Apple,14-inch,4GB
4,4.5299530029296875e-05,-6.0,Apple,14-inch,16GB,Apple,14-inch,8GB
4,-9.75,10.5,Apple,14-inch,16GB,Apple,16-inch,4GB
4,4.5299530029296875e-05,-6.25,Apple,14-inch,16GB,Apple,16-inch,8GB
4,-10.75,10.5,Apple,14-inch,16GB,Apple,16-inch,16GB
4,-0.00066375732421875,3.25,Apple,16-inch,4GB,ASUS,13-inch,4GB
4,-20.0,10.5,Apple,16-inch,4GB,ASUS,13-inch,8GB
4,-13.625,10.5,Apple,16-inch,4GB,ASUS,13-inch,16GB
4,-6.198883056640625e-06,0.625,Apple,16-inch,4GB,ASUS,14-inch,4GB
4,-19.125,10.5,Apple,16-inch,4GB,ASUS,14-inch,8GB
4,-13.375,10.5,Apple,16-inch,4GB,ASUS,14-inch,16GB
4,-0.0001583099365234375,2.0,Apple,16-inch,4GB,ASUS,16-inch,4GB
4,-18.25,10.5,Apple,16-inch,4GB,ASUS,16-inch,8GB
4,-11.375,10.5,Apple,16-inch,4GB,ASUS,16-inch,16GB
4,-0.000507354736328125,3.0,Apple,16-inch,4GB,Lenovo,13-inch,4GB
4,-19.625,10.5,Apple,16-inch,4GB,Lenovo,13-inch,8GB
4,-13.125,10.5,Apple,16-inch,4GB,Lenovo,13-inch,16GB
4,1.0013580322265625e-05,0.25,Apple,16-inch,4GB,Lenovo,14-inch,4GB
4,-18.875,10.5,Apple,16-inch,4GB,Lenovo,14-inch,8GB
4,-13.5,10.5,Apple,16-inch,4GB,Lenovo,14-inch,16GB
4,-0.0001583099365234375,2.0,Apple,16-inch,4GB,Lenovo,16-inch,4GB
4,-18.375,10.5,Apple,16-inch,4GB,Lenovo,16-inch,8GB
4,-11.375,10.5,Apple,16-inch,4GB,Lenovo,16-inch,16GB
4,3.24249267578125e-05,-0.75,Apple,16-inch,4GB,HP,13-inch,4GB
4,-20.75,10.5,Apple,16-inch,4GB,HP,13-inch,8GB
4,-12.75,10.5,Apple,16-inch,4GB,HP,13-inch,16GB
4,4.38690185546875e-05,-3.0,Apple,16-inch,4GB,HP,14-inch,4GB
4,-20.5,10.5,Apple,16-inch,4GB,HP,14-inch,8GB
4,-13.5,10.5,Apple,16-inch,4GB,HP,14-inch,16GB
4,3.62396240234375e-05,-1.125,Apple,16-inch,4GB,HP,16-inch,4GB
4,-20.25,10.5,Apple,16-inch,4GB,HP,16-inch,8GB
4,-11.75,10.5,Apple,16-inch,4GB,HP,16-inch,16GB
4,-9.489059448242188e-05,1.625,Apple,16-inch,4GB,Dell,13-inch,4GB
4,-19.875,10.5,Apple,16-inch,4GB,Dell,13-inch,8GB
4,-12.625,10.5,Apple,16-inch,4GB,Dell,13-inch,16GB
4,3.62396240234375e-05,-1.125,Apple,16-inch,4GB,Dell,14-inch,4GB
4,-19.375,10.5,Apple,16-inch,4GB,Dell,14-inch,8GB
4,-12.75,10.5,Apple,16-inch,4GB,Dell,14-inch,16GB
4,-6.198883056640625e-06,0.625,Apple,16-inch,4GB,Dell,16-inch,4GB
4,-18.75,10.5,Apple,16-inch,4GB,Dell,16-inch,8GB
4,-10.5,10.5,Apple,16-inch,4GB,Dell,16-inch,16GB
4,4.5299530029296875e-05,-6.25,Apple,16-inch,4GB,Apple,13-inch,4GB
4,-22.5,10.5,Apple,16-inch,4GB,Apple,13-inch,8GB
4,-14.25,10.5,Apple,16-inch,4GB,Apple,13-inch,16GB
4,4.482269287109375e-05,-3.875,Apple,16-inch,4GB,Apple,14-inch,4GB
4,-22.375,10.5,Apple,16-inch,4GB,Apple,14-inch,8GB
4,-15.25,10.5,Apple,16-inch,4GB,Apple,14-inch,16GB
4,-13.625,10.5,Apple,16-inch,4GB,Apple,16-inch,8GB
4,-10.625,10.5,Apple,16-inch,4GB,Apple,16-inch,16GB
4,-0.0024261474609375,4.5,Apple,16-inch,8GB,ASUS,13-inch,4GB
4,4.482269287109375e-05,-3.875,Apple,16-inch,8GB,ASUS,13-inch,8GB
4,-9.5,10.5,Apple,16-inch,8GB,ASUS,13-inch,16GB
4,-6.0,10.5,Apple,16-inch,8GB,ASUS,14-inch,4GB
4,4.482269287109375e-05,-4.125,Apple,16-inch,8GB,ASUS,14-inch,8GB
4,-10.625,10.5,Apple,16-inch,8GB,ASUS,14-inch,16GB
4,4.1484832763671875e-05,-2.0,Apple,16-inch,8GB,ASUS,16-inch,4GB
4,4.5299530029296875e-05,-5.625,Apple,16-inch,8GB,ASUS,16-inch,8GB
4,-0.00518798828125,5.25,Apple,16-inch,8GB,ASUS,16-inch,16GB
4,-0.10009765625,8.125,Apple,16-inch,8GB,Lenovo,13-inch,4GB
4,4.38690185546875e-05,-2.875,Apple,16-inch,8GB,Lenovo,13-inch,8GB
4,-9.5,10.5,Apple,16-inch,8GB,Lenovo,13-inch,16GB
4,-4.75,10.5,Apple,16-inch,8GB,Lenovo,14-inch,4GB
4,4.4345855712890625e-05,-3.375,Apple,16-inch,8GB,Lenovo,14-inch,8GB
4,-10.25,10.5,Apple,16-inch,8GB,Lenovo,14-inch,16GB
4,4.3392181396484375e-05,-2.625,Apple,16-inch,8GB,Lenovo,16-inch,4GB
4,4.506111145019531e-05,-4.625,Apple,16-inch,8GB,Lenovo,16-inch,8GB
4,-2.34375,10.375,Apple,16-inch,8GB,Lenovo,16-inch,16GB
4,-7.772445678710938e-05,1.5,Apple,16-inch,8GB,HP,13-inch,4GB
4,4.410743713378906e-05,-3.125,Apple,16-inch,8GB,HP,13-inch,8GB
4,-9.5,10.5,Apple,16-inch,8GB,HP,13-inch,16GB
4,-4.25,10.5,Apple,16-inch,8GB,HP,14-inch,4GB
4,4.482269287109375e-05,-3.75,Apple,16-inch,8GB,HP,14-inch,8GB
4,-10.875,10.5,Apple,16-inch,8GB,HP,14-inch,16GB
4,4.38690185546875e-05,-3.0,Apple,16-inch,8GB,HP,16-inch,4GB
4,4.5299530029296875e-05,-5.5,Apple,16-inch,8GB,HP,16-inch,8GB
4,-3.28125,10.4375,Apple,16-inch,8GB,HP,16-inch,16GB
4,2.86102294921875e-05,-0.5,Apple,16-inch,8GB,Dell,13-inch,4GB
4,4.4345855712890625e-05,-3.375,Apple,16-inch,8GB,Dell,13-inch,8GB
4,-8.75,10.5,Apple,16-inch,8GB,Dell,13-inch,16GB
4,-5.054473876953125e-05,1.25,Apple,16-inch,8GB,Dell,14-inch,4GB
4,4.482269287109375e-05,-3.875,Apple,16-inch,8GB,Dell,14-inch,8GB
4,-10.125,10.5,Apple,16-inch,8GB,Dell,14-inch,16GB
4,4.506111145019531e-05,-4.75,Apple,16-inch,8GB,Dell,16-inch,4GB
4,4.506111145019531e-05,-4.75,Apple,16-inch,8GB,Dell,16-inch,8GB
4,-1.9140625,10.3125,Apple,16-inch,8GB,Dell,16-inch,16GB
4,-10.5,10.5,Apple,16-inch,8GB,Apple,13-inch,4GB
4,4.291534423828125e-05,-2.375,Apple,16-inch,8GB,Apple,13-inch,8GB
4,-10.0,10.5,Apple,16-inch,8GB,Apple,13-inch,16GB
4,-11.5,10.5,Apple,16-inch,8GB,Apple,14-inch,4GB
4,4.1961669921875e-05,-2.125,Apple,16-inch,8GB,Apple,14-inch,8GB
4,-12.25,10.5,Apple,16-inch,8GB,Apple,14-inch,16GB
4,4.5299530029296875e-05,-7.0,Apple,16-inch,8GB,Apple,16-inch,4GB
4,-9.0,10.5,Apple,16-inch,8GB,Apple,16-inch,16GB
4,-15.5,10.5,Apple,16-inch,16GB,ASUS,13-inch,4GB
4,-0.000507354736328125,3.0,Apple,16-inch,16GB,ASUS,13-inch,8GB
4,-7.75,10.5,Apple,16-inch,16GB,ASUS,13-inch,16GB
4,-16.0,10.5,Apple,16-inch,16GB,ASUS,14-inch,4GB
4,-6.75,10.5,Apple,16-inch,16GB,ASUS,14-inch,8GB
4,-0.474609375,9.5,Apple,16-inch,16GB,ASUS,14-inch,16GB
4,-9.25,10.5,Apple,16-inch,16GB,ASUS,16-inch,4GB
4,-2.0503997802734375e-05,0.875,Apple,16-inch,16GB,ASUS,16-inch,8GB
4,3.62396240234375e-05,-1.125,Apple,16-inch,16GB,ASUS,16-inch,16GB
4,-15.0,10.5,Apple,16-inch,16GB,Lenovo,13-inch,4GB
4,-0.0002498626708984375,2.375,Apple,16-inch,16GB,Lenovo,13-inch,8GB
4,-7.75,10.5,Apple,16-inch,16GB,Lenovo,13-inch,16GB
4,-14.875,10.5,Apple,16-inch,16GB,Lenovo,14-inch,4GB
4,-0.69140625,9.8125,Apple,16-inch,16GB,Lenovo,14-inch,8GB
4,-3.53125,10.5,Apple,16-inch,16GB,Lenovo,14-inch,16GB
4,-8.5,10.5,Apple,16-inch,16GB,Lenovo,16-inch,4GB
4,1.0013580322265625e-05,0.25,Apple,16-inch,16GB,Lenovo,16-inch,8GB
4,0.0,0.5,Apple,16-inch,16GB,Lenovo,16-inch,16GB
4,-12.75,10.5,Apple,16-inch,16GB,HP,13-inch,4GB
4,-7.772445678710938e-05,1.5,Apple,16-inch,16GB,HP,13-inch,8GB
4,-5.25,10.5,Apple,16-inch,16GB,HP,13-inch,16GB
4,-14.25,10.5,Apple,16-inch,16GB,HP,14-inch,4GB
4,-0.00188446044921875,4.25,Apple,16-inch,16GB,HP,14-inch,8GB
4,-0.474609375,9.5,Apple,16-inch,16GB,HP,14-inch,16GB
4,-8.25,10.5,Apple,16-inch,16GB,HP,16-inch,4GB
4,5.245208740234375e-06,0.375,Apple,16-inch,16GB,HP,16-inch,8GB
4,3.62396240234375e-05,-1.125,Apple,16-inch,16GB,HP,16-inch,16GB
4,-11.5,10.5,Apple,16-inch,16GB,Dell,13-inch,4GB
4,-1.2874603271484375e-05,0.75,Apple,16-inch,16GB,Dell,13-inch,8GB
4,-6.5,10.5,Apple,16-inch,16GB,Dell,13-inch,16GB
4,-12.25,10.5,Apple,16-inch,16GB,Dell,14-inch,4GB
4,-0.00112152099609375,3.75,Apple,16-inch,16GB,Dell,14-inch,8GB
4,-0.251953125,9.0,Apple,16-inch,16GB,Dell,14-inch,16GB
4,-5.0,10.5,Apple,16-inch,16GB,Dell,16-inch,4GB
4,3.0517578125e-05,-0.625,Apple,16-inch,16GB,Dell,16-inch,8GB
4,1.0013580322265625e-05,0.25,Apple,16-inch,16GB,Dell,16-inch,16GB
4,-16.0,10.5,Apple,16-inch,16GB,Apple,13-inch,4GB
4,-0.82421875,9.9375,Apple,16-inch,16GB,Apple,13-inch,8GB
4,-0.57421875,9.6875,Apple,16-inch,16GB,Apple,13-inch,16GB
4,-17.125,10.5,Apple,16-inch,16GB,Apple,14-inch,4GB
4,-8.75,10.5,Apple,16-inch,16GB,Apple,14-inch,8GB
4,-3.765625,10.5,Apple,16-inch,16GB,Apple,14-inch,16GB
4,4.100799560546875e-05,-1.875,Apple,16-inch,16GB,Apple,16-inch,4GB
4,-0.0002899169921875,2.5,Apple,16-inch,16GB,Apple,16-inch,8GB
