Color,BT_Score
green,0.2863017224664546
red,0.1957360728378177
blue,0.09779401125631182
purple,-0.27748545262846136
yellow,-0.3023463539321085
