Color,BT_Score
red,0.19383732788190144
green,0.1532892600890179
blue,0.01611912606916377
yellow,-0.16945028781646698
purple,-0.1937954262235806
