template_idx,score_a,score_b,a_brand,a_screen,a_ram,b_brand,b_screen,b_ram
0,-1.7421875,5.875,ASUS,13-inch,4GB,ASUS,13-inch,8GB
0,0.056884765625,0.4375,ASUS,13-inch,4GB,ASUS,13-inch,16GB
0,-1.4375,5.8125,ASUS,13-inch,4GB,ASUS,14-inch,4GB
0,-2.28125,5.96875,ASUS,13-inch,4GB,ASUS,14-inch,8GB
0,0.060302734375,-1.9375,ASUS,13-inch,4GB,ASUS,14-inch,16GB
0,-0.00146484375,3.25,ASUS,13-inch,4GB,ASUS,16-inch,4GB
0,0.0400390625,2.171875,ASUS,13-inch,4GB,ASUS,16-inch,8GB
0,0.060546875,-4.0625,ASUS,13-inch,4GB,ASUS,16-inch,16GB
0,-0.4140625,5.09375,ASUS,13-inch,4GB,Lenovo,13-inch,4GB
0,-7.4375,6.0625,ASUS,13-inch,4GB,Lenovo,13-inch,8GB
0,0.04638671875,1.8125,ASUS,13-inch,4GB,Lenovo,13-inch,16GB
0,-0.6328125,5.375,ASUS,13-inch,4GB,Lenovo,14-inch,4GB
0,-6.9375,6.0625,ASUS,13-inch,4GB,Lenovo,14-inch,8GB
0,0.0595703125,-0.9375,ASUS,13-inch,4GB,Lenovo,14-inch,16GB
0,0.0537109375,1.0625,ASUS,13-inch,4GB,Lenovo,16-inch,4GB
0,-0.05224609375,3.828125,ASUS,13-inch,4GB,Lenovo,16-inch,8GB
0,0.060546875,-4.1875,ASUS,13-inch,4GB,Lenovo,16-inch,16GB
0,-0.220703125,4.65625,ASUS,13-inch,4GB,HP,13-inch,4GB
0,-4.3125,6.0625,ASUS,13-inch,4GB,HP,13-inch,8GB
0,0.049560546875,1.5625,ASUS,13-inch,4GB,HP,13-inch,16GB
0,-0.515625,5.25,ASUS,13-inch,4GB,HP,14-inch,4GB
0,-6.1875,6.0625,ASUS,13-inch,4GB,HP,14-inch,8GB
0,0.058349609375,-0.0625,ASUS,13-inch,4GB,HP,14-inch,16GB
0,0.055419921875,0.8125,ASUS,13-inch,4GB,HP,16-inch,4GB
0,-0.06640625,3.9375,ASUS,13-inch,4GB,HP,16-inch,8GB
0,0.060546875,-3.8125,ASUS,13-inch,4GB,HP,16-inch,16GB
0,-0.6328125,5.375,ASUS,13-inch,4GB,Dell,13-inch,4GB
0,-3.828125,6.03125,ASUS,13-inch,4GB,Dell,13-inch,8GB
0,0.055908203125,0.6875,ASUS,13-inch,4GB,Dell,13-inch,16GB
0,-0.6328125,5.375,ASUS,13-inch,4GB,Dell,14-inch,4GB
0,-3.21875,6.03125,ASUS,13-inch,4GB,Dell,14-inch,8GB
0,0.060302734375,-2.0625,ASUS,13-inch,4GB,Dell,14-inch,16GB
0,0.052001953125,1.3125,ASUS,13-inch,4GB,Dell,16-inch,4GB
0,0.04248046875,2.03125,ASUS,13-inch,4GB,Dell,16-inch,8GB
0,0.060546875,-5.1875,ASUS,13-inch,4GB,Dell,16-inch,16GB
0,0.011962890625,3.015625,ASUS,13-inch,4GB,Apple,13-inch,4GB
0,-12.9375,6.0625,ASUS,13-inch,4GB,Apple,13-inch,8GB
0,-0.251953125,4.75,ASUS,13-inch,4GB,Apple,13-inch,16GB
0,0.03076171875,2.53125,ASUS,13-inch,4GB,Apple,14-inch,4GB
0,-9.3125,6.0625,ASUS,13-inch,4GB,Apple,14-inch,8GB
0,0.03076171875,2.53125,ASUS,13-inch,4GB,Apple,14-inch,16GB
0,0.059326171875,-0.6875,ASUS,13-inch,4GB,Apple,16-inch,4GB
0,-0.515625,5.25,ASUS,13-inch,4GB,Apple,16-inch,8GB
0,0.059814453125,-1.0625,ASUS,13-inch,4GB,Apple,16-inch,16GB
0,-16.5,6.0625,ASUS,13-inch,8GB,ASUS,13-inch,4GB
0,0.06005859375,-1.8125,ASUS,13-inch,8GB,ASUS,13-inch,16GB
0,-0.0185546875,3.484375,ASUS,13-inch,8GB,ASUS,14-inch,4GB
0,-2.40625,5.96875,ASUS,13-inch,8GB,ASUS,14-inch,8GB
0,0.060546875,-7.4375,ASUS,13-inch,8GB,ASUS,14-inch,16GB
0,0.0537109375,1.0625,ASUS,13-inch,8GB,ASUS,16-inch,4GB
0,-0.5703125,5.3125,ASUS,13-inch,8GB,ASUS,16-inch,8GB
0,0.060546875,-7.3125,ASUS,13-inch,8GB,ASUS,16-inch,16GB
0,-0.9921875,5.625,ASUS,13-inch,8GB,Lenovo,13-inch,4GB
0,-0.220703125,4.65625,ASUS,13-inch,8GB,Lenovo,13-inch,8GB
0,0.060546875,-5.5625,ASUS,13-inch,8GB,Lenovo,13-inch,16GB
0,-0.3671875,5.0,ASUS,13-inch,8GB,Lenovo,14-inch,4GB
0,-0.3671875,5.0,ASUS,13-inch,8GB,Lenovo,14-inch,8GB
0,0.060546875,-7.5625,ASUS,13-inch,8GB,Lenovo,14-inch,16GB
0,0.0224609375,2.78125,ASUS,13-inch,8GB,Lenovo,16-inch,4GB
0,-0.00146484375,3.25,ASUS,13-inch,8GB,Lenovo,16-inch,8GB
0,0.060546875,-7.8125,ASUS,13-inch,8GB,Lenovo,16-inch,16GB
0,-0.287109375,4.84375,ASUS,13-inch,8GB,HP,13-inch,4GB
0,-0.220703125,4.65625,ASUS,13-inch,8GB,HP,13-inch,8GB
0,0.060546875,-6.1875,ASUS,13-inch,8GB,HP,13-inch,16GB
0,-0.119140625,4.25,ASUS,13-inch,8GB,HP,14-inch,4GB
0,-0.326171875,4.9375,ASUS,13-inch,8GB,HP,14-inch,8GB
0,0.060546875,-6.9375,ASUS,13-inch,8GB,HP,14-inch,16GB
0,0.049560546875,1.5625,ASUS,13-inch,8GB,HP,16-inch,4GB
0,-0.0283203125,3.59375,ASUS,13-inch,8GB,HP,16-inch,8GB
0,0.060546875,-7.4375,ASUS,13-inch,8GB,HP,16-inch,16GB
0,-0.326171875,4.9375,ASUS,13-inch,8GB,Dell,13-inch,4GB
0,-0.251953125,4.75,ASUS,13-inch,8GB,Dell,13-inch,8GB
0,0.060546875,-8.1875,ASUS,13-inch,8GB,Dell,13-inch,16GB
0,-0.1650390625,4.46875,ASUS,13-inch,8GB,Dell,14-inch,4GB
0,-0.19140625,4.5625,ASUS,13-inch,8GB,Dell,14-inch,8GB
0,0.060546875,-8.8125,ASUS,13-inch,8GB,Dell,14-inch,16GB
0,0.04443359375,1.90625,ASUS,13-inch,8GB,Dell,16-inch,4GB
0,0.011962890625,3.015625,ASUS,13-inch,8GB,Dell,16-inch,8GB
0,0.060546875,-8.9375,ASUS,13-inch,8GB,Dell,16-inch,16GB
0,0.005615234375,3.125,ASUS,13-inch,8GB,Apple,13-inch,4GB
0,-0.140625,4.375,ASUS,13-inch,8GB,Apple,13-inch,8GB
0,0.059814453125,-1.3125,ASUS,13-inch,8GB,Apple,13-inch,16GB
0,0.02685546875,2.65625,ASUS,13-inch,8GB,Apple,14-inch,4GB
0,0.04248046875,2.03125,ASUS,13-inch,8GB,Apple,14-inch,8GB
0,0.060546875,-4.0625,ASUS,13-inch,8GB,Apple,14-inch,16GB
0,0.05078125,1.4375,ASUS,13-inch,8GB,Apple,16-inch,4GB
0,0.057373046875,0.3125,ASUS,13-inch,8GB,Apple,16-inch,8GB
0,0.060546875,-6.3125,ASUS,13-inch,8GB,Apple,16-inch,16GB
0,-16.625,6.0625,ASUS,13-inch,16GB,ASUS,13-inch,4GB
0,-0.03955078125,3.71875,ASUS,13-inch,16GB,ASUS,13-inch,8GB
0,-11.9375,6.0625,ASUS,13-inch,16GB,ASUS,14-inch,4GB
0,0.059814453125,-1.1875,ASUS,13-inch,16GB,ASUS,14-inch,8GB
0,-0.3671875,5.0,ASUS,13-inch,16GB,ASUS,14-inch,16GB
0,-0.099609375,4.15625,ASUS,13-inch,16GB,ASUS,16-inch,4GB
0,0.06005859375,-1.8125,ASUS,13-inch,16GB,ASUS,16-inch,8GB
0,-0.140625,4.375,ASUS,13-inch,16GB,ASUS,16-inch,16GB
0,-8.1875,6.0625,ASUS,13-inch,16GB,Lenovo,13-inch,4GB
0,0.059326171875,-0.6875,ASUS,13-inch,16GB,Lenovo,13-inch,8GB
0,0.056396484375,0.5625,ASUS,13-inch,16GB,Lenovo,13-inch,16GB
0,-9.0625,6.0625,ASUS,13-inch,16GB,Lenovo,14-inch,4GB
0,0.060302734375,-1.9375,ASUS,13-inch,16GB,Lenovo,14-inch,8GB
0,0.058837890625,-0.3125,ASUS,13-inch,16GB,Lenovo,14-inch,16GB
0,-0.515625,5.25,ASUS,13-inch,16GB,Lenovo,16-inch,4GB
0,0.060302734375,-2.0625,ASUS,13-inch,16GB,Lenovo,16-inch,8GB
0,0.04638671875,1.8125,ASUS,13-inch,16GB,Lenovo,16-inch,16GB
0,-5.5625,6.0625,ASUS,13-inch,16GB,HP,13-inch,4GB
0,0.059326171875,-0.5625,ASUS,13-inch,16GB,HP,13-inch,8GB
0,0.056396484375,0.5625,ASUS,13-inch,16GB,HP,13-inch,16GB
0,-5.5625,6.0625,ASUS,13-inch,16GB,HP,14-inch,4GB
0,0.060302734375,-1.9375,ASUS,13-inch,16GB,HP,14-inch,8GB
0,0.059326171875,-0.5625,ASUS,13-inch,16GB,HP,14-inch,16GB
0,-0.119140625,4.25,ASUS,13-inch,16GB,HP,16-inch,4GB
0,0.060302734375,-2.0625,ASUS,13-inch,16GB,HP,16-inch,8GB
0,0.052001953125,1.3125,ASUS,13-inch,16GB,HP,16-inch,16GB
0,-4.4375,6.0625,ASUS,13-inch,16GB,Dell,13-inch,4GB
0,0.05908203125,-0.4375,ASUS,13-inch,16GB,Dell,13-inch,8GB
0,0.0537109375,1.0625,ASUS,13-inch,16GB,Dell,13-inch,16GB
0,-5.1875,6.0625,ASUS,13-inch,16GB,Dell,14-inch,4GB
0,0.06005859375,-1.8125,ASUS,13-inch,16GB,Dell,14-inch,8GB
0,0.0595703125,-0.9375,ASUS,13-inch,16GB,Dell,14-inch,16GB
0,-0.08203125,4.0625,ASUS,13-inch,16GB,Dell,16-inch,4GB
0,0.060302734375,-2.1875,ASUS,13-inch,16GB,Dell,16-inch,8GB
0,0.052001953125,1.3125,ASUS,13-inch,16GB,Dell,16-inch,16GB
0,-0.119140625,4.25,ASUS,13-inch,16GB,Apple,13-inch,4GB
0,0.052001953125,1.3125,ASUS,13-inch,16GB,Apple,13-inch,8GB
0,0.011962890625,3.015625,ASUS,13-inch,16GB,Apple,13-inch,16GB
0,-0.220703125,4.65625,ASUS,13-inch,16GB,Apple,14-inch,4GB
0,0.05859375,-0.1875,ASUS,13-inch,16GB,Apple,14-inch,8GB
0,0.049560546875,1.5625,ASUS,13-inch,16GB,Apple,14-inch,16GB
0,0.03076171875,2.53125,ASUS,13-inch,16GB,Apple,16-inch,4GB
0,0.059814453125,-1.0625,ASUS,13-inch,16GB,Apple,16-inch,8GB
0,0.0341796875,2.40625,ASUS,13-inch,16GB,Apple,16-inch,16GB
0,-1.078125,5.6875,ASUS,14-inch,4GB,ASUS,13-inch,4GB
0,-7.9375,6.0625,ASUS,14-inch,4GB,ASUS,13-inch,8GB
0,0.056884765625,0.4375,ASUS,14-inch,4GB,ASUS,13-inch,16GB
0,-0.8359375,5.53125,ASUS,14-inch,4GB,ASUS,14-inch,8GB
0,0.0546875,0.9375,ASUS,14-inch,4GB,ASUS,14-inch,16GB
0,-0.03955078125,3.71875,ASUS,14-inch,4GB,ASUS,16-inch,4GB
0,0.0341796875,2.40625,ASUS,14-inch,4GB,ASUS,16-inch,8GB
0,0.060546875,-3.8125,ASUS,14-inch,4GB,ASUS,16-inch,16GB
0,-0.765625,5.5,ASUS,14-inch,4GB,Lenovo,13-inch,4GB
0,-13.6875,6.0625,ASUS,14-inch,4GB,Lenovo,13-inch,8GB
0,0.05078125,1.4375,ASUS,14-inch,4GB,Lenovo,13-inch,16GB
0,-0.3671875,5.0,ASUS,14-inch,4GB,Lenovo,14-inch,4GB
0,-3.96875,6.03125,ASUS,14-inch,4GB,Lenovo,14-inch,8GB
0,0.049560546875,1.5625,ASUS,14-inch,4GB,Lenovo,14-inch,16GB
0,0.04638671875,1.8125,ASUS,14-inch,4GB,Lenovo,16-inch,4GB
0,-0.06640625,3.9375,ASUS,14-inch,4GB,Lenovo,16-inch,8GB
0,0.060546875,-4.4375,ASUS,14-inch,4GB,Lenovo,16-inch,16GB
0,-0.6953125,5.4375,ASUS,14-inch,4GB,HP,13-inch,4GB
0,-12.3125,6.0625,ASUS,14-inch,4GB,HP,13-inch,8GB
0,0.048095703125,1.6875,ASUS,14-inch,4GB,HP,13-inch,16GB
0,-0.326171875,4.9375,ASUS,14-inch,4GB,HP,14-inch,4GB
0,-3.59375,6.03125,ASUS,14-inch,4GB,HP,14-inch,8GB
0,0.05078125,1.4375,ASUS,14-inch,4GB,HP,14-inch,16GB
0,0.04248046875,2.03125,ASUS,14-inch,4GB,HP,16-inch,4GB
0,-0.119140625,4.25,ASUS,14-inch,4GB,HP,16-inch,8GB
0,0.060546875,-4.5625,ASUS,14-inch,4GB,HP,16-inch,16GB
0,-0.9921875,5.625,ASUS,14-inch,4GB,Dell,13-inch,4GB
0,-10.9375,6.0625,ASUS,14-inch,4GB,Dell,13-inch,8GB
0,0.0537109375,1.0625,ASUS,14-inch,4GB,Dell,13-inch,16GB
0,-0.6328125,5.375,ASUS,14-inch,4GB,Dell,14-inch,4GB
0,-2.0625,5.9375,ASUS,14-inch,4GB,Dell,14-inch,8GB
0,0.056884765625,0.4375,ASUS,14-inch,4GB,Dell,14-inch,16GB
0,0.037353515625,2.296875,ASUS,14-inch,4GB,Dell,16-inch,4GB
0,0.04443359375,1.90625,ASUS,14-inch,4GB,Dell,16-inch,8GB
0,0.060546875,-6.5625,ASUS,14-inch,4GB,Dell,16-inch,16GB
0,-0.4140625,5.09375,ASUS,14-inch,4GB,Apple,13-inch,4GB
0,-14.3125,6.0625,ASUS,14-inch,4GB,Apple,13-inch,8GB
0,-0.5703125,5.3125,ASUS,14-inch,4GB,Apple,13-inch,16GB
0,0.011962890625,3.015625,ASUS,14-inch,4GB,Apple,14-inch,4GB
0,-12.4375,6.0625,ASUS,14-inch,4GB,Apple,14-inch,8GB
0,-0.6328125,5.375,ASUS,14-inch,4GB,Apple,14-inch,16GB
0,0.059326171875,-0.6875,ASUS,14-inch,4GB,Apple,16-inch,4GB
0,-0.9921875,5.625,ASUS,14-inch,4GB,Apple,16-inch,8GB
0,0.058837890625,-0.3125,ASUS,14-inch,4GB,Apple,16-inch,16GB
0,-12.6875,6.0625,ASUS,14-inch,8GB,ASUS,13-inch,4GB
0,-8.0625,6.0625,ASUS,14-inch,8GB,ASUS,13-inch,8GB
0,0.055908203125,0.6875,ASUS,14-inch,8GB,ASUS,13-inch,16GB
0,-18.0,6.0625,ASUS,14-inch,8GB,ASUS,14-inch,4GB
0,0.060546875,-3.6875,ASUS,14-inch,8GB,ASUS,14-inch,16GB
0,0.05517578125,0.8125,ASUS,14-inch,8GB,ASUS,16-inch,4GB
0,-0.462890625,5.15625,ASUS,14-inch,8GB,ASUS,16-inch,8GB
0,0.060546875,-8.3125,ASUS,14-inch,8GB,ASUS,16-inch,16GB
0,-8.6875,6.0625,ASUS,14-inch,8GB,Lenovo,13-inch,4GB
0,-0.9921875,5.625,ASUS,14-inch,8GB,Lenovo,13-inch,8GB
0,0.060302734375,-2.6875,ASUS,14-inch,8GB,Lenovo,13-inch,16GB
0,-3.828125,6.03125,ASUS,14-inch,8GB,Lenovo,14-inch,4GB
0,-0.1650390625,4.46875,ASUS,14-inch,8GB,Lenovo,14-inch,8GB
0,0.060546875,-7.8125,ASUS,14-inch,8GB,Lenovo,14-inch,16GB
0,0.017578125,2.890625,ASUS,14-inch,8GB,Lenovo,16-inch,4GB
0,0.011962890625,3.015625,ASUS,14-inch,8GB,Lenovo,16-inch,8GB
0,0.060546875,-9.0625,ASUS,14-inch,8GB,Lenovo,16-inch,16GB
0,-7.0625,6.0625,ASUS,14-inch,8GB,HP,13-inch,4GB
0,-0.8359375,5.53125,ASUS,14-inch,8GB,HP,13-inch,8GB
0,0.060302734375,-2.3125,ASUS,14-inch,8GB,HP,13-inch,16GB
0,-1.7421875,5.875,ASUS,14-inch,8GB,HP,14-inch,4GB
0,-0.1650390625,4.46875,ASUS,14-inch,8GB,HP,14-inch,8GB
0,0.060546875,-8.3125,ASUS,14-inch,8GB,HP,14-inch,16GB
0,0.048095703125,1.6875,ASUS,14-inch,8GB,HP,16-inch,4GB
0,-0.0185546875,3.484375,ASUS,14-inch,8GB,HP,16-inch,8GB
0,0.060546875,-8.0625,ASUS,14-inch,8GB,HP,16-inch,16GB
0,-7.5625,6.0625,ASUS,14-inch,8GB,Dell,13-inch,4GB
0,-0.5703125,5.3125,ASUS,14-inch,8GB,Dell,13-inch,8GB
0,0.060546875,-3.3125,ASUS,14-inch,8GB,Dell,13-inch,16GB
0,-2.0625,5.9375,ASUS,14-inch,8GB,Dell,14-inch,4GB
0,-0.119140625,4.25,ASUS,14-inch,8GB,Dell,14-inch,8GB
0,0.060546875,-9.9375,ASUS,14-inch,8GB,Dell,14-inch,16GB
0,0.037353515625,2.296875,ASUS,14-inch,8GB,Dell,16-inch,4GB
0,0.011962890625,3.015625,ASUS,14-inch,8GB,Dell,16-inch,8GB
0,0.060546875,-9.4375,ASUS,14-inch,8GB,Dell,16-inch,16GB
0,-0.9140625,5.59375,ASUS,14-inch,8GB,Apple,13-inch,4GB
0,-0.0185546875,3.484375,ASUS,14-inch,8GB,Apple,13-inch,8GB
0,0.059326171875,-0.5625,ASUS,14-inch,8GB,Apple,13-inch,16GB
0,-0.0283203125,3.59375,ASUS,14-inch,8GB,Apple,14-inch,4GB
0,-0.0185546875,3.484375,ASUS,14-inch,8GB,Apple,14-inch,8GB
0,0.060546875,-3.4375,ASUS,14-inch,8GB,Apple,14-inch,16GB
0,0.0537109375,1.0625,ASUS,14-inch,8GB,Apple,16-inch,4GB
0,0.056884765625,0.4375,ASUS,14-inch,8GB,Apple,16-inch,8GB
0,0.060546875,-7.1875,ASUS,14-inch,8GB,Apple,16-inch,16GB
0,-17.875,6.0625,ASUS,14-inch,16GB,ASUS,13-inch,4GB
0,0.052001953125,1.3125,ASUS,14-inch,16GB,ASUS,13-inch,8GB
0,-0.515625,5.25,ASUS,14-inch,16GB,ASUS,13-inch,16GB
0,-17.625,6.0625,ASUS,14-inch,16GB,ASUS,14-inch,4GB
0,-0.00927734375,3.375,ASUS,14-inch,16GB,ASUS,14-inch,8GB
0,-0.08203125,4.0625,ASUS,14-inch,16GB,ASUS,16-inch,4GB
0,0.059814453125,-1.1875,ASUS,14-inch,16GB,ASUS,16-inch,8GB
0,-0.00146484375,3.25,ASUS,14-inch,16GB,ASUS,16-inch,16GB
0,-16.125,6.0625,ASUS,14-inch,16GB,Lenovo,13-inch,4GB
0,0.057373046875,0.3125,ASUS,14-inch,16GB,Lenovo,13-inch,8GB
0,0.05859375,-0.1875,ASUS,14-inch,16GB,Lenovo,13-inch,16GB
0,-10.9375,6.0625,ASUS,14-inch,16GB,Lenovo,14-inch,4GB
0,0.059326171875,-0.5625,ASUS,14-inch,16GB,Lenovo,14-inch,8GB
0,0.06005859375,-1.5625,ASUS,14-inch,16GB,Lenovo,14-inch,16GB
0,-0.8359375,5.53125,ASUS,14-inch,16GB,Lenovo,16-inch,4GB
0,0.06005859375,-1.4375,ASUS,14-inch,16GB,Lenovo,16-inch,8GB
0,0.05810546875,0.0625,ASUS,14-inch,16GB,Lenovo,16-inch,16GB
0,-15.0625,6.0625,ASUS,14-inch,16GB,HP,13-inch,4GB
0,0.057373046875,0.3125,ASUS,14-inch,16GB,HP,13-inch,8GB
0,0.05810546875,0.0625,ASUS,14-inch,16GB,HP,13-inch,16GB
0,-6.9375,6.0625,ASUS,14-inch,16GB,HP,14-inch,4GB
0,0.05859375,-0.1875,ASUS,14-inch,16GB,HP,14-inch,8GB
0,0.059814453125,-1.1875,ASUS,14-inch,16GB,HP,14-inch,16GB
0,-0.220703125,4.65625,ASUS,14-inch,16GB,HP,16-inch,4GB
0,0.06005859375,-1.6875,ASUS,14-inch,16GB,HP,16-inch,8GB
0,0.05859375,-0.1875,ASUS,14-inch,16GB,HP,16-inch,16GB
0,-15.5625,6.0625,ASUS,14-inch,16GB,Dell,13-inch,4GB
0,0.05517578125,0.8125,ASUS,14-inch,16GB,Dell,13-inch,8GB
0,0.05908203125,-0.4375,ASUS,14-inch,16GB,Dell,13-inch,16GB
0,-6.0625,6.0625,ASUS,14-inch,16GB,Dell,14-inch,4GB
0,0.05810546875,0.0625,ASUS,14-inch,16GB,Dell,14-inch,8GB
0,0.06005859375,-1.4375,ASUS,14-inch,16GB,Dell,14-inch,16GB
0,-0.251953125,4.75,ASUS,14-inch,16GB,Dell,16-inch,4GB
0,0.06005859375,-1.5625,ASUS,14-inch,16GB,Dell,16-inch,8GB
0,0.05859375,-0.1875,ASUS,14-inch,16GB,Dell,16-inch,16GB
0,-3.34375,6.03125,ASUS,14-inch,16GB,Apple,13-inch,4GB
0,0.05078125,1.4375,ASUS,14-inch,16GB,Apple,13-inch,8GB
0,0.052978515625,1.1875,ASUS,14-inch,16GB,Apple,13-inch,16GB
0,-0.1650390625,4.46875,ASUS,14-inch,16GB,Apple,14-inch,4GB
0,0.04248046875,2.03125,ASUS,14-inch,16GB,Apple,14-inch,8GB
0,0.05517578125,0.8125,ASUS,14-inch,16GB,Apple,14-inch,16GB
0,0.04248046875,2.03125,ASUS,14-inch,16GB,Apple,16-inch,4GB
0,0.05859375,-0.1875,ASUS,14-inch,16GB,Apple,16-inch,8GB
0,0.0537109375,1.0625,ASUS,14-inch,16GB,Apple,16-inch,16GB
0,-10.1875,6.0625,ASUS,16-inch,4GB,ASUS,13-inch,4GB
0,-13.5625,6.0625,ASUS,16-inch,4GB,ASUS,13-inch,8GB
0,-2.984375,6.0,ASUS,16-inch,4GB,ASUS,13-inch,16GB
0,-9.9375,6.0625,ASUS,16-inch,4GB,ASUS,14-inch,4GB
0,-11.1875,6.0625,ASUS,16-inch,4GB,ASUS,14-inch,8GB
0,-2.40625,5.96875,ASUS,16-inch,4GB,ASUS,14-inch,16GB
0,-7.3125,6.0625,ASUS,16-inch,4GB,ASUS,16-inch,8GB
0,-2.875,6.0,ASUS,16-inch,4GB,ASUS,16-inch,16GB
0,-9.5625,6.0625,ASUS,16-inch,4GB,Lenovo,13-inch,4GB
0,-18.75,6.0625,ASUS,16-inch,4GB,Lenovo,13-inch,8GB
0,-2.40625,5.96875,ASUS,16-inch,4GB,Lenovo,13-inch,16GB
0,-8.9375,6.0625,ASUS,16-inch,4GB,Lenovo,14-inch,4GB
0,-17.125,6.0625,ASUS,16-inch,4GB,Lenovo,14-inch,8GB
0,-1.34375,5.78125,ASUS,16-inch,4GB,Lenovo,14-inch,16GB
0,-2.0625,5.9375,ASUS,16-inch,4GB,Lenovo,16-inch,4GB
0,-13.8125,6.0625,ASUS,16-inch,4GB,Lenovo,16-inch,8GB
0,-1.640625,5.875,ASUS,16-inch,4GB,Lenovo,16-inch,16GB
0,-8.8125,6.0625,ASUS,16-inch,4GB,HP,13-inch,4GB
0,-16.75,6.0625,ASUS,16-inch,4GB,HP,13-inch,8GB
0,-2.28125,5.96875,ASUS,16-inch,4GB,HP,13-inch,16GB
0,-7.8125,6.0625,ASUS,16-inch,4GB,HP,14-inch,4GB
0,-15.6875,6.0625,ASUS,16-inch,4GB,HP,14-inch,8GB
0,-1.5390625,5.84375,ASUS,16-inch,4GB,HP,14-inch,16GB
0,-1.640625,5.875,ASUS,16-inch,4GB,HP,16-inch,4GB
0,-11.6875,6.0625,ASUS,16-inch,4GB,HP,16-inch,8GB
0,-1.34375,5.78125,ASUS,16-inch,4GB,HP,16-inch,16GB
0,-9.6875,6.0625,ASUS,16-inch,4GB,Dell,13-inch,4GB
0,-16.875,6.0625,ASUS,16-inch,4GB,Dell,13-inch,8GB
0,-1.4375,5.8125,ASUS,16-inch,4GB,Dell,13-inch,16GB
0,-8.6875,6.0625,ASUS,16-inch,4GB,Dell,14-inch,4GB
0,-14.9375,6.0625,ASUS,16-inch,4GB,Dell,14-inch,8GB
0,-0.9140625,5.59375,ASUS,16-inch,4GB,Dell,14-inch,16GB
0,-2.515625,5.96875,ASUS,16-inch,4GB,Dell,16-inch,4GB
0,-9.5625,6.0625,ASUS,16-inch,4GB,Dell,16-inch,8GB
0,-0.6953125,5.4375,ASUS,16-inch,4GB,Dell,16-inch,16GB
0,-5.0625,6.0625,ASUS,16-inch,4GB,Apple,13-inch,4GB
0,-17.25,6.0625,ASUS,16-inch,4GB,Apple,13-inch,8GB
0,-9.0625,6.0625,ASUS,16-inch,4GB,Apple,13-inch,16GB
0,-4.3125,6.0625,ASUS,16-inch,4GB,Apple,14-inch,4GB
0,-17.0,6.0625,ASUS,16-inch,4GB,Apple,14-inch,8GB
0,-7.9375,6.0625,ASUS,16-inch,4GB,Apple,14-inch,16GB
0,-2.515625,5.96875,ASUS,16-inch,4GB,Apple,16-inch,4GB
0,-17.75,6.0625,ASUS,16-inch,4GB,Apple,16-inch,8GB
0,-11.0625,6.0625,ASUS,16-inch,4GB,Apple,16-inch,16GB
0,-13.3125,6.0625,ASUS,16-inch,8GB,ASUS,13-inch,4GB
0,-9.3125,6.0625,ASUS,16-inch,8GB,ASUS,13-inch,8GB
0,-4.5625,6.0625,ASUS,16-inch,8GB,ASUS,13-inch,16GB
0,-13.3125,6.0625,ASUS,16-inch,8GB,ASUS,14-inch,4GB
0,-7.9375,6.0625,ASUS,16-inch,8GB,ASUS,14-inch,8GB
0,-2.28125,5.96875,ASUS,16-inch,8GB,ASUS,14-inch,16GB
0,-18.5,6.0625,ASUS,16-inch,8GB,ASUS,16-inch,4GB
0,0.03076171875,2.53125,ASUS,16-inch,8GB,ASUS,16-inch,16GB
0,-9.9375,6.0625,ASUS,16-inch,8GB,Lenovo,13-inch,4GB
0,-2.875,6.0,ASUS,16-inch,8GB,Lenovo,13-inch,8GB
0,-0.4140625,5.09375,ASUS,16-inch,8GB,Lenovo,13-inch,16GB
0,-8.3125,6.0625,ASUS,16-inch,8GB,Lenovo,14-inch,4GB
0,-2.625,6.0,ASUS,16-inch,8GB,Lenovo,14-inch,8GB
0,0.02685546875,2.65625,ASUS,16-inch,8GB,Lenovo,14-inch,16GB
0,-3.59375,6.03125,ASUS,16-inch,8GB,Lenovo,16-inch,4GB
0,-0.9140625,5.59375,ASUS,16-inch,8GB,Lenovo,16-inch,8GB
0,0.060546875,-4.8125,ASUS,16-inch,8GB,Lenovo,16-inch,16GB
0,-8.3125,6.0625,ASUS,16-inch,8GB,HP,13-inch,4GB
0,-3.46875,6.03125,ASUS,16-inch,8GB,HP,13-inch,8GB
0,-0.8359375,5.53125,ASUS,16-inch,8GB,HP,13-inch,16GB
0,-7.4375,6.0625,ASUS,16-inch,8GB,HP,14-inch,4GB
0,-2.984375,6.0,ASUS,16-inch,8GB,HP,14-inch,8GB
0,-0.119140625,4.25,ASUS,16-inch,8GB,HP,14-inch,16GB
0,-1.7421875,5.875,ASUS,16-inch,8GB,HP,16-inch,4GB
0,-1.25,5.75,ASUS,16-inch,8GB,HP,16-inch,8GB
0,0.060546875,-4.5625,ASUS,16-inch,8GB,HP,16-inch,16GB
0,-8.4375,6.0625,ASUS,16-inch,8GB,Dell,13-inch,4GB
0,-2.875,6.0,ASUS,16-inch,8GB,Dell,13-inch,8GB
0,-0.140625,4.375,ASUS,16-inch,8GB,Dell,13-inch,16GB
0,-7.3125,6.0625,ASUS,16-inch,8GB,Dell,14-inch,4GB
0,-2.40625,5.96875,ASUS,16-inch,8GB,Dell,14-inch,8GB
0,0.03076171875,2.53125,ASUS,16-inch,8GB,Dell,14-inch,16GB
0,-2.0625,5.9375,ASUS,16-inch,8GB,Dell,16-inch,4GB
0,-1.25,5.75,ASUS,16-inch,8GB,Dell,16-inch,8GB
0,0.060546875,-6.5625,ASUS,16-inch,8GB,Dell,16-inch,16GB
0,-1.4375,5.8125,ASUS,16-inch,8GB,Apple,13-inch,4GB
0,-0.5703125,5.3125,ASUS,16-inch,8GB,Apple,13-inch,8GB
0,-0.19140625,4.5625,ASUS,16-inch,8GB,Apple,13-inch,16GB
0,-0.9921875,5.625,ASUS,16-inch,8GB,Apple,14-inch,4GB
0,-0.462890625,5.15625,ASUS,16-inch,8GB,Apple,14-inch,8GB
0,-0.00927734375,3.375,ASUS,16-inch,8GB,Apple,14-inch,16GB
0,0.02685546875,2.65625,ASUS,16-inch,8GB,Apple,16-inch,4GB
0,-1.078125,5.6875,ASUS,16-inch,8GB,Apple,16-inch,8GB
0,0.06005859375,-1.8125,ASUS,16-inch,8GB,Apple,16-inch,16GB
0,-19.125,6.0625,ASUS,16-inch,16GB,ASUS,13-inch,4GB
0,-0.03955078125,3.71875,ASUS,16-inch,16GB,ASUS,13-inch,8GB
0,-2.171875,5.9375,ASUS,16-inch,16GB,ASUS,13-inch,16GB
0,-18.75,6.0625,ASUS,16-inch,16GB,ASUS,14-inch,4GB
0,-0.03955078125,3.71875,ASUS,16-inch,16GB,ASUS,14-inch,8GB
0,-1.7421875,5.875,ASUS,16-inch,16GB,ASUS,14-inch,16GB
0,-16.5,6.0625,ASUS,16-inch,16GB,ASUS,16-inch,4GB
0,-0.03955078125,3.71875,ASUS,16-inch,16GB,ASUS,16-inch,8GB
0,-15.1875,6.0625,ASUS,16-inch,16GB,Lenovo,13-inch,4GB
0,0.02685546875,2.65625,ASUS,16-inch,16GB,Lenovo,13-inch,8GB
0,-0.05224609375,3.828125,ASUS,16-inch,16GB,Lenovo,13-inch,16GB
0,-14.8125,6.0625,ASUS,16-inch,16GB,Lenovo,14-inch,4GB
0,0.02685546875,2.65625,ASUS,16-inch,16GB,Lenovo,14-inch,8GB
0,-0.00927734375,3.375,ASUS,16-inch,16GB,Lenovo,14-inch,16GB
0,-10.3125,6.0625,ASUS,16-inch,16GB,Lenovo,16-inch,4GB
0,0.017578125,2.890625,ASUS,16-inch,16GB,Lenovo,16-inch,8GB
0,0.011962890625,3.015625,ASUS,16-inch,16GB,Lenovo,16-inch,16GB
0,-15.0625,6.0625,ASUS,16-inch,16GB,HP,13-inch,4GB
0,0.0341796875,2.40625,ASUS,16-inch,16GB,HP,13-inch,8GB
0,-0.099609375,4.15625,ASUS,16-inch,16GB,HP,13-inch,16GB
0,-13.4375,6.0625,ASUS,16-inch,16GB,HP,14-inch,4GB
0,0.0341796875,2.40625,ASUS,16-inch,16GB,HP,14-inch,8GB
0,-0.05224609375,3.828125,ASUS,16-inch,16GB,HP,14-inch,16GB
0,-8.5625,6.0625,ASUS,16-inch,16GB,HP,16-inch,4GB
0,0.02685546875,2.65625,ASUS,16-inch,16GB,HP,16-inch,8GB
0,0.037353515625,2.296875,ASUS,16-inch,16GB,HP,16-inch,16GB
0,-15.4375,6.0625,ASUS,16-inch,16GB,Dell,13-inch,4GB
0,0.017578125,2.890625,ASUS,16-inch,16GB,Dell,13-inch,8GB
0,-0.06640625,3.9375,ASUS,16-inch,16GB,Dell,13-inch,16GB
0,-13.3125,6.0625,ASUS,16-inch,16GB,Dell,14-inch,4GB
0,0.011962890625,3.015625,ASUS,16-inch,16GB,Dell,14-inch,8GB
0,-0.00927734375,3.375,ASUS,16-inch,16GB,Dell,14-inch,16GB
0,-8.5625,6.0625,ASUS,16-inch,16GB,Dell,16-inch,4GB
0,0.0224609375,2.78125,ASUS,16-inch,16GB,Dell,16-inch,8GB
0,0.017578125,2.890625,ASUS,16-inch,16GB,Dell,16-inch,16GB
0,-5.6875,6.0625,ASUS,16-inch,16GB,Apple,13-inch,4GB
0,-0.05224609375,3.828125,ASUS,16-inch,16GB,Apple,13-inch,8GB
0,-0.03955078125,3.71875,ASUS,16-inch,16GB,Apple,13-inch,16GB
0,-4.3125,6.0625,ASUS,16-inch,16GB,Apple,14-inch,4GB
0,-0.06640625,3.9375,ASUS,16-inch,16GB,Apple,14-inch,8GB
0,-0.00927734375,3.375,ASUS,16-inch,16GB,Apple,14-inch,16GB
0,-1.078125,5.6875,ASUS,16-inch,16GB,Apple,16-inch,4GB
0,-0.08203125,4.0625,ASUS,16-inch,16GB,Apple,16-inch,8GB
0,-0.1650390625,4.46875,ASUS,16-inch,16GB,Apple,16-inch,16GB
0,-1.4375,5.8125,Lenovo,13-inch,4GB,ASUS,13-inch,4GB
0,-13.3125,6.0625,Lenovo,13-inch,4GB,ASUS,13-inch,8GB
0,-0.326171875,4.9375,Lenovo,13-inch,4GB,ASUS,13-inch,16GB
0,-2.515625,5.96875,Lenovo,13-inch,4GB,ASUS,14-inch,4GB
0,-13.8125,6.0625,Lenovo,13-inch,4GB,ASUS,14-inch,8GB
0,0.037353515625,2.296875,Lenovo,13-inch,4GB,ASUS,14-inch,16GB
0,-0.00146484375,3.25,Lenovo,13-inch,4GB,ASUS,16-inch,4GB
0,-0.462890625,5.15625,Lenovo,13-inch,4GB,ASUS,16-inch,8GB
0,0.060302734375,-2.1875,Lenovo,13-inch,4GB,ASUS,16-inch,16GB
0,-1.8515625,5.90625,Lenovo,13-inch,4GB,Lenovo,13-inch,8GB
0,0.056884765625,0.4375,Lenovo,13-inch,4GB,Lenovo,13-inch,16GB
0,-2.0625,5.9375,Lenovo,13-inch,4GB,Lenovo,14-inch,4GB
0,-3.34375,6.03125,Lenovo,13-inch,4GB,Lenovo,14-inch,8GB
0,0.060302734375,-2.8125,Lenovo,13-inch,4GB,Lenovo,14-inch,16GB
0,-0.06640625,3.9375,Lenovo,13-inch,4GB,Lenovo,16-inch,4GB
0,0.02685546875,2.65625,Lenovo,13-inch,4GB,Lenovo,16-inch,8GB
0,0.060546875,-5.4375,Lenovo,13-inch,4GB,Lenovo,16-inch,16GB
0,-0.4140625,5.09375,Lenovo,13-inch,4GB,HP,13-inch,4GB
0,-12.3125,6.0625,Lenovo,13-inch,4GB,HP,13-inch,8GB
0,-0.08203125,4.0625,Lenovo,13-inch,4GB,HP,13-inch,16GB
0,-0.9140625,5.59375,Lenovo,13-inch,4GB,HP,14-inch,4GB
0,-12.5625,6.0625,Lenovo,13-inch,4GB,HP,14-inch,8GB
0,0.037353515625,2.296875,Lenovo,13-inch,4GB,HP,14-inch,16GB
0,0.052001953125,1.3125,Lenovo,13-inch,4GB,HP,16-inch,4GB
0,-0.765625,5.5,Lenovo,13-inch,4GB,HP,16-inch,8GB
0,0.06005859375,-1.8125,Lenovo,13-inch,4GB,HP,16-inch,16GB
0,-0.765625,5.5,Lenovo,13-inch,4GB,Dell,13-inch,4GB
0,-6.5625,6.0625,Lenovo,13-inch,4GB,Dell,13-inch,8GB
0,0.04638671875,1.8125,Lenovo,13-inch,4GB,Dell,13-inch,16GB
0,-1.4375,5.8125,Lenovo,13-inch,4GB,Dell,14-inch,4GB
0,-8.5625,6.0625,Lenovo,13-inch,4GB,Dell,14-inch,8GB
0,0.059326171875,-0.6875,Lenovo,13-inch,4GB,Dell,14-inch,16GB
0,0.03076171875,2.53125,Lenovo,13-inch,4GB,Dell,16-inch,4GB
0,-0.0283203125,3.59375,Lenovo,13-inch,4GB,Dell,16-inch,8GB
0,0.060546875,-4.5625,Lenovo,13-inch,4GB,Dell,16-inch,16GB
0,-0.0185546875,3.484375,Lenovo,13-inch,4GB,Apple,13-inch,4GB
0,-15.8125,6.0625,Lenovo,13-inch,4GB,Apple,13-inch,8GB
0,-1.7421875,5.875,Lenovo,13-inch,4GB,Apple,13-inch,16GB
0,0.011962890625,3.015625,Lenovo,13-inch,4GB,Apple,14-inch,4GB
0,-13.0625,6.0625,Lenovo,13-inch,4GB,Apple,14-inch,8GB
0,-0.19140625,4.5625,Lenovo,13-inch,4GB,Apple,14-inch,16GB
0,0.0595703125,-0.9375,Lenovo,13-inch,4GB,Apple,16-inch,4GB
0,-1.7421875,5.875,Lenovo,13-inch,4GB,Apple,16-inch,8GB
0,0.056884765625,0.4375,Lenovo,13-inch,4GB,Apple,16-inch,16GB
0,-0.462890625,5.15625,Lenovo,13-inch,8GB,ASUS,13-inch,4GB
0,-1.953125,5.90625,Lenovo,13-inch,8GB,ASUS,13-inch,8GB
0,0.060546875,-5.1875,Lenovo,13-inch,8GB,ASUS,13-inch,16GB
0,-0.099609375,4.15625,Lenovo,13-inch,8GB,ASUS,14-inch,4GB
0,-0.9921875,5.625,Lenovo,13-inch,8GB,ASUS,14-inch,8GB
0,0.060546875,-6.4375,Lenovo,13-inch,8GB,ASUS,14-inch,16GB
0,0.048095703125,1.6875,Lenovo,13-inch,8GB,ASUS,16-inch,4GB
0,-0.0185546875,3.484375,Lenovo,13-inch,8GB,ASUS,16-inch,8GB
0,0.060546875,-7.3125,Lenovo,13-inch,8GB,ASUS,16-inch,16GB
0,-16.875,6.0625,Lenovo,13-inch,8GB,Lenovo,13-inch,4GB
0,0.060302734375,-1.9375,Lenovo,13-inch,8GB,Lenovo,13-inch,16GB
0,-1.25,5.75,Lenovo,13-inch,8GB,Lenovo,14-inch,4GB
0,-5.9375,6.0625,Lenovo,13-inch,8GB,Lenovo,14-inch,8GB
0,0.060546875,-8.1875,Lenovo,13-inch,8GB,Lenovo,14-inch,16GB
0,0.048095703125,1.6875,Lenovo,13-inch,8GB,Lenovo,16-inch,4GB
0,-0.765625,5.5,Lenovo,13-inch,8GB,Lenovo,16-inch,8GB
0,0.060546875,-8.4375,Lenovo,13-inch,8GB,Lenovo,16-inch,16GB
0,-0.5703125,5.3125,Lenovo,13-inch,8GB,HP,13-inch,4GB
0,-0.8359375,5.53125,Lenovo,13-inch,8GB,HP,13-inch,8GB
0,0.060546875,-5.5625,Lenovo,13-inch,8GB,HP,13-inch,16GB
0,-0.326171875,4.9375,Lenovo,13-inch,8GB,HP,14-inch,4GB
0,-0.9921875,5.625,Lenovo,13-inch,8GB,HP,14-inch,8GB
0,0.060546875,-6.0625,Lenovo,13-inch,8GB,HP,14-inch,16GB
0,0.04248046875,2.03125,Lenovo,13-inch,8GB,HP,16-inch,4GB
0,-0.099609375,4.15625,Lenovo,13-inch,8GB,HP,16-inch,8GB
0,0.060546875,-6.9375,Lenovo,13-inch,8GB,HP,16-inch,16GB
0,-1.1640625,5.71875,Lenovo,13-inch,8GB,Dell,13-inch,4GB
0,-0.6328125,5.375,Lenovo,13-inch,8GB,Dell,13-inch,8GB
0,0.060546875,-8.1875,Lenovo,13-inch,8GB,Dell,13-inch,16GB
0,-1.078125,5.6875,Lenovo,13-inch,8GB,Dell,14-inch,4GB
0,-0.6953125,5.4375,Lenovo,13-inch,8GB,Dell,14-inch,8GB
0,0.060546875,-8.1875,Lenovo,13-inch,8GB,Dell,14-inch,16GB
0,-0.00146484375,3.25,Lenovo,13-inch,8GB,Dell,16-inch,4GB
0,-0.06640625,3.9375,Lenovo,13-inch,8GB,Dell,16-inch,8GB
0,0.060546875,-8.9375,Lenovo,13-inch,8GB,Dell,16-inch,16GB
0,-0.0283203125,3.59375,Lenovo,13-inch,8GB,Apple,13-inch,4GB
0,-0.4140625,5.09375,Lenovo,13-inch,8GB,Apple,13-inch,8GB
0,0.059326171875,-0.6875,Lenovo,13-inch,8GB,Apple,13-inch,16GB
0,0.011962890625,3.015625,Lenovo,13-inch,8GB,Apple,14-inch,4GB
0,0.02685546875,2.65625,Lenovo,13-inch,8GB,Apple,14-inch,8GB
0,0.060546875,-3.0625,Lenovo,13-inch,8GB,Apple,14-inch,16GB
0,0.049560546875,1.5625,Lenovo,13-inch,8GB,Apple,16-inch,4GB
0,0.055419921875,0.8125,Lenovo,13-inch,8GB,Apple,16-inch,8GB
0,0.060546875,-5.5625,Lenovo,13-inch,8GB,Apple,16-inch,16GB
0,-7.3125,6.0625,Lenovo,13-inch,16GB,ASUS,13-inch,4GB
0,0.05859375,-0.1875,Lenovo,13-inch,16GB,ASUS,13-inch,8GB
0,0.04248046875,2.03125,Lenovo,13-inch,16GB,ASUS,13-inch,16GB
0,-8.5625,6.0625,Lenovo,13-inch,16GB,ASUS,14-inch,4GB
0,0.06005859375,-1.5625,Lenovo,13-inch,16GB,ASUS,14-inch,8GB
0,0.058837890625,-0.3125,Lenovo,13-inch,16GB,ASUS,14-inch,16GB
0,-0.251953125,4.75,Lenovo,13-inch,16GB,ASUS,16-inch,4GB
0,0.06005859375,-1.8125,Lenovo,13-inch,16GB,ASUS,16-inch,8GB
0,0.0537109375,1.0625,Lenovo,13-inch,16GB,ASUS,16-inch,16GB
0,-16.75,6.0625,Lenovo,13-inch,16GB,Lenovo,13-inch,4GB
0,-0.06640625,3.9375,Lenovo,13-inch,16GB,Lenovo,13-inch,8GB
0,-16.5,6.0625,Lenovo,13-inch,16GB,Lenovo,14-inch,4GB
0,0.059814453125,-1.0625,Lenovo,13-inch,16GB,Lenovo,14-inch,8GB
0,-0.19140625,4.5625,Lenovo,13-inch,16GB,Lenovo,14-inch,16GB
0,-0.6953125,5.4375,Lenovo,13-inch,16GB,Lenovo,16-inch,4GB
0,0.060302734375,-2.1875,Lenovo,13-inch,16GB,Lenovo,16-inch,8GB
0,-0.19140625,4.5625,Lenovo,13-inch,16GB,Lenovo,16-inch,16GB
0,-7.8125,6.0625,Lenovo,13-inch,16GB,HP,13-inch,4GB
0,0.05859375,-0.1875,Lenovo,13-inch,16GB,HP,13-inch,8GB
0,0.05517578125,0.8125,Lenovo,13-inch,16GB,HP,13-inch,16GB
0,-8.1875,6.0625,Lenovo,13-inch,16GB,HP,14-inch,4GB
0,0.06005859375,-1.5625,Lenovo,13-inch,16GB,HP,14-inch,8GB
0,0.06005859375,-1.4375,Lenovo,13-inch,16GB,HP,14-inch,16GB
0,-0.220703125,4.65625,Lenovo,13-inch,16GB,HP,16-inch,4GB
0,0.06005859375,-1.8125,Lenovo,13-inch,16GB,HP,16-inch,8GB
0,0.055419921875,0.8125,Lenovo,13-inch,16GB,HP,16-inch,16GB
0,-7.1875,6.0625,Lenovo,13-inch,16GB,Dell,13-inch,4GB
0,0.056396484375,0.5625,Lenovo,13-inch,16GB,Dell,13-inch,8GB
0,0.0537109375,1.0625,Lenovo,13-inch,16GB,Dell,13-inch,16GB
0,-10.8125,6.0625,Lenovo,13-inch,16GB,Dell,14-inch,4GB
0,0.06005859375,-1.4375,Lenovo,13-inch,16GB,Dell,14-inch,8GB
0,0.059814453125,-1.1875,Lenovo,13-inch,16GB,Dell,14-inch,16GB
0,-0.6953125,5.4375,Lenovo,13-inch,16GB,Dell,16-inch,4GB
0,0.060302734375,-2.3125,Lenovo,13-inch,16GB,Dell,16-inch,8GB
0,0.0537109375,1.0625,Lenovo,13-inch,16GB,Dell,16-inch,16GB
0,-0.326171875,4.9375,Lenovo,13-inch,16GB,Apple,13-inch,4GB
0,0.04443359375,1.90625,Lenovo,13-inch,16GB,Apple,13-inch,8GB
0,0.03076171875,2.53125,Lenovo,13-inch,16GB,Apple,13-inch,16GB
0,-0.287109375,4.84375,Lenovo,13-inch,16GB,Apple,14-inch,4GB
0,0.0576171875,0.1875,Lenovo,13-inch,16GB,Apple,14-inch,8GB
0,0.052978515625,1.1875,Lenovo,13-inch,16GB,Apple,14-inch,16GB
0,0.03076171875,2.53125,Lenovo,13-inch,16GB,Apple,16-inch,4GB
0,0.059326171875,-0.5625,Lenovo,13-inch,16GB,Apple,16-inch,8GB
0,0.04248046875,2.03125,Lenovo,13-inch,16GB,Apple,16-inch,16GB
0,-1.5390625,5.84375,Lenovo,14-inch,4GB,ASUS,13-inch,4GB
0,-17.875,6.0625,Lenovo,14-inch,4GB,ASUS,13-inch,8GB
0,-0.251953125,4.75,Lenovo,14-inch,4GB,ASUS,13-inch,16GB
0,-1.078125,5.6875,Lenovo,14-inch,4GB,ASUS,14-inch,4GB
0,-7.0625,6.0625,Lenovo,14-inch,4GB,ASUS,14-inch,8GB
0,-0.08203125,4.0625,Lenovo,14-inch,4GB,ASUS,14-inch,16GB
0,-0.0185546875,3.484375,Lenovo,14-inch,4GB,ASUS,16-inch,4GB
0,-0.251953125,4.75,Lenovo,14-inch,4GB,ASUS,16-inch,8GB
0,0.060546875,-3.5625,Lenovo,14-inch,4GB,ASUS,16-inch,16GB
0,-0.765625,5.5,Lenovo,14-inch,4GB,Lenovo,13-inch,4GB
0,-6.5625,6.0625,Lenovo,14-inch,4GB,Lenovo,13-inch,8GB
0,0.059326171875,-0.6875,Lenovo,14-inch,4GB,Lenovo,13-inch,16GB
0,-0.6328125,5.375,Lenovo,14-inch,4GB,Lenovo,14-inch,8GB
0,0.057373046875,0.3125,Lenovo,14-inch,4GB,Lenovo,14-inch,16GB
0,-0.06640625,3.9375,Lenovo,14-inch,4GB,Lenovo,16-inch,4GB
0,0.037353515625,2.296875,Lenovo,14-inch,4GB,Lenovo,16-inch,8GB
0,0.060546875,-5.9375,Lenovo,14-inch,4GB,Lenovo,16-inch,16GB
0,-0.6328125,5.375,Lenovo,14-inch,4GB,HP,13-inch,4GB
0,-16.125,6.0625,Lenovo,14-inch,4GB,HP,13-inch,8GB
0,-0.00146484375,3.25,Lenovo,14-inch,4GB,HP,13-inch,16GB
0,-0.4140625,5.09375,Lenovo,14-inch,4GB,HP,14-inch,4GB
0,-7.4375,6.0625,Lenovo,14-inch,4GB,HP,14-inch,8GB
0,-0.00927734375,3.375,Lenovo,14-inch,4GB,HP,14-inch,16GB
0,0.049560546875,1.5625,Lenovo,14-inch,4GB,HP,16-inch,4GB
0,-0.515625,5.25,Lenovo,14-inch,4GB,HP,16-inch,8GB
0,0.060546875,-3.6875,Lenovo,14-inch,4GB,HP,16-inch,16GB
0,-0.9921875,5.625,Lenovo,14-inch,4GB,Dell,13-inch,4GB
0,-14.3125,6.0625,Lenovo,14-inch,4GB,Dell,13-inch,8GB
0,0.037353515625,2.296875,Lenovo,14-inch,4GB,Dell,13-inch,16GB
0,-0.515625,5.25,Lenovo,14-inch,4GB,Dell,14-inch,4GB
0,-2.75,6.0,Lenovo,14-inch,4GB,Dell,14-inch,8GB
0,0.052001953125,1.3125,Lenovo,14-inch,4GB,Dell,14-inch,16GB
0,0.03076171875,2.53125,Lenovo,14-inch,4GB,Dell,16-inch,4GB
0,0.005615234375,3.125,Lenovo,14-inch,4GB,Dell,16-inch,8GB
0,0.060546875,-6.0625,Lenovo,14-inch,4GB,Dell,16-inch,16GB
0,-0.287109375,4.84375,Lenovo,14-inch,4GB,Apple,13-inch,4GB
0,-15.9375,6.0625,Lenovo,14-inch,4GB,Apple,13-inch,8GB
0,-2.0625,5.9375,Lenovo,14-inch,4GB,Apple,13-inch,16GB
0,0.0224609375,2.78125,Lenovo,14-inch,4GB,Apple,14-inch,4GB
0,-14.0625,6.0625,Lenovo,14-inch,4GB,Apple,14-inch,8GB
0,-1.640625,5.875,Lenovo,14-inch,4GB,Apple,14-inch,16GB
0,0.059814453125,-1.1875,Lenovo,14-inch,4GB,Apple,16-inch,4GB
0,-2.171875,5.9375,Lenovo,14-inch,4GB,Apple,16-inch,8GB
0,0.058349609375,-0.0625,Lenovo,14-inch,4GB,Apple,16-inch,16GB
0,-7.6875,6.0625,Lenovo,14-inch,8GB,ASUS,13-inch,4GB
0,-1.953125,5.90625,Lenovo,14-inch,8GB,ASUS,13-inch,8GB
0,0.05517578125,0.8125,Lenovo,14-inch,8GB,ASUS,13-inch,16GB
0,-2.28125,5.96875,Lenovo,14-inch,8GB,ASUS,14-inch,4GB
0,-1.25,5.75,Lenovo,14-inch,8GB,ASUS,14-inch,8GB
0,0.060546875,-7.5625,Lenovo,14-inch,8GB,ASUS,14-inch,16GB
0,0.052001953125,1.3125,Lenovo,14-inch,8GB,ASUS,16-inch,4GB
0,-0.00146484375,3.25,Lenovo,14-inch,8GB,ASUS,16-inch,8GB
0,0.060546875,-8.3125,Lenovo,14-inch,8GB,ASUS,16-inch,16GB
0,-15.6875,6.0625,Lenovo,14-inch,8GB,Lenovo,13-inch,4GB
0,-8.8125,6.0625,Lenovo,14-inch,8GB,Lenovo,13-inch,8GB
0,0.06005859375,-1.4375,Lenovo,14-inch,8GB,Lenovo,13-inch,16GB
0,-18.625,6.0625,Lenovo,14-inch,8GB,Lenovo,14-inch,4GB
0,0.060546875,-3.3125,Lenovo,14-inch,8GB,Lenovo,14-inch,16GB
0,0.017578125,2.890625,Lenovo,14-inch,8GB,Lenovo,16-inch,4GB
0,-0.515625,5.25,Lenovo,14-inch,8GB,Lenovo,16-inch,8GB
0,0.060546875,-8.9375,Lenovo,14-inch,8GB,Lenovo,16-inch,16GB
0,-8.8125,6.0625,Lenovo,14-inch,8GB,HP,13-inch,4GB
0,-1.5390625,5.84375,Lenovo,14-inch,8GB,HP,13-inch,8GB
0,0.05908203125,-0.4375,Lenovo,14-inch,8GB,HP,13-inch,16GB
0,-2.984375,6.0,Lenovo,14-inch,8GB,HP,14-inch,4GB
0,-0.6328125,5.375,Lenovo,14-inch,8GB,HP,14-inch,8GB
0,0.060546875,-7.9375,Lenovo,14-inch,8GB,HP,14-inch,16GB
0,0.0224609375,2.78125,Lenovo,14-inch,8GB,HP,16-inch,4GB
0,-0.06640625,3.9375,Lenovo,14-inch,8GB,HP,16-inch,8GB
0,0.060546875,-8.1875,Lenovo,14-inch,8GB,HP,16-inch,16GB
0,-11.8125,6.0625,Lenovo,14-inch,8GB,Dell,13-inch,4GB
0,-1.1640625,5.71875,Lenovo,14-inch,8GB,Dell,13-inch,8GB
0,0.060302734375,-1.9375,Lenovo,14-inch,8GB,Dell,13-inch,16GB
0,-5.1875,6.0625,Lenovo,14-inch,8GB,Dell,14-inch,4GB
0,-0.4140625,5.09375,Lenovo,14-inch,8GB,Dell,14-inch,8GB
0,0.060546875,-9.9375,Lenovo,14-inch,8GB,Dell,14-inch,16GB
0,-0.03955078125,3.71875,Lenovo,14-inch,8GB,Dell,16-inch,4GB
0,-0.0185546875,3.484375,Lenovo,14-inch,8GB,Dell,16-inch,8GB
0,0.060546875,-9.5625,Lenovo,14-inch,8GB,Dell,16-inch,16GB
0,-1.4375,5.8125,Lenovo,14-inch,8GB,Apple,13-inch,4GB
0,-0.06640625,3.9375,Lenovo,14-inch,8GB,Apple,13-inch,8GB
0,0.056884765625,0.4375,Lenovo,14-inch,8GB,Apple,13-inch,16GB
0,-0.140625,4.375,Lenovo,14-inch,8GB,Apple,14-inch,4GB
0,-0.08203125,4.0625,Lenovo,14-inch,8GB,Apple,14-inch,8GB
0,0.060302734375,-2.9375,Lenovo,14-inch,8GB,Apple,14-inch,16GB
0,0.052978515625,1.1875,Lenovo,14-inch,8GB,Apple,16-inch,4GB
0,0.057373046875,0.3125,Lenovo,14-inch,8GB,Apple,16-inch,8GB
0,0.060546875,-6.8125,Lenovo,14-inch,8GB,Apple,16-inch,16GB
0,-17.0,6.0625,Lenovo,14-inch,16GB,ASUS,13-inch,4GB
0,0.0546875,0.9375,Lenovo,14-inch,16GB,ASUS,13-inch,8GB
0,0.055908203125,0.6875,Lenovo,14-inch,16GB,ASUS,13-inch,16GB
0,-10.6875,6.0625,Lenovo,14-inch,16GB,ASUS,14-inch,4GB
0,0.0537109375,1.0625,Lenovo,14-inch,16GB,ASUS,14-inch,8GB
0,0.05908203125,-0.4375,Lenovo,14-inch,16GB,ASUS,14-inch,16GB
0,-0.6328125,5.375,Lenovo,14-inch,16GB,ASUS,16-inch,4GB
0,0.059814453125,-1.0625,Lenovo,14-inch,16GB,ASUS,16-inch,8GB
0,0.05908203125,-0.4375,Lenovo,14-inch,16GB,ASUS,16-inch,16GB
0,-20.0,6.0625,Lenovo,14-inch,16GB,Lenovo,13-inch,4GB
0,0.048095703125,1.6875,Lenovo,14-inch,16GB,Lenovo,13-inch,8GB
0,-0.8359375,5.53125,Lenovo,14-inch,16GB,Lenovo,13-inch,16GB
0,-18.0,6.0625,Lenovo,14-inch,16GB,Lenovo,14-inch,4GB
0,-0.140625,4.375,Lenovo,14-inch,16GB,Lenovo,14-inch,8GB
0,-1.4375,5.8125,Lenovo,14-inch,16GB,Lenovo,16-inch,4GB
0,0.059814453125,-1.1875,Lenovo,14-inch,16GB,Lenovo,16-inch,8GB
0,-0.00146484375,3.25,Lenovo,14-inch,16GB,Lenovo,16-inch,16GB
0,-17.625,6.0625,Lenovo,14-inch,16GB,HP,13-inch,4GB
0,0.056396484375,0.5625,Lenovo,14-inch,16GB,HP,13-inch,8GB
0,0.056884765625,0.4375,Lenovo,14-inch,16GB,HP,13-inch,16GB
0,-10.8125,6.0625,Lenovo,14-inch,16GB,HP,14-inch,4GB
0,0.055908203125,0.6875,Lenovo,14-inch,16GB,HP,14-inch,8GB
0,0.059326171875,-0.6875,Lenovo,14-inch,16GB,HP,14-inch,16GB
0,-0.765625,5.5,Lenovo,14-inch,16GB,HP,16-inch,4GB
0,0.0595703125,-0.9375,Lenovo,14-inch,16GB,HP,16-inch,8GB
0,0.05908203125,-0.4375,Lenovo,14-inch,16GB,HP,16-inch,16GB
0,-18.75,6.0625,Lenovo,14-inch,16GB,Dell,13-inch,4GB
0,0.052978515625,1.1875,Lenovo,14-inch,16GB,Dell,13-inch,8GB
0,0.057373046875,0.3125,Lenovo,14-inch,16GB,Dell,13-inch,16GB
0,-12.1875,6.0625,Lenovo,14-inch,16GB,Dell,14-inch,4GB
0,0.052978515625,1.1875,Lenovo,14-inch,16GB,Dell,14-inch,8GB
0,0.06005859375,-1.6875,Lenovo,14-inch,16GB,Dell,14-inch,16GB
0,-2.28125,5.96875,Lenovo,14-inch,16GB,Dell,16-inch,4GB
0,0.0595703125,-0.9375,Lenovo,14-inch,16GB,Dell,16-inch,8GB
0,0.05859375,-0.1875,Lenovo,14-inch,16GB,Dell,16-inch,16GB
0,-5.3125,6.0625,Lenovo,14-inch,16GB,Apple,13-inch,4GB
0,0.04443359375,1.90625,Lenovo,14-inch,16GB,Apple,13-inch,8GB
0,0.048095703125,1.6875,Lenovo,14-inch,16GB,Apple,13-inch,16GB
0,-0.5703125,5.3125,Lenovo,14-inch,16GB,Apple,14-inch,4GB
0,0.0224609375,2.78125,Lenovo,14-inch,16GB,Apple,14-inch,8GB
0,0.0546875,0.9375,Lenovo,14-inch,16GB,Apple,14-inch,16GB
0,0.017578125,2.890625,Lenovo,14-inch,16GB,Apple,16-inch,4GB
0,0.056884765625,0.4375,Lenovo,14-inch,16GB,Apple,16-inch,8GB
0,0.055908203125,0.6875,Lenovo,14-inch,16GB,Apple,16-inch,16GB
0,-11.8125,6.0625,Lenovo,16-inch,4GB,ASUS,13-inch,4GB
0,-20.25,6.0625,Lenovo,16-inch,4GB,ASUS,13-inch,8GB
0,-6.4375,6.0625,Lenovo,16-inch,4GB,ASUS,13-inch,16GB
0,-11.3125,6.0625,Lenovo,16-inch,4GB,ASUS,14-inch,4GB
0,-19.125,6.0625,Lenovo,16-inch,4GB,ASUS,14-inch,8GB
0,-4.9375,6.0625,Lenovo,16-inch,4GB,ASUS,14-inch,16GB
0,-3.34375,6.03125,Lenovo,16-inch,4GB,ASUS,16-inch,4GB
0,-15.9375,6.0625,Lenovo,16-inch,4GB,ASUS,16-inch,8GB
0,-6.8125,6.0625,Lenovo,16-inch,4GB,ASUS,16-inch,16GB
0,-8.9375,6.0625,Lenovo,16-inch,4GB,Lenovo,13-inch,4GB
0,-14.4375,6.0625,Lenovo,16-inch,4GB,Lenovo,13-inch,8GB
0,-2.984375,6.0,Lenovo,16-inch,4GB,Lenovo,13-inch,16GB
0,-9.1875,6.0625,Lenovo,16-inch,4GB,Lenovo,14-inch,4GB
0,-11.1875,6.0625,Lenovo,16-inch,4GB,Lenovo,14-inch,8GB
0,-1.7421875,5.875,Lenovo,16-inch,4GB,Lenovo,14-inch,16GB
0,-6.9375,6.0625,Lenovo,16-inch,4GB,Lenovo,16-inch,8GB
0,-3.21875,6.03125,Lenovo,16-inch,4GB,Lenovo,16-inch,16GB
0,-9.4375,6.0625,Lenovo,16-inch,4GB,HP,13-inch,4GB
0,-19.5,6.0625,Lenovo,16-inch,4GB,HP,13-inch,8GB
0,-5.5625,6.0625,Lenovo,16-inch,4GB,HP,13-inch,16GB
0,-8.6875,6.0625,Lenovo,16-inch,4GB,HP,14-inch,4GB
0,-18.375,6.0625,Lenovo,16-inch,4GB,HP,14-inch,8GB
0,-3.703125,6.03125,Lenovo,16-inch,4GB,HP,14-inch,16GB
0,-2.28125,5.96875,Lenovo,16-inch,4GB,HP,16-inch,4GB
0,-15.9375,6.0625,Lenovo,16-inch,4GB,HP,16-inch,8GB
0,-4.4375,6.0625,Lenovo,16-inch,4GB,HP,16-inch,16GB
0,-10.6875,6.0625,Lenovo,16-inch,4GB,Dell,13-inch,4GB
0,-18.5,6.0625,Lenovo,16-inch,4GB,Dell,13-inch,8GB
0,-3.46875,6.03125,Lenovo,16-inch,4GB,Dell,13-inch,16GB
0,-10.0625,6.0625,Lenovo,16-inch,4GB,Dell,14-inch,4GB
0,-18.0,6.0625,Lenovo,16-inch,4GB,Dell,14-inch,8GB
0,-2.171875,5.9375,Lenovo,16-inch,4GB,Dell,14-inch,16GB
0,-2.75,6.0,Lenovo,16-inch,4GB,Dell,16-inch,4GB
0,-10.3125,6.0625,Lenovo,16-inch,4GB,Dell,16-inch,8GB
0,-1.1640625,5.71875,Lenovo,16-inch,4GB,Dell,16-inch,16GB
0,-5.1875,6.0625,Lenovo,16-inch,4GB,Apple,13-inch,4GB
0,-19.125,6.0625,Lenovo,16-inch,4GB,Apple,13-inch,8GB
0,-12.3125,6.0625,Lenovo,16-inch,4GB,Apple,13-inch,16GB
0,-4.4375,6.0625,Lenovo,16-inch,4GB,Apple,14-inch,4GB
0,-19.0,6.0625,Lenovo,16-inch,4GB,Apple,14-inch,8GB
0,-11.4375,6.0625,Lenovo,16-inch,4GB,Apple,14-inch,16GB
0,-2.75,6.0,Lenovo,16-inch,4GB,Apple,16-inch,4GB
0,-19.125,6.0625,Lenovo,16-inch,4GB,Apple,16-inch,8GB
0,-13.6875,6.0625,Lenovo,16-inch,4GB,Apple,16-inch,16GB
0,-9.0625,6.0625,Lenovo,16-inch,8GB,ASUS,13-inch,4GB
0,-4.5625,6.0625,Lenovo,16-inch,8GB,ASUS,13-inch,8GB
0,-1.7421875,5.875,Lenovo,16-inch,8GB,ASUS,13-inch,16GB
0,-8.3125,6.0625,Lenovo,16-inch,8GB,ASUS,14-inch,4GB
0,-3.828125,6.03125,Lenovo,16-inch,8GB,ASUS,14-inch,8GB
0,-0.099609375,4.15625,Lenovo,16-inch,8GB,ASUS,14-inch,16GB
0,-2.171875,5.9375,Lenovo,16-inch,8GB,ASUS,16-inch,4GB
0,-2.984375,6.0,Lenovo,16-inch,8GB,ASUS,16-inch,8GB
0,0.060546875,-5.6875,Lenovo,16-inch,8GB,ASUS,16-inch,16GB
0,-15.9375,6.0625,Lenovo,16-inch,8GB,Lenovo,13-inch,4GB
0,-10.5625,6.0625,Lenovo,16-inch,8GB,Lenovo,13-inch,8GB
0,-4.1875,6.0625,Lenovo,16-inch,8GB,Lenovo,13-inch,16GB
0,-16.5,6.0625,Lenovo,16-inch,8GB,Lenovo,14-inch,4GB
0,-10.1875,6.0625,Lenovo,16-inch,8GB,Lenovo,14-inch,8GB
0,-1.34375,5.78125,Lenovo,16-inch,8GB,Lenovo,14-inch,16GB
0,-19.25,6.0625,Lenovo,16-inch,8GB,Lenovo,16-inch,4GB
0,0.04443359375,1.90625,Lenovo,16-inch,8GB,Lenovo,16-inch,16GB
0,-10.6875,6.0625,Lenovo,16-inch,8GB,HP,13-inch,4GB
0,-4.5625,6.0625,Lenovo,16-inch,8GB,HP,13-inch,8GB
0,-1.8515625,5.90625,Lenovo,16-inch,8GB,HP,13-inch,16GB
0,-9.5625,6.0625,Lenovo,16-inch,8GB,HP,14-inch,4GB
0,-4.09375,6.03125,Lenovo,16-inch,8GB,HP,14-inch,8GB
0,-0.251953125,4.75,Lenovo,16-inch,8GB,HP,14-inch,16GB
0,-2.171875,5.9375,Lenovo,16-inch,8GB,HP,16-inch,4GB
0,-2.0625,5.9375,Lenovo,16-inch,8GB,HP,16-inch,8GB
0,0.060546875,-4.6875,Lenovo,16-inch,8GB,HP,16-inch,16GB
0,-12.8125,6.0625,Lenovo,16-inch,8GB,Dell,13-inch,4GB
0,-3.703125,6.03125,Lenovo,16-inch,8GB,Dell,13-inch,8GB
0,-0.515625,5.25,Lenovo,16-inch,8GB,Dell,13-inch,16GB
0,-12.0625,6.0625,Lenovo,16-inch,8GB,Dell,14-inch,4GB
0,-3.34375,6.03125,Lenovo,16-inch,8GB,Dell,14-inch,8GB
0,-0.00146484375,3.25,Lenovo,16-inch,8GB,Dell,14-inch,16GB
0,-4.3125,6.0625,Lenovo,16-inch,8GB,Dell,16-inch,4GB
0,-2.40625,5.96875,Lenovo,16-inch,8GB,Dell,16-inch,8GB
0,0.060546875,-6.9375,Lenovo,16-inch,8GB,Dell,16-inch,16GB
0,-1.7421875,5.875,Lenovo,16-inch,8GB,Apple,13-inch,4GB
0,-0.6328125,5.375,Lenovo,16-inch,8GB,Apple,13-inch,8GB
0,-0.251953125,4.75,Lenovo,16-inch,8GB,Apple,13-inch,16GB
0,-1.25,5.75,Lenovo,16-inch,8GB,Apple,14-inch,4GB
0,-0.3671875,5.0,Lenovo,16-inch,8GB,Apple,14-inch,8GB
0,-0.0185546875,3.484375,Lenovo,16-inch,8GB,Apple,14-inch,16GB
0,-0.0185546875,3.484375,Lenovo,16-inch,8GB,Apple,16-inch,4GB
0,-1.1640625,5.71875,Lenovo,16-inch,8GB,Apple,16-inch,8GB
0,0.06005859375,-1.6875,Lenovo,16-inch,8GB,Apple,16-inch,16GB
0,-17.125,6.0625,Lenovo,16-inch,16GB,ASUS,13-inch,4GB
0,-0.0283203125,3.59375,Lenovo,16-inch,16GB,ASUS,13-inch,8GB
0,-0.06640625,3.9375,Lenovo,16-inch,16GB,ASUS,13-inch,16GB
0,-16.625,6.0625,Lenovo,16-inch,16GB,ASUS,14-inch,4GB
0,-0.0283203125,3.59375,Lenovo,16-inch,16GB,ASUS,14-inch,8GB
0,-0.00146484375,3.25,Lenovo,16-inch,16GB,ASUS,14-inch,16GB
0,-10.9375,6.0625,Lenovo,16-inch,16GB,ASUS,16-inch,4GB
0,-0.06640625,3.9375,Lenovo,16-inch,16GB,ASUS,16-inch,8GB
0,-0.06640625,3.9375,Lenovo,16-inch,16GB,ASUS,16-inch,16GB
0,-21.25,6.0625,Lenovo,16-inch,16GB,Lenovo,13-inch,4GB
0,-0.08203125,4.0625,Lenovo,16-inch,16GB,Lenovo,13-inch,8GB
0,-2.171875,5.9375,Lenovo,16-inch,16GB,Lenovo,13-inch,16GB
0,-21.5,6.0625,Lenovo,16-inch,16GB,Lenovo,14-inch,4GB
0,-0.099609375,4.15625,Lenovo,16-inch,16GB,Lenovo,14-inch,8GB
0,-1.7421875,5.875,Lenovo,16-inch,16GB,Lenovo,14-inch,16GB
0,-17.625,6.0625,Lenovo,16-inch,16GB,Lenovo,16-inch,4GB
0,-0.369140625,5.0,Lenovo,16-inch,16GB,Lenovo,16-inch,8GB
0,-17.75,6.0625,Lenovo,16-inch,16GB,HP,13-inch,4GB
0,-0.00146484375,3.25,Lenovo,16-inch,16GB,HP,13-inch,8GB
0,-0.099609375,4.15625,Lenovo,16-inch,16GB,HP,13-inch,16GB
0,-17.25,6.0625,Lenovo,16-inch,16GB,HP,14-inch,4GB
0,0.005615234375,3.125,Lenovo,16-inch,16GB,HP,14-inch,8GB
0,-0.03955078125,3.71875,Lenovo,16-inch,16GB,HP,14-inch,16GB
0,-11.9375,6.0625,Lenovo,16-inch,16GB,HP,16-inch,4GB
0,-0.03955078125,3.71875,Lenovo,16-inch,16GB,HP,16-inch,8GB
0,0.0224609375,2.78125,Lenovo,16-inch,16GB,HP,16-inch,16GB
0,-18.75,6.0625,Lenovo,16-inch,16GB,Dell,13-inch,4GB
0,-0.05224609375,3.828125,Lenovo,16-inch,16GB,Dell,13-inch,8GB
0,-0.06640625,3.9375,Lenovo,16-inch,16GB,Dell,13-inch,16GB
0,-18.75,6.0625,Lenovo,16-inch,16GB,Dell,14-inch,4GB
0,-0.05224609375,3.828125,Lenovo,16-inch,16GB,Dell,14-inch,8GB
0,-0.00146484375,3.25,Lenovo,16-inch,16GB,Dell,14-inch,16GB
0,-12.4375,6.0625,Lenovo,16-inch,16GB,Dell,16-inch,4GB
0,-0.08203125,4.0625,Lenovo,16-inch,16GB,Dell,16-inch,8GB
0,0.0224609375,2.78125,Lenovo,16-inch,16GB,Dell,16-inch,16GB
0,-7.8125,6.0625,Lenovo,16-inch,16GB,Apple,13-inch,4GB
0,-0.140625,4.375,Lenovo,16-inch,16GB,Apple,13-inch,8GB
0,-0.00927734375,3.375,Lenovo,16-inch,16GB,Apple,13-inch,16GB
0,-6.1875,6.0625,Lenovo,16-inch,16GB,Apple,14-inch,4GB
0,-0.140625,4.375,Lenovo,16-inch,16GB,Apple,14-inch,8GB
0,0.011962890625,3.015625,Lenovo,16-inch,16GB,Apple,14-inch,16GB
0,-2.875,6.0,Lenovo,16-inch,16GB,Apple,16-inch,4GB
0,-0.287109375,4.84375,Lenovo,16-inch,16GB,Apple,16-inch,8GB
0,-0.119140625,4.25,Lenovo,16-inch,16GB,Apple,16-inch,16GB
0,-1.078125,5.6875,HP,13-inch,4GB,ASUS,13-inch,4GB
0,-8.1875,6.0625,HP,13-inch,4GB,ASUS,13-inch,8GB
0,0.0224609375,2.78125,HP,13-inch,4GB,ASUS,13-inch,16GB
0,-1.078125,5.6875,HP,13-inch,4GB,ASUS,14-inch,4GB
0,-7.1875,6.0625,HP,13-inch,4GB,ASUS,14-inch,8GB
0,0.0576171875,0.1875,HP,13-inch,4GB,ASUS,14-inch,16GB
0,0.05908203125,-0.4375,HP,13-inch,4GB,ASUS,16-inch,4GB
0,0.017578125,2.890625,HP,13-inch,4GB,ASUS,16-inch,8GB
0,0.060546875,-4.6875,HP,13-inch,4GB,ASUS,16-inch,16GB
0,-0.4140625,5.09375,HP,13-inch,4GB,Lenovo,13-inch,4GB
0,-12.1875,6.0625,HP,13-inch,4GB,Lenovo,13-inch,8GB
0,0.02685546875,2.65625,HP,13-inch,4GB,Lenovo,13-inch,16GB
0,-0.4140625,5.09375,HP,13-inch,4GB,Lenovo,14-inch,4GB
0,-7.9375,6.0625,HP,13-inch,4GB,Lenovo,14-inch,8GB
0,0.059326171875,-0.6875,HP,13-inch,4GB,Lenovo,14-inch,16GB
0,0.060302734375,-2.9375,HP,13-inch,4GB,Lenovo,16-inch,4GB
0,-0.00927734375,3.375,HP,13-inch,4GB,Lenovo,16-inch,8GB
0,0.060546875,-5.0625,HP,13-inch,4GB,Lenovo,16-inch,16GB
0,-0.515625,5.25,HP,13-inch,4GB,HP,13-inch,8GB
0,0.06005859375,-1.5625,HP,13-inch,4GB,HP,13-inch,16GB
0,-1.078125,5.6875,HP,13-inch,4GB,HP,14-inch,4GB
0,-0.220703125,4.65625,HP,13-inch,4GB,HP,14-inch,8GB
0,0.060546875,-5.1875,HP,13-inch,4GB,HP,14-inch,16GB
0,0.037353515625,2.296875,HP,13-inch,4GB,HP,16-inch,4GB
0,0.058349609375,-0.0625,HP,13-inch,4GB,HP,16-inch,8GB
0,0.060546875,-7.9375,HP,13-inch,4GB,HP,16-inch,16GB
0,-0.515625,5.25,HP,13-inch,4GB,Dell,13-inch,4GB
0,-6.0625,6.0625,HP,13-inch,4GB,Dell,13-inch,8GB
0,0.0537109375,1.0625,HP,13-inch,4GB,Dell,13-inch,16GB
0,-0.515625,5.25,HP,13-inch,4GB,Dell,14-inch,4GB
0,-2.875,6.0,HP,13-inch,4GB,Dell,14-inch,8GB
0,0.060302734375,-2.1875,HP,13-inch,4GB,Dell,14-inch,16GB
0,0.060302734375,-2.1875,HP,13-inch,4GB,Dell,16-inch,4GB
0,0.052001953125,1.3125,HP,13-inch,4GB,Dell,16-inch,8GB
0,0.060546875,-6.6875,HP,13-inch,4GB,Dell,16-inch,16GB
0,0.011962890625,3.015625,HP,13-inch,4GB,Apple,13-inch,4GB
0,-13.4375,6.0625,HP,13-inch,4GB,Apple,13-inch,8GB
0,-1.078125,5.6875,HP,13-inch,4GB,Apple,13-inch,16GB
0,0.049560546875,1.5625,HP,13-inch,4GB,Apple,14-inch,4GB
0,-9.4375,6.0625,HP,13-inch,4GB,Apple,14-inch,8GB
0,0.005615234375,3.125,HP,13-inch,4GB,Apple,14-inch,16GB
0,0.060302734375,-2.4375,HP,13-inch,4GB,Apple,16-inch,4GB
0,-0.326171875,4.9375,HP,13-inch,4GB,Apple,16-inch,8GB
0,0.060302734375,-1.9375,HP,13-inch,4GB,Apple,16-inch,16GB
0,-1.078125,5.6875,HP,13-inch,8GB,ASUS,13-inch,4GB
0,-1.8515625,5.90625,HP,13-inch,8GB,ASUS,13-inch,8GB
0,0.060546875,-5.4375,HP,13-inch,8GB,ASUS,13-inch,16GB
0,-0.287109375,4.84375,HP,13-inch,8GB,ASUS,14-inch,4GB
0,-0.765625,5.5,HP,13-inch,8GB,ASUS,14-inch,8GB
0,0.060546875,-7.0625,HP,13-inch,8GB,ASUS,14-inch,16GB
0,0.04248046875,2.03125,HP,13-inch,8GB,ASUS,16-inch,4GB
0,0.0224609375,2.78125,HP,13-inch,8GB,ASUS,16-inch,8GB
0,0.060546875,-8.4375,HP,13-inch,8GB,ASUS,16-inch,16GB
0,-1.4375,5.8125,HP,13-inch,8GB,Lenovo,13-inch,4GB
0,-0.9921875,5.625,HP,13-inch,8GB,Lenovo,13-inch,8GB
0,0.060546875,-4.0625,HP,13-inch,8GB,Lenovo,13-inch,16GB
0,-0.6328125,5.375,HP,13-inch,8GB,Lenovo,14-inch,4GB
0,-0.6328125,5.375,HP,13-inch,8GB,Lenovo,14-inch,8GB
0,0.060546875,-6.9375,HP,13-inch,8GB,Lenovo,14-inch,16GB
0,0.037353515625,2.296875,HP,13-inch,8GB,Lenovo,16-inch,4GB
0,0.0224609375,2.78125,HP,13-inch,8GB,Lenovo,16-inch,8GB
0,0.060546875,-8.6875,HP,13-inch,8GB,Lenovo,16-inch,16GB
0,-17.875,6.0625,HP,13-inch,8GB,HP,13-inch,4GB
0,0.060302734375,-2.3125,HP,13-inch,8GB,HP,13-inch,16GB
0,-1.1640625,5.71875,HP,13-inch,8GB,HP,14-inch,4GB
0,-3.703125,6.03125,HP,13-inch,8GB,HP,14-inch,8GB
0,0.060546875,-7.3125,HP,13-inch,8GB,HP,14-inch,16GB
0,-0.00146484375,3.25,HP,13-inch,8GB,HP,16-inch,4GB
0,-0.5703125,5.3125,HP,13-inch,8GB,HP,16-inch,8GB
0,0.060546875,-8.4375,HP,13-inch,8GB,HP,16-inch,16GB
0,-1.7421875,5.875,HP,13-inch,8GB,Dell,13-inch,4GB
0,-0.765625,5.5,HP,13-inch,8GB,Dell,13-inch,8GB
0,0.060546875,-7.1875,HP,13-inch,8GB,Dell,13-inch,16GB
0,-0.9140625,5.59375,HP,13-inch,8GB,Dell,14-inch,4GB
0,-0.4140625,5.09375,HP,13-inch,8GB,Dell,14-inch,8GB
0,0.060546875,-8.4375,HP,13-inch,8GB,Dell,14-inch,16GB
0,0.011962890625,3.015625,HP,13-inch,8GB,Dell,16-inch,4GB
0,0.0224609375,2.78125,HP,13-inch,8GB,Dell,16-inch,8GB
0,0.060546875,-9.1875,HP,13-inch,8GB,Dell,16-inch,16GB
0,-0.19140625,4.5625,HP,13-inch,8GB,Apple,13-inch,4GB
0,-0.140625,4.375,HP,13-inch,8GB,Apple,13-inch,8GB
0,0.0595703125,-0.8125,HP,13-inch,8GB,Apple,13-inch,16GB
0,-0.06640625,3.9375,HP,13-inch,8GB,Apple,14-inch,4GB
0,0.017578125,2.890625,HP,13-inch,8GB,Apple,14-inch,8GB
0,0.060546875,-3.3125,HP,13-inch,8GB,Apple,14-inch,16GB
0,0.0400390625,2.171875,HP,13-inch,8GB,Apple,16-inch,4GB
0,0.056884765625,0.4375,HP,13-inch,8GB,Apple,16-inch,8GB
0,0.060546875,-6.6875,HP,13-inch,8GB,Apple,16-inch,16GB
0,-9.4375,6.0625,HP,13-inch,16GB,ASUS,13-inch,4GB
0,0.0537109375,1.0625,HP,13-inch,16GB,ASUS,13-inch,8GB
0,-0.00146484375,3.25,HP,13-inch,16GB,ASUS,13-inch,16GB
0,-10.8125,6.0625,HP,13-inch,16GB,ASUS,14-inch,4GB
0,0.05859375,-0.1875,HP,13-inch,16GB,ASUS,14-inch,8GB
0,0.05908203125,-0.4375,HP,13-inch,16GB,ASUS,14-inch,16GB
0,-0.251953125,4.75,HP,13-inch,16GB,ASUS,16-inch,4GB
0,0.059814453125,-1.1875,HP,13-inch,16GB,ASUS,16-inch,8GB
0,0.056396484375,0.5625,HP,13-inch,16GB,ASUS,16-inch,16GB
0,-9.5625,6.0625,HP,13-inch,16GB,Lenovo,13-inch,4GB
0,0.05517578125,0.8125,HP,13-inch,16GB,Lenovo,13-inch,8GB
0,0.03076171875,2.53125,HP,13-inch,16GB,Lenovo,13-inch,16GB
0,-11.0625,6.0625,HP,13-inch,16GB,Lenovo,14-inch,4GB
0,0.05859375,-0.1875,HP,13-inch,16GB,Lenovo,14-inch,8GB
0,0.05810546875,0.0625,HP,13-inch,16GB,Lenovo,14-inch,16GB
0,-0.4140625,5.09375,HP,13-inch,16GB,Lenovo,16-inch,4GB
0,0.059814453125,-1.3125,HP,13-inch,16GB,Lenovo,16-inch,8GB
0,0.049560546875,1.5625,HP,13-inch,16GB,Lenovo,16-inch,16GB
0,-18.125,6.0625,HP,13-inch,16GB,HP,13-inch,4GB
0,-0.9140625,5.59375,HP,13-inch,16GB,HP,13-inch,8GB
0,-16.875,6.0625,HP,13-inch,16GB,HP,14-inch,4GB
0,0.05810546875,0.0625,HP,13-inch,16GB,HP,14-inch,8GB
0,-0.099609375,4.15625,HP,13-inch,16GB,HP,14-inch,16GB
0,-1.34375,5.78125,HP,13-inch,16GB,HP,16-inch,4GB
0,0.059814453125,-1.0625,HP,13-inch,16GB,HP,16-inch,8GB
0,-0.03955078125,3.71875,HP,13-inch,16GB,HP,16-inch,16GB
0,-8.4375,6.0625,HP,13-inch,16GB,Dell,13-inch,4GB
0,0.052978515625,1.1875,HP,13-inch,16GB,Dell,13-inch,8GB
0,0.03076171875,2.53125,HP,13-inch,16GB,Dell,13-inch,16GB
0,-9.5625,6.0625,HP,13-inch,16GB,Dell,14-inch,4GB
0,0.058349609375,-0.0625,HP,13-inch,16GB,Dell,14-inch,8GB
0,0.059814453125,-1.3125,HP,13-inch,16GB,Dell,14-inch,16GB
0,-0.462890625,5.15625,HP,13-inch,16GB,Dell,16-inch,4GB
0,0.059814453125,-1.3125,HP,13-inch,16GB,Dell,16-inch,8GB
0,0.0546875,0.9375,HP,13-inch,16GB,Dell,16-inch,16GB
0,-0.765625,5.5,HP,13-inch,16GB,Apple,13-inch,4GB
0,0.02685546875,2.65625,HP,13-inch,16GB,Apple,13-inch,8GB
0,-0.06640625,3.9375,HP,13-inch,16GB,Apple,13-inch,16GB
0,-1.078125,5.6875,HP,13-inch,16GB,Apple,14-inch,4GB
0,0.05517578125,0.8125,HP,13-inch,16GB,Apple,14-inch,8GB
0,0.037353515625,2.296875,HP,13-inch,16GB,Apple,14-inch,16GB
0,0.017578125,2.890625,HP,13-inch,16GB,Apple,16-inch,4GB
0,0.05908203125,-0.4375,HP,13-inch,16GB,Apple,16-inch,8GB
0,0.0400390625,2.171875,HP,13-inch,16GB,Apple,16-inch,16GB
0,-1.25,5.75,HP,14-inch,4GB,ASUS,13-inch,4GB
0,-13.3125,6.0625,HP,14-inch,4GB,ASUS,13-inch,8GB
0,0.0224609375,2.78125,HP,14-inch,4GB,ASUS,13-inch,16GB
0,-0.765625,5.5,HP,14-inch,4GB,ASUS,14-inch,4GB
0,-3.96875,6.03125,HP,14-inch,4GB,ASUS,14-inch,8GB
0,0.04638671875,1.8125,HP,14-inch,4GB,ASUS,14-inch,16GB
0,0.05810546875,0.0625,HP,14-inch,4GB,ASUS,16-inch,4GB
0,0.04638671875,1.8125,HP,14-inch,4GB,ASUS,16-inch,8GB
0,0.060546875,-6.0625,HP,14-inch,4GB,ASUS,16-inch,16GB
0,-0.515625,5.25,HP,14-inch,4GB,Lenovo,13-inch,4GB
0,-13.3125,6.0625,HP,14-inch,4GB,Lenovo,13-inch,8GB
0,0.052001953125,1.3125,HP,14-inch,4GB,Lenovo,13-inch,16GB
0,-0.326171875,4.9375,HP,14-inch,4GB,Lenovo,14-inch,4GB
0,-5.4375,6.0625,HP,14-inch,4GB,Lenovo,14-inch,8GB
0,0.052978515625,1.1875,HP,14-inch,4GB,Lenovo,14-inch,16GB
0,0.060302734375,-2.1875,HP,14-inch,4GB,Lenovo,16-inch,4GB
0,0.037353515625,2.296875,HP,14-inch,4GB,Lenovo,16-inch,8GB
0,0.060546875,-6.1875,HP,14-inch,4GB,Lenovo,16-inch,16GB
0,-0.765625,5.5,HP,14-inch,4GB,HP,13-inch,4GB
0,-2.171875,5.9375,HP,14-inch,4GB,HP,13-inch,8GB
0,0.060546875,-3.0625,HP,14-inch,4GB,HP,13-inch,16GB
0,-0.19140625,4.5625,HP,14-inch,4GB,HP,14-inch,8GB
0,0.06005859375,-1.4375,HP,14-inch,4GB,HP,14-inch,16GB
0,0.03076171875,2.53125,HP,14-inch,4GB,HP,16-inch,4GB
0,0.05859375,-0.1875,HP,14-inch,4GB,HP,16-inch,8GB
0,0.060546875,-8.4375,HP,14-inch,4GB,HP,16-inch,16GB
0,-0.6953125,5.4375,HP,14-inch,4GB,Dell,13-inch,4GB
0,-9.3125,6.0625,HP,14-inch,4GB,Dell,13-inch,8GB
0,0.055419921875,0.8125,HP,14-inch,4GB,Dell,13-inch,16GB
0,-0.4140625,5.09375,HP,14-inch,4GB,Dell,14-inch,4GB
0,-2.0625,5.9375,HP,14-inch,4GB,Dell,14-inch,8GB
0,0.0576171875,0.1875,HP,14-inch,4GB,Dell,14-inch,16GB
0,0.0595703125,-0.9375,HP,14-inch,4GB,Dell,16-inch,4GB
0,0.055908203125,0.6875,HP,14-inch,4GB,Dell,16-inch,8GB
0,0.060546875,-7.3125,HP,14-inch,4GB,Dell,16-inch,16GB
0,-0.287109375,4.84375,HP,14-inch,4GB,Apple,13-inch,4GB
0,-13.6875,6.0625,HP,14-inch,4GB,Apple,13-inch,8GB
0,-0.765625,5.5,HP,14-inch,4GB,Apple,13-inch,16GB
0,0.037353515625,2.296875,HP,14-inch,4GB,Apple,14-inch,4GB
0,-10.5625,6.0625,HP,14-inch,4GB,Apple,14-inch,8GB
0,-0.765625,5.5,HP,14-inch,4GB,Apple,14-inch,16GB
0,0.060302734375,-2.6875,HP,14-inch,4GB,Apple,16-inch,4GB
0,-0.251953125,4.75,HP,14-inch,4GB,Apple,16-inch,8GB
0,0.060302734375,-2.1875,HP,14-inch,4GB,Apple,16-inch,16GB
0,-7.8125,6.0625,HP,14-inch,8GB,ASUS,13-inch,4GB
0,-1.1640625,5.71875,HP,14-inch,8GB,ASUS,13-inch,8GB
0,0.06005859375,-1.6875,HP,14-inch,8GB,ASUS,13-inch,16GB
0,-2.625,6.0,HP,14-inch,8GB,ASUS,14-inch,4GB
0,-1.1640625,5.71875,HP,14-inch,8GB,ASUS,14-inch,8GB
0,0.060546875,-7.6875,HP,14-inch,8GB,ASUS,14-inch,16GB
0,0.05078125,1.4375,HP,14-inch,8GB,ASUS,16-inch,4GB
0,0.04443359375,1.90625,HP,14-inch,8GB,ASUS,16-inch,8GB
0,0.060546875,-9.3125,HP,14-inch,8GB,ASUS,16-inch,16GB
0,-8.0625,6.0625,HP,14-inch,8GB,Lenovo,13-inch,4GB
0,-0.6328125,5.375,HP,14-inch,8GB,Lenovo,13-inch,8GB
0,0.060546875,-3.0625,HP,14-inch,8GB,Lenovo,13-inch,16GB
0,-3.34375,6.03125,HP,14-inch,8GB,Lenovo,14-inch,4GB
0,-0.515625,5.25,HP,14-inch,8GB,Lenovo,14-inch,8GB
0,0.060546875,-6.9375,HP,14-inch,8GB,Lenovo,14-inch,16GB
0,0.0341796875,2.40625,HP,14-inch,8GB,Lenovo,16-inch,4GB
0,0.04443359375,1.90625,HP,14-inch,8GB,Lenovo,16-inch,8GB
0,0.060546875,-9.1875,HP,14-inch,8GB,Lenovo,16-inch,16GB
0,-14.6875,6.0625,HP,14-inch,8GB,HP,13-inch,4GB
0,-6.9375,6.0625,HP,14-inch,8GB,HP,13-inch,8GB
0,0.060302734375,-2.4375,HP,14-inch,8GB,HP,13-inch,16GB
0,-18.5,6.0625,HP,14-inch,8GB,HP,14-inch,4GB
0,0.060546875,-4.1875,HP,14-inch,8GB,HP,14-inch,16GB
0,-0.0185546875,3.484375,HP,14-inch,8GB,HP,16-inch,4GB
0,-0.287109375,4.84375,HP,14-inch,8GB,HP,16-inch,8GB
0,0.060546875,-8.9375,HP,14-inch,8GB,HP,16-inch,16GB
0,-10.4375,6.0625,HP,14-inch,8GB,Dell,13-inch,4GB
0,-0.515625,5.25,HP,14-inch,8GB,Dell,13-inch,8GB
0,0.060546875,-3.8125,HP,14-inch,8GB,Dell,13-inch,16GB
0,-3.34375,6.03125,HP,14-inch,8GB,Dell,14-inch,4GB
0,-0.287109375,4.84375,HP,14-inch,8GB,Dell,14-inch,8GB
0,0.060546875,-9.1875,HP,14-inch,8GB,Dell,14-inch,16GB
0,0.011962890625,3.015625,HP,14-inch,8GB,Dell,16-inch,4GB
0,0.04248046875,2.03125,HP,14-inch,8GB,Dell,16-inch,8GB
0,0.060546875,-9.8125,HP,14-inch,8GB,Dell,16-inch,16GB
0,-2.40625,5.96875,HP,14-inch,8GB,Apple,13-inch,4GB
0,0.011962890625,3.015625,HP,14-inch,8GB,Apple,13-inch,8GB
0,0.05908203125,-0.4375,HP,14-inch,8GB,Apple,13-inch,16GB
0,-0.220703125,4.65625,HP,14-inch,8GB,Apple,14-inch,4GB
0,0.011962890625,3.015625,HP,14-inch,8GB,Apple,14-inch,8GB
0,0.060546875,-3.6875,HP,14-inch,8GB,Apple,14-inch,16GB
0,0.05078125,1.4375,HP,14-inch,8GB,Apple,16-inch,4GB
0,0.05908203125,-0.4375,HP,14-inch,8GB,Apple,16-inch,8GB
0,0.060546875,-8.0625,HP,14-inch,8GB,Apple,16-inch,16GB
0,-17.75,6.0625,HP,14-inch,16GB,ASUS,13-inch,4GB
0,0.048095703125,1.6875,HP,14-inch,16GB,ASUS,13-inch,8GB
0,0.058837890625,-0.3125,HP,14-inch,16GB,ASUS,13-inch,16GB
0,-10.8125,6.0625,HP,14-inch,16GB,ASUS,14-inch,4GB
0,0.052978515625,1.1875,HP,14-inch,16GB,ASUS,14-inch,8GB
0,0.056396484375,0.5625,HP,14-inch,16GB,ASUS,14-inch,16GB
0,-0.6328125,5.375,HP,14-inch,16GB,ASUS,16-inch,4GB
0,0.0595703125,-0.9375,HP,14-inch,16GB,ASUS,16-inch,8GB
0,0.059814453125,-1.3125,HP,14-inch,16GB,ASUS,16-inch,16GB
0,-18.125,6.0625,HP,14-inch,16GB,Lenovo,13-inch,4GB
0,0.05078125,1.4375,HP,14-inch,16GB,Lenovo,13-inch,8GB
0,0.056884765625,0.4375,HP,14-inch,16GB,Lenovo,13-inch,16GB
0,-11.5625,6.0625,HP,14-inch,16GB,Lenovo,14-inch,4GB
0,0.052978515625,1.1875,HP,14-inch,16GB,Lenovo,14-inch,8GB
0,0.05517578125,0.8125,HP,14-inch,16GB,Lenovo,14-inch,16GB
0,-1.34375,5.78125,HP,14-inch,16GB,Lenovo,16-inch,4GB
0,0.059326171875,-0.6875,HP,14-inch,16GB,Lenovo,16-inch,8GB
0,0.0595703125,-0.9375,HP,14-inch,16GB,Lenovo,16-inch,16GB
0,-20.25,6.0625,HP,14-inch,16GB,HP,13-inch,4GB
0,0.037353515625,2.296875,HP,14-inch,16GB,HP,13-inch,8GB
0,-0.19140625,4.5625,HP,14-inch,16GB,HP,13-inch,16GB
0,-18.625,6.0625,HP,14-inch,16GB,HP,14-inch,4GB
0,-0.9140625,5.59375,HP,14-inch,16GB,HP,14-inch,8GB
0,-1.7421875,5.875,HP,14-inch,16GB,HP,16-inch,4GB
0,0.0595703125,-0.8125,HP,14-inch,16GB,HP,16-inch,8GB
0,0.037353515625,2.296875,HP,14-inch,16GB,HP,16-inch,16GB
0,-17.875,6.0625,HP,14-inch,16GB,Dell,13-inch,4GB
0,0.04638671875,1.8125,HP,14-inch,16GB,Dell,13-inch,8GB
0,0.059326171875,-0.6875,HP,14-inch,16GB,Dell,13-inch,16GB
0,-11.0625,6.0625,HP,14-inch,16GB,Dell,14-inch,4GB
0,0.052001953125,1.3125,HP,14-inch,16GB,Dell,14-inch,8GB
0,0.057373046875,0.3125,HP,14-inch,16GB,Dell,14-inch,16GB
0,-0.9140625,5.59375,HP,14-inch,16GB,Dell,16-inch,4GB
0,0.059326171875,-0.6875,HP,14-inch,16GB,Dell,16-inch,8GB
0,0.059814453125,-1.3125,HP,14-inch,16GB,Dell,16-inch,16GB
0,-7.0625,6.0625,HP,14-inch,16GB,Apple,13-inch,4GB
0,0.0341796875,2.40625,HP,14-inch,16GB,Apple,13-inch,8GB
0,0.05078125,1.4375,HP,14-inch,16GB,Apple,13-inch,16GB
0,-0.9921875,5.625,HP,14-inch,16GB,Apple,14-inch,4GB
0,0.017578125,2.890625,HP,14-inch,16GB,Apple,14-inch,8GB
0,0.048095703125,1.6875,HP,14-inch,16GB,Apple,14-inch,16GB
0,0.005615234375,3.125,HP,14-inch,16GB,Apple,16-inch,4GB
0,0.058349609375,-0.0625,HP,14-inch,16GB,Apple,16-inch,8GB
0,0.0546875,0.9375,HP,14-inch,16GB,Apple,16-inch,16GB
0,-10.9375,6.0625,HP,16-inch,4GB,ASUS,13-inch,4GB
0,-17.75,6.0625,HP,16-inch,4GB,ASUS,13-inch,8GB
0,-2.515625,5.96875,HP,16-inch,4GB,ASUS,13-inch,16GB
0,-10.0625,6.0625,HP,16-inch,4GB,ASUS,14-inch,4GB
0,-15.0625,6.0625,HP,16-inch,4GB,ASUS,14-inch,8GB
0,-1.4375,5.8125,HP,16-inch,4GB,ASUS,14-inch,16GB
0,-2.75,6.0,HP,16-inch,4GB,ASUS,16-inch,4GB
0,-11.3125,6.0625,HP,16-inch,4GB,ASUS,16-inch,8GB
0,-2.28125,5.96875,HP,16-inch,4GB,ASUS,16-inch,16GB
0,-8.1875,6.0625,HP,16-inch,4GB,Lenovo,13-inch,4GB
0,-18.5,6.0625,HP,16-inch,4GB,Lenovo,13-inch,8GB
0,-1.953125,5.90625,HP,16-inch,4GB,Lenovo,13-inch,16GB
0,-7.1875,6.0625,HP,16-inch,4GB,Lenovo,14-inch,4GB
0,-17.125,6.0625,HP,16-inch,4GB,Lenovo,14-inch,8GB
0,-0.8359375,5.53125,HP,16-inch,4GB,Lenovo,14-inch,16GB
0,-2.40625,5.96875,HP,16-inch,4GB,Lenovo,16-inch,4GB
0,-13.6875,6.0625,HP,16-inch,4GB,Lenovo,16-inch,8GB
0,-1.1640625,5.71875,HP,16-inch,4GB,Lenovo,16-inch,16GB
0,-8.1875,6.0625,HP,16-inch,4GB,HP,13-inch,4GB
0,-8.5625,6.0625,HP,16-inch,4GB,HP,13-inch,8GB
0,-0.9140625,5.59375,HP,16-inch,4GB,HP,13-inch,16GB
0,-8.3125,6.0625,HP,16-inch,4GB,HP,14-inch,4GB
0,-5.4375,6.0625,HP,16-inch,4GB,HP,14-inch,8GB
0,-0.3671875,5.0,HP,16-inch,4GB,HP,14-inch,16GB
0,-2.625,6.0,HP,16-inch,4GB,HP,16-inch,8GB
0,-0.251953125,4.75,HP,16-inch,4GB,HP,16-inch,16GB
0,-8.6875,6.0625,HP,16-inch,4GB,Dell,13-inch,4GB
0,-15.8125,6.0625,HP,16-inch,4GB,Dell,13-inch,8GB
0,-1.078125,5.6875,HP,16-inch,4GB,Dell,13-inch,16GB
0,-7.4375,6.0625,HP,16-inch,4GB,Dell,14-inch,4GB
0,-13.0625,6.0625,HP,16-inch,4GB,Dell,14-inch,8GB
0,-0.462890625,5.15625,HP,16-inch,4GB,Dell,14-inch,16GB
0,-2.40625,5.96875,HP,16-inch,4GB,Dell,16-inch,4GB
0,-7.0625,6.0625,HP,16-inch,4GB,Dell,16-inch,8GB
0,-0.3671875,5.0,HP,16-inch,4GB,Dell,16-inch,16GB
0,-4.4375,6.0625,HP,16-inch,4GB,Apple,13-inch,4GB
0,-17.0,6.0625,HP,16-inch,4GB,Apple,13-inch,8GB
0,-9.1875,6.0625,HP,16-inch,4GB,Apple,13-inch,16GB
0,-4.4375,6.0625,HP,16-inch,4GB,Apple,14-inch,4GB
0,-16.375,6.0625,HP,16-inch,4GB,Apple,14-inch,8GB
0,-7.5625,6.0625,HP,16-inch,4GB,Apple,14-inch,16GB
0,-1.25,5.75,HP,16-inch,4GB,Apple,16-inch,4GB
0,-16.625,6.0625,HP,16-inch,4GB,Apple,16-inch,8GB
0,-9.9375,6.0625,HP,16-inch,4GB,Apple,16-inch,16GB
0,-8.8125,6.0625,HP,16-inch,8GB,ASUS,13-inch,4GB
0,-3.21875,6.03125,HP,16-inch,8GB,ASUS,13-inch,8GB
0,-0.220703125,4.65625,HP,16-inch,8GB,ASUS,13-inch,16GB
0,-7.8125,6.0625,HP,16-inch,8GB,ASUS,14-inch,4GB
0,-3.109375,6.03125,HP,16-inch,8GB,ASUS,14-inch,8GB
0,0.03076171875,2.53125,HP,16-inch,8GB,ASUS,14-inch,16GB
0,-1.8515625,5.90625,HP,16-inch,8GB,ASUS,16-inch,4GB
0,-2.171875,5.9375,HP,16-inch,8GB,ASUS,16-inch,8GB
0,0.060546875,-4.9375,HP,16-inch,8GB,ASUS,16-inch,16GB
0,-9.4375,6.0625,HP,16-inch,8GB,Lenovo,13-inch,4GB
0,-2.75,6.0,HP,16-inch,8GB,Lenovo,13-inch,8GB
0,-0.119140625,4.25,HP,16-inch,8GB,Lenovo,13-inch,16GB
0,-9.1875,6.0625,HP,16-inch,8GB,Lenovo,14-inch,4GB
0,-2.40625,5.96875,HP,16-inch,8GB,Lenovo,14-inch,8GB
0,0.04638671875,1.8125,HP,16-inch,8GB,Lenovo,14-inch,16GB
0,-2.515625,5.96875,HP,16-inch,8GB,Lenovo,16-inch,4GB
0,-0.9921875,5.625,HP,16-inch,8GB,Lenovo,16-inch,8GB
0,0.060546875,-3.8125,HP,16-inch,8GB,Lenovo,16-inch,16GB
0,-15.4375,6.0625,HP,16-inch,8GB,HP,13-inch,4GB
0,-8.5625,6.0625,HP,16-inch,8GB,HP,13-inch,8GB
0,-1.640625,5.875,HP,16-inch,8GB,HP,13-inch,16GB
0,-15.4375,6.0625,HP,16-inch,8GB,HP,14-inch,4GB
0,-7.9375,6.0625,HP,16-inch,8GB,HP,14-inch,8GB
0,-0.9921875,5.625,HP,16-inch,8GB,HP,14-inch,16GB
0,-19.25,6.0625,HP,16-inch,8GB,HP,16-inch,4GB
0,0.0546875,0.9375,HP,16-inch,8GB,HP,16-inch,16GB
0,-11.3125,6.0625,HP,16-inch,8GB,Dell,13-inch,4GB
0,-2.515625,5.96875,HP,16-inch,8GB,Dell,13-inch,8GB
0,-0.03955078125,3.71875,HP,16-inch,8GB,Dell,13-inch,16GB
0,-10.3125,6.0625,HP,16-inch,8GB,Dell,14-inch,4GB
0,-2.171875,5.9375,HP,16-inch,8GB,Dell,14-inch,8GB
0,0.04638671875,1.8125,HP,16-inch,8GB,Dell,14-inch,16GB
0,-2.625,6.0,HP,16-inch,8GB,Dell,16-inch,4GB
0,-1.34375,5.78125,HP,16-inch,8GB,Dell,16-inch,8GB
0,0.060546875,-5.9375,HP,16-inch,8GB,Dell,16-inch,16GB
0,-2.40625,5.96875,HP,16-inch,8GB,Apple,13-inch,4GB
0,-0.326171875,4.9375,HP,16-inch,8GB,Apple,13-inch,8GB
0,-0.099609375,4.15625,HP,16-inch,8GB,Apple,13-inch,16GB
0,-1.953125,5.90625,HP,16-inch,8GB,Apple,14-inch,4GB
0,-0.326171875,4.9375,HP,16-inch,8GB,Apple,14-inch,8GB
0,-0.0283203125,3.59375,HP,16-inch,8GB,Apple,14-inch,16GB
0,-0.05224609375,3.828125,HP,16-inch,8GB,Apple,16-inch,4GB
0,-0.765625,5.5,HP,16-inch,8GB,Apple,16-inch,8GB
0,0.059814453125,-1.1875,HP,16-inch,8GB,Apple,16-inch,16GB
0,-17.5,6.0625,HP,16-inch,16GB,ASUS,13-inch,4GB
0,-0.03955078125,3.71875,HP,16-inch,16GB,ASUS,13-inch,8GB
0,-0.03955078125,3.71875,HP,16-inch,16GB,ASUS,13-inch,16GB
0,-16.625,6.0625,HP,16-inch,16GB,ASUS,14-inch,4GB
0,-0.03955078125,3.71875,HP,16-inch,16GB,ASUS,14-inch,8GB
0,-0.00146484375,3.25,HP,16-inch,16GB,ASUS,14-inch,16GB
0,-10.9375,6.0625,HP,16-inch,16GB,ASUS,16-inch,4GB
0,-0.0185546875,3.484375,HP,16-inch,16GB,ASUS,16-inch,8GB
0,-0.19140625,4.5625,HP,16-inch,16GB,ASUS,16-inch,16GB
0,-17.625,6.0625,HP,16-inch,16GB,Lenovo,13-inch,4GB
0,-0.0283203125,3.59375,HP,16-inch,16GB,Lenovo,13-inch,8GB
0,-0.05224609375,3.828125,HP,16-inch,16GB,Lenovo,13-inch,16GB
0,-16.375,6.0625,HP,16-inch,16GB,Lenovo,14-inch,4GB
0,-0.00927734375,3.375,HP,16-inch,16GB,Lenovo,14-inch,8GB
0,0.005615234375,3.125,HP,16-inch,16GB,Lenovo,14-inch,16GB
0,-11.1875,6.0625,HP,16-inch,16GB,Lenovo,16-inch,4GB
0,-0.0283203125,3.59375,HP,16-inch,16GB,Lenovo,16-inch,8GB
0,-0.06640625,3.9375,HP,16-inch,16GB,Lenovo,16-inch,16GB
0,-20.75,6.0625,HP,16-inch,16GB,HP,13-inch,4GB
0,-0.099609375,4.15625,HP,16-inch,16GB,HP,13-inch,8GB
0,-1.640625,5.875,HP,16-inch,16GB,HP,13-inch,16GB
0,-20.875,6.0625,HP,16-inch,16GB,HP,14-inch,4GB
0,-0.08203125,4.0625,HP,16-inch,16GB,HP,14-inch,8GB
0,-1.4375,5.8125,HP,16-inch,16GB,HP,14-inch,16GB
0,-17.5,6.0625,HP,16-inch,16GB,HP,16-inch,4GB
0,-0.326171875,4.9375,HP,16-inch,16GB,HP,16-inch,8GB
0,-17.125,6.0625,HP,16-inch,16GB,Dell,13-inch,4GB
0,-0.03955078125,3.71875,HP,16-inch,16GB,Dell,13-inch,8GB
0,-0.05224609375,3.828125,HP,16-inch,16GB,Dell,13-inch,16GB
0,-17.125,6.0625,HP,16-inch,16GB,Dell,14-inch,4GB
0,-0.0283203125,3.59375,HP,16-inch,16GB,Dell,14-inch,8GB
0,-0.00146484375,3.25,HP,16-inch,16GB,Dell,14-inch,16GB
0,-10.4375,6.0625,HP,16-inch,16GB,Dell,16-inch,4GB
0,-0.05224609375,3.828125,HP,16-inch,16GB,Dell,16-inch,8GB
0,-0.03955078125,3.71875,HP,16-inch,16GB,Dell,16-inch,16GB
0,-8.3125,6.0625,HP,16-inch,16GB,Apple,13-inch,4GB
0,-0.099609375,4.15625,HP,16-inch,16GB,Apple,13-inch,8GB
0,0.011962890625,3.015625,HP,16-inch,16GB,Apple,13-inch,16GB
0,-7.1875,6.0625,HP,16-inch,16GB,Apple,14-inch,4GB
0,-0.099609375,4.15625,HP,16-inch,16GB,Apple,14-inch,8GB
0,0.011962890625,3.015625,HP,16-inch,16GB,Apple,14-inch,16GB
0,-2.28125,5.96875,HP,16-inch,16GB,Apple,16-inch,4GB
0,-0.099609375,4.15625,HP,16-inch,16GB,Apple,16-inch,8GB
0,-0.08203125,4.0625,HP,16-inch,16GB,Apple,16-inch,16GB
0,-0.9140625,5.59375,Dell,13-inch,4GB,ASUS,13-inch,4GB
0,-9.1875,6.0625,Dell,13-inch,4GB,ASUS,13-inch,8GB
0,-0.03955078125,3.71875,Dell,13-inch,4GB,ASUS,13-inch,16GB
0,-0.9140625,5.59375,Dell,13-inch,4GB,ASUS,14-inch,4GB
0,-9.4375,6.0625,Dell,13-inch,4GB,ASUS,14-inch,8GB
0,0.052001953125,1.3125,Dell,13-inch,4GB,ASUS,14-inch,16GB
0,0.05810546875,0.0625,Dell,13-inch,4GB,ASUS,16-inch,4GB
0,-0.0185546875,3.484375,Dell,13-inch,4GB,ASUS,16-inch,8GB
0,0.060546875,-3.6875,Dell,13-inch,4GB,ASUS,16-inch,16GB
0,-0.326171875,4.9375,Dell,13-inch,4GB,Lenovo,13-inch,4GB
0,-9.5625,6.0625,Dell,13-inch,4GB,Lenovo,13-inch,8GB
0,0.04248046875,2.03125,Dell,13-inch,4GB,Lenovo,13-inch,16GB
0,-0.4140625,5.09375,Dell,13-inch,4GB,Lenovo,14-inch,4GB
0,-6.8125,6.0625,Dell,13-inch,4GB,Lenovo,14-inch,8GB
0,0.059814453125,-1.0625,Dell,13-inch,4GB,Lenovo,14-inch,16GB
0,0.06005859375,-1.4375,Dell,13-inch,4GB,Lenovo,16-inch,4GB
0,0.017578125,2.890625,Dell,13-inch,4GB,Lenovo,16-inch,8GB
0,0.060546875,-4.8125,Dell,13-inch,4GB,Lenovo,16-inch,16GB
0,-0.326171875,4.9375,Dell,13-inch,4GB,HP,13-inch,4GB
0,-6.3125,6.0625,Dell,13-inch,4GB,HP,13-inch,8GB
0,0.03076171875,2.53125,Dell,13-inch,4GB,HP,13-inch,16GB
0,-0.326171875,4.9375,Dell,13-inch,4GB,HP,14-inch,4GB
0,-5.5625,6.0625,Dell,13-inch,4GB,HP,14-inch,8GB
0,0.0576171875,0.1875,Dell,13-inch,4GB,HP,14-inch,16GB
0,0.0595703125,-0.9375,Dell,13-inch,4GB,HP,16-inch,4GB
0,-0.00927734375,3.375,Dell,13-inch,4GB,HP,16-inch,8GB
0,0.060546875,-4.6875,Dell,13-inch,4GB,HP,16-inch,16GB
0,-0.4140625,5.09375,Dell,13-inch,4GB,Dell,13-inch,8GB
0,0.059814453125,-1.1875,Dell,13-inch,4GB,Dell,13-inch,16GB
0,-0.765625,5.5,Dell,13-inch,4GB,Dell,14-inch,4GB
0,-0.1650390625,4.46875,Dell,13-inch,4GB,Dell,14-inch,8GB
0,0.060546875,-5.5625,Dell,13-inch,4GB,Dell,14-inch,16GB
0,0.0224609375,2.78125,Dell,13-inch,4GB,Dell,16-inch,4GB
0,0.059814453125,-1.1875,Dell,13-inch,4GB,Dell,16-inch,8GB
0,0.060546875,-8.8125,Dell,13-inch,4GB,Dell,16-inch,16GB
0,0.0537109375,1.0625,Dell,13-inch,4GB,Apple,13-inch,4GB
0,-12.1875,6.0625,Dell,13-inch,4GB,Apple,13-inch,8GB
0,-0.220703125,4.65625,Dell,13-inch,4GB,Apple,13-inch,16GB
0,0.056396484375,0.5625,Dell,13-inch,4GB,Apple,14-inch,4GB
0,-8.4375,6.0625,Dell,13-inch,4GB,Apple,14-inch,8GB
0,0.04638671875,1.8125,Dell,13-inch,4GB,Apple,14-inch,16GB
0,0.060302734375,-2.6875,Dell,13-inch,4GB,Apple,16-inch,4GB
0,-0.220703125,4.65625,Dell,13-inch,4GB,Apple,16-inch,8GB
0,0.06005859375,-1.8125,Dell,13-inch,4GB,Apple,16-inch,16GB
0,-0.6328125,5.375,Dell,13-inch,8GB,ASUS,13-inch,4GB
0,-1.25,5.75,Dell,13-inch,8GB,ASUS,13-inch,8GB
0,0.060546875,-5.1875,Dell,13-inch,8GB,ASUS,13-inch,16GB
0,-0.140625,4.375,Dell,13-inch,8GB,ASUS,14-inch,4GB
0,-0.765625,5.5,Dell,13-inch,8GB,ASUS,14-inch,8GB
0,0.060546875,-6.6875,Dell,13-inch,8GB,ASUS,14-inch,16GB
0,0.0400390625,2.171875,Dell,13-inch,8GB,ASUS,16-inch,4GB
0,-0.0185546875,3.484375,Dell,13-inch,8GB,ASUS,16-inch,8GB
0,0.060546875,-7.6875,Dell,13-inch,8GB,ASUS,16-inch,16GB
0,-1.4375,5.8125,Dell,13-inch,8GB,Lenovo,13-inch,4GB
0,-0.6328125,5.375,Dell,13-inch,8GB,Lenovo,13-inch,8GB
0,0.060546875,-5.8125,Dell,13-inch,8GB,Lenovo,13-inch,16GB
0,-0.5703125,5.3125,Dell,13-inch,8GB,Lenovo,14-inch,4GB
0,-0.5703125,5.3125,Dell,13-inch,8GB,Lenovo,14-inch,8GB
0,0.060546875,-7.4375,Dell,13-inch,8GB,Lenovo,14-inch,16GB
0,0.017578125,2.890625,Dell,13-inch,8GB,Lenovo,16-inch,4GB
0,-0.00146484375,3.25,Dell,13-inch,8GB,Lenovo,16-inch,8GB
0,0.060546875,-8.3125,Dell,13-inch,8GB,Lenovo,16-inch,16GB
0,-0.6953125,5.4375,Dell,13-inch,8GB,HP,13-inch,4GB
0,-0.4140625,5.09375,Dell,13-inch,8GB,HP,13-inch,8GB
0,0.060546875,-6.4375,Dell,13-inch,8GB,HP,13-inch,16GB
0,-0.326171875,4.9375,Dell,13-inch,8GB,HP,14-inch,4GB
0,-0.5703125,5.3125,Dell,13-inch,8GB,HP,14-inch,8GB
0,0.060546875,-6.9375,Dell,13-inch,8GB,HP,14-inch,16GB
0,0.03076171875,2.53125,Dell,13-inch,8GB,HP,16-inch,4GB
0,-0.0283203125,3.59375,Dell,13-inch,8GB,HP,16-inch,8GB
0,0.060546875,-7.8125,Dell,13-inch,8GB,HP,16-inch,16GB
0,-15.0625,6.0625,Dell,13-inch,8GB,Dell,13-inch,4GB
0,0.060546875,-3.4375,Dell,13-inch,8GB,Dell,13-inch,16GB
0,-0.251953125,4.75,Dell,13-inch,8GB,Dell,14-inch,4GB
0,-3.59375,6.03125,Dell,13-inch,8GB,Dell,14-inch,8GB
0,0.060546875,-9.3125,Dell,13-inch,8GB,Dell,14-inch,16GB
0,0.04638671875,1.8125,Dell,13-inch,8GB,Dell,16-inch,4GB
0,-0.6328125,5.375,Dell,13-inch,8GB,Dell,16-inch,8GB
0,0.060546875,-8.9375,Dell,13-inch,8GB,Dell,16-inch,16GB
0,-0.1650390625,4.46875,Dell,13-inch,8GB,Apple,13-inch,4GB
0,-0.03955078125,3.71875,Dell,13-inch,8GB,Apple,13-inch,8GB
0,0.06005859375,-1.5625,Dell,13-inch,8GB,Apple,13-inch,16GB
0,0.005615234375,3.125,Dell,13-inch,8GB,Apple,14-inch,4GB
0,0.04638671875,1.8125,Dell,13-inch,8GB,Apple,14-inch,8GB
0,0.060546875,-3.8125,Dell,13-inch,8GB,Apple,14-inch,16GB
0,0.04638671875,1.8125,Dell,13-inch,8GB,Apple,16-inch,4GB
0,0.056884765625,0.4375,Dell,13-inch,8GB,Apple,16-inch,8GB
0,0.060546875,-6.4375,Dell,13-inch,8GB,Apple,16-inch,16GB
0,-8.9375,6.0625,Dell,13-inch,16GB,ASUS,13-inch,4GB
0,0.05517578125,0.8125,Dell,13-inch,16GB,ASUS,13-inch,8GB
0,0.011962890625,3.015625,Dell,13-inch,16GB,ASUS,13-inch,16GB
0,-8.9375,6.0625,Dell,13-inch,16GB,ASUS,14-inch,4GB
0,0.058837890625,-0.3125,Dell,13-inch,16GB,ASUS,14-inch,8GB
0,0.05908203125,-0.4375,Dell,13-inch,16GB,ASUS,14-inch,16GB
0,-0.220703125,4.65625,Dell,13-inch,16GB,ASUS,16-inch,4GB
0,0.059814453125,-1.1875,Dell,13-inch,16GB,ASUS,16-inch,8GB
0,0.049560546875,1.5625,Dell,13-inch,16GB,ASUS,16-inch,16GB
0,-10.8125,6.0625,Dell,13-inch,16GB,Lenovo,13-inch,4GB
0,0.0576171875,0.1875,Dell,13-inch,16GB,Lenovo,13-inch,8GB
0,0.04638671875,1.8125,Dell,13-inch,16GB,Lenovo,13-inch,16GB
0,-11.4375,6.0625,Dell,13-inch,16GB,Lenovo,14-inch,4GB
0,0.059326171875,-0.6875,Dell,13-inch,16GB,Lenovo,14-inch,8GB
0,0.0576171875,0.1875,Dell,13-inch,16GB,Lenovo,14-inch,16GB
0,-1.1640625,5.71875,Dell,13-inch,16GB,Lenovo,16-inch,4GB
0,0.059814453125,-1.1875,Dell,13-inch,16GB,Lenovo,16-inch,8GB
0,0.04248046875,2.03125,Dell,13-inch,16GB,Lenovo,16-inch,16GB
0,-9.3125,6.0625,Dell,13-inch,16GB,HP,13-inch,4GB
0,0.05517578125,0.8125,Dell,13-inch,16GB,HP,13-inch,8GB
0,0.049560546875,1.5625,Dell,13-inch,16GB,HP,13-inch,16GB
0,-11.0625,6.0625,Dell,13-inch,16GB,HP,14-inch,4GB
0,0.0595703125,-0.8125,Dell,13-inch,16GB,HP,14-inch,8GB
0,0.06005859375,-1.6875,Dell,13-inch,16GB,HP,14-inch,16GB
0,-0.515625,5.25,Dell,13-inch,16GB,HP,16-inch,4GB
0,0.059814453125,-1.0625,Dell,13-inch,16GB,HP,16-inch,8GB
0,0.052001953125,1.3125,Dell,13-inch,16GB,HP,16-inch,16GB
0,-17.375,6.0625,Dell,13-inch,16GB,Dell,13-inch,4GB
0,-0.119140625,4.25,Dell,13-inch,16GB,Dell,13-inch,8GB
0,-15.0625,6.0625,Dell,13-inch,16GB,Dell,14-inch,4GB
0,0.0595703125,-0.9375,Dell,13-inch,16GB,Dell,14-inch,8GB
0,-0.251953125,4.75,Dell,13-inch,16GB,Dell,14-inch,16GB
0,-0.6953125,5.4375,Dell,13-inch,16GB,Dell,16-inch,4GB
0,0.06005859375,-1.5625,Dell,13-inch,16GB,Dell,16-inch,8GB
0,-0.140625,4.375,Dell,13-inch,16GB,Dell,16-inch,16GB
0,-0.9921875,5.625,Dell,13-inch,16GB,Apple,13-inch,4GB
0,0.0224609375,2.78125,Dell,13-inch,16GB,Apple,13-inch,8GB
0,0.02685546875,2.65625,Dell,13-inch,16GB,Apple,13-inch,16GB
0,-1.078125,5.6875,Dell,13-inch,16GB,Apple,14-inch,4GB
0,0.055908203125,0.6875,Dell,13-inch,16GB,Apple,14-inch,8GB
0,0.0537109375,1.0625,Dell,13-inch,16GB,Apple,14-inch,16GB
0,-0.0283203125,3.59375,Dell,13-inch,16GB,Apple,16-inch,4GB
0,0.05810546875,0.0625,Dell,13-inch,16GB,Apple,16-inch,8GB
0,0.04248046875,2.03125,Dell,13-inch,16GB,Apple,16-inch,16GB
0,-1.078125,5.6875,Dell,14-inch,4GB,ASUS,13-inch,4GB
0,-14.1875,6.0625,Dell,14-inch,4GB,ASUS,13-inch,8GB
0,-0.06640625,3.9375,Dell,14-inch,4GB,ASUS,13-inch,16GB
0,-0.6328125,5.375,Dell,14-inch,4GB,ASUS,14-inch,4GB
0,-4.5625,6.0625,Dell,14-inch,4GB,ASUS,14-inch,8GB
0,0.011962890625,3.015625,Dell,14-inch,4GB,ASUS,14-inch,16GB
0,0.055419921875,0.8125,Dell,14-inch,4GB,ASUS,16-inch,4GB
0,0.037353515625,2.296875,Dell,14-inch,4GB,ASUS,16-inch,8GB
0,0.060546875,-4.8125,Dell,14-inch,4GB,ASUS,16-inch,16GB
0,-0.4140625,5.09375,Dell,14-inch,4GB,Lenovo,13-inch,4GB
0,-12.0625,6.0625,Dell,14-inch,4GB,Lenovo,13-inch,8GB
0,0.04638671875,1.8125,Dell,14-inch,4GB,Lenovo,13-inch,16GB
0,-0.251953125,4.75,Dell,14-inch,4GB,Lenovo,14-inch,4GB
0,-3.46875,6.03125,Dell,14-inch,4GB,Lenovo,14-inch,8GB
0,0.05078125,1.4375,Dell,14-inch,4GB,Lenovo,14-inch,16GB
0,0.0595703125,-0.9375,Dell,14-inch,4GB,Lenovo,16-inch,4GB
0,0.049560546875,1.5625,Dell,14-inch,4GB,Lenovo,16-inch,8GB
0,0.060546875,-6.3125,Dell,14-inch,4GB,Lenovo,16-inch,16GB
0,-0.462890625,5.15625,Dell,14-inch,4GB,HP,13-inch,4GB
0,-10.5625,6.0625,Dell,14-inch,4GB,HP,13-inch,8GB
0,0.04248046875,2.03125,Dell,14-inch,4GB,HP,13-inch,16GB
0,-0.19140625,4.5625,Dell,14-inch,4GB,HP,14-inch,4GB
0,-2.984375,6.0,Dell,14-inch,4GB,HP,14-inch,8GB
0,0.049560546875,1.5625,Dell,14-inch,4GB,HP,14-inch,16GB
0,0.059326171875,-0.6875,Dell,14-inch,4GB,HP,16-inch,4GB
0,0.04443359375,1.90625,Dell,14-inch,4GB,HP,16-inch,8GB
0,0.060546875,-5.8125,Dell,14-inch,4GB,HP,16-inch,16GB
0,-0.765625,5.5,Dell,14-inch,4GB,Dell,13-inch,4GB
0,-1.1640625,5.71875,Dell,14-inch,4GB,Dell,13-inch,8GB
0,0.060302734375,-2.0625,Dell,14-inch,4GB,Dell,13-inch,16GB
0,-0.1650390625,4.46875,Dell,14-inch,4GB,Dell,14-inch,8GB
0,0.0595703125,-0.8125,Dell,14-inch,4GB,Dell,14-inch,16GB
0,0.011962890625,3.015625,Dell,14-inch,4GB,Dell,16-inch,4GB
0,0.060302734375,-1.9375,Dell,14-inch,4GB,Dell,16-inch,8GB
0,0.060546875,-8.9375,Dell,14-inch,4GB,Dell,16-inch,16GB
0,-0.0185546875,3.484375,Dell,14-inch,4GB,Apple,13-inch,4GB
0,-12.0625,6.0625,Dell,14-inch,4GB,Apple,13-inch,8GB
0,-0.140625,4.375,Dell,14-inch,4GB,Apple,13-inch,16GB
0,0.056396484375,0.5625,Dell,14-inch,4GB,Apple,14-inch,4GB
0,-9.4375,6.0625,Dell,14-inch,4GB,Apple,14-inch,8GB
0,-0.08203125,4.0625,Dell,14-inch,4GB,Apple,14-inch,16GB
0,0.060302734375,-2.9375,Dell,14-inch,4GB,Apple,16-inch,4GB
0,-0.140625,4.375,Dell,14-inch,4GB,Apple,16-inch,8GB
0,0.060302734375,-2.8125,Dell,14-inch,4GB,Apple,16-inch,16GB
0,-6.0625,6.0625,Dell,14-inch,8GB,ASUS,13-inch,4GB
0,-1.4375,5.8125,Dell,14-inch,8GB,ASUS,13-inch,8GB
0,0.06005859375,-1.4375,Dell,14-inch,8GB,ASUS,13-inch,16GB
0,-1.34375,5.78125,Dell,14-inch,8GB,ASUS,14-inch,4GB
0,-0.8359375,5.53125,Dell,14-inch,8GB,ASUS,14-inch,8GB
0,0.060546875,-7.4375,Dell,14-inch,8GB,ASUS,14-inch,16GB
0,0.052978515625,1.1875,Dell,14-inch,8GB,ASUS,16-inch,4GB
0,0.005615234375,3.125,Dell,14-inch,8GB,ASUS,16-inch,8GB
0,0.060546875,-8.8125,Dell,14-inch,8GB,ASUS,16-inch,16GB
0,-8.8125,6.0625,Dell,14-inch,8GB,Lenovo,13-inch,4GB
0,-0.9921875,5.625,Dell,14-inch,8GB,Lenovo,13-inch,8GB
0,0.060302734375,-2.6875,Dell,14-inch,8GB,Lenovo,13-inch,16GB
0,-3.59375,6.03125,Dell,14-inch,8GB,Lenovo,14-inch,4GB
0,-0.326171875,4.9375,Dell,14-inch,8GB,Lenovo,14-inch,8GB
0,0.060546875,-7.8125,Dell,14-inch,8GB,Lenovo,14-inch,16GB
0,0.0224609375,2.78125,Dell,14-inch,8GB,Lenovo,16-inch,4GB
0,0.0224609375,2.78125,Dell,14-inch,8GB,Lenovo,16-inch,8GB
0,0.060546875,-9.0625,Dell,14-inch,8GB,Lenovo,16-inch,16GB
0,-7.8125,6.0625,Dell,14-inch,8GB,HP,13-inch,4GB
0,-1.078125,5.6875,Dell,14-inch,8GB,HP,13-inch,8GB
0,0.060302734375,-2.4375,Dell,14-inch,8GB,HP,13-inch,16GB
0,-2.515625,5.96875,Dell,14-inch,8GB,HP,14-inch,4GB
0,-0.287109375,4.84375,Dell,14-inch,8GB,HP,14-inch,8GB
0,0.060546875,-8.1875,Dell,14-inch,8GB,HP,14-inch,16GB
0,0.04248046875,2.03125,Dell,14-inch,8GB,HP,16-inch,4GB
0,-0.00927734375,3.375,Dell,14-inch,8GB,HP,16-inch,8GB
0,0.060546875,-8.6875,Dell,14-inch,8GB,HP,16-inch,16GB
0,-13.0625,6.0625,Dell,14-inch,8GB,Dell,13-inch,4GB
0,-7.8125,6.0625,Dell,14-inch,8GB,Dell,13-inch,8GB
0,0.060302734375,-2.3125,Dell,14-inch,8GB,Dell,13-inch,16GB
0,-16.25,6.0625,Dell,14-inch,8GB,Dell,14-inch,4GB
0,0.060546875,-4.9375,Dell,14-inch,8GB,Dell,14-inch,16GB
0,0.048095703125,1.6875,Dell,14-inch,8GB,Dell,16-inch,4GB
0,-0.462890625,5.15625,Dell,14-inch,8GB,Dell,16-inch,8GB
0,0.060546875,-9.3125,Dell,14-inch,8GB,Dell,16-inch,16GB
0,-1.7421875,5.875,Dell,14-inch,8GB,Apple,13-inch,4GB
0,0.017578125,2.890625,Dell,14-inch,8GB,Apple,13-inch,8GB
0,0.059814453125,-1.3125,Dell,14-inch,8GB,Apple,13-inch,16GB
0,-0.19140625,4.5625,Dell,14-inch,8GB,Apple,14-inch,4GB
0,0.03076171875,2.53125,Dell,14-inch,8GB,Apple,14-inch,8GB
0,0.060546875,-4.5625,Dell,14-inch,8GB,Apple,14-inch,16GB
0,0.052978515625,1.1875,Dell,14-inch,8GB,Apple,16-inch,4GB
0,0.0576171875,0.1875,Dell,14-inch,8GB,Apple,16-inch,8GB
0,0.060546875,-7.6875,Dell,14-inch,8GB,Apple,16-inch,16GB
0,-16.25,6.0625,Dell,14-inch,16GB,ASUS,13-inch,4GB
0,0.052978515625,1.1875,Dell,14-inch,16GB,ASUS,13-inch,8GB
0,0.055908203125,0.6875,Dell,14-inch,16GB,ASUS,13-inch,16GB
0,-8.9375,6.0625,Dell,14-inch,16GB,ASUS,14-inch,4GB
0,0.052978515625,1.1875,Dell,14-inch,16GB,ASUS,14-inch,8GB
0,0.05517578125,0.8125,Dell,14-inch,16GB,ASUS,14-inch,16GB
0,-0.251953125,4.75,Dell,14-inch,16GB,ASUS,16-inch,4GB
0,0.0595703125,-0.9375,Dell,14-inch,16GB,ASUS,16-inch,8GB
0,0.05908203125,-0.4375,Dell,14-inch,16GB,ASUS,16-inch,16GB
0,-18.0,6.0625,Dell,14-inch,16GB,Lenovo,13-inch,4GB
0,0.052001953125,1.3125,Dell,14-inch,16GB,Lenovo,13-inch,8GB
0,0.057373046875,0.3125,Dell,14-inch,16GB,Lenovo,13-inch,16GB
0,-12.5625,6.0625,Dell,14-inch,16GB,Lenovo,14-inch,4GB
0,0.055908203125,0.6875,Dell,14-inch,16GB,Lenovo,14-inch,8GB
0,0.05908203125,-0.4375,Dell,14-inch,16GB,Lenovo,14-inch,16GB
0,-1.8515625,5.90625,Dell,14-inch,16GB,Lenovo,16-inch,4GB
0,0.05908203125,-0.4375,Dell,14-inch,16GB,Lenovo,16-inch,8GB
0,0.05859375,-0.1875,Dell,14-inch,16GB,Lenovo,16-inch,16GB
0,-16.875,6.0625,Dell,14-inch,16GB,HP,13-inch,4GB
0,0.0537109375,1.0625,Dell,14-inch,16GB,HP,13-inch,8GB
0,0.058837890625,-0.3125,Dell,14-inch,16GB,HP,13-inch,16GB
0,-10.4375,6.0625,Dell,14-inch,16GB,HP,14-inch,4GB
0,0.0546875,0.9375,Dell,14-inch,16GB,HP,14-inch,8GB
0,0.05859375,-0.1875,Dell,14-inch,16GB,HP,14-inch,16GB
0,-0.9140625,5.59375,Dell,14-inch,16GB,HP,16-inch,4GB
0,0.059326171875,-0.6875,Dell,14-inch,16GB,HP,16-inch,8GB
0,0.0595703125,-0.9375,Dell,14-inch,16GB,HP,16-inch,16GB
0,-19.0,6.0625,Dell,14-inch,16GB,Dell,13-inch,4GB
0,0.037353515625,2.296875,Dell,14-inch,16GB,Dell,13-inch,8GB
0,-0.6328125,5.375,Dell,14-inch,16GB,Dell,13-inch,16GB
0,-16.875,6.0625,Dell,14-inch,16GB,Dell,14-inch,4GB
0,-0.119140625,4.25,Dell,14-inch,16GB,Dell,14-inch,8GB
0,-1.078125,5.6875,Dell,14-inch,16GB,Dell,16-inch,4GB
0,0.059814453125,-1.0625,Dell,14-inch,16GB,Dell,16-inch,8GB
0,0.0224609375,2.78125,Dell,14-inch,16GB,Dell,16-inch,16GB
0,-5.9375,6.0625,Dell,14-inch,16GB,Apple,13-inch,4GB
0,0.04443359375,1.90625,Dell,14-inch,16GB,Apple,13-inch,8GB
0,0.0576171875,0.1875,Dell,14-inch,16GB,Apple,13-inch,16GB
0,-1.1640625,5.71875,Dell,14-inch,16GB,Apple,14-inch,4GB
0,0.005615234375,3.125,Dell,14-inch,16GB,Apple,14-inch,8GB
0,0.056396484375,0.5625,Dell,14-inch,16GB,Apple,14-inch,16GB
0,-0.00146484375,3.25,Dell,14-inch,16GB,Apple,16-inch,4GB
0,0.056884765625,0.4375,Dell,14-inch,16GB,Apple,16-inch,8GB
0,0.0576171875,0.1875,Dell,14-inch,16GB,Apple,16-inch,16GB
0,-10.9375,6.0625,Dell,16-inch,4GB,ASUS,13-inch,4GB
0,-17.75,6.0625,Dell,16-inch,4GB,ASUS,13-inch,8GB
0,-3.46875,6.03125,Dell,16-inch,4GB,ASUS,13-inch,16GB
0,-9.6875,6.0625,Dell,16-inch,4GB,ASUS,14-inch,4GB
0,-16.125,6.0625,Dell,16-inch,4GB,ASUS,14-inch,8GB
0,-2.984375,6.0,Dell,16-inch,4GB,ASUS,14-inch,16GB
0,-2.984375,6.0,Dell,16-inch,4GB,ASUS,16-inch,4GB
0,-13.5625,6.0625,Dell,16-inch,4GB,ASUS,16-inch,8GB
0,-3.109375,6.03125,Dell,16-inch,4GB,ASUS,16-inch,16GB
0,-8.6875,6.0625,Dell,16-inch,4GB,Lenovo,13-inch,4GB
0,-18.75,6.0625,Dell,16-inch,4GB,Lenovo,13-inch,8GB
0,-2.875,6.0,Dell,16-inch,4GB,Lenovo,13-inch,16GB
0,-8.0625,6.0625,Dell,16-inch,4GB,Lenovo,14-inch,4GB
0,-16.25,6.0625,Dell,16-inch,4GB,Lenovo,14-inch,8GB
0,-1.7421875,5.875,Dell,16-inch,4GB,Lenovo,14-inch,16GB
0,-2.515625,5.96875,Dell,16-inch,4GB,Lenovo,16-inch,4GB
0,-13.6875,6.0625,Dell,16-inch,4GB,Lenovo,16-inch,8GB
0,-1.1640625,5.71875,Dell,16-inch,4GB,Lenovo,16-inch,16GB
0,-9.0625,6.0625,Dell,16-inch,4GB,HP,13-inch,4GB
0,-17.375,6.0625,Dell,16-inch,4GB,HP,13-inch,8GB
0,-2.40625,5.96875,Dell,16-inch,4GB,HP,13-inch,16GB
0,-7.8125,6.0625,Dell,16-inch,4GB,HP,14-inch,4GB
0,-14.9375,6.0625,Dell,16-inch,4GB,HP,14-inch,8GB
0,-1.4375,5.8125,Dell,16-inch,4GB,HP,14-inch,16GB
0,-1.8515625,5.90625,Dell,16-inch,4GB,HP,16-inch,4GB
0,-12.5625,6.0625,Dell,16-inch,4GB,HP,16-inch,8GB
0,-1.25,5.75,Dell,16-inch,4GB,HP,16-inch,16GB
0,-8.8125,6.0625,Dell,16-inch,4GB,Dell,13-inch,4GB
0,-8.0625,6.0625,Dell,16-inch,4GB,Dell,13-inch,8GB
0,-1.5390625,5.84375,Dell,16-inch,4GB,Dell,13-inch,16GB
0,-8.9375,6.0625,Dell,16-inch,4GB,Dell,14-inch,4GB
0,-6.1875,6.0625,Dell,16-inch,4GB,Dell,14-inch,8GB
0,-0.9140625,5.59375,Dell,16-inch,4GB,Dell,14-inch,16GB
0,-4.3125,6.0625,Dell,16-inch,4GB,Dell,16-inch,8GB
0,-0.9140625,5.59375,Dell,16-inch,4GB,Dell,16-inch,16GB
0,-4.4375,6.0625,Dell,16-inch,4GB,Apple,13-inch,4GB
0,-17.125,6.0625,Dell,16-inch,4GB,Apple,13-inch,8GB
0,-8.3125,6.0625,Dell,16-inch,4GB,Apple,13-inch,16GB
0,-3.828125,6.03125,Dell,16-inch,4GB,Apple,14-inch,4GB
0,-16.5,6.0625,Dell,16-inch,4GB,Apple,14-inch,8GB
0,-6.5625,6.0625,Dell,16-inch,4GB,Apple,14-inch,16GB
0,-0.4140625,5.09375,Dell,16-inch,4GB,Apple,16-inch,4GB
0,-16.875,6.0625,Dell,16-inch,4GB,Apple,16-inch,8GB
0,-8.5625,6.0625,Dell,16-inch,4GB,Apple,16-inch,16GB
0,-6.0625,6.0625,Dell,16-inch,8GB,ASUS,13-inch,4GB
0,-3.703125,6.03125,Dell,16-inch,8GB,ASUS,13-inch,8GB
0,-0.3671875,5.0,Dell,16-inch,8GB,ASUS,13-inch,16GB
0,-4.9375,6.0625,Dell,16-inch,8GB,ASUS,14-inch,4GB
0,-3.21875,6.03125,Dell,16-inch,8GB,ASUS,14-inch,8GB
0,-0.0283203125,3.59375,Dell,16-inch,8GB,ASUS,14-inch,16GB
0,-1.078125,5.6875,Dell,16-inch,8GB,ASUS,16-inch,4GB
0,-2.0625,5.9375,Dell,16-inch,8GB,ASUS,16-inch,8GB
0,0.060546875,-4.4375,Dell,16-inch,8GB,ASUS,16-inch,16GB
0,-9.4375,6.0625,Dell,16-inch,8GB,Lenovo,13-inch,4GB
0,-2.984375,6.0,Dell,16-inch,8GB,Lenovo,13-inch,8GB
0,-0.326171875,4.9375,Dell,16-inch,8GB,Lenovo,13-inch,16GB
0,-8.5625,6.0625,Dell,16-inch,8GB,Lenovo,14-inch,4GB
0,-2.75,6.0,Dell,16-inch,8GB,Lenovo,14-inch,8GB
0,0.037353515625,2.296875,Dell,16-inch,8GB,Lenovo,14-inch,16GB
0,-2.75,6.0,Dell,16-inch,8GB,Lenovo,16-inch,4GB
0,-1.078125,5.6875,Dell,16-inch,8GB,Lenovo,16-inch,8GB
0,0.060546875,-4.5625,Dell,16-inch,8GB,Lenovo,16-inch,16GB
0,-8.5625,6.0625,Dell,16-inch,8GB,HP,13-inch,4GB
0,-3.828125,6.03125,Dell,16-inch,8GB,HP,13-inch,8GB
0,-0.462890625,5.15625,Dell,16-inch,8GB,HP,13-inch,16GB
0,-7.5625,6.0625,Dell,16-inch,8GB,HP,14-inch,4GB
0,-3.46875,6.03125,Dell,16-inch,8GB,HP,14-inch,8GB
0,-0.03955078125,3.71875,Dell,16-inch,8GB,HP,14-inch,16GB
0,-1.4375,5.8125,Dell,16-inch,8GB,HP,16-inch,4GB
0,-1.34375,5.78125,Dell,16-inch,8GB,HP,16-inch,8GB
0,0.060546875,-4.3125,Dell,16-inch,8GB,HP,16-inch,16GB
0,-14.0625,6.0625,Dell,16-inch,8GB,Dell,13-inch,4GB
0,-9.4375,6.0625,Dell,16-inch,8GB,Dell,13-inch,8GB
0,-2.515625,5.96875,Dell,16-inch,8GB,Dell,13-inch,16GB
0,-14.0625,6.0625,Dell,16-inch,8GB,Dell,14-inch,4GB
0,-8.6875,6.0625,Dell,16-inch,8GB,Dell,14-inch,8GB
0,-0.9921875,5.625,Dell,16-inch,8GB,Dell,14-inch,16GB
0,-16.375,6.0625,Dell,16-inch,8GB,Dell,16-inch,4GB
0,0.05517578125,0.8125,Dell,16-inch,8GB,Dell,16-inch,16GB
0,-1.7421875,5.875,Dell,16-inch,8GB,Apple,13-inch,4GB
0,-0.4140625,5.09375,Dell,16-inch,8GB,Apple,13-inch,8GB
0,-0.099609375,4.15625,Dell,16-inch,8GB,Apple,13-inch,16GB
0,-1.34375,5.78125,Dell,16-inch,8GB,Apple,14-inch,4GB
0,-0.251953125,4.75,Dell,16-inch,8GB,Apple,14-inch,8GB
0,0.005615234375,3.125,Dell,16-inch,8GB,Apple,14-inch,16GB
0,0.011962890625,3.015625,Dell,16-inch,8GB,Apple,16-inch,4GB
0,-0.326171875,4.9375,Dell,16-inch,8GB,Apple,16-inch,8GB
0,0.060302734375,-2.1875,Dell,16-inch,8GB,Apple,16-inch,16GB
0,-16.125,6.0625,Dell,16-inch,16GB,ASUS,13-inch,4GB
0,-0.05224609375,3.828125,Dell,16-inch,16GB,ASUS,13-inch,8GB
0,-0.099609375,4.15625,Dell,16-inch,16GB,ASUS,13-inch,16GB
0,-14.3125,6.0625,Dell,16-inch,16GB,ASUS,14-inch,4GB
0,-0.06640625,3.9375,Dell,16-inch,16GB,ASUS,14-inch,8GB
0,-0.06640625,3.9375,Dell,16-inch,16GB,ASUS,14-inch,16GB
0,-9.6875,6.0625,Dell,16-inch,16GB,ASUS,16-inch,4GB
0,-0.08203125,4.0625,Dell,16-inch,16GB,ASUS,16-inch,8GB
0,-0.140625,4.375,Dell,16-inch,16GB,ASUS,16-inch,16GB
0,-16.75,6.0625,Dell,16-inch,16GB,Lenovo,13-inch,4GB
0,-0.0283203125,3.59375,Dell,16-inch,16GB,Lenovo,13-inch,8GB
0,-0.08203125,4.0625,Dell,16-inch,16GB,Lenovo,13-inch,16GB
0,-16.125,6.0625,Dell,16-inch,16GB,Lenovo,14-inch,4GB
0,-0.05224609375,3.828125,Dell,16-inch,16GB,Lenovo,14-inch,8GB
0,-0.0283203125,3.59375,Dell,16-inch,16GB,Lenovo,14-inch,16GB
0,-10.9375,6.0625,Dell,16-inch,16GB,Lenovo,16-inch,4GB
0,-0.06640625,3.9375,Dell,16-inch,16GB,Lenovo,16-inch,8GB
0,-0.0185546875,3.484375,Dell,16-inch,16GB,Lenovo,16-inch,16GB
0,-16.625,6.0625,Dell,16-inch,16GB,HP,13-inch,4GB
0,-0.00927734375,3.375,Dell,16-inch,16GB,HP,13-inch,8GB
0,-0.140625,4.375,Dell,16-inch,16GB,HP,13-inch,16GB
0,-15.3125,6.0625,Dell,16-inch,16GB,HP,14-inch,4GB
0,-0.00927734375,3.375,Dell,16-inch,16GB,HP,14-inch,8GB
0,-0.099609375,4.15625,Dell,16-inch,16GB,HP,14-inch,16GB
0,-10.6875,6.0625,Dell,16-inch,16GB,HP,16-inch,4GB
0,-0.03955078125,3.71875,Dell,16-inch,16GB,HP,16-inch,8GB
0,0.0224609375,2.78125,Dell,16-inch,16GB,HP,16-inch,16GB
0,-20.25,6.0625,Dell,16-inch,16GB,Dell,13-inch,4GB
0,-0.1650390625,4.46875,Dell,16-inch,16GB,Dell,13-inch,8GB
0,-2.984375,6.0,Dell,16-inch,16GB,Dell,13-inch,16GB
0,-19.875,6.0625,Dell,16-inch,16GB,Dell,14-inch,4GB
0,-0.140625,4.375,Dell,16-inch,16GB,Dell,14-inch,8GB
0,-2.625,6.0,Dell,16-inch,16GB,Dell,14-inch,16GB
0,-16.25,6.0625,Dell,16-inch,16GB,Dell,16-inch,4GB
0,-0.1650390625,4.46875,Dell,16-inch,16GB,Dell,16-inch,8GB
0,-8.1875,6.0625,Dell,16-inch,16GB,Apple,13-inch,4GB
0,-0.1650390625,4.46875,Dell,16-inch,16GB,Apple,13-inch,8GB
0,0.005615234375,3.125,Dell,16-inch,16GB,Apple,13-inch,16GB
0,-6.6875,6.0625,Dell,16-inch,16GB,Apple,14-inch,4GB
0,-0.140625,4.375,Dell,16-inch,16GB,Apple,14-inch,8GB
0,0.017578125,2.890625,Dell,16-inch,16GB,Apple,14-inch,16GB
0,-2.171875,5.9375,Dell,16-inch,16GB,Apple,16-inch,4GB
0,-0.251953125,4.75,Dell,16-inch,16GB,Apple,16-inch,8GB
0,-0.00927734375,3.375,Dell,16-inch,16GB,Apple,16-inch,16GB
0,-4.6875,6.0625,Apple,13-inch,4GB,ASUS,13-inch,4GB
0,-21.25,6.0625,Apple,13-inch,4GB,ASUS,13-inch,8GB
0,-5.5625,6.0625,Apple,13-inch,4GB,ASUS,13-inch,16GB
0,-7.5625,6.0625,Apple,13-inch,4GB,ASUS,14-inch,4GB
0,-20.875,6.0625,Apple,13-inch,4GB,ASUS,14-inch,8GB
0,-4.1875,6.0625,Apple,13-inch,4GB,ASUS,14-inch,16GB
0,-2.0625,5.9375,Apple,13-inch,4GB,ASUS,16-inch,4GB
0,-11.4375,6.0625,Apple,13-inch,4GB,ASUS,16-inch,8GB
0,-0.140625,4.375,Apple,13-inch,4GB,ASUS,16-inch,16GB
0,-4.6875,6.0625,Apple,13-inch,4GB,Lenovo,13-inch,4GB
0,-22.25,6.0625,Apple,13-inch,4GB,Lenovo,13-inch,8GB
0,-5.4375,6.0625,Apple,13-inch,4GB,Lenovo,13-inch,16GB
0,-5.8125,6.0625,Apple,13-inch,4GB,Lenovo,14-inch,4GB
0,-20.875,6.0625,Apple,13-inch,4GB,Lenovo,14-inch,8GB
0,-1.953125,5.90625,Apple,13-inch,4GB,Lenovo,14-inch,16GB
0,-0.4140625,5.09375,Apple,13-inch,4GB,Lenovo,16-inch,4GB
0,-11.3125,6.0625,Apple,13-inch,4GB,Lenovo,16-inch,8GB
0,-0.00927734375,3.375,Apple,13-inch,4GB,Lenovo,16-inch,16GB
0,-3.46875,6.03125,Apple,13-inch,4GB,HP,13-inch,4GB
0,-19.75,6.0625,Apple,13-inch,4GB,HP,13-inch,8GB
0,-5.1875,6.0625,Apple,13-inch,4GB,HP,13-inch,16GB
0,-5.8125,6.0625,Apple,13-inch,4GB,HP,14-inch,4GB
0,-19.875,6.0625,Apple,13-inch,4GB,HP,14-inch,8GB
0,-2.75,6.0,Apple,13-inch,4GB,HP,14-inch,16GB
0,-0.6328125,5.375,Apple,13-inch,4GB,HP,16-inch,4GB
0,-10.9375,6.0625,Apple,13-inch,4GB,HP,16-inch,8GB
0,-0.08203125,4.0625,Apple,13-inch,4GB,HP,16-inch,16GB
0,-4.1875,6.0625,Apple,13-inch,4GB,Dell,13-inch,4GB
0,-19.5,6.0625,Apple,13-inch,4GB,Dell,13-inch,8GB
0,-2.75,6.0,Apple,13-inch,4GB,Dell,13-inch,16GB
0,-6.0625,6.0625,Apple,13-inch,4GB,Dell,14-inch,4GB
0,-18.625,6.0625,Apple,13-inch,4GB,Dell,14-inch,8GB
0,-0.765625,5.5,Apple,13-inch,4GB,Dell,14-inch,16GB
0,-0.515625,5.25,Apple,13-inch,4GB,Dell,16-inch,4GB
0,-7.0625,6.0625,Apple,13-inch,4GB,Dell,16-inch,8GB
0,0.04443359375,1.90625,Apple,13-inch,4GB,Dell,16-inch,16GB
0,-11.8125,6.0625,Apple,13-inch,4GB,Apple,13-inch,8GB
0,-0.099609375,4.15625,Apple,13-inch,4GB,Apple,13-inch,16GB
0,-4.9375,6.0625,Apple,13-inch,4GB,Apple,14-inch,4GB
0,-14.1875,6.0625,Apple,13-inch,4GB,Apple,14-inch,8GB
0,0.048095703125,1.6875,Apple,13-inch,4GB,Apple,14-inch,16GB
0,-0.6328125,5.375,Apple,13-inch,4GB,Apple,16-inch,4GB
0,-0.6953125,5.4375,Apple,13-inch,4GB,Apple,16-inch,8GB
0,0.06005859375,-1.6875,Apple,13-inch,4GB,Apple,16-inch,16GB
0,-0.515625,5.25,Apple,13-inch,8GB,ASUS,13-inch,4GB
0,-2.28125,5.96875,Apple,13-inch,8GB,ASUS,13-inch,8GB
0,0.060546875,-3.9375,Apple,13-inch,8GB,ASUS,13-inch,16GB
0,-0.0185546875,3.484375,Apple,13-inch,8GB,ASUS,14-inch,4GB
0,-1.078125,5.6875,Apple,13-inch,8GB,ASUS,14-inch,8GB
0,0.060546875,-5.5625,Apple,13-inch,8GB,ASUS,14-inch,16GB
0,0.0546875,0.9375,Apple,13-inch,8GB,ASUS,16-inch,4GB
0,-0.140625,4.375,Apple,13-inch,8GB,ASUS,16-inch,8GB
0,0.060546875,-7.0625,Apple,13-inch,8GB,ASUS,16-inch,16GB
0,-1.4375,5.8125,Apple,13-inch,8GB,Lenovo,13-inch,4GB
0,-1.4375,5.8125,Apple,13-inch,8GB,Lenovo,13-inch,8GB
0,0.060546875,-3.1875,Apple,13-inch,8GB,Lenovo,13-inch,16GB
0,-0.1650390625,4.46875,Apple,13-inch,8GB,Lenovo,14-inch,4GB
0,-0.6953125,5.4375,Apple,13-inch,8GB,Lenovo,14-inch,8GB
0,0.060546875,-5.9375,Apple,13-inch,8GB,Lenovo,14-inch,16GB
0,0.049560546875,1.5625,Apple,13-inch,8GB,Lenovo,16-inch,4GB
0,-0.03955078125,3.71875,Apple,13-inch,8GB,Lenovo,16-inch,8GB
0,0.060546875,-7.3125,Apple,13-inch,8GB,Lenovo,16-inch,16GB
0,-0.8359375,5.53125,Apple,13-inch,8GB,HP,13-inch,4GB
0,-1.34375,5.78125,Apple,13-inch,8GB,HP,13-inch,8GB
0,0.060546875,-4.5625,Apple,13-inch,8GB,HP,13-inch,16GB
0,-0.19140625,4.5625,Apple,13-inch,8GB,HP,14-inch,4GB
0,-0.9921875,5.625,Apple,13-inch,8GB,HP,14-inch,8GB
0,0.060546875,-6.3125,Apple,13-inch,8GB,HP,14-inch,16GB
0,0.0400390625,2.171875,Apple,13-inch,8GB,HP,16-inch,4GB
0,-0.19140625,4.5625,Apple,13-inch,8GB,HP,16-inch,8GB
0,0.060546875,-6.8125,Apple,13-inch,8GB,HP,16-inch,16GB
0,-0.9140625,5.59375,Apple,13-inch,8GB,Dell,13-inch,4GB
0,-1.4375,5.8125,Apple,13-inch,8GB,Dell,13-inch,8GB
0,0.060546875,-6.0625,Apple,13-inch,8GB,Dell,13-inch,16GB
0,-0.08203125,4.0625,Apple,13-inch,8GB,Dell,14-inch,4GB
0,-0.462890625,5.15625,Apple,13-inch,8GB,Dell,14-inch,8GB
0,0.060546875,-7.0625,Apple,13-inch,8GB,Dell,14-inch,16GB
0,0.055908203125,0.6875,Apple,13-inch,8GB,Dell,16-inch,4GB
0,-0.06640625,3.9375,Apple,13-inch,8GB,Dell,16-inch,8GB
0,0.060546875,-7.6875,Apple,13-inch,8GB,Dell,16-inch,16GB
0,-14.1875,6.0625,Apple,13-inch,8GB,Apple,13-inch,4GB
0,0.059814453125,-1.1875,Apple,13-inch,8GB,Apple,13-inch,16GB
0,0.0224609375,2.78125,Apple,13-inch,8GB,Apple,14-inch,4GB
0,-2.625,6.0,Apple,13-inch,8GB,Apple,14-inch,8GB
0,0.060546875,-6.4375,Apple,13-inch,8GB,Apple,14-inch,16GB
0,0.0546875,0.9375,Apple,13-inch,8GB,Apple,16-inch,4GB
0,-0.6328125,5.375,Apple,13-inch,8GB,Apple,16-inch,8GB
0,0.060546875,-7.1875,Apple,13-inch,8GB,Apple,16-inch,16GB
0,-7.3125,6.0625,Apple,13-inch,16GB,ASUS,13-inch,4GB
0,0.0546875,0.9375,Apple,13-inch,16GB,ASUS,13-inch,8GB
0,-0.9140625,5.59375,Apple,13-inch,16GB,ASUS,13-inch,16GB
0,-6.1875,6.0625,Apple,13-inch,16GB,ASUS,14-inch,4GB
0,0.05859375,-0.1875,Apple,13-inch,16GB,ASUS,14-inch,8GB
0,0.0341796875,2.40625,Apple,13-inch,16GB,ASUS,14-inch,16GB
0,-0.515625,5.25,Apple,13-inch,16GB,ASUS,16-inch,4GB
0,0.059326171875,-0.5625,Apple,13-inch,16GB,ASUS,16-inch,8GB
0,-0.0185546875,3.484375,Apple,13-inch,16GB,ASUS,16-inch,16GB
0,-9.3125,6.0625,Apple,13-inch,16GB,Lenovo,13-inch,4GB
0,0.052001953125,1.3125,Apple,13-inch,16GB,Lenovo,13-inch,8GB
0,-0.326171875,4.9375,Apple,13-inch,16GB,Lenovo,13-inch,16GB
0,-9.4375,6.0625,Apple,13-inch,16GB,Lenovo,14-inch,4GB
0,0.05908203125,-0.4375,Apple,13-inch,16GB,Lenovo,14-inch,8GB
0,0.04443359375,1.90625,Apple,13-inch,16GB,Lenovo,14-inch,16GB
0,-0.6328125,5.375,Apple,13-inch,16GB,Lenovo,16-inch,4GB
0,0.0595703125,-0.9375,Apple,13-inch,16GB,Lenovo,16-inch,8GB
0,-0.00146484375,3.25,Apple,13-inch,16GB,Lenovo,16-inch,16GB
0,-8.6875,6.0625,Apple,13-inch,16GB,HP,13-inch,4GB
0,0.055908203125,0.6875,Apple,13-inch,16GB,HP,13-inch,8GB
0,-0.251953125,4.75,Apple,13-inch,16GB,HP,13-inch,16GB
0,-7.8125,6.0625,Apple,13-inch,16GB,HP,14-inch,4GB
0,0.059326171875,-0.6875,Apple,13-inch,16GB,HP,14-inch,8GB
0,0.04443359375,1.90625,Apple,13-inch,16GB,HP,14-inch,16GB
0,-1.25,5.75,Apple,13-inch,16GB,HP,16-inch,4GB
0,0.0595703125,-0.8125,Apple,13-inch,16GB,HP,16-inch,8GB
0,0.011962890625,3.015625,Apple,13-inch,16GB,HP,16-inch,16GB
0,-7.8125,6.0625,Apple,13-inch,16GB,Dell,13-inch,4GB
0,0.05517578125,0.8125,Apple,13-inch,16GB,Dell,13-inch,8GB
0,-0.140625,4.375,Apple,13-inch,16GB,Dell,13-inch,16GB
0,-5.9375,6.0625,Apple,13-inch,16GB,Dell,14-inch,4GB
0,0.0595703125,-0.8125,Apple,13-inch,16GB,Dell,14-inch,8GB
0,0.0537109375,1.0625,Apple,13-inch,16GB,Dell,14-inch,16GB
0,-0.326171875,4.9375,Apple,13-inch,16GB,Dell,16-inch,4GB
0,0.059814453125,-1.3125,Apple,13-inch,16GB,Dell,16-inch,8GB
0,0.011962890625,3.015625,Apple,13-inch,16GB,Dell,16-inch,16GB
0,-17.0,6.0625,Apple,13-inch,16GB,Apple,13-inch,4GB
0,-0.4140625,5.09375,Apple,13-inch,16GB,Apple,13-inch,8GB
0,-8.6875,6.0625,Apple,13-inch,16GB,Apple,14-inch,4GB
0,0.05908203125,-0.4375,Apple,13-inch,16GB,Apple,14-inch,8GB
0,-2.0625,5.9375,Apple,13-inch,16GB,Apple,14-inch,16GB
0,-0.140625,4.375,Apple,13-inch,16GB,Apple,16-inch,4GB
0,0.06005859375,-1.6875,Apple,13-inch,16GB,Apple,16-inch,8GB
0,-0.765625,5.5,Apple,13-inch,16GB,Apple,16-inch,16GB
0,-8.5625,6.0625,Apple,14-inch,4GB,ASUS,13-inch,4GB
0,-22.875,6.0625,Apple,14-inch,4GB,ASUS,13-inch,8GB
0,-8.4375,6.0625,Apple,14-inch,4GB,ASUS,13-inch,16GB
0,-5.9375,6.0625,Apple,14-inch,4GB,ASUS,14-inch,4GB
0,-19.25,6.0625,Apple,14-inch,4GB,ASUS,14-inch,8GB
0,-6.5625,6.0625,Apple,14-inch,4GB,ASUS,14-inch,16GB
0,-3.96875,6.03125,Apple,14-inch,4GB,ASUS,16-inch,4GB
0,-13.3125,6.0625,Apple,14-inch,4GB,ASUS,16-inch,8GB
0,-0.4140625,5.09375,Apple,14-inch,4GB,ASUS,16-inch,16GB
0,-6.4375,6.0625,Apple,14-inch,4GB,Lenovo,13-inch,4GB
0,-23.5,6.0625,Apple,14-inch,4GB,Lenovo,13-inch,8GB
0,-5.9375,6.0625,Apple,14-inch,4GB,Lenovo,13-inch,16GB
0,-6.3125,6.0625,Apple,14-inch,4GB,Lenovo,14-inch,4GB
0,-20.875,6.0625,Apple,14-inch,4GB,Lenovo,14-inch,8GB
0,-5.4375,6.0625,Apple,14-inch,4GB,Lenovo,14-inch,16GB
0,-1.25,5.75,Apple,14-inch,4GB,Lenovo,16-inch,4GB
0,-12.9375,6.0625,Apple,14-inch,4GB,Lenovo,16-inch,8GB
0,-0.08203125,4.0625,Apple,14-inch,4GB,Lenovo,16-inch,16GB
0,-6.0625,6.0625,Apple,14-inch,4GB,HP,13-inch,4GB
0,-22.5,6.0625,Apple,14-inch,4GB,HP,13-inch,8GB
0,-5.3125,6.0625,Apple,14-inch,4GB,HP,13-inch,16GB
0,-4.9375,6.0625,Apple,14-inch,4GB,HP,14-inch,4GB
0,-18.375,6.0625,Apple,14-inch,4GB,HP,14-inch,8GB
0,-5.0625,6.0625,Apple,14-inch,4GB,HP,14-inch,16GB
0,-1.8515625,5.90625,Apple,14-inch,4GB,HP,16-inch,4GB
0,-13.4375,6.0625,Apple,14-inch,4GB,HP,16-inch,8GB
0,-0.140625,4.375,Apple,14-inch,4GB,HP,16-inch,16GB
0,-6.9375,6.0625,Apple,14-inch,4GB,Dell,13-inch,4GB
0,-22.375,6.0625,Apple,14-inch,4GB,Dell,13-inch,8GB
0,-3.21875,6.03125,Apple,14-inch,4GB,Dell,13-inch,16GB
0,-5.9375,6.0625,Apple,14-inch,4GB,Dell,14-inch,4GB
0,-18.0,6.0625,Apple,14-inch,4GB,Dell,14-inch,8GB
0,-3.703125,6.03125,Apple,14-inch,4GB,Dell,14-inch,16GB
0,-1.4375,5.8125,Apple,14-inch,4GB,Dell,16-inch,4GB
0,-9.4375,6.0625,Apple,14-inch,4GB,Dell,16-inch,8GB
0,0.037353515625,2.296875,Apple,14-inch,4GB,Dell,16-inch,16GB
0,-2.875,6.0,Apple,14-inch,4GB,Apple,13-inch,4GB
0,-18.875,6.0625,Apple,14-inch,4GB,Apple,13-inch,8GB
0,-0.08203125,4.0625,Apple,14-inch,4GB,Apple,13-inch,16GB
0,-12.4375,6.0625,Apple,14-inch,4GB,Apple,14-inch,8GB
0,-0.4140625,5.09375,Apple,14-inch,4GB,Apple,14-inch,16GB
0,-1.078125,5.6875,Apple,14-inch,4GB,Apple,16-inch,4GB
0,-1.7421875,5.875,Apple,14-inch,4GB,Apple,16-inch,8GB
0,0.059326171875,-0.6875,Apple,14-inch,4GB,Apple,16-inch,16GB
0,-4.5625,6.0625,Apple,14-inch,8GB,ASUS,13-inch,4GB
0,-3.34375,6.03125,Apple,14-inch,8GB,ASUS,13-inch,8GB
0,0.059814453125,-1.1875,Apple,14-inch,8GB,ASUS,13-inch,16GB
0,-1.640625,5.875,Apple,14-inch,8GB,ASUS,14-inch,4GB
0,-2.515625,5.96875,Apple,14-inch,8GB,ASUS,14-inch,8GB
0,0.060546875,-5.5625,Apple,14-inch,8GB,ASUS,14-inch,16GB
0,0.04443359375,1.90625,Apple,14-inch,8GB,ASUS,16-inch,4GB
0,-0.765625,5.5,Apple,14-inch,8GB,ASUS,16-inch,8GB
0,0.060546875,-8.3125,Apple,14-inch,8GB,ASUS,16-inch,16GB
0,-6.1875,6.0625,Apple,14-inch,8GB,Lenovo,13-inch,4GB
0,-1.8515625,5.90625,Apple,14-inch,8GB,Lenovo,13-inch,8GB
0,0.06005859375,-1.8125,Apple,14-inch,8GB,Lenovo,13-inch,16GB
0,-3.21875,6.03125,Apple,14-inch,8GB,Lenovo,14-inch,4GB
0,-2.0625,5.9375,Apple,14-inch,8GB,Lenovo,14-inch,8GB
0,0.060546875,-5.3125,Apple,14-inch,8GB,Lenovo,14-inch,16GB
0,0.0341796875,2.40625,Apple,14-inch,8GB,Lenovo,16-inch,4GB
0,-0.326171875,4.9375,Apple,14-inch,8GB,Lenovo,16-inch,8GB
0,0.060546875,-8.5625,Apple,14-inch,8GB,Lenovo,16-inch,16GB
0,-7.6875,6.0625,Apple,14-inch,8GB,HP,13-inch,4GB
0,-2.625,6.0,Apple,14-inch,8GB,HP,13-inch,8GB
0,0.060302734375,-2.4375,Apple,14-inch,8GB,HP,13-inch,16GB
0,-2.984375,6.0,Apple,14-inch,8GB,HP,14-inch,4GB
0,-2.171875,5.9375,Apple,14-inch,8GB,HP,14-inch,8GB
0,0.060546875,-6.4375,Apple,14-inch,8GB,HP,14-inch,16GB
0,0.005615234375,3.125,Apple,14-inch,8GB,HP,16-inch,4GB
0,-0.515625,5.25,Apple,14-inch,8GB,HP,16-inch,8GB
0,0.060546875,-8.1875,Apple,14-inch,8GB,HP,16-inch,16GB
0,-6.6875,6.0625,Apple,14-inch,8GB,Dell,13-inch,4GB
0,-1.34375,5.78125,Apple,14-inch,8GB,Dell,13-inch,8GB
0,0.060302734375,-2.5625,Apple,14-inch,8GB,Dell,13-inch,16GB
0,-2.515625,5.96875,Apple,14-inch,8GB,Dell,14-inch,4GB
0,-1.8515625,5.90625,Apple,14-inch,8GB,Dell,14-inch,8GB
0,0.060546875,-7.4375,Apple,14-inch,8GB,Dell,14-inch,16GB
0,0.04443359375,1.90625,Apple,14-inch,8GB,Dell,16-inch,4GB
0,-0.251953125,4.75,Apple,14-inch,8GB,Dell,16-inch,8GB
0,0.060546875,-9.1875,Apple,14-inch,8GB,Dell,16-inch,16GB
0,-10.3125,6.0625,Apple,14-inch,8GB,Apple,13-inch,4GB
0,-9.3125,6.0625,Apple,14-inch,8GB,Apple,13-inch,8GB
0,0.060546875,-3.8125,Apple,14-inch,8GB,Apple,13-inch,16GB
0,-16.125,6.0625,Apple,14-inch,8GB,Apple,14-inch,4GB
0,0.060302734375,-2.3125,Apple,14-inch,8GB,Apple,14-inch,16GB
0,0.048095703125,1.6875,Apple,14-inch,8GB,Apple,16-inch,4GB
0,-1.078125,5.6875,Apple,14-inch,8GB,Apple,16-inch,8GB
0,0.060546875,-8.4375,Apple,14-inch,8GB,Apple,16-inch,16GB
0,-14.9375,6.0625,Apple,14-inch,16GB,ASUS,13-inch,4GB
0,0.037353515625,2.296875,Apple,14-inch,16GB,ASUS,13-inch,8GB
0,-0.0185546875,3.484375,Apple,14-inch,16GB,ASUS,13-inch,16GB
0,-9.9375,6.0625,Apple,14-inch,16GB,ASUS,14-inch,4GB
0,0.04248046875,2.03125,Apple,14-inch,16GB,ASUS,14-inch,8GB
0,-0.4140625,5.09375,Apple,14-inch,16GB,ASUS,14-inch,16GB
0,-1.8515625,5.90625,Apple,14-inch,16GB,ASUS,16-inch,4GB
0,0.056884765625,0.4375,Apple,14-inch,16GB,ASUS,16-inch,8GB
0,0.011962890625,3.015625,Apple,14-inch,16GB,ASUS,16-inch,16GB
0,-16.625,6.0625,Apple,14-inch,16GB,Lenovo,13-inch,4GB
0,0.04248046875,2.03125,Apple,14-inch,16GB,Lenovo,13-inch,8GB
0,0.017578125,2.890625,Apple,14-inch,16GB,Lenovo,13-inch,16GB
0,-12.6875,6.0625,Apple,14-inch,16GB,Lenovo,14-inch,4GB
0,0.037353515625,2.296875,Apple,14-inch,16GB,Lenovo,14-inch,8GB
0,-0.140625,4.375,Apple,14-inch,16GB,Lenovo,14-inch,16GB
0,-2.75,6.0,Apple,14-inch,16GB,Lenovo,16-inch,4GB
0,0.056884765625,0.4375,Apple,14-inch,16GB,Lenovo,16-inch,8GB
0,0.011962890625,3.015625,Apple,14-inch,16GB,Lenovo,16-inch,16GB
0,-17.5,6.0625,Apple,14-inch,16GB,HP,13-inch,4GB
0,0.04443359375,1.90625,Apple,14-inch,16GB,HP,13-inch,8GB
0,0.011962890625,3.015625,Apple,14-inch,16GB,HP,13-inch,16GB
0,-11.8125,6.0625,Apple,14-inch,16GB,HP,14-inch,4GB
0,0.04638671875,1.8125,Apple,14-inch,16GB,HP,14-inch,8GB
0,-0.099609375,4.15625,Apple,14-inch,16GB,HP,14-inch,16GB
0,-2.984375,6.0,Apple,14-inch,16GB,HP,16-inch,4GB
0,0.056884765625,0.4375,Apple,14-inch,16GB,HP,16-inch,8GB
0,0.037353515625,2.296875,Apple,14-inch,16GB,HP,16-inch,16GB
0,-16.25,6.0625,Apple,14-inch,16GB,Dell,13-inch,4GB
0,0.037353515625,2.296875,Apple,14-inch,16GB,Dell,13-inch,8GB
0,0.037353515625,2.296875,Apple,14-inch,16GB,Dell,13-inch,16GB
0,-10.8125,6.0625,Apple,14-inch,16GB,Dell,14-inch,4GB
0,0.037353515625,2.296875,Apple,14-inch,16GB,Dell,14-inch,8GB
0,-0.0185546875,3.484375,Apple,14-inch,16GB,Dell,14-inch,16GB
0,-1.5390625,5.84375,Apple,14-inch,16GB,Dell,16-inch,4GB
0,0.0576171875,0.1875,Apple,14-inch,16GB,Dell,16-inch,8GB
0,0.03076171875,2.53125,Apple,14-inch,16GB,Dell,16-inch,16GB
0,-17.25,6.0625,Apple,14-inch,16GB,Apple,13-inch,4GB
0,0.005615234375,3.125,Apple,14-inch,16GB,Apple,13-inch,8GB
0,-3.59375,6.03125,Apple,14-inch,16GB,Apple,13-inch,16GB
0,-17.375,6.0625,Apple,14-inch,16GB,Apple,14-inch,4GB
0,-0.6953125,5.4375,Apple,14-inch,16GB,Apple,14-inch,8GB
0,-0.326171875,4.9375,Apple,14-inch,16GB,Apple,16-inch,4GB
0,0.059326171875,-0.5625,Apple,14-inch,16GB,Apple,16-inch,8GB
0,-0.4140625,5.09375,Apple,14-inch,16GB,Apple,16-inch,16GB
0,-15.9375,6.0625,Apple,16-inch,4GB,ASUS,13-inch,4GB
0,-22.5,6.0625,Apple,16-inch,4GB,ASUS,13-inch,8GB
0,-11.9375,6.0625,Apple,16-inch,4GB,ASUS,13-inch,16GB
0,-15.4375,6.0625,Apple,16-inch,4GB,ASUS,14-inch,4GB
0,-21.625,6.0625,Apple,16-inch,4GB,ASUS,14-inch,8GB
0,-12.0625,6.0625,Apple,16-inch,4GB,ASUS,14-inch,16GB
0,-8.6875,6.0625,Apple,16-inch,4GB,ASUS,16-inch,4GB
0,-21.25,6.0625,Apple,16-inch,4GB,ASUS,16-inch,8GB
0,-15.6875,6.0625,Apple,16-inch,4GB,ASUS,16-inch,16GB
0,-14.5625,6.0625,Apple,16-inch,4GB,Lenovo,13-inch,4GB
0,-22.375,6.0625,Apple,16-inch,4GB,Lenovo,13-inch,8GB
0,-12.5625,6.0625,Apple,16-inch,4GB,Lenovo,13-inch,16GB
0,-14.3125,6.0625,Apple,16-inch,4GB,Lenovo,14-inch,4GB
0,-21.625,6.0625,Apple,16-inch,4GB,Lenovo,14-inch,8GB
0,-11.4375,6.0625,Apple,16-inch,4GB,Lenovo,14-inch,16GB
0,-8.1875,6.0625,Apple,16-inch,4GB,Lenovo,16-inch,4GB
0,-22.25,6.0625,Apple,16-inch,4GB,Lenovo,16-inch,8GB
0,-15.9375,6.0625,Apple,16-inch,4GB,Lenovo,16-inch,16GB
0,-14.6875,6.0625,Apple,16-inch,4GB,HP,13-inch,4GB
0,-22.0,6.0625,Apple,16-inch,4GB,HP,13-inch,8GB
0,-10.8125,6.0625,Apple,16-inch,4GB,HP,13-inch,16GB
0,-14.1875,6.0625,Apple,16-inch,4GB,HP,14-inch,4GB
0,-20.625,6.0625,Apple,16-inch,4GB,HP,14-inch,8GB
0,-10.3125,6.0625,Apple,16-inch,4GB,HP,14-inch,16GB
0,-7.1875,6.0625,Apple,16-inch,4GB,HP,16-inch,4GB
0,-20.625,6.0625,Apple,16-inch,4GB,HP,16-inch,8GB
0,-14.3125,6.0625,Apple,16-inch,4GB,HP,16-inch,16GB
0,-14.6875,6.0625,Apple,16-inch,4GB,Dell,13-inch,4GB
0,-21.875,6.0625,Apple,16-inch,4GB,Dell,13-inch,8GB
0,-8.5625,6.0625,Apple,16-inch,4GB,Dell,13-inch,16GB
0,-14.6875,6.0625,Apple,16-inch,4GB,Dell,14-inch,4GB
0,-20.875,6.0625,Apple,16-inch,4GB,Dell,14-inch,8GB
0,-8.5625,6.0625,Apple,16-inch,4GB,Dell,14-inch,16GB
0,-8.4375,6.0625,Apple,16-inch,4GB,Dell,16-inch,4GB
0,-19.5,6.0625,Apple,16-inch,4GB,Dell,16-inch,8GB
0,-11.4375,6.0625,Apple,16-inch,4GB,Dell,16-inch,16GB
0,-13.9375,6.0625,Apple,16-inch,4GB,Apple,13-inch,4GB
0,-19.125,6.0625,Apple,16-inch,4GB,Apple,13-inch,8GB
0,-8.9375,6.0625,Apple,16-inch,4GB,Apple,13-inch,16GB
0,-13.5625,6.0625,Apple,16-inch,4GB,Apple,14-inch,4GB
0,-17.5,6.0625,Apple,16-inch,4GB,Apple,14-inch,8GB
0,-7.5625,6.0625,Apple,16-inch,4GB,Apple,14-inch,16GB
0,-18.75,6.0625,Apple,16-inch,4GB,Apple,16-inch,8GB
0,-15.6875,6.0625,Apple,16-inch,4GB,Apple,16-inch,16GB
0,-4.4375,6.0625,Apple,16-inch,8GB,ASUS,13-inch,4GB
0,-4.6875,6.0625,Apple,16-inch,8GB,ASUS,13-inch,8GB
0,-0.4140625,5.09375,Apple,16-inch,8GB,ASUS,13-inch,16GB
0,-4.4375,6.0625,Apple,16-inch,8GB,ASUS,14-inch,4GB
0,-4.8125,6.0625,Apple,16-inch,8GB,ASUS,14-inch,8GB
0,-0.140625,4.375,Apple,16-inch,8GB,ASUS,14-inch,16GB
0,-1.4375,5.8125,Apple,16-inch,8GB,ASUS,16-inch,4GB
0,-3.96875,6.03125,Apple,16-inch,8GB,ASUS,16-inch,8GB
0,0.06005859375,-1.5625,Apple,16-inch,8GB,ASUS,16-inch,16GB
0,-7.4375,6.0625,Apple,16-inch,8GB,Lenovo,13-inch,4GB
0,-3.59375,6.03125,Apple,16-inch,8GB,Lenovo,13-inch,8GB
0,-0.515625,5.25,Apple,16-inch,8GB,Lenovo,13-inch,16GB
0,-6.9375,6.0625,Apple,16-inch,8GB,Lenovo,14-inch,4GB
0,-3.96875,6.03125,Apple,16-inch,8GB,Lenovo,14-inch,8GB
0,-0.140625,4.375,Apple,16-inch,8GB,Lenovo,14-inch,16GB
0,-2.515625,5.96875,Apple,16-inch,8GB,Lenovo,16-inch,4GB
0,-3.109375,6.03125,Apple,16-inch,8GB,Lenovo,16-inch,8GB
0,0.0595703125,-0.8125,Apple,16-inch,8GB,Lenovo,16-inch,16GB
0,-8.3125,6.0625,Apple,16-inch,8GB,HP,13-inch,4GB
0,-4.9375,6.0625,Apple,16-inch,8GB,HP,13-inch,8GB
0,-0.6953125,5.4375,Apple,16-inch,8GB,HP,13-inch,16GB
0,-7.5625,6.0625,Apple,16-inch,8GB,HP,14-inch,4GB
0,-4.9375,6.0625,Apple,16-inch,8GB,HP,14-inch,8GB
0,-0.19140625,4.5625,Apple,16-inch,8GB,HP,14-inch,16GB
0,-2.625,6.0,Apple,16-inch,8GB,HP,16-inch,4GB
0,-3.46875,6.03125,Apple,16-inch,8GB,HP,16-inch,8GB
0,0.06005859375,-1.4375,Apple,16-inch,8GB,HP,16-inch,16GB
0,-7.6875,6.0625,Apple,16-inch,8GB,Dell,13-inch,4GB
0,-3.46875,6.03125,Apple,16-inch,8GB,Dell,13-inch,8GB
0,-0.19140625,4.5625,Apple,16-inch,8GB,Dell,13-inch,16GB
0,-7.1875,6.0625,Apple,16-inch,8GB,Dell,14-inch,4GB
0,-3.46875,6.03125,Apple,16-inch,8GB,Dell,14-inch,8GB
0,-0.0283203125,3.59375,Apple,16-inch,8GB,Dell,14-inch,16GB
0,-2.40625,5.96875,Apple,16-inch,8GB,Dell,16-inch,4GB
0,-3.828125,6.03125,Apple,16-inch,8GB,Dell,16-inch,8GB
0,0.060546875,-3.0625,Apple,16-inch,8GB,Dell,16-inch,16GB
0,-11.0625,6.0625,Apple,16-inch,8GB,Apple,13-inch,4GB
0,-11.5625,6.0625,Apple,16-inch,8GB,Apple,13-inch,8GB
0,-1.25,5.75,Apple,16-inch,8GB,Apple,13-inch,16GB
0,-11.4375,6.0625,Apple,16-inch,8GB,Apple,14-inch,4GB
0,-10.5625,6.0625,Apple,16-inch,8GB,Apple,14-inch,8GB
0,-1.34375,5.78125,Apple,16-inch,8GB,Apple,14-inch,16GB
0,-17.625,6.0625,Apple,16-inch,8GB,Apple,16-inch,4GB
0,-1.25,5.75,Apple,16-inch,8GB,Apple,16-inch,16GB
0,-14.3125,6.0625,Apple,16-inch,16GB,ASUS,13-inch,4GB
0,-0.119140625,4.25,Apple,16-inch,16GB,ASUS,13-inch,8GB
0,-0.326171875,4.9375,Apple,16-inch,16GB,ASUS,13-inch,16GB
0,-13.8125,6.0625,Apple,16-inch,16GB,ASUS,14-inch,4GB
0,-0.1650390625,4.46875,Apple,16-inch,16GB,ASUS,14-inch,8GB
0,-0.220703125,4.65625,Apple,16-inch,16GB,ASUS,14-inch,16GB
0,-11.4375,6.0625,Apple,16-inch,16GB,ASUS,16-inch,4GB
0,-0.251953125,4.75,Apple,16-inch,16GB,ASUS,16-inch,8GB
0,-2.0625,5.9375,Apple,16-inch,16GB,ASUS,16-inch,16GB
0,-14.9375,6.0625,Apple,16-inch,16GB,Lenovo,13-inch,4GB
0,-0.1650390625,4.46875,Apple,16-inch,16GB,Lenovo,13-inch,8GB
0,-0.287109375,4.84375,Apple,16-inch,16GB,Lenovo,13-inch,16GB
0,-14.6875,6.0625,Apple,16-inch,16GB,Lenovo,14-inch,4GB
0,-0.140625,4.375,Apple,16-inch,16GB,Lenovo,14-inch,8GB
0,-0.19140625,4.5625,Apple,16-inch,16GB,Lenovo,14-inch,16GB
0,-12.3125,6.0625,Apple,16-inch,16GB,Lenovo,16-inch,4GB
0,-0.326171875,4.9375,Apple,16-inch,16GB,Lenovo,16-inch,8GB
0,-1.078125,5.6875,Apple,16-inch,16GB,Lenovo,16-inch,16GB
0,-15.4375,6.0625,Apple,16-inch,16GB,HP,13-inch,4GB
0,-0.08203125,4.0625,Apple,16-inch,16GB,HP,13-inch,8GB
0,-0.3671875,5.0,Apple,16-inch,16GB,HP,13-inch,16GB
0,-15.6875,6.0625,Apple,16-inch,16GB,HP,14-inch,4GB
0,-0.099609375,4.15625,Apple,16-inch,16GB,HP,14-inch,8GB
0,-0.251953125,4.75,Apple,16-inch,16GB,HP,14-inch,16GB
0,-12.6875,6.0625,Apple,16-inch,16GB,HP,16-inch,4GB
0,-0.19140625,4.5625,Apple,16-inch,16GB,HP,16-inch,8GB
0,-0.765625,5.5,Apple,16-inch,16GB,HP,16-inch,16GB
0,-15.1875,6.0625,Apple,16-inch,16GB,Dell,13-inch,4GB
0,-0.19140625,4.5625,Apple,16-inch,16GB,Dell,13-inch,8GB
0,-0.220703125,4.65625,Apple,16-inch,16GB,Dell,13-inch,16GB
0,-15.0625,6.0625,Apple,16-inch,16GB,Dell,14-inch,4GB
0,-0.1650390625,4.46875,Apple,16-inch,16GB,Dell,14-inch,8GB
0,-0.19140625,4.5625,Apple,16-inch,16GB,Dell,14-inch,16GB
0,-11.8125,6.0625,Apple,16-inch,16GB,Dell,16-inch,4GB
0,-0.251953125,4.75,Apple,16-inch,16GB,Dell,16-inch,8GB
0,-0.6328125,5.375,Apple,16-inch,16GB,Dell,16-inch,16GB
0,-18.75,6.0625,Apple,16-inch,16GB,Apple,13-inch,4GB
0,-0.462890625,5.15625,Apple,16-inch,16GB,Apple,13-inch,8GB
0,-6.1875,6.0625,Apple,16-inch,16GB,Apple,13-inch,16GB
0,-19.0,6.0625,Apple,16-inch,16GB,Apple,14-inch,4GB
0,-0.462890625,5.15625,Apple,16-inch,16GB,Apple,14-inch,8GB
0,-5.6875,6.0625,Apple,16-inch,16GB,Apple,14-inch,16GB
0,-16.5,6.0625,Apple,16-inch,16GB,Apple,16-inch,4GB
0,-0.6953125,5.4375,Apple,16-inch,16GB,Apple,16-inch,8GB
1,-21.25,6.0625,ASUS,13-inch,4GB,ASUS,13-inch,8GB
1,-0.9140625,5.59375,ASUS,13-inch,4GB,ASUS,13-inch,16GB
1,-0.765625,5.5,ASUS,13-inch,4GB,ASUS,14-inch,4GB
1,-16.5,6.0625,ASUS,13-inch,4GB,ASUS,14-inch,8GB
1,0.052001953125,1.3125,ASUS,13-inch,4GB,ASUS,14-inch,16GB
1,-0.140625,4.375,ASUS,13-inch,4GB,ASUS,16-inch,4GB
1,-2.28125,5.96875,ASUS,13-inch,4GB,ASUS,16-inch,8GB
1,0.060546875,-3.8125,ASUS,13-inch,4GB,ASUS,16-inch,16GB
1,-0.119140625,4.25,ASUS,13-inch,4GB,Lenovo,13-inch,4GB
1,-17.875,6.0625,ASUS,13-inch,4GB,Lenovo,13-inch,8GB
1,-0.765625,5.5,ASUS,13-inch,4GB,Lenovo,13-inch,16GB
1,-0.515625,5.25,ASUS,13-inch,4GB,Lenovo,14-inch,4GB
1,-16.875,6.0625,ASUS,13-inch,4GB,Lenovo,14-inch,8GB
1,-0.03955078125,3.71875,ASUS,13-inch,4GB,Lenovo,14-inch,16GB
1,0.04638671875,1.8125,ASUS,13-inch,4GB,Lenovo,16-inch,4GB
1,-2.625,6.0,ASUS,13-inch,4GB,Lenovo,16-inch,8GB
1,0.060302734375,-2.3125,ASUS,13-inch,4GB,Lenovo,16-inch,16GB
1,-0.03955078125,3.71875,ASUS,13-inch,4GB,HP,13-inch,4GB
1,-17.75,6.0625,ASUS,13-inch,4GB,HP,13-inch,8GB
1,-1.25,5.75,ASUS,13-inch,4GB,HP,13-inch,16GB
1,-0.515625,5.25,ASUS,13-inch,4GB,HP,14-inch,4GB
1,-16.125,6.0625,ASUS,13-inch,4GB,HP,14-inch,8GB
1,-0.251953125,4.75,ASUS,13-inch,4GB,HP,14-inch,16GB
1,0.037353515625,2.296875,ASUS,13-inch,4GB,HP,16-inch,4GB
1,-2.0625,5.9375,ASUS,13-inch,4GB,HP,16-inch,8GB
1,0.06005859375,-1.8125,ASUS,13-inch,4GB,HP,16-inch,16GB
1,-0.251953125,4.75,ASUS,13-inch,4GB,Dell,13-inch,4GB
1,-15.9375,6.0625,ASUS,13-inch,4GB,Dell,13-inch,8GB
1,-0.287109375,4.84375,ASUS,13-inch,4GB,Dell,13-inch,16GB
1,-0.6328125,5.375,ASUS,13-inch,4GB,Dell,14-inch,4GB
1,-15.1875,6.0625,ASUS,13-inch,4GB,Dell,14-inch,8GB
1,-0.0185546875,3.484375,ASUS,13-inch,4GB,Dell,14-inch,16GB
1,0.0224609375,2.78125,ASUS,13-inch,4GB,Dell,16-inch,4GB
1,-0.515625,5.25,ASUS,13-inch,4GB,Dell,16-inch,8GB
1,0.060546875,-4.1875,ASUS,13-inch,4GB,Dell,16-inch,16GB
1,-1.8515625,5.90625,ASUS,13-inch,4GB,Apple,13-inch,4GB
1,-18.625,6.0625,ASUS,13-inch,4GB,Apple,13-inch,8GB
1,-9.4375,6.0625,ASUS,13-inch,4GB,Apple,13-inch,16GB
1,0.055908203125,0.6875,ASUS,13-inch,4GB,Apple,14-inch,4GB
1,-15.3125,6.0625,ASUS,13-inch,4GB,Apple,14-inch,8GB
1,-5.1875,6.0625,ASUS,13-inch,4GB,Apple,14-inch,16GB
1,0.059814453125,-1.0625,ASUS,13-inch,4GB,Apple,16-inch,4GB
1,-3.34375,6.03125,ASUS,13-inch,4GB,Apple,16-inch,8GB
1,-0.0283203125,3.59375,ASUS,13-inch,4GB,Apple,16-inch,16GB
1,-5.9375,6.0625,ASUS,13-inch,8GB,ASUS,13-inch,4GB
1,0.05810546875,0.0625,ASUS,13-inch,8GB,ASUS,13-inch,16GB
1,0.04443359375,1.90625,ASUS,13-inch,8GB,ASUS,14-inch,4GB
1,-0.765625,5.5,ASUS,13-inch,8GB,ASUS,14-inch,8GB
1,0.060546875,-4.9375,ASUS,13-inch,8GB,ASUS,14-inch,16GB
1,0.0537109375,1.0625,ASUS,13-inch,8GB,ASUS,16-inch,4GB
1,-0.326171875,4.9375,ASUS,13-inch,8GB,ASUS,16-inch,8GB
1,0.060546875,-6.4375,ASUS,13-inch,8GB,ASUS,16-inch,16GB
1,0.0576171875,0.1875,ASUS,13-inch,8GB,Lenovo,13-inch,4GB
1,-0.0283203125,3.59375,ASUS,13-inch,8GB,Lenovo,13-inch,8GB
1,0.060546875,-4.1875,ASUS,13-inch,8GB,Lenovo,13-inch,16GB
1,-0.220703125,4.65625,ASUS,13-inch,8GB,Lenovo,14-inch,4GB
1,-0.6953125,5.4375,ASUS,13-inch,8GB,Lenovo,14-inch,8GB
1,0.060546875,-5.3125,ASUS,13-inch,8GB,Lenovo,14-inch,16GB
1,0.0341796875,2.40625,ASUS,13-inch,8GB,Lenovo,16-inch,4GB
1,0.017578125,2.890625,ASUS,13-inch,8GB,Lenovo,16-inch,8GB
1,0.060546875,-6.4375,ASUS,13-inch,8GB,Lenovo,16-inch,16GB
1,0.059326171875,-0.6875,ASUS,13-inch,8GB,HP,13-inch,4GB
1,-0.00146484375,3.25,ASUS,13-inch,8GB,HP,13-inch,8GB
1,0.060546875,-4.9375,ASUS,13-inch,8GB,HP,13-inch,16GB
1,-0.119140625,4.25,ASUS,13-inch,8GB,HP,14-inch,4GB
1,-0.8359375,5.53125,ASUS,13-inch,8GB,HP,14-inch,8GB
1,0.060546875,-5.0625,ASUS,13-inch,8GB,HP,14-inch,16GB
1,0.0341796875,2.40625,ASUS,13-inch,8GB,HP,16-inch,4GB
1,-0.06640625,3.9375,ASUS,13-inch,8GB,HP,16-inch,8GB
1,0.060546875,-6.1875,ASUS,13-inch,8GB,HP,16-inch,16GB
1,0.060302734375,-2.5625,ASUS,13-inch,8GB,Dell,13-inch,4GB
1,-0.099609375,4.15625,ASUS,13-inch,8GB,Dell,13-inch,8GB
1,0.060546875,-6.4375,ASUS,13-inch,8GB,Dell,13-inch,16GB
1,-0.0283203125,3.59375,ASUS,13-inch,8GB,Dell,14-inch,4GB
1,-0.4140625,5.09375,ASUS,13-inch,8GB,Dell,14-inch,8GB
1,0.060546875,-6.1875,ASUS,13-inch,8GB,Dell,14-inch,16GB
1,0.04248046875,2.03125,ASUS,13-inch,8GB,Dell,16-inch,4GB
1,-0.00927734375,3.375,ASUS,13-inch,8GB,Dell,16-inch,8GB
1,0.060546875,-7.1875,ASUS,13-inch,8GB,Dell,16-inch,16GB
1,0.06005859375,-1.6875,ASUS,13-inch,8GB,Apple,13-inch,4GB
1,-0.251953125,4.75,ASUS,13-inch,8GB,Apple,13-inch,8GB
1,0.05810546875,0.0625,ASUS,13-inch,8GB,Apple,13-inch,16GB
1,0.052978515625,1.1875,ASUS,13-inch,8GB,Apple,14-inch,4GB
1,0.05078125,1.4375,ASUS,13-inch,8GB,Apple,14-inch,8GB
1,0.060302734375,-2.0625,ASUS,13-inch,8GB,Apple,14-inch,16GB
1,0.0576171875,0.1875,ASUS,13-inch,8GB,Apple,16-inch,4GB
1,0.055419921875,0.8125,ASUS,13-inch,8GB,Apple,16-inch,8GB
1,0.060546875,-4.9375,ASUS,13-inch,8GB,Apple,16-inch,16GB
1,-16.25,6.0625,ASUS,13-inch,16GB,ASUS,13-inch,4GB
1,-2.984375,6.0,ASUS,13-inch,16GB,ASUS,13-inch,8GB
1,-14.0625,6.0625,ASUS,13-inch,16GB,ASUS,14-inch,4GB
1,0.017578125,2.890625,ASUS,13-inch,16GB,ASUS,14-inch,8GB
1,-0.9921875,5.625,ASUS,13-inch,16GB,ASUS,14-inch,16GB
1,-0.287109375,4.84375,ASUS,13-inch,16GB,ASUS,16-inch,4GB
1,0.05078125,1.4375,ASUS,13-inch,16GB,ASUS,16-inch,8GB
1,-0.00927734375,3.375,ASUS,13-inch,16GB,ASUS,16-inch,16GB
1,-6.4375,6.0625,ASUS,13-inch,16GB,Lenovo,13-inch,4GB
1,0.05078125,1.4375,ASUS,13-inch,16GB,Lenovo,13-inch,8GB
1,0.05908203125,-0.4375,ASUS,13-inch,16GB,Lenovo,13-inch,16GB
1,-12.3125,6.0625,ASUS,13-inch,16GB,Lenovo,14-inch,4GB
1,0.0546875,0.9375,ASUS,13-inch,16GB,Lenovo,14-inch,8GB
1,0.048095703125,1.6875,ASUS,13-inch,16GB,Lenovo,14-inch,16GB
1,-1.5390625,5.84375,ASUS,13-inch,16GB,Lenovo,16-inch,4GB
1,0.056884765625,0.4375,ASUS,13-inch,16GB,Lenovo,16-inch,8GB
1,0.057373046875,0.3125,ASUS,13-inch,16GB,Lenovo,16-inch,16GB
1,-7.0625,6.0625,ASUS,13-inch,16GB,HP,13-inch,4GB
1,0.0400390625,2.171875,ASUS,13-inch,16GB,HP,13-inch,8GB
1,0.059326171875,-0.5625,ASUS,13-inch,16GB,HP,13-inch,16GB
1,-10.9375,6.0625,ASUS,13-inch,16GB,HP,14-inch,4GB
1,0.05078125,1.4375,ASUS,13-inch,16GB,HP,14-inch,8GB
1,0.055908203125,0.6875,ASUS,13-inch,16GB,HP,14-inch,16GB
1,-1.078125,5.6875,ASUS,13-inch,16GB,HP,16-inch,4GB
1,0.056884765625,0.4375,ASUS,13-inch,16GB,HP,16-inch,8GB
1,0.056884765625,0.4375,ASUS,13-inch,16GB,HP,16-inch,16GB
1,-3.109375,6.03125,ASUS,13-inch,16GB,Dell,13-inch,4GB
1,0.0400390625,2.171875,ASUS,13-inch,16GB,Dell,13-inch,8GB
1,0.0576171875,0.1875,ASUS,13-inch,16GB,Dell,13-inch,16GB
1,-9.1875,6.0625,ASUS,13-inch,16GB,Dell,14-inch,4GB
1,0.048095703125,1.6875,ASUS,13-inch,16GB,Dell,14-inch,8GB
1,0.05517578125,0.8125,ASUS,13-inch,16GB,Dell,14-inch,16GB
1,-0.6328125,5.375,ASUS,13-inch,16GB,Dell,16-inch,4GB
1,0.056884765625,0.4375,ASUS,13-inch,16GB,Dell,16-inch,8GB
1,0.057373046875,0.3125,ASUS,13-inch,16GB,Dell,16-inch,16GB
1,0.037353515625,2.296875,ASUS,13-inch,16GB,Apple,13-inch,4GB
1,0.0341796875,2.40625,ASUS,13-inch,16GB,Apple,13-inch,8GB
1,-0.08203125,4.0625,ASUS,13-inch,16GB,Apple,13-inch,16GB
1,-0.220703125,4.65625,ASUS,13-inch,16GB,Apple,14-inch,4GB
1,0.049560546875,1.5625,ASUS,13-inch,16GB,Apple,14-inch,8GB
1,0.052978515625,1.1875,ASUS,13-inch,16GB,Apple,14-inch,16GB
1,0.049560546875,1.5625,ASUS,13-inch,16GB,Apple,16-inch,4GB
1,0.056884765625,0.4375,ASUS,13-inch,16GB,Apple,16-inch,8GB
1,0.048095703125,1.6875,ASUS,13-inch,16GB,Apple,16-inch,16GB
1,-0.9140625,5.59375,ASUS,14-inch,4GB,ASUS,13-inch,4GB
1,-19.875,6.0625,ASUS,14-inch,4GB,ASUS,13-inch,8GB
1,-0.251953125,4.75,ASUS,14-inch,4GB,ASUS,13-inch,16GB
1,-19.875,6.0625,ASUS,14-inch,4GB,ASUS,14-inch,8GB
1,-1.7421875,5.875,ASUS,14-inch,4GB,ASUS,14-inch,16GB
1,-0.326171875,4.9375,ASUS,14-inch,4GB,ASUS,16-inch,4GB
1,-5.4375,6.0625,ASUS,14-inch,4GB,ASUS,16-inch,8GB
1,0.060302734375,-2.8125,ASUS,14-inch,4GB,ASUS,16-inch,16GB
1,-0.9140625,5.59375,ASUS,14-inch,4GB,Lenovo,13-inch,4GB
1,-20.875,6.0625,ASUS,14-inch,4GB,Lenovo,13-inch,8GB
1,-0.4140625,5.09375,ASUS,14-inch,4GB,Lenovo,13-inch,16GB
1,-0.326171875,4.9375,ASUS,14-inch,4GB,Lenovo,14-inch,4GB
1,-16.375,6.0625,ASUS,14-inch,4GB,Lenovo,14-inch,8GB
1,-0.6953125,5.4375,ASUS,14-inch,4GB,Lenovo,14-inch,16GB
1,0.011962890625,3.015625,ASUS,14-inch,4GB,Lenovo,16-inch,4GB
1,-4.09375,6.03125,ASUS,14-inch,4GB,Lenovo,16-inch,8GB
1,0.060302734375,-2.1875,ASUS,14-inch,4GB,Lenovo,16-inch,16GB
1,-0.6953125,5.4375,ASUS,14-inch,4GB,HP,13-inch,4GB
1,-20.25,6.0625,ASUS,14-inch,4GB,HP,13-inch,8GB
1,-0.6328125,5.375,ASUS,14-inch,4GB,HP,13-inch,16GB
1,-0.220703125,4.65625,ASUS,14-inch,4GB,HP,14-inch,4GB
1,-16.5,6.0625,ASUS,14-inch,4GB,HP,14-inch,8GB
1,-1.4375,5.8125,ASUS,14-inch,4GB,HP,14-inch,16GB
1,-0.03955078125,3.71875,ASUS,14-inch,4GB,HP,16-inch,4GB
1,-4.8125,6.0625,ASUS,14-inch,4GB,HP,16-inch,8GB
1,0.06005859375,-1.6875,ASUS,14-inch,4GB,HP,16-inch,16GB
1,-1.1640625,5.71875,ASUS,14-inch,4GB,Dell,13-inch,4GB
1,-20.125,6.0625,ASUS,14-inch,4GB,Dell,13-inch,8GB
1,-0.251953125,4.75,ASUS,14-inch,4GB,Dell,13-inch,16GB
1,-0.6328125,5.375,ASUS,14-inch,4GB,Dell,14-inch,4GB
1,-14.8125,6.0625,ASUS,14-inch,4GB,Dell,14-inch,8GB
1,-0.515625,5.25,ASUS,14-inch,4GB,Dell,14-inch,16GB
1,-0.06640625,3.9375,ASUS,14-inch,4GB,Dell,16-inch,4GB
1,-1.953125,5.90625,ASUS,14-inch,4GB,Dell,16-inch,8GB
1,0.060546875,-4.5625,ASUS,14-inch,4GB,Dell,16-inch,16GB
1,-1.5390625,5.84375,ASUS,14-inch,4GB,Apple,13-inch,4GB
1,-20.0,6.0625,ASUS,14-inch,4GB,Apple,13-inch,8GB
1,-11.6875,6.0625,ASUS,14-inch,4GB,Apple,13-inch,16GB
1,-2.984375,6.0,ASUS,14-inch,4GB,Apple,14-inch,4GB
1,-18.75,6.0625,ASUS,14-inch,4GB,Apple,14-inch,8GB
1,-11.4375,6.0625,ASUS,14-inch,4GB,Apple,14-inch,16GB
1,0.059326171875,-0.5625,ASUS,14-inch,4GB,Apple,16-inch,4GB
1,-7.0625,6.0625,ASUS,14-inch,4GB,Apple,16-inch,8GB
1,-0.515625,5.25,ASUS,14-inch,4GB,Apple,16-inch,16GB
1,-12.3125,6.0625,ASUS,14-inch,8GB,ASUS,13-inch,4GB
1,-5.6875,6.0625,ASUS,14-inch,8GB,ASUS,13-inch,8GB
1,0.05810546875,0.0625,ASUS,14-inch,8GB,ASUS,13-inch,16GB
1,-10.1875,6.0625,ASUS,14-inch,8GB,ASUS,14-inch,4GB
1,0.059814453125,-1.1875,ASUS,14-inch,8GB,ASUS,14-inch,16GB
1,0.04248046875,2.03125,ASUS,14-inch,8GB,ASUS,16-inch,4GB
1,-0.251953125,4.75,ASUS,14-inch,8GB,ASUS,16-inch,8GB
1,0.060546875,-7.3125,ASUS,14-inch,8GB,ASUS,16-inch,16GB
1,-8.4375,6.0625,ASUS,14-inch,8GB,Lenovo,13-inch,4GB
1,-2.0625,5.9375,ASUS,14-inch,8GB,Lenovo,13-inch,8GB
1,0.060302734375,-2.6875,ASUS,14-inch,8GB,Lenovo,13-inch,16GB
1,-0.5703125,5.3125,ASUS,14-inch,8GB,Lenovo,14-inch,4GB
1,-0.099609375,4.15625,ASUS,14-inch,8GB,Lenovo,14-inch,8GB
1,0.060546875,-6.9375,ASUS,14-inch,8GB,Lenovo,14-inch,16GB
1,-0.03955078125,3.71875,ASUS,14-inch,8GB,Lenovo,16-inch,4GB
1,0.0224609375,2.78125,ASUS,14-inch,8GB,Lenovo,16-inch,8GB
1,0.060546875,-7.9375,ASUS,14-inch,8GB,Lenovo,16-inch,16GB
1,-8.9375,6.0625,ASUS,14-inch,8GB,HP,13-inch,4GB
1,-1.640625,5.875,ASUS,14-inch,8GB,HP,13-inch,8GB
1,0.060302734375,-2.3125,ASUS,14-inch,8GB,HP,13-inch,16GB
1,-0.287109375,4.84375,ASUS,14-inch,8GB,HP,14-inch,4GB
1,-0.119140625,4.25,ASUS,14-inch,8GB,HP,14-inch,8GB
1,0.060546875,-7.4375,ASUS,14-inch,8GB,HP,14-inch,16GB
1,0.005615234375,3.125,ASUS,14-inch,8GB,HP,16-inch,4GB
1,-0.05224609375,3.828125,ASUS,14-inch,8GB,HP,16-inch,8GB
1,0.060546875,-7.3125,ASUS,14-inch,8GB,HP,16-inch,16GB
1,-8.9375,6.0625,ASUS,14-inch,8GB,Dell,13-inch,4GB
1,-1.25,5.75,ASUS,14-inch,8GB,Dell,13-inch,8GB
1,0.060546875,-3.0625,ASUS,14-inch,8GB,Dell,13-inch,16GB
1,0.011962890625,3.015625,ASUS,14-inch,8GB,Dell,14-inch,4GB
1,-0.140625,4.375,ASUS,14-inch,8GB,Dell,14-inch,8GB
1,0.060546875,-8.1875,ASUS,14-inch,8GB,Dell,14-inch,16GB
1,0.03076171875,2.53125,ASUS,14-inch,8GB,Dell,16-inch,4GB
1,0.011962890625,3.015625,ASUS,14-inch,8GB,Dell,16-inch,8GB
1,0.060546875,-8.6875,ASUS,14-inch,8GB,Dell,16-inch,16GB
1,-1.078125,5.6875,ASUS,14-inch,8GB,Apple,13-inch,4GB
1,-0.140625,4.375,ASUS,14-inch,8GB,Apple,13-inch,8GB
1,0.058349609375,-0.0625,ASUS,14-inch,8GB,Apple,13-inch,16GB
1,0.0546875,0.9375,ASUS,14-inch,8GB,Apple,14-inch,4GB
1,-0.1650390625,4.46875,ASUS,14-inch,8GB,Apple,14-inch,8GB
1,0.060546875,-3.4375,ASUS,14-inch,8GB,Apple,14-inch,16GB
1,0.056396484375,0.5625,ASUS,14-inch,8GB,Apple,16-inch,4GB
1,0.055419921875,0.8125,ASUS,14-inch,8GB,Apple,16-inch,8GB
1,0.060546875,-6.3125,ASUS,14-inch,8GB,Apple,16-inch,16GB
1,-19.125,6.0625,ASUS,14-inch,16GB,ASUS,13-inch,4GB
1,-0.765625,5.5,ASUS,14-inch,16GB,ASUS,13-inch,8GB
1,-1.953125,5.90625,ASUS,14-inch,16GB,ASUS,13-inch,16GB
1,-15.9375,6.0625,ASUS,14-inch,16GB,ASUS,14-inch,4GB
1,-2.40625,5.96875,ASUS,14-inch,16GB,ASUS,14-inch,8GB
1,-0.3671875,5.0,ASUS,14-inch,16GB,ASUS,16-inch,4GB
1,0.048095703125,1.6875,ASUS,14-inch,16GB,ASUS,16-inch,8GB
1,0.02685546875,2.65625,ASUS,14-inch,16GB,ASUS,16-inch,16GB
1,-18.875,6.0625,ASUS,14-inch,16GB,Lenovo,13-inch,4GB
1,-0.05224609375,3.828125,ASUS,14-inch,16GB,Lenovo,13-inch,8GB
1,0.037353515625,2.296875,ASUS,14-inch,16GB,Lenovo,13-inch,16GB
1,-10.6875,6.0625,ASUS,14-inch,16GB,Lenovo,14-inch,4GB
1,0.048095703125,1.6875,ASUS,14-inch,16GB,Lenovo,14-inch,8GB
1,0.060302734375,-2.4375,ASUS,14-inch,16GB,Lenovo,14-inch,16GB
1,-3.59375,6.03125,ASUS,14-inch,16GB,Lenovo,16-inch,4GB
1,0.055908203125,0.6875,ASUS,14-inch,16GB,Lenovo,16-inch,8GB
1,0.060302734375,-1.9375,ASUS,14-inch,16GB,Lenovo,16-inch,16GB
1,-18.25,6.0625,ASUS,14-inch,16GB,HP,13-inch,4GB
1,-0.099609375,4.15625,ASUS,14-inch,16GB,HP,13-inch,8GB
1,0.04248046875,2.03125,ASUS,14-inch,16GB,HP,13-inch,16GB
1,-8.8125,6.0625,ASUS,14-inch,16GB,HP,14-inch,4GB
1,0.02685546875,2.65625,ASUS,14-inch,16GB,HP,14-inch,8GB
1,0.060302734375,-1.9375,ASUS,14-inch,16GB,HP,14-inch,16GB
1,-1.640625,5.875,ASUS,14-inch,16GB,HP,16-inch,4GB
1,0.055419921875,0.8125,ASUS,14-inch,16GB,HP,16-inch,8GB
1,0.06005859375,-1.8125,ASUS,14-inch,16GB,HP,16-inch,16GB
1,-17.0,6.0625,ASUS,14-inch,16GB,Dell,13-inch,4GB
1,-0.1650390625,4.46875,ASUS,14-inch,16GB,Dell,13-inch,8GB
1,0.049560546875,1.5625,ASUS,14-inch,16GB,Dell,13-inch,16GB
1,-6.8125,6.0625,ASUS,14-inch,16GB,Dell,14-inch,4GB
1,0.0224609375,2.78125,ASUS,14-inch,16GB,Dell,14-inch,8GB
1,0.060302734375,-2.3125,ASUS,14-inch,16GB,Dell,14-inch,16GB
1,-1.34375,5.78125,ASUS,14-inch,16GB,Dell,16-inch,4GB
1,0.0546875,0.9375,ASUS,14-inch,16GB,Dell,16-inch,8GB
1,0.06005859375,-1.6875,ASUS,14-inch,16GB,Dell,16-inch,16GB
1,-5.4375,6.0625,ASUS,14-inch,16GB,Apple,13-inch,4GB
1,-0.0185546875,3.484375,ASUS,14-inch,16GB,Apple,13-inch,8GB
1,0.049560546875,1.5625,ASUS,14-inch,16GB,Apple,13-inch,16GB
1,-0.00146484375,3.25,ASUS,14-inch,16GB,Apple,14-inch,4GB
1,-0.00927734375,3.375,ASUS,14-inch,16GB,Apple,14-inch,8GB
1,0.017578125,2.890625,ASUS,14-inch,16GB,Apple,14-inch,16GB
1,0.04248046875,2.03125,ASUS,14-inch,16GB,Apple,16-inch,4GB
1,0.052978515625,1.1875,ASUS,14-inch,16GB,Apple,16-inch,8GB
1,0.05810546875,0.0625,ASUS,14-inch,16GB,Apple,16-inch,16GB
1,-11.3125,6.0625,ASUS,16-inch,4GB,ASUS,13-inch,4GB
1,-22.875,6.0625,ASUS,16-inch,4GB,ASUS,13-inch,8GB
1,-9.4375,6.0625,ASUS,16-inch,4GB,ASUS,13-inch,16GB
1,-12.0625,6.0625,ASUS,16-inch,4GB,ASUS,14-inch,4GB
1,-21.375,6.0625,ASUS,16-inch,4GB,ASUS,14-inch,8GB
1,-9.3125,6.0625,ASUS,16-inch,4GB,ASUS,14-inch,16GB
1,-22.125,6.0625,ASUS,16-inch,4GB,ASUS,16-inch,8GB
1,-13.0625,6.0625,ASUS,16-inch,4GB,ASUS,16-inch,16GB
1,-12.1875,6.0625,ASUS,16-inch,4GB,Lenovo,13-inch,4GB
1,-23.375,6.0625,ASUS,16-inch,4GB,Lenovo,13-inch,8GB
1,-6.0625,6.0625,ASUS,16-inch,4GB,Lenovo,13-inch,16GB
1,-12.8125,6.0625,ASUS,16-inch,4GB,Lenovo,14-inch,4GB
1,-21.75,6.0625,ASUS,16-inch,4GB,Lenovo,14-inch,8GB
1,-4.3125,6.0625,ASUS,16-inch,4GB,Lenovo,14-inch,16GB
1,-2.515625,5.96875,ASUS,16-inch,4GB,Lenovo,16-inch,4GB
1,-19.625,6.0625,ASUS,16-inch,4GB,Lenovo,16-inch,8GB
1,-8.3125,6.0625,ASUS,16-inch,4GB,Lenovo,16-inch,16GB
1,-11.6875,6.0625,ASUS,16-inch,4GB,HP,13-inch,4GB
1,-22.375,6.0625,ASUS,16-inch,4GB,HP,13-inch,8GB
1,-5.3125,6.0625,ASUS,16-inch,4GB,HP,13-inch,16GB
1,-11.8125,6.0625,ASUS,16-inch,4GB,HP,14-inch,4GB
1,-21.375,6.0625,ASUS,16-inch,4GB,HP,14-inch,8GB
1,-3.828125,6.03125,ASUS,16-inch,4GB,HP,14-inch,16GB
1,-2.171875,5.9375,ASUS,16-inch,4GB,HP,16-inch,4GB
1,-19.5,6.0625,ASUS,16-inch,4GB,HP,16-inch,8GB
1,-7.3125,6.0625,ASUS,16-inch,4GB,HP,16-inch,16GB
1,-12.4375,6.0625,ASUS,16-inch,4GB,Dell,13-inch,4GB
1,-23.0,6.0625,ASUS,16-inch,4GB,Dell,13-inch,8GB
1,-4.8125,6.0625,ASUS,16-inch,4GB,Dell,13-inch,16GB
1,-12.4375,6.0625,ASUS,16-inch,4GB,Dell,14-inch,4GB
1,-21.5,6.0625,ASUS,16-inch,4GB,Dell,14-inch,8GB
1,-3.828125,6.03125,ASUS,16-inch,4GB,Dell,14-inch,16GB
1,-3.21875,6.03125,ASUS,16-inch,4GB,Dell,16-inch,4GB
1,-18.75,6.0625,ASUS,16-inch,4GB,Dell,16-inch,8GB
1,-6.6875,6.0625,ASUS,16-inch,4GB,Dell,16-inch,16GB
1,-7.6875,6.0625,ASUS,16-inch,4GB,Apple,13-inch,4GB
1,-21.125,6.0625,ASUS,16-inch,4GB,Apple,13-inch,8GB
1,-16.875,6.0625,ASUS,16-inch,4GB,Apple,13-inch,16GB
1,-6.8125,6.0625,ASUS,16-inch,4GB,Apple,14-inch,4GB
1,-20.625,6.0625,ASUS,16-inch,4GB,Apple,14-inch,8GB
1,-16.125,6.0625,ASUS,16-inch,4GB,Apple,14-inch,16GB
1,-6.1875,6.0625,ASUS,16-inch,4GB,Apple,16-inch,4GB
1,-21.25,6.0625,ASUS,16-inch,4GB,Apple,16-inch,8GB
1,-16.875,6.0625,ASUS,16-inch,4GB,Apple,16-inch,16GB
1,-12.6875,6.0625,ASUS,16-inch,8GB,ASUS,13-inch,4GB
1,-10.4375,6.0625,ASUS,16-inch,8GB,ASUS,13-inch,8GB
1,-2.171875,5.9375,ASUS,16-inch,8GB,ASUS,13-inch,16GB
1,-13.1875,6.0625,ASUS,16-inch,8GB,ASUS,14-inch,4GB
1,-10.1875,6.0625,ASUS,16-inch,8GB,ASUS,14-inch,8GB
1,-0.9140625,5.59375,ASUS,16-inch,8GB,ASUS,14-inch,16GB
1,-9.8125,6.0625,ASUS,16-inch,8GB,ASUS,16-inch,4GB
1,-0.05224609375,3.828125,ASUS,16-inch,8GB,ASUS,16-inch,16GB
1,-9.4375,6.0625,ASUS,16-inch,8GB,Lenovo,13-inch,4GB
1,-6.8125,6.0625,ASUS,16-inch,8GB,Lenovo,13-inch,8GB
1,-0.08203125,4.0625,ASUS,16-inch,8GB,Lenovo,13-inch,16GB
1,-8.1875,6.0625,ASUS,16-inch,8GB,Lenovo,14-inch,4GB
1,-8.5625,6.0625,ASUS,16-inch,8GB,Lenovo,14-inch,8GB
1,0.052001953125,1.3125,ASUS,16-inch,8GB,Lenovo,14-inch,16GB
1,-0.099609375,4.15625,ASUS,16-inch,8GB,Lenovo,16-inch,4GB
1,-2.171875,5.9375,ASUS,16-inch,8GB,Lenovo,16-inch,8GB
1,0.060546875,-5.4375,ASUS,16-inch,8GB,Lenovo,16-inch,16GB
1,-9.4375,6.0625,ASUS,16-inch,8GB,HP,13-inch,4GB
1,-6.6875,6.0625,ASUS,16-inch,8GB,HP,13-inch,8GB
1,-0.220703125,4.65625,ASUS,16-inch,8GB,HP,13-inch,16GB
1,-8.9375,6.0625,ASUS,16-inch,8GB,HP,14-inch,4GB
1,-8.0625,6.0625,ASUS,16-inch,8GB,HP,14-inch,8GB
1,0.03076171875,2.53125,ASUS,16-inch,8GB,HP,14-inch,16GB
1,-0.0185546875,3.484375,ASUS,16-inch,8GB,HP,16-inch,4GB
1,-2.0625,5.9375,ASUS,16-inch,8GB,HP,16-inch,8GB
1,0.060546875,-5.3125,ASUS,16-inch,8GB,HP,16-inch,16GB
1,-8.5625,6.0625,ASUS,16-inch,8GB,Dell,13-inch,4GB
1,-6.6875,6.0625,ASUS,16-inch,8GB,Dell,13-inch,8GB
1,-0.0185546875,3.484375,ASUS,16-inch,8GB,Dell,13-inch,16GB
1,-8.3125,6.0625,ASUS,16-inch,8GB,Dell,14-inch,4GB
1,-8.0625,6.0625,ASUS,16-inch,8GB,Dell,14-inch,8GB
1,0.052978515625,1.1875,ASUS,16-inch,8GB,Dell,14-inch,16GB
1,0.05078125,1.4375,ASUS,16-inch,8GB,Dell,16-inch,4GB
1,-2.875,6.0,ASUS,16-inch,8GB,Dell,16-inch,8GB
1,0.060546875,-6.4375,ASUS,16-inch,8GB,Dell,16-inch,16GB
1,-1.1640625,5.71875,ASUS,16-inch,8GB,Apple,13-inch,4GB
1,-1.078125,5.6875,ASUS,16-inch,8GB,Apple,13-inch,8GB
1,-0.119140625,4.25,ASUS,16-inch,8GB,Apple,13-inch,16GB
1,-0.8359375,5.53125,ASUS,16-inch,8GB,Apple,14-inch,4GB
1,-0.6953125,5.4375,ASUS,16-inch,8GB,Apple,14-inch,8GB
1,-0.00927734375,3.375,ASUS,16-inch,8GB,Apple,14-inch,16GB
1,0.060302734375,-2.0625,ASUS,16-inch,8GB,Apple,16-inch,4GB
1,-1.5390625,5.84375,ASUS,16-inch,8GB,Apple,16-inch,8GB
1,0.06005859375,-1.8125,ASUS,16-inch,8GB,Apple,16-inch,16GB
1,-20.0,6.0625,ASUS,16-inch,16GB,ASUS,13-inch,4GB
1,-1.8515625,5.90625,ASUS,16-inch,16GB,ASUS,13-inch,8GB
1,-3.21875,6.03125,ASUS,16-inch,16GB,ASUS,13-inch,16GB
1,-20.25,6.0625,ASUS,16-inch,16GB,ASUS,14-inch,4GB
1,-1.953125,5.90625,ASUS,16-inch,16GB,ASUS,14-inch,8GB
1,-2.75,6.0,ASUS,16-inch,16GB,ASUS,14-inch,16GB
1,-14.0625,6.0625,ASUS,16-inch,16GB,ASUS,16-inch,4GB
1,-0.9140625,5.59375,ASUS,16-inch,16GB,ASUS,16-inch,8GB
1,-18.125,6.0625,ASUS,16-inch,16GB,Lenovo,13-inch,4GB
1,-0.515625,5.25,ASUS,16-inch,16GB,Lenovo,13-inch,8GB
1,-0.4140625,5.09375,ASUS,16-inch,16GB,Lenovo,13-inch,16GB
1,-18.0,6.0625,ASUS,16-inch,16GB,Lenovo,14-inch,4GB
1,-0.515625,5.25,ASUS,16-inch,16GB,Lenovo,14-inch,8GB
1,-0.462890625,5.15625,ASUS,16-inch,16GB,Lenovo,14-inch,16GB
1,-7.9375,6.0625,ASUS,16-inch,16GB,Lenovo,16-inch,4GB
1,-0.00146484375,3.25,ASUS,16-inch,16GB,Lenovo,16-inch,8GB
1,0.04248046875,2.03125,ASUS,16-inch,16GB,Lenovo,16-inch,16GB
1,-18.75,6.0625,ASUS,16-inch,16GB,HP,13-inch,4GB
1,-0.6953125,5.4375,ASUS,16-inch,16GB,HP,13-inch,8GB
1,-0.4140625,5.09375,ASUS,16-inch,16GB,HP,13-inch,16GB
1,-17.5,6.0625,ASUS,16-inch,16GB,HP,14-inch,4GB
1,-0.6953125,5.4375,ASUS,16-inch,16GB,HP,14-inch,8GB
1,-0.4140625,5.09375,ASUS,16-inch,16GB,HP,14-inch,16GB
1,-6.4375,6.0625,ASUS,16-inch,16GB,HP,16-inch,4GB
1,-0.03955078125,3.71875,ASUS,16-inch,16GB,HP,16-inch,8GB
1,0.048095703125,1.6875,ASUS,16-inch,16GB,HP,16-inch,16GB
1,-16.75,6.0625,ASUS,16-inch,16GB,Dell,13-inch,4GB
1,-0.6953125,5.4375,ASUS,16-inch,16GB,Dell,13-inch,8GB
1,-0.287109375,4.84375,ASUS,16-inch,16GB,Dell,13-inch,16GB
1,-16.625,6.0625,ASUS,16-inch,16GB,Dell,14-inch,4GB
1,-0.765625,5.5,ASUS,16-inch,16GB,Dell,14-inch,8GB
1,-0.251953125,4.75,ASUS,16-inch,16GB,Dell,14-inch,16GB
1,-4.9375,6.0625,ASUS,16-inch,16GB,Dell,16-inch,4GB
1,-0.00927734375,3.375,ASUS,16-inch,16GB,Dell,16-inch,8GB
1,0.04248046875,2.03125,ASUS,16-inch,16GB,Dell,16-inch,16GB
1,-7.1875,6.0625,ASUS,16-inch,16GB,Apple,13-inch,4GB
1,-0.4140625,5.09375,ASUS,16-inch,16GB,Apple,13-inch,8GB
1,-0.05224609375,3.828125,ASUS,16-inch,16GB,Apple,13-inch,16GB
1,-5.5625,6.0625,ASUS,16-inch,16GB,Apple,14-inch,4GB
1,-0.515625,5.25,ASUS,16-inch,16GB,Apple,14-inch,8GB
1,-0.00146484375,3.25,ASUS,16-inch,16GB,Apple,14-inch,16GB
1,0.03076171875,2.53125,ASUS,16-inch,16GB,Apple,16-inch,4GB
1,-0.06640625,3.9375,ASUS,16-inch,16GB,Apple,16-inch,8GB
1,-0.06640625,3.9375,ASUS,16-inch,16GB,Apple,16-inch,16GB
1,-3.109375,6.03125,Lenovo,13-inch,4GB,ASUS,13-inch,4GB
1,-20.875,6.0625,Lenovo,13-inch,4GB,ASUS,13-inch,8GB
1,-6.8125,6.0625,Lenovo,13-inch,4GB,ASUS,13-inch,16GB
1,-2.875,6.0,Lenovo,13-inch,4GB,ASUS,14-inch,4GB
1,-19.875,6.0625,Lenovo,13-inch,4GB,ASUS,14-inch,8GB
1,-3.21875,6.03125,Lenovo,13-inch,4GB,ASUS,14-inch,16GB
1,-0.099609375,4.15625,Lenovo,13-inch,4GB,ASUS,16-inch,4GB
1,-3.96875,6.03125,Lenovo,13-inch,4GB,ASUS,16-inch,8GB
1,0.057373046875,0.3125,Lenovo,13-inch,4GB,ASUS,16-inch,16GB
1,-20.0,6.0625,Lenovo,13-inch,4GB,Lenovo,13-inch,8GB
1,-0.462890625,5.15625,Lenovo,13-inch,4GB,Lenovo,13-inch,16GB
1,-1.640625,5.875,Lenovo,13-inch,4GB,Lenovo,14-inch,4GB
1,-15.9375,6.0625,Lenovo,13-inch,4GB,Lenovo,14-inch,8GB
1,0.06005859375,-1.4375,Lenovo,13-inch,4GB,Lenovo,14-inch,16GB
1,-0.251953125,4.75,Lenovo,13-inch,4GB,Lenovo,16-inch,4GB
1,-2.984375,6.0,Lenovo,13-inch,4GB,Lenovo,16-inch,8GB
1,0.060546875,-6.1875,Lenovo,13-inch,4GB,Lenovo,16-inch,16GB
1,-0.6328125,5.375,Lenovo,13-inch,4GB,HP,13-inch,4GB
1,-20.125,6.0625,Lenovo,13-inch,4GB,HP,13-inch,8GB
1,-4.1875,6.0625,Lenovo,13-inch,4GB,HP,13-inch,16GB
1,-1.4375,5.8125,Lenovo,13-inch,4GB,HP,14-inch,4GB
1,-19.5,6.0625,Lenovo,13-inch,4GB,HP,14-inch,8GB
1,-2.28125,5.96875,Lenovo,13-inch,4GB,HP,14-inch,16GB
1,0.037353515625,2.296875,Lenovo,13-inch,4GB,HP,16-inch,4GB
1,-5.3125,6.0625,Lenovo,13-inch,4GB,HP,16-inch,8GB
1,0.059326171875,-0.5625,Lenovo,13-inch,4GB,HP,16-inch,16GB
1,-0.9140625,5.59375,Lenovo,13-inch,4GB,Dell,13-inch,4GB
1,-17.625,6.0625,Lenovo,13-inch,4GB,Dell,13-inch,8GB
1,-1.640625,5.875,Lenovo,13-inch,4GB,Dell,13-inch,16GB
1,-1.8515625,5.90625,Lenovo,13-inch,4GB,Dell,14-inch,4GB
1,-17.5,6.0625,Lenovo,13-inch,4GB,Dell,14-inch,8GB
1,-0.06640625,3.9375,Lenovo,13-inch,4GB,Dell,14-inch,16GB
1,-0.0185546875,3.484375,Lenovo,13-inch,4GB,Dell,16-inch,4GB
1,-2.0625,5.9375,Lenovo,13-inch,4GB,Dell,16-inch,8GB
1,0.060546875,-4.0625,Lenovo,13-inch,4GB,Dell,16-inch,16GB
1,-2.0625,5.9375,Lenovo,13-inch,4GB,Apple,13-inch,4GB
1,-20.0,6.0625,Lenovo,13-inch,4GB,Apple,13-inch,8GB
1,-11.1875,6.0625,Lenovo,13-inch,4GB,Apple,13-inch,16GB
1,0.0546875,0.9375,Lenovo,13-inch,4GB,Apple,14-inch,4GB
1,-17.75,6.0625,Lenovo,13-inch,4GB,Apple,14-inch,8GB
1,-7.6875,6.0625,Lenovo,13-inch,4GB,Apple,14-inch,16GB
1,0.059814453125,-1.1875,Lenovo,13-inch,4GB,Apple,16-inch,4GB
1,-5.9375,6.0625,Lenovo,13-inch,4GB,Apple,16-inch,8GB
1,-0.140625,4.375,Lenovo,13-inch,4GB,Apple,16-inch,16GB
1,0.055908203125,0.6875,Lenovo,13-inch,8GB,ASUS,13-inch,4GB
1,-1.25,5.75,Lenovo,13-inch,8GB,ASUS,13-inch,8GB
1,0.060546875,-3.0625,Lenovo,13-inch,8GB,ASUS,13-inch,16GB
1,-0.251953125,4.75,Lenovo,13-inch,8GB,ASUS,14-inch,4GB
1,-1.34375,5.78125,Lenovo,13-inch,8GB,ASUS,14-inch,8GB
1,0.060546875,-4.5625,Lenovo,13-inch,8GB,ASUS,14-inch,16GB
1,0.037353515625,2.296875,Lenovo,13-inch,8GB,ASUS,16-inch,4GB
1,-0.0185546875,3.484375,Lenovo,13-inch,8GB,ASUS,16-inch,8GB
1,0.060546875,-6.1875,Lenovo,13-inch,8GB,ASUS,16-inch,16GB
1,-8.1875,6.0625,Lenovo,13-inch,8GB,Lenovo,13-inch,4GB
1,0.058837890625,-0.3125,Lenovo,13-inch,8GB,Lenovo,13-inch,16GB
1,-0.6953125,5.4375,Lenovo,13-inch,8GB,Lenovo,14-inch,4GB
1,-2.0625,5.9375,Lenovo,13-inch,8GB,Lenovo,14-inch,8GB
1,0.060546875,-6.5625,Lenovo,13-inch,8GB,Lenovo,14-inch,16GB
1,0.017578125,2.890625,Lenovo,13-inch,8GB,Lenovo,16-inch,4GB
1,-0.4140625,5.09375,Lenovo,13-inch,8GB,Lenovo,16-inch,8GB
1,0.060546875,-7.5625,Lenovo,13-inch,8GB,Lenovo,16-inch,16GB
1,0.0341796875,2.40625,Lenovo,13-inch,8GB,HP,13-inch,4GB
1,-0.326171875,4.9375,Lenovo,13-inch,8GB,HP,13-inch,8GB
1,0.060546875,-3.5625,Lenovo,13-inch,8GB,HP,13-inch,16GB
1,-1.1640625,5.71875,Lenovo,13-inch,8GB,HP,14-inch,4GB
1,-2.171875,5.9375,Lenovo,13-inch,8GB,HP,14-inch,8GB
1,0.060546875,-4.0625,Lenovo,13-inch,8GB,HP,14-inch,16GB
1,-0.00146484375,3.25,Lenovo,13-inch,8GB,HP,16-inch,4GB
1,-0.1650390625,4.46875,Lenovo,13-inch,8GB,HP,16-inch,8GB
1,0.060546875,-6.0625,Lenovo,13-inch,8GB,HP,16-inch,16GB
1,0.052978515625,1.1875,Lenovo,13-inch,8GB,Dell,13-inch,4GB
1,-0.462890625,5.15625,Lenovo,13-inch,8GB,Dell,13-inch,8GB
1,0.060546875,-5.8125,Lenovo,13-inch,8GB,Dell,13-inch,16GB
1,-1.078125,5.6875,Lenovo,13-inch,8GB,Dell,14-inch,4GB
1,-1.1640625,5.71875,Lenovo,13-inch,8GB,Dell,14-inch,8GB
1,0.060546875,-6.4375,Lenovo,13-inch,8GB,Dell,14-inch,16GB
1,-0.0283203125,3.59375,Lenovo,13-inch,8GB,Dell,16-inch,4GB
1,-0.05224609375,3.828125,Lenovo,13-inch,8GB,Dell,16-inch,8GB
1,0.060546875,-7.5625,Lenovo,13-inch,8GB,Dell,16-inch,16GB
1,0.058837890625,-0.3125,Lenovo,13-inch,8GB,Apple,13-inch,4GB
1,-0.462890625,5.15625,Lenovo,13-inch,8GB,Apple,13-inch,8GB
1,0.056884765625,0.4375,Lenovo,13-inch,8GB,Apple,13-inch,16GB
1,0.04638671875,1.8125,Lenovo,13-inch,8GB,Apple,14-inch,4GB
1,0.0546875,0.9375,Lenovo,13-inch,8GB,Apple,14-inch,8GB
1,0.06005859375,-1.8125,Lenovo,13-inch,8GB,Apple,14-inch,16GB
1,0.056396484375,0.5625,Lenovo,13-inch,8GB,Apple,16-inch,4GB
1,0.056884765625,0.4375,Lenovo,13-inch,8GB,Apple,16-inch,8GB
1,0.060546875,-4.3125,Lenovo,13-inch,8GB,Apple,16-inch,16GB
1,-9.6875,6.0625,Lenovo,13-inch,16GB,ASUS,13-inch,4GB
1,-0.00927734375,3.375,Lenovo,13-inch,16GB,ASUS,13-inch,8GB
1,0.04638671875,1.8125,Lenovo,13-inch,16GB,ASUS,13-inch,16GB
1,-12.9375,6.0625,Lenovo,13-inch,16GB,ASUS,14-inch,4GB
1,0.0341796875,2.40625,Lenovo,13-inch,16GB,ASUS,14-inch,8GB
1,0.0224609375,2.78125,Lenovo,13-inch,16GB,ASUS,14-inch,16GB
1,-1.8515625,5.90625,Lenovo,13-inch,16GB,ASUS,16-inch,4GB
1,0.0537109375,1.0625,Lenovo,13-inch,16GB,ASUS,16-inch,8GB
1,0.058349609375,-0.0625,Lenovo,13-inch,16GB,ASUS,16-inch,16GB
1,-17.125,6.0625,Lenovo,13-inch,16GB,Lenovo,13-inch,4GB
1,-3.828125,6.03125,Lenovo,13-inch,16GB,Lenovo,13-inch,8GB
1,-17.25,6.0625,Lenovo,13-inch,16GB,Lenovo,14-inch,4GB
1,-0.05224609375,3.828125,Lenovo,13-inch,16GB,Lenovo,14-inch,8GB
1,-1.4375,5.8125,Lenovo,13-inch,16GB,Lenovo,14-inch,16GB
1,-2.0625,5.9375,Lenovo,13-inch,16GB,Lenovo,16-inch,4GB
1,0.052978515625,1.1875,Lenovo,13-inch,16GB,Lenovo,16-inch,8GB
1,-0.03955078125,3.71875,Lenovo,13-inch,16GB,Lenovo,16-inch,16GB
1,-10.6875,6.0625,Lenovo,13-inch,16GB,HP,13-inch,4GB
1,-0.0283203125,3.59375,Lenovo,13-inch,16GB,HP,13-inch,8GB
1,0.058837890625,-0.3125,Lenovo,13-inch,16GB,HP,13-inch,16GB
1,-13.6875,6.0625,Lenovo,13-inch,16GB,HP,14-inch,4GB
1,0.02685546875,2.65625,Lenovo,13-inch,16GB,HP,14-inch,8GB
1,0.049560546875,1.5625,Lenovo,13-inch,16GB,HP,14-inch,16GB
1,-2.875,6.0,Lenovo,13-inch,16GB,HP,16-inch,4GB
1,0.055419921875,0.8125,Lenovo,13-inch,16GB,HP,16-inch,8GB
1,0.055908203125,0.6875,Lenovo,13-inch,16GB,HP,16-inch,16GB
1,-8.1875,6.0625,Lenovo,13-inch,16GB,Dell,13-inch,4GB
1,-0.099609375,4.15625,Lenovo,13-inch,16GB,Dell,13-inch,8GB
1,0.059814453125,-1.1875,Lenovo,13-inch,16GB,Dell,13-inch,16GB
1,-14.3125,6.0625,Lenovo,13-inch,16GB,Dell,14-inch,4GB
1,0.0224609375,2.78125,Lenovo,13-inch,16GB,Dell,14-inch,8GB
1,0.05517578125,0.8125,Lenovo,13-inch,16GB,Dell,14-inch,16GB
1,-4.09375,6.03125,Lenovo,13-inch,16GB,Dell,16-inch,4GB
1,0.0546875,0.9375,Lenovo,13-inch,16GB,Dell,16-inch,8GB
1,0.0576171875,0.1875,Lenovo,13-inch,16GB,Dell,16-inch,16GB
1,-0.099609375,4.15625,Lenovo,13-inch,16GB,Apple,13-inch,4GB
1,-0.00146484375,3.25,Lenovo,13-inch,16GB,Apple,13-inch,8GB
1,-0.0283203125,3.59375,Lenovo,13-inch,16GB,Apple,13-inch,16GB
1,-0.6953125,5.4375,Lenovo,13-inch,16GB,Apple,14-inch,4GB
1,0.0400390625,2.171875,Lenovo,13-inch,16GB,Apple,14-inch,8GB
1,0.05517578125,0.8125,Lenovo,13-inch,16GB,Apple,14-inch,16GB
1,0.017578125,2.890625,Lenovo,13-inch,16GB,Apple,16-inch,4GB
1,0.055908203125,0.6875,Lenovo,13-inch,16GB,Apple,16-inch,8GB
1,0.052978515625,1.1875,Lenovo,13-inch,16GB,Apple,16-inch,16GB
1,-2.40625,5.96875,Lenovo,14-inch,4GB,ASUS,13-inch,4GB
1,-23.625,6.0625,Lenovo,14-inch,4GB,ASUS,13-inch,8GB
1,-6.5625,6.0625,Lenovo,14-inch,4GB,ASUS,13-inch,16GB
1,-2.984375,6.0,Lenovo,14-inch,4GB,ASUS,14-inch,4GB
1,-19.875,6.0625,Lenovo,14-inch,4GB,ASUS,14-inch,8GB
1,-6.8125,6.0625,Lenovo,14-inch,4GB,ASUS,14-inch,16GB
1,-0.251953125,4.75,Lenovo,14-inch,4GB,ASUS,16-inch,4GB
1,-6.0625,6.0625,Lenovo,14-inch,4GB,ASUS,16-inch,8GB
1,0.056396484375,0.5625,Lenovo,14-inch,4GB,ASUS,16-inch,16GB
1,-0.515625,5.25,Lenovo,14-inch,4GB,Lenovo,13-inch,4GB
1,-18.5,6.0625,Lenovo,14-inch,4GB,Lenovo,13-inch,8GB
1,-0.00146484375,3.25,Lenovo,14-inch,4GB,Lenovo,13-inch,16GB
1,-19.5,6.0625,Lenovo,14-inch,4GB,Lenovo,14-inch,8GB
1,-0.6953125,5.4375,Lenovo,14-inch,4GB,Lenovo,14-inch,16GB
1,-0.515625,5.25,Lenovo,14-inch,4GB,Lenovo,16-inch,4GB
1,-6.5625,6.0625,Lenovo,14-inch,4GB,Lenovo,16-inch,8GB
1,0.060546875,-5.6875,Lenovo,14-inch,4GB,Lenovo,16-inch,16GB
1,-0.8359375,5.53125,Lenovo,14-inch,4GB,HP,13-inch,4GB
1,-22.5,6.0625,Lenovo,14-inch,4GB,HP,13-inch,8GB
1,-3.109375,6.03125,Lenovo,14-inch,4GB,HP,13-inch,16GB
1,-0.9140625,5.59375,Lenovo,14-inch,4GB,HP,14-inch,4GB
1,-18.875,6.0625,Lenovo,14-inch,4GB,HP,14-inch,8GB
1,-3.46875,6.03125,Lenovo,14-inch,4GB,HP,14-inch,16GB
1,-0.0185546875,3.484375,Lenovo,14-inch,4GB,HP,16-inch,4GB
1,-7.8125,6.0625,Lenovo,14-inch,4GB,HP,16-inch,8GB
1,0.0595703125,-0.8125,Lenovo,14-inch,4GB,HP,16-inch,16GB
1,-1.1640625,5.71875,Lenovo,14-inch,4GB,Dell,13-inch,4GB
1,-22.125,6.0625,Lenovo,14-inch,4GB,Dell,13-inch,8GB
1,-2.28125,5.96875,Lenovo,14-inch,4GB,Dell,13-inch,16GB
1,-1.25,5.75,Lenovo,14-inch,4GB,Dell,14-inch,4GB
1,-15.1875,6.0625,Lenovo,14-inch,4GB,Dell,14-inch,8GB
1,-1.640625,5.875,Lenovo,14-inch,4GB,Dell,14-inch,16GB
1,-0.140625,4.375,Lenovo,14-inch,4GB,Dell,16-inch,4GB
1,-3.703125,6.03125,Lenovo,14-inch,4GB,Dell,16-inch,8GB
1,0.060546875,-4.1875,Lenovo,14-inch,4GB,Dell,16-inch,16GB
1,-1.4375,5.8125,Lenovo,14-inch,4GB,Apple,13-inch,4GB
1,-20.875,6.0625,Lenovo,14-inch,4GB,Apple,13-inch,8GB
1,-13.5625,6.0625,Lenovo,14-inch,4GB,Apple,13-inch,16GB
1,-2.75,6.0,Lenovo,14-inch,4GB,Apple,14-inch,4GB
1,-19.5,6.0625,Lenovo,14-inch,4GB,Apple,14-inch,8GB
1,-13.1875,6.0625,Lenovo,14-inch,4GB,Apple,14-inch,16GB
1,0.05908203125,-0.4375,Lenovo,14-inch,4GB,Apple,16-inch,4GB
1,-9.1875,6.0625,Lenovo,14-inch,4GB,Apple,16-inch,8GB
1,-0.765625,5.5,Lenovo,14-inch,4GB,Apple,16-inch,16GB
1,-10.5625,6.0625,Lenovo,14-inch,8GB,ASUS,13-inch,4GB
1,-2.40625,5.96875,Lenovo,14-inch,8GB,ASUS,13-inch,8GB
1,0.0537109375,1.0625,Lenovo,14-inch,8GB,ASUS,13-inch,16GB
1,-0.4140625,5.09375,Lenovo,14-inch,8GB,ASUS,14-inch,4GB
1,-1.078125,5.6875,Lenovo,14-inch,8GB,ASUS,14-inch,8GB
1,0.060546875,-5.6875,Lenovo,14-inch,8GB,ASUS,14-inch,16GB
1,0.037353515625,2.296875,Lenovo,14-inch,8GB,ASUS,16-inch,4GB
1,-0.00927734375,3.375,Lenovo,14-inch,8GB,ASUS,16-inch,8GB
1,0.060546875,-7.1875,Lenovo,14-inch,8GB,ASUS,16-inch,16GB
1,-14.6875,6.0625,Lenovo,14-inch,8GB,Lenovo,13-inch,4GB
1,-5.3125,6.0625,Lenovo,14-inch,8GB,Lenovo,13-inch,8GB
1,0.060302734375,-2.1875,Lenovo,14-inch,8GB,Lenovo,13-inch,16GB
1,-13.3125,6.0625,Lenovo,14-inch,8GB,Lenovo,14-inch,4GB
1,0.06005859375,-1.5625,Lenovo,14-inch,8GB,Lenovo,14-inch,16GB
1,-0.03955078125,3.71875,Lenovo,14-inch,8GB,Lenovo,16-inch,4GB
1,-0.287109375,4.84375,Lenovo,14-inch,8GB,Lenovo,16-inch,8GB
1,0.060546875,-7.9375,Lenovo,14-inch,8GB,Lenovo,16-inch,16GB
1,-12.1875,6.0625,Lenovo,14-inch,8GB,HP,13-inch,4GB
1,-2.40625,5.96875,Lenovo,14-inch,8GB,HP,13-inch,8GB
1,0.058837890625,-0.3125,Lenovo,14-inch,8GB,HP,13-inch,16GB
1,-2.0625,5.9375,Lenovo,14-inch,8GB,HP,14-inch,4GB
1,-0.5703125,5.3125,Lenovo,14-inch,8GB,HP,14-inch,8GB
1,0.060546875,-6.5625,Lenovo,14-inch,8GB,HP,14-inch,16GB
1,-0.05224609375,3.828125,Lenovo,14-inch,8GB,HP,16-inch,4GB
1,-0.220703125,4.65625,Lenovo,14-inch,8GB,HP,16-inch,8GB
1,0.060546875,-7.1875,Lenovo,14-inch,8GB,HP,16-inch,16GB
1,-12.9375,6.0625,Lenovo,14-inch,8GB,Dell,13-inch,4GB
1,-1.8515625,5.90625,Lenovo,14-inch,8GB,Dell,13-inch,8GB
1,0.059814453125,-1.1875,Lenovo,14-inch,8GB,Dell,13-inch,16GB
1,-1.5390625,5.84375,Lenovo,14-inch,8GB,Dell,14-inch,4GB
1,-0.462890625,5.15625,Lenovo,14-inch,8GB,Dell,14-inch,8GB
1,0.060546875,-8.3125,Lenovo,14-inch,8GB,Dell,14-inch,16GB
1,-0.1650390625,4.46875,Lenovo,14-inch,8GB,Dell,16-inch,4GB
1,-0.03955078125,3.71875,Lenovo,14-inch,8GB,Dell,16-inch,8GB
1,0.060546875,-8.5625,Lenovo,14-inch,8GB,Dell,16-inch,16GB
1,-2.0625,5.9375,Lenovo,14-inch,8GB,Apple,13-inch,4GB
1,-0.099609375,4.15625,Lenovo,14-inch,8GB,Apple,13-inch,8GB
1,0.0546875,0.9375,Lenovo,14-inch,8GB,Apple,13-inch,16GB
1,0.03076171875,2.53125,Lenovo,14-inch,8GB,Apple,14-inch,4GB
1,-0.19140625,4.5625,Lenovo,14-inch,8GB,Apple,14-inch,8GB
1,0.060546875,-3.0625,Lenovo,14-inch,8GB,Apple,14-inch,16GB
1,0.0546875,0.9375,Lenovo,14-inch,8GB,Apple,16-inch,4GB
1,0.056884765625,0.4375,Lenovo,14-inch,8GB,Apple,16-inch,8GB
1,0.060546875,-5.6875,Lenovo,14-inch,8GB,Apple,16-inch,16GB
1,-20.0,6.0625,Lenovo,14-inch,16GB,ASUS,13-inch,4GB
1,-0.515625,5.25,Lenovo,14-inch,16GB,ASUS,13-inch,8GB
1,-0.08203125,4.0625,Lenovo,14-inch,16GB,ASUS,13-inch,16GB
1,-11.9375,6.0625,Lenovo,14-inch,16GB,ASUS,14-inch,4GB
1,-0.099609375,4.15625,Lenovo,14-inch,16GB,ASUS,14-inch,8GB
1,0.0595703125,-0.8125,Lenovo,14-inch,16GB,ASUS,14-inch,16GB
1,-3.46875,6.03125,Lenovo,14-inch,16GB,ASUS,16-inch,4GB
1,0.04248046875,2.03125,Lenovo,14-inch,16GB,ASUS,16-inch,8GB
1,0.060302734375,-2.0625,Lenovo,14-inch,16GB,ASUS,16-inch,16GB
1,-19.875,6.0625,Lenovo,14-inch,16GB,Lenovo,13-inch,4GB
1,-1.5390625,5.84375,Lenovo,14-inch,16GB,Lenovo,13-inch,8GB
1,-2.40625,5.96875,Lenovo,14-inch,16GB,Lenovo,13-inch,16GB
1,-17.25,6.0625,Lenovo,14-inch,16GB,Lenovo,14-inch,4GB
1,-3.96875,6.03125,Lenovo,14-inch,16GB,Lenovo,14-inch,8GB
1,-2.625,6.0,Lenovo,14-inch,16GB,Lenovo,16-inch,4GB
1,0.0400390625,2.171875,Lenovo,14-inch,16GB,Lenovo,16-inch,8GB
1,0.017578125,2.890625,Lenovo,14-inch,16GB,Lenovo,16-inch,16GB
1,-20.375,6.0625,Lenovo,14-inch,16GB,HP,13-inch,4GB
1,-0.515625,5.25,Lenovo,14-inch,16GB,HP,13-inch,8GB
1,-0.00146484375,3.25,Lenovo,14-inch,16GB,HP,13-inch,16GB
1,-13.0625,6.0625,Lenovo,14-inch,16GB,HP,14-inch,4GB
1,-0.251953125,4.75,Lenovo,14-inch,16GB,HP,14-inch,8GB
1,0.060302734375,-2.0625,Lenovo,14-inch,16GB,HP,14-inch,16GB
1,-4.09375,6.03125,Lenovo,14-inch,16GB,HP,16-inch,4GB
1,0.048095703125,1.6875,Lenovo,14-inch,16GB,HP,16-inch,8GB
1,0.06005859375,-1.4375,Lenovo,14-inch,16GB,HP,16-inch,16GB
1,-20.625,6.0625,Lenovo,14-inch,16GB,Dell,13-inch,4GB
1,-0.5703125,5.3125,Lenovo,14-inch,16GB,Dell,13-inch,8GB
1,0.0224609375,2.78125,Lenovo,14-inch,16GB,Dell,13-inch,16GB
1,-12.4375,6.0625,Lenovo,14-inch,16GB,Dell,14-inch,4GB
1,-0.3671875,5.0,Lenovo,14-inch,16GB,Dell,14-inch,8GB
1,0.060302734375,-2.8125,Lenovo,14-inch,16GB,Dell,14-inch,16GB
1,-5.3125,6.0625,Lenovo,14-inch,16GB,Dell,16-inch,4GB
1,0.04638671875,1.8125,Lenovo,14-inch,16GB,Dell,16-inch,8GB
1,0.06005859375,-1.6875,Lenovo,14-inch,16GB,Dell,16-inch,16GB
1,-7.0625,6.0625,Lenovo,14-inch,16GB,Apple,13-inch,4GB
1,-0.119140625,4.25,Lenovo,14-inch,16GB,Apple,13-inch,8GB
1,0.04443359375,1.90625,Lenovo,14-inch,16GB,Apple,13-inch,16GB
1,-0.326171875,4.9375,Lenovo,14-inch,16GB,Apple,14-inch,4GB
1,-0.140625,4.375,Lenovo,14-inch,16GB,Apple,14-inch,8GB
1,0.03076171875,2.53125,Lenovo,14-inch,16GB,Apple,14-inch,16GB
1,0.02685546875,2.65625,Lenovo,14-inch,16GB,Apple,16-inch,4GB
1,0.048095703125,1.6875,Lenovo,14-inch,16GB,Apple,16-inch,8GB
1,0.058349609375,-0.0625,Lenovo,14-inch,16GB,Apple,16-inch,16GB
1,-14.4375,6.0625,Lenovo,16-inch,4GB,ASUS,13-inch,4GB
1,-25.0,6.0625,Lenovo,16-inch,4GB,ASUS,13-inch,8GB
1,-12.4375,6.0625,Lenovo,16-inch,4GB,ASUS,13-inch,16GB
1,-15.0625,6.0625,Lenovo,16-inch,4GB,ASUS,14-inch,4GB
1,-23.75,6.0625,Lenovo,16-inch,4GB,ASUS,14-inch,8GB
1,-10.8125,6.0625,Lenovo,16-inch,4GB,ASUS,14-inch,16GB
1,-6.3125,6.0625,Lenovo,16-inch,4GB,ASUS,16-inch,4GB
1,-22.125,6.0625,Lenovo,16-inch,4GB,ASUS,16-inch,8GB
1,-16.875,6.0625,Lenovo,16-inch,4GB,ASUS,16-inch,16GB
1,-10.3125,6.0625,Lenovo,16-inch,4GB,Lenovo,13-inch,4GB
1,-22.125,6.0625,Lenovo,16-inch,4GB,Lenovo,13-inch,8GB
1,-8.6875,6.0625,Lenovo,16-inch,4GB,Lenovo,13-inch,16GB
1,-11.5625,6.0625,Lenovo,16-inch,4GB,Lenovo,14-inch,4GB
1,-20.625,6.0625,Lenovo,16-inch,4GB,Lenovo,14-inch,8GB
1,-6.8125,6.0625,Lenovo,16-inch,4GB,Lenovo,14-inch,16GB
1,-22.125,6.0625,Lenovo,16-inch,4GB,Lenovo,16-inch,8GB
1,-12.8125,6.0625,Lenovo,16-inch,4GB,Lenovo,16-inch,16GB
1,-12.5625,6.0625,Lenovo,16-inch,4GB,HP,13-inch,4GB
1,-24.5,6.0625,Lenovo,16-inch,4GB,HP,13-inch,8GB
1,-10.1875,6.0625,Lenovo,16-inch,4GB,HP,13-inch,16GB
1,-13.0625,6.0625,Lenovo,16-inch,4GB,HP,14-inch,4GB
1,-23.25,6.0625,Lenovo,16-inch,4GB,HP,14-inch,8GB
1,-7.8125,6.0625,Lenovo,16-inch,4GB,HP,14-inch,16GB
1,-3.59375,6.03125,Lenovo,16-inch,4GB,HP,16-inch,4GB
1,-20.625,6.0625,Lenovo,16-inch,4GB,HP,16-inch,8GB
1,-13.1875,6.0625,Lenovo,16-inch,4GB,HP,16-inch,16GB
1,-12.8125,6.0625,Lenovo,16-inch,4GB,Dell,13-inch,4GB
1,-24.5,6.0625,Lenovo,16-inch,4GB,Dell,13-inch,8GB
1,-8.0625,6.0625,Lenovo,16-inch,4GB,Dell,13-inch,16GB
1,-13.9375,6.0625,Lenovo,16-inch,4GB,Dell,14-inch,4GB
1,-23.25,6.0625,Lenovo,16-inch,4GB,Dell,14-inch,8GB
1,-6.4375,6.0625,Lenovo,16-inch,4GB,Dell,14-inch,16GB
1,-4.1875,6.0625,Lenovo,16-inch,4GB,Dell,16-inch,4GB
1,-18.875,6.0625,Lenovo,16-inch,4GB,Dell,16-inch,8GB
1,-8.9375,6.0625,Lenovo,16-inch,4GB,Dell,16-inch,16GB
1,-7.9375,6.0625,Lenovo,16-inch,4GB,Apple,13-inch,4GB
1,-22.125,6.0625,Lenovo,16-inch,4GB,Apple,13-inch,8GB
1,-17.625,6.0625,Lenovo,16-inch,4GB,Apple,13-inch,16GB
1,-7.0625,6.0625,Lenovo,16-inch,4GB,Apple,14-inch,4GB
1,-22.0,6.0625,Lenovo,16-inch,4GB,Apple,14-inch,8GB
1,-18.125,6.0625,Lenovo,16-inch,4GB,Apple,14-inch,16GB
1,-6.4375,6.0625,Lenovo,16-inch,4GB,Apple,16-inch,4GB
1,-22.0,6.0625,Lenovo,16-inch,4GB,Apple,16-inch,8GB
1,-18.875,6.0625,Lenovo,16-inch,4GB,Apple,16-inch,16GB
1,-10.4375,6.0625,Lenovo,16-inch,8GB,ASUS,13-inch,4GB
1,-6.9375,6.0625,Lenovo,16-inch,8GB,ASUS,13-inch,8GB
1,-0.8359375,5.53125,Lenovo,16-inch,8GB,ASUS,13-inch,16GB
1,-9.4375,6.0625,Lenovo,16-inch,8GB,ASUS,14-inch,4GB
1,-8.8125,6.0625,Lenovo,16-inch,8GB,ASUS,14-inch,8GB
1,-0.0185546875,3.484375,Lenovo,16-inch,8GB,ASUS,14-inch,16GB
1,0.03076171875,2.53125,Lenovo,16-inch,8GB,ASUS,16-inch,4GB
1,-4.1875,6.0625,Lenovo,16-inch,8GB,ASUS,16-inch,8GB
1,0.060546875,-5.3125,Lenovo,16-inch,8GB,ASUS,16-inch,16GB
1,-14.9375,6.0625,Lenovo,16-inch,8GB,Lenovo,13-inch,4GB
1,-9.9375,6.0625,Lenovo,16-inch,8GB,Lenovo,13-inch,8GB
1,-1.8515625,5.90625,Lenovo,16-inch,8GB,Lenovo,13-inch,16GB
1,-15.8125,6.0625,Lenovo,16-inch,8GB,Lenovo,14-inch,4GB
1,-11.3125,6.0625,Lenovo,16-inch,8GB,Lenovo,14-inch,8GB
1,-0.3671875,5.0,Lenovo,16-inch,8GB,Lenovo,14-inch,16GB
1,-10.9375,6.0625,Lenovo,16-inch,8GB,Lenovo,16-inch,4GB
1,-0.08203125,4.0625,Lenovo,16-inch,8GB,Lenovo,16-inch,16GB
1,-11.6875,6.0625,Lenovo,16-inch,8GB,HP,13-inch,4GB
1,-7.6875,6.0625,Lenovo,16-inch,8GB,HP,13-inch,8GB
1,-0.8359375,5.53125,Lenovo,16-inch,8GB,HP,13-inch,16GB
1,-11.4375,6.0625,Lenovo,16-inch,8GB,HP,14-inch,4GB
1,-9.0625,6.0625,Lenovo,16-inch,8GB,HP,14-inch,8GB
1,-0.00927734375,3.375,Lenovo,16-inch,8GB,HP,14-inch,16GB
1,-0.1650390625,4.46875,Lenovo,16-inch,8GB,HP,16-inch,4GB
1,-3.109375,6.03125,Lenovo,16-inch,8GB,HP,16-inch,8GB
1,0.060546875,-4.5625,Lenovo,16-inch,8GB,HP,16-inch,16GB
1,-12.5625,6.0625,Lenovo,16-inch,8GB,Dell,13-inch,4GB
1,-6.8125,6.0625,Lenovo,16-inch,8GB,Dell,13-inch,8GB
1,-0.287109375,4.84375,Lenovo,16-inch,8GB,Dell,13-inch,16GB
1,-12.8125,6.0625,Lenovo,16-inch,8GB,Dell,14-inch,4GB
1,-8.6875,6.0625,Lenovo,16-inch,8GB,Dell,14-inch,8GB
1,0.02685546875,2.65625,Lenovo,16-inch,8GB,Dell,14-inch,16GB
1,-0.4140625,5.09375,Lenovo,16-inch,8GB,Dell,16-inch,4GB
1,-3.828125,6.03125,Lenovo,16-inch,8GB,Dell,16-inch,8GB
1,0.060546875,-6.3125,Lenovo,16-inch,8GB,Dell,16-inch,16GB
1,-2.171875,5.9375,Lenovo,16-inch,8GB,Apple,13-inch,4GB
1,-0.9140625,5.59375,Lenovo,16-inch,8GB,Apple,13-inch,8GB
1,-0.251953125,4.75,Lenovo,16-inch,8GB,Apple,13-inch,16GB
1,-0.8359375,5.53125,Lenovo,16-inch,8GB,Apple,14-inch,4GB
1,-0.462890625,5.15625,Lenovo,16-inch,8GB,Apple,14-inch,8GB
1,-0.099609375,4.15625,Lenovo,16-inch,8GB,Apple,14-inch,16GB
1,0.06005859375,-1.4375,Lenovo,16-inch,8GB,Apple,16-inch,4GB
1,-1.1640625,5.71875,Lenovo,16-inch,8GB,Apple,16-inch,8GB
1,0.059814453125,-1.1875,Lenovo,16-inch,8GB,Apple,16-inch,16GB
1,-20.0,6.0625,Lenovo,16-inch,16GB,ASUS,13-inch,4GB
1,-1.953125,5.90625,Lenovo,16-inch,16GB,ASUS,13-inch,8GB
1,-0.6328125,5.375,Lenovo,16-inch,16GB,ASUS,13-inch,16GB
1,-20.125,6.0625,Lenovo,16-inch,16GB,ASUS,14-inch,4GB
1,-2.171875,5.9375,Lenovo,16-inch,16GB,ASUS,14-inch,8GB
1,-0.765625,5.5,Lenovo,16-inch,16GB,ASUS,14-inch,16GB
1,-10.4375,6.0625,Lenovo,16-inch,16GB,ASUS,16-inch,4GB
1,-0.6953125,5.4375,Lenovo,16-inch,16GB,ASUS,16-inch,8GB
1,-0.05224609375,3.828125,Lenovo,16-inch,16GB,ASUS,16-inch,16GB
1,-21.5,6.0625,Lenovo,16-inch,16GB,Lenovo,13-inch,4GB
1,-3.34375,6.03125,Lenovo,16-inch,16GB,Lenovo,13-inch,8GB
1,-3.34375,6.03125,Lenovo,16-inch,16GB,Lenovo,13-inch,16GB
1,-21.25,6.0625,Lenovo,16-inch,16GB,Lenovo,14-inch,4GB
1,-3.828125,6.03125,Lenovo,16-inch,16GB,Lenovo,14-inch,8GB
1,-2.984375,6.0,Lenovo,16-inch,16GB,Lenovo,14-inch,16GB
1,-15.8125,6.0625,Lenovo,16-inch,16GB,Lenovo,16-inch,4GB
1,-3.21875,6.03125,Lenovo,16-inch,16GB,Lenovo,16-inch,8GB
1,-21.125,6.0625,Lenovo,16-inch,16GB,HP,13-inch,4GB
1,-1.7421875,5.875,Lenovo,16-inch,16GB,HP,13-inch,8GB
1,-0.515625,5.25,Lenovo,16-inch,16GB,HP,13-inch,16GB
1,-20.375,6.0625,Lenovo,16-inch,16GB,HP,14-inch,4GB
1,-1.953125,5.90625,Lenovo,16-inch,16GB,HP,14-inch,8GB
1,-0.6328125,5.375,Lenovo,16-inch,16GB,HP,14-inch,16GB
1,-12.3125,6.0625,Lenovo,16-inch,16GB,HP,16-inch,4GB
1,-0.765625,5.5,Lenovo,16-inch,16GB,HP,16-inch,8GB
1,0.04931640625,1.5625,Lenovo,16-inch,16GB,HP,16-inch,16GB
1,-21.125,6.0625,Lenovo,16-inch,16GB,Dell,13-inch,4GB
1,-1.953125,5.90625,Lenovo,16-inch,16GB,Dell,13-inch,8GB
1,-0.287109375,4.84375,Lenovo,16-inch,16GB,Dell,13-inch,16GB
1,-20.625,6.0625,Lenovo,16-inch,16GB,Dell,14-inch,4GB
1,-1.953125,5.90625,Lenovo,16-inch,16GB,Dell,14-inch,8GB
1,-0.4140625,5.09375,Lenovo,16-inch,16GB,Dell,14-inch,16GB
1,-11.5625,6.0625,Lenovo,16-inch,16GB,Dell,16-inch,4GB
1,-0.6328125,5.375,Lenovo,16-inch,16GB,Dell,16-inch,8GB
1,0.055908203125,0.6875,Lenovo,16-inch,16GB,Dell,16-inch,16GB
1,-10.3125,6.0625,Lenovo,16-inch,16GB,Apple,13-inch,4GB
1,-1.078125,5.6875,Lenovo,16-inch,16GB,Apple,13-inch,8GB
1,-0.00927734375,3.375,Lenovo,16-inch,16GB,Apple,13-inch,16GB
1,-9.3125,6.0625,Lenovo,16-inch,16GB,Apple,14-inch,4GB
1,-1.1640625,5.71875,Lenovo,16-inch,16GB,Apple,14-inch,8GB
1,0.03076171875,2.53125,Lenovo,16-inch,16GB,Apple,14-inch,16GB
1,-0.4140625,5.09375,Lenovo,16-inch,16GB,Apple,16-inch,4GB
1,-0.462890625,5.15625,Lenovo,16-inch,16GB,Apple,16-inch,8GB
1,0.017578125,2.890625,Lenovo,16-inch,16GB,Apple,16-inch,16GB
1,-1.8515625,5.90625,HP,13-inch,4GB,ASUS,13-inch,4GB
1,-18.25,6.0625,HP,13-inch,4GB,ASUS,13-inch,8GB
1,-1.34375,5.78125,HP,13-inch,4GB,ASUS,13-inch,16GB
1,-0.9921875,5.625,HP,13-inch,4GB,ASUS,14-inch,4GB
1,-16.25,6.0625,HP,13-inch,4GB,ASUS,14-inch,8GB
1,-0.19140625,4.5625,HP,13-inch,4GB,ASUS,14-inch,16GB
1,0.05859375,-0.1875,HP,13-inch,4GB,ASUS,16-inch,4GB
1,-0.5703125,5.3125,HP,13-inch,4GB,ASUS,16-inch,8GB
1,0.060302734375,-2.9375,HP,13-inch,4GB,ASUS,16-inch,16GB
1,-0.326171875,4.9375,HP,13-inch,4GB,Lenovo,13-inch,4GB
1,-18.875,6.0625,HP,13-inch,4GB,Lenovo,13-inch,8GB
1,-0.1650390625,4.46875,HP,13-inch,4GB,Lenovo,13-inch,16GB
1,-0.326171875,4.9375,HP,13-inch,4GB,Lenovo,14-inch,4GB
1,-16.5,6.0625,HP,13-inch,4GB,Lenovo,14-inch,8GB
1,0.0400390625,2.171875,HP,13-inch,4GB,Lenovo,14-inch,16GB
1,0.060546875,-3.0625,HP,13-inch,4GB,Lenovo,16-inch,4GB
1,-1.5390625,5.84375,HP,13-inch,4GB,Lenovo,16-inch,8GB
1,0.060546875,-4.1875,HP,13-inch,4GB,Lenovo,16-inch,16GB
1,-17.625,6.0625,HP,13-inch,4GB,HP,13-inch,8GB
1,0.048095703125,1.6875,HP,13-inch,4GB,HP,13-inch,16GB
1,-0.9140625,5.59375,HP,13-inch,4GB,HP,14-inch,4GB
1,-6.0625,6.0625,HP,13-inch,4GB,HP,14-inch,8GB
1,0.060546875,-6.0625,HP,13-inch,4GB,HP,14-inch,16GB
1,0.0224609375,2.78125,HP,13-inch,4GB,HP,16-inch,4GB
1,-0.03955078125,3.71875,HP,13-inch,4GB,HP,16-inch,8GB
1,0.060546875,-8.5625,HP,13-inch,4GB,HP,16-inch,16GB
1,-0.515625,5.25,HP,13-inch,4GB,Dell,13-inch,4GB
1,-14.4375,6.0625,HP,13-inch,4GB,Dell,13-inch,8GB
1,-0.05224609375,3.828125,HP,13-inch,4GB,Dell,13-inch,16GB
1,-0.515625,5.25,HP,13-inch,4GB,Dell,14-inch,4GB
1,-14.0625,6.0625,HP,13-inch,4GB,Dell,14-inch,8GB
1,0.048095703125,1.6875,HP,13-inch,4GB,Dell,14-inch,16GB
1,0.0595703125,-0.9375,HP,13-inch,4GB,Dell,16-inch,4GB
1,-0.1650390625,4.46875,HP,13-inch,4GB,Dell,16-inch,8GB
1,0.060546875,-5.3125,HP,13-inch,4GB,Dell,16-inch,16GB
1,-0.6328125,5.375,HP,13-inch,4GB,Apple,13-inch,4GB
1,-17.375,6.0625,HP,13-inch,4GB,Apple,13-inch,8GB
1,-8.0625,6.0625,HP,13-inch,4GB,Apple,13-inch,16GB
1,0.0576171875,0.1875,HP,13-inch,4GB,Apple,14-inch,4GB
1,-14.3125,6.0625,HP,13-inch,4GB,Apple,14-inch,8GB
1,-2.75,6.0,HP,13-inch,4GB,Apple,14-inch,16GB
1,0.060546875,-3.3125,HP,13-inch,4GB,Apple,16-inch,4GB
1,-1.640625,5.875,HP,13-inch,4GB,Apple,16-inch,8GB
1,0.0400390625,2.171875,HP,13-inch,4GB,Apple,16-inch,16GB
1,0.04248046875,2.03125,HP,13-inch,8GB,ASUS,13-inch,4GB
1,-1.4375,5.8125,HP,13-inch,8GB,ASUS,13-inch,8GB
1,0.060546875,-4.6875,HP,13-inch,8GB,ASUS,13-inch,16GB
1,-0.287109375,4.84375,HP,13-inch,8GB,ASUS,14-inch,4GB
1,-1.4375,5.8125,HP,13-inch,8GB,ASUS,14-inch,8GB
1,0.060546875,-5.5625,HP,13-inch,8GB,ASUS,14-inch,16GB
1,0.04248046875,2.03125,HP,13-inch,8GB,ASUS,16-inch,4GB
1,0.02685546875,2.65625,HP,13-inch,8GB,ASUS,16-inch,8GB
1,0.060546875,-6.6875,HP,13-inch,8GB,ASUS,16-inch,16GB
1,0.011962890625,3.015625,HP,13-inch,8GB,Lenovo,13-inch,4GB
1,-0.6953125,5.4375,HP,13-inch,8GB,Lenovo,13-inch,8GB
1,0.060546875,-3.6875,HP,13-inch,8GB,Lenovo,13-inch,16GB
1,-1.1640625,5.71875,HP,13-inch,8GB,Lenovo,14-inch,4GB
1,-2.171875,5.9375,HP,13-inch,8GB,Lenovo,14-inch,8GB
1,0.060546875,-5.8125,HP,13-inch,8GB,Lenovo,14-inch,16GB
1,0.017578125,2.890625,HP,13-inch,8GB,Lenovo,16-inch,4GB
1,0.0341796875,2.40625,HP,13-inch,8GB,Lenovo,16-inch,8GB
1,0.060546875,-6.8125,HP,13-inch,8GB,Lenovo,16-inch,16GB
1,-7.9375,6.0625,HP,13-inch,8GB,HP,13-inch,4GB
1,0.060302734375,-2.1875,HP,13-inch,8GB,HP,13-inch,16GB
1,-0.3671875,5.0,HP,13-inch,8GB,HP,14-inch,4GB
1,-1.34375,5.78125,HP,13-inch,8GB,HP,14-inch,8GB
1,0.060546875,-6.6875,HP,13-inch,8GB,HP,14-inch,16GB
1,-0.0283203125,3.59375,HP,13-inch,8GB,HP,16-inch,4GB
1,-0.1650390625,4.46875,HP,13-inch,8GB,HP,16-inch,8GB
1,0.060546875,-7.9375,HP,13-inch,8GB,HP,16-inch,16GB
1,0.05078125,1.4375,HP,13-inch,8GB,Dell,13-inch,4GB
1,-1.1640625,5.71875,HP,13-inch,8GB,Dell,13-inch,8GB
1,0.060546875,-6.3125,HP,13-inch,8GB,Dell,13-inch,16GB
1,-1.078125,5.6875,HP,13-inch,8GB,Dell,14-inch,4GB
1,-1.34375,5.78125,HP,13-inch,8GB,Dell,14-inch,8GB
1,0.060546875,-6.8125,HP,13-inch,8GB,Dell,14-inch,16GB
1,-0.00146484375,3.25,HP,13-inch,8GB,Dell,16-inch,4GB
1,0.011962890625,3.015625,HP,13-inch,8GB,Dell,16-inch,8GB
1,0.060546875,-7.8125,HP,13-inch,8GB,Dell,16-inch,16GB
1,0.048095703125,1.6875,HP,13-inch,8GB,Apple,13-inch,4GB
1,-0.251953125,4.75,HP,13-inch,8GB,Apple,13-inch,8GB
1,0.056396484375,0.5625,HP,13-inch,8GB,Apple,13-inch,16GB
1,0.005615234375,3.125,HP,13-inch,8GB,Apple,14-inch,4GB
1,0.056884765625,0.4375,HP,13-inch,8GB,Apple,14-inch,8GB
1,0.060302734375,-2.8125,HP,13-inch,8GB,Apple,14-inch,16GB
1,0.048095703125,1.6875,HP,13-inch,8GB,Apple,16-inch,4GB
1,0.0576171875,0.1875,HP,13-inch,8GB,Apple,16-inch,8GB
1,0.060546875,-5.3125,HP,13-inch,8GB,Apple,16-inch,16GB
1,-9.4375,6.0625,HP,13-inch,16GB,ASUS,13-inch,4GB
1,-0.220703125,4.65625,HP,13-inch,16GB,ASUS,13-inch,8GB
1,0.017578125,2.890625,HP,13-inch,16GB,ASUS,13-inch,16GB
1,-13.3125,6.0625,HP,13-inch,16GB,ASUS,14-inch,4GB
1,-0.00146484375,3.25,HP,13-inch,16GB,ASUS,14-inch,8GB
1,0.017578125,2.890625,HP,13-inch,16GB,ASUS,14-inch,16GB
1,-1.7421875,5.875,HP,13-inch,16GB,ASUS,16-inch,4GB
1,0.049560546875,1.5625,HP,13-inch,16GB,ASUS,16-inch,8GB
1,0.056884765625,0.4375,HP,13-inch,16GB,ASUS,16-inch,16GB
1,-9.1875,6.0625,HP,13-inch,16GB,Lenovo,13-inch,4GB
1,-0.03955078125,3.71875,HP,13-inch,16GB,Lenovo,13-inch,8GB
1,0.048095703125,1.6875,HP,13-inch,16GB,Lenovo,13-inch,16GB
1,-14.5625,6.0625,HP,13-inch,16GB,Lenovo,14-inch,4GB
1,-0.00146484375,3.25,HP,13-inch,16GB,Lenovo,14-inch,8GB
1,0.037353515625,2.296875,HP,13-inch,16GB,Lenovo,14-inch,16GB
1,-2.75,6.0,HP,13-inch,16GB,Lenovo,16-inch,4GB
1,0.048095703125,1.6875,HP,13-inch,16GB,Lenovo,16-inch,8GB
1,0.0537109375,1.0625,HP,13-inch,16GB,Lenovo,16-inch,16GB
1,-16.875,6.0625,HP,13-inch,16GB,HP,13-inch,4GB
1,-7.1875,6.0625,HP,13-inch,16GB,HP,13-inch,8GB
1,-17.25,6.0625,HP,13-inch,16GB,HP,14-inch,4GB
1,-0.251953125,4.75,HP,13-inch,16GB,HP,14-inch,8GB
1,-0.765625,5.5,HP,13-inch,16GB,HP,14-inch,16GB
1,-1.7421875,5.875,HP,13-inch,16GB,HP,16-inch,4GB
1,0.037353515625,2.296875,HP,13-inch,16GB,HP,16-inch,8GB
1,0.017578125,2.890625,HP,13-inch,16GB,HP,16-inch,16GB
1,-8.5625,6.0625,HP,13-inch,16GB,Dell,13-inch,4GB
1,-0.119140625,4.25,HP,13-inch,16GB,Dell,13-inch,8GB
1,0.048095703125,1.6875,HP,13-inch,16GB,Dell,13-inch,16GB
1,-12.9375,6.0625,HP,13-inch,16GB,Dell,14-inch,4GB
1,-0.05224609375,3.828125,HP,13-inch,16GB,Dell,14-inch,8GB
1,0.0537109375,1.0625,HP,13-inch,16GB,Dell,14-inch,16GB
1,-2.40625,5.96875,HP,13-inch,16GB,Dell,16-inch,4GB
1,0.04638671875,1.8125,HP,13-inch,16GB,Dell,16-inch,8GB
1,0.056396484375,0.5625,HP,13-inch,16GB,Dell,16-inch,16GB
1,-0.1650390625,4.46875,HP,13-inch,16GB,Apple,13-inch,4GB
1,-0.099609375,4.15625,HP,13-inch,16GB,Apple,13-inch,8GB
1,-0.19140625,4.5625,HP,13-inch,16GB,Apple,13-inch,16GB
1,-1.8515625,5.90625,HP,13-inch,16GB,Apple,14-inch,4GB
1,0.02685546875,2.65625,HP,13-inch,16GB,Apple,14-inch,8GB
1,0.048095703125,1.6875,HP,13-inch,16GB,Apple,14-inch,16GB
1,-0.0283203125,3.59375,HP,13-inch,16GB,Apple,16-inch,4GB
1,0.04638671875,1.8125,HP,13-inch,16GB,Apple,16-inch,8GB
1,0.048095703125,1.6875,HP,13-inch,16GB,Apple,16-inch,16GB
1,-2.0625,5.9375,HP,14-inch,4GB,ASUS,13-inch,4GB
1,-20.25,6.0625,HP,14-inch,4GB,ASUS,13-inch,8GB
1,-0.6328125,5.375,HP,14-inch,4GB,ASUS,13-inch,16GB
1,-1.4375,5.8125,HP,14-inch,4GB,ASUS,14-inch,4GB
1,-15.6875,6.0625,HP,14-inch,4GB,ASUS,14-inch,8GB
1,-1.078125,5.6875,HP,14-inch,4GB,ASUS,14-inch,16GB
1,0.057373046875,0.3125,HP,14-inch,4GB,ASUS,16-inch,4GB
1,-0.6328125,5.375,HP,14-inch,4GB,ASUS,16-inch,8GB
1,0.060546875,-3.8125,HP,14-inch,4GB,ASUS,16-inch,16GB
1,-0.515625,5.25,HP,14-inch,4GB,Lenovo,13-inch,4GB
1,-20.125,6.0625,HP,14-inch,4GB,Lenovo,13-inch,8GB
1,-0.0185546875,3.484375,HP,14-inch,4GB,Lenovo,13-inch,16GB
1,-0.19140625,4.5625,HP,14-inch,4GB,Lenovo,14-inch,4GB
1,-15.0625,6.0625,HP,14-inch,4GB,Lenovo,14-inch,8GB
1,-0.0283203125,3.59375,HP,14-inch,4GB,Lenovo,14-inch,16GB
1,0.060302734375,-2.1875,HP,14-inch,4GB,Lenovo,16-inch,4GB
1,-1.25,5.75,HP,14-inch,4GB,Lenovo,16-inch,8GB
1,0.060546875,-4.8125,HP,14-inch,4GB,Lenovo,16-inch,16GB
1,-0.515625,5.25,HP,14-inch,4GB,HP,13-inch,4GB
1,-10.9375,6.0625,HP,14-inch,4GB,HP,13-inch,8GB
1,0.060302734375,-1.9375,HP,14-inch,4GB,HP,13-inch,16GB
1,-16.625,6.0625,HP,14-inch,4GB,HP,14-inch,8GB
1,0.03076171875,2.53125,HP,14-inch,4GB,HP,14-inch,16GB
1,0.037353515625,2.296875,HP,14-inch,4GB,HP,16-inch,4GB
1,-0.251953125,4.75,HP,14-inch,4GB,HP,16-inch,8GB
1,0.060546875,-8.9375,HP,14-inch,4GB,HP,16-inch,16GB
1,-0.6953125,5.4375,HP,14-inch,4GB,Dell,13-inch,4GB
1,-18.125,6.0625,HP,14-inch,4GB,Dell,13-inch,8GB
1,-0.00146484375,3.25,HP,14-inch,4GB,Dell,13-inch,16GB
1,-0.515625,5.25,HP,14-inch,4GB,Dell,14-inch,4GB
1,-10.0625,6.0625,HP,14-inch,4GB,Dell,14-inch,8GB
1,0.017578125,2.890625,HP,14-inch,4GB,Dell,14-inch,16GB
1,0.059326171875,-0.6875,HP,14-inch,4GB,Dell,16-inch,4GB
1,-0.19140625,4.5625,HP,14-inch,4GB,Dell,16-inch,8GB
1,0.060546875,-6.5625,HP,14-inch,4GB,Dell,16-inch,16GB
1,-0.6328125,5.375,HP,14-inch,4GB,Apple,13-inch,4GB
1,-18.375,6.0625,HP,14-inch,4GB,Apple,13-inch,8GB
1,-7.4375,6.0625,HP,14-inch,4GB,Apple,13-inch,16GB
1,-0.515625,5.25,HP,14-inch,4GB,Apple,14-inch,4GB
1,-16.5,6.0625,HP,14-inch,4GB,Apple,14-inch,8GB
1,-8.5625,6.0625,HP,14-inch,4GB,Apple,14-inch,16GB
1,0.060546875,-3.1875,HP,14-inch,4GB,Apple,16-inch,4GB
1,-2.171875,5.9375,HP,14-inch,4GB,Apple,16-inch,8GB
1,0.03076171875,2.53125,HP,14-inch,4GB,Apple,16-inch,16GB
1,-9.8125,6.0625,HP,14-inch,8GB,ASUS,13-inch,4GB
1,-2.0625,5.9375,HP,14-inch,8GB,ASUS,13-inch,8GB
1,0.060302734375,-2.8125,HP,14-inch,8GB,ASUS,13-inch,16GB
1,-0.4140625,5.09375,HP,14-inch,8GB,ASUS,14-inch,4GB
1,-0.8359375,5.53125,HP,14-inch,8GB,ASUS,14-inch,8GB
1,0.060546875,-6.9375,HP,14-inch,8GB,ASUS,14-inch,16GB
1,0.04443359375,1.90625,HP,14-inch,8GB,ASUS,16-inch,4GB
1,0.04248046875,2.03125,HP,14-inch,8GB,ASUS,16-inch,8GB
1,0.060546875,-8.1875,HP,14-inch,8GB,ASUS,16-inch,16GB
1,-9.9375,6.0625,HP,14-inch,8GB,Lenovo,13-inch,4GB
1,-1.8515625,5.90625,HP,14-inch,8GB,Lenovo,13-inch,8GB
1,0.060546875,-3.6875,HP,14-inch,8GB,Lenovo,13-inch,16GB
1,-1.078125,5.6875,HP,14-inch,8GB,Lenovo,14-inch,4GB
1,-0.5703125,5.3125,HP,14-inch,8GB,Lenovo,14-inch,8GB
1,0.060546875,-6.8125,HP,14-inch,8GB,Lenovo,14-inch,16GB
1,0.011962890625,3.015625,HP,14-inch,8GB,Lenovo,16-inch,4GB
1,0.04638671875,1.8125,HP,14-inch,8GB,Lenovo,16-inch,8GB
1,0.060546875,-8.4375,HP,14-inch,8GB,Lenovo,16-inch,16GB
1,-13.6875,6.0625,HP,14-inch,8GB,HP,13-inch,4GB
1,-4.5625,6.0625,HP,14-inch,8GB,HP,13-inch,8GB
1,0.060546875,-4.4375,HP,14-inch,8GB,HP,13-inch,16GB
1,-10.8125,6.0625,HP,14-inch,8GB,HP,14-inch,4GB
1,0.060546875,-3.0625,HP,14-inch,8GB,HP,14-inch,16GB
1,-0.03955078125,3.71875,HP,14-inch,8GB,HP,16-inch,4GB
1,-0.06640625,3.9375,HP,14-inch,8GB,HP,16-inch,8GB
1,0.060546875,-8.4375,HP,14-inch,8GB,HP,16-inch,16GB
1,-11.1875,6.0625,HP,14-inch,8GB,Dell,13-inch,4GB
1,-1.34375,5.78125,HP,14-inch,8GB,Dell,13-inch,8GB
1,0.060546875,-4.0625,HP,14-inch,8GB,Dell,13-inch,16GB
1,-0.515625,5.25,HP,14-inch,8GB,Dell,14-inch,4GB
1,-0.5703125,5.3125,HP,14-inch,8GB,Dell,14-inch,8GB
1,0.060546875,-8.3125,HP,14-inch,8GB,Dell,14-inch,16GB
1,-0.00927734375,3.375,HP,14-inch,8GB,Dell,16-inch,4GB
1,0.037353515625,2.296875,HP,14-inch,8GB,Dell,16-inch,8GB
1,0.060546875,-8.8125,HP,14-inch,8GB,Dell,16-inch,16GB
1,-3.109375,6.03125,HP,14-inch,8GB,Apple,13-inch,4GB
1,-0.00146484375,3.25,HP,14-inch,8GB,Apple,13-inch,8GB
1,0.05908203125,-0.4375,HP,14-inch,8GB,Apple,13-inch,16GB
1,0.017578125,2.890625,HP,14-inch,8GB,Apple,14-inch,4GB
1,-0.099609375,4.15625,HP,14-inch,8GB,Apple,14-inch,8GB
1,0.060546875,-3.3125,HP,14-inch,8GB,Apple,14-inch,16GB
1,0.0537109375,1.0625,HP,14-inch,8GB,Apple,16-inch,4GB
1,0.058837890625,-0.3125,HP,14-inch,8GB,Apple,16-inch,8GB
1,0.060546875,-6.8125,HP,14-inch,8GB,Apple,16-inch,16GB
1,-20.375,6.0625,HP,14-inch,16GB,ASUS,13-inch,4GB
1,-0.6953125,5.4375,HP,14-inch,16GB,ASUS,13-inch,8GB
1,-0.0283203125,3.59375,HP,14-inch,16GB,ASUS,13-inch,16GB
1,-11.6875,6.0625,HP,14-inch,16GB,ASUS,14-inch,4GB
1,-0.287109375,4.84375,HP,14-inch,16GB,ASUS,14-inch,8GB
1,0.057373046875,0.3125,HP,14-inch,16GB,ASUS,14-inch,16GB
1,-2.984375,6.0,HP,14-inch,16GB,ASUS,16-inch,4GB
1,0.0400390625,2.171875,HP,14-inch,16GB,ASUS,16-inch,8GB
1,0.060302734375,-2.0625,HP,14-inch,16GB,ASUS,16-inch,16GB
1,-20.375,6.0625,HP,14-inch,16GB,Lenovo,13-inch,4GB
1,-0.6953125,5.4375,HP,14-inch,16GB,Lenovo,13-inch,8GB
1,0.011962890625,3.015625,HP,14-inch,16GB,Lenovo,13-inch,16GB
1,-12.1875,6.0625,HP,14-inch,16GB,Lenovo,14-inch,4GB
1,-0.099609375,4.15625,HP,14-inch,16GB,Lenovo,14-inch,8GB
1,0.05908203125,-0.4375,HP,14-inch,16GB,Lenovo,14-inch,16GB
1,-4.09375,6.03125,HP,14-inch,16GB,Lenovo,16-inch,4GB
1,0.048095703125,1.6875,HP,14-inch,16GB,Lenovo,16-inch,8GB
1,0.06005859375,-1.6875,HP,14-inch,16GB,Lenovo,16-inch,16GB
1,-20.125,6.0625,HP,14-inch,16GB,HP,13-inch,4GB
1,-2.625,6.0,HP,14-inch,16GB,HP,13-inch,8GB
1,-1.4375,5.8125,HP,14-inch,16GB,HP,13-inch,16GB
1,-17.375,6.0625,HP,14-inch,16GB,HP,14-inch,4GB
1,-6.9375,6.0625,HP,14-inch,16GB,HP,14-inch,8GB
1,-1.953125,5.90625,HP,14-inch,16GB,HP,16-inch,4GB
1,0.0224609375,2.78125,HP,14-inch,16GB,HP,16-inch,8GB
1,0.049560546875,1.5625,HP,14-inch,16GB,HP,16-inch,16GB
1,-20.25,6.0625,HP,14-inch,16GB,Dell,13-inch,4GB
1,-0.9921875,5.625,HP,14-inch,16GB,Dell,13-inch,8GB
1,0.052978515625,1.1875,HP,14-inch,16GB,Dell,13-inch,16GB
1,-11.4375,6.0625,HP,14-inch,16GB,Dell,14-inch,4GB
1,-0.4140625,5.09375,HP,14-inch,16GB,Dell,14-inch,8GB
1,0.058837890625,-0.3125,HP,14-inch,16GB,Dell,14-inch,16GB
1,-3.109375,6.03125,HP,14-inch,16GB,Dell,16-inch,4GB
1,0.0400390625,2.171875,HP,14-inch,16GB,Dell,16-inch,8GB
1,0.06005859375,-1.4375,HP,14-inch,16GB,Dell,16-inch,16GB
1,-10.5625,6.0625,HP,14-inch,16GB,Apple,13-inch,4GB
1,-0.1650390625,4.46875,HP,14-inch,16GB,Apple,13-inch,8GB
1,0.04638671875,1.8125,HP,14-inch,16GB,Apple,13-inch,16GB
1,-1.078125,5.6875,HP,14-inch,16GB,Apple,14-inch,4GB
1,-0.220703125,4.65625,HP,14-inch,16GB,Apple,14-inch,8GB
1,-0.00146484375,3.25,HP,14-inch,16GB,Apple,14-inch,16GB
1,-0.03955078125,3.71875,HP,14-inch,16GB,Apple,16-inch,4GB
1,0.0400390625,2.171875,HP,14-inch,16GB,Apple,16-inch,8GB
1,0.0576171875,0.1875,HP,14-inch,16GB,Apple,16-inch,16GB
1,-14.3125,6.0625,HP,16-inch,4GB,ASUS,13-inch,4GB
1,-23.0,6.0625,HP,16-inch,4GB,ASUS,13-inch,8GB
1,-6.4375,6.0625,HP,16-inch,4GB,ASUS,13-inch,16GB
1,-14.4375,6.0625,HP,16-inch,4GB,ASUS,14-inch,4GB
1,-21.25,6.0625,HP,16-inch,4GB,ASUS,14-inch,8GB
1,-4.5625,6.0625,HP,16-inch,4GB,ASUS,14-inch,16GB
1,-4.4375,6.0625,HP,16-inch,4GB,ASUS,16-inch,4GB
1,-18.875,6.0625,HP,16-inch,4GB,ASUS,16-inch,8GB
1,-9.3125,6.0625,HP,16-inch,4GB,ASUS,16-inch,16GB
1,-12.0625,6.0625,HP,16-inch,4GB,Lenovo,13-inch,4GB
1,-22.875,6.0625,HP,16-inch,4GB,Lenovo,13-inch,8GB
1,-4.09375,6.03125,HP,16-inch,4GB,Lenovo,13-inch,16GB
1,-12.8125,6.0625,HP,16-inch,4GB,Lenovo,14-inch,4GB
1,-21.625,6.0625,HP,16-inch,4GB,Lenovo,14-inch,8GB
1,-2.171875,5.9375,HP,16-inch,4GB,Lenovo,14-inch,16GB
1,-2.875,6.0,HP,16-inch,4GB,Lenovo,16-inch,4GB
1,-18.75,6.0625,HP,16-inch,4GB,Lenovo,16-inch,8GB
1,-4.5625,6.0625,HP,16-inch,4GB,Lenovo,16-inch,16GB
1,-10.4375,6.0625,HP,16-inch,4GB,HP,13-inch,4GB
1,-19.5,6.0625,HP,16-inch,4GB,HP,13-inch,8GB
1,-2.171875,5.9375,HP,16-inch,4GB,HP,13-inch,16GB
1,-10.9375,6.0625,HP,16-inch,4GB,HP,14-inch,4GB
1,-16.25,6.0625,HP,16-inch,4GB,HP,14-inch,8GB
1,-1.5390625,5.84375,HP,16-inch,4GB,HP,14-inch,16GB
1,-20.0,6.0625,HP,16-inch,4GB,HP,16-inch,8GB
1,-3.34375,6.03125,HP,16-inch,4GB,HP,16-inch,16GB
1,-12.1875,6.0625,HP,16-inch,4GB,Dell,13-inch,4GB
1,-22.25,6.0625,HP,16-inch,4GB,Dell,13-inch,8GB
1,-2.40625,5.96875,HP,16-inch,4GB,Dell,13-inch,16GB
1,-12.6875,6.0625,HP,16-inch,4GB,Dell,14-inch,4GB
1,-20.75,6.0625,HP,16-inch,4GB,Dell,14-inch,8GB
1,-1.8515625,5.90625,HP,16-inch,4GB,Dell,14-inch,16GB
1,-3.46875,6.03125,HP,16-inch,4GB,Dell,16-inch,4GB
1,-15.6875,6.0625,HP,16-inch,4GB,Dell,16-inch,8GB
1,-3.34375,6.03125,HP,16-inch,4GB,Dell,16-inch,16GB
1,-6.9375,6.0625,HP,16-inch,4GB,Apple,13-inch,4GB
1,-20.75,6.0625,HP,16-inch,4GB,Apple,13-inch,8GB
1,-15.4375,6.0625,HP,16-inch,4GB,Apple,13-inch,16GB
1,-5.8125,6.0625,HP,16-inch,4GB,Apple,14-inch,4GB
1,-19.875,6.0625,HP,16-inch,4GB,Apple,14-inch,8GB
1,-14.4375,6.0625,HP,16-inch,4GB,Apple,14-inch,16GB
1,-2.984375,6.0,HP,16-inch,4GB,Apple,16-inch,4GB
1,-19.375,6.0625,HP,16-inch,4GB,Apple,16-inch,8GB
1,-14.9375,6.0625,HP,16-inch,4GB,Apple,16-inch,16GB
1,-10.6875,6.0625,HP,16-inch,8GB,ASUS,13-inch,4GB
1,-7.5625,6.0625,HP,16-inch,8GB,ASUS,13-inch,8GB
1,-0.03955078125,3.71875,HP,16-inch,8GB,ASUS,13-inch,16GB
1,-10.3125,6.0625,HP,16-inch,8GB,ASUS,14-inch,4GB
1,-8.6875,6.0625,HP,16-inch,8GB,ASUS,14-inch,8GB
1,0.05078125,1.4375,HP,16-inch,8GB,ASUS,14-inch,16GB
1,-0.0283203125,3.59375,HP,16-inch,8GB,ASUS,16-inch,4GB
1,-3.96875,6.03125,HP,16-inch,8GB,ASUS,16-inch,8GB
1,0.060546875,-5.3125,HP,16-inch,8GB,ASUS,16-inch,16GB
1,-11.0625,6.0625,HP,16-inch,8GB,Lenovo,13-inch,4GB
1,-7.3125,6.0625,HP,16-inch,8GB,Lenovo,13-inch,8GB
1,0.017578125,2.890625,HP,16-inch,8GB,Lenovo,13-inch,16GB
1,-10.3125,6.0625,HP,16-inch,8GB,Lenovo,14-inch,4GB
1,-8.8125,6.0625,HP,16-inch,8GB,Lenovo,14-inch,8GB
1,0.058349609375,-0.0625,HP,16-inch,8GB,Lenovo,14-inch,16GB
1,-0.19140625,4.5625,HP,16-inch,8GB,Lenovo,16-inch,4GB
1,-2.515625,5.96875,HP,16-inch,8GB,Lenovo,16-inch,8GB
1,0.060546875,-5.1875,HP,16-inch,8GB,Lenovo,16-inch,16GB
1,-14.5625,6.0625,HP,16-inch,8GB,HP,13-inch,4GB
1,-9.6875,6.0625,HP,16-inch,8GB,HP,13-inch,8GB
1,-0.220703125,4.65625,HP,16-inch,8GB,HP,13-inch,16GB
1,-14.8125,6.0625,HP,16-inch,8GB,HP,14-inch,4GB
1,-10.3125,6.0625,HP,16-inch,8GB,HP,14-inch,8GB
1,0.005615234375,3.125,HP,16-inch,8GB,HP,14-inch,16GB
1,-10.5625,6.0625,HP,16-inch,8GB,HP,16-inch,4GB
1,0.0546875,0.9375,HP,16-inch,8GB,HP,16-inch,16GB
1,-11.4375,6.0625,HP,16-inch,8GB,Dell,13-inch,4GB
1,-7.3125,6.0625,HP,16-inch,8GB,Dell,13-inch,8GB
1,0.02685546875,2.65625,HP,16-inch,8GB,Dell,13-inch,16GB
1,-11.5625,6.0625,HP,16-inch,8GB,Dell,14-inch,4GB
1,-8.3125,6.0625,HP,16-inch,8GB,Dell,14-inch,8GB
1,0.0576171875,0.1875,HP,16-inch,8GB,Dell,14-inch,16GB
1,-0.06640625,3.9375,HP,16-inch,8GB,Dell,16-inch,4GB
1,-4.09375,6.03125,HP,16-inch,8GB,Dell,16-inch,8GB
1,0.060546875,-6.3125,HP,16-inch,8GB,Dell,16-inch,16GB
1,-3.59375,6.03125,HP,16-inch,8GB,Apple,13-inch,4GB
1,-0.6328125,5.375,HP,16-inch,8GB,Apple,13-inch,8GB
1,-0.119140625,4.25,HP,16-inch,8GB,Apple,13-inch,16GB
1,-2.40625,5.96875,HP,16-inch,8GB,Apple,14-inch,4GB
1,-0.3671875,5.0,HP,16-inch,8GB,Apple,14-inch,8GB
1,0.0224609375,2.78125,HP,16-inch,8GB,Apple,14-inch,16GB
1,0.0576171875,0.1875,HP,16-inch,8GB,Apple,16-inch,4GB
1,-0.765625,5.5,HP,16-inch,8GB,Apple,16-inch,8GB
1,0.06005859375,-1.6875,HP,16-inch,8GB,Apple,16-inch,16GB
1,-20.375,6.0625,HP,16-inch,16GB,ASUS,13-inch,4GB
1,-1.953125,5.90625,HP,16-inch,16GB,ASUS,13-inch,8GB
1,-0.5703125,5.3125,HP,16-inch,16GB,ASUS,13-inch,16GB
1,-19.5,6.0625,HP,16-inch,16GB,ASUS,14-inch,4GB
1,-1.953125,5.90625,HP,16-inch,16GB,ASUS,14-inch,8GB
1,-0.5703125,5.3125,HP,16-inch,16GB,ASUS,14-inch,16GB
1,-10.0625,6.0625,HP,16-inch,16GB,ASUS,16-inch,4GB
1,-0.6328125,5.375,HP,16-inch,16GB,ASUS,16-inch,8GB
1,-0.1650390625,4.46875,HP,16-inch,16GB,ASUS,16-inch,16GB
1,-20.125,6.0625,HP,16-inch,16GB,Lenovo,13-inch,4GB
1,-1.7421875,5.875,HP,16-inch,16GB,Lenovo,13-inch,8GB
1,-0.515625,5.25,HP,16-inch,16GB,Lenovo,13-inch,16GB
1,-19.5,6.0625,HP,16-inch,16GB,Lenovo,14-inch,4GB
1,-1.8515625,5.90625,HP,16-inch,16GB,Lenovo,14-inch,8GB
1,-0.4140625,5.09375,HP,16-inch,16GB,Lenovo,14-inch,16GB
1,-10.1875,6.0625,HP,16-inch,16GB,Lenovo,16-inch,4GB
1,-0.4140625,5.09375,HP,16-inch,16GB,Lenovo,16-inch,8GB
1,0.011962890625,3.015625,HP,16-inch,16GB,Lenovo,16-inch,16GB
1,-20.75,6.0625,HP,16-inch,16GB,HP,13-inch,4GB
1,-3.34375,6.03125,HP,16-inch,16GB,HP,13-inch,8GB
1,-2.75,6.0,HP,16-inch,16GB,HP,13-inch,16GB
1,-20.75,6.0625,HP,16-inch,16GB,HP,14-inch,4GB
1,-3.703125,6.03125,HP,16-inch,16GB,HP,14-inch,8GB
1,-2.40625,5.96875,HP,16-inch,16GB,HP,14-inch,16GB
1,-15.3125,6.0625,HP,16-inch,16GB,HP,16-inch,4GB
1,-3.828125,6.03125,HP,16-inch,16GB,HP,16-inch,8GB
1,-20.375,6.0625,HP,16-inch,16GB,Dell,13-inch,4GB
1,-1.7421875,5.875,HP,16-inch,16GB,Dell,13-inch,8GB
1,-0.220703125,4.65625,HP,16-inch,16GB,Dell,13-inch,16GB
1,-19.875,6.0625,HP,16-inch,16GB,Dell,14-inch,4GB
1,-2.0625,5.9375,HP,16-inch,16GB,Dell,14-inch,8GB
1,-0.119140625,4.25,HP,16-inch,16GB,Dell,14-inch,16GB
1,-10.3125,6.0625,HP,16-inch,16GB,Dell,16-inch,4GB
1,-0.462890625,5.15625,HP,16-inch,16GB,Dell,16-inch,8GB
1,0.02685546875,2.65625,HP,16-inch,16GB,Dell,16-inch,16GB
1,-11.6875,6.0625,HP,16-inch,16GB,Apple,13-inch,4GB
1,-0.8359375,5.53125,HP,16-inch,16GB,Apple,13-inch,8GB
1,0.005615234375,3.125,HP,16-inch,16GB,Apple,13-inch,16GB
1,-10.1875,6.0625,HP,16-inch,16GB,Apple,14-inch,4GB
1,-0.9921875,5.625,HP,16-inch,16GB,Apple,14-inch,8GB
1,0.037353515625,2.296875,HP,16-inch,16GB,Apple,14-inch,16GB
1,-0.515625,5.25,HP,16-inch,16GB,Apple,16-inch,4GB
1,-0.3671875,5.0,HP,16-inch,16GB,Apple,16-inch,8GB
1,-0.00927734375,3.375,HP,16-inch,16GB,Apple,16-inch,16GB
1,-1.640625,5.875,Dell,13-inch,4GB,ASUS,13-inch,4GB
1,-18.875,6.0625,Dell,13-inch,4GB,ASUS,13-inch,8GB
1,-2.0625,5.9375,Dell,13-inch,4GB,ASUS,13-inch,16GB
1,-0.765625,5.5,Dell,13-inch,4GB,ASUS,14-inch,4GB
1,-16.375,6.0625,Dell,13-inch,4GB,ASUS,14-inch,8GB
1,-0.765625,5.5,Dell,13-inch,4GB,ASUS,14-inch,16GB
1,0.056396484375,0.5625,Dell,13-inch,4GB,ASUS,16-inch,4GB
1,-0.4140625,5.09375,Dell,13-inch,4GB,ASUS,16-inch,8GB
1,0.060302734375,-1.9375,Dell,13-inch,4GB,ASUS,16-inch,16GB
1,-0.251953125,4.75,Dell,13-inch,4GB,Lenovo,13-inch,4GB
1,-16.75,6.0625,Dell,13-inch,4GB,Lenovo,13-inch,8GB
1,-0.3671875,5.0,Dell,13-inch,4GB,Lenovo,13-inch,16GB
1,-0.251953125,4.75,Dell,13-inch,4GB,Lenovo,14-inch,4GB
1,-15.0625,6.0625,Dell,13-inch,4GB,Lenovo,14-inch,8GB
1,0.0224609375,2.78125,Dell,13-inch,4GB,Lenovo,14-inch,16GB
1,0.06005859375,-1.6875,Dell,13-inch,4GB,Lenovo,16-inch,4GB
1,-0.4140625,5.09375,Dell,13-inch,4GB,Lenovo,16-inch,8GB
1,0.060546875,-4.5625,Dell,13-inch,4GB,Lenovo,16-inch,16GB
1,-0.19140625,4.5625,Dell,13-inch,4GB,HP,13-inch,4GB
1,-16.125,6.0625,Dell,13-inch,4GB,HP,13-inch,8GB
1,-0.9140625,5.59375,Dell,13-inch,4GB,HP,13-inch,16GB
1,-0.326171875,4.9375,Dell,13-inch,4GB,HP,14-inch,4GB
1,-13.3125,6.0625,Dell,13-inch,4GB,HP,14-inch,8GB
1,-0.06640625,3.9375,Dell,13-inch,4GB,HP,14-inch,16GB
1,0.05908203125,-0.4375,Dell,13-inch,4GB,HP,16-inch,4GB
1,-0.4140625,5.09375,Dell,13-inch,4GB,HP,16-inch,8GB
1,0.060546875,-3.5625,Dell,13-inch,4GB,HP,16-inch,16GB
1,-18.5,6.0625,Dell,13-inch,4GB,Dell,13-inch,8GB
1,0.03076171875,2.53125,Dell,13-inch,4GB,Dell,13-inch,16GB
1,-0.251953125,4.75,Dell,13-inch,4GB,Dell,14-inch,4GB
1,-3.34375,6.03125,Dell,13-inch,4GB,Dell,14-inch,8GB
1,0.060546875,-5.3125,Dell,13-inch,4GB,Dell,14-inch,16GB
1,-0.00146484375,3.25,Dell,13-inch,4GB,Dell,16-inch,4GB
1,0.052001953125,1.3125,Dell,13-inch,4GB,Dell,16-inch,8GB
1,0.060546875,-9.1875,Dell,13-inch,4GB,Dell,16-inch,16GB
1,0.03076171875,2.53125,Dell,13-inch,4GB,Apple,13-inch,4GB
1,-16.75,6.0625,Dell,13-inch,4GB,Apple,13-inch,8GB
1,-5.3125,6.0625,Dell,13-inch,4GB,Apple,13-inch,16GB
1,0.06005859375,-1.5625,Dell,13-inch,4GB,Apple,14-inch,4GB
1,-12.3125,6.0625,Dell,13-inch,4GB,Apple,14-inch,8GB
1,-0.9140625,5.59375,Dell,13-inch,4GB,Apple,14-inch,16GB
1,0.060546875,-3.4375,Dell,13-inch,4GB,Apple,16-inch,4GB
1,-0.8359375,5.53125,Dell,13-inch,4GB,Apple,16-inch,8GB
1,0.056396484375,0.5625,Dell,13-inch,4GB,Apple,16-inch,16GB
1,0.048095703125,1.6875,Dell,13-inch,8GB,ASUS,13-inch,4GB
1,-0.8359375,5.53125,Dell,13-inch,8GB,ASUS,13-inch,8GB
1,0.060546875,-4.0625,Dell,13-inch,8GB,ASUS,13-inch,16GB
1,-0.4140625,5.09375,Dell,13-inch,8GB,ASUS,14-inch,4GB
1,-1.34375,5.78125,Dell,13-inch,8GB,ASUS,14-inch,8GB
1,0.060546875,-4.6875,Dell,13-inch,8GB,ASUS,14-inch,16GB
1,0.037353515625,2.296875,Dell,13-inch,8GB,ASUS,16-inch,4GB
1,0.02685546875,2.65625,Dell,13-inch,8GB,ASUS,16-inch,8GB
1,0.060546875,-6.6875,Dell,13-inch,8GB,ASUS,16-inch,16GB
1,-0.0185546875,3.484375,Dell,13-inch,8GB,Lenovo,13-inch,4GB
1,-0.220703125,4.65625,Dell,13-inch,8GB,Lenovo,13-inch,8GB
1,0.060546875,-4.5625,Dell,13-inch,8GB,Lenovo,13-inch,16GB
1,-1.1640625,5.71875,Dell,13-inch,8GB,Lenovo,14-inch,4GB
1,-1.25,5.75,Dell,13-inch,8GB,Lenovo,14-inch,8GB
1,0.060546875,-5.6875,Dell,13-inch,8GB,Lenovo,14-inch,16GB
1,-0.03955078125,3.71875,Dell,13-inch,8GB,Lenovo,16-inch,4GB
1,0.017578125,2.890625,Dell,13-inch,8GB,Lenovo,16-inch,8GB
1,0.060546875,-6.9375,Dell,13-inch,8GB,Lenovo,16-inch,16GB
1,0.02685546875,2.65625,Dell,13-inch,8GB,HP,13-inch,4GB
1,-0.1650390625,4.46875,Dell,13-inch,8GB,HP,13-inch,8GB
1,0.060546875,-5.0625,Dell,13-inch,8GB,HP,13-inch,16GB
1,-0.8359375,5.53125,Dell,13-inch,8GB,HP,14-inch,4GB
1,-1.5390625,5.84375,Dell,13-inch,8GB,HP,14-inch,8GB
1,0.060546875,-5.6875,Dell,13-inch,8GB,HP,14-inch,16GB
1,-0.0283203125,3.59375,Dell,13-inch,8GB,HP,16-inch,4GB
1,-0.03955078125,3.71875,Dell,13-inch,8GB,HP,16-inch,8GB
1,0.060546875,-6.4375,Dell,13-inch,8GB,HP,16-inch,16GB
1,-5.5625,6.0625,Dell,13-inch,8GB,Dell,13-inch,4GB
1,0.0595703125,-0.9375,Dell,13-inch,8GB,Dell,13-inch,16GB
1,-0.08203125,4.0625,Dell,13-inch,8GB,Dell,14-inch,4GB
1,-1.25,5.75,Dell,13-inch,8GB,Dell,14-inch,8GB
1,0.060546875,-7.4375,Dell,13-inch,8GB,Dell,14-inch,16GB
1,0.04248046875,2.03125,Dell,13-inch,8GB,Dell,16-inch,4GB
1,-0.326171875,4.9375,Dell,13-inch,8GB,Dell,16-inch,8GB
1,0.060546875,-8.0625,Dell,13-inch,8GB,Dell,16-inch,16GB
1,0.052001953125,1.3125,Dell,13-inch,8GB,Apple,13-inch,4GB
1,-0.05224609375,3.828125,Dell,13-inch,8GB,Apple,13-inch,8GB
1,0.0595703125,-0.9375,Dell,13-inch,8GB,Apple,13-inch,16GB
1,0.0224609375,2.78125,Dell,13-inch,8GB,Apple,14-inch,4GB
1,0.058349609375,-0.0625,Dell,13-inch,8GB,Apple,14-inch,8GB
1,0.060302734375,-2.4375,Dell,13-inch,8GB,Apple,14-inch,16GB
1,0.05078125,1.4375,Dell,13-inch,8GB,Apple,16-inch,4GB
1,0.057373046875,0.3125,Dell,13-inch,8GB,Apple,16-inch,8GB
1,0.060546875,-4.6875,Dell,13-inch,8GB,Apple,16-inch,16GB
1,-11.0625,6.0625,Dell,13-inch,16GB,ASUS,13-inch,4GB
1,-0.140625,4.375,Dell,13-inch,16GB,ASUS,13-inch,8GB
1,-0.00146484375,3.25,Dell,13-inch,16GB,ASUS,13-inch,16GB
1,-13.8125,6.0625,Dell,13-inch,16GB,ASUS,14-inch,4GB
1,-0.0283203125,3.59375,Dell,13-inch,16GB,ASUS,14-inch,8GB
1,-0.1650390625,4.46875,Dell,13-inch,16GB,ASUS,14-inch,16GB
1,-2.0625,5.9375,Dell,13-inch,16GB,ASUS,16-inch,4GB
1,0.048095703125,1.6875,Dell,13-inch,16GB,ASUS,16-inch,8GB
1,0.052001953125,1.3125,Dell,13-inch,16GB,ASUS,16-inch,16GB
1,-11.5625,6.0625,Dell,13-inch,16GB,Lenovo,13-inch,4GB
1,-0.05224609375,3.828125,Dell,13-inch,16GB,Lenovo,13-inch,8GB
1,0.052978515625,1.1875,Dell,13-inch,16GB,Lenovo,13-inch,16GB
1,-15.5625,6.0625,Dell,13-inch,16GB,Lenovo,14-inch,4GB
1,0.005615234375,3.125,Dell,13-inch,16GB,Lenovo,14-inch,8GB
1,-0.03955078125,3.71875,Dell,13-inch,16GB,Lenovo,14-inch,16GB
1,-4.5625,6.0625,Dell,13-inch,16GB,Lenovo,16-inch,4GB
1,0.04638671875,1.8125,Dell,13-inch,16GB,Lenovo,16-inch,8GB
1,0.052978515625,1.1875,Dell,13-inch,16GB,Lenovo,16-inch,16GB
1,-12.3125,6.0625,Dell,13-inch,16GB,HP,13-inch,4GB
1,-0.119140625,4.25,Dell,13-inch,16GB,HP,13-inch,8GB
1,0.05517578125,0.8125,Dell,13-inch,16GB,HP,13-inch,16GB
1,-15.1875,6.0625,Dell,13-inch,16GB,HP,14-inch,4GB
1,-0.0283203125,3.59375,Dell,13-inch,16GB,HP,14-inch,8GB
1,0.03076171875,2.53125,Dell,13-inch,16GB,HP,14-inch,16GB
1,-3.59375,6.03125,Dell,13-inch,16GB,HP,16-inch,4GB
1,0.04248046875,2.03125,Dell,13-inch,16GB,HP,16-inch,8GB
1,0.05078125,1.4375,Dell,13-inch,16GB,HP,16-inch,16GB
1,-16.5,6.0625,Dell,13-inch,16GB,Dell,13-inch,4GB
1,-6.1875,6.0625,Dell,13-inch,16GB,Dell,13-inch,8GB
1,-16.625,6.0625,Dell,13-inch,16GB,Dell,14-inch,4GB
1,-0.08203125,4.0625,Dell,13-inch,16GB,Dell,14-inch,8GB
1,-1.5390625,5.84375,Dell,13-inch,16GB,Dell,14-inch,16GB
1,-1.34375,5.78125,Dell,13-inch,16GB,Dell,16-inch,4GB
1,0.04638671875,1.8125,Dell,13-inch,16GB,Dell,16-inch,8GB
1,-0.099609375,4.15625,Dell,13-inch,16GB,Dell,16-inch,16GB
1,-0.6953125,5.4375,Dell,13-inch,16GB,Apple,13-inch,4GB
1,-0.119140625,4.25,Dell,13-inch,16GB,Apple,13-inch,8GB
1,-0.00927734375,3.375,Dell,13-inch,16GB,Apple,13-inch,16GB
1,-2.171875,5.9375,Dell,13-inch,16GB,Apple,14-inch,4GB
1,-0.00146484375,3.25,Dell,13-inch,16GB,Apple,14-inch,8GB
1,0.05517578125,0.8125,Dell,13-inch,16GB,Apple,14-inch,16GB
1,-0.099609375,4.15625,Dell,13-inch,16GB,Apple,16-inch,4GB
1,0.04443359375,1.90625,Dell,13-inch,16GB,Apple,16-inch,8GB
1,0.048095703125,1.6875,Dell,13-inch,16GB,Apple,16-inch,16GB
1,-2.28125,5.96875,Dell,14-inch,4GB,ASUS,13-inch,4GB
1,-21.0,6.0625,Dell,14-inch,4GB,ASUS,13-inch,8GB
1,-2.875,6.0,Dell,14-inch,4GB,ASUS,13-inch,16GB
1,-1.25,5.75,Dell,14-inch,4GB,ASUS,14-inch,4GB
1,-16.375,6.0625,Dell,14-inch,4GB,ASUS,14-inch,8GB
1,-2.0625,5.9375,Dell,14-inch,4GB,ASUS,14-inch,16GB
1,0.0537109375,1.0625,Dell,14-inch,4GB,ASUS,16-inch,4GB
1,-0.6953125,5.4375,Dell,14-inch,4GB,ASUS,16-inch,8GB
1,0.060302734375,-2.4375,Dell,14-inch,4GB,ASUS,16-inch,16GB
1,-0.765625,5.5,Dell,14-inch,4GB,Lenovo,13-inch,4GB
1,-19.625,6.0625,Dell,14-inch,4GB,Lenovo,13-inch,8GB
1,-0.140625,4.375,Dell,14-inch,4GB,Lenovo,13-inch,16GB
1,-0.19140625,4.5625,Dell,14-inch,4GB,Lenovo,14-inch,4GB
1,-13.6875,6.0625,Dell,14-inch,4GB,Lenovo,14-inch,8GB
1,-0.06640625,3.9375,Dell,14-inch,4GB,Lenovo,14-inch,16GB
1,0.059326171875,-0.6875,Dell,14-inch,4GB,Lenovo,16-inch,4GB
1,-0.765625,5.5,Dell,14-inch,4GB,Lenovo,16-inch,8GB
1,0.060546875,-4.4375,Dell,14-inch,4GB,Lenovo,16-inch,16GB
1,-0.6328125,5.375,Dell,14-inch,4GB,HP,13-inch,4GB
1,-19.25,6.0625,Dell,14-inch,4GB,HP,13-inch,8GB
1,-0.6328125,5.375,Dell,14-inch,4GB,HP,13-inch,16GB
1,-0.251953125,4.75,Dell,14-inch,4GB,HP,14-inch,4GB
1,-12.9375,6.0625,Dell,14-inch,4GB,HP,14-inch,8GB
1,-0.462890625,5.15625,Dell,14-inch,4GB,HP,14-inch,16GB
1,0.056396484375,0.5625,Dell,14-inch,4GB,HP,16-inch,4GB
1,-0.8359375,5.53125,Dell,14-inch,4GB,HP,16-inch,8GB
1,0.060546875,-3.5625,Dell,14-inch,4GB,HP,16-inch,16GB
1,-0.6328125,5.375,Dell,14-inch,4GB,Dell,13-inch,4GB
1,-11.4375,6.0625,Dell,14-inch,4GB,Dell,13-inch,8GB
1,0.057373046875,0.3125,Dell,14-inch,4GB,Dell,13-inch,16GB
1,-16.875,6.0625,Dell,14-inch,4GB,Dell,14-inch,8GB
1,-0.05224609375,3.828125,Dell,14-inch,4GB,Dell,14-inch,16GB
1,-0.0185546875,3.484375,Dell,14-inch,4GB,Dell,16-inch,4GB
1,0.005615234375,3.125,Dell,14-inch,4GB,Dell,16-inch,8GB
1,0.060546875,-9.5625,Dell,14-inch,4GB,Dell,16-inch,16GB
1,-0.287109375,4.84375,Dell,14-inch,4GB,Apple,13-inch,4GB
1,-17.125,6.0625,Dell,14-inch,4GB,Apple,13-inch,8GB
1,-5.1875,6.0625,Dell,14-inch,4GB,Apple,13-inch,16GB
1,-0.00146484375,3.25,Dell,14-inch,4GB,Apple,14-inch,4GB
1,-15.6875,6.0625,Dell,14-inch,4GB,Apple,14-inch,8GB
1,-5.6875,6.0625,Dell,14-inch,4GB,Apple,14-inch,16GB
1,0.060546875,-3.4375,Dell,14-inch,4GB,Apple,16-inch,4GB
1,-1.8515625,5.90625,Dell,14-inch,4GB,Apple,16-inch,8GB
1,0.055419921875,0.8125,Dell,14-inch,4GB,Apple,16-inch,16GB
1,-8.9375,6.0625,Dell,14-inch,8GB,ASUS,13-inch,4GB
1,-2.984375,6.0,Dell,14-inch,8GB,ASUS,13-inch,8GB
1,0.059814453125,-1.0625,Dell,14-inch,8GB,ASUS,13-inch,16GB
1,-0.4140625,5.09375,Dell,14-inch,8GB,ASUS,14-inch,4GB
1,-0.6953125,5.4375,Dell,14-inch,8GB,ASUS,14-inch,8GB
1,0.060546875,-6.5625,Dell,14-inch,8GB,ASUS,14-inch,16GB
1,0.037353515625,2.296875,Dell,14-inch,8GB,ASUS,16-inch,4GB
1,0.017578125,2.890625,Dell,14-inch,8GB,ASUS,16-inch,8GB
1,0.060546875,-7.8125,Dell,14-inch,8GB,ASUS,16-inch,16GB
1,-9.9375,6.0625,Dell,14-inch,8GB,Lenovo,13-inch,4GB
1,-2.171875,5.9375,Dell,14-inch,8GB,Lenovo,13-inch,8GB
1,0.060546875,-3.0625,Dell,14-inch,8GB,Lenovo,13-inch,16GB
1,-2.0625,5.9375,Dell,14-inch,8GB,Lenovo,14-inch,4GB
1,-0.287109375,4.84375,Dell,14-inch,8GB,Lenovo,14-inch,8GB
1,0.060546875,-7.0625,Dell,14-inch,8GB,Lenovo,14-inch,16GB
1,-0.08203125,4.0625,Dell,14-inch,8GB,Lenovo,16-inch,4GB
1,0.017578125,2.890625,Dell,14-inch,8GB,Lenovo,16-inch,8GB
1,0.060546875,-8.0625,Dell,14-inch,8GB,Lenovo,16-inch,16GB
1,-10.6875,6.0625,Dell,14-inch,8GB,HP,13-inch,4GB
1,-2.40625,5.96875,Dell,14-inch,8GB,HP,13-inch,8GB
1,0.060302734375,-2.4375,Dell,14-inch,8GB,HP,13-inch,16GB
1,-1.640625,5.875,Dell,14-inch,8GB,HP,14-inch,4GB
1,-0.287109375,4.84375,Dell,14-inch,8GB,HP,14-inch,8GB
1,0.060546875,-7.3125,Dell,14-inch,8GB,HP,14-inch,16GB
1,-0.03955078125,3.71875,Dell,14-inch,8GB,HP,16-inch,4GB
1,-0.0283203125,3.59375,Dell,14-inch,8GB,HP,16-inch,8GB
1,0.060546875,-7.5625,Dell,14-inch,8GB,HP,16-inch,16GB
1,-12.8125,6.0625,Dell,14-inch,8GB,Dell,13-inch,4GB
1,-5.9375,6.0625,Dell,14-inch,8GB,Dell,13-inch,8GB
1,0.060302734375,-2.6875,Dell,14-inch,8GB,Dell,13-inch,16GB
1,-9.1875,6.0625,Dell,14-inch,8GB,Dell,14-inch,4GB
1,0.060302734375,-2.6875,Dell,14-inch,8GB,Dell,14-inch,16GB
1,-0.00146484375,3.25,Dell,14-inch,8GB,Dell,16-inch,4GB
1,-0.251953125,4.75,Dell,14-inch,8GB,Dell,16-inch,8GB
1,0.060546875,-8.3125,Dell,14-inch,8GB,Dell,16-inch,16GB
1,-2.875,6.0,Dell,14-inch,8GB,Apple,13-inch,4GB
1,-0.0283203125,3.59375,Dell,14-inch,8GB,Apple,13-inch,8GB
1,0.059326171875,-0.5625,Dell,14-inch,8GB,Apple,13-inch,16GB
1,0.0224609375,2.78125,Dell,14-inch,8GB,Apple,14-inch,4GB
1,0.011962890625,3.015625,Dell,14-inch,8GB,Apple,14-inch,8GB
1,0.060546875,-3.8125,Dell,14-inch,8GB,Apple,14-inch,16GB
1,0.052001953125,1.3125,Dell,14-inch,8GB,Apple,16-inch,4GB
1,0.05810546875,0.0625,Dell,14-inch,8GB,Apple,16-inch,8GB
1,0.060546875,-6.1875,Dell,14-inch,8GB,Apple,16-inch,16GB
1,-19.625,6.0625,Dell,14-inch,16GB,ASUS,13-inch,4GB
1,-0.8359375,5.53125,Dell,14-inch,16GB,ASUS,13-inch,8GB
1,-0.462890625,5.15625,Dell,14-inch,16GB,ASUS,13-inch,16GB
1,-12.0625,6.0625,Dell,14-inch,16GB,ASUS,14-inch,4GB
1,-0.326171875,4.9375,Dell,14-inch,16GB,ASUS,14-inch,8GB
1,0.04248046875,2.03125,Dell,14-inch,16GB,ASUS,14-inch,16GB
1,-3.46875,6.03125,Dell,14-inch,16GB,ASUS,16-inch,4GB
1,0.03076171875,2.53125,Dell,14-inch,16GB,ASUS,16-inch,8GB
1,0.059814453125,-1.1875,Dell,14-inch,16GB,ASUS,16-inch,16GB
1,-20.375,6.0625,Dell,14-inch,16GB,Lenovo,13-inch,4GB
1,-0.6953125,5.4375,Dell,14-inch,16GB,Lenovo,13-inch,8GB
1,-0.1650390625,4.46875,Dell,14-inch,16GB,Lenovo,13-inch,16GB
1,-14.6875,6.0625,Dell,14-inch,16GB,Lenovo,14-inch,4GB
1,-0.19140625,4.5625,Dell,14-inch,16GB,Lenovo,14-inch,8GB
1,0.059326171875,-0.5625,Dell,14-inch,16GB,Lenovo,14-inch,16GB
1,-6.5625,6.0625,Dell,14-inch,16GB,Lenovo,16-inch,4GB
1,0.0341796875,2.40625,Dell,14-inch,16GB,Lenovo,16-inch,8GB
1,0.059814453125,-1.0625,Dell,14-inch,16GB,Lenovo,16-inch,16GB
1,-21.25,6.0625,Dell,14-inch,16GB,HP,13-inch,4GB
1,-0.8359375,5.53125,Dell,14-inch,16GB,HP,13-inch,8GB
1,-0.119140625,4.25,Dell,14-inch,16GB,HP,13-inch,16GB
1,-14.3125,6.0625,Dell,14-inch,16GB,HP,14-inch,4GB
1,-0.4140625,5.09375,Dell,14-inch,16GB,HP,14-inch,8GB
1,0.05908203125,-0.4375,Dell,14-inch,16GB,HP,14-inch,16GB
1,-4.8125,6.0625,Dell,14-inch,16GB,HP,16-inch,4GB
1,0.02685546875,2.65625,Dell,14-inch,16GB,HP,16-inch,8GB
1,0.059814453125,-1.3125,Dell,14-inch,16GB,HP,16-inch,16GB
1,-20.0,6.0625,Dell,14-inch,16GB,Dell,13-inch,4GB
1,-2.875,6.0,Dell,14-inch,16GB,Dell,13-inch,8GB
1,-3.828125,6.03125,Dell,14-inch,16GB,Dell,13-inch,16GB
1,-17.125,6.0625,Dell,14-inch,16GB,Dell,14-inch,4GB
1,-5.9375,6.0625,Dell,14-inch,16GB,Dell,14-inch,8GB
1,-2.171875,5.9375,Dell,14-inch,16GB,Dell,16-inch,4GB
1,0.011962890625,3.015625,Dell,14-inch,16GB,Dell,16-inch,8GB
1,-0.00927734375,3.375,Dell,14-inch,16GB,Dell,16-inch,16GB
1,-10.3125,6.0625,Dell,14-inch,16GB,Apple,13-inch,4GB
1,-0.220703125,4.65625,Dell,14-inch,16GB,Apple,13-inch,8GB
1,0.052001953125,1.3125,Dell,14-inch,16GB,Apple,13-inch,16GB
1,-1.640625,5.875,Dell,14-inch,16GB,Apple,14-inch,4GB
1,-0.287109375,4.84375,Dell,14-inch,16GB,Apple,14-inch,8GB
1,0.037353515625,2.296875,Dell,14-inch,16GB,Apple,14-inch,16GB
1,-0.1650390625,4.46875,Dell,14-inch,16GB,Apple,16-inch,4GB
1,0.0341796875,2.40625,Dell,14-inch,16GB,Apple,16-inch,8GB
1,0.0576171875,0.1875,Dell,14-inch,16GB,Apple,16-inch,16GB
1,-13.6875,6.0625,Dell,16-inch,4GB,ASUS,13-inch,4GB
1,-23.5,6.0625,Dell,16-inch,4GB,ASUS,13-inch,8GB
1,-8.4375,6.0625,Dell,16-inch,4GB,ASUS,13-inch,16GB
1,-14.5625,6.0625,Dell,16-inch,4GB,ASUS,14-inch,4GB
1,-22.25,6.0625,Dell,16-inch,4GB,ASUS,14-inch,8GB
1,-6.9375,6.0625,Dell,16-inch,4GB,ASUS,14-inch,16GB
1,-4.9375,6.0625,Dell,16-inch,4GB,ASUS,16-inch,4GB
1,-20.25,6.0625,Dell,16-inch,4GB,ASUS,16-inch,8GB
1,-12.0625,6.0625,Dell,16-inch,4GB,ASUS,16-inch,16GB
1,-12.1875,6.0625,Dell,16-inch,4GB,Lenovo,13-inch,4GB
1,-23.25,6.0625,Dell,16-inch,4GB,Lenovo,13-inch,8GB
1,-6.3125,6.0625,Dell,16-inch,4GB,Lenovo,13-inch,16GB
1,-12.9375,6.0625,Dell,16-inch,4GB,Lenovo,14-inch,4GB
1,-22.0,6.0625,Dell,16-inch,4GB,Lenovo,14-inch,8GB
1,-3.703125,6.03125,Dell,16-inch,4GB,Lenovo,14-inch,16GB
1,-2.75,6.0,Dell,16-inch,4GB,Lenovo,16-inch,4GB
1,-18.625,6.0625,Dell,16-inch,4GB,Lenovo,16-inch,8GB
1,-5.3125,6.0625,Dell,16-inch,4GB,Lenovo,16-inch,16GB
1,-11.9375,6.0625,Dell,16-inch,4GB,HP,13-inch,4GB
1,-22.625,6.0625,Dell,16-inch,4GB,HP,13-inch,8GB
1,-5.9375,6.0625,Dell,16-inch,4GB,HP,13-inch,16GB
1,-12.3125,6.0625,Dell,16-inch,4GB,HP,14-inch,4GB
1,-21.375,6.0625,Dell,16-inch,4GB,HP,14-inch,8GB
1,-4.09375,6.03125,Dell,16-inch,4GB,HP,14-inch,16GB
1,-2.984375,6.0,Dell,16-inch,4GB,HP,16-inch,4GB
1,-18.375,6.0625,Dell,16-inch,4GB,HP,16-inch,8GB
1,-7.0625,6.0625,Dell,16-inch,4GB,HP,16-inch,16GB
1,-10.8125,6.0625,Dell,16-inch,4GB,Dell,13-inch,4GB
1,-20.0,6.0625,Dell,16-inch,4GB,Dell,13-inch,8GB
1,-5.1875,6.0625,Dell,16-inch,4GB,Dell,13-inch,16GB
1,-11.1875,6.0625,Dell,16-inch,4GB,Dell,14-inch,4GB
1,-17.875,6.0625,Dell,16-inch,4GB,Dell,14-inch,8GB
1,-3.703125,6.03125,Dell,16-inch,4GB,Dell,14-inch,16GB
1,-20.5,6.0625,Dell,16-inch,4GB,Dell,16-inch,8GB
1,-10.0625,6.0625,Dell,16-inch,4GB,Dell,16-inch,16GB
1,-6.5625,6.0625,Dell,16-inch,4GB,Apple,13-inch,4GB
1,-20.5,6.0625,Dell,16-inch,4GB,Apple,13-inch,8GB
1,-14.6875,6.0625,Dell,16-inch,4GB,Apple,13-inch,16GB
1,-4.6875,6.0625,Dell,16-inch,4GB,Apple,14-inch,4GB
1,-20.0,6.0625,Dell,16-inch,4GB,Apple,14-inch,8GB
1,-13.9375,6.0625,Dell,16-inch,4GB,Apple,14-inch,16GB
1,-1.640625,5.875,Dell,16-inch,4GB,Apple,16-inch,4GB
1,-20.0,6.0625,Dell,16-inch,4GB,Apple,16-inch,8GB
1,-14.9375,6.0625,Dell,16-inch,4GB,Apple,16-inch,16GB
1,-9.0625,6.0625,Dell,16-inch,8GB,ASUS,13-inch,4GB
1,-7.3125,6.0625,Dell,16-inch,8GB,ASUS,13-inch,8GB
1,-0.140625,4.375,Dell,16-inch,8GB,ASUS,13-inch,16GB
1,-8.4375,6.0625,Dell,16-inch,8GB,ASUS,14-inch,4GB
1,-9.1875,6.0625,Dell,16-inch,8GB,ASUS,14-inch,8GB
1,0.0400390625,2.171875,Dell,16-inch,8GB,ASUS,14-inch,16GB
1,0.005615234375,3.125,Dell,16-inch,8GB,ASUS,16-inch,4GB
1,-2.984375,6.0,Dell,16-inch,8GB,ASUS,16-inch,8GB
1,0.060546875,-5.3125,Dell,16-inch,8GB,ASUS,16-inch,16GB
1,-11.0625,6.0625,Dell,16-inch,8GB,Lenovo,13-inch,4GB
1,-7.5625,6.0625,Dell,16-inch,8GB,Lenovo,13-inch,8GB
1,-0.08203125,4.0625,Dell,16-inch,8GB,Lenovo,13-inch,16GB
1,-10.4375,6.0625,Dell,16-inch,8GB,Lenovo,14-inch,4GB
1,-8.6875,6.0625,Dell,16-inch,8GB,Lenovo,14-inch,8GB
1,0.05078125,1.4375,Dell,16-inch,8GB,Lenovo,14-inch,16GB
1,-0.6328125,5.375,Dell,16-inch,8GB,Lenovo,16-inch,4GB
1,-1.8515625,5.90625,Dell,16-inch,8GB,Lenovo,16-inch,8GB
1,0.060546875,-4.9375,Dell,16-inch,8GB,Lenovo,16-inch,16GB
1,-10.8125,6.0625,Dell,16-inch,8GB,HP,13-inch,4GB
1,-7.6875,6.0625,Dell,16-inch,8GB,HP,13-inch,8GB
1,-0.119140625,4.25,Dell,16-inch,8GB,HP,13-inch,16GB
1,-10.6875,6.0625,Dell,16-inch,8GB,HP,14-inch,4GB
1,-9.1875,6.0625,Dell,16-inch,8GB,HP,14-inch,8GB
1,0.037353515625,2.296875,Dell,16-inch,8GB,HP,14-inch,16GB
1,-0.326171875,4.9375,Dell,16-inch,8GB,HP,16-inch,4GB
1,-2.515625,5.96875,Dell,16-inch,8GB,HP,16-inch,8GB
1,0.060546875,-4.9375,Dell,16-inch,8GB,HP,16-inch,16GB
1,-13.3125,6.0625,Dell,16-inch,8GB,Dell,13-inch,4GB
1,-11.0625,6.0625,Dell,16-inch,8GB,Dell,13-inch,8GB
1,-0.9140625,5.59375,Dell,16-inch,8GB,Dell,13-inch,16GB
1,-13.9375,6.0625,Dell,16-inch,8GB,Dell,14-inch,4GB
1,-10.8125,6.0625,Dell,16-inch,8GB,Dell,14-inch,8GB
1,-0.3671875,5.0,Dell,16-inch,8GB,Dell,14-inch,16GB
1,-8.5625,6.0625,Dell,16-inch,8GB,Dell,16-inch,4GB
1,0.03076171875,2.53125,Dell,16-inch,8GB,Dell,16-inch,16GB
1,-2.515625,5.96875,Dell,16-inch,8GB,Apple,13-inch,4GB
1,-0.6328125,5.375,Dell,16-inch,8GB,Apple,13-inch,8GB
1,-0.08203125,4.0625,Dell,16-inch,8GB,Apple,13-inch,16GB
1,-1.640625,5.875,Dell,16-inch,8GB,Apple,14-inch,4GB
1,-0.287109375,4.84375,Dell,16-inch,8GB,Apple,14-inch,8GB
1,0.0224609375,2.78125,Dell,16-inch,8GB,Apple,14-inch,16GB
1,0.059326171875,-0.5625,Dell,16-inch,8GB,Apple,16-inch,4GB
1,-0.251953125,4.75,Dell,16-inch,8GB,Apple,16-inch,8GB
1,0.060302734375,-2.1875,Dell,16-inch,8GB,Apple,16-inch,16GB
1,-18.875,6.0625,Dell,16-inch,16GB,ASUS,13-inch,4GB
1,-2.171875,5.9375,Dell,16-inch,16GB,ASUS,13-inch,8GB
1,-0.9140625,5.59375,Dell,16-inch,16GB,ASUS,13-inch,16GB
1,-18.375,6.0625,Dell,16-inch,16GB,ASUS,14-inch,4GB
1,-2.515625,5.96875,Dell,16-inch,16GB,ASUS,14-inch,8GB
1,-1.25,5.75,Dell,16-inch,16GB,ASUS,14-inch,16GB
1,-9.8125,6.0625,Dell,16-inch,16GB,ASUS,16-inch,4GB
1,-0.8359375,5.53125,Dell,16-inch,16GB,ASUS,16-inch,8GB
1,-0.287109375,4.84375,Dell,16-inch,16GB,ASUS,16-inch,16GB
1,-19.125,6.0625,Dell,16-inch,16GB,Lenovo,13-inch,4GB
1,-2.28125,5.96875,Dell,16-inch,16GB,Lenovo,13-inch,8GB
1,-0.765625,5.5,Dell,16-inch,16GB,Lenovo,13-inch,16GB
1,-19.75,6.0625,Dell,16-inch,16GB,Lenovo,14-inch,4GB
1,-2.0625,5.9375,Dell,16-inch,16GB,Lenovo,14-inch,8GB
1,-0.9140625,5.59375,Dell,16-inch,16GB,Lenovo,14-inch,16GB
1,-11.3125,6.0625,Dell,16-inch,16GB,Lenovo,16-inch,4GB
1,-0.6328125,5.375,Dell,16-inch,16GB,Lenovo,16-inch,8GB
1,0.011962890625,3.015625,Dell,16-inch,16GB,Lenovo,16-inch,16GB
1,-20.125,6.0625,Dell,16-inch,16GB,HP,13-inch,4GB
1,-2.28125,5.96875,Dell,16-inch,16GB,HP,13-inch,8GB
1,-0.8359375,5.53125,Dell,16-inch,16GB,HP,13-inch,16GB
1,-19.75,6.0625,Dell,16-inch,16GB,HP,14-inch,4GB
1,-2.28125,5.96875,Dell,16-inch,16GB,HP,14-inch,8GB
1,-0.9921875,5.625,Dell,16-inch,16GB,HP,14-inch,16GB
1,-11.1875,6.0625,Dell,16-inch,16GB,HP,16-inch,4GB
1,-0.765625,5.5,Dell,16-inch,16GB,HP,16-inch,8GB
1,0.037109375,2.296875,Dell,16-inch,16GB,HP,16-inch,16GB
1,-20.5,6.0625,Dell,16-inch,16GB,Dell,13-inch,4GB
1,-4.1875,6.0625,Dell,16-inch,16GB,Dell,13-inch,8GB
1,-4.09375,6.03125,Dell,16-inch,16GB,Dell,13-inch,16GB
1,-20.5,6.0625,Dell,16-inch,16GB,Dell,14-inch,4GB
1,-4.5625,6.0625,Dell,16-inch,16GB,Dell,14-inch,8GB
1,-3.46875,6.03125,Dell,16-inch,16GB,Dell,14-inch,16GB
1,-14.8125,6.0625,Dell,16-inch,16GB,Dell,16-inch,4GB
1,-3.46875,6.03125,Dell,16-inch,16GB,Dell,16-inch,8GB
1,-10.8125,6.0625,Dell,16-inch,16GB,Apple,13-inch,4GB
1,-1.34375,5.78125,Dell,16-inch,16GB,Apple,13-inch,8GB
1,-0.0283203125,3.59375,Dell,16-inch,16GB,Apple,13-inch,16GB
1,-9.4375,6.0625,Dell,16-inch,16GB,Apple,14-inch,4GB
1,-1.4375,5.8125,Dell,16-inch,16GB,Apple,14-inch,8GB
1,0.017578125,2.890625,Dell,16-inch,16GB,Apple,14-inch,16GB
1,-0.6328125,5.375,Dell,16-inch,16GB,Apple,16-inch,4GB
1,-0.515625,5.25,Dell,16-inch,16GB,Apple,16-inch,8GB
1,0.0224609375,2.78125,Dell,16-inch,16GB,Apple,16-inch,16GB
1,-3.46875,6.03125,Apple,13-inch,4GB,ASUS,13-inch,4GB
1,-23.625,6.0625,Apple,13-inch,4GB,ASUS,13-inch,8GB
1,-16.5,6.0625,Apple,13-inch,4GB,ASUS,13-inch,16GB
1,-6.0625,6.0625,Apple,13-inch,4GB,ASUS,14-inch,4GB
1,-23.0,6.0625,Apple,13-inch,4GB,ASUS,14-inch,8GB
1,-16.25,6.0625,Apple,13-inch,4GB,ASUS,14-inch,16GB
1,-5.5625,6.0625,Apple,13-inch,4GB,ASUS,16-inch,4GB
1,-17.375,6.0625,Apple,13-inch,4GB,ASUS,16-inch,8GB
1,-5.8125,6.0625,Apple,13-inch,4GB,ASUS,16-inch,16GB
1,-2.28125,5.96875,Apple,13-inch,4GB,Lenovo,13-inch,4GB
1,-23.125,6.0625,Apple,13-inch,4GB,Lenovo,13-inch,8GB
1,-13.3125,6.0625,Apple,13-inch,4GB,Lenovo,13-inch,16GB
1,-4.6875,6.0625,Apple,13-inch,4GB,Lenovo,14-inch,4GB
1,-22.75,6.0625,Apple,13-inch,4GB,Lenovo,14-inch,8GB
1,-12.4375,6.0625,Apple,13-inch,4GB,Lenovo,14-inch,16GB
1,-1.4375,5.8125,Apple,13-inch,4GB,Lenovo,16-inch,4GB
1,-17.25,6.0625,Apple,13-inch,4GB,Lenovo,16-inch,8GB
1,-3.703125,6.03125,Apple,13-inch,4GB,Lenovo,16-inch,16GB
1,-1.8515625,5.90625,Apple,13-inch,4GB,HP,13-inch,4GB
1,-22.375,6.0625,Apple,13-inch,4GB,HP,13-inch,8GB
1,-14.3125,6.0625,Apple,13-inch,4GB,HP,13-inch,16GB
1,-4.9375,6.0625,Apple,13-inch,4GB,HP,14-inch,4GB
1,-22.0,6.0625,Apple,13-inch,4GB,HP,14-inch,8GB
1,-13.4375,6.0625,Apple,13-inch,4GB,HP,14-inch,16GB
1,-2.984375,6.0,Apple,13-inch,4GB,HP,16-inch,4GB
1,-17.0,6.0625,Apple,13-inch,4GB,HP,16-inch,8GB
1,-3.59375,6.03125,Apple,13-inch,4GB,HP,16-inch,16GB
1,-2.0625,5.9375,Apple,13-inch,4GB,Dell,13-inch,4GB
1,-22.125,6.0625,Apple,13-inch,4GB,Dell,13-inch,8GB
1,-10.9375,6.0625,Apple,13-inch,4GB,Dell,13-inch,16GB
1,-4.09375,6.03125,Apple,13-inch,4GB,Dell,14-inch,4GB
1,-21.75,6.0625,Apple,13-inch,4GB,Dell,14-inch,8GB
1,-10.3125,6.0625,Apple,13-inch,4GB,Dell,14-inch,16GB
1,-2.28125,5.96875,Apple,13-inch,4GB,Dell,16-inch,4GB
1,-14.3125,6.0625,Apple,13-inch,4GB,Dell,16-inch,8GB
1,-0.9140625,5.59375,Apple,13-inch,4GB,Dell,16-inch,16GB
1,-23.0,6.0625,Apple,13-inch,4GB,Apple,13-inch,8GB
1,-8.9375,6.0625,Apple,13-inch,4GB,Apple,13-inch,16GB
1,-2.515625,5.96875,Apple,13-inch,4GB,Apple,14-inch,4GB
1,-20.625,6.0625,Apple,13-inch,4GB,Apple,14-inch,8GB
1,-0.00146484375,3.25,Apple,13-inch,4GB,Apple,14-inch,16GB
1,-2.515625,5.96875,Apple,13-inch,4GB,Apple,16-inch,4GB
1,-13.6875,6.0625,Apple,13-inch,4GB,Apple,16-inch,8GB
1,0.052978515625,1.1875,Apple,13-inch,4GB,Apple,16-inch,16GB
1,0.06005859375,-1.6875,Apple,13-inch,8GB,ASUS,13-inch,4GB
1,-1.7421875,5.875,Apple,13-inch,8GB,ASUS,13-inch,8GB
1,0.060302734375,-2.3125,Apple,13-inch,8GB,ASUS,13-inch,16GB
1,-0.00146484375,3.25,Apple,13-inch,8GB,ASUS,14-inch,4GB
1,-2.40625,5.96875,Apple,13-inch,8GB,ASUS,14-inch,8GB
1,0.060546875,-3.3125,Apple,13-inch,8GB,ASUS,14-inch,16GB
1,0.0576171875,0.1875,Apple,13-inch,8GB,ASUS,16-inch,4GB
1,-0.220703125,4.65625,Apple,13-inch,8GB,ASUS,16-inch,8GB
1,0.060546875,-5.1875,Apple,13-inch,8GB,ASUS,16-inch,16GB
1,0.05078125,1.4375,Apple,13-inch,8GB,Lenovo,13-inch,4GB
1,-1.078125,5.6875,Apple,13-inch,8GB,Lenovo,13-inch,8GB
1,0.060302734375,-2.3125,Apple,13-inch,8GB,Lenovo,13-inch,16GB
1,-0.099609375,4.15625,Apple,13-inch,8GB,Lenovo,14-inch,4GB
1,-1.8515625,5.90625,Apple,13-inch,8GB,Lenovo,14-inch,8GB
1,0.060546875,-4.0625,Apple,13-inch,8GB,Lenovo,14-inch,16GB
1,0.052001953125,1.3125,Apple,13-inch,8GB,Lenovo,16-inch,4GB
1,-0.08203125,4.0625,Apple,13-inch,8GB,Lenovo,16-inch,8GB
1,0.060546875,-5.3125,Apple,13-inch,8GB,Lenovo,16-inch,16GB
1,0.056396484375,0.5625,Apple,13-inch,8GB,HP,13-inch,4GB
1,-1.25,5.75,Apple,13-inch,8GB,HP,13-inch,8GB
1,0.060546875,-3.0625,Apple,13-inch,8GB,HP,13-inch,16GB
1,-0.3671875,5.0,Apple,13-inch,8GB,HP,14-inch,4GB
1,-2.28125,5.96875,Apple,13-inch,8GB,HP,14-inch,8GB
1,0.060546875,-4.1875,Apple,13-inch,8GB,HP,14-inch,16GB
1,0.04248046875,2.03125,Apple,13-inch,8GB,HP,16-inch,4GB
1,-0.251953125,4.75,Apple,13-inch,8GB,HP,16-inch,8GB
1,0.060546875,-5.4375,Apple,13-inch,8GB,HP,16-inch,16GB
1,0.0595703125,-0.8125,Apple,13-inch,8GB,Dell,13-inch,4GB
1,-1.25,5.75,Apple,13-inch,8GB,Dell,13-inch,8GB
1,0.060546875,-4.1875,Apple,13-inch,8GB,Dell,13-inch,16GB
1,-0.0283203125,3.59375,Apple,13-inch,8GB,Dell,14-inch,4GB
1,-1.34375,5.78125,Apple,13-inch,8GB,Dell,14-inch,8GB
1,0.060546875,-5.0625,Apple,13-inch,8GB,Dell,14-inch,16GB
1,0.057373046875,0.3125,Apple,13-inch,8GB,Dell,16-inch,4GB
1,-0.140625,4.375,Apple,13-inch,8GB,Dell,16-inch,8GB
1,0.060546875,-6.3125,Apple,13-inch,8GB,Dell,16-inch,16GB
1,-1.25,5.75,Apple,13-inch,8GB,Apple,13-inch,4GB
1,0.0224609375,2.78125,Apple,13-inch,8GB,Apple,13-inch,16GB
1,0.059326171875,-0.6875,Apple,13-inch,8GB,Apple,14-inch,4GB
1,-0.515625,5.25,Apple,13-inch,8GB,Apple,14-inch,8GB
1,0.060546875,-5.3125,Apple,13-inch,8GB,Apple,14-inch,16GB
1,0.059814453125,-1.0625,Apple,13-inch,8GB,Apple,16-inch,4GB
1,-0.6328125,5.375,Apple,13-inch,8GB,Apple,16-inch,8GB
1,0.060546875,-6.6875,Apple,13-inch,8GB,Apple,16-inch,16GB
1,-5.5625,6.0625,Apple,13-inch,16GB,ASUS,13-inch,4GB
1,0.04638671875,1.8125,Apple,13-inch,16GB,ASUS,13-inch,8GB
1,-0.4140625,5.09375,Apple,13-inch,16GB,ASUS,13-inch,16GB
1,-9.1875,6.0625,Apple,13-inch,16GB,ASUS,14-inch,4GB
1,0.04248046875,2.03125,Apple,13-inch,16GB,ASUS,14-inch,8GB
1,-0.326171875,4.9375,Apple,13-inch,16GB,ASUS,14-inch,16GB
1,-1.1640625,5.71875,Apple,13-inch,16GB,ASUS,16-inch,4GB
1,0.05078125,1.4375,Apple,13-inch,16GB,ASUS,16-inch,8GB
1,-0.08203125,4.0625,Apple,13-inch,16GB,ASUS,16-inch,16GB
1,-7.5625,6.0625,Apple,13-inch,16GB,Lenovo,13-inch,4GB
1,0.04443359375,1.90625,Apple,13-inch,16GB,Lenovo,13-inch,8GB
1,-0.119140625,4.25,Apple,13-inch,16GB,Lenovo,13-inch,16GB
1,-11.4375,6.0625,Apple,13-inch,16GB,Lenovo,14-inch,4GB
1,0.04443359375,1.90625,Apple,13-inch,16GB,Lenovo,14-inch,8GB
1,-0.140625,4.375,Apple,13-inch,16GB,Lenovo,14-inch,16GB
1,-1.34375,5.78125,Apple,13-inch,16GB,Lenovo,16-inch,4GB
1,0.052978515625,1.1875,Apple,13-inch,16GB,Lenovo,16-inch,8GB
1,-0.08203125,4.0625,Apple,13-inch,16GB,Lenovo,16-inch,16GB
1,-7.6875,6.0625,Apple,13-inch,16GB,HP,13-inch,4GB
1,0.04443359375,1.90625,Apple,13-inch,16GB,HP,13-inch,8GB
1,-0.03955078125,3.71875,Apple,13-inch,16GB,HP,13-inch,16GB
1,-11.0625,6.0625,Apple,13-inch,16GB,HP,14-inch,4GB
1,0.0400390625,2.171875,Apple,13-inch,16GB,HP,14-inch,8GB
1,-0.0283203125,3.59375,Apple,13-inch,16GB,HP,14-inch,16GB
1,-2.625,6.0,Apple,13-inch,16GB,HP,16-inch,4GB
1,0.05078125,1.4375,Apple,13-inch,16GB,HP,16-inch,8GB
1,-0.0185546875,3.484375,Apple,13-inch,16GB,HP,16-inch,16GB
1,-4.1875,6.0625,Apple,13-inch,16GB,Dell,13-inch,4GB
1,0.04248046875,2.03125,Apple,13-inch,16GB,Dell,13-inch,8GB
1,0.005615234375,3.125,Apple,13-inch,16GB,Dell,13-inch,16GB
1,-8.1875,6.0625,Apple,13-inch,16GB,Dell,14-inch,4GB
1,0.04443359375,1.90625,Apple,13-inch,16GB,Dell,14-inch,8GB
1,0.0224609375,2.78125,Apple,13-inch,16GB,Dell,14-inch,16GB
1,-0.6328125,5.375,Apple,13-inch,16GB,Dell,16-inch,4GB
1,0.0537109375,1.0625,Apple,13-inch,16GB,Dell,16-inch,8GB
1,-0.05224609375,3.828125,Apple,13-inch,16GB,Dell,16-inch,16GB
1,-12.1875,6.0625,Apple,13-inch,16GB,Apple,13-inch,4GB
1,-2.0625,5.9375,Apple,13-inch,16GB,Apple,13-inch,8GB
1,-8.1875,6.0625,Apple,13-inch,16GB,Apple,14-inch,4GB
1,0.0224609375,2.78125,Apple,13-inch,16GB,Apple,14-inch,8GB
1,-3.46875,6.03125,Apple,13-inch,16GB,Apple,14-inch,16GB
1,-0.0185546875,3.484375,Apple,13-inch,16GB,Apple,16-inch,4GB
1,0.04443359375,1.90625,Apple,13-inch,16GB,Apple,16-inch,8GB
1,-0.8359375,5.53125,Apple,13-inch,16GB,Apple,16-inch,16GB
1,-11.3125,6.0625,Apple,14-inch,4GB,ASUS,13-inch,4GB
1,-25.75,6.0625,Apple,14-inch,4GB,ASUS,13-inch,8GB
1,-20.0,6.0625,Apple,14-inch,4GB,ASUS,13-inch,16GB
1,-6.6875,6.0625,Apple,14-inch,4GB,ASUS,14-inch,4GB
1,-22.625,6.0625,Apple,14-inch,4GB,ASUS,14-inch,8GB
1,-18.5,6.0625,Apple,14-inch,4GB,ASUS,14-inch,16GB
1,-7.4375,6.0625,Apple,14-inch,4GB,ASUS,16-inch,4GB
1,-19.875,6.0625,Apple,14-inch,4GB,ASUS,16-inch,8GB
1,-10.9375,6.0625,Apple,14-inch,4GB,ASUS,16-inch,16GB
1,-9.5625,6.0625,Apple,14-inch,4GB,Lenovo,13-inch,4GB
1,-25.125,6.0625,Apple,14-inch,4GB,Lenovo,13-inch,8GB
1,-17.25,6.0625,Apple,14-inch,4GB,Lenovo,13-inch,16GB
1,-5.8125,6.0625,Apple,14-inch,4GB,Lenovo,14-inch,4GB
1,-22.125,6.0625,Apple,14-inch,4GB,Lenovo,14-inch,8GB
1,-15.1875,6.0625,Apple,14-inch,4GB,Lenovo,14-inch,16GB
1,-4.3125,6.0625,Apple,14-inch,4GB,Lenovo,16-inch,4GB
1,-19.875,6.0625,Apple,14-inch,4GB,Lenovo,16-inch,8GB
1,-6.6875,6.0625,Apple,14-inch,4GB,Lenovo,16-inch,16GB
1,-8.9375,6.0625,Apple,14-inch,4GB,HP,13-inch,4GB
1,-25.25,6.0625,Apple,14-inch,4GB,HP,13-inch,8GB
1,-17.25,6.0625,Apple,14-inch,4GB,HP,13-inch,16GB
1,-4.6875,6.0625,Apple,14-inch,4GB,HP,14-inch,4GB
1,-22.125,6.0625,Apple,14-inch,4GB,HP,14-inch,8GB
1,-17.25,6.0625,Apple,14-inch,4GB,HP,14-inch,16GB
1,-5.5625,6.0625,Apple,14-inch,4GB,HP,16-inch,4GB
1,-19.5,6.0625,Apple,14-inch,4GB,HP,16-inch,8GB
1,-7.5625,6.0625,Apple,14-inch,4GB,HP,16-inch,16GB
1,-9.4375,6.0625,Apple,14-inch,4GB,Dell,13-inch,4GB
1,-24.625,6.0625,Apple,14-inch,4GB,Dell,13-inch,8GB
1,-15.5625,6.0625,Apple,14-inch,4GB,Dell,13-inch,16GB
1,-5.4375,6.0625,Apple,14-inch,4GB,Dell,14-inch,4GB
1,-21.625,6.0625,Apple,14-inch,4GB,Dell,14-inch,8GB
1,-13.9375,6.0625,Apple,14-inch,4GB,Dell,14-inch,16GB
1,-5.9375,6.0625,Apple,14-inch,4GB,Dell,16-inch,4GB
1,-18.0,6.0625,Apple,14-inch,4GB,Dell,16-inch,8GB
1,-3.21875,6.03125,Apple,14-inch,4GB,Dell,16-inch,16GB
1,-4.6875,6.0625,Apple,14-inch,4GB,Apple,13-inch,4GB
1,-22.875,6.0625,Apple,14-inch,4GB,Apple,13-inch,8GB
1,-6.8125,6.0625,Apple,14-inch,4GB,Apple,13-inch,16GB
1,-22.875,6.0625,Apple,14-inch,4GB,Apple,14-inch,8GB
1,-12.0625,6.0625,Apple,14-inch,4GB,Apple,14-inch,16GB
1,-3.703125,6.03125,Apple,14-inch,4GB,Apple,16-inch,4GB
1,-16.625,6.0625,Apple,14-inch,4GB,Apple,16-inch,8GB
1,0.0224609375,2.78125,Apple,14-inch,4GB,Apple,16-inch,16GB
1,-6.0625,6.0625,Apple,14-inch,8GB,ASUS,13-inch,4GB
1,-6.3125,6.0625,Apple,14-inch,8GB,ASUS,13-inch,8GB
1,0.0595703125,-0.9375,Apple,14-inch,8GB,ASUS,13-inch,16GB
1,-0.00927734375,3.375,Apple,14-inch,8GB,ASUS,14-inch,4GB
1,-4.09375,6.03125,Apple,14-inch,8GB,ASUS,14-inch,8GB
1,0.060546875,-4.9375,Apple,14-inch,8GB,ASUS,14-inch,16GB
1,0.04638671875,1.8125,Apple,14-inch,8GB,ASUS,16-inch,4GB
1,-1.34375,5.78125,Apple,14-inch,8GB,ASUS,16-inch,8GB
1,0.060546875,-6.9375,Apple,14-inch,8GB,ASUS,16-inch,16GB
1,-8.4375,6.0625,Apple,14-inch,8GB,Lenovo,13-inch,4GB
1,-4.5625,6.0625,Apple,14-inch,8GB,Lenovo,13-inch,8GB
1,0.06005859375,-1.8125,Apple,14-inch,8GB,Lenovo,13-inch,16GB
1,-0.462890625,5.15625,Apple,14-inch,8GB,Lenovo,14-inch,4GB
1,-3.46875,6.03125,Apple,14-inch,8GB,Lenovo,14-inch,8GB
1,0.060546875,-4.6875,Apple,14-inch,8GB,Lenovo,14-inch,16GB
1,0.037353515625,2.296875,Apple,14-inch,8GB,Lenovo,16-inch,4GB
1,-0.6328125,5.375,Apple,14-inch,8GB,Lenovo,16-inch,8GB
1,0.060546875,-7.1875,Apple,14-inch,8GB,Lenovo,16-inch,16GB
1,-10.4375,6.0625,Apple,14-inch,8GB,HP,13-inch,4GB
1,-5.8125,6.0625,Apple,14-inch,8GB,HP,13-inch,8GB
1,0.06005859375,-1.6875,Apple,14-inch,8GB,HP,13-inch,16GB
1,-1.34375,5.78125,Apple,14-inch,8GB,HP,14-inch,4GB
1,-3.96875,6.03125,Apple,14-inch,8GB,HP,14-inch,8GB
1,0.060546875,-5.9375,Apple,14-inch,8GB,HP,14-inch,16GB
1,-0.0283203125,3.59375,Apple,14-inch,8GB,HP,16-inch,4GB
1,-1.4375,5.8125,Apple,14-inch,8GB,HP,16-inch,8GB
1,0.060546875,-6.9375,Apple,14-inch,8GB,HP,16-inch,16GB
1,-8.3125,6.0625,Apple,14-inch,8GB,Dell,13-inch,4GB
1,-4.09375,6.03125,Apple,14-inch,8GB,Dell,13-inch,8GB
1,0.060302734375,-2.1875,Apple,14-inch,8GB,Dell,13-inch,16GB
1,-0.140625,4.375,Apple,14-inch,8GB,Dell,14-inch,4GB
1,-3.21875,6.03125,Apple,14-inch,8GB,Dell,14-inch,8GB
1,0.060546875,-6.6875,Apple,14-inch,8GB,Dell,14-inch,16GB
1,0.05078125,1.4375,Apple,14-inch,8GB,Dell,16-inch,4GB
1,-0.765625,5.5,Apple,14-inch,8GB,Dell,16-inch,8GB
1,0.060546875,-7.9375,Apple,14-inch,8GB,Dell,16-inch,16GB
1,-9.4375,6.0625,Apple,14-inch,8GB,Apple,13-inch,4GB
1,-7.9375,6.0625,Apple,14-inch,8GB,Apple,13-inch,8GB
1,0.060546875,-3.6875,Apple,14-inch,8GB,Apple,13-inch,16GB
1,-4.6875,6.0625,Apple,14-inch,8GB,Apple,14-inch,4GB
1,0.048095703125,1.6875,Apple,14-inch,8GB,Apple,14-inch,16GB
1,0.05908203125,-0.4375,Apple,14-inch,8GB,Apple,16-inch,4GB
1,-1.078125,5.6875,Apple,14-inch,8GB,Apple,16-inch,8GB
1,0.060546875,-7.8125,Apple,14-inch,8GB,Apple,16-inch,16GB
1,-17.5,6.0625,Apple,14-inch,16GB,ASUS,13-inch,4GB
1,-0.3671875,5.0,Apple,14-inch,16GB,ASUS,13-inch,8GB
1,-1.1640625,5.71875,Apple,14-inch,16GB,ASUS,13-inch,16GB
1,-7.1875,6.0625,Apple,14-inch,16GB,ASUS,14-inch,4GB
1,0.011962890625,3.015625,Apple,14-inch,16GB,ASUS,14-inch,8GB
1,-0.5703125,5.3125,Apple,14-inch,16GB,ASUS,14-inch,16GB
1,-2.75,6.0,Apple,14-inch,16GB,ASUS,16-inch,4GB
1,0.0341796875,2.40625,Apple,14-inch,16GB,ASUS,16-inch,8GB
1,0.011962890625,3.015625,Apple,14-inch,16GB,ASUS,16-inch,16GB
1,-18.625,6.0625,Apple,14-inch,16GB,Lenovo,13-inch,4GB
1,-0.287109375,4.84375,Apple,14-inch,16GB,Lenovo,13-inch,8GB
1,-0.3671875,5.0,Apple,14-inch,16GB,Lenovo,13-inch,16GB
1,-10.6875,6.0625,Apple,14-inch,16GB,Lenovo,14-inch,4GB
1,-0.0185546875,3.484375,Apple,14-inch,16GB,Lenovo,14-inch,8GB
1,-0.140625,4.375,Apple,14-inch,16GB,Lenovo,14-inch,16GB
1,-2.984375,6.0,Apple,14-inch,16GB,Lenovo,16-inch,4GB
1,0.04248046875,2.03125,Apple,14-inch,16GB,Lenovo,16-inch,8GB
1,0.017578125,2.890625,Apple,14-inch,16GB,Lenovo,16-inch,16GB
1,-19.375,6.0625,Apple,14-inch,16GB,HP,13-inch,4GB
1,-0.4140625,5.09375,Apple,14-inch,16GB,HP,13-inch,8GB
1,-0.462890625,5.15625,Apple,14-inch,16GB,HP,13-inch,16GB
1,-10.9375,6.0625,Apple,14-inch,16GB,HP,14-inch,4GB
1,-0.03955078125,3.71875,Apple,14-inch,16GB,HP,14-inch,8GB
1,-0.119140625,4.25,Apple,14-inch,16GB,HP,14-inch,16GB
1,-4.4375,6.0625,Apple,14-inch,16GB,HP,16-inch,4GB
1,0.0224609375,2.78125,Apple,14-inch,16GB,HP,16-inch,8GB
1,0.02685546875,2.65625,Apple,14-inch,16GB,HP,16-inch,16GB
1,-17.125,6.0625,Apple,14-inch,16GB,Dell,13-inch,4GB
1,-0.462890625,5.15625,Apple,14-inch,16GB,Dell,13-inch,8GB
1,-0.119140625,4.25,Apple,14-inch,16GB,Dell,13-inch,16GB
1,-7.8125,6.0625,Apple,14-inch,16GB,Dell,14-inch,4GB
1,-0.0283203125,3.59375,Apple,14-inch,16GB,Dell,14-inch,8GB
1,-0.00146484375,3.25,Apple,14-inch,16GB,Dell,14-inch,16GB
1,-1.953125,5.90625,Apple,14-inch,16GB,Dell,16-inch,4GB
1,0.0400390625,2.171875,Apple,14-inch,16GB,Dell,16-inch,8GB
1,0.03076171875,2.53125,Apple,14-inch,16GB,Dell,16-inch,16GB
1,-16.25,6.0625,Apple,14-inch,16GB,Apple,13-inch,4GB
1,-1.4375,5.8125,Apple,14-inch,16GB,Apple,13-inch,8GB
1,-6.6875,6.0625,Apple,14-inch,16GB,Apple,13-inch,16GB
1,-12.8125,6.0625,Apple,14-inch,16GB,Apple,14-inch,4GB
1,-2.28125,5.96875,Apple,14-inch,16GB,Apple,14-inch,8GB
1,0.0224609375,2.78125,Apple,14-inch,16GB,Apple,16-inch,4GB
1,0.02685546875,2.65625,Apple,14-inch,16GB,Apple,16-inch,8GB
1,-0.515625,5.25,Apple,14-inch,16GB,Apple,16-inch,16GB
1,-18.875,6.0625,Apple,16-inch,4GB,ASUS,13-inch,4GB
1,-25.625,6.0625,Apple,16-inch,4GB,ASUS,13-inch,8GB
1,-20.0,6.0625,Apple,16-inch,4GB,ASUS,13-inch,16GB
1,-19.0,6.0625,Apple,16-inch,4GB,ASUS,14-inch,4GB
1,-24.875,6.0625,Apple,16-inch,4GB,ASUS,14-inch,8GB
1,-19.5,6.0625,Apple,16-inch,4GB,ASUS,14-inch,16GB
1,-9.9375,6.0625,Apple,16-inch,4GB,ASUS,16-inch,4GB
1,-24.875,6.0625,Apple,16-inch,4GB,ASUS,16-inch,8GB
1,-22.875,6.0625,Apple,16-inch,4GB,ASUS,16-inch,16GB
1,-18.125,6.0625,Apple,16-inch,4GB,Lenovo,13-inch,4GB
1,-25.5,6.0625,Apple,16-inch,4GB,Lenovo,13-inch,8GB
1,-19.0,6.0625,Apple,16-inch,4GB,Lenovo,13-inch,16GB
1,-18.375,6.0625,Apple,16-inch,4GB,Lenovo,14-inch,4GB
1,-25.125,6.0625,Apple,16-inch,4GB,Lenovo,14-inch,8GB
1,-18.25,6.0625,Apple,16-inch,4GB,Lenovo,14-inch,16GB
1,-9.6875,6.0625,Apple,16-inch,4GB,Lenovo,16-inch,4GB
1,-24.625,6.0625,Apple,16-inch,4GB,Lenovo,16-inch,8GB
1,-21.25,6.0625,Apple,16-inch,4GB,Lenovo,16-inch,16GB
1,-18.0,6.0625,Apple,16-inch,4GB,HP,13-inch,4GB
1,-25.5,6.0625,Apple,16-inch,4GB,HP,13-inch,8GB
1,-18.125,6.0625,Apple,16-inch,4GB,HP,13-inch,16GB
1,-17.5,6.0625,Apple,16-inch,4GB,HP,14-inch,4GB
1,-24.625,6.0625,Apple,16-inch,4GB,HP,14-inch,8GB
1,-17.25,6.0625,Apple,16-inch,4GB,HP,14-inch,16GB
1,-8.6875,6.0625,Apple,16-inch,4GB,HP,16-inch,4GB
1,-24.25,6.0625,Apple,16-inch,4GB,HP,16-inch,8GB
1,-21.75,6.0625,Apple,16-inch,4GB,HP,16-inch,16GB
1,-17.75,6.0625,Apple,16-inch,4GB,Dell,13-inch,4GB
1,-25.625,6.0625,Apple,16-inch,4GB,Dell,13-inch,8GB
1,-17.625,6.0625,Apple,16-inch,4GB,Dell,13-inch,16GB
1,-17.75,6.0625,Apple,16-inch,4GB,Dell,14-inch,4GB
1,-24.25,6.0625,Apple,16-inch,4GB,Dell,14-inch,8GB
1,-16.25,6.0625,Apple,16-inch,4GB,Dell,14-inch,16GB
1,-8.9375,6.0625,Apple,16-inch,4GB,Dell,16-inch,4GB
1,-24.125,6.0625,Apple,16-inch,4GB,Dell,16-inch,8GB
1,-19.875,6.0625,Apple,16-inch,4GB,Dell,16-inch,16GB
1,-16.375,6.0625,Apple,16-inch,4GB,Apple,13-inch,4GB
1,-24.875,6.0625,Apple,16-inch,4GB,Apple,13-inch,8GB
1,-20.125,6.0625,Apple,16-inch,4GB,Apple,13-inch,16GB
1,-15.6875,6.0625,Apple,16-inch,4GB,Apple,14-inch,4GB
1,-24.0,6.0625,Apple,16-inch,4GB,Apple,14-inch,8GB
1,-18.75,6.0625,Apple,16-inch,4GB,Apple,14-inch,16GB
1,-24.0,6.0625,Apple,16-inch,4GB,Apple,16-inch,8GB
1,-18.625,6.0625,Apple,16-inch,4GB,Apple,16-inch,16GB
1,-7.0625,6.0625,Apple,16-inch,8GB,ASUS,13-inch,4GB
1,-9.3125,6.0625,Apple,16-inch,8GB,ASUS,13-inch,8GB
1,-0.287109375,4.84375,Apple,16-inch,8GB,ASUS,13-inch,16GB
1,-6.0625,6.0625,Apple,16-inch,8GB,ASUS,14-inch,4GB
1,-10.9375,6.0625,Apple,16-inch,8GB,ASUS,14-inch,8GB
1,-0.06640625,3.9375,Apple,16-inch,8GB,ASUS,14-inch,16GB
1,0.056396484375,0.5625,Apple,16-inch,8GB,ASUS,16-inch,4GB
1,-5.8125,6.0625,Apple,16-inch,8GB,ASUS,16-inch,8GB
1,0.060302734375,-2.1875,Apple,16-inch,8GB,ASUS,16-inch,16GB
1,-8.8125,6.0625,Apple,16-inch,8GB,Lenovo,13-inch,4GB
1,-8.6875,6.0625,Apple,16-inch,8GB,Lenovo,13-inch,8GB
1,-0.3671875,5.0,Apple,16-inch,8GB,Lenovo,13-inch,16GB
1,-8.0625,6.0625,Apple,16-inch,8GB,Lenovo,14-inch,4GB
1,-10.1875,6.0625,Apple,16-inch,8GB,Lenovo,14-inch,8GB
1,-0.05224609375,3.828125,Apple,16-inch,8GB,Lenovo,14-inch,16GB
1,0.005615234375,3.125,Apple,16-inch,8GB,Lenovo,16-inch,4GB
1,-4.6875,6.0625,Apple,16-inch,8GB,Lenovo,16-inch,8GB
1,0.0595703125,-0.9375,Apple,16-inch,8GB,Lenovo,16-inch,16GB
1,-10.0625,6.0625,Apple,16-inch,8GB,HP,13-inch,4GB
1,-9.6875,6.0625,Apple,16-inch,8GB,HP,13-inch,8GB
1,-0.3671875,5.0,Apple,16-inch,8GB,HP,13-inch,16GB
1,-10.6875,6.0625,Apple,16-inch,8GB,HP,14-inch,4GB
1,-11.1875,6.0625,Apple,16-inch,8GB,HP,14-inch,8GB
1,-0.08203125,4.0625,Apple,16-inch,8GB,HP,14-inch,16GB
1,-0.19140625,4.5625,Apple,16-inch,8GB,HP,16-inch,4GB
1,-6.8125,6.0625,Apple,16-inch,8GB,HP,16-inch,8GB
1,0.06005859375,-1.8125,Apple,16-inch,8GB,HP,16-inch,16GB
1,-8.6875,6.0625,Apple,16-inch,8GB,Dell,13-inch,4GB
1,-9.1875,6.0625,Apple,16-inch,8GB,Dell,13-inch,8GB
1,-0.287109375,4.84375,Apple,16-inch,8GB,Dell,13-inch,16GB
1,-8.6875,6.0625,Apple,16-inch,8GB,Dell,14-inch,4GB
1,-9.5625,6.0625,Apple,16-inch,8GB,Dell,14-inch,8GB
1,-0.00927734375,3.375,Apple,16-inch,8GB,Dell,14-inch,16GB
1,0.052001953125,1.3125,Apple,16-inch,8GB,Dell,16-inch,4GB
1,-6.0625,6.0625,Apple,16-inch,8GB,Dell,16-inch,8GB
1,0.060302734375,-2.8125,Apple,16-inch,8GB,Dell,16-inch,16GB
1,-10.8125,6.0625,Apple,16-inch,8GB,Apple,13-inch,4GB
1,-12.6875,6.0625,Apple,16-inch,8GB,Apple,13-inch,8GB
1,-1.1640625,5.71875,Apple,16-inch,8GB,Apple,13-inch,16GB
1,-10.6875,6.0625,Apple,16-inch,8GB,Apple,14-inch,4GB
1,-11.6875,6.0625,Apple,16-inch,8GB,Apple,14-inch,8GB
1,-1.078125,5.6875,Apple,16-inch,8GB,Apple,14-inch,16GB
1,-4.9375,6.0625,Apple,16-inch,8GB,Apple,16-inch,4GB
1,-6.4375,6.0625,Apple,16-inch,8GB,Apple,16-inch,16GB
1,-17.125,6.0625,Apple,16-inch,16GB,ASUS,13-inch,4GB
1,-1.8515625,5.90625,Apple,16-inch,16GB,ASUS,13-inch,8GB
1,-1.8515625,5.90625,Apple,16-inch,16GB,ASUS,13-inch,16GB
1,-16.5,6.0625,Apple,16-inch,16GB,ASUS,14-inch,4GB
1,-1.953125,5.90625,Apple,16-inch,16GB,ASUS,14-inch,8GB
1,-1.7421875,5.875,Apple,16-inch,16GB,ASUS,14-inch,16GB
1,-6.4375,6.0625,Apple,16-inch,16GB,ASUS,16-inch,4GB
1,-0.4140625,5.09375,Apple,16-inch,16GB,ASUS,16-inch,8GB
1,-2.28125,5.96875,Apple,16-inch,16GB,ASUS,16-inch,16GB
1,-17.625,6.0625,Apple,16-inch,16GB,Lenovo,13-inch,4GB
1,-1.8515625,5.90625,Apple,16-inch,16GB,Lenovo,13-inch,8GB
1,-1.34375,5.78125,Apple,16-inch,16GB,Lenovo,13-inch,16GB
1,-17.5,6.0625,Apple,16-inch,16GB,Lenovo,14-inch,4GB
1,-1.953125,5.90625,Apple,16-inch,16GB,Lenovo,14-inch,8GB
1,-1.34375,5.78125,Apple,16-inch,16GB,Lenovo,14-inch,16GB
1,-8.5625,6.0625,Apple,16-inch,16GB,Lenovo,16-inch,4GB
1,-0.3671875,5.0,Apple,16-inch,16GB,Lenovo,16-inch,8GB
1,-1.5390625,5.84375,Apple,16-inch,16GB,Lenovo,16-inch,16GB
1,-19.25,6.0625,Apple,16-inch,16GB,HP,13-inch,4GB
1,-1.953125,5.90625,Apple,16-inch,16GB,HP,13-inch,8GB
1,-1.4375,5.8125,Apple,16-inch,16GB,HP,13-inch,16GB
1,-18.625,6.0625,Apple,16-inch,16GB,HP,14-inch,4GB
1,-2.171875,5.9375,Apple,16-inch,16GB,HP,14-inch,8GB
1,-1.5390625,5.84375,Apple,16-inch,16GB,HP,14-inch,16GB
1,-9.9375,6.0625,Apple,16-inch,16GB,HP,16-inch,4GB
1,-0.4140625,5.09375,Apple,16-inch,16GB,HP,16-inch,8GB
1,-1.1640625,5.71875,Apple,16-inch,16GB,HP,16-inch,16GB
1,-17.5,6.0625,Apple,16-inch,16GB,Dell,13-inch,4GB
1,-1.8515625,5.90625,Apple,16-inch,16GB,Dell,13-inch,8GB
1,-0.8359375,5.53125,Apple,16-inch,16GB,Dell,13-inch,16GB
1,-17.375,6.0625,Apple,16-inch,16GB,Dell,14-inch,4GB
1,-2.0625,5.9375,Apple,16-inch,16GB,Dell,14-inch,8GB
1,-0.765625,5.5,Apple,16-inch,16GB,Dell,14-inch,16GB
1,-5.4375,6.0625,Apple,16-inch,16GB,Dell,16-inch,4GB
1,-0.251953125,4.75,Apple,16-inch,16GB,Dell,16-inch,8GB
1,-0.6953125,5.4375,Apple,16-inch,16GB,Dell,16-inch,16GB
1,-17.625,6.0625,Apple,16-inch,16GB,Apple,13-inch,4GB
1,-3.703125,6.03125,Apple,16-inch,16GB,Apple,13-inch,8GB
1,-7.3125,6.0625,Apple,16-inch,16GB,Apple,13-inch,16GB
1,-18.375,6.0625,Apple,16-inch,16GB,Apple,14-inch,4GB
1,-3.703125,6.03125,Apple,16-inch,16GB,Apple,14-inch,8GB
1,-6.3125,6.0625,Apple,16-inch,16GB,Apple,14-inch,16GB
1,-10.3125,6.0625,Apple,16-inch,16GB,Apple,16-inch,4GB
1,-2.171875,5.9375,Apple,16-inch,16GB,Apple,16-inch,8GB
2,-5.9375,6.0625,ASUS,13-inch,4GB,ASUS,13-inch,8GB
2,0.048095703125,1.6875,ASUS,13-inch,4GB,ASUS,13-inch,16GB
2,-1.640625,5.875,ASUS,13-inch,4GB,ASUS,14-inch,4GB
2,-6.9375,6.0625,ASUS,13-inch,4GB,ASUS,14-inch,8GB
2,0.058349609375,-0.0625,ASUS,13-inch,4GB,ASUS,14-inch,16GB
2,-0.251953125,4.75,ASUS,13-inch,4GB,ASUS,16-inch,4GB
2,-0.099609375,4.15625,ASUS,13-inch,4GB,ASUS,16-inch,8GB
2,0.060546875,-3.5625,ASUS,13-inch,4GB,ASUS,16-inch,16GB
2,-0.6953125,5.4375,ASUS,13-inch,4GB,Lenovo,13-inch,4GB
2,-13.4375,6.0625,ASUS,13-inch,4GB,Lenovo,13-inch,8GB
2,-0.05224609375,3.828125,ASUS,13-inch,4GB,Lenovo,13-inch,16GB
2,-1.078125,5.6875,ASUS,13-inch,4GB,Lenovo,14-inch,4GB
2,-10.6875,6.0625,ASUS,13-inch,4GB,Lenovo,14-inch,8GB
2,0.0546875,0.9375,ASUS,13-inch,4GB,Lenovo,14-inch,16GB
2,0.03076171875,2.53125,ASUS,13-inch,4GB,Lenovo,16-inch,4GB
2,-0.4140625,5.09375,ASUS,13-inch,4GB,Lenovo,16-inch,8GB
2,0.060546875,-3.6875,ASUS,13-inch,4GB,Lenovo,16-inch,16GB
2,-0.462890625,5.15625,ASUS,13-inch,4GB,HP,13-inch,4GB
2,-11.1875,6.0625,ASUS,13-inch,4GB,HP,13-inch,8GB
2,-0.0283203125,3.59375,ASUS,13-inch,4GB,HP,13-inch,16GB
2,-0.8359375,5.53125,ASUS,13-inch,4GB,HP,14-inch,4GB
2,-9.9375,6.0625,ASUS,13-inch,4GB,HP,14-inch,8GB
2,0.04638671875,1.8125,ASUS,13-inch,4GB,HP,14-inch,16GB
2,0.03076171875,2.53125,ASUS,13-inch,4GB,HP,16-inch,4GB
2,-0.462890625,5.15625,ASUS,13-inch,4GB,HP,16-inch,8GB
2,0.060302734375,-2.6875,ASUS,13-inch,4GB,HP,16-inch,16GB
2,-0.765625,5.5,ASUS,13-inch,4GB,Dell,13-inch,4GB
2,-9.8125,6.0625,ASUS,13-inch,4GB,Dell,13-inch,8GB
2,0.017578125,2.890625,ASUS,13-inch,4GB,Dell,13-inch,16GB
2,-1.25,5.75,ASUS,13-inch,4GB,Dell,14-inch,4GB
2,-6.0625,6.0625,ASUS,13-inch,4GB,Dell,14-inch,8GB
2,0.05859375,-0.1875,ASUS,13-inch,4GB,Dell,14-inch,16GB
2,0.03076171875,2.53125,ASUS,13-inch,4GB,Dell,16-inch,4GB
2,-0.0185546875,3.484375,ASUS,13-inch,4GB,Dell,16-inch,8GB
2,0.060546875,-5.0625,ASUS,13-inch,4GB,Dell,16-inch,16GB
2,-0.00927734375,3.375,ASUS,13-inch,4GB,Apple,13-inch,4GB
2,-14.8125,6.0625,ASUS,13-inch,4GB,Apple,13-inch,8GB
2,-1.640625,5.875,ASUS,13-inch,4GB,Apple,13-inch,16GB
2,0.005615234375,3.125,ASUS,13-inch,4GB,Apple,14-inch,4GB
2,-11.6875,6.0625,ASUS,13-inch,4GB,Apple,14-inch,8GB
2,-0.119140625,4.25,ASUS,13-inch,4GB,Apple,14-inch,16GB
2,0.05810546875,0.0625,ASUS,13-inch,4GB,Apple,16-inch,4GB
2,-1.8515625,5.90625,ASUS,13-inch,4GB,Apple,16-inch,8GB
2,0.058837890625,-0.3125,ASUS,13-inch,4GB,Apple,16-inch,16GB
2,-13.8125,6.0625,ASUS,13-inch,8GB,ASUS,13-inch,4GB
2,0.06005859375,-1.4375,ASUS,13-inch,8GB,ASUS,13-inch,16GB
2,0.052001953125,1.3125,ASUS,13-inch,8GB,ASUS,14-inch,4GB
2,-2.28125,5.96875,ASUS,13-inch,8GB,ASUS,14-inch,8GB
2,0.060546875,-6.5625,ASUS,13-inch,8GB,ASUS,14-inch,16GB
2,0.059326171875,-0.6875,ASUS,13-inch,8GB,ASUS,16-inch,4GB
2,-0.515625,5.25,ASUS,13-inch,8GB,ASUS,16-inch,8GB
2,0.060546875,-6.6875,ASUS,13-inch,8GB,ASUS,16-inch,16GB
2,-0.06640625,3.9375,ASUS,13-inch,8GB,Lenovo,13-inch,4GB
2,-0.326171875,4.9375,ASUS,13-inch,8GB,Lenovo,13-inch,8GB
2,0.060546875,-4.6875,ASUS,13-inch,8GB,Lenovo,13-inch,16GB
2,-0.0185546875,3.484375,ASUS,13-inch,8GB,Lenovo,14-inch,4GB
2,-0.515625,5.25,ASUS,13-inch,8GB,Lenovo,14-inch,8GB
2,0.060546875,-6.6875,ASUS,13-inch,8GB,Lenovo,14-inch,16GB
2,0.052978515625,1.1875,ASUS,13-inch,8GB,Lenovo,16-inch,4GB
2,-0.00146484375,3.25,ASUS,13-inch,8GB,Lenovo,16-inch,8GB
2,0.060546875,-7.3125,ASUS,13-inch,8GB,Lenovo,16-inch,16GB
2,0.0341796875,2.40625,ASUS,13-inch,8GB,HP,13-inch,4GB
2,-0.287109375,4.84375,ASUS,13-inch,8GB,HP,13-inch,8GB
2,0.060546875,-5.3125,ASUS,13-inch,8GB,HP,13-inch,16GB
2,0.037353515625,2.296875,ASUS,13-inch,8GB,HP,14-inch,4GB
2,-0.462890625,5.15625,ASUS,13-inch,8GB,HP,14-inch,8GB
2,0.060546875,-6.1875,ASUS,13-inch,8GB,HP,14-inch,16GB
2,0.0576171875,0.1875,ASUS,13-inch,8GB,HP,16-inch,4GB
2,-0.03955078125,3.71875,ASUS,13-inch,8GB,HP,16-inch,8GB
2,0.060546875,-6.4375,ASUS,13-inch,8GB,HP,16-inch,16GB
2,0.04248046875,2.03125,ASUS,13-inch,8GB,Dell,13-inch,4GB
2,-0.3671875,5.0,ASUS,13-inch,8GB,Dell,13-inch,8GB
2,0.060546875,-7.1875,ASUS,13-inch,8GB,Dell,13-inch,16GB
2,0.037353515625,2.296875,ASUS,13-inch,8GB,Dell,14-inch,4GB
2,-0.287109375,4.84375,ASUS,13-inch,8GB,Dell,14-inch,8GB
2,0.060546875,-7.5625,ASUS,13-inch,8GB,Dell,14-inch,16GB
2,0.0576171875,0.1875,ASUS,13-inch,8GB,Dell,16-inch,4GB
2,-0.0185546875,3.484375,ASUS,13-inch,8GB,Dell,16-inch,8GB
2,0.060546875,-8.1875,ASUS,13-inch,8GB,Dell,16-inch,16GB
2,0.052978515625,1.1875,ASUS,13-inch,8GB,Apple,13-inch,4GB
2,-0.3671875,5.0,ASUS,13-inch,8GB,Apple,13-inch,8GB
2,0.05859375,-0.1875,ASUS,13-inch,8GB,Apple,13-inch,16GB
2,0.055908203125,0.6875,ASUS,13-inch,8GB,Apple,14-inch,4GB
2,-0.0185546875,3.484375,ASUS,13-inch,8GB,Apple,14-inch,8GB
2,0.060302734375,-2.5625,ASUS,13-inch,8GB,Apple,14-inch,16GB
2,0.058837890625,-0.3125,ASUS,13-inch,8GB,Apple,16-inch,4GB
2,0.052978515625,1.1875,ASUS,13-inch,8GB,Apple,16-inch,8GB
2,0.060546875,-5.3125,ASUS,13-inch,8GB,Apple,16-inch,16GB
2,-15.0625,6.0625,ASUS,13-inch,16GB,ASUS,13-inch,4GB
2,-0.00146484375,3.25,ASUS,13-inch,16GB,ASUS,13-inch,8GB
2,-10.0625,6.0625,ASUS,13-inch,16GB,ASUS,14-inch,4GB
2,0.06005859375,-1.6875,ASUS,13-inch,16GB,ASUS,14-inch,8GB
2,-0.4140625,5.09375,ASUS,13-inch,16GB,ASUS,14-inch,16GB
2,0.02685546875,2.65625,ASUS,13-inch,16GB,ASUS,16-inch,4GB
2,0.06005859375,-1.8125,ASUS,13-inch,16GB,ASUS,16-inch,8GB
2,-0.19140625,4.5625,ASUS,13-inch,16GB,ASUS,16-inch,16GB
2,-5.1875,6.0625,ASUS,13-inch,16GB,Lenovo,13-inch,4GB
2,0.059814453125,-1.0625,ASUS,13-inch,16GB,Lenovo,13-inch,8GB
2,0.056396484375,0.5625,ASUS,13-inch,16GB,Lenovo,13-inch,16GB
2,-7.0625,6.0625,ASUS,13-inch,16GB,Lenovo,14-inch,4GB
2,0.060302734375,-2.1875,ASUS,13-inch,16GB,Lenovo,14-inch,8GB
2,0.058837890625,-0.3125,ASUS,13-inch,16GB,Lenovo,14-inch,16GB
2,-0.119140625,4.25,ASUS,13-inch,16GB,Lenovo,16-inch,4GB
2,0.060302734375,-1.9375,ASUS,13-inch,16GB,Lenovo,16-inch,8GB
2,0.04248046875,2.03125,ASUS,13-inch,16GB,Lenovo,16-inch,16GB
2,-3.21875,6.03125,ASUS,13-inch,16GB,HP,13-inch,4GB
2,0.0595703125,-0.9375,ASUS,13-inch,16GB,HP,13-inch,8GB
2,0.05517578125,0.8125,ASUS,13-inch,16GB,HP,13-inch,16GB
2,-3.21875,6.03125,ASUS,13-inch,16GB,HP,14-inch,4GB
2,0.060302734375,-2.0625,ASUS,13-inch,16GB,HP,14-inch,8GB
2,0.059326171875,-0.5625,ASUS,13-inch,16GB,HP,14-inch,16GB
2,0.0224609375,2.78125,ASUS,13-inch,16GB,HP,16-inch,4GB
2,0.06005859375,-1.8125,ASUS,13-inch,16GB,HP,16-inch,8GB
2,0.049560546875,1.5625,ASUS,13-inch,16GB,HP,16-inch,16GB
2,-2.0625,5.9375,ASUS,13-inch,16GB,Dell,13-inch,4GB
2,0.059326171875,-0.5625,ASUS,13-inch,16GB,Dell,13-inch,8GB
2,0.056396484375,0.5625,ASUS,13-inch,16GB,Dell,13-inch,16GB
2,-3.109375,6.03125,ASUS,13-inch,16GB,Dell,14-inch,4GB
2,0.06005859375,-1.8125,ASUS,13-inch,16GB,Dell,14-inch,8GB
2,0.059814453125,-1.3125,ASUS,13-inch,16GB,Dell,14-inch,16GB
2,0.017578125,2.890625,ASUS,13-inch,16GB,Dell,16-inch,4GB
2,0.060302734375,-2.1875,ASUS,13-inch,16GB,Dell,16-inch,8GB
2,0.049560546875,1.5625,ASUS,13-inch,16GB,Dell,16-inch,16GB
2,0.011962890625,3.015625,ASUS,13-inch,16GB,Apple,13-inch,4GB
2,0.052978515625,1.1875,ASUS,13-inch,16GB,Apple,13-inch,8GB
2,-0.08203125,4.0625,ASUS,13-inch,16GB,Apple,13-inch,16GB
2,-0.03955078125,3.71875,ASUS,13-inch,16GB,Apple,14-inch,4GB
2,0.058349609375,-0.0625,ASUS,13-inch,16GB,Apple,14-inch,8GB
2,0.0224609375,2.78125,ASUS,13-inch,16GB,Apple,14-inch,16GB
2,0.05078125,1.4375,ASUS,13-inch,16GB,Apple,16-inch,4GB
2,0.059326171875,-0.6875,ASUS,13-inch,16GB,Apple,16-inch,8GB
2,0.011962890625,3.015625,ASUS,13-inch,16GB,Apple,16-inch,16GB
2,-0.9140625,5.59375,ASUS,14-inch,4GB,ASUS,13-inch,4GB
2,-12.1875,6.0625,ASUS,14-inch,4GB,ASUS,13-inch,8GB
2,0.0400390625,2.171875,ASUS,14-inch,4GB,ASUS,13-inch,16GB
2,-3.703125,6.03125,ASUS,14-inch,4GB,ASUS,14-inch,8GB
2,0.037353515625,2.296875,ASUS,14-inch,4GB,ASUS,14-inch,16GB
2,-0.326171875,4.9375,ASUS,14-inch,4GB,ASUS,16-inch,4GB
2,-0.1650390625,4.46875,ASUS,14-inch,4GB,ASUS,16-inch,8GB
2,0.060302734375,-2.8125,ASUS,14-inch,4GB,ASUS,16-inch,16GB
2,-1.5390625,5.84375,ASUS,14-inch,4GB,Lenovo,13-inch,4GB
2,-15.6875,6.0625,ASUS,14-inch,4GB,Lenovo,13-inch,8GB
2,0.005615234375,3.125,ASUS,14-inch,4GB,Lenovo,13-inch,16GB
2,-0.5703125,5.3125,ASUS,14-inch,4GB,Lenovo,14-inch,4GB
2,-9.5625,6.0625,ASUS,14-inch,4GB,Lenovo,14-inch,8GB
2,-0.00146484375,3.25,ASUS,14-inch,4GB,Lenovo,14-inch,16GB
2,-0.00146484375,3.25,ASUS,14-inch,4GB,Lenovo,16-inch,4GB
2,-0.5703125,5.3125,ASUS,14-inch,4GB,Lenovo,16-inch,8GB
2,0.060546875,-4.1875,ASUS,14-inch,4GB,Lenovo,16-inch,16GB
2,-1.25,5.75,ASUS,14-inch,4GB,HP,13-inch,4GB
2,-15.0625,6.0625,ASUS,14-inch,4GB,HP,13-inch,8GB
2,0.005615234375,3.125,ASUS,14-inch,4GB,HP,13-inch,16GB
2,-0.462890625,5.15625,ASUS,14-inch,4GB,HP,14-inch,4GB
2,-9.8125,6.0625,ASUS,14-inch,4GB,HP,14-inch,8GB
2,-0.00146484375,3.25,ASUS,14-inch,4GB,HP,14-inch,16GB
2,-0.03955078125,3.71875,ASUS,14-inch,4GB,HP,16-inch,4GB
2,-0.5703125,5.3125,ASUS,14-inch,4GB,HP,16-inch,8GB
2,0.060546875,-3.8125,ASUS,14-inch,4GB,HP,16-inch,16GB
2,-1.8515625,5.90625,ASUS,14-inch,4GB,Dell,13-inch,4GB
2,-13.8125,6.0625,ASUS,14-inch,4GB,Dell,13-inch,8GB
2,0.03076171875,2.53125,ASUS,14-inch,4GB,Dell,13-inch,16GB
2,-0.765625,5.5,ASUS,14-inch,4GB,Dell,14-inch,4GB
2,-6.5625,6.0625,ASUS,14-inch,4GB,Dell,14-inch,8GB
2,0.03076171875,2.53125,ASUS,14-inch,4GB,Dell,14-inch,16GB
2,-0.06640625,3.9375,ASUS,14-inch,4GB,Dell,16-inch,4GB
2,-0.0185546875,3.484375,ASUS,14-inch,4GB,Dell,16-inch,8GB
2,0.060546875,-5.5625,ASUS,14-inch,4GB,Dell,16-inch,16GB
2,-0.9140625,5.59375,ASUS,14-inch,4GB,Apple,13-inch,4GB
2,-15.3125,6.0625,ASUS,14-inch,4GB,Apple,13-inch,8GB
2,-2.0625,5.9375,ASUS,14-inch,4GB,Apple,13-inch,16GB
2,-0.0283203125,3.59375,ASUS,14-inch,4GB,Apple,14-inch,4GB
2,-14.5625,6.0625,ASUS,14-inch,4GB,Apple,14-inch,8GB
2,-2.984375,6.0,ASUS,14-inch,4GB,Apple,14-inch,16GB
2,0.057373046875,0.3125,ASUS,14-inch,4GB,Apple,16-inch,4GB
2,-2.40625,5.96875,ASUS,14-inch,4GB,Apple,16-inch,8GB
2,0.0576171875,0.1875,ASUS,14-inch,4GB,Apple,16-inch,16GB
2,-10.5625,6.0625,ASUS,14-inch,8GB,ASUS,13-inch,4GB
2,-6.9375,6.0625,ASUS,14-inch,8GB,ASUS,13-inch,8GB
2,0.05517578125,0.8125,ASUS,14-inch,8GB,ASUS,13-inch,16GB
2,-15.1875,6.0625,ASUS,14-inch,8GB,ASUS,14-inch,4GB
2,0.060302734375,-2.9375,ASUS,14-inch,8GB,ASUS,14-inch,16GB
2,0.059326171875,-0.5625,ASUS,14-inch,8GB,ASUS,16-inch,4GB
2,-0.515625,5.25,ASUS,14-inch,8GB,ASUS,16-inch,8GB
2,0.060546875,-7.4375,ASUS,14-inch,8GB,ASUS,16-inch,16GB
2,-6.9375,6.0625,ASUS,14-inch,8GB,Lenovo,13-inch,4GB
2,-1.1640625,5.71875,ASUS,14-inch,8GB,Lenovo,13-inch,8GB
2,0.060302734375,-1.9375,ASUS,14-inch,8GB,Lenovo,13-inch,16GB
2,-1.640625,5.875,ASUS,14-inch,8GB,Lenovo,14-inch,4GB
2,-0.251953125,4.75,ASUS,14-inch,8GB,Lenovo,14-inch,8GB
2,0.060546875,-6.9375,ASUS,14-inch,8GB,Lenovo,14-inch,16GB
2,0.05078125,1.4375,ASUS,14-inch,8GB,Lenovo,16-inch,4GB
2,-0.00146484375,3.25,ASUS,14-inch,8GB,Lenovo,16-inch,8GB
2,0.060546875,-8.1875,ASUS,14-inch,8GB,Lenovo,16-inch,16GB
2,-4.9375,6.0625,ASUS,14-inch,8GB,HP,13-inch,4GB
2,-0.9140625,5.59375,ASUS,14-inch,8GB,HP,13-inch,8GB
2,0.06005859375,-1.6875,ASUS,14-inch,8GB,HP,13-inch,16GB
2,-0.326171875,4.9375,ASUS,14-inch,8GB,HP,14-inch,4GB
2,-0.251953125,4.75,ASUS,14-inch,8GB,HP,14-inch,8GB
2,0.060546875,-7.3125,ASUS,14-inch,8GB,HP,14-inch,16GB
2,0.058349609375,-0.0625,ASUS,14-inch,8GB,HP,16-inch,4GB
2,-0.0283203125,3.59375,ASUS,14-inch,8GB,HP,16-inch,8GB
2,0.060546875,-7.5625,ASUS,14-inch,8GB,HP,16-inch,16GB
2,-5.3125,6.0625,ASUS,14-inch,8GB,Dell,13-inch,4GB
2,-0.6953125,5.4375,ASUS,14-inch,8GB,Dell,13-inch,8GB
2,0.060302734375,-2.5625,ASUS,14-inch,8GB,Dell,13-inch,16GB
2,-0.326171875,4.9375,ASUS,14-inch,8GB,Dell,14-inch,4GB
2,-0.220703125,4.65625,ASUS,14-inch,8GB,Dell,14-inch,8GB
2,0.060546875,-8.6875,ASUS,14-inch,8GB,Dell,14-inch,16GB
2,0.057373046875,0.3125,ASUS,14-inch,8GB,Dell,16-inch,4GB
2,0.005615234375,3.125,ASUS,14-inch,8GB,Dell,16-inch,8GB
2,0.060546875,-9.0625,ASUS,14-inch,8GB,Dell,16-inch,16GB
2,-0.4140625,5.09375,ASUS,14-inch,8GB,Apple,13-inch,4GB
2,-0.251953125,4.75,ASUS,14-inch,8GB,Apple,13-inch,8GB
2,0.056396484375,0.5625,ASUS,14-inch,8GB,Apple,13-inch,16GB
2,0.04248046875,2.03125,ASUS,14-inch,8GB,Apple,14-inch,4GB
2,-0.19140625,4.5625,ASUS,14-inch,8GB,Apple,14-inch,8GB
2,0.060302734375,-2.3125,ASUS,14-inch,8GB,Apple,14-inch,16GB
2,0.058837890625,-0.3125,ASUS,14-inch,8GB,Apple,16-inch,4GB
2,0.05078125,1.4375,ASUS,14-inch,8GB,Apple,16-inch,8GB
2,0.060546875,-6.0625,ASUS,14-inch,8GB,Apple,16-inch,16GB
2,-16.125,6.0625,ASUS,14-inch,16GB,ASUS,13-inch,4GB
2,0.0546875,0.9375,ASUS,14-inch,16GB,ASUS,13-inch,8GB
2,-0.6328125,5.375,ASUS,14-inch,16GB,ASUS,13-inch,16GB
2,-15.4375,6.0625,ASUS,14-inch,16GB,ASUS,14-inch,4GB
2,0.017578125,2.890625,ASUS,14-inch,16GB,ASUS,14-inch,8GB
2,0.0341796875,2.40625,ASUS,14-inch,16GB,ASUS,16-inch,4GB
2,0.06005859375,-1.4375,ASUS,14-inch,16GB,ASUS,16-inch,8GB
2,-0.0185546875,3.484375,ASUS,14-inch,16GB,ASUS,16-inch,16GB
2,-14.4375,6.0625,ASUS,14-inch,16GB,Lenovo,13-inch,4GB
2,0.0576171875,0.1875,ASUS,14-inch,16GB,Lenovo,13-inch,8GB
2,0.058349609375,-0.0625,ASUS,14-inch,16GB,Lenovo,13-inch,16GB
2,-8.1875,6.0625,ASUS,14-inch,16GB,Lenovo,14-inch,4GB
2,0.0595703125,-0.8125,ASUS,14-inch,16GB,Lenovo,14-inch,8GB
2,0.06005859375,-1.5625,ASUS,14-inch,16GB,Lenovo,14-inch,16GB
2,-0.251953125,4.75,ASUS,14-inch,16GB,Lenovo,16-inch,4GB
2,0.06005859375,-1.5625,ASUS,14-inch,16GB,Lenovo,16-inch,8GB
2,0.059326171875,-0.5625,ASUS,14-inch,16GB,Lenovo,16-inch,16GB
2,-13.1875,6.0625,ASUS,14-inch,16GB,HP,13-inch,4GB
2,0.05810546875,0.0625,ASUS,14-inch,16GB,HP,13-inch,8GB
2,0.057373046875,0.3125,ASUS,14-inch,16GB,HP,13-inch,16GB
2,-4.3125,6.0625,ASUS,14-inch,16GB,HP,14-inch,4GB
2,0.059326171875,-0.5625,ASUS,14-inch,16GB,HP,14-inch,8GB
2,0.06005859375,-1.4375,ASUS,14-inch,16GB,HP,14-inch,16GB
2,0.005615234375,3.125,ASUS,14-inch,16GB,HP,16-inch,4GB
2,0.059814453125,-1.3125,ASUS,14-inch,16GB,HP,16-inch,8GB
2,0.059326171875,-0.6875,ASUS,14-inch,16GB,HP,16-inch,16GB
2,-12.8125,6.0625,ASUS,14-inch,16GB,Dell,13-inch,4GB
2,0.055908203125,0.6875,ASUS,14-inch,16GB,Dell,13-inch,8GB
2,0.058837890625,-0.3125,ASUS,14-inch,16GB,Dell,13-inch,16GB
2,-3.21875,6.03125,ASUS,14-inch,16GB,Dell,14-inch,4GB
2,0.05859375,-0.1875,ASUS,14-inch,16GB,Dell,14-inch,8GB
2,0.06005859375,-1.8125,ASUS,14-inch,16GB,Dell,14-inch,16GB
2,-0.00927734375,3.375,ASUS,14-inch,16GB,Dell,16-inch,4GB
2,0.06005859375,-1.6875,ASUS,14-inch,16GB,Dell,16-inch,8GB
2,0.059326171875,-0.6875,ASUS,14-inch,16GB,Dell,16-inch,16GB
2,-2.0625,5.9375,ASUS,14-inch,16GB,Apple,13-inch,4GB
2,0.048095703125,1.6875,ASUS,14-inch,16GB,Apple,13-inch,8GB
2,0.0400390625,2.171875,ASUS,14-inch,16GB,Apple,13-inch,16GB
2,0.005615234375,3.125,ASUS,14-inch,16GB,Apple,14-inch,4GB
2,0.04443359375,1.90625,ASUS,14-inch,16GB,Apple,14-inch,8GB
2,0.037109375,2.296875,ASUS,14-inch,16GB,Apple,14-inch,16GB
2,0.05517578125,0.8125,ASUS,14-inch,16GB,Apple,16-inch,4GB
2,0.05859375,-0.1875,ASUS,14-inch,16GB,Apple,16-inch,8GB
2,0.048095703125,1.6875,ASUS,14-inch,16GB,Apple,16-inch,16GB
2,-8.5625,6.0625,ASUS,16-inch,4GB,ASUS,13-inch,4GB
2,-15.3125,6.0625,ASUS,16-inch,4GB,ASUS,13-inch,8GB
2,-4.1875,6.0625,ASUS,16-inch,4GB,ASUS,13-inch,16GB
2,-8.4375,6.0625,ASUS,16-inch,4GB,ASUS,14-inch,4GB
2,-13.8125,6.0625,ASUS,16-inch,4GB,ASUS,14-inch,8GB
2,-3.34375,6.03125,ASUS,16-inch,4GB,ASUS,14-inch,16GB
2,-11.8125,6.0625,ASUS,16-inch,4GB,ASUS,16-inch,8GB
2,-5.0625,6.0625,ASUS,16-inch,4GB,ASUS,16-inch,16GB
2,-8.8125,6.0625,ASUS,16-inch,4GB,Lenovo,13-inch,4GB
2,-18.75,6.0625,ASUS,16-inch,4GB,Lenovo,13-inch,8GB
2,-4.4375,6.0625,ASUS,16-inch,4GB,Lenovo,13-inch,16GB
2,-8.3125,6.0625,ASUS,16-inch,4GB,Lenovo,14-inch,4GB
2,-18.25,6.0625,ASUS,16-inch,4GB,Lenovo,14-inch,8GB
2,-2.984375,6.0,ASUS,16-inch,4GB,Lenovo,14-inch,16GB
2,-1.953125,5.90625,ASUS,16-inch,4GB,Lenovo,16-inch,4GB
2,-17.125,6.0625,ASUS,16-inch,4GB,Lenovo,16-inch,8GB
2,-4.8125,6.0625,ASUS,16-inch,4GB,Lenovo,16-inch,16GB
2,-7.8125,6.0625,ASUS,16-inch,4GB,HP,13-inch,4GB
2,-17.625,6.0625,ASUS,16-inch,4GB,HP,13-inch,8GB
2,-3.828125,6.03125,ASUS,16-inch,4GB,HP,13-inch,16GB
2,-7.5625,6.0625,ASUS,16-inch,4GB,HP,14-inch,4GB
2,-17.375,6.0625,ASUS,16-inch,4GB,HP,14-inch,8GB
2,-2.984375,6.0,ASUS,16-inch,4GB,HP,14-inch,16GB
2,-1.5390625,5.84375,ASUS,16-inch,4GB,HP,16-inch,4GB
2,-16.375,6.0625,ASUS,16-inch,4GB,HP,16-inch,8GB
2,-3.828125,6.03125,ASUS,16-inch,4GB,HP,16-inch,16GB
2,-8.8125,6.0625,ASUS,16-inch,4GB,Dell,13-inch,4GB
2,-17.5,6.0625,ASUS,16-inch,4GB,Dell,13-inch,8GB
2,-3.109375,6.03125,ASUS,16-inch,4GB,Dell,13-inch,16GB
2,-8.6875,6.0625,ASUS,16-inch,4GB,Dell,14-inch,4GB
2,-16.375,6.0625,ASUS,16-inch,4GB,Dell,14-inch,8GB
2,-1.8515625,5.90625,ASUS,16-inch,4GB,Dell,14-inch,16GB
2,-2.515625,5.96875,ASUS,16-inch,4GB,Dell,16-inch,4GB
2,-14.3125,6.0625,ASUS,16-inch,4GB,Dell,16-inch,8GB
2,-3.109375,6.03125,ASUS,16-inch,4GB,Dell,16-inch,16GB
2,-6.3125,6.0625,ASUS,16-inch,4GB,Apple,13-inch,4GB
2,-17.125,6.0625,ASUS,16-inch,4GB,Apple,13-inch,8GB
2,-11.4375,6.0625,ASUS,16-inch,4GB,Apple,13-inch,16GB
2,-5.5625,6.0625,ASUS,16-inch,4GB,Apple,14-inch,4GB
2,-17.125,6.0625,ASUS,16-inch,4GB,Apple,14-inch,8GB
2,-10.6875,6.0625,ASUS,16-inch,4GB,Apple,14-inch,16GB
2,-3.109375,6.03125,ASUS,16-inch,4GB,Apple,16-inch,4GB
2,-18.5,6.0625,ASUS,16-inch,4GB,Apple,16-inch,8GB
2,-13.0625,6.0625,ASUS,16-inch,4GB,Apple,16-inch,16GB
2,-10.6875,6.0625,ASUS,16-inch,8GB,ASUS,13-inch,4GB
2,-8.0625,6.0625,ASUS,16-inch,8GB,ASUS,13-inch,8GB
2,-4.4375,6.0625,ASUS,16-inch,8GB,ASUS,13-inch,16GB
2,-10.8125,6.0625,ASUS,16-inch,8GB,ASUS,14-inch,4GB
2,-7.0625,6.0625,ASUS,16-inch,8GB,ASUS,14-inch,8GB
2,-2.515625,5.96875,ASUS,16-inch,8GB,ASUS,14-inch,16GB
2,-15.5625,6.0625,ASUS,16-inch,8GB,ASUS,16-inch,4GB
2,0.02685546875,2.65625,ASUS,16-inch,8GB,ASUS,16-inch,16GB
2,-7.3125,6.0625,ASUS,16-inch,8GB,Lenovo,13-inch,4GB
2,-2.75,6.0,ASUS,16-inch,8GB,Lenovo,13-inch,8GB
2,-0.515625,5.25,ASUS,16-inch,8GB,Lenovo,13-inch,16GB
2,-5.9375,6.0625,ASUS,16-inch,8GB,Lenovo,14-inch,4GB
2,-2.75,6.0,ASUS,16-inch,8GB,Lenovo,14-inch,8GB
2,0.011962890625,3.015625,ASUS,16-inch,8GB,Lenovo,14-inch,16GB
2,-1.25,5.75,ASUS,16-inch,8GB,Lenovo,16-inch,4GB
2,-1.25,5.75,ASUS,16-inch,8GB,Lenovo,16-inch,8GB
2,0.060546875,-4.3125,ASUS,16-inch,8GB,Lenovo,16-inch,16GB
2,-5.6875,6.0625,ASUS,16-inch,8GB,HP,13-inch,4GB
2,-2.875,6.0,ASUS,16-inch,8GB,HP,13-inch,8GB
2,-0.9140625,5.59375,ASUS,16-inch,8GB,HP,13-inch,16GB
2,-5.3125,6.0625,ASUS,16-inch,8GB,HP,14-inch,4GB
2,-2.625,6.0,ASUS,16-inch,8GB,HP,14-inch,8GB
2,-0.099609375,4.15625,ASUS,16-inch,8GB,HP,14-inch,16GB
2,-0.326171875,4.9375,ASUS,16-inch,8GB,HP,16-inch,4GB
2,-1.34375,5.78125,ASUS,16-inch,8GB,HP,16-inch,8GB
2,0.060546875,-4.0625,ASUS,16-inch,8GB,HP,16-inch,16GB
2,-5.9375,6.0625,ASUS,16-inch,8GB,Dell,13-inch,4GB
2,-2.625,6.0,ASUS,16-inch,8GB,Dell,13-inch,8GB
2,-0.1650390625,4.46875,ASUS,16-inch,8GB,Dell,13-inch,16GB
2,-5.0625,6.0625,ASUS,16-inch,8GB,Dell,14-inch,4GB
2,-2.28125,5.96875,ASUS,16-inch,8GB,Dell,14-inch,8GB
2,0.02685546875,2.65625,ASUS,16-inch,8GB,Dell,14-inch,16GB
2,-0.4140625,5.09375,ASUS,16-inch,8GB,Dell,16-inch,4GB
2,-1.5390625,5.84375,ASUS,16-inch,8GB,Dell,16-inch,8GB
2,0.060546875,-5.8125,ASUS,16-inch,8GB,Dell,16-inch,16GB
2,-0.6328125,5.375,ASUS,16-inch,8GB,Apple,13-inch,4GB
2,-0.9140625,5.59375,ASUS,16-inch,8GB,Apple,13-inch,8GB
2,-0.3671875,5.0,ASUS,16-inch,8GB,Apple,13-inch,16GB
2,-0.326171875,4.9375,ASUS,16-inch,8GB,Apple,14-inch,4GB
2,-0.8359375,5.53125,ASUS,16-inch,8GB,Apple,14-inch,8GB
2,-0.08203125,4.0625,ASUS,16-inch,8GB,Apple,14-inch,16GB
2,0.056396484375,0.5625,ASUS,16-inch,8GB,Apple,16-inch,4GB
2,-1.5390625,5.84375,ASUS,16-inch,8GB,Apple,16-inch,8GB
2,0.059326171875,-0.5625,ASUS,16-inch,8GB,Apple,16-inch,16GB
2,-16.875,6.0625,ASUS,16-inch,16GB,ASUS,13-inch,4GB
2,0.017578125,2.890625,ASUS,16-inch,16GB,ASUS,13-inch,8GB
2,-2.625,6.0,ASUS,16-inch,16GB,ASUS,13-inch,16GB
2,-16.625,6.0625,ASUS,16-inch,16GB,ASUS,14-inch,4GB
2,0.011962890625,3.015625,ASUS,16-inch,16GB,ASUS,14-inch,8GB
2,-1.953125,5.90625,ASUS,16-inch,16GB,ASUS,14-inch,16GB
2,-14.9375,6.0625,ASUS,16-inch,16GB,ASUS,16-inch,4GB
2,-0.00146484375,3.25,ASUS,16-inch,16GB,ASUS,16-inch,8GB
2,-12.9375,6.0625,ASUS,16-inch,16GB,Lenovo,13-inch,4GB
2,0.04248046875,2.03125,ASUS,16-inch,16GB,Lenovo,13-inch,8GB
2,-0.099609375,4.15625,ASUS,16-inch,16GB,Lenovo,13-inch,16GB
2,-12.8125,6.0625,ASUS,16-inch,16GB,Lenovo,14-inch,4GB
2,0.0400390625,2.171875,ASUS,16-inch,16GB,Lenovo,14-inch,8GB
2,-0.00146484375,3.25,ASUS,16-inch,16GB,Lenovo,14-inch,16GB
2,-8.0625,6.0625,ASUS,16-inch,16GB,Lenovo,16-inch,4GB
2,0.037353515625,2.296875,ASUS,16-inch,16GB,Lenovo,16-inch,8GB
2,0.017578125,2.890625,ASUS,16-inch,16GB,Lenovo,16-inch,16GB
2,-12.6875,6.0625,ASUS,16-inch,16GB,HP,13-inch,4GB
2,0.04248046875,2.03125,ASUS,16-inch,16GB,HP,13-inch,8GB
2,-0.140625,4.375,ASUS,16-inch,16GB,HP,13-inch,16GB
2,-11.3125,6.0625,ASUS,16-inch,16GB,HP,14-inch,4GB
2,0.04638671875,1.8125,ASUS,16-inch,16GB,HP,14-inch,8GB
2,-0.05224609375,3.828125,ASUS,16-inch,16GB,HP,14-inch,16GB
2,-5.6875,6.0625,ASUS,16-inch,16GB,HP,16-inch,4GB
2,0.0400390625,2.171875,ASUS,16-inch,16GB,HP,16-inch,8GB
2,0.0341796875,2.40625,ASUS,16-inch,16GB,HP,16-inch,16GB
2,-12.6875,6.0625,ASUS,16-inch,16GB,Dell,13-inch,4GB
2,0.0341796875,2.40625,ASUS,16-inch,16GB,Dell,13-inch,8GB
2,-0.06640625,3.9375,ASUS,16-inch,16GB,Dell,13-inch,16GB
2,-10.5625,6.0625,ASUS,16-inch,16GB,Dell,14-inch,4GB
2,0.0341796875,2.40625,ASUS,16-inch,16GB,Dell,14-inch,8GB
2,-0.0185546875,3.484375,ASUS,16-inch,16GB,Dell,14-inch,16GB
2,-5.1875,6.0625,ASUS,16-inch,16GB,Dell,16-inch,4GB
2,0.037353515625,2.296875,ASUS,16-inch,16GB,Dell,16-inch,8GB
2,0.0224609375,2.78125,ASUS,16-inch,16GB,Dell,16-inch,16GB
2,-3.34375,6.03125,ASUS,16-inch,16GB,Apple,13-inch,4GB
2,-0.00927734375,3.375,ASUS,16-inch,16GB,Apple,13-inch,8GB
2,-0.140625,4.375,ASUS,16-inch,16GB,Apple,13-inch,16GB
2,-2.171875,5.9375,ASUS,16-inch,16GB,Apple,14-inch,4GB
2,-0.00927734375,3.375,ASUS,16-inch,16GB,Apple,14-inch,8GB
2,-0.099609375,4.15625,ASUS,16-inch,16GB,Apple,14-inch,16GB
2,-0.326171875,4.9375,ASUS,16-inch,16GB,Apple,16-inch,4GB
2,-0.0283203125,3.59375,ASUS,16-inch,16GB,Apple,16-inch,8GB
2,-0.19140625,4.5625,ASUS,16-inch,16GB,Apple,16-inch,16GB
2,-1.640625,5.875,Lenovo,13-inch,4GB,ASUS,13-inch,4GB
2,-17.25,6.0625,Lenovo,13-inch,4GB,ASUS,13-inch,8GB
2,-1.7421875,5.875,Lenovo,13-inch,4GB,ASUS,13-inch,16GB
2,-3.109375,6.03125,Lenovo,13-inch,4GB,ASUS,14-inch,4GB
2,-15.8125,6.0625,Lenovo,13-inch,4GB,ASUS,14-inch,8GB
2,-0.05224609375,3.828125,Lenovo,13-inch,4GB,ASUS,14-inch,16GB
2,-0.140625,4.375,Lenovo,13-inch,4GB,ASUS,16-inch,4GB
2,-1.4375,5.8125,Lenovo,13-inch,4GB,ASUS,16-inch,8GB
2,0.06005859375,-1.6875,Lenovo,13-inch,4GB,ASUS,16-inch,16GB
2,-6.4375,6.0625,Lenovo,13-inch,4GB,Lenovo,13-inch,8GB
2,0.04443359375,1.90625,Lenovo,13-inch,4GB,Lenovo,13-inch,16GB
2,-2.28125,5.96875,Lenovo,13-inch,4GB,Lenovo,14-inch,4GB
2,-9.0625,6.0625,Lenovo,13-inch,4GB,Lenovo,14-inch,8GB
2,0.059814453125,-1.1875,Lenovo,13-inch,4GB,Lenovo,14-inch,16GB
2,-0.326171875,4.9375,Lenovo,13-inch,4GB,Lenovo,16-inch,4GB
2,-0.287109375,4.84375,Lenovo,13-inch,4GB,Lenovo,16-inch,8GB
2,0.060546875,-4.1875,Lenovo,13-inch,4GB,Lenovo,16-inch,16GB
2,-0.765625,5.5,Lenovo,13-inch,4GB,HP,13-inch,4GB
2,-16.375,6.0625,Lenovo,13-inch,4GB,HP,13-inch,8GB
2,-0.6953125,5.4375,Lenovo,13-inch,4GB,HP,13-inch,16GB
2,-1.5390625,5.84375,Lenovo,13-inch,4GB,HP,14-inch,4GB
2,-15.0625,6.0625,Lenovo,13-inch,4GB,HP,14-inch,8GB
2,-0.0185546875,3.484375,Lenovo,13-inch,4GB,HP,14-inch,16GB
2,0.03076171875,2.53125,Lenovo,13-inch,4GB,HP,16-inch,4GB
2,-1.953125,5.90625,Lenovo,13-inch,4GB,HP,16-inch,8GB
2,0.06005859375,-1.4375,Lenovo,13-inch,4GB,HP,16-inch,16GB
2,-1.078125,5.6875,Lenovo,13-inch,4GB,Dell,13-inch,4GB
2,-11.8125,6.0625,Lenovo,13-inch,4GB,Dell,13-inch,8GB
2,-0.08203125,4.0625,Lenovo,13-inch,4GB,Dell,13-inch,16GB
2,-2.40625,5.96875,Lenovo,13-inch,4GB,Dell,14-inch,4GB
2,-10.5625,6.0625,Lenovo,13-inch,4GB,Dell,14-inch,8GB
2,0.05517578125,0.8125,Lenovo,13-inch,4GB,Dell,14-inch,16GB
2,-0.0185546875,3.484375,Lenovo,13-inch,4GB,Dell,16-inch,4GB
2,-0.220703125,4.65625,Lenovo,13-inch,4GB,Dell,16-inch,8GB
2,0.060546875,-4.0625,Lenovo,13-inch,4GB,Dell,16-inch,16GB
2,-0.06640625,3.9375,Lenovo,13-inch,4GB,Apple,13-inch,4GB
2,-17.0,6.0625,Lenovo,13-inch,4GB,Apple,13-inch,8GB
2,-4.1875,6.0625,Lenovo,13-inch,4GB,Apple,13-inch,16GB
2,-0.0185546875,3.484375,Lenovo,13-inch,4GB,Apple,14-inch,4GB
2,-14.3125,6.0625,Lenovo,13-inch,4GB,Apple,14-inch,8GB
2,-0.9921875,5.625,Lenovo,13-inch,4GB,Apple,14-inch,16GB
2,0.05810546875,0.0625,Lenovo,13-inch,4GB,Apple,16-inch,4GB
2,-3.34375,6.03125,Lenovo,13-inch,4GB,Apple,16-inch,8GB
2,0.05078125,1.4375,Lenovo,13-inch,4GB,Apple,16-inch,16GB
2,-0.0185546875,3.484375,Lenovo,13-inch,8GB,ASUS,13-inch,4GB
2,-1.8515625,5.90625,Lenovo,13-inch,8GB,ASUS,13-inch,8GB
2,0.060546875,-4.4375,Lenovo,13-inch,8GB,ASUS,13-inch,16GB
2,0.03076171875,2.53125,Lenovo,13-inch,8GB,ASUS,14-inch,4GB
2,-1.25,5.75,Lenovo,13-inch,8GB,ASUS,14-inch,8GB
2,0.060546875,-5.4375,Lenovo,13-inch,8GB,ASUS,14-inch,16GB
2,0.05810546875,0.0625,Lenovo,13-inch,8GB,ASUS,16-inch,4GB
2,-0.03955078125,3.71875,Lenovo,13-inch,8GB,ASUS,16-inch,8GB
2,0.060546875,-6.6875,Lenovo,13-inch,8GB,ASUS,16-inch,16GB
2,-14.6875,6.0625,Lenovo,13-inch,8GB,Lenovo,13-inch,4GB
2,0.059814453125,-1.3125,Lenovo,13-inch,8GB,Lenovo,13-inch,16GB
2,-0.4140625,5.09375,Lenovo,13-inch,8GB,Lenovo,14-inch,4GB
2,-6.1875,6.0625,Lenovo,13-inch,8GB,Lenovo,14-inch,8GB
2,0.060546875,-7.1875,Lenovo,13-inch,8GB,Lenovo,14-inch,16GB
2,0.0576171875,0.1875,Lenovo,13-inch,8GB,Lenovo,16-inch,4GB
2,-0.765625,5.5,Lenovo,13-inch,8GB,Lenovo,16-inch,8GB
2,0.060546875,-7.9375,Lenovo,13-inch,8GB,Lenovo,16-inch,16GB
2,-0.03955078125,3.71875,Lenovo,13-inch,8GB,HP,13-inch,4GB
2,-0.8359375,5.53125,Lenovo,13-inch,8GB,HP,13-inch,8GB
2,0.060546875,-4.5625,Lenovo,13-inch,8GB,HP,13-inch,16GB
2,-0.0185546875,3.484375,Lenovo,13-inch,8GB,HP,14-inch,4GB
2,-1.25,5.75,Lenovo,13-inch,8GB,HP,14-inch,8GB
2,0.060546875,-5.1875,Lenovo,13-inch,8GB,HP,14-inch,16GB
2,0.05517578125,0.8125,Lenovo,13-inch,8GB,HP,16-inch,4GB
2,-0.099609375,4.15625,Lenovo,13-inch,8GB,HP,16-inch,8GB
2,0.060546875,-5.9375,Lenovo,13-inch,8GB,HP,16-inch,16GB
2,-0.099609375,4.15625,Lenovo,13-inch,8GB,Dell,13-inch,4GB
2,-0.9140625,5.59375,Lenovo,13-inch,8GB,Dell,13-inch,8GB
2,0.060546875,-6.8125,Lenovo,13-inch,8GB,Dell,13-inch,16GB
2,-0.326171875,4.9375,Lenovo,13-inch,8GB,Dell,14-inch,4GB
2,-0.9921875,5.625,Lenovo,13-inch,8GB,Dell,14-inch,8GB
2,0.060546875,-6.9375,Lenovo,13-inch,8GB,Dell,14-inch,16GB
2,0.04443359375,1.90625,Lenovo,13-inch,8GB,Dell,16-inch,4GB
2,-0.099609375,4.15625,Lenovo,13-inch,8GB,Dell,16-inch,8GB
2,0.060546875,-7.8125,Lenovo,13-inch,8GB,Dell,16-inch,16GB
2,0.04248046875,2.03125,Lenovo,13-inch,8GB,Apple,13-inch,4GB
2,-0.6953125,5.4375,Lenovo,13-inch,8GB,Apple,13-inch,8GB
2,0.056396484375,0.5625,Lenovo,13-inch,8GB,Apple,13-inch,16GB
2,0.04443359375,1.90625,Lenovo,13-inch,8GB,Apple,14-inch,4GB
2,-0.05224609375,3.828125,Lenovo,13-inch,8GB,Apple,14-inch,8GB
2,0.06005859375,-1.5625,Lenovo,13-inch,8GB,Apple,14-inch,16GB
2,0.0576171875,0.1875,Lenovo,13-inch,8GB,Apple,16-inch,4GB
2,0.048095703125,1.6875,Lenovo,13-inch,8GB,Apple,16-inch,8GB
2,0.060546875,-4.0625,Lenovo,13-inch,8GB,Apple,16-inch,16GB
2,-4.9375,6.0625,Lenovo,13-inch,16GB,ASUS,13-inch,4GB
2,0.05859375,-0.1875,Lenovo,13-inch,16GB,ASUS,13-inch,8GB
2,0.049560546875,1.5625,Lenovo,13-inch,16GB,ASUS,13-inch,16GB
2,-6.6875,6.0625,Lenovo,13-inch,16GB,ASUS,14-inch,4GB
2,0.059814453125,-1.0625,Lenovo,13-inch,16GB,ASUS,14-inch,8GB
2,0.058837890625,-0.3125,Lenovo,13-inch,16GB,ASUS,14-inch,16GB
2,-0.0185546875,3.484375,Lenovo,13-inch,16GB,ASUS,16-inch,4GB
2,0.06005859375,-1.8125,Lenovo,13-inch,16GB,ASUS,16-inch,8GB
2,0.049560546875,1.5625,Lenovo,13-inch,16GB,ASUS,16-inch,16GB
2,-15.5625,6.0625,Lenovo,13-inch,16GB,Lenovo,13-inch,4GB
2,-0.0185546875,3.484375,Lenovo,13-inch,16GB,Lenovo,13-inch,8GB
2,-14.8125,6.0625,Lenovo,13-inch,16GB,Lenovo,14-inch,4GB
2,0.06005859375,-1.5625,Lenovo,13-inch,16GB,Lenovo,14-inch,8GB
2,-0.326171875,4.9375,Lenovo,13-inch,16GB,Lenovo,14-inch,16GB
2,-0.220703125,4.65625,Lenovo,13-inch,16GB,Lenovo,16-inch,4GB
2,0.060302734375,-2.1875,Lenovo,13-inch,16GB,Lenovo,16-inch,8GB
2,-0.19140625,4.5625,Lenovo,13-inch,16GB,Lenovo,16-inch,16GB
2,-5.4375,6.0625,Lenovo,13-inch,16GB,HP,13-inch,4GB
2,0.05908203125,-0.4375,Lenovo,13-inch,16GB,HP,13-inch,8GB
2,0.052978515625,1.1875,Lenovo,13-inch,16GB,HP,13-inch,16GB
2,-5.8125,6.0625,Lenovo,13-inch,16GB,HP,14-inch,4GB
2,0.06005859375,-1.4375,Lenovo,13-inch,16GB,HP,14-inch,8GB
2,0.059326171875,-0.5625,Lenovo,13-inch,16GB,HP,14-inch,16GB
2,-0.0185546875,3.484375,Lenovo,13-inch,16GB,HP,16-inch,4GB
2,0.06005859375,-1.4375,Lenovo,13-inch,16GB,HP,16-inch,8GB
2,0.04638671875,1.8125,Lenovo,13-inch,16GB,HP,16-inch,16GB
2,-4.9375,6.0625,Lenovo,13-inch,16GB,Dell,13-inch,4GB
2,0.056884765625,0.4375,Lenovo,13-inch,16GB,Dell,13-inch,8GB
2,0.056396484375,0.5625,Lenovo,13-inch,16GB,Dell,13-inch,16GB
2,-8.6875,6.0625,Lenovo,13-inch,16GB,Dell,14-inch,4GB
2,0.06005859375,-1.5625,Lenovo,13-inch,16GB,Dell,14-inch,8GB
2,0.06005859375,-1.5625,Lenovo,13-inch,16GB,Dell,14-inch,16GB
2,-0.19140625,4.5625,Lenovo,13-inch,16GB,Dell,16-inch,4GB
2,0.060302734375,-1.9375,Lenovo,13-inch,16GB,Dell,16-inch,8GB
2,0.04638671875,1.8125,Lenovo,13-inch,16GB,Dell,16-inch,16GB
2,-0.06640625,3.9375,Lenovo,13-inch,16GB,Apple,13-inch,4GB
2,0.04638671875,1.8125,Lenovo,13-inch,16GB,Apple,13-inch,8GB
2,-0.03955078125,3.71875,Lenovo,13-inch,16GB,Apple,13-inch,16GB
2,-0.099609375,4.15625,Lenovo,13-inch,16GB,Apple,14-inch,4GB
2,0.0576171875,0.1875,Lenovo,13-inch,16GB,Apple,14-inch,8GB
2,0.0400390625,2.171875,Lenovo,13-inch,16GB,Apple,14-inch,16GB
2,0.049560546875,1.5625,Lenovo,13-inch,16GB,Apple,16-inch,4GB
2,0.05859375,-0.1875,Lenovo,13-inch,16GB,Apple,16-inch,8GB
2,0.02685546875,2.65625,Lenovo,13-inch,16GB,Apple,16-inch,16GB
2,-2.171875,5.9375,Lenovo,14-inch,4GB,ASUS,13-inch,4GB
2,-18.125,6.0625,Lenovo,14-inch,4GB,ASUS,13-inch,8GB
2,-0.9921875,5.625,Lenovo,14-inch,4GB,ASUS,13-inch,16GB
2,-1.34375,5.78125,Lenovo,14-inch,4GB,ASUS,14-inch,4GB
2,-12.8125,6.0625,Lenovo,14-inch,4GB,ASUS,14-inch,8GB
2,-0.8359375,5.53125,Lenovo,14-inch,4GB,ASUS,14-inch,16GB
2,-0.251953125,4.75,Lenovo,14-inch,4GB,ASUS,16-inch,4GB
2,-1.25,5.75,Lenovo,14-inch,4GB,ASUS,16-inch,8GB
2,0.060546875,-3.0625,Lenovo,14-inch,4GB,ASUS,16-inch,16GB
2,-0.765625,5.5,Lenovo,14-inch,4GB,Lenovo,13-inch,4GB
2,-11.3125,6.0625,Lenovo,14-inch,4GB,Lenovo,13-inch,8GB
2,0.0537109375,1.0625,Lenovo,14-inch,4GB,Lenovo,13-inch,16GB
2,-3.109375,6.03125,Lenovo,14-inch,4GB,Lenovo,14-inch,8GB
2,0.048095703125,1.6875,Lenovo,14-inch,4GB,Lenovo,14-inch,16GB
2,-0.4140625,5.09375,Lenovo,14-inch,4GB,Lenovo,16-inch,4GB
2,-0.140625,4.375,Lenovo,14-inch,4GB,Lenovo,16-inch,8GB
2,0.060546875,-4.6875,Lenovo,14-inch,4GB,Lenovo,16-inch,16GB
2,-1.1640625,5.71875,Lenovo,14-inch,4GB,HP,13-inch,4GB
2,-17.5,6.0625,Lenovo,14-inch,4GB,HP,13-inch,8GB
2,-0.287109375,4.84375,Lenovo,14-inch,4GB,HP,13-inch,16GB
2,-0.5703125,5.3125,Lenovo,14-inch,4GB,HP,14-inch,4GB
2,-12.0625,6.0625,Lenovo,14-inch,4GB,HP,14-inch,8GB
2,-0.326171875,4.9375,Lenovo,14-inch,4GB,HP,14-inch,16GB
2,0.011962890625,3.015625,Lenovo,14-inch,4GB,HP,16-inch,4GB
2,-1.640625,5.875,Lenovo,14-inch,4GB,HP,16-inch,8GB
2,0.060546875,-3.0625,Lenovo,14-inch,4GB,HP,16-inch,16GB
2,-1.953125,5.90625,Lenovo,14-inch,4GB,Dell,13-inch,4GB
2,-15.6875,6.0625,Lenovo,14-inch,4GB,Dell,13-inch,8GB
2,-0.05224609375,3.828125,Lenovo,14-inch,4GB,Dell,13-inch,16GB
2,-0.6328125,5.375,Lenovo,14-inch,4GB,Dell,14-inch,4GB
2,-6.6875,6.0625,Lenovo,14-inch,4GB,Dell,14-inch,8GB
2,-0.00927734375,3.375,Lenovo,14-inch,4GB,Dell,14-inch,16GB
2,-0.06640625,3.9375,Lenovo,14-inch,4GB,Dell,16-inch,4GB
2,-0.19140625,4.5625,Lenovo,14-inch,4GB,Dell,16-inch,8GB
2,0.060546875,-5.4375,Lenovo,14-inch,4GB,Dell,16-inch,16GB
2,-0.6328125,5.375,Lenovo,14-inch,4GB,Apple,13-inch,4GB
2,-16.25,6.0625,Lenovo,14-inch,4GB,Apple,13-inch,8GB
2,-4.1875,6.0625,Lenovo,14-inch,4GB,Apple,13-inch,16GB
2,-0.0185546875,3.484375,Lenovo,14-inch,4GB,Apple,14-inch,4GB
2,-15.6875,6.0625,Lenovo,14-inch,4GB,Apple,14-inch,8GB
2,-4.6875,6.0625,Lenovo,14-inch,4GB,Apple,14-inch,16GB
2,0.05810546875,0.0625,Lenovo,14-inch,4GB,Apple,16-inch,4GB
2,-3.59375,6.03125,Lenovo,14-inch,4GB,Apple,16-inch,8GB
2,0.0546875,0.9375,Lenovo,14-inch,4GB,Apple,16-inch,16GB
2,-5.9375,6.0625,Lenovo,14-inch,8GB,ASUS,13-inch,4GB
2,-2.171875,5.9375,Lenovo,14-inch,8GB,ASUS,13-inch,8GB
2,0.0537109375,1.0625,Lenovo,14-inch,8GB,ASUS,13-inch,16GB
2,-0.765625,5.5,Lenovo,14-inch,8GB,ASUS,14-inch,4GB
2,-1.4375,5.8125,Lenovo,14-inch,8GB,ASUS,14-inch,8GB
2,0.060546875,-6.3125,Lenovo,14-inch,8GB,ASUS,14-inch,16GB
2,0.058837890625,-0.3125,Lenovo,14-inch,8GB,ASUS,16-inch,4GB
2,-0.00927734375,3.375,Lenovo,14-inch,8GB,ASUS,16-inch,8GB
2,0.060546875,-7.6875,Lenovo,14-inch,8GB,ASUS,16-inch,16GB
2,-13.1875,6.0625,Lenovo,14-inch,8GB,Lenovo,13-inch,4GB
2,-7.1875,6.0625,Lenovo,14-inch,8GB,Lenovo,13-inch,8GB
2,0.059326171875,-0.5625,Lenovo,14-inch,8GB,Lenovo,13-inch,16GB
2,-15.9375,6.0625,Lenovo,14-inch,8GB,Lenovo,14-inch,4GB
2,0.060302734375,-2.8125,Lenovo,14-inch,8GB,Lenovo,14-inch,16GB
2,0.052978515625,1.1875,Lenovo,14-inch,8GB,Lenovo,16-inch,4GB
2,-0.5703125,5.3125,Lenovo,14-inch,8GB,Lenovo,16-inch,8GB
2,0.060546875,-8.3125,Lenovo,14-inch,8GB,Lenovo,16-inch,16GB
2,-6.6875,6.0625,Lenovo,14-inch,8GB,HP,13-inch,4GB
2,-1.640625,5.875,Lenovo,14-inch,8GB,HP,13-inch,8GB
2,0.05810546875,0.0625,Lenovo,14-inch,8GB,HP,13-inch,16GB
2,-1.4375,5.8125,Lenovo,14-inch,8GB,HP,14-inch,4GB
2,-0.9140625,5.59375,Lenovo,14-inch,8GB,HP,14-inch,8GB
2,0.060546875,-6.6875,Lenovo,14-inch,8GB,HP,14-inch,16GB
2,0.052001953125,1.3125,Lenovo,14-inch,8GB,HP,16-inch,4GB
2,-0.099609375,4.15625,Lenovo,14-inch,8GB,HP,16-inch,8GB
2,0.060546875,-7.4375,Lenovo,14-inch,8GB,HP,16-inch,16GB
2,-10.1875,6.0625,Lenovo,14-inch,8GB,Dell,13-inch,4GB
2,-1.4375,5.8125,Lenovo,14-inch,8GB,Dell,13-inch,8GB
2,0.059814453125,-1.1875,Lenovo,14-inch,8GB,Dell,13-inch,16GB
2,-2.75,6.0,Lenovo,14-inch,8GB,Dell,14-inch,4GB
2,-0.6953125,5.4375,Lenovo,14-inch,8GB,Dell,14-inch,8GB
2,0.060546875,-8.5625,Lenovo,14-inch,8GB,Dell,14-inch,16GB
2,0.037353515625,2.296875,Lenovo,14-inch,8GB,Dell,16-inch,4GB
2,-0.05224609375,3.828125,Lenovo,14-inch,8GB,Dell,16-inch,8GB
2,0.060546875,-8.5625,Lenovo,14-inch,8GB,Dell,16-inch,16GB
2,-0.8359375,5.53125,Lenovo,14-inch,8GB,Apple,13-inch,4GB
2,-0.251953125,4.75,Lenovo,14-inch,8GB,Apple,13-inch,8GB
2,0.05078125,1.4375,Lenovo,14-inch,8GB,Apple,13-inch,16GB
2,0.011962890625,3.015625,Lenovo,14-inch,8GB,Apple,14-inch,4GB
2,-0.251953125,4.75,Lenovo,14-inch,8GB,Apple,14-inch,8GB
2,0.06005859375,-1.6875,Lenovo,14-inch,8GB,Apple,14-inch,16GB
2,0.056884765625,0.4375,Lenovo,14-inch,8GB,Apple,16-inch,4GB
2,0.048095703125,1.6875,Lenovo,14-inch,8GB,Apple,16-inch,8GB
2,0.060546875,-5.5625,Lenovo,14-inch,8GB,Apple,16-inch,16GB
2,-15.5625,6.0625,Lenovo,14-inch,16GB,ASUS,13-inch,4GB
2,0.0537109375,1.0625,Lenovo,14-inch,16GB,ASUS,13-inch,8GB
2,0.0537109375,1.0625,Lenovo,14-inch,16GB,ASUS,13-inch,16GB
2,-8.4375,6.0625,Lenovo,14-inch,16GB,ASUS,14-inch,4GB
2,0.056396484375,0.5625,Lenovo,14-inch,16GB,ASUS,14-inch,8GB
2,0.05908203125,-0.4375,Lenovo,14-inch,16GB,ASUS,14-inch,16GB
2,-0.099609375,4.15625,Lenovo,14-inch,16GB,ASUS,16-inch,4GB
2,0.0595703125,-0.9375,Lenovo,14-inch,16GB,ASUS,16-inch,8GB
2,0.05859375,-0.1875,Lenovo,14-inch,16GB,ASUS,16-inch,16GB
2,-18.0,6.0625,Lenovo,14-inch,16GB,Lenovo,13-inch,4GB
2,0.052978515625,1.1875,Lenovo,14-inch,16GB,Lenovo,13-inch,8GB
2,-0.765625,5.5,Lenovo,14-inch,16GB,Lenovo,13-inch,16GB
2,-16.375,6.0625,Lenovo,14-inch,16GB,Lenovo,14-inch,4GB
2,-0.06640625,3.9375,Lenovo,14-inch,16GB,Lenovo,14-inch,8GB
2,-0.462890625,5.15625,Lenovo,14-inch,16GB,Lenovo,16-inch,4GB
2,0.06005859375,-1.4375,Lenovo,14-inch,16GB,Lenovo,16-inch,8GB
2,-0.0185546875,3.484375,Lenovo,14-inch,16GB,Lenovo,16-inch,16GB
2,-16.125,6.0625,Lenovo,14-inch,16GB,HP,13-inch,4GB
2,0.05517578125,0.8125,Lenovo,14-inch,16GB,HP,13-inch,8GB
2,0.055908203125,0.6875,Lenovo,14-inch,16GB,HP,13-inch,16GB
2,-8.8125,6.0625,Lenovo,14-inch,16GB,HP,14-inch,4GB
2,0.056396484375,0.5625,Lenovo,14-inch,16GB,HP,14-inch,8GB
2,0.05908203125,-0.4375,Lenovo,14-inch,16GB,HP,14-inch,16GB
2,-0.19140625,4.5625,Lenovo,14-inch,16GB,HP,16-inch,4GB
2,0.059326171875,-0.6875,Lenovo,14-inch,16GB,HP,16-inch,8GB
2,0.05908203125,-0.4375,Lenovo,14-inch,16GB,HP,16-inch,16GB
2,-17.0,6.0625,Lenovo,14-inch,16GB,Dell,13-inch,4GB
2,0.052001953125,1.3125,Lenovo,14-inch,16GB,Dell,13-inch,8GB
2,0.0576171875,0.1875,Lenovo,14-inch,16GB,Dell,13-inch,16GB
2,-9.8125,6.0625,Lenovo,14-inch,16GB,Dell,14-inch,4GB
2,0.0546875,0.9375,Lenovo,14-inch,16GB,Dell,14-inch,8GB
2,0.06005859375,-1.5625,Lenovo,14-inch,16GB,Dell,14-inch,16GB
2,-0.765625,5.5,Lenovo,14-inch,16GB,Dell,16-inch,4GB
2,0.0595703125,-0.8125,Lenovo,14-inch,16GB,Dell,16-inch,8GB
2,0.05908203125,-0.4375,Lenovo,14-inch,16GB,Dell,16-inch,16GB
2,-3.59375,6.03125,Lenovo,14-inch,16GB,Apple,13-inch,4GB
2,0.0400390625,2.171875,Lenovo,14-inch,16GB,Apple,13-inch,8GB
2,0.02685546875,2.65625,Lenovo,14-inch,16GB,Apple,13-inch,16GB
2,-0.140625,4.375,Lenovo,14-inch,16GB,Apple,14-inch,4GB
2,0.02685546875,2.65625,Lenovo,14-inch,16GB,Apple,14-inch,8GB
2,0.0341796875,2.40625,Lenovo,14-inch,16GB,Apple,14-inch,16GB
2,0.048095703125,1.6875,Lenovo,14-inch,16GB,Apple,16-inch,4GB
2,0.057373046875,0.3125,Lenovo,14-inch,16GB,Apple,16-inch,8GB
2,0.052978515625,1.1875,Lenovo,14-inch,16GB,Apple,16-inch,16GB
2,-11.1875,6.0625,Lenovo,16-inch,4GB,ASUS,13-inch,4GB
2,-19.5,6.0625,Lenovo,16-inch,4GB,ASUS,13-inch,8GB
2,-8.1875,6.0625,Lenovo,16-inch,4GB,ASUS,13-inch,16GB
2,-10.6875,6.0625,Lenovo,16-inch,4GB,ASUS,14-inch,4GB
2,-19.25,6.0625,Lenovo,16-inch,4GB,ASUS,14-inch,8GB
2,-6.9375,6.0625,Lenovo,16-inch,4GB,ASUS,14-inch,16GB
2,-3.109375,6.03125,Lenovo,16-inch,4GB,ASUS,16-inch,4GB
2,-18.125,6.0625,Lenovo,16-inch,4GB,ASUS,16-inch,8GB
2,-10.4375,6.0625,Lenovo,16-inch,4GB,ASUS,16-inch,16GB
2,-7.4375,6.0625,Lenovo,16-inch,4GB,Lenovo,13-inch,4GB
2,-15.8125,6.0625,Lenovo,16-inch,4GB,Lenovo,13-inch,8GB
2,-4.4375,6.0625,Lenovo,16-inch,4GB,Lenovo,13-inch,16GB
2,-8.0625,6.0625,Lenovo,16-inch,4GB,Lenovo,14-inch,4GB
2,-14.4375,6.0625,Lenovo,16-inch,4GB,Lenovo,14-inch,8GB
2,-2.875,6.0,Lenovo,16-inch,4GB,Lenovo,14-inch,16GB
2,-11.6875,6.0625,Lenovo,16-inch,4GB,Lenovo,16-inch,8GB
2,-5.5625,6.0625,Lenovo,16-inch,4GB,Lenovo,16-inch,16GB
2,-8.4375,6.0625,Lenovo,16-inch,4GB,HP,13-inch,4GB
2,-19.75,6.0625,Lenovo,16-inch,4GB,HP,13-inch,8GB
2,-7.8125,6.0625,Lenovo,16-inch,4GB,HP,13-inch,16GB
2,-8.0625,6.0625,Lenovo,16-inch,4GB,HP,14-inch,4GB
2,-19.0,6.0625,Lenovo,16-inch,4GB,HP,14-inch,8GB
2,-5.8125,6.0625,Lenovo,16-inch,4GB,HP,14-inch,16GB
2,-2.28125,5.96875,Lenovo,16-inch,4GB,HP,16-inch,4GB
2,-18.0,6.0625,Lenovo,16-inch,4GB,HP,16-inch,8GB
2,-7.5625,6.0625,Lenovo,16-inch,4GB,HP,16-inch,16GB
2,-9.9375,6.0625,Lenovo,16-inch,4GB,Dell,13-inch,4GB
2,-19.25,6.0625,Lenovo,16-inch,4GB,Dell,13-inch,8GB
2,-5.4375,6.0625,Lenovo,16-inch,4GB,Dell,13-inch,16GB
2,-9.9375,6.0625,Lenovo,16-inch,4GB,Dell,14-inch,4GB
2,-18.75,6.0625,Lenovo,16-inch,4GB,Dell,14-inch,8GB
2,-3.828125,6.03125,Lenovo,16-inch,4GB,Dell,14-inch,16GB
2,-2.625,6.0,Lenovo,16-inch,4GB,Dell,16-inch,4GB
2,-14.3125,6.0625,Lenovo,16-inch,4GB,Dell,16-inch,8GB
2,-4.4375,6.0625,Lenovo,16-inch,4GB,Dell,16-inch,16GB
2,-6.4375,6.0625,Lenovo,16-inch,4GB,Apple,13-inch,4GB
2,-18.25,6.0625,Lenovo,16-inch,4GB,Apple,13-inch,8GB
2,-13.1875,6.0625,Lenovo,16-inch,4GB,Apple,13-inch,16GB
2,-5.4375,6.0625,Lenovo,16-inch,4GB,Apple,14-inch,4GB
2,-18.375,6.0625,Lenovo,16-inch,4GB,Apple,14-inch,8GB
2,-12.6875,6.0625,Lenovo,16-inch,4GB,Apple,14-inch,16GB
2,-3.109375,6.03125,Lenovo,16-inch,4GB,Apple,16-inch,4GB
2,-19.375,6.0625,Lenovo,16-inch,4GB,Apple,16-inch,8GB
2,-14.4375,6.0625,Lenovo,16-inch,4GB,Apple,16-inch,16GB
2,-6.8125,6.0625,Lenovo,16-inch,8GB,ASUS,13-inch,4GB
2,-3.96875,6.03125,Lenovo,16-inch,8GB,ASUS,13-inch,8GB
2,-1.8515625,5.90625,Lenovo,16-inch,8GB,ASUS,13-inch,16GB
2,-6.0625,6.0625,Lenovo,16-inch,8GB,ASUS,14-inch,4GB
2,-3.59375,6.03125,Lenovo,16-inch,8GB,ASUS,14-inch,8GB
2,-0.140625,4.375,Lenovo,16-inch,8GB,ASUS,14-inch,16GB
2,-0.515625,5.25,Lenovo,16-inch,8GB,ASUS,16-inch,4GB
2,-2.984375,6.0,Lenovo,16-inch,8GB,ASUS,16-inch,8GB
2,0.060546875,-4.6875,Lenovo,16-inch,8GB,ASUS,16-inch,16GB
2,-13.5625,6.0625,Lenovo,16-inch,8GB,Lenovo,13-inch,4GB
2,-9.8125,6.0625,Lenovo,16-inch,8GB,Lenovo,13-inch,8GB
2,-3.96875,6.03125,Lenovo,16-inch,8GB,Lenovo,13-inch,16GB
2,-13.9375,6.0625,Lenovo,16-inch,8GB,Lenovo,14-inch,4GB
2,-8.9375,6.0625,Lenovo,16-inch,8GB,Lenovo,14-inch,8GB
2,-1.4375,5.8125,Lenovo,16-inch,8GB,Lenovo,14-inch,16GB
2,-16.25,6.0625,Lenovo,16-inch,8GB,Lenovo,16-inch,4GB
2,0.037353515625,2.296875,Lenovo,16-inch,8GB,Lenovo,16-inch,16GB
2,-8.3125,6.0625,Lenovo,16-inch,8GB,HP,13-inch,4GB
2,-4.09375,6.03125,Lenovo,16-inch,8GB,HP,13-inch,8GB
2,-1.8515625,5.90625,Lenovo,16-inch,8GB,HP,13-inch,16GB
2,-7.1875,6.0625,Lenovo,16-inch,8GB,HP,14-inch,4GB
2,-3.828125,6.03125,Lenovo,16-inch,8GB,HP,14-inch,8GB
2,-0.287109375,4.84375,Lenovo,16-inch,8GB,HP,14-inch,16GB
2,-0.765625,5.5,Lenovo,16-inch,8GB,HP,16-inch,4GB
2,-2.171875,5.9375,Lenovo,16-inch,8GB,HP,16-inch,8GB
2,0.060546875,-4.0625,Lenovo,16-inch,8GB,HP,16-inch,16GB
2,-10.6875,6.0625,Lenovo,16-inch,8GB,Dell,13-inch,4GB
2,-3.59375,6.03125,Lenovo,16-inch,8GB,Dell,13-inch,8GB
2,-0.6328125,5.375,Lenovo,16-inch,8GB,Dell,13-inch,16GB
2,-9.9375,6.0625,Lenovo,16-inch,8GB,Dell,14-inch,4GB
2,-3.109375,6.03125,Lenovo,16-inch,8GB,Dell,14-inch,8GB
2,-0.00927734375,3.375,Lenovo,16-inch,8GB,Dell,14-inch,16GB
2,-2.515625,5.96875,Lenovo,16-inch,8GB,Dell,16-inch,4GB
2,-2.625,6.0,Lenovo,16-inch,8GB,Dell,16-inch,8GB
2,0.060546875,-5.4375,Lenovo,16-inch,8GB,Dell,16-inch,16GB
2,-0.9140625,5.59375,Lenovo,16-inch,8GB,Apple,13-inch,4GB
2,-0.9921875,5.625,Lenovo,16-inch,8GB,Apple,13-inch,8GB
2,-0.462890625,5.15625,Lenovo,16-inch,8GB,Apple,13-inch,16GB
2,-0.6328125,5.375,Lenovo,16-inch,8GB,Apple,14-inch,4GB
2,-0.6953125,5.4375,Lenovo,16-inch,8GB,Apple,14-inch,8GB
2,-0.099609375,4.15625,Lenovo,16-inch,8GB,Apple,14-inch,16GB
2,0.049560546875,1.5625,Lenovo,16-inch,8GB,Apple,16-inch,4GB
2,-1.640625,5.875,Lenovo,16-inch,8GB,Apple,16-inch,8GB
2,0.058837890625,-0.3125,Lenovo,16-inch,8GB,Apple,16-inch,16GB
2,-14.5625,6.0625,Lenovo,16-inch,16GB,ASUS,13-inch,4GB
2,-0.00146484375,3.25,Lenovo,16-inch,16GB,ASUS,13-inch,8GB
2,-0.140625,4.375,Lenovo,16-inch,16GB,ASUS,13-inch,16GB
2,-13.9375,6.0625,Lenovo,16-inch,16GB,ASUS,14-inch,4GB
2,-0.00146484375,3.25,Lenovo,16-inch,16GB,ASUS,14-inch,8GB
2,-0.00927734375,3.375,Lenovo,16-inch,16GB,ASUS,14-inch,16GB
2,-8.8125,6.0625,Lenovo,16-inch,16GB,ASUS,16-inch,4GB
2,-0.0185546875,3.484375,Lenovo,16-inch,16GB,ASUS,16-inch,8GB
2,-0.0283203125,3.59375,Lenovo,16-inch,16GB,ASUS,16-inch,16GB
2,-19.0,6.0625,Lenovo,16-inch,16GB,Lenovo,13-inch,4GB
2,-0.0185546875,3.484375,Lenovo,16-inch,16GB,Lenovo,13-inch,8GB
2,-2.515625,5.96875,Lenovo,16-inch,16GB,Lenovo,13-inch,16GB
2,-19.375,6.0625,Lenovo,16-inch,16GB,Lenovo,14-inch,4GB
2,-0.00927734375,3.375,Lenovo,16-inch,16GB,Lenovo,14-inch,8GB
2,-2.0625,5.9375,Lenovo,16-inch,16GB,Lenovo,14-inch,16GB
2,-16.375,6.0625,Lenovo,16-inch,16GB,Lenovo,16-inch,4GB
2,-0.220703125,4.65625,Lenovo,16-inch,16GB,Lenovo,16-inch,8GB
2,-15.4375,6.0625,Lenovo,16-inch,16GB,HP,13-inch,4GB
2,0.017578125,2.890625,Lenovo,16-inch,16GB,HP,13-inch,8GB
2,-0.140625,4.375,Lenovo,16-inch,16GB,HP,13-inch,16GB
2,-14.5625,6.0625,Lenovo,16-inch,16GB,HP,14-inch,4GB
2,0.02685546875,2.65625,Lenovo,16-inch,16GB,HP,14-inch,8GB
2,-0.06640625,3.9375,Lenovo,16-inch,16GB,HP,14-inch,16GB
2,-9.3125,6.0625,Lenovo,16-inch,16GB,HP,16-inch,4GB
2,-0.00927734375,3.375,Lenovo,16-inch,16GB,HP,16-inch,8GB
2,0.02685546875,2.65625,Lenovo,16-inch,16GB,HP,16-inch,16GB
2,-16.5,6.0625,Lenovo,16-inch,16GB,Dell,13-inch,4GB
2,-0.00146484375,3.25,Lenovo,16-inch,16GB,Dell,13-inch,8GB
2,-0.06640625,3.9375,Lenovo,16-inch,16GB,Dell,13-inch,16GB
2,-15.9375,6.0625,Lenovo,16-inch,16GB,Dell,14-inch,4GB
2,-0.00146484375,3.25,Lenovo,16-inch,16GB,Dell,14-inch,8GB
2,0.005615234375,3.125,Lenovo,16-inch,16GB,Dell,14-inch,16GB
2,-10.0625,6.0625,Lenovo,16-inch,16GB,Dell,16-inch,4GB
2,-0.0283203125,3.59375,Lenovo,16-inch,16GB,Dell,16-inch,8GB
2,0.0400390625,2.171875,Lenovo,16-inch,16GB,Dell,16-inch,16GB
2,-4.9375,6.0625,Lenovo,16-inch,16GB,Apple,13-inch,4GB
2,-0.08203125,4.0625,Lenovo,16-inch,16GB,Apple,13-inch,8GB
2,-0.03955078125,3.71875,Lenovo,16-inch,16GB,Apple,13-inch,16GB
2,-3.59375,6.03125,Lenovo,16-inch,16GB,Apple,14-inch,4GB
2,-0.08203125,4.0625,Lenovo,16-inch,16GB,Apple,14-inch,8GB
2,-0.0283203125,3.59375,Lenovo,16-inch,16GB,Apple,14-inch,16GB
2,-1.640625,5.875,Lenovo,16-inch,16GB,Apple,16-inch,4GB
2,-0.140625,4.375,Lenovo,16-inch,16GB,Apple,16-inch,8GB
2,-0.140625,4.375,Lenovo,16-inch,16GB,Apple,16-inch,16GB
2,-1.34375,5.78125,HP,13-inch,4GB,ASUS,13-inch,4GB
2,-13.6875,6.0625,HP,13-inch,4GB,ASUS,13-inch,8GB
2,-0.1650390625,4.46875,HP,13-inch,4GB,ASUS,13-inch,16GB
2,-1.4375,5.8125,HP,13-inch,4GB,ASUS,14-inch,4GB
2,-9.9375,6.0625,HP,13-inch,4GB,ASUS,14-inch,8GB
2,0.048095703125,1.6875,HP,13-inch,4GB,ASUS,14-inch,16GB
2,0.056396484375,0.5625,HP,13-inch,4GB,ASUS,16-inch,4GB
2,-0.099609375,4.15625,HP,13-inch,4GB,ASUS,16-inch,8GB
2,0.060546875,-3.8125,HP,13-inch,4GB,ASUS,16-inch,16GB
2,-0.6328125,5.375,HP,13-inch,4GB,Lenovo,13-inch,4GB
2,-15.1875,6.0625,HP,13-inch,4GB,Lenovo,13-inch,8GB
2,-0.119140625,4.25,HP,13-inch,4GB,Lenovo,13-inch,16GB
2,-0.765625,5.5,HP,13-inch,4GB,Lenovo,14-inch,4GB
2,-10.8125,6.0625,HP,13-inch,4GB,Lenovo,14-inch,8GB
2,0.05517578125,0.8125,HP,13-inch,4GB,Lenovo,14-inch,16GB
2,0.060302734375,-2.4375,HP,13-inch,4GB,Lenovo,16-inch,4GB
2,-0.19140625,4.5625,HP,13-inch,4GB,Lenovo,16-inch,8GB
2,0.060546875,-4.0625,HP,13-inch,4GB,Lenovo,16-inch,16GB
2,-3.34375,6.03125,HP,13-inch,4GB,HP,13-inch,8GB
2,0.059326171875,-0.6875,HP,13-inch,4GB,HP,13-inch,16GB
2,-1.25,5.75,HP,13-inch,4GB,HP,14-inch,4GB
2,-1.8515625,5.90625,HP,13-inch,4GB,HP,14-inch,8GB
2,0.060546875,-3.5625,HP,13-inch,4GB,HP,14-inch,16GB
2,-0.06640625,3.9375,HP,13-inch,4GB,HP,16-inch,4GB
2,0.037353515625,2.296875,HP,13-inch,4GB,HP,16-inch,8GB
2,0.060546875,-6.0625,HP,13-inch,4GB,HP,16-inch,16GB
2,-0.8359375,5.53125,HP,13-inch,4GB,Dell,13-inch,4GB
2,-10.0625,6.0625,HP,13-inch,4GB,Dell,13-inch,8GB
2,0.005615234375,3.125,HP,13-inch,4GB,Dell,13-inch,16GB
2,-0.9921875,5.625,HP,13-inch,4GB,Dell,14-inch,4GB
2,-4.8125,6.0625,HP,13-inch,4GB,Dell,14-inch,8GB
2,0.05908203125,-0.4375,HP,13-inch,4GB,Dell,14-inch,16GB
2,0.059814453125,-1.1875,HP,13-inch,4GB,Dell,16-inch,4GB
2,0.005615234375,3.125,HP,13-inch,4GB,Dell,16-inch,8GB
2,0.060546875,-5.3125,HP,13-inch,4GB,Dell,16-inch,16GB
2,-0.0185546875,3.484375,HP,13-inch,4GB,Apple,13-inch,4GB
2,-15.3125,6.0625,HP,13-inch,4GB,Apple,13-inch,8GB
2,-2.171875,5.9375,HP,13-inch,4GB,Apple,13-inch,16GB
2,0.0341796875,2.40625,HP,13-inch,4GB,Apple,14-inch,4GB
2,-10.6875,6.0625,HP,13-inch,4GB,Apple,14-inch,8GB
2,-0.19140625,4.5625,HP,13-inch,4GB,Apple,14-inch,16GB
2,0.06005859375,-1.8125,HP,13-inch,4GB,Apple,16-inch,4GB
2,-1.078125,5.6875,HP,13-inch,4GB,Apple,16-inch,8GB
2,0.059326171875,-0.6875,HP,13-inch,4GB,Apple,16-inch,16GB
2,-0.08203125,4.0625,HP,13-inch,8GB,ASUS,13-inch,4GB
2,-2.171875,5.9375,HP,13-inch,8GB,ASUS,13-inch,8GB
2,0.060546875,-4.4375,HP,13-inch,8GB,ASUS,13-inch,16GB
2,0.017578125,2.890625,HP,13-inch,8GB,ASUS,14-inch,4GB
2,-0.9921875,5.625,HP,13-inch,8GB,ASUS,14-inch,8GB
2,0.060546875,-5.9375,HP,13-inch,8GB,ASUS,14-inch,16GB
2,0.057373046875,0.3125,HP,13-inch,8GB,ASUS,16-inch,4GB
2,-0.00146484375,3.25,HP,13-inch,8GB,ASUS,16-inch,8GB
2,0.060546875,-7.4375,HP,13-inch,8GB,ASUS,16-inch,16GB
2,-0.326171875,4.9375,HP,13-inch,8GB,Lenovo,13-inch,4GB
2,-1.34375,5.78125,HP,13-inch,8GB,Lenovo,13-inch,8GB
2,0.060546875,-3.5625,HP,13-inch,8GB,Lenovo,13-inch,16GB
2,-0.140625,4.375,HP,13-inch,8GB,Lenovo,14-inch,4GB
2,-0.8359375,5.53125,HP,13-inch,8GB,Lenovo,14-inch,8GB
2,0.060546875,-5.9375,HP,13-inch,8GB,Lenovo,14-inch,16GB
2,0.05517578125,0.8125,HP,13-inch,8GB,Lenovo,16-inch,4GB
2,0.005615234375,3.125,HP,13-inch,8GB,Lenovo,16-inch,8GB
2,0.060546875,-7.8125,HP,13-inch,8GB,Lenovo,16-inch,16GB
2,-14.6875,6.0625,HP,13-inch,8GB,HP,13-inch,4GB
2,0.059814453125,-1.3125,HP,13-inch,8GB,HP,13-inch,16GB
2,-0.220703125,4.65625,HP,13-inch,8GB,HP,14-inch,4GB
2,-3.59375,6.03125,HP,13-inch,8GB,HP,14-inch,8GB
2,0.060546875,-6.0625,HP,13-inch,8GB,HP,14-inch,16GB
2,0.04638671875,1.8125,HP,13-inch,8GB,HP,16-inch,4GB
2,-0.4140625,5.09375,HP,13-inch,8GB,HP,16-inch,8GB
2,0.060546875,-7.4375,HP,13-inch,8GB,HP,16-inch,16GB
2,-0.287109375,4.84375,HP,13-inch,8GB,Dell,13-inch,4GB
2,-1.34375,5.78125,HP,13-inch,8GB,Dell,13-inch,8GB
2,0.060546875,-6.3125,HP,13-inch,8GB,Dell,13-inch,16GB
2,-0.119140625,4.25,HP,13-inch,8GB,Dell,14-inch,4GB
2,-0.5703125,5.3125,HP,13-inch,8GB,Dell,14-inch,8GB
2,0.060546875,-7.1875,HP,13-inch,8GB,Dell,14-inch,16GB
2,0.052001953125,1.3125,HP,13-inch,8GB,Dell,16-inch,4GB
2,-0.00146484375,3.25,HP,13-inch,8GB,Dell,16-inch,8GB
2,0.060546875,-8.3125,HP,13-inch,8GB,Dell,16-inch,16GB
2,0.017578125,2.890625,HP,13-inch,8GB,Apple,13-inch,4GB
2,-0.5703125,5.3125,HP,13-inch,8GB,Apple,13-inch,8GB
2,0.0576171875,0.1875,HP,13-inch,8GB,Apple,13-inch,16GB
2,0.02685546875,2.65625,HP,13-inch,8GB,Apple,14-inch,4GB
2,-0.06640625,3.9375,HP,13-inch,8GB,Apple,14-inch,8GB
2,0.06005859375,-1.8125,HP,13-inch,8GB,Apple,14-inch,16GB
2,0.0546875,0.9375,HP,13-inch,8GB,Apple,16-inch,4GB
2,0.052001953125,1.3125,HP,13-inch,8GB,Apple,16-inch,8GB
2,0.060546875,-5.4375,HP,13-inch,8GB,Apple,16-inch,16GB
2,-6.6875,6.0625,HP,13-inch,16GB,ASUS,13-inch,4GB
2,0.05517578125,0.8125,HP,13-inch,16GB,ASUS,13-inch,8GB
2,-0.00146484375,3.25,HP,13-inch,16GB,ASUS,13-inch,16GB
2,-7.6875,6.0625,HP,13-inch,16GB,ASUS,14-inch,4GB
2,0.058837890625,-0.3125,HP,13-inch,16GB,ASUS,14-inch,8GB
2,0.056396484375,0.5625,HP,13-inch,16GB,ASUS,14-inch,16GB
2,-0.00146484375,3.25,HP,13-inch,16GB,ASUS,16-inch,4GB
2,0.0595703125,-0.9375,HP,13-inch,16GB,ASUS,16-inch,8GB
2,0.04638671875,1.8125,HP,13-inch,16GB,ASUS,16-inch,16GB
2,-6.4375,6.0625,HP,13-inch,16GB,Lenovo,13-inch,4GB
2,0.056396484375,0.5625,HP,13-inch,16GB,Lenovo,13-inch,8GB
2,0.011962890625,3.015625,HP,13-inch,16GB,Lenovo,13-inch,16GB
2,-8.1875,6.0625,HP,13-inch,16GB,Lenovo,14-inch,4GB
2,0.05859375,-0.1875,HP,13-inch,16GB,Lenovo,14-inch,8GB
2,0.056396484375,0.5625,HP,13-inch,16GB,Lenovo,14-inch,16GB
2,-0.06640625,3.9375,HP,13-inch,16GB,Lenovo,16-inch,4GB
2,0.059814453125,-1.0625,HP,13-inch,16GB,Lenovo,16-inch,8GB
2,0.037353515625,2.296875,HP,13-inch,16GB,Lenovo,16-inch,16GB
2,-16.25,6.0625,HP,13-inch,16GB,HP,13-inch,4GB
2,-0.515625,5.25,HP,13-inch,16GB,HP,13-inch,8GB
2,-15.0625,6.0625,HP,13-inch,16GB,HP,14-inch,4GB
2,0.05908203125,-0.4375,HP,13-inch,16GB,HP,14-inch,8GB
2,-0.140625,4.375,HP,13-inch,16GB,HP,14-inch,16GB
2,-0.4140625,5.09375,HP,13-inch,16GB,HP,16-inch,4GB
2,0.059814453125,-1.3125,HP,13-inch,16GB,HP,16-inch,8GB
2,-0.06640625,3.9375,HP,13-inch,16GB,HP,16-inch,16GB
2,-5.3125,6.0625,HP,13-inch,16GB,Dell,13-inch,4GB
2,0.0546875,0.9375,HP,13-inch,16GB,Dell,13-inch,8GB
2,0.0224609375,2.78125,HP,13-inch,16GB,Dell,13-inch,16GB
2,-6.0625,6.0625,HP,13-inch,16GB,Dell,14-inch,4GB
2,0.05908203125,-0.4375,HP,13-inch,16GB,Dell,14-inch,8GB
2,0.059326171875,-0.5625,HP,13-inch,16GB,Dell,14-inch,16GB
2,-0.03955078125,3.71875,HP,13-inch,16GB,Dell,16-inch,4GB
2,0.059814453125,-1.0625,HP,13-inch,16GB,Dell,16-inch,8GB
2,0.04638671875,1.8125,HP,13-inch,16GB,Dell,16-inch,16GB
2,-0.19140625,4.5625,HP,13-inch,16GB,Apple,13-inch,4GB
2,0.0341796875,2.40625,HP,13-inch,16GB,Apple,13-inch,8GB
2,-0.220703125,4.65625,HP,13-inch,16GB,Apple,13-inch,16GB
2,-0.462890625,5.15625,HP,13-inch,16GB,Apple,14-inch,4GB
2,0.05517578125,0.8125,HP,13-inch,16GB,Apple,14-inch,8GB
2,0.011962890625,3.015625,HP,13-inch,16GB,Apple,14-inch,16GB
2,0.04248046875,2.03125,HP,13-inch,16GB,Apple,16-inch,4GB
2,0.05810546875,0.0625,HP,13-inch,16GB,Apple,16-inch,8GB
2,0.011962890625,3.015625,HP,13-inch,16GB,Apple,16-inch,16GB
2,-1.953125,5.90625,HP,14-inch,4GB,ASUS,13-inch,4GB
2,-14.5625,6.0625,HP,14-inch,4GB,ASUS,13-inch,8GB
2,-0.08203125,4.0625,HP,14-inch,4GB,ASUS,13-inch,16GB
2,-0.9921875,5.625,HP,14-inch,4GB,ASUS,14-inch,4GB
2,-8.5625,6.0625,HP,14-inch,4GB,ASUS,14-inch,8GB
2,-0.0283203125,3.59375,HP,14-inch,4GB,ASUS,14-inch,16GB
2,0.052001953125,1.3125,HP,14-inch,4GB,ASUS,16-inch,4GB
2,-0.0185546875,3.484375,HP,14-inch,4GB,ASUS,16-inch,8GB
2,0.060546875,-4.6875,HP,14-inch,4GB,ASUS,16-inch,16GB
2,-1.078125,5.6875,HP,14-inch,4GB,Lenovo,13-inch,4GB
2,-15.1875,6.0625,HP,14-inch,4GB,Lenovo,13-inch,8GB
2,0.017578125,2.890625,HP,14-inch,4GB,Lenovo,13-inch,16GB
2,-0.5703125,5.3125,HP,14-inch,4GB,Lenovo,14-inch,4GB
2,-9.0625,6.0625,HP,14-inch,4GB,Lenovo,14-inch,8GB
2,-0.00146484375,3.25,HP,14-inch,4GB,Lenovo,14-inch,16GB
2,0.06005859375,-1.4375,HP,14-inch,4GB,Lenovo,16-inch,4GB
2,-0.05224609375,3.828125,HP,14-inch,4GB,Lenovo,16-inch,8GB
2,0.060546875,-5.0625,HP,14-inch,4GB,Lenovo,16-inch,16GB
2,-0.765625,5.5,HP,14-inch,4GB,HP,13-inch,4GB
2,-6.9375,6.0625,HP,14-inch,4GB,HP,13-inch,8GB
2,0.060302734375,-1.9375,HP,14-inch,4GB,HP,13-inch,16GB
2,-1.5390625,5.84375,HP,14-inch,4GB,HP,14-inch,8GB
2,0.059326171875,-0.6875,HP,14-inch,4GB,HP,14-inch,16GB
2,-0.099609375,4.15625,HP,14-inch,4GB,HP,16-inch,4GB
2,0.049560546875,1.5625,HP,14-inch,4GB,HP,16-inch,8GB
2,0.060546875,-6.5625,HP,14-inch,4GB,HP,16-inch,16GB
2,-1.5390625,5.84375,HP,14-inch,4GB,Dell,13-inch,4GB
2,-12.0625,6.0625,HP,14-inch,4GB,Dell,13-inch,8GB
2,0.0341796875,2.40625,HP,14-inch,4GB,Dell,13-inch,16GB
2,-0.6328125,5.375,HP,14-inch,4GB,Dell,14-inch,4GB
2,-4.6875,6.0625,HP,14-inch,4GB,Dell,14-inch,8GB
2,0.0341796875,2.40625,HP,14-inch,4GB,Dell,14-inch,16GB
2,0.057373046875,0.3125,HP,14-inch,4GB,Dell,16-inch,4GB
2,0.0400390625,2.171875,HP,14-inch,4GB,Dell,16-inch,8GB
2,0.060546875,-6.1875,HP,14-inch,4GB,Dell,16-inch,16GB
2,-0.8359375,5.53125,HP,14-inch,4GB,Apple,13-inch,4GB
2,-14.6875,6.0625,HP,14-inch,4GB,Apple,13-inch,8GB
2,-2.28125,5.96875,HP,14-inch,4GB,Apple,13-inch,16GB
2,0.005615234375,3.125,HP,14-inch,4GB,Apple,14-inch,4GB
2,-12.6875,6.0625,HP,14-inch,4GB,Apple,14-inch,8GB
2,-2.40625,5.96875,HP,14-inch,4GB,Apple,14-inch,16GB
2,0.06005859375,-1.5625,HP,14-inch,4GB,Apple,16-inch,4GB
2,-0.9140625,5.59375,HP,14-inch,4GB,Apple,16-inch,8GB
2,0.0595703125,-0.8125,HP,14-inch,4GB,Apple,16-inch,16GB
2,-5.4375,6.0625,HP,14-inch,8GB,ASUS,13-inch,4GB
2,-1.34375,5.78125,HP,14-inch,8GB,ASUS,13-inch,8GB
2,0.059814453125,-1.1875,HP,14-inch,8GB,ASUS,13-inch,16GB
2,-0.9140625,5.59375,HP,14-inch,8GB,ASUS,14-inch,4GB
2,-1.5390625,5.84375,HP,14-inch,8GB,ASUS,14-inch,8GB
2,0.060546875,-6.6875,HP,14-inch,8GB,ASUS,14-inch,16GB
2,0.05859375,-0.1875,HP,14-inch,8GB,ASUS,16-inch,4GB
2,0.0341796875,2.40625,HP,14-inch,8GB,ASUS,16-inch,8GB
2,0.060546875,-8.4375,HP,14-inch,8GB,ASUS,16-inch,16GB
2,-5.8125,6.0625,HP,14-inch,8GB,Lenovo,13-inch,4GB
2,-0.8359375,5.53125,HP,14-inch,8GB,Lenovo,13-inch,8GB
2,0.060302734375,-2.1875,HP,14-inch,8GB,Lenovo,13-inch,16GB
2,-1.4375,5.8125,HP,14-inch,8GB,Lenovo,14-inch,4GB
2,-0.8359375,5.53125,HP,14-inch,8GB,Lenovo,14-inch,8GB
2,0.060546875,-6.5625,HP,14-inch,8GB,Lenovo,14-inch,16GB
2,0.056884765625,0.4375,HP,14-inch,8GB,Lenovo,16-inch,4GB
2,0.0400390625,2.171875,HP,14-inch,8GB,Lenovo,16-inch,8GB
2,0.060546875,-8.5625,HP,14-inch,8GB,Lenovo,16-inch,16GB
2,-12.3125,6.0625,HP,14-inch,8GB,HP,13-inch,4GB
2,-4.9375,6.0625,HP,14-inch,8GB,HP,13-inch,8GB
2,0.06005859375,-1.6875,HP,14-inch,8GB,HP,13-inch,16GB
2,-15.6875,6.0625,HP,14-inch,8GB,HP,14-inch,4GB
2,0.060302734375,-2.9375,HP,14-inch,8GB,HP,14-inch,16GB
2,0.04638671875,1.8125,HP,14-inch,8GB,HP,16-inch,4GB
2,-0.251953125,4.75,HP,14-inch,8GB,HP,16-inch,8GB
2,0.060546875,-8.1875,HP,14-inch,8GB,HP,16-inch,16GB
2,-7.0625,6.0625,HP,14-inch,8GB,Dell,13-inch,4GB
2,-0.6953125,5.4375,HP,14-inch,8GB,Dell,13-inch,8GB
2,0.060546875,-3.0625,HP,14-inch,8GB,Dell,13-inch,16GB
2,-1.25,5.75,HP,14-inch,8GB,Dell,14-inch,4GB
2,-0.5703125,5.3125,HP,14-inch,8GB,Dell,14-inch,8GB
2,0.060546875,-8.3125,HP,14-inch,8GB,Dell,14-inch,16GB
2,0.0546875,0.9375,HP,14-inch,8GB,Dell,16-inch,4GB
2,0.037353515625,2.296875,HP,14-inch,8GB,Dell,16-inch,8GB
2,0.060546875,-9.1875,HP,14-inch,8GB,Dell,16-inch,16GB
2,-1.34375,5.78125,HP,14-inch,8GB,Apple,13-inch,4GB
2,-0.1650390625,4.46875,HP,14-inch,8GB,Apple,13-inch,8GB
2,0.056396484375,0.5625,HP,14-inch,8GB,Apple,13-inch,16GB
2,-0.00146484375,3.25,HP,14-inch,8GB,Apple,14-inch,4GB
2,-0.1650390625,4.46875,HP,14-inch,8GB,Apple,14-inch,8GB
2,0.060302734375,-2.5625,HP,14-inch,8GB,Apple,14-inch,16GB
2,0.0576171875,0.1875,HP,14-inch,8GB,Apple,16-inch,4GB
2,0.055908203125,0.6875,HP,14-inch,8GB,Apple,16-inch,8GB
2,0.060546875,-6.8125,HP,14-inch,8GB,Apple,16-inch,16GB
2,-15.6875,6.0625,HP,14-inch,16GB,ASUS,13-inch,4GB
2,0.05078125,1.4375,HP,14-inch,16GB,ASUS,13-inch,8GB
2,0.056884765625,0.4375,HP,14-inch,16GB,ASUS,13-inch,16GB
2,-8.1875,6.0625,HP,14-inch,16GB,ASUS,14-inch,4GB
2,0.0537109375,1.0625,HP,14-inch,16GB,ASUS,14-inch,8GB
2,0.056396484375,0.5625,HP,14-inch,16GB,ASUS,14-inch,16GB
2,-0.0283203125,3.59375,HP,14-inch,16GB,ASUS,16-inch,4GB
2,0.059326171875,-0.5625,HP,14-inch,16GB,ASUS,16-inch,8GB
2,0.0576171875,0.1875,HP,14-inch,16GB,ASUS,16-inch,16GB
2,-16.625,6.0625,HP,14-inch,16GB,Lenovo,13-inch,4GB
2,0.052001953125,1.3125,HP,14-inch,16GB,Lenovo,13-inch,8GB
2,0.055908203125,0.6875,HP,14-inch,16GB,Lenovo,13-inch,16GB
2,-8.1875,6.0625,HP,14-inch,16GB,Lenovo,14-inch,4GB
2,0.056396484375,0.5625,HP,14-inch,16GB,Lenovo,14-inch,8GB
2,0.05517578125,0.8125,HP,14-inch,16GB,Lenovo,14-inch,16GB
2,-0.220703125,4.65625,HP,14-inch,16GB,Lenovo,16-inch,4GB
2,0.059326171875,-0.6875,HP,14-inch,16GB,Lenovo,16-inch,8GB
2,0.05810546875,0.0625,HP,14-inch,16GB,Lenovo,16-inch,16GB
2,-18.375,6.0625,HP,14-inch,16GB,HP,13-inch,4GB
2,0.04638671875,1.8125,HP,14-inch,16GB,HP,13-inch,8GB
2,-0.19140625,4.5625,HP,14-inch,16GB,HP,13-inch,16GB
2,-16.625,6.0625,HP,14-inch,16GB,HP,14-inch,4GB
2,-0.5703125,5.3125,HP,14-inch,16GB,HP,14-inch,8GB
2,-0.515625,5.25,HP,14-inch,16GB,HP,16-inch,4GB
2,0.06005859375,-1.4375,HP,14-inch,16GB,HP,16-inch,8GB
2,0.0224609375,2.78125,HP,14-inch,16GB,HP,16-inch,16GB
2,-15.1875,6.0625,HP,14-inch,16GB,Dell,13-inch,4GB
2,0.048095703125,1.6875,HP,14-inch,16GB,Dell,13-inch,8GB
2,0.058349609375,-0.0625,HP,14-inch,16GB,Dell,13-inch,16GB
2,-7.8125,6.0625,HP,14-inch,16GB,Dell,14-inch,4GB
2,0.0537109375,1.0625,HP,14-inch,16GB,Dell,14-inch,8GB
2,0.057373046875,0.3125,HP,14-inch,16GB,Dell,14-inch,16GB
2,-0.1650390625,4.46875,HP,14-inch,16GB,Dell,16-inch,4GB
2,0.059326171875,-0.6875,HP,14-inch,16GB,Dell,16-inch,8GB
2,0.05859375,-0.1875,HP,14-inch,16GB,Dell,16-inch,16GB
2,-5.1875,6.0625,HP,14-inch,16GB,Apple,13-inch,4GB
2,0.0341796875,2.40625,HP,14-inch,16GB,Apple,13-inch,8GB
2,0.04638671875,1.8125,HP,14-inch,16GB,Apple,13-inch,16GB
2,-0.326171875,4.9375,HP,14-inch,16GB,Apple,14-inch,4GB
2,0.017578125,2.890625,HP,14-inch,16GB,Apple,14-inch,8GB
2,0.011962890625,3.015625,HP,14-inch,16GB,Apple,14-inch,16GB
2,0.0341796875,2.40625,HP,14-inch,16GB,Apple,16-inch,4GB
2,0.056884765625,0.4375,HP,14-inch,16GB,Apple,16-inch,8GB
2,0.052001953125,1.3125,HP,14-inch,16GB,Apple,16-inch,16GB
2,-10.0625,6.0625,HP,16-inch,4GB,ASUS,13-inch,4GB
2,-17.375,6.0625,HP,16-inch,4GB,ASUS,13-inch,8GB
2,-3.703125,6.03125,HP,16-inch,4GB,ASUS,13-inch,16GB
2,-9.5625,6.0625,HP,16-inch,4GB,ASUS,14-inch,4GB
2,-16.125,6.0625,HP,16-inch,4GB,ASUS,14-inch,8GB
2,-2.515625,5.96875,HP,16-inch,4GB,ASUS,14-inch,16GB
2,-2.75,6.0,HP,16-inch,4GB,ASUS,16-inch,4GB
2,-14.6875,6.0625,HP,16-inch,4GB,ASUS,16-inch,8GB
2,-4.9375,6.0625,HP,16-inch,4GB,ASUS,16-inch,16GB
2,-7.4375,6.0625,HP,16-inch,4GB,Lenovo,13-inch,4GB
2,-18.125,6.0625,HP,16-inch,4GB,Lenovo,13-inch,8GB
2,-2.984375,6.0,HP,16-inch,4GB,Lenovo,13-inch,16GB
2,-7.0625,6.0625,HP,16-inch,4GB,Lenovo,14-inch,4GB
2,-17.375,6.0625,HP,16-inch,4GB,Lenovo,14-inch,8GB
2,-1.34375,5.78125,HP,16-inch,4GB,Lenovo,14-inch,16GB
2,-2.515625,5.96875,HP,16-inch,4GB,Lenovo,16-inch,4GB
2,-15.8125,6.0625,HP,16-inch,4GB,Lenovo,16-inch,8GB
2,-3.34375,6.03125,HP,16-inch,4GB,Lenovo,16-inch,16GB
2,-6.8125,6.0625,HP,16-inch,4GB,HP,13-inch,4GB
2,-11.5625,6.0625,HP,16-inch,4GB,HP,13-inch,8GB
2,-1.4375,5.8125,HP,16-inch,4GB,HP,13-inch,16GB
2,-7.5625,6.0625,HP,16-inch,4GB,HP,14-inch,4GB
2,-9.5625,6.0625,HP,16-inch,4GB,HP,14-inch,8GB
2,-0.6953125,5.4375,HP,16-inch,4GB,HP,14-inch,16GB
2,-6.6875,6.0625,HP,16-inch,4GB,HP,16-inch,8GB
2,-0.8359375,5.53125,HP,16-inch,4GB,HP,16-inch,16GB
2,-7.9375,6.0625,HP,16-inch,4GB,Dell,13-inch,4GB
2,-16.25,6.0625,HP,16-inch,4GB,Dell,13-inch,8GB
2,-1.8515625,5.90625,HP,16-inch,4GB,Dell,13-inch,16GB
2,-7.4375,6.0625,HP,16-inch,4GB,Dell,14-inch,4GB
2,-14.5625,6.0625,HP,16-inch,4GB,Dell,14-inch,8GB
2,-0.9921875,5.625,HP,16-inch,4GB,Dell,14-inch,16GB
2,-2.40625,5.96875,HP,16-inch,4GB,Dell,16-inch,4GB
2,-11.4375,6.0625,HP,16-inch,4GB,Dell,16-inch,8GB
2,-1.953125,5.90625,HP,16-inch,4GB,Dell,16-inch,16GB
2,-6.0625,6.0625,HP,16-inch,4GB,Apple,13-inch,4GB
2,-16.875,6.0625,HP,16-inch,4GB,Apple,13-inch,8GB
2,-10.5625,6.0625,HP,16-inch,4GB,Apple,13-inch,16GB
2,-5.9375,6.0625,HP,16-inch,4GB,Apple,14-inch,4GB
2,-16.5,6.0625,HP,16-inch,4GB,Apple,14-inch,8GB
2,-10.3125,6.0625,HP,16-inch,4GB,Apple,14-inch,16GB
2,-1.7421875,5.875,HP,16-inch,4GB,Apple,16-inch,4GB
2,-17.375,6.0625,HP,16-inch,4GB,Apple,16-inch,8GB
2,-11.3125,6.0625,HP,16-inch,4GB,Apple,16-inch,16GB
2,-6.3125,6.0625,HP,16-inch,8GB,ASUS,13-inch,4GB
2,-2.875,6.0,HP,16-inch,8GB,ASUS,13-inch,8GB
2,-0.287109375,4.84375,HP,16-inch,8GB,ASUS,13-inch,16GB
2,-5.1875,6.0625,HP,16-inch,8GB,ASUS,14-inch,4GB
2,-2.75,6.0,HP,16-inch,8GB,ASUS,14-inch,8GB
2,0.017578125,2.890625,HP,16-inch,8GB,ASUS,14-inch,16GB
2,-0.326171875,4.9375,HP,16-inch,8GB,ASUS,16-inch,4GB
2,-2.40625,5.96875,HP,16-inch,8GB,ASUS,16-inch,8GB
2,0.060546875,-4.0625,HP,16-inch,8GB,ASUS,16-inch,16GB
2,-6.8125,6.0625,HP,16-inch,8GB,Lenovo,13-inch,4GB
2,-2.40625,5.96875,HP,16-inch,8GB,Lenovo,13-inch,8GB
2,-0.19140625,4.5625,HP,16-inch,8GB,Lenovo,13-inch,16GB
2,-6.6875,6.0625,HP,16-inch,8GB,Lenovo,14-inch,4GB
2,-2.28125,5.96875,HP,16-inch,8GB,Lenovo,14-inch,8GB
2,0.04248046875,2.03125,HP,16-inch,8GB,Lenovo,14-inch,16GB
2,-0.765625,5.5,HP,16-inch,8GB,Lenovo,16-inch,4GB
2,-1.4375,5.8125,HP,16-inch,8GB,Lenovo,16-inch,8GB
2,0.060546875,-3.3125,HP,16-inch,8GB,Lenovo,16-inch,16GB
2,-12.5625,6.0625,HP,16-inch,8GB,HP,13-inch,4GB
2,-6.9375,6.0625,HP,16-inch,8GB,HP,13-inch,8GB
2,-2.171875,5.9375,HP,16-inch,8GB,HP,13-inch,16GB
2,-12.6875,6.0625,HP,16-inch,8GB,HP,14-inch,4GB
2,-6.4375,6.0625,HP,16-inch,8GB,HP,14-inch,8GB
2,-1.4375,5.8125,HP,16-inch,8GB,HP,14-inch,16GB
2,-16.125,6.0625,HP,16-inch,8GB,HP,16-inch,4GB
2,0.048095703125,1.6875,HP,16-inch,8GB,HP,16-inch,16GB
2,-8.1875,6.0625,HP,16-inch,8GB,Dell,13-inch,4GB
2,-2.40625,5.96875,HP,16-inch,8GB,Dell,13-inch,8GB
2,-0.06640625,3.9375,HP,16-inch,8GB,Dell,13-inch,16GB
2,-7.0625,6.0625,HP,16-inch,8GB,Dell,14-inch,4GB
2,-2.0625,5.9375,HP,16-inch,8GB,Dell,14-inch,8GB
2,0.04443359375,1.90625,HP,16-inch,8GB,Dell,14-inch,16GB
2,-0.6328125,5.375,HP,16-inch,8GB,Dell,16-inch,4GB
2,-1.953125,5.90625,HP,16-inch,8GB,Dell,16-inch,8GB
2,0.060546875,-5.0625,HP,16-inch,8GB,Dell,16-inch,16GB
2,-1.25,5.75,HP,16-inch,8GB,Apple,13-inch,4GB
2,-0.6328125,5.375,HP,16-inch,8GB,Apple,13-inch,8GB
2,-0.326171875,4.9375,HP,16-inch,8GB,Apple,13-inch,16GB
2,-1.078125,5.6875,HP,16-inch,8GB,Apple,14-inch,4GB
2,-0.6328125,5.375,HP,16-inch,8GB,Apple,14-inch,8GB
2,-0.140625,4.375,HP,16-inch,8GB,Apple,14-inch,16GB
2,0.04443359375,1.90625,HP,16-inch,8GB,Apple,16-inch,4GB
2,-1.25,5.75,HP,16-inch,8GB,Apple,16-inch,8GB
2,0.057373046875,0.3125,HP,16-inch,8GB,Apple,16-inch,16GB
2,-15.1875,6.0625,HP,16-inch,16GB,ASUS,13-inch,4GB
2,0.005615234375,3.125,HP,16-inch,16GB,ASUS,13-inch,8GB
2,-0.08203125,4.0625,HP,16-inch,16GB,ASUS,13-inch,16GB
2,-14.4375,6.0625,HP,16-inch,16GB,ASUS,14-inch,4GB
2,0.011962890625,3.015625,HP,16-inch,16GB,ASUS,14-inch,8GB
2,-0.00927734375,3.375,HP,16-inch,16GB,ASUS,14-inch,16GB
2,-7.9375,6.0625,HP,16-inch,16GB,ASUS,16-inch,4GB
2,0.005615234375,3.125,HP,16-inch,16GB,ASUS,16-inch,8GB
2,-0.1650390625,4.46875,HP,16-inch,16GB,ASUS,16-inch,16GB
2,-15.5625,6.0625,HP,16-inch,16GB,Lenovo,13-inch,4GB
2,0.011962890625,3.015625,HP,16-inch,16GB,Lenovo,13-inch,8GB
2,-0.08203125,4.0625,HP,16-inch,16GB,Lenovo,13-inch,16GB
2,-14.0625,6.0625,HP,16-inch,16GB,Lenovo,14-inch,4GB
2,0.017578125,2.890625,HP,16-inch,16GB,Lenovo,14-inch,8GB
2,0.005615234375,3.125,HP,16-inch,16GB,Lenovo,14-inch,16GB
2,-8.1875,6.0625,HP,16-inch,16GB,Lenovo,16-inch,4GB
2,-0.00146484375,3.25,HP,16-inch,16GB,Lenovo,16-inch,8GB
2,-0.06640625,3.9375,HP,16-inch,16GB,Lenovo,16-inch,16GB
2,-19.25,6.0625,HP,16-inch,16GB,HP,13-inch,4GB
2,-0.0185546875,3.484375,HP,16-inch,16GB,HP,13-inch,8GB
2,-1.8515625,5.90625,HP,16-inch,16GB,HP,13-inch,16GB
2,-18.625,6.0625,HP,16-inch,16GB,HP,14-inch,4GB
2,-0.00146484375,3.25,HP,16-inch,16GB,HP,14-inch,8GB
2,-1.4375,5.8125,HP,16-inch,16GB,HP,14-inch,16GB
2,-15.6875,6.0625,HP,16-inch,16GB,HP,16-inch,4GB
2,-0.220703125,4.65625,HP,16-inch,16GB,HP,16-inch,8GB
2,-14.6875,6.0625,HP,16-inch,16GB,Dell,13-inch,4GB
2,-0.00146484375,3.25,HP,16-inch,16GB,Dell,13-inch,8GB
2,-0.05224609375,3.828125,HP,16-inch,16GB,Dell,13-inch,16GB
2,-14.4375,6.0625,HP,16-inch,16GB,Dell,14-inch,4GB
2,0.011962890625,3.015625,HP,16-inch,16GB,Dell,14-inch,8GB
2,0.005615234375,3.125,HP,16-inch,16GB,Dell,14-inch,16GB
2,-7.1875,6.0625,HP,16-inch,16GB,Dell,16-inch,4GB
2,-0.0185546875,3.484375,HP,16-inch,16GB,Dell,16-inch,8GB
2,-0.00146484375,3.25,HP,16-inch,16GB,Dell,16-inch,16GB
2,-5.3125,6.0625,HP,16-inch,16GB,Apple,13-inch,4GB
2,-0.03955078125,3.71875,HP,16-inch,16GB,Apple,13-inch,8GB
2,-0.03955078125,3.71875,HP,16-inch,16GB,Apple,13-inch,16GB
2,-4.8125,6.0625,HP,16-inch,16GB,Apple,14-inch,4GB
2,-0.0283203125,3.59375,HP,16-inch,16GB,Apple,14-inch,8GB
2,-0.03955078125,3.71875,HP,16-inch,16GB,Apple,14-inch,16GB
2,-0.9140625,5.59375,HP,16-inch,16GB,Apple,16-inch,4GB
2,-0.03955078125,3.71875,HP,16-inch,16GB,Apple,16-inch,8GB
2,-0.119140625,4.25,HP,16-inch,16GB,Apple,16-inch,16GB
2,-1.1640625,5.71875,Dell,13-inch,4GB,ASUS,13-inch,4GB
2,-14.4375,6.0625,Dell,13-inch,4GB,ASUS,13-inch,8GB
2,-0.4140625,5.09375,Dell,13-inch,4GB,ASUS,13-inch,16GB
2,-1.078125,5.6875,Dell,13-inch,4GB,ASUS,14-inch,4GB
2,-11.9375,6.0625,Dell,13-inch,4GB,ASUS,14-inch,8GB
2,0.005615234375,3.125,Dell,13-inch,4GB,ASUS,14-inch,16GB
2,0.052001953125,1.3125,Dell,13-inch,4GB,ASUS,16-inch,4GB
2,-0.19140625,4.5625,Dell,13-inch,4GB,ASUS,16-inch,8GB
2,0.060546875,-3.3125,Dell,13-inch,4GB,ASUS,16-inch,16GB
2,-0.5703125,5.3125,Dell,13-inch,4GB,Lenovo,13-inch,4GB
2,-13.9375,6.0625,Dell,13-inch,4GB,Lenovo,13-inch,8GB
2,-0.08203125,4.0625,Dell,13-inch,4GB,Lenovo,13-inch,16GB
2,-0.6328125,5.375,Dell,13-inch,4GB,Lenovo,14-inch,4GB
2,-9.1875,6.0625,Dell,13-inch,4GB,Lenovo,14-inch,8GB
2,0.0537109375,1.0625,Dell,13-inch,4GB,Lenovo,14-inch,16GB
2,0.059326171875,-0.6875,Dell,13-inch,4GB,Lenovo,16-inch,4GB
2,-0.099609375,4.15625,Dell,13-inch,4GB,Lenovo,16-inch,8GB
2,0.060546875,-4.0625,Dell,13-inch,4GB,Lenovo,16-inch,16GB
2,-0.4140625,5.09375,Dell,13-inch,4GB,HP,13-inch,4GB
2,-11.5625,6.0625,Dell,13-inch,4GB,HP,13-inch,8GB
2,-0.099609375,4.15625,Dell,13-inch,4GB,HP,13-inch,16GB
2,-0.6328125,5.375,Dell,13-inch,4GB,HP,14-inch,4GB
2,-8.1875,6.0625,Dell,13-inch,4GB,HP,14-inch,8GB
2,0.04638671875,1.8125,Dell,13-inch,4GB,HP,14-inch,16GB
2,0.05859375,-0.1875,Dell,13-inch,4GB,HP,16-inch,4GB
2,-0.220703125,4.65625,Dell,13-inch,4GB,HP,16-inch,8GB
2,0.060546875,-3.4375,Dell,13-inch,4GB,HP,16-inch,16GB
2,-2.28125,5.96875,Dell,13-inch,4GB,Dell,13-inch,8GB
2,0.0576171875,0.1875,Dell,13-inch,4GB,Dell,13-inch,16GB
2,-0.765625,5.5,Dell,13-inch,4GB,Dell,14-inch,4GB
2,-1.1640625,5.71875,Dell,13-inch,4GB,Dell,14-inch,8GB
2,0.060546875,-3.9375,Dell,13-inch,4GB,Dell,14-inch,16GB
2,-0.099609375,4.15625,Dell,13-inch,4GB,Dell,16-inch,4GB
2,0.056884765625,0.4375,Dell,13-inch,4GB,Dell,16-inch,8GB
2,0.060546875,-7.1875,Dell,13-inch,4GB,Dell,16-inch,16GB
2,0.0546875,0.9375,Dell,13-inch,4GB,Apple,13-inch,4GB
2,-14.1875,6.0625,Dell,13-inch,4GB,Apple,13-inch,8GB
2,-1.34375,5.78125,Dell,13-inch,4GB,Apple,13-inch,16GB
2,0.052001953125,1.3125,Dell,13-inch,4GB,Apple,14-inch,4GB
2,-9.3125,6.0625,Dell,13-inch,4GB,Apple,14-inch,8GB
2,-0.0185546875,3.484375,Dell,13-inch,4GB,Apple,14-inch,16GB
2,0.06005859375,-1.5625,Dell,13-inch,4GB,Apple,16-inch,4GB
2,-0.765625,5.5,Dell,13-inch,4GB,Apple,16-inch,8GB
2,0.0595703125,-0.9375,Dell,13-inch,4GB,Apple,16-inch,16GB
2,-0.0283203125,3.59375,Dell,13-inch,8GB,ASUS,13-inch,4GB
2,-1.640625,5.875,Dell,13-inch,8GB,ASUS,13-inch,8GB
2,0.060546875,-4.1875,Dell,13-inch,8GB,ASUS,13-inch,16GB
2,0.03076171875,2.53125,Dell,13-inch,8GB,ASUS,14-inch,4GB
2,-0.9140625,5.59375,Dell,13-inch,8GB,ASUS,14-inch,8GB
2,0.060546875,-5.4375,Dell,13-inch,8GB,ASUS,14-inch,16GB
2,0.057373046875,0.3125,Dell,13-inch,8GB,ASUS,16-inch,4GB
2,-0.05224609375,3.828125,Dell,13-inch,8GB,ASUS,16-inch,8GB
2,0.060546875,-7.0625,Dell,13-inch,8GB,ASUS,16-inch,16GB
2,-0.326171875,4.9375,Dell,13-inch,8GB,Lenovo,13-inch,4GB
2,-0.765625,5.5,Dell,13-inch,8GB,Lenovo,13-inch,8GB
2,0.060546875,-4.3125,Dell,13-inch,8GB,Lenovo,13-inch,16GB
2,-0.06640625,3.9375,Dell,13-inch,8GB,Lenovo,14-inch,4GB
2,-0.765625,5.5,Dell,13-inch,8GB,Lenovo,14-inch,8GB
2,0.060546875,-6.3125,Dell,13-inch,8GB,Lenovo,14-inch,16GB
2,0.049560546875,1.5625,Dell,13-inch,8GB,Lenovo,16-inch,4GB
2,-0.0185546875,3.484375,Dell,13-inch,8GB,Lenovo,16-inch,8GB
2,0.060546875,-7.5625,Dell,13-inch,8GB,Lenovo,16-inch,16GB
2,-0.03955078125,3.71875,Dell,13-inch,8GB,HP,13-inch,4GB
2,-0.6953125,5.4375,Dell,13-inch,8GB,HP,13-inch,8GB
2,0.060546875,-5.6875,Dell,13-inch,8GB,HP,13-inch,16GB
2,-0.0283203125,3.59375,Dell,13-inch,8GB,HP,14-inch,4GB
2,-0.765625,5.5,Dell,13-inch,8GB,HP,14-inch,8GB
2,0.060546875,-6.0625,Dell,13-inch,8GB,HP,14-inch,16GB
2,0.0546875,0.9375,Dell,13-inch,8GB,HP,16-inch,4GB
2,-0.05224609375,3.828125,Dell,13-inch,8GB,HP,16-inch,8GB
2,0.060546875,-6.5625,Dell,13-inch,8GB,HP,16-inch,16GB
2,-12.4375,6.0625,Dell,13-inch,8GB,Dell,13-inch,4GB
2,0.060302734375,-2.5625,Dell,13-inch,8GB,Dell,13-inch,16GB
2,0.005615234375,3.125,Dell,13-inch,8GB,Dell,14-inch,4GB
2,-4.09375,6.03125,Dell,13-inch,8GB,Dell,14-inch,8GB
2,0.060546875,-8.1875,Dell,13-inch,8GB,Dell,14-inch,16GB
2,0.057373046875,0.3125,Dell,13-inch,8GB,Dell,16-inch,4GB
2,-0.6953125,5.4375,Dell,13-inch,8GB,Dell,16-inch,8GB
2,0.060546875,-8.4375,Dell,13-inch,8GB,Dell,16-inch,16GB
2,0.02685546875,2.65625,Dell,13-inch,8GB,Apple,13-inch,4GB
2,-0.287109375,4.84375,Dell,13-inch,8GB,Apple,13-inch,8GB
2,0.058349609375,-0.0625,Dell,13-inch,8GB,Apple,13-inch,16GB
2,0.04443359375,1.90625,Dell,13-inch,8GB,Apple,14-inch,4GB
2,0.005615234375,3.125,Dell,13-inch,8GB,Apple,14-inch,8GB
2,0.060302734375,-2.3125,Dell,13-inch,8GB,Apple,14-inch,16GB
2,0.055908203125,0.6875,Dell,13-inch,8GB,Apple,16-inch,4GB
2,0.05078125,1.4375,Dell,13-inch,8GB,Apple,16-inch,8GB
2,0.060546875,-5.0625,Dell,13-inch,8GB,Apple,16-inch,16GB
2,-5.9375,6.0625,Dell,13-inch,16GB,ASUS,13-inch,4GB
2,0.056396484375,0.5625,Dell,13-inch,16GB,ASUS,13-inch,8GB
2,-0.00146484375,3.25,Dell,13-inch,16GB,ASUS,13-inch,16GB
2,-6.1875,6.0625,Dell,13-inch,16GB,ASUS,14-inch,4GB
2,0.059326171875,-0.5625,Dell,13-inch,16GB,ASUS,14-inch,8GB
2,0.057373046875,0.3125,Dell,13-inch,16GB,ASUS,14-inch,16GB
2,-0.00927734375,3.375,Dell,13-inch,16GB,ASUS,16-inch,4GB
2,0.0595703125,-0.8125,Dell,13-inch,16GB,ASUS,16-inch,8GB
2,0.04248046875,2.03125,Dell,13-inch,16GB,ASUS,16-inch,16GB
2,-8.1875,6.0625,Dell,13-inch,16GB,Lenovo,13-inch,4GB
2,0.058349609375,-0.0625,Dell,13-inch,16GB,Lenovo,13-inch,8GB
2,0.037353515625,2.296875,Dell,13-inch,16GB,Lenovo,13-inch,16GB
2,-8.6875,6.0625,Dell,13-inch,16GB,Lenovo,14-inch,4GB
2,0.0595703125,-0.8125,Dell,13-inch,16GB,Lenovo,14-inch,8GB
2,0.05810546875,0.0625,Dell,13-inch,16GB,Lenovo,14-inch,16GB
2,-0.326171875,4.9375,Dell,13-inch,16GB,Lenovo,16-inch,4GB
2,0.059814453125,-1.1875,Dell,13-inch,16GB,Lenovo,16-inch,8GB
2,0.03076171875,2.53125,Dell,13-inch,16GB,Lenovo,16-inch,16GB
2,-6.6875,6.0625,Dell,13-inch,16GB,HP,13-inch,4GB
2,0.056396484375,0.5625,Dell,13-inch,16GB,HP,13-inch,8GB
2,0.0400390625,2.171875,Dell,13-inch,16GB,HP,13-inch,16GB
2,-8.0625,6.0625,Dell,13-inch,16GB,HP,14-inch,4GB
2,0.059814453125,-1.0625,Dell,13-inch,16GB,HP,14-inch,8GB
2,0.059326171875,-0.5625,Dell,13-inch,16GB,HP,14-inch,16GB
2,-0.099609375,4.15625,Dell,13-inch,16GB,HP,16-inch,4GB
2,0.059814453125,-1.0625,Dell,13-inch,16GB,HP,16-inch,8GB
2,0.037353515625,2.296875,Dell,13-inch,16GB,HP,16-inch,16GB
2,-15.3125,6.0625,Dell,13-inch,16GB,Dell,13-inch,4GB
2,-0.06640625,3.9375,Dell,13-inch,16GB,Dell,13-inch,8GB
2,-12.9375,6.0625,Dell,13-inch,16GB,Dell,14-inch,4GB
2,0.06005859375,-1.5625,Dell,13-inch,16GB,Dell,14-inch,8GB
2,-0.251953125,4.75,Dell,13-inch,16GB,Dell,14-inch,16GB
2,-0.140625,4.375,Dell,13-inch,16GB,Dell,16-inch,4GB
2,0.06005859375,-1.5625,Dell,13-inch,16GB,Dell,16-inch,8GB
2,-0.19140625,4.5625,Dell,13-inch,16GB,Dell,16-inch,16GB
2,-0.326171875,4.9375,Dell,13-inch,16GB,Apple,13-inch,4GB
2,0.02685546875,2.65625,Dell,13-inch,16GB,Apple,13-inch,8GB
2,-0.05224609375,3.828125,Dell,13-inch,16GB,Apple,13-inch,16GB
2,-0.326171875,4.9375,Dell,13-inch,16GB,Apple,14-inch,4GB
2,0.05517578125,0.8125,Dell,13-inch,16GB,Apple,14-inch,8GB
2,0.04443359375,1.90625,Dell,13-inch,16GB,Apple,14-inch,16GB
2,0.02685546875,2.65625,Dell,13-inch,16GB,Apple,16-inch,4GB
2,0.056396484375,0.5625,Dell,13-inch,16GB,Apple,16-inch,8GB
2,0.0224609375,2.78125,Dell,13-inch,16GB,Apple,16-inch,16GB
2,-1.640625,5.875,Dell,14-inch,4GB,ASUS,13-inch,4GB
2,-14.8125,6.0625,Dell,14-inch,4GB,ASUS,13-inch,8GB
2,-0.326171875,4.9375,Dell,14-inch,4GB,ASUS,13-inch,16GB
2,-0.9140625,5.59375,Dell,14-inch,4GB,ASUS,14-inch,4GB
2,-8.8125,6.0625,Dell,14-inch,4GB,ASUS,14-inch,8GB
2,-0.251953125,4.75,Dell,14-inch,4GB,ASUS,14-inch,16GB
2,0.03076171875,2.53125,Dell,14-inch,4GB,ASUS,16-inch,4GB
2,-0.03955078125,3.71875,Dell,14-inch,4GB,ASUS,16-inch,8GB
2,0.060546875,-3.8125,Dell,14-inch,4GB,ASUS,16-inch,16GB
2,-1.078125,5.6875,Dell,14-inch,4GB,Lenovo,13-inch,4GB
2,-13.5625,6.0625,Dell,14-inch,4GB,Lenovo,13-inch,8GB
2,-0.00927734375,3.375,Dell,14-inch,4GB,Lenovo,13-inch,16GB
2,-0.462890625,5.15625,Dell,14-inch,4GB,Lenovo,14-inch,4GB
2,-6.8125,6.0625,Dell,14-inch,4GB,Lenovo,14-inch,8GB
2,-0.00927734375,3.375,Dell,14-inch,4GB,Lenovo,14-inch,16GB
2,0.057373046875,0.3125,Dell,14-inch,4GB,Lenovo,16-inch,4GB
2,-0.0185546875,3.484375,Dell,14-inch,4GB,Lenovo,16-inch,8GB
2,0.060546875,-5.1875,Dell,14-inch,4GB,Lenovo,16-inch,16GB
2,-0.9921875,5.625,Dell,14-inch,4GB,HP,13-inch,4GB
2,-12.5625,6.0625,Dell,14-inch,4GB,HP,13-inch,8GB
2,-0.0185546875,3.484375,Dell,14-inch,4GB,HP,13-inch,16GB
2,-0.3671875,5.0,Dell,14-inch,4GB,HP,14-inch,4GB
2,-6.3125,6.0625,Dell,14-inch,4GB,HP,14-inch,8GB
2,-0.00927734375,3.375,Dell,14-inch,4GB,HP,14-inch,16GB
2,0.0537109375,1.0625,Dell,14-inch,4GB,HP,16-inch,4GB
2,-0.0185546875,3.484375,Dell,14-inch,4GB,HP,16-inch,8GB
2,0.060546875,-4.5625,Dell,14-inch,4GB,HP,16-inch,16GB
2,-0.515625,5.25,Dell,14-inch,4GB,Dell,13-inch,4GB
2,-4.6875,6.0625,Dell,14-inch,4GB,Dell,13-inch,8GB
2,0.0595703125,-0.8125,Dell,14-inch,4GB,Dell,13-inch,16GB
2,-1.25,5.75,Dell,14-inch,4GB,Dell,14-inch,8GB
2,0.05859375,-0.1875,Dell,14-inch,4GB,Dell,14-inch,16GB
2,-0.140625,4.375,Dell,14-inch,4GB,Dell,16-inch,4GB
2,0.058349609375,-0.0625,Dell,14-inch,4GB,Dell,16-inch,8GB
2,0.060546875,-7.5625,Dell,14-inch,4GB,Dell,16-inch,16GB
2,-0.1650390625,4.46875,Dell,14-inch,4GB,Apple,13-inch,4GB
2,-12.9375,6.0625,Dell,14-inch,4GB,Apple,13-inch,8GB
2,-0.8359375,5.53125,Dell,14-inch,4GB,Apple,13-inch,16GB
2,0.055908203125,0.6875,Dell,14-inch,4GB,Apple,14-inch,4GB
2,-11.0625,6.0625,Dell,14-inch,4GB,Apple,14-inch,8GB
2,-0.6953125,5.4375,Dell,14-inch,4GB,Apple,14-inch,16GB
2,0.06005859375,-1.8125,Dell,14-inch,4GB,Apple,16-inch,4GB
2,-0.5703125,5.3125,Dell,14-inch,4GB,Apple,16-inch,8GB
2,0.06005859375,-1.6875,Dell,14-inch,4GB,Apple,16-inch,16GB
2,-3.828125,6.03125,Dell,14-inch,8GB,ASUS,13-inch,4GB
2,-1.640625,5.875,Dell,14-inch,8GB,ASUS,13-inch,8GB
2,0.058837890625,-0.3125,Dell,14-inch,8GB,ASUS,13-inch,16GB
2,-0.251953125,4.75,Dell,14-inch,8GB,ASUS,14-inch,4GB
2,-1.1640625,5.71875,Dell,14-inch,8GB,ASUS,14-inch,8GB
2,0.060546875,-6.3125,Dell,14-inch,8GB,ASUS,14-inch,16GB
2,0.059326171875,-0.6875,Dell,14-inch,8GB,ASUS,16-inch,4GB
2,-0.0283203125,3.59375,Dell,14-inch,8GB,ASUS,16-inch,8GB
2,0.060546875,-7.8125,Dell,14-inch,8GB,ASUS,16-inch,16GB
2,-6.4375,6.0625,Dell,14-inch,8GB,Lenovo,13-inch,4GB
2,-1.1640625,5.71875,Dell,14-inch,8GB,Lenovo,13-inch,8GB
2,0.060302734375,-1.9375,Dell,14-inch,8GB,Lenovo,13-inch,16GB
2,-1.7421875,5.875,Dell,14-inch,8GB,Lenovo,14-inch,4GB
2,-0.5703125,5.3125,Dell,14-inch,8GB,Lenovo,14-inch,8GB
2,0.060546875,-7.0625,Dell,14-inch,8GB,Lenovo,14-inch,16GB
2,0.052978515625,1.1875,Dell,14-inch,8GB,Lenovo,16-inch,4GB
2,0.005615234375,3.125,Dell,14-inch,8GB,Lenovo,16-inch,8GB
2,0.060546875,-8.4375,Dell,14-inch,8GB,Lenovo,16-inch,16GB
2,-5.1875,6.0625,Dell,14-inch,8GB,HP,13-inch,4GB
2,-1.1640625,5.71875,Dell,14-inch,8GB,HP,13-inch,8GB
2,0.06005859375,-1.5625,Dell,14-inch,8GB,HP,13-inch,16GB
2,-0.6953125,5.4375,Dell,14-inch,8GB,HP,14-inch,4GB
2,-0.5703125,5.3125,Dell,14-inch,8GB,HP,14-inch,8GB
2,0.060546875,-7.4375,Dell,14-inch,8GB,HP,14-inch,16GB
2,0.055908203125,0.6875,Dell,14-inch,8GB,HP,16-inch,4GB
2,-0.00927734375,3.375,Dell,14-inch,8GB,HP,16-inch,8GB
2,0.060546875,-7.6875,Dell,14-inch,8GB,HP,16-inch,16GB
2,-10.5625,6.0625,Dell,14-inch,8GB,Dell,13-inch,4GB
2,-6.1875,6.0625,Dell,14-inch,8GB,Dell,13-inch,8GB
2,0.06005859375,-1.5625,Dell,14-inch,8GB,Dell,13-inch,16GB
2,-13.5625,6.0625,Dell,14-inch,8GB,Dell,14-inch,4GB
2,0.060546875,-3.8125,Dell,14-inch,8GB,Dell,14-inch,16GB
2,0.0576171875,0.1875,Dell,14-inch,8GB,Dell,16-inch,4GB
2,-0.5703125,5.3125,Dell,14-inch,8GB,Dell,16-inch,8GB
2,0.060546875,-8.6875,Dell,14-inch,8GB,Dell,16-inch,16GB
2,-0.9140625,5.59375,Dell,14-inch,8GB,Apple,13-inch,4GB
2,-0.119140625,4.25,Dell,14-inch,8GB,Apple,13-inch,8GB
2,0.0576171875,0.1875,Dell,14-inch,8GB,Apple,13-inch,16GB
2,0.011962890625,3.015625,Dell,14-inch,8GB,Apple,14-inch,4GB
2,-0.08203125,4.0625,Dell,14-inch,8GB,Apple,14-inch,8GB
2,0.060302734375,-2.4375,Dell,14-inch,8GB,Apple,14-inch,16GB
2,0.05810546875,0.0625,Dell,14-inch,8GB,Apple,16-inch,4GB
2,0.0537109375,1.0625,Dell,14-inch,8GB,Apple,16-inch,8GB
2,0.060546875,-6.3125,Dell,14-inch,8GB,Apple,16-inch,16GB
2,-13.5625,6.0625,Dell,14-inch,16GB,ASUS,13-inch,4GB
2,0.05078125,1.4375,Dell,14-inch,16GB,ASUS,13-inch,8GB
2,0.056396484375,0.5625,Dell,14-inch,16GB,ASUS,13-inch,16GB
2,-6.3125,6.0625,Dell,14-inch,16GB,ASUS,14-inch,4GB
2,0.055908203125,0.6875,Dell,14-inch,16GB,ASUS,14-inch,8GB
2,0.0546875,0.9375,Dell,14-inch,16GB,ASUS,14-inch,16GB
2,-0.00146484375,3.25,Dell,14-inch,16GB,ASUS,16-inch,4GB
2,0.0595703125,-0.8125,Dell,14-inch,16GB,ASUS,16-inch,8GB
2,0.05859375,-0.1875,Dell,14-inch,16GB,ASUS,16-inch,16GB
2,-15.9375,6.0625,Dell,14-inch,16GB,Lenovo,13-inch,4GB
2,0.052001953125,1.3125,Dell,14-inch,16GB,Lenovo,13-inch,8GB
2,0.057373046875,0.3125,Dell,14-inch,16GB,Lenovo,13-inch,16GB
2,-9.9375,6.0625,Dell,14-inch,16GB,Lenovo,14-inch,4GB
2,0.056396484375,0.5625,Dell,14-inch,16GB,Lenovo,14-inch,8GB
2,0.05908203125,-0.4375,Dell,14-inch,16GB,Lenovo,14-inch,16GB
2,-0.6328125,5.375,Dell,14-inch,16GB,Lenovo,16-inch,4GB
2,0.05908203125,-0.4375,Dell,14-inch,16GB,Lenovo,16-inch,8GB
2,0.05810546875,0.0625,Dell,14-inch,16GB,Lenovo,16-inch,16GB
2,-14.4375,6.0625,Dell,14-inch,16GB,HP,13-inch,4GB
2,0.0546875,0.9375,Dell,14-inch,16GB,HP,13-inch,8GB
2,0.056396484375,0.5625,Dell,14-inch,16GB,HP,13-inch,16GB
2,-7.5625,6.0625,Dell,14-inch,16GB,HP,14-inch,4GB
2,0.056884765625,0.4375,Dell,14-inch,16GB,HP,14-inch,8GB
2,0.05810546875,0.0625,Dell,14-inch,16GB,HP,14-inch,16GB
2,-0.140625,4.375,Dell,14-inch,16GB,HP,16-inch,4GB
2,0.0595703125,-0.8125,Dell,14-inch,16GB,HP,16-inch,8GB
2,0.059326171875,-0.6875,Dell,14-inch,16GB,HP,16-inch,16GB
2,-16.875,6.0625,Dell,14-inch,16GB,Dell,13-inch,4GB
2,0.04443359375,1.90625,Dell,14-inch,16GB,Dell,13-inch,8GB
2,-0.6328125,5.375,Dell,14-inch,16GB,Dell,13-inch,16GB
2,-15.1875,6.0625,Dell,14-inch,16GB,Dell,14-inch,4GB
2,-0.06640625,3.9375,Dell,14-inch,16GB,Dell,14-inch,8GB
2,-0.326171875,4.9375,Dell,14-inch,16GB,Dell,16-inch,4GB
2,0.06005859375,-1.4375,Dell,14-inch,16GB,Dell,16-inch,8GB
2,0.0224609375,2.78125,Dell,14-inch,16GB,Dell,16-inch,16GB
2,-3.703125,6.03125,Dell,14-inch,16GB,Apple,13-inch,4GB
2,0.0400390625,2.171875,Dell,14-inch,16GB,Apple,13-inch,8GB
2,0.0537109375,1.0625,Dell,14-inch,16GB,Apple,13-inch,16GB
2,-0.287109375,4.84375,Dell,14-inch,16GB,Apple,14-inch,4GB
2,0.0224609375,2.78125,Dell,14-inch,16GB,Apple,14-inch,8GB
2,0.04248046875,2.03125,Dell,14-inch,16GB,Apple,14-inch,16GB
2,0.0400390625,2.171875,Dell,14-inch,16GB,Apple,16-inch,4GB
2,0.055908203125,0.6875,Dell,14-inch,16GB,Apple,16-inch,8GB
2,0.055908203125,0.6875,Dell,14-inch,16GB,Apple,16-inch,16GB
2,-9.9375,6.0625,Dell,16-inch,4GB,ASUS,13-inch,4GB
2,-18.125,6.0625,Dell,16-inch,4GB,ASUS,13-inch,8GB
2,-5.3125,6.0625,Dell,16-inch,4GB,ASUS,13-inch,16GB
2,-9.1875,6.0625,Dell,16-inch,4GB,ASUS,14-inch,4GB
2,-16.75,6.0625,Dell,16-inch,4GB,ASUS,14-inch,8GB
2,-4.1875,6.0625,Dell,16-inch,4GB,ASUS,14-inch,16GB
2,-2.984375,6.0,Dell,16-inch,4GB,ASUS,16-inch,4GB
2,-16.75,6.0625,Dell,16-inch,4GB,ASUS,16-inch,8GB
2,-6.1875,6.0625,Dell,16-inch,4GB,ASUS,16-inch,16GB
2,-8.0625,6.0625,Dell,16-inch,4GB,Lenovo,13-inch,4GB
2,-18.5,6.0625,Dell,16-inch,4GB,Lenovo,13-inch,8GB
2,-4.8125,6.0625,Dell,16-inch,4GB,Lenovo,13-inch,16GB
2,-7.8125,6.0625,Dell,16-inch,4GB,Lenovo,14-inch,4GB
2,-17.25,6.0625,Dell,16-inch,4GB,Lenovo,14-inch,8GB
2,-2.984375,6.0,Dell,16-inch,4GB,Lenovo,14-inch,16GB
2,-2.515625,5.96875,Dell,16-inch,4GB,Lenovo,16-inch,4GB
2,-15.9375,6.0625,Dell,16-inch,4GB,Lenovo,16-inch,8GB
2,-3.828125,6.03125,Dell,16-inch,4GB,Lenovo,16-inch,16GB
2,-8.4375,6.0625,Dell,16-inch,4GB,HP,13-inch,4GB
2,-18.125,6.0625,Dell,16-inch,4GB,HP,13-inch,8GB
2,-3.828125,6.03125,Dell,16-inch,4GB,HP,13-inch,16GB
2,-7.5625,6.0625,Dell,16-inch,4GB,HP,14-inch,4GB
2,-15.8125,6.0625,Dell,16-inch,4GB,HP,14-inch,8GB
2,-2.515625,5.96875,Dell,16-inch,4GB,HP,14-inch,16GB
2,-1.953125,5.90625,Dell,16-inch,4GB,HP,16-inch,4GB
2,-14.9375,6.0625,Dell,16-inch,4GB,HP,16-inch,8GB
2,-3.46875,6.03125,Dell,16-inch,4GB,HP,16-inch,16GB
2,-7.3125,6.0625,Dell,16-inch,4GB,Dell,13-inch,4GB
2,-11.1875,6.0625,Dell,16-inch,4GB,Dell,13-inch,8GB
2,-2.28125,5.96875,Dell,16-inch,4GB,Dell,13-inch,16GB
2,-7.8125,6.0625,Dell,16-inch,4GB,Dell,14-inch,4GB
2,-9.4375,6.0625,Dell,16-inch,4GB,Dell,14-inch,8GB
2,-1.5390625,5.84375,Dell,16-inch,4GB,Dell,14-inch,16GB
2,-8.4375,6.0625,Dell,16-inch,4GB,Dell,16-inch,8GB
2,-2.28125,5.96875,Dell,16-inch,4GB,Dell,16-inch,16GB
2,-5.5625,6.0625,Dell,16-inch,4GB,Apple,13-inch,4GB
2,-16.875,6.0625,Dell,16-inch,4GB,Apple,13-inch,8GB
2,-10.8125,6.0625,Dell,16-inch,4GB,Apple,13-inch,16GB
2,-4.4375,6.0625,Dell,16-inch,4GB,Apple,14-inch,4GB
2,-16.375,6.0625,Dell,16-inch,4GB,Apple,14-inch,8GB
2,-9.1875,6.0625,Dell,16-inch,4GB,Apple,14-inch,16GB
2,-0.765625,5.5,Dell,16-inch,4GB,Apple,16-inch,4GB
2,-17.25,6.0625,Dell,16-inch,4GB,Apple,16-inch,8GB
2,-10.9375,6.0625,Dell,16-inch,4GB,Apple,16-inch,16GB
2,-4.09375,6.03125,Dell,16-inch,8GB,ASUS,13-inch,4GB
2,-3.21875,6.03125,Dell,16-inch,8GB,ASUS,13-inch,8GB
2,-0.515625,5.25,Dell,16-inch,8GB,ASUS,13-inch,16GB
2,-3.21875,6.03125,Dell,16-inch,8GB,ASUS,14-inch,4GB
2,-2.984375,6.0,Dell,16-inch,8GB,ASUS,14-inch,8GB
2,-0.03955078125,3.71875,Dell,16-inch,8GB,ASUS,14-inch,16GB
2,-0.06640625,3.9375,Dell,16-inch,8GB,ASUS,16-inch,4GB
2,-2.171875,5.9375,Dell,16-inch,8GB,ASUS,16-inch,8GB
2,0.060546875,-3.5625,Dell,16-inch,8GB,ASUS,16-inch,16GB
2,-6.8125,6.0625,Dell,16-inch,8GB,Lenovo,13-inch,4GB
2,-3.21875,6.03125,Dell,16-inch,8GB,Lenovo,13-inch,8GB
2,-0.5703125,5.3125,Dell,16-inch,8GB,Lenovo,13-inch,16GB
2,-6.0625,6.0625,Dell,16-inch,8GB,Lenovo,14-inch,4GB
2,-2.75,6.0,Dell,16-inch,8GB,Lenovo,14-inch,8GB
2,0.0224609375,2.78125,Dell,16-inch,8GB,Lenovo,14-inch,16GB
2,-0.765625,5.5,Dell,16-inch,8GB,Lenovo,16-inch,4GB
2,-1.4375,5.8125,Dell,16-inch,8GB,Lenovo,16-inch,8GB
2,0.060546875,-3.6875,Dell,16-inch,8GB,Lenovo,16-inch,16GB
2,-5.8125,6.0625,Dell,16-inch,8GB,HP,13-inch,4GB
2,-3.59375,6.03125,Dell,16-inch,8GB,HP,13-inch,8GB
2,-0.6328125,5.375,Dell,16-inch,8GB,HP,13-inch,16GB
2,-5.1875,6.0625,Dell,16-inch,8GB,HP,14-inch,4GB
2,-3.109375,6.03125,Dell,16-inch,8GB,HP,14-inch,8GB
2,-0.099609375,4.15625,Dell,16-inch,8GB,HP,14-inch,16GB
2,-0.251953125,4.75,Dell,16-inch,8GB,HP,16-inch,4GB
2,-1.5390625,5.84375,Dell,16-inch,8GB,HP,16-inch,8GB
2,0.060546875,-3.5625,Dell,16-inch,8GB,HP,16-inch,16GB
2,-11.1875,6.0625,Dell,16-inch,8GB,Dell,13-inch,4GB
2,-8.1875,6.0625,Dell,16-inch,8GB,Dell,13-inch,8GB
2,-2.875,6.0,Dell,16-inch,8GB,Dell,13-inch,16GB
2,-11.1875,6.0625,Dell,16-inch,8GB,Dell,14-inch,4GB
2,-7.3125,6.0625,Dell,16-inch,8GB,Dell,14-inch,8GB
2,-1.34375,5.78125,Dell,16-inch,8GB,Dell,14-inch,16GB
2,-13.1875,6.0625,Dell,16-inch,8GB,Dell,16-inch,4GB
2,0.049560546875,1.5625,Dell,16-inch,8GB,Dell,16-inch,16GB
2,-0.765625,5.5,Dell,16-inch,8GB,Apple,13-inch,4GB
2,-0.6328125,5.375,Dell,16-inch,8GB,Apple,13-inch,8GB
2,-0.326171875,4.9375,Dell,16-inch,8GB,Apple,13-inch,16GB
2,-0.5703125,5.3125,Dell,16-inch,8GB,Apple,14-inch,4GB
2,-0.515625,5.25,Dell,16-inch,8GB,Apple,14-inch,8GB
2,-0.06640625,3.9375,Dell,16-inch,8GB,Apple,14-inch,16GB
2,0.0546875,0.9375,Dell,16-inch,8GB,Apple,16-inch,4GB
2,-0.8359375,5.53125,Dell,16-inch,8GB,Apple,16-inch,8GB
2,0.059326171875,-0.6875,Dell,16-inch,8GB,Apple,16-inch,16GB
2,-12.9375,6.0625,Dell,16-inch,16GB,ASUS,13-inch,4GB
2,-0.00146484375,3.25,Dell,16-inch,16GB,ASUS,13-inch,8GB
2,-0.1650390625,4.46875,Dell,16-inch,16GB,ASUS,13-inch,16GB
2,-11.6875,6.0625,Dell,16-inch,16GB,ASUS,14-inch,4GB
2,-0.0185546875,3.484375,Dell,16-inch,16GB,ASUS,14-inch,8GB
2,-0.099609375,4.15625,Dell,16-inch,16GB,ASUS,14-inch,16GB
2,-6.4375,6.0625,Dell,16-inch,16GB,ASUS,16-inch,4GB
2,-0.0283203125,3.59375,Dell,16-inch,16GB,ASUS,16-inch,8GB
2,-0.119140625,4.25,Dell,16-inch,16GB,ASUS,16-inch,16GB
2,-14.3125,6.0625,Dell,16-inch,16GB,Lenovo,13-inch,4GB
2,0.011962890625,3.015625,Dell,16-inch,16GB,Lenovo,13-inch,8GB
2,-0.119140625,4.25,Dell,16-inch,16GB,Lenovo,13-inch,16GB
2,-13.8125,6.0625,Dell,16-inch,16GB,Lenovo,14-inch,4GB
2,0.011962890625,3.015625,Dell,16-inch,16GB,Lenovo,14-inch,8GB
2,-0.06640625,3.9375,Dell,16-inch,16GB,Lenovo,14-inch,16GB
2,-7.6875,6.0625,Dell,16-inch,16GB,Lenovo,16-inch,4GB
2,-0.00927734375,3.375,Dell,16-inch,16GB,Lenovo,16-inch,8GB
2,-0.03955078125,3.71875,Dell,16-inch,16GB,Lenovo,16-inch,16GB
2,-14.1875,6.0625,Dell,16-inch,16GB,HP,13-inch,4GB
2,0.0224609375,2.78125,Dell,16-inch,16GB,HP,13-inch,8GB
2,-0.19140625,4.5625,Dell,16-inch,16GB,HP,13-inch,16GB
2,-12.4375,6.0625,Dell,16-inch,16GB,HP,14-inch,4GB
2,0.0224609375,2.78125,Dell,16-inch,16GB,HP,14-inch,8GB
2,-0.140625,4.375,Dell,16-inch,16GB,HP,14-inch,16GB
2,-7.1875,6.0625,Dell,16-inch,16GB,HP,16-inch,4GB
2,-0.00146484375,3.25,Dell,16-inch,16GB,HP,16-inch,8GB
2,0.011962890625,3.015625,Dell,16-inch,16GB,HP,16-inch,16GB
2,-17.75,6.0625,Dell,16-inch,16GB,Dell,13-inch,4GB
2,-0.05224609375,3.828125,Dell,16-inch,16GB,Dell,13-inch,8GB
2,-2.984375,6.0,Dell,16-inch,16GB,Dell,13-inch,16GB
2,-17.5,6.0625,Dell,16-inch,16GB,Dell,14-inch,4GB
2,-0.03955078125,3.71875,Dell,16-inch,16GB,Dell,14-inch,8GB
2,-2.40625,5.96875,Dell,16-inch,16GB,Dell,14-inch,16GB
2,-13.8125,6.0625,Dell,16-inch,16GB,Dell,16-inch,4GB
2,-0.119140625,4.25,Dell,16-inch,16GB,Dell,16-inch,8GB
2,-5.4375,6.0625,Dell,16-inch,16GB,Apple,13-inch,4GB
2,-0.08203125,4.0625,Dell,16-inch,16GB,Apple,13-inch,8GB
2,-0.03955078125,3.71875,Dell,16-inch,16GB,Apple,13-inch,16GB
2,-3.703125,6.03125,Dell,16-inch,16GB,Apple,14-inch,4GB
2,-0.08203125,4.0625,Dell,16-inch,16GB,Apple,14-inch,8GB
2,-0.0283203125,3.59375,Dell,16-inch,16GB,Apple,14-inch,16GB
2,-0.765625,5.5,Dell,16-inch,16GB,Apple,16-inch,4GB
2,-0.119140625,4.25,Dell,16-inch,16GB,Apple,16-inch,8GB
2,-0.0283203125,3.59375,Dell,16-inch,16GB,Apple,16-inch,16GB
2,-4.09375,6.03125,Apple,13-inch,4GB,ASUS,13-inch,4GB
2,-21.625,6.0625,Apple,13-inch,4GB,ASUS,13-inch,8GB
2,-8.6875,6.0625,Apple,13-inch,4GB,ASUS,13-inch,16GB
2,-7.5625,6.0625,Apple,13-inch,4GB,ASUS,14-inch,4GB
2,-20.375,6.0625,Apple,13-inch,4GB,ASUS,14-inch,8GB
2,-5.4375,6.0625,Apple,13-inch,4GB,ASUS,14-inch,16GB
2,-2.984375,6.0,Apple,13-inch,4GB,ASUS,16-inch,4GB
2,-12.1875,6.0625,Apple,13-inch,4GB,ASUS,16-inch,8GB
2,-0.220703125,4.65625,Apple,13-inch,4GB,ASUS,16-inch,16GB
2,-4.09375,6.03125,Apple,13-inch,4GB,Lenovo,13-inch,4GB
2,-22.25,6.0625,Apple,13-inch,4GB,Lenovo,13-inch,8GB
2,-7.6875,6.0625,Apple,13-inch,4GB,Lenovo,13-inch,16GB
2,-6.1875,6.0625,Apple,13-inch,4GB,Lenovo,14-inch,4GB
2,-21.0,6.0625,Apple,13-inch,4GB,Lenovo,14-inch,8GB
2,-3.828125,6.03125,Apple,13-inch,4GB,Lenovo,14-inch,16GB
2,-0.765625,5.5,Apple,13-inch,4GB,Lenovo,16-inch,4GB
2,-12.3125,6.0625,Apple,13-inch,4GB,Lenovo,16-inch,8GB
2,-0.08203125,4.0625,Apple,13-inch,4GB,Lenovo,16-inch,16GB
2,-2.984375,6.0,Apple,13-inch,4GB,HP,13-inch,4GB
2,-20.625,6.0625,Apple,13-inch,4GB,HP,13-inch,8GB
2,-7.9375,6.0625,Apple,13-inch,4GB,HP,13-inch,16GB
2,-6.1875,6.0625,Apple,13-inch,4GB,HP,14-inch,4GB
2,-20.0,6.0625,Apple,13-inch,4GB,HP,14-inch,8GB
2,-4.4375,6.0625,Apple,13-inch,4GB,HP,14-inch,16GB
2,-1.25,5.75,Apple,13-inch,4GB,HP,16-inch,4GB
2,-11.9375,6.0625,Apple,13-inch,4GB,HP,16-inch,8GB
2,-0.1650390625,4.46875,Apple,13-inch,4GB,HP,16-inch,16GB
2,-3.59375,6.03125,Apple,13-inch,4GB,Dell,13-inch,4GB
2,-20.125,6.0625,Apple,13-inch,4GB,Dell,13-inch,8GB
2,-5.4375,6.0625,Apple,13-inch,4GB,Dell,13-inch,16GB
2,-6.6875,6.0625,Apple,13-inch,4GB,Dell,14-inch,4GB
2,-18.875,6.0625,Apple,13-inch,4GB,Dell,14-inch,8GB
2,-1.953125,5.90625,Apple,13-inch,4GB,Dell,14-inch,16GB
2,-0.765625,5.5,Apple,13-inch,4GB,Dell,16-inch,4GB
2,-8.9375,6.0625,Apple,13-inch,4GB,Dell,16-inch,8GB
2,0.037353515625,2.296875,Apple,13-inch,4GB,Dell,16-inch,16GB
2,-18.125,6.0625,Apple,13-inch,4GB,Apple,13-inch,8GB
2,-0.9140625,5.59375,Apple,13-inch,4GB,Apple,13-inch,16GB
2,-6.6875,6.0625,Apple,13-inch,4GB,Apple,14-inch,4GB
2,-17.125,6.0625,Apple,13-inch,4GB,Apple,14-inch,8GB
2,-0.0185546875,3.484375,Apple,13-inch,4GB,Apple,14-inch,16GB
2,-1.25,5.75,Apple,13-inch,4GB,Apple,16-inch,4GB
2,-4.3125,6.0625,Apple,13-inch,4GB,Apple,16-inch,8GB
2,0.0576171875,0.1875,Apple,13-inch,4GB,Apple,16-inch,16GB
2,0.03076171875,2.53125,Apple,13-inch,8GB,ASUS,13-inch,4GB
2,-2.515625,5.96875,Apple,13-inch,8GB,ASUS,13-inch,8GB
2,0.060302734375,-2.8125,Apple,13-inch,8GB,ASUS,13-inch,16GB
2,0.0537109375,1.0625,Apple,13-inch,8GB,ASUS,14-inch,4GB
2,-1.34375,5.78125,Apple,13-inch,8GB,ASUS,14-inch,8GB
2,0.060546875,-4.4375,Apple,13-inch,8GB,ASUS,14-inch,16GB
2,0.0595703125,-0.8125,Apple,13-inch,8GB,ASUS,16-inch,4GB
2,-0.287109375,4.84375,Apple,13-inch,8GB,ASUS,16-inch,8GB
2,0.060546875,-6.3125,Apple,13-inch,8GB,ASUS,16-inch,16GB
2,-0.19140625,4.5625,Apple,13-inch,8GB,Lenovo,13-inch,4GB
2,-1.8515625,5.90625,Apple,13-inch,8GB,Lenovo,13-inch,8GB
2,0.06005859375,-1.8125,Apple,13-inch,8GB,Lenovo,13-inch,16GB
2,0.0341796875,2.40625,Apple,13-inch,8GB,Lenovo,14-inch,4GB
2,-0.8359375,5.53125,Apple,13-inch,8GB,Lenovo,14-inch,8GB
2,0.060546875,-4.5625,Apple,13-inch,8GB,Lenovo,14-inch,16GB
2,0.05810546875,0.0625,Apple,13-inch,8GB,Lenovo,16-inch,4GB
2,-0.140625,4.375,Apple,13-inch,8GB,Lenovo,16-inch,8GB
2,0.060546875,-6.0625,Apple,13-inch,8GB,Lenovo,16-inch,16GB
2,-0.00146484375,3.25,Apple,13-inch,8GB,HP,13-inch,4GB
2,-1.4375,5.8125,Apple,13-inch,8GB,HP,13-inch,8GB
2,0.060546875,-3.4375,Apple,13-inch,8GB,HP,13-inch,16GB
2,0.037353515625,2.296875,Apple,13-inch,8GB,HP,14-inch,4GB
2,-1.1640625,5.71875,Apple,13-inch,8GB,HP,14-inch,8GB
2,0.060546875,-5.0625,Apple,13-inch,8GB,HP,14-inch,16GB
2,0.05810546875,0.0625,Apple,13-inch,8GB,HP,16-inch,4GB
2,-0.326171875,4.9375,Apple,13-inch,8GB,HP,16-inch,8GB
2,0.060546875,-5.4375,Apple,13-inch,8GB,HP,16-inch,16GB
2,-0.0185546875,3.484375,Apple,13-inch,8GB,Dell,13-inch,4GB
2,-1.640625,5.875,Apple,13-inch,8GB,Dell,13-inch,8GB
2,0.060546875,-4.8125,Apple,13-inch,8GB,Dell,13-inch,16GB
2,0.04638671875,1.8125,Apple,13-inch,8GB,Dell,14-inch,4GB
2,-0.6328125,5.375,Apple,13-inch,8GB,Dell,14-inch,8GB
2,0.060546875,-6.0625,Apple,13-inch,8GB,Dell,14-inch,16GB
2,0.059814453125,-1.0625,Apple,13-inch,8GB,Dell,16-inch,4GB
2,-0.119140625,4.25,Apple,13-inch,8GB,Dell,16-inch,8GB
2,0.060546875,-6.6875,Apple,13-inch,8GB,Dell,16-inch,16GB
2,-12.1875,6.0625,Apple,13-inch,8GB,Apple,13-inch,4GB
2,0.05859375,-0.1875,Apple,13-inch,8GB,Apple,13-inch,16GB
2,0.05517578125,0.8125,Apple,13-inch,8GB,Apple,14-inch,4GB
2,-2.984375,6.0,Apple,13-inch,8GB,Apple,14-inch,8GB
2,0.060546875,-5.4375,Apple,13-inch,8GB,Apple,14-inch,16GB
2,0.059814453125,-1.3125,Apple,13-inch,8GB,Apple,16-inch,4GB
2,-0.765625,5.5,Apple,13-inch,8GB,Apple,16-inch,8GB
2,0.060546875,-5.9375,Apple,13-inch,8GB,Apple,16-inch,16GB
2,-3.96875,6.03125,Apple,13-inch,16GB,ASUS,13-inch,4GB
2,0.056884765625,0.4375,Apple,13-inch,16GB,ASUS,13-inch,8GB
2,-0.765625,5.5,Apple,13-inch,16GB,ASUS,13-inch,16GB
2,-3.21875,6.03125,Apple,13-inch,16GB,ASUS,14-inch,4GB
2,0.05908203125,-0.4375,Apple,13-inch,16GB,ASUS,14-inch,8GB
2,0.037353515625,2.296875,Apple,13-inch,16GB,ASUS,14-inch,16GB
2,-0.03955078125,3.71875,Apple,13-inch,16GB,ASUS,16-inch,4GB
2,0.059326171875,-0.6875,Apple,13-inch,16GB,ASUS,16-inch,8GB
2,-0.06640625,3.9375,Apple,13-inch,16GB,ASUS,16-inch,16GB
2,-6.4375,6.0625,Apple,13-inch,16GB,Lenovo,13-inch,4GB
2,0.0546875,0.9375,Apple,13-inch,16GB,Lenovo,13-inch,8GB
2,-0.251953125,4.75,Apple,13-inch,16GB,Lenovo,13-inch,16GB
2,-6.0625,6.0625,Apple,13-inch,16GB,Lenovo,14-inch,4GB
2,0.0595703125,-0.8125,Apple,13-inch,16GB,Lenovo,14-inch,8GB
2,0.04248046875,2.03125,Apple,13-inch,16GB,Lenovo,14-inch,16GB
2,-0.140625,4.375,Apple,13-inch,16GB,Lenovo,16-inch,4GB
2,0.059326171875,-0.6875,Apple,13-inch,16GB,Lenovo,16-inch,8GB
2,-0.06640625,3.9375,Apple,13-inch,16GB,Lenovo,16-inch,16GB
2,-5.8125,6.0625,Apple,13-inch,16GB,HP,13-inch,4GB
2,0.0576171875,0.1875,Apple,13-inch,16GB,HP,13-inch,8GB
2,-0.19140625,4.5625,Apple,13-inch,16GB,HP,13-inch,16GB
2,-4.4375,6.0625,Apple,13-inch,16GB,HP,14-inch,4GB
2,0.0595703125,-0.9375,Apple,13-inch,16GB,HP,14-inch,8GB
2,0.049560546875,1.5625,Apple,13-inch,16GB,HP,14-inch,16GB
2,-0.251953125,4.75,Apple,13-inch,16GB,HP,16-inch,4GB
2,0.059326171875,-0.5625,Apple,13-inch,16GB,HP,16-inch,8GB
2,-0.00146484375,3.25,Apple,13-inch,16GB,HP,16-inch,16GB
2,-4.3125,6.0625,Apple,13-inch,16GB,Dell,13-inch,4GB
2,0.056396484375,0.5625,Apple,13-inch,16GB,Dell,13-inch,8GB
2,-0.099609375,4.15625,Apple,13-inch,16GB,Dell,13-inch,16GB
2,-2.75,6.0,Apple,13-inch,16GB,Dell,14-inch,4GB
2,0.0595703125,-0.8125,Apple,13-inch,16GB,Dell,14-inch,8GB
2,0.056396484375,0.5625,Apple,13-inch,16GB,Dell,14-inch,16GB
2,-0.00146484375,3.25,Apple,13-inch,16GB,Dell,16-inch,4GB
2,0.059814453125,-1.0625,Apple,13-inch,16GB,Dell,16-inch,8GB
2,-0.0185546875,3.484375,Apple,13-inch,16GB,Dell,16-inch,16GB
2,-14.4375,6.0625,Apple,13-inch,16GB,Apple,13-inch,4GB
2,-0.140625,4.375,Apple,13-inch,16GB,Apple,13-inch,8GB
2,-4.8125,6.0625,Apple,13-inch,16GB,Apple,14-inch,4GB
2,0.059814453125,-1.3125,Apple,13-inch,16GB,Apple,14-inch,8GB
2,-2.171875,5.9375,Apple,13-inch,16GB,Apple,14-inch,16GB
2,0.03076171875,2.53125,Apple,13-inch,16GB,Apple,16-inch,4GB
2,0.059814453125,-1.3125,Apple,13-inch,16GB,Apple,16-inch,8GB
2,-1.078125,5.6875,Apple,13-inch,16GB,Apple,16-inch,16GB
2,-8.4375,6.0625,Apple,14-inch,4GB,ASUS,13-inch,4GB
2,-21.75,6.0625,Apple,14-inch,4GB,ASUS,13-inch,8GB
2,-9.3125,6.0625,Apple,14-inch,4GB,ASUS,13-inch,16GB
2,-5.4375,6.0625,Apple,14-inch,4GB,ASUS,14-inch,4GB
2,-20.125,6.0625,Apple,14-inch,4GB,ASUS,14-inch,8GB
2,-8.8125,6.0625,Apple,14-inch,4GB,ASUS,14-inch,16GB
2,-5.1875,6.0625,Apple,14-inch,4GB,ASUS,16-inch,4GB
2,-13.8125,6.0625,Apple,14-inch,4GB,ASUS,16-inch,8GB
2,-0.6328125,5.375,Apple,14-inch,4GB,ASUS,16-inch,16GB
2,-6.9375,6.0625,Apple,14-inch,4GB,Lenovo,13-inch,4GB
2,-22.125,6.0625,Apple,14-inch,4GB,Lenovo,13-inch,8GB
2,-7.0625,6.0625,Apple,14-inch,4GB,Lenovo,13-inch,16GB
2,-5.3125,6.0625,Apple,14-inch,4GB,Lenovo,14-inch,4GB
2,-20.875,6.0625,Apple,14-inch,4GB,Lenovo,14-inch,8GB
2,-7.6875,6.0625,Apple,14-inch,4GB,Lenovo,14-inch,16GB
2,-2.0625,5.9375,Apple,14-inch,4GB,Lenovo,16-inch,4GB
2,-14.0625,6.0625,Apple,14-inch,4GB,Lenovo,16-inch,8GB
2,-0.099609375,4.15625,Apple,14-inch,4GB,Lenovo,16-inch,16GB
2,-6.5625,6.0625,Apple,14-inch,4GB,HP,13-inch,4GB
2,-21.875,6.0625,Apple,14-inch,4GB,HP,13-inch,8GB
2,-6.9375,6.0625,Apple,14-inch,4GB,HP,13-inch,16GB
2,-4.5625,6.0625,Apple,14-inch,4GB,HP,14-inch,4GB
2,-19.875,6.0625,Apple,14-inch,4GB,HP,14-inch,8GB
2,-8.0625,6.0625,Apple,14-inch,4GB,HP,14-inch,16GB
2,-2.984375,6.0,Apple,14-inch,4GB,HP,16-inch,4GB
2,-14.1875,6.0625,Apple,14-inch,4GB,HP,16-inch,8GB
2,-0.251953125,4.75,Apple,14-inch,4GB,HP,16-inch,16GB
2,-7.6875,6.0625,Apple,14-inch,4GB,Dell,13-inch,4GB
2,-21.375,6.0625,Apple,14-inch,4GB,Dell,13-inch,8GB
2,-4.6875,6.0625,Apple,14-inch,4GB,Dell,13-inch,16GB
2,-5.5625,6.0625,Apple,14-inch,4GB,Dell,14-inch,4GB
2,-19.125,6.0625,Apple,14-inch,4GB,Dell,14-inch,8GB
2,-6.5625,6.0625,Apple,14-inch,4GB,Dell,14-inch,16GB
2,-2.28125,5.96875,Apple,14-inch,4GB,Dell,16-inch,4GB
2,-10.9375,6.0625,Apple,14-inch,4GB,Dell,16-inch,8GB
2,0.02685546875,2.65625,Apple,14-inch,4GB,Dell,16-inch,16GB
2,-2.515625,5.96875,Apple,14-inch,4GB,Apple,13-inch,4GB
2,-19.0,6.0625,Apple,14-inch,4GB,Apple,13-inch,8GB
2,-0.515625,5.25,Apple,14-inch,4GB,Apple,13-inch,16GB
2,-15.6875,6.0625,Apple,14-inch,4GB,Apple,14-inch,8GB
2,-2.28125,5.96875,Apple,14-inch,4GB,Apple,14-inch,16GB
2,-2.515625,5.96875,Apple,14-inch,4GB,Apple,16-inch,4GB
2,-6.0625,6.0625,Apple,14-inch,4GB,Apple,16-inch,8GB
2,0.056396484375,0.5625,Apple,14-inch,4GB,Apple,16-inch,16GB
2,-2.40625,5.96875,Apple,14-inch,8GB,ASUS,13-inch,4GB
2,-3.109375,6.03125,Apple,14-inch,8GB,ASUS,13-inch,8GB
2,0.05908203125,-0.4375,Apple,14-inch,8GB,ASUS,13-inch,16GB
2,-0.251953125,4.75,Apple,14-inch,8GB,ASUS,14-inch,4GB
2,-2.875,6.0,Apple,14-inch,8GB,ASUS,14-inch,8GB
2,0.060546875,-4.3125,Apple,14-inch,8GB,ASUS,14-inch,16GB
2,0.058349609375,-0.0625,Apple,14-inch,8GB,ASUS,16-inch,4GB
2,-0.9921875,5.625,Apple,14-inch,8GB,ASUS,16-inch,8GB
2,0.060546875,-7.8125,Apple,14-inch,8GB,ASUS,16-inch,16GB
2,-3.46875,6.03125,Apple,14-inch,8GB,Lenovo,13-inch,4GB
2,-1.8515625,5.90625,Apple,14-inch,8GB,Lenovo,13-inch,8GB
2,0.059814453125,-1.1875,Apple,14-inch,8GB,Lenovo,13-inch,16GB
2,-1.25,5.75,Apple,14-inch,8GB,Lenovo,14-inch,4GB
2,-2.28125,5.96875,Apple,14-inch,8GB,Lenovo,14-inch,8GB
2,0.060546875,-3.6875,Apple,14-inch,8GB,Lenovo,14-inch,16GB
2,0.05517578125,0.8125,Apple,14-inch,8GB,Lenovo,16-inch,4GB
2,-0.515625,5.25,Apple,14-inch,8GB,Lenovo,16-inch,8GB
2,0.060546875,-7.4375,Apple,14-inch,8GB,Lenovo,16-inch,16GB
2,-4.8125,6.0625,Apple,14-inch,8GB,HP,13-inch,4GB
2,-2.515625,5.96875,Apple,14-inch,8GB,HP,13-inch,8GB
2,0.06005859375,-1.5625,Apple,14-inch,8GB,HP,13-inch,16GB
2,-1.078125,5.6875,Apple,14-inch,8GB,HP,14-inch,4GB
2,-2.515625,5.96875,Apple,14-inch,8GB,HP,14-inch,8GB
2,0.060546875,-5.0625,Apple,14-inch,8GB,HP,14-inch,16GB
2,0.052001953125,1.3125,Apple,14-inch,8GB,HP,16-inch,4GB
2,-0.765625,5.5,Apple,14-inch,8GB,HP,16-inch,8GB
2,0.060546875,-7.0625,Apple,14-inch,8GB,HP,16-inch,16GB
2,-4.09375,6.03125,Apple,14-inch,8GB,Dell,13-inch,4GB
2,-1.34375,5.78125,Apple,14-inch,8GB,Dell,13-inch,8GB
2,0.06005859375,-1.8125,Apple,14-inch,8GB,Dell,13-inch,16GB
2,-0.6328125,5.375,Apple,14-inch,8GB,Dell,14-inch,4GB
2,-2.28125,5.96875,Apple,14-inch,8GB,Dell,14-inch,8GB
2,0.060546875,-6.1875,Apple,14-inch,8GB,Dell,14-inch,16GB
2,0.05859375,-0.1875,Apple,14-inch,8GB,Dell,16-inch,4GB
2,-0.462890625,5.15625,Apple,14-inch,8GB,Dell,16-inch,8GB
2,0.060546875,-8.0625,Apple,14-inch,8GB,Dell,16-inch,16GB
2,-7.5625,6.0625,Apple,14-inch,8GB,Apple,13-inch,4GB
2,-7.3125,6.0625,Apple,14-inch,8GB,Apple,13-inch,8GB
2,0.060302734375,-2.8125,Apple,14-inch,8GB,Apple,13-inch,16GB
2,-13.4375,6.0625,Apple,14-inch,8GB,Apple,14-inch,4GB
2,0.059814453125,-1.0625,Apple,14-inch,8GB,Apple,14-inch,16GB
2,0.059326171875,-0.6875,Apple,14-inch,8GB,Apple,16-inch,4GB
2,-1.1640625,5.71875,Apple,14-inch,8GB,Apple,16-inch,8GB
2,0.060546875,-6.9375,Apple,14-inch,8GB,Apple,16-inch,16GB
2,-11.9375,6.0625,Apple,14-inch,16GB,ASUS,13-inch,4GB
2,0.04443359375,1.90625,Apple,14-inch,16GB,ASUS,13-inch,8GB
2,-0.0185546875,3.484375,Apple,14-inch,16GB,ASUS,13-inch,16GB
2,-6.5625,6.0625,Apple,14-inch,16GB,ASUS,14-inch,4GB
2,0.05078125,1.4375,Apple,14-inch,16GB,ASUS,14-inch,8GB
2,-0.4140625,5.09375,Apple,14-inch,16GB,ASUS,14-inch,16GB
2,-0.326171875,4.9375,Apple,14-inch,16GB,ASUS,16-inch,4GB
2,0.057373046875,0.3125,Apple,14-inch,16GB,ASUS,16-inch,8GB
2,0.011962890625,3.015625,Apple,14-inch,16GB,ASUS,16-inch,16GB
2,-13.3125,6.0625,Apple,14-inch,16GB,Lenovo,13-inch,4GB
2,0.048095703125,1.6875,Apple,14-inch,16GB,Lenovo,13-inch,8GB
2,0.011962890625,3.015625,Apple,14-inch,16GB,Lenovo,13-inch,16GB
2,-8.9375,6.0625,Apple,14-inch,16GB,Lenovo,14-inch,4GB
2,0.048095703125,1.6875,Apple,14-inch,16GB,Lenovo,14-inch,8GB
2,-0.099609375,4.15625,Apple,14-inch,16GB,Lenovo,14-inch,16GB
2,-0.6328125,5.375,Apple,14-inch,16GB,Lenovo,16-inch,4GB
2,0.057373046875,0.3125,Apple,14-inch,16GB,Lenovo,16-inch,8GB
2,-0.00146484375,3.25,Apple,14-inch,16GB,Lenovo,16-inch,16GB
2,-14.1875,6.0625,Apple,14-inch,16GB,HP,13-inch,4GB
2,0.048095703125,1.6875,Apple,14-inch,16GB,HP,13-inch,8GB
2,0.011962890625,3.015625,Apple,14-inch,16GB,HP,13-inch,16GB
2,-8.4375,6.0625,Apple,14-inch,16GB,HP,14-inch,4GB
2,0.05078125,1.4375,Apple,14-inch,16GB,HP,14-inch,8GB
2,-0.099609375,4.15625,Apple,14-inch,16GB,HP,14-inch,16GB
2,-0.765625,5.5,Apple,14-inch,16GB,HP,16-inch,4GB
2,0.056884765625,0.4375,Apple,14-inch,16GB,HP,16-inch,8GB
2,0.037353515625,2.296875,Apple,14-inch,16GB,HP,16-inch,16GB
2,-12.5625,6.0625,Apple,14-inch,16GB,Dell,13-inch,4GB
2,0.04443359375,1.90625,Apple,14-inch,16GB,Dell,13-inch,8GB
2,0.037353515625,2.296875,Apple,14-inch,16GB,Dell,13-inch,16GB
2,-7.0625,6.0625,Apple,14-inch,16GB,Dell,14-inch,4GB
2,0.05078125,1.4375,Apple,14-inch,16GB,Dell,14-inch,8GB
2,-0.00927734375,3.375,Apple,14-inch,16GB,Dell,14-inch,16GB
2,-0.251953125,4.75,Apple,14-inch,16GB,Dell,16-inch,4GB
2,0.05810546875,0.0625,Apple,14-inch,16GB,Dell,16-inch,8GB
2,0.03076171875,2.53125,Apple,14-inch,16GB,Dell,16-inch,16GB
2,-14.1875,6.0625,Apple,14-inch,16GB,Apple,13-inch,4GB
2,0.0341796875,2.40625,Apple,14-inch,16GB,Apple,13-inch,8GB
2,-3.109375,6.03125,Apple,14-inch,16GB,Apple,13-inch,16GB
2,-15.4375,6.0625,Apple,14-inch,16GB,Apple,14-inch,4GB
2,-0.251953125,4.75,Apple,14-inch,16GB,Apple,14-inch,8GB
2,-0.0185546875,3.484375,Apple,14-inch,16GB,Apple,16-inch,4GB
2,0.0595703125,-0.8125,Apple,14-inch,16GB,Apple,16-inch,8GB
2,-0.6328125,5.375,Apple,14-inch,16GB,Apple,16-inch,16GB
2,-14.1875,6.0625,Apple,16-inch,4GB,ASUS,13-inch,4GB
2,-21.0,6.0625,Apple,16-inch,4GB,ASUS,13-inch,8GB
2,-12.5625,6.0625,Apple,16-inch,4GB,ASUS,13-inch,16GB
2,-14.3125,6.0625,Apple,16-inch,4GB,ASUS,14-inch,4GB
2,-20.75,6.0625,Apple,16-inch,4GB,ASUS,14-inch,8GB
2,-12.5625,6.0625,Apple,16-inch,4GB,ASUS,14-inch,16GB
2,-7.3125,6.0625,Apple,16-inch,4GB,ASUS,16-inch,4GB
2,-21.625,6.0625,Apple,16-inch,4GB,ASUS,16-inch,8GB
2,-16.375,6.0625,Apple,16-inch,4GB,ASUS,16-inch,16GB
2,-12.5625,6.0625,Apple,16-inch,4GB,Lenovo,13-inch,4GB
2,-21.25,6.0625,Apple,16-inch,4GB,Lenovo,13-inch,8GB
2,-12.8125,6.0625,Apple,16-inch,4GB,Lenovo,13-inch,16GB
2,-13.0625,6.0625,Apple,16-inch,4GB,Lenovo,14-inch,4GB
2,-20.875,6.0625,Apple,16-inch,4GB,Lenovo,14-inch,8GB
2,-12.0625,6.0625,Apple,16-inch,4GB,Lenovo,14-inch,16GB
2,-7.0625,6.0625,Apple,16-inch,4GB,Lenovo,16-inch,4GB
2,-21.625,6.0625,Apple,16-inch,4GB,Lenovo,16-inch,8GB
2,-15.6875,6.0625,Apple,16-inch,4GB,Lenovo,16-inch,16GB
2,-13.3125,6.0625,Apple,16-inch,4GB,HP,13-inch,4GB
2,-20.875,6.0625,Apple,16-inch,4GB,HP,13-inch,8GB
2,-12.0625,6.0625,Apple,16-inch,4GB,HP,13-inch,16GB
2,-13.1875,6.0625,Apple,16-inch,4GB,HP,14-inch,4GB
2,-20.25,6.0625,Apple,16-inch,4GB,HP,14-inch,8GB
2,-11.6875,6.0625,Apple,16-inch,4GB,HP,14-inch,16GB
2,-5.8125,6.0625,Apple,16-inch,4GB,HP,16-inch,4GB
2,-20.75,6.0625,Apple,16-inch,4GB,HP,16-inch,8GB
2,-15.6875,6.0625,Apple,16-inch,4GB,HP,16-inch,16GB
2,-13.3125,6.0625,Apple,16-inch,4GB,Dell,13-inch,4GB
2,-20.625,6.0625,Apple,16-inch,4GB,Dell,13-inch,8GB
2,-10.0625,6.0625,Apple,16-inch,4GB,Dell,13-inch,16GB
2,-13.4375,6.0625,Apple,16-inch,4GB,Dell,14-inch,4GB
2,-20.0,6.0625,Apple,16-inch,4GB,Dell,14-inch,8GB
2,-10.3125,6.0625,Apple,16-inch,4GB,Dell,14-inch,16GB
2,-6.8125,6.0625,Apple,16-inch,4GB,Dell,16-inch,4GB
2,-20.375,6.0625,Apple,16-inch,4GB,Dell,16-inch,8GB
2,-13.8125,6.0625,Apple,16-inch,4GB,Dell,16-inch,16GB
2,-12.4375,6.0625,Apple,16-inch,4GB,Apple,13-inch,4GB
2,-19.625,6.0625,Apple,16-inch,4GB,Apple,13-inch,8GB
2,-10.8125,6.0625,Apple,16-inch,4GB,Apple,13-inch,16GB
2,-12.0625,6.0625,Apple,16-inch,4GB,Apple,14-inch,4GB
2,-18.125,6.0625,Apple,16-inch,4GB,Apple,14-inch,8GB
2,-9.5625,6.0625,Apple,16-inch,4GB,Apple,14-inch,16GB
2,-19.875,6.0625,Apple,16-inch,4GB,Apple,16-inch,8GB
2,-16.625,6.0625,Apple,16-inch,4GB,Apple,16-inch,16GB
2,-2.28125,5.96875,Apple,16-inch,8GB,ASUS,13-inch,4GB
2,-4.09375,6.03125,Apple,16-inch,8GB,ASUS,13-inch,8GB
2,-0.5703125,5.3125,Apple,16-inch,8GB,ASUS,13-inch,16GB
2,-2.28125,5.96875,Apple,16-inch,8GB,ASUS,14-inch,4GB
2,-4.09375,6.03125,Apple,16-inch,8GB,ASUS,14-inch,8GB
2,-0.19140625,4.5625,Apple,16-inch,8GB,ASUS,14-inch,16GB
2,-0.19140625,4.5625,Apple,16-inch,8GB,ASUS,16-inch,4GB
2,-4.09375,6.03125,Apple,16-inch,8GB,ASUS,16-inch,8GB
2,0.0595703125,-0.9375,Apple,16-inch,8GB,ASUS,16-inch,16GB
2,-4.8125,6.0625,Apple,16-inch,8GB,Lenovo,13-inch,4GB
2,-3.34375,6.03125,Apple,16-inch,8GB,Lenovo,13-inch,8GB
2,-0.765625,5.5,Apple,16-inch,8GB,Lenovo,13-inch,16GB
2,-4.4375,6.0625,Apple,16-inch,8GB,Lenovo,14-inch,4GB
2,-3.703125,6.03125,Apple,16-inch,8GB,Lenovo,14-inch,8GB
2,-0.220703125,4.65625,Apple,16-inch,8GB,Lenovo,14-inch,16GB
2,-0.9140625,5.59375,Apple,16-inch,8GB,Lenovo,16-inch,4GB
2,-3.21875,6.03125,Apple,16-inch,8GB,Lenovo,16-inch,8GB
2,0.058349609375,-0.0625,Apple,16-inch,8GB,Lenovo,16-inch,16GB
2,-5.5625,6.0625,Apple,16-inch,8GB,HP,13-inch,4GB
2,-4.1875,6.0625,Apple,16-inch,8GB,HP,13-inch,8GB
2,-0.9140625,5.59375,Apple,16-inch,8GB,HP,13-inch,16GB
2,-5.0625,6.0625,Apple,16-inch,8GB,HP,14-inch,4GB
2,-4.1875,6.0625,Apple,16-inch,8GB,HP,14-inch,8GB
2,-0.326171875,4.9375,Apple,16-inch,8GB,HP,14-inch,16GB
2,-0.765625,5.5,Apple,16-inch,8GB,HP,16-inch,4GB
2,-3.34375,6.03125,Apple,16-inch,8GB,HP,16-inch,8GB
2,0.058837890625,-0.3125,Apple,16-inch,8GB,HP,16-inch,16GB
2,-4.8125,6.0625,Apple,16-inch,8GB,Dell,13-inch,4GB
2,-3.21875,6.03125,Apple,16-inch,8GB,Dell,13-inch,8GB
2,-0.251953125,4.75,Apple,16-inch,8GB,Dell,13-inch,16GB
2,-4.5625,6.0625,Apple,16-inch,8GB,Dell,14-inch,4GB
2,-3.21875,6.03125,Apple,16-inch,8GB,Dell,14-inch,8GB
2,-0.03955078125,3.71875,Apple,16-inch,8GB,Dell,14-inch,16GB
2,-0.515625,5.25,Apple,16-inch,8GB,Dell,16-inch,4GB
2,-3.59375,6.03125,Apple,16-inch,8GB,Dell,16-inch,8GB
2,0.060302734375,-1.9375,Apple,16-inch,8GB,Dell,16-inch,16GB
2,-9.1875,6.0625,Apple,16-inch,8GB,Apple,13-inch,4GB
2,-9.6875,6.0625,Apple,16-inch,8GB,Apple,13-inch,8GB
2,-1.8515625,5.90625,Apple,16-inch,8GB,Apple,13-inch,16GB
2,-9.4375,6.0625,Apple,16-inch,8GB,Apple,14-inch,4GB
2,-9.0625,6.0625,Apple,16-inch,8GB,Apple,14-inch,8GB
2,-1.7421875,5.875,Apple,16-inch,8GB,Apple,14-inch,16GB
2,-15.6875,6.0625,Apple,16-inch,8GB,Apple,16-inch,4GB
2,-1.640625,5.875,Apple,16-inch,8GB,Apple,16-inch,16GB
2,-11.1875,6.0625,Apple,16-inch,16GB,ASUS,13-inch,4GB
2,-0.0283203125,3.59375,Apple,16-inch,16GB,ASUS,13-inch,8GB
2,-0.3671875,5.0,Apple,16-inch,16GB,ASUS,13-inch,16GB
2,-10.6875,6.0625,Apple,16-inch,16GB,ASUS,14-inch,4GB
2,-0.06640625,3.9375,Apple,16-inch,16GB,ASUS,14-inch,8GB
2,-0.3671875,5.0,Apple,16-inch,16GB,ASUS,14-inch,16GB
2,-8.5625,6.0625,Apple,16-inch,16GB,ASUS,16-inch,4GB
2,-0.140625,4.375,Apple,16-inch,16GB,ASUS,16-inch,8GB
2,-1.4375,5.8125,Apple,16-inch,16GB,ASUS,16-inch,16GB
2,-11.8125,6.0625,Apple,16-inch,16GB,Lenovo,13-inch,4GB
2,-0.05224609375,3.828125,Apple,16-inch,16GB,Lenovo,13-inch,8GB
2,-0.326171875,4.9375,Apple,16-inch,16GB,Lenovo,13-inch,16GB
2,-12.0625,6.0625,Apple,16-inch,16GB,Lenovo,14-inch,4GB
2,-0.05224609375,3.828125,Apple,16-inch,16GB,Lenovo,14-inch,8GB
2,-0.220703125,4.65625,Apple,16-inch,16GB,Lenovo,14-inch,16GB
2,-10.0625,6.0625,Apple,16-inch,16GB,Lenovo,16-inch,4GB
2,-0.220703125,4.65625,Apple,16-inch,16GB,Lenovo,16-inch,8GB
2,-0.8359375,5.53125,Apple,16-inch,16GB,Lenovo,16-inch,16GB
2,-12.4375,6.0625,Apple,16-inch,16GB,HP,13-inch,4GB
2,-0.0283203125,3.59375,Apple,16-inch,16GB,HP,13-inch,8GB
2,-0.326171875,4.9375,Apple,16-inch,16GB,HP,13-inch,16GB
2,-12.1875,6.0625,Apple,16-inch,16GB,HP,14-inch,4GB
2,-0.0185546875,3.484375,Apple,16-inch,16GB,HP,14-inch,8GB
2,-0.251953125,4.75,Apple,16-inch,16GB,HP,14-inch,16GB
2,-9.9375,6.0625,Apple,16-inch,16GB,HP,16-inch,4GB
2,-0.08203125,4.0625,Apple,16-inch,16GB,HP,16-inch,8GB
2,-0.515625,5.25,Apple,16-inch,16GB,HP,16-inch,16GB
2,-11.4375,6.0625,Apple,16-inch,16GB,Dell,13-inch,4GB
2,-0.05224609375,3.828125,Apple,16-inch,16GB,Dell,13-inch,8GB
2,-0.251953125,4.75,Apple,16-inch,16GB,Dell,13-inch,16GB
2,-11.5625,6.0625,Apple,16-inch,16GB,Dell,14-inch,4GB
2,-0.05224609375,3.828125,Apple,16-inch,16GB,Dell,14-inch,8GB
2,-0.19140625,4.5625,Apple,16-inch,16GB,Dell,14-inch,16GB
2,-8.6875,6.0625,Apple,16-inch,16GB,Dell,16-inch,4GB
2,-0.099609375,4.15625,Apple,16-inch,16GB,Dell,16-inch,8GB
2,-0.4140625,5.09375,Apple,16-inch,16GB,Dell,16-inch,16GB
2,-15.0625,6.0625,Apple,16-inch,16GB,Apple,13-inch,4GB
2,-0.19140625,4.5625,Apple,16-inch,16GB,Apple,13-inch,8GB
2,-5.3125,6.0625,Apple,16-inch,16GB,Apple,13-inch,16GB
2,-15.0625,6.0625,Apple,16-inch,16GB,Apple,14-inch,4GB
2,-0.1650390625,4.46875,Apple,16-inch,16GB,Apple,14-inch,8GB
2,-4.9375,6.0625,Apple,16-inch,16GB,Apple,14-inch,16GB
2,-14.9375,6.0625,Apple,16-inch,16GB,Apple,16-inch,4GB
2,-0.369140625,5.0,Apple,16-inch,16GB,Apple,16-inch,8GB
3,-1.7421875,5.875,ASUS,13-inch,4GB,ASUS,13-inch,8GB
3,0.0576171875,0.1875,ASUS,13-inch,4GB,ASUS,13-inch,16GB
3,-1.4375,5.8125,ASUS,13-inch,4GB,ASUS,14-inch,4GB
3,-3.109375,6.03125,ASUS,13-inch,4GB,ASUS,14-inch,8GB
3,0.060302734375,-2.8125,ASUS,13-inch,4GB,ASUS,14-inch,16GB
3,-0.00146484375,3.25,ASUS,13-inch,4GB,ASUS,16-inch,4GB
3,0.0400390625,2.171875,ASUS,13-inch,4GB,ASUS,16-inch,8GB
3,0.060546875,-4.8125,ASUS,13-inch,4GB,ASUS,16-inch,16GB
3,-0.515625,5.25,ASUS,13-inch,4GB,Lenovo,13-inch,4GB
3,-10.0625,6.0625,ASUS,13-inch,4GB,Lenovo,13-inch,8GB
3,0.052978515625,1.1875,ASUS,13-inch,4GB,Lenovo,13-inch,16GB
3,-0.515625,5.25,ASUS,13-inch,4GB,Lenovo,14-inch,4GB
3,-8.3125,6.0625,ASUS,13-inch,4GB,Lenovo,14-inch,8GB
3,0.060302734375,-2.1875,ASUS,13-inch,4GB,Lenovo,14-inch,16GB
3,0.057373046875,0.3125,ASUS,13-inch,4GB,Lenovo,16-inch,4GB
3,-0.0283203125,3.59375,ASUS,13-inch,4GB,Lenovo,16-inch,8GB
3,0.060546875,-5.4375,ASUS,13-inch,4GB,Lenovo,16-inch,16GB
3,-0.326171875,4.9375,ASUS,13-inch,4GB,HP,13-inch,4GB
3,-6.5625,6.0625,ASUS,13-inch,4GB,HP,13-inch,8GB
3,0.0546875,0.9375,ASUS,13-inch,4GB,HP,13-inch,16GB
3,-0.515625,5.25,ASUS,13-inch,4GB,HP,14-inch,4GB
3,-7.0625,6.0625,ASUS,13-inch,4GB,HP,14-inch,8GB
3,0.059326171875,-0.6875,ASUS,13-inch,4GB,HP,14-inch,16GB
3,0.057373046875,0.3125,ASUS,13-inch,4GB,HP,16-inch,4GB
3,-0.03955078125,3.71875,ASUS,13-inch,4GB,HP,16-inch,8GB
3,0.060546875,-4.9375,ASUS,13-inch,4GB,HP,16-inch,16GB
3,-0.765625,5.5,ASUS,13-inch,4GB,Dell,13-inch,4GB
3,-5.5625,6.0625,ASUS,13-inch,4GB,Dell,13-inch,8GB
3,0.05810546875,0.0625,ASUS,13-inch,4GB,Dell,13-inch,16GB
3,-0.6328125,5.375,ASUS,13-inch,4GB,Dell,14-inch,4GB
3,-3.828125,6.03125,ASUS,13-inch,4GB,Dell,14-inch,8GB
3,0.060302734375,-2.6875,ASUS,13-inch,4GB,Dell,14-inch,16GB
3,0.057373046875,0.3125,ASUS,13-inch,4GB,Dell,16-inch,4GB
3,0.04443359375,1.90625,ASUS,13-inch,4GB,Dell,16-inch,8GB
3,0.060546875,-6.5625,ASUS,13-inch,4GB,Dell,16-inch,16GB
3,0.03076171875,2.53125,ASUS,13-inch,4GB,Apple,13-inch,4GB
3,-14.6875,6.0625,ASUS,13-inch,4GB,Apple,13-inch,8GB
3,-0.140625,4.375,ASUS,13-inch,4GB,Apple,13-inch,16GB
3,0.04248046875,2.03125,ASUS,13-inch,4GB,Apple,14-inch,4GB
3,-10.8125,6.0625,ASUS,13-inch,4GB,Apple,14-inch,8GB
3,0.04248046875,2.03125,ASUS,13-inch,4GB,Apple,14-inch,16GB
3,0.06005859375,-1.4375,ASUS,13-inch,4GB,Apple,16-inch,4GB
3,-0.6953125,5.4375,ASUS,13-inch,4GB,Apple,16-inch,8GB
3,0.060302734375,-2.0625,ASUS,13-inch,4GB,Apple,16-inch,16GB
3,-17.25,6.0625,ASUS,13-inch,8GB,ASUS,13-inch,4GB
3,0.060302734375,-2.5625,ASUS,13-inch,8GB,ASUS,13-inch,16GB
3,0.017578125,2.890625,ASUS,13-inch,8GB,ASUS,14-inch,4GB
3,-2.0625,5.9375,ASUS,13-inch,8GB,ASUS,14-inch,8GB
3,0.060546875,-8.1875,ASUS,13-inch,8GB,ASUS,14-inch,16GB
3,0.055908203125,0.6875,ASUS,13-inch,8GB,ASUS,16-inch,4GB
3,-0.515625,5.25,ASUS,13-inch,8GB,ASUS,16-inch,8GB
3,0.060546875,-8.3125,ASUS,13-inch,8GB,ASUS,16-inch,16GB
3,-0.462890625,5.15625,ASUS,13-inch,8GB,Lenovo,13-inch,4GB
3,-0.140625,4.375,ASUS,13-inch,8GB,Lenovo,13-inch,8GB
3,0.060546875,-6.4375,ASUS,13-inch,8GB,Lenovo,13-inch,16GB
3,-0.140625,4.375,ASUS,13-inch,8GB,Lenovo,14-inch,4GB
3,-0.287109375,4.84375,ASUS,13-inch,8GB,Lenovo,14-inch,8GB
3,0.060546875,-8.1875,ASUS,13-inch,8GB,Lenovo,14-inch,16GB
3,0.04638671875,1.8125,ASUS,13-inch,8GB,Lenovo,16-inch,4GB
3,0.0224609375,2.78125,ASUS,13-inch,8GB,Lenovo,16-inch,8GB
3,0.060546875,-8.5625,ASUS,13-inch,8GB,Lenovo,16-inch,16GB
3,-0.140625,4.375,ASUS,13-inch,8GB,HP,13-inch,4GB
3,-0.19140625,4.5625,ASUS,13-inch,8GB,HP,13-inch,8GB
3,0.060546875,-6.6875,ASUS,13-inch,8GB,HP,13-inch,16GB
3,-0.03955078125,3.71875,ASUS,13-inch,8GB,HP,14-inch,4GB
3,-0.326171875,4.9375,ASUS,13-inch,8GB,HP,14-inch,8GB
3,0.060546875,-7.4375,ASUS,13-inch,8GB,HP,14-inch,16GB
3,0.0537109375,1.0625,ASUS,13-inch,8GB,HP,16-inch,4GB
3,-0.00146484375,3.25,ASUS,13-inch,8GB,HP,16-inch,8GB
3,0.060546875,-8.0625,ASUS,13-inch,8GB,HP,16-inch,16GB
3,-0.099609375,4.15625,ASUS,13-inch,8GB,Dell,13-inch,4GB
3,-0.220703125,4.65625,ASUS,13-inch,8GB,Dell,13-inch,8GB
3,0.060546875,-8.6875,ASUS,13-inch,8GB,Dell,13-inch,16GB
3,-0.03955078125,3.71875,ASUS,13-inch,8GB,Dell,14-inch,4GB
3,-0.1650390625,4.46875,ASUS,13-inch,8GB,Dell,14-inch,8GB
3,0.060546875,-9.1875,ASUS,13-inch,8GB,Dell,14-inch,16GB
3,0.052978515625,1.1875,ASUS,13-inch,8GB,Dell,16-inch,4GB
3,0.017578125,2.890625,ASUS,13-inch,8GB,Dell,16-inch,8GB
3,0.060546875,-9.3125,ASUS,13-inch,8GB,Dell,16-inch,16GB
3,0.03076171875,2.53125,ASUS,13-inch,8GB,Apple,13-inch,4GB
3,-0.06640625,3.9375,ASUS,13-inch,8GB,Apple,13-inch,8GB
3,0.060302734375,-2.0625,ASUS,13-inch,8GB,Apple,13-inch,16GB
3,0.049560546875,1.5625,ASUS,13-inch,8GB,Apple,14-inch,4GB
3,0.04443359375,1.90625,ASUS,13-inch,8GB,Apple,14-inch,8GB
3,0.060546875,-4.8125,ASUS,13-inch,8GB,Apple,14-inch,16GB
3,0.05517578125,0.8125,ASUS,13-inch,8GB,Apple,16-inch,4GB
3,0.0576171875,0.1875,ASUS,13-inch,8GB,Apple,16-inch,8GB
3,0.060546875,-7.0625,ASUS,13-inch,8GB,Apple,16-inch,16GB
3,-17.5,6.0625,ASUS,13-inch,16GB,ASUS,13-inch,4GB
3,-0.099609375,4.15625,ASUS,13-inch,16GB,ASUS,13-inch,8GB
3,-12.1875,6.0625,ASUS,13-inch,16GB,ASUS,14-inch,4GB
3,0.06005859375,-1.4375,ASUS,13-inch,16GB,ASUS,14-inch,8GB
3,-0.287109375,4.84375,ASUS,13-inch,16GB,ASUS,14-inch,16GB
3,-0.05224609375,3.828125,ASUS,13-inch,16GB,ASUS,16-inch,4GB
3,0.060302734375,-2.1875,ASUS,13-inch,16GB,ASUS,16-inch,8GB
3,-0.140625,4.375,ASUS,13-inch,16GB,ASUS,16-inch,16GB
3,-7.0625,6.0625,ASUS,13-inch,16GB,Lenovo,13-inch,4GB
3,0.059814453125,-1.1875,ASUS,13-inch,16GB,Lenovo,13-inch,8GB
3,0.057373046875,0.3125,ASUS,13-inch,16GB,Lenovo,13-inch,16GB
3,-8.4375,6.0625,ASUS,13-inch,16GB,Lenovo,14-inch,4GB
3,0.060302734375,-2.4375,ASUS,13-inch,16GB,Lenovo,14-inch,8GB
3,0.0595703125,-0.8125,ASUS,13-inch,16GB,Lenovo,14-inch,16GB
3,-0.251953125,4.75,ASUS,13-inch,16GB,Lenovo,16-inch,4GB
3,0.060302734375,-2.3125,ASUS,13-inch,16GB,Lenovo,16-inch,8GB
3,0.0537109375,1.0625,ASUS,13-inch,16GB,Lenovo,16-inch,16GB
3,-4.5625,6.0625,ASUS,13-inch,16GB,HP,13-inch,4GB
3,0.0595703125,-0.8125,ASUS,13-inch,16GB,HP,13-inch,8GB
3,0.056396484375,0.5625,ASUS,13-inch,16GB,HP,13-inch,16GB
3,-4.8125,6.0625,ASUS,13-inch,16GB,HP,14-inch,4GB
3,0.060302734375,-2.5625,ASUS,13-inch,16GB,HP,14-inch,8GB
3,0.06005859375,-1.6875,ASUS,13-inch,16GB,HP,14-inch,16GB
3,-0.0283203125,3.59375,ASUS,13-inch,16GB,HP,16-inch,4GB
3,0.060302734375,-2.4375,ASUS,13-inch,16GB,HP,16-inch,8GB
3,0.056396484375,0.5625,ASUS,13-inch,16GB,HP,16-inch,16GB
3,-3.59375,6.03125,ASUS,13-inch,16GB,Dell,13-inch,4GB
3,0.059326171875,-0.5625,ASUS,13-inch,16GB,Dell,13-inch,8GB
3,0.0546875,0.9375,ASUS,13-inch,16GB,Dell,13-inch,16GB
3,-4.4375,6.0625,ASUS,13-inch,16GB,Dell,14-inch,4GB
3,0.060302734375,-2.0625,ASUS,13-inch,16GB,Dell,14-inch,8GB
3,0.06005859375,-1.4375,ASUS,13-inch,16GB,Dell,14-inch,16GB
3,-0.0185546875,3.484375,ASUS,13-inch,16GB,Dell,16-inch,4GB
3,0.060302734375,-2.5625,ASUS,13-inch,16GB,Dell,16-inch,8GB
3,0.055419921875,0.8125,ASUS,13-inch,16GB,Dell,16-inch,16GB
3,-0.0185546875,3.484375,ASUS,13-inch,16GB,Apple,13-inch,4GB
3,0.0537109375,1.0625,ASUS,13-inch,16GB,Apple,13-inch,8GB
3,0.017578125,2.890625,ASUS,13-inch,16GB,Apple,13-inch,16GB
3,-0.099609375,4.15625,ASUS,13-inch,16GB,Apple,14-inch,4GB
3,0.059326171875,-0.5625,ASUS,13-inch,16GB,Apple,14-inch,8GB
3,0.0546875,0.9375,ASUS,13-inch,16GB,Apple,14-inch,16GB
3,0.0400390625,2.171875,ASUS,13-inch,16GB,Apple,16-inch,4GB
3,0.059814453125,-1.0625,ASUS,13-inch,16GB,Apple,16-inch,8GB
3,0.04638671875,1.8125,ASUS,13-inch,16GB,Apple,16-inch,16GB
3,-1.25,5.75,ASUS,14-inch,4GB,ASUS,13-inch,4GB
3,-10.8125,6.0625,ASUS,14-inch,4GB,ASUS,13-inch,8GB
3,0.0576171875,0.1875,ASUS,14-inch,4GB,ASUS,13-inch,16GB
3,-1.078125,5.6875,ASUS,14-inch,4GB,ASUS,14-inch,8GB
3,0.0546875,0.9375,ASUS,14-inch,4GB,ASUS,14-inch,16GB
3,-0.03955078125,3.71875,ASUS,14-inch,4GB,ASUS,16-inch,4GB
3,0.037353515625,2.296875,ASUS,14-inch,4GB,ASUS,16-inch,8GB
3,0.060546875,-5.3125,ASUS,14-inch,4GB,ASUS,16-inch,16GB
3,-0.765625,5.5,ASUS,14-inch,4GB,Lenovo,13-inch,4GB
3,-15.6875,6.0625,ASUS,14-inch,4GB,Lenovo,13-inch,8GB
3,0.0546875,0.9375,ASUS,14-inch,4GB,Lenovo,13-inch,16GB
3,-0.5703125,5.3125,ASUS,14-inch,4GB,Lenovo,14-inch,4GB
3,-4.9375,6.0625,ASUS,14-inch,4GB,Lenovo,14-inch,8GB
3,0.055419921875,0.8125,ASUS,14-inch,4GB,Lenovo,14-inch,16GB
3,0.049560546875,1.5625,ASUS,14-inch,4GB,Lenovo,16-inch,4GB
3,-0.03955078125,3.71875,ASUS,14-inch,4GB,Lenovo,16-inch,8GB
3,0.060546875,-6.1875,ASUS,14-inch,4GB,Lenovo,16-inch,16GB
3,-0.6953125,5.4375,ASUS,14-inch,4GB,HP,13-inch,4GB
3,-14.3125,6.0625,ASUS,14-inch,4GB,HP,13-inch,8GB
3,0.05078125,1.4375,ASUS,14-inch,4GB,HP,13-inch,16GB
3,-0.462890625,5.15625,ASUS,14-inch,4GB,HP,14-inch,4GB
3,-5.1875,6.0625,ASUS,14-inch,4GB,HP,14-inch,8GB
3,0.055908203125,0.6875,ASUS,14-inch,4GB,HP,14-inch,16GB
3,0.04638671875,1.8125,ASUS,14-inch,4GB,HP,16-inch,4GB
3,-0.06640625,3.9375,ASUS,14-inch,4GB,HP,16-inch,8GB
3,0.060546875,-5.6875,ASUS,14-inch,4GB,HP,16-inch,16GB
3,-1.078125,5.6875,ASUS,14-inch,4GB,Dell,13-inch,4GB
3,-12.9375,6.0625,ASUS,14-inch,4GB,Dell,13-inch,8GB
3,0.056884765625,0.4375,ASUS,14-inch,4GB,Dell,13-inch,16GB
3,-0.9140625,5.59375,ASUS,14-inch,4GB,Dell,14-inch,4GB
3,-2.875,6.0,ASUS,14-inch,4GB,Dell,14-inch,8GB
3,0.058349609375,-0.0625,ASUS,14-inch,4GB,Dell,14-inch,16GB
3,0.04248046875,2.03125,ASUS,14-inch,4GB,Dell,16-inch,4GB
3,0.048095703125,1.6875,ASUS,14-inch,4GB,Dell,16-inch,8GB
3,0.060546875,-7.3125,ASUS,14-inch,4GB,Dell,16-inch,16GB
3,-0.3671875,5.0,ASUS,14-inch,4GB,Apple,13-inch,4GB
3,-15.8125,6.0625,ASUS,14-inch,4GB,Apple,13-inch,8GB
3,-0.287109375,4.84375,ASUS,14-inch,4GB,Apple,13-inch,16GB
3,0.0224609375,2.78125,ASUS,14-inch,4GB,Apple,14-inch,4GB
3,-14.5625,6.0625,ASUS,14-inch,4GB,Apple,14-inch,8GB
3,-0.3671875,5.0,ASUS,14-inch,4GB,Apple,14-inch,16GB
3,0.06005859375,-1.4375,ASUS,14-inch,4GB,Apple,16-inch,4GB
3,-1.078125,5.6875,ASUS,14-inch,4GB,Apple,16-inch,8GB
3,0.06005859375,-1.8125,ASUS,14-inch,4GB,Apple,16-inch,16GB
3,-13.4375,6.0625,ASUS,14-inch,8GB,ASUS,13-inch,4GB
3,-8.5625,6.0625,ASUS,14-inch,8GB,ASUS,13-inch,8GB
3,0.0576171875,0.1875,ASUS,14-inch,8GB,ASUS,13-inch,16GB
3,-18.5,6.0625,ASUS,14-inch,8GB,ASUS,14-inch,4GB
3,0.060546875,-4.8125,ASUS,14-inch,8GB,ASUS,14-inch,16GB
3,0.056884765625,0.4375,ASUS,14-inch,8GB,ASUS,16-inch,4GB
3,-0.462890625,5.15625,ASUS,14-inch,8GB,ASUS,16-inch,8GB
3,0.060546875,-9.1875,ASUS,14-inch,8GB,ASUS,16-inch,16GB
3,-8.8125,6.0625,ASUS,14-inch,8GB,Lenovo,13-inch,4GB
3,-1.078125,5.6875,ASUS,14-inch,8GB,Lenovo,13-inch,8GB
3,0.060546875,-3.4375,ASUS,14-inch,8GB,Lenovo,13-inch,16GB
3,-3.21875,6.03125,ASUS,14-inch,8GB,Lenovo,14-inch,4GB
3,-0.099609375,4.15625,ASUS,14-inch,8GB,Lenovo,14-inch,8GB
3,0.060546875,-8.9375,ASUS,14-inch,8GB,Lenovo,14-inch,16GB
3,0.04248046875,2.03125,ASUS,14-inch,8GB,Lenovo,16-inch,4GB
3,0.0224609375,2.78125,ASUS,14-inch,8GB,Lenovo,16-inch,8GB
3,0.060546875,-9.5625,ASUS,14-inch,8GB,Lenovo,16-inch,16GB
3,-7.1875,6.0625,ASUS,14-inch,8GB,HP,13-inch,4GB
3,-0.8359375,5.53125,ASUS,14-inch,8GB,HP,13-inch,8GB
3,0.060302734375,-2.9375,ASUS,14-inch,8GB,HP,13-inch,16GB
3,-1.25,5.75,ASUS,14-inch,8GB,HP,14-inch,4GB
3,-0.140625,4.375,ASUS,14-inch,8GB,HP,14-inch,8GB
3,0.060546875,-9.1875,ASUS,14-inch,8GB,HP,14-inch,16GB
3,0.0537109375,1.0625,ASUS,14-inch,8GB,HP,16-inch,4GB
3,-0.00146484375,3.25,ASUS,14-inch,8GB,HP,16-inch,8GB
3,0.060546875,-8.6875,ASUS,14-inch,8GB,HP,16-inch,16GB
3,-7.4375,6.0625,ASUS,14-inch,8GB,Dell,13-inch,4GB
3,-0.6953125,5.4375,ASUS,14-inch,8GB,Dell,13-inch,8GB
3,0.060546875,-3.6875,ASUS,14-inch,8GB,Dell,13-inch,16GB
3,-1.1640625,5.71875,ASUS,14-inch,8GB,Dell,14-inch,4GB
3,-0.08203125,4.0625,ASUS,14-inch,8GB,Dell,14-inch,8GB
3,0.060546875,-10.3125,ASUS,14-inch,8GB,Dell,14-inch,16GB
3,0.049560546875,1.5625,ASUS,14-inch,8GB,Dell,16-inch,4GB
3,0.011962890625,3.015625,ASUS,14-inch,8GB,Dell,16-inch,8GB
3,0.060546875,-9.9375,ASUS,14-inch,8GB,Dell,16-inch,16GB
3,-0.6953125,5.4375,ASUS,14-inch,8GB,Apple,13-inch,4GB
3,-0.0185546875,3.484375,ASUS,14-inch,8GB,Apple,13-inch,8GB
3,0.059814453125,-1.0625,ASUS,14-inch,8GB,Apple,13-inch,16GB
3,0.017578125,2.890625,ASUS,14-inch,8GB,Apple,14-inch,4GB
3,-0.00146484375,3.25,ASUS,14-inch,8GB,Apple,14-inch,8GB
3,0.060546875,-4.4375,ASUS,14-inch,8GB,Apple,14-inch,16GB
3,0.05810546875,0.0625,ASUS,14-inch,8GB,Apple,16-inch,4GB
3,0.057373046875,0.3125,ASUS,14-inch,8GB,Apple,16-inch,8GB
3,0.060546875,-7.6875,ASUS,14-inch,8GB,Apple,16-inch,16GB
3,-18.25,6.0625,ASUS,14-inch,16GB,ASUS,13-inch,4GB
3,0.052978515625,1.1875,ASUS,14-inch,16GB,ASUS,13-inch,8GB
3,-0.765625,5.5,ASUS,14-inch,16GB,ASUS,13-inch,16GB
3,-18.125,6.0625,ASUS,14-inch,16GB,ASUS,14-inch,4GB
3,-0.05224609375,3.828125,ASUS,14-inch,16GB,ASUS,14-inch,8GB
3,-0.0185546875,3.484375,ASUS,14-inch,16GB,ASUS,16-inch,4GB
3,0.059814453125,-1.3125,ASUS,14-inch,16GB,ASUS,16-inch,8GB
3,-0.00146484375,3.25,ASUS,14-inch,16GB,ASUS,16-inch,16GB
3,-16.125,6.0625,ASUS,14-inch,16GB,Lenovo,13-inch,4GB
3,0.058837890625,-0.3125,ASUS,14-inch,16GB,Lenovo,13-inch,8GB
3,0.0595703125,-0.8125,ASUS,14-inch,16GB,Lenovo,13-inch,16GB
3,-9.8125,6.0625,ASUS,14-inch,16GB,Lenovo,14-inch,4GB
3,0.059326171875,-0.6875,ASUS,14-inch,16GB,Lenovo,14-inch,8GB
3,0.06005859375,-1.6875,ASUS,14-inch,16GB,Lenovo,14-inch,16GB
3,-0.515625,5.25,ASUS,14-inch,16GB,Lenovo,16-inch,4GB
3,0.06005859375,-1.6875,ASUS,14-inch,16GB,Lenovo,16-inch,8GB
3,0.059326171875,-0.6875,ASUS,14-inch,16GB,Lenovo,16-inch,16GB
3,-15.4375,6.0625,ASUS,14-inch,16GB,HP,13-inch,4GB
3,0.05859375,-0.1875,ASUS,14-inch,16GB,HP,13-inch,8GB
3,0.05859375,-0.1875,ASUS,14-inch,16GB,HP,13-inch,16GB
3,-6.0625,6.0625,ASUS,14-inch,16GB,HP,14-inch,4GB
3,0.059326171875,-0.6875,ASUS,14-inch,16GB,HP,14-inch,8GB
3,0.059814453125,-1.3125,ASUS,14-inch,16GB,HP,14-inch,16GB
3,-0.099609375,4.15625,ASUS,14-inch,16GB,HP,16-inch,4GB
3,0.06005859375,-1.6875,ASUS,14-inch,16GB,HP,16-inch,8GB
3,0.0595703125,-0.8125,ASUS,14-inch,16GB,HP,16-inch,16GB
3,-15.5625,6.0625,ASUS,14-inch,16GB,Dell,13-inch,4GB
3,0.056884765625,0.4375,ASUS,14-inch,16GB,Dell,13-inch,8GB
3,0.059326171875,-0.5625,ASUS,14-inch,16GB,Dell,13-inch,16GB
3,-4.9375,6.0625,ASUS,14-inch,16GB,Dell,14-inch,4GB
3,0.058349609375,-0.0625,ASUS,14-inch,16GB,Dell,14-inch,8GB
3,0.0595703125,-0.9375,ASUS,14-inch,16GB,Dell,14-inch,16GB
3,-0.099609375,4.15625,ASUS,14-inch,16GB,Dell,16-inch,4GB
3,0.06005859375,-1.8125,ASUS,14-inch,16GB,Dell,16-inch,8GB
3,0.059326171875,-0.5625,ASUS,14-inch,16GB,Dell,16-inch,16GB
3,-2.75,6.0,ASUS,14-inch,16GB,Apple,13-inch,4GB
3,0.052978515625,1.1875,ASUS,14-inch,16GB,Apple,13-inch,8GB
3,0.055908203125,0.6875,ASUS,14-inch,16GB,Apple,13-inch,16GB
3,-0.03955078125,3.71875,ASUS,14-inch,16GB,Apple,14-inch,4GB
3,0.049560546875,1.5625,ASUS,14-inch,16GB,Apple,14-inch,8GB
3,0.056396484375,0.5625,ASUS,14-inch,16GB,Apple,14-inch,16GB
3,0.048095703125,1.6875,ASUS,14-inch,16GB,Apple,16-inch,4GB
3,0.059326171875,-0.5625,ASUS,14-inch,16GB,Apple,16-inch,8GB
3,0.056884765625,0.4375,ASUS,14-inch,16GB,Apple,16-inch,16GB
3,-10.5625,6.0625,ASUS,16-inch,4GB,ASUS,13-inch,4GB
3,-16.875,6.0625,ASUS,16-inch,4GB,ASUS,13-inch,8GB
3,-3.34375,6.03125,ASUS,16-inch,4GB,ASUS,13-inch,16GB
3,-10.6875,6.0625,ASUS,16-inch,4GB,ASUS,14-inch,4GB
3,-14.6875,6.0625,ASUS,16-inch,4GB,ASUS,14-inch,8GB
3,-2.625,6.0,ASUS,16-inch,4GB,ASUS,14-inch,16GB
3,-8.3125,6.0625,ASUS,16-inch,4GB,ASUS,16-inch,8GB
3,-2.625,6.0,ASUS,16-inch,4GB,ASUS,16-inch,16GB
3,-10.8125,6.0625,ASUS,16-inch,4GB,Lenovo,13-inch,4GB
3,-20.75,6.0625,ASUS,16-inch,4GB,Lenovo,13-inch,8GB
3,-2.875,6.0,ASUS,16-inch,4GB,Lenovo,13-inch,16GB
3,-10.0625,6.0625,ASUS,16-inch,4GB,Lenovo,14-inch,4GB
3,-19.5,6.0625,ASUS,16-inch,4GB,Lenovo,14-inch,8GB
3,-1.4375,5.8125,ASUS,16-inch,4GB,Lenovo,14-inch,16GB
3,-2.75,6.0,ASUS,16-inch,4GB,Lenovo,16-inch,4GB
3,-16.75,6.0625,ASUS,16-inch,4GB,Lenovo,16-inch,8GB
3,-1.8515625,5.90625,ASUS,16-inch,4GB,Lenovo,16-inch,16GB
3,-10.1875,6.0625,ASUS,16-inch,4GB,HP,13-inch,4GB
3,-19.0,6.0625,ASUS,16-inch,4GB,HP,13-inch,8GB
3,-2.515625,5.96875,ASUS,16-inch,4GB,HP,13-inch,16GB
3,-8.8125,6.0625,ASUS,16-inch,4GB,HP,14-inch,4GB
3,-17.625,6.0625,ASUS,16-inch,4GB,HP,14-inch,8GB
3,-1.7421875,5.875,ASUS,16-inch,4GB,HP,14-inch,16GB
3,-2.0625,5.9375,ASUS,16-inch,4GB,HP,16-inch,4GB
3,-14.6875,6.0625,ASUS,16-inch,4GB,HP,16-inch,8GB
3,-1.25,5.75,ASUS,16-inch,4GB,HP,16-inch,16GB
3,-10.6875,6.0625,ASUS,16-inch,4GB,Dell,13-inch,4GB
3,-19.125,6.0625,ASUS,16-inch,4GB,Dell,13-inch,8GB
3,-1.7421875,5.875,ASUS,16-inch,4GB,Dell,13-inch,16GB
3,-9.8125,6.0625,ASUS,16-inch,4GB,Dell,14-inch,4GB
3,-17.25,6.0625,ASUS,16-inch,4GB,Dell,14-inch,8GB
3,-1.078125,5.6875,ASUS,16-inch,4GB,Dell,14-inch,16GB
3,-3.21875,6.03125,ASUS,16-inch,4GB,Dell,16-inch,4GB
3,-12.3125,6.0625,ASUS,16-inch,4GB,Dell,16-inch,8GB
3,-0.765625,5.5,ASUS,16-inch,4GB,Dell,16-inch,16GB
3,-5.6875,6.0625,ASUS,16-inch,4GB,Apple,13-inch,4GB
3,-19.25,6.0625,ASUS,16-inch,4GB,Apple,13-inch,8GB
3,-9.8125,6.0625,ASUS,16-inch,4GB,Apple,13-inch,16GB
3,-4.9375,6.0625,ASUS,16-inch,4GB,Apple,14-inch,4GB
3,-19.125,6.0625,ASUS,16-inch,4GB,Apple,14-inch,8GB
3,-7.8125,6.0625,ASUS,16-inch,4GB,Apple,14-inch,16GB
3,-2.75,6.0,ASUS,16-inch,4GB,Apple,16-inch,4GB
3,-20.25,6.0625,ASUS,16-inch,4GB,Apple,16-inch,8GB
3,-12.8125,6.0625,ASUS,16-inch,4GB,Apple,16-inch,16GB
3,-13.8125,6.0625,ASUS,16-inch,8GB,ASUS,13-inch,4GB
3,-9.8125,6.0625,ASUS,16-inch,8GB,ASUS,13-inch,8GB
3,-4.1875,6.0625,ASUS,16-inch,8GB,ASUS,13-inch,16GB
3,-14.3125,6.0625,ASUS,16-inch,8GB,ASUS,14-inch,4GB
3,-8.9375,6.0625,ASUS,16-inch,8GB,ASUS,14-inch,8GB
3,-2.0625,5.9375,ASUS,16-inch,8GB,ASUS,14-inch,16GB
3,-19.25,6.0625,ASUS,16-inch,8GB,ASUS,16-inch,4GB
3,0.05078125,1.4375,ASUS,16-inch,8GB,ASUS,16-inch,16GB
3,-10.1875,6.0625,ASUS,16-inch,8GB,Lenovo,13-inch,4GB
3,-3.34375,6.03125,ASUS,16-inch,8GB,Lenovo,13-inch,8GB
3,-0.220703125,4.65625,ASUS,16-inch,8GB,Lenovo,13-inch,16GB
3,-8.8125,6.0625,ASUS,16-inch,8GB,Lenovo,14-inch,4GB
3,-2.984375,6.0,ASUS,16-inch,8GB,Lenovo,14-inch,8GB
3,0.0341796875,2.40625,ASUS,16-inch,8GB,Lenovo,14-inch,16GB
3,-2.984375,6.0,ASUS,16-inch,8GB,Lenovo,16-inch,4GB
3,-0.9921875,5.625,ASUS,16-inch,8GB,Lenovo,16-inch,8GB
3,0.060546875,-5.5625,ASUS,16-inch,8GB,Lenovo,16-inch,16GB
3,-8.3125,6.0625,ASUS,16-inch,8GB,HP,13-inch,4GB
3,-3.828125,6.03125,ASUS,16-inch,8GB,HP,13-inch,8GB
3,-0.765625,5.5,ASUS,16-inch,8GB,HP,13-inch,16GB
3,-7.5625,6.0625,ASUS,16-inch,8GB,HP,14-inch,4GB
3,-3.59375,6.03125,ASUS,16-inch,8GB,HP,14-inch,8GB
3,-0.05224609375,3.828125,ASUS,16-inch,8GB,HP,14-inch,16GB
3,-1.078125,5.6875,ASUS,16-inch,8GB,HP,16-inch,4GB
3,-1.4375,5.8125,ASUS,16-inch,8GB,HP,16-inch,8GB
3,0.060546875,-5.5625,ASUS,16-inch,8GB,HP,16-inch,16GB
3,-8.4375,6.0625,ASUS,16-inch,8GB,Dell,13-inch,4GB
3,-3.34375,6.03125,ASUS,16-inch,8GB,Dell,13-inch,8GB
3,-0.099609375,4.15625,ASUS,16-inch,8GB,Dell,13-inch,16GB
3,-7.3125,6.0625,ASUS,16-inch,8GB,Dell,14-inch,4GB
3,-2.875,6.0,ASUS,16-inch,8GB,Dell,14-inch,8GB
3,0.037353515625,2.296875,ASUS,16-inch,8GB,Dell,14-inch,16GB
3,-1.34375,5.78125,ASUS,16-inch,8GB,Dell,16-inch,4GB
3,-1.4375,5.8125,ASUS,16-inch,8GB,Dell,16-inch,8GB
3,0.060546875,-7.3125,ASUS,16-inch,8GB,Dell,16-inch,16GB
3,-1.34375,5.78125,ASUS,16-inch,8GB,Apple,13-inch,4GB
3,-0.6328125,5.375,ASUS,16-inch,8GB,Apple,13-inch,8GB
3,-0.119140625,4.25,ASUS,16-inch,8GB,Apple,13-inch,16GB
3,-0.8359375,5.53125,ASUS,16-inch,8GB,Apple,14-inch,4GB
3,-0.462890625,5.15625,ASUS,16-inch,8GB,Apple,14-inch,8GB
3,0.011962890625,3.015625,ASUS,16-inch,8GB,Apple,14-inch,16GB
3,0.04443359375,1.90625,ASUS,16-inch,8GB,Apple,16-inch,4GB
3,-1.078125,5.6875,ASUS,16-inch,8GB,Apple,16-inch,8GB
3,0.060546875,-3.0625,ASUS,16-inch,8GB,Apple,16-inch,16GB
3,-19.75,6.0625,ASUS,16-inch,16GB,ASUS,13-inch,4GB
3,-0.0185546875,3.484375,ASUS,16-inch,16GB,ASUS,13-inch,8GB
3,-2.984375,6.0,ASUS,16-inch,16GB,ASUS,13-inch,16GB
3,-19.375,6.0625,ASUS,16-inch,16GB,ASUS,14-inch,4GB
3,-0.0283203125,3.59375,ASUS,16-inch,16GB,ASUS,14-inch,8GB
3,-2.28125,5.96875,ASUS,16-inch,16GB,ASUS,14-inch,16GB
3,-16.875,6.0625,ASUS,16-inch,16GB,ASUS,16-inch,4GB
3,-0.099609375,4.15625,ASUS,16-inch,16GB,ASUS,16-inch,8GB
3,-15.1875,6.0625,ASUS,16-inch,16GB,Lenovo,13-inch,4GB
3,0.0341796875,2.40625,ASUS,16-inch,16GB,Lenovo,13-inch,8GB
3,-0.05224609375,3.828125,ASUS,16-inch,16GB,Lenovo,13-inch,16GB
3,-15.0625,6.0625,ASUS,16-inch,16GB,Lenovo,14-inch,4GB
3,0.02685546875,2.65625,ASUS,16-inch,16GB,Lenovo,14-inch,8GB
3,0.011962890625,3.015625,ASUS,16-inch,16GB,Lenovo,14-inch,16GB
3,-9.9375,6.0625,ASUS,16-inch,16GB,Lenovo,16-inch,4GB
3,0.03076171875,2.53125,ASUS,16-inch,16GB,Lenovo,16-inch,8GB
3,0.03076171875,2.53125,ASUS,16-inch,16GB,Lenovo,16-inch,16GB
3,-15.3125,6.0625,ASUS,16-inch,16GB,HP,13-inch,4GB
3,0.037353515625,2.296875,ASUS,16-inch,16GB,HP,13-inch,8GB
3,-0.099609375,4.15625,ASUS,16-inch,16GB,HP,13-inch,16GB
3,-13.9375,6.0625,ASUS,16-inch,16GB,HP,14-inch,4GB
3,0.0400390625,2.171875,ASUS,16-inch,16GB,HP,14-inch,8GB
3,-0.0185546875,3.484375,ASUS,16-inch,16GB,HP,14-inch,16GB
3,-7.9375,6.0625,ASUS,16-inch,16GB,HP,16-inch,4GB
3,0.02685546875,2.65625,ASUS,16-inch,16GB,HP,16-inch,8GB
3,0.04248046875,2.03125,ASUS,16-inch,16GB,HP,16-inch,16GB
3,-15.4375,6.0625,ASUS,16-inch,16GB,Dell,13-inch,4GB
3,0.0224609375,2.78125,ASUS,16-inch,16GB,Dell,13-inch,8GB
3,-0.03955078125,3.71875,ASUS,16-inch,16GB,Dell,13-inch,16GB
3,-13.5625,6.0625,ASUS,16-inch,16GB,Dell,14-inch,4GB
3,0.0224609375,2.78125,ASUS,16-inch,16GB,Dell,14-inch,8GB
3,0.005615234375,3.125,ASUS,16-inch,16GB,Dell,14-inch,16GB
3,-7.4375,6.0625,ASUS,16-inch,16GB,Dell,16-inch,4GB
3,0.02685546875,2.65625,ASUS,16-inch,16GB,Dell,16-inch,8GB
3,0.0224609375,2.78125,ASUS,16-inch,16GB,Dell,16-inch,16GB
3,-5.3125,6.0625,ASUS,16-inch,16GB,Apple,13-inch,4GB
3,-0.03955078125,3.71875,ASUS,16-inch,16GB,Apple,13-inch,8GB
3,-0.00927734375,3.375,ASUS,16-inch,16GB,Apple,13-inch,16GB
3,-3.703125,6.03125,ASUS,16-inch,16GB,Apple,14-inch,4GB
3,-0.03955078125,3.71875,ASUS,16-inch,16GB,Apple,14-inch,8GB
3,0.011962890625,3.015625,ASUS,16-inch,16GB,Apple,14-inch,16GB
3,-0.6328125,5.375,ASUS,16-inch,16GB,Apple,16-inch,4GB
3,-0.06640625,3.9375,ASUS,16-inch,16GB,Apple,16-inch,8GB
3,-0.08203125,4.0625,ASUS,16-inch,16GB,Apple,16-inch,16GB
3,-1.640625,5.875,Lenovo,13-inch,4GB,ASUS,13-inch,4GB
3,-14.9375,6.0625,Lenovo,13-inch,4GB,ASUS,13-inch,8GB
3,-0.099609375,4.15625,Lenovo,13-inch,4GB,ASUS,13-inch,16GB
3,-2.75,6.0,Lenovo,13-inch,4GB,ASUS,14-inch,4GB
3,-15.0625,6.0625,Lenovo,13-inch,4GB,ASUS,14-inch,8GB
3,0.048095703125,1.6875,Lenovo,13-inch,4GB,ASUS,14-inch,16GB
3,0.03076171875,2.53125,Lenovo,13-inch,4GB,ASUS,16-inch,4GB
3,-0.326171875,4.9375,Lenovo,13-inch,4GB,ASUS,16-inch,8GB
3,0.060546875,-3.8125,Lenovo,13-inch,4GB,ASUS,16-inch,16GB
3,-2.28125,5.96875,Lenovo,13-inch,4GB,Lenovo,13-inch,8GB
3,0.05859375,-0.1875,Lenovo,13-inch,4GB,Lenovo,13-inch,16GB
3,-2.28125,5.96875,Lenovo,13-inch,4GB,Lenovo,14-inch,4GB
3,-4.8125,6.0625,Lenovo,13-inch,4GB,Lenovo,14-inch,8GB
3,0.060546875,-3.6875,Lenovo,13-inch,4GB,Lenovo,14-inch,16GB
3,-0.099609375,4.15625,Lenovo,13-inch,4GB,Lenovo,16-inch,4GB
3,0.02685546875,2.65625,Lenovo,13-inch,4GB,Lenovo,16-inch,8GB
3,0.060546875,-6.9375,Lenovo,13-inch,4GB,Lenovo,16-inch,16GB
3,-0.6328125,5.375,Lenovo,13-inch,4GB,HP,13-inch,4GB
3,-14.8125,6.0625,Lenovo,13-inch,4GB,HP,13-inch,8GB
3,-0.05224609375,3.828125,Lenovo,13-inch,4GB,HP,13-inch,16GB
3,-1.078125,5.6875,Lenovo,13-inch,4GB,HP,14-inch,4GB
3,-14.4375,6.0625,Lenovo,13-inch,4GB,HP,14-inch,8GB
3,0.049560546875,1.5625,Lenovo,13-inch,4GB,HP,14-inch,16GB
3,0.056396484375,0.5625,Lenovo,13-inch,4GB,HP,16-inch,4GB
3,-0.765625,5.5,Lenovo,13-inch,4GB,HP,16-inch,8GB
3,0.060546875,-3.3125,Lenovo,13-inch,4GB,HP,16-inch,16GB
3,-0.9140625,5.59375,Lenovo,13-inch,4GB,Dell,13-inch,4GB
3,-8.3125,6.0625,Lenovo,13-inch,4GB,Dell,13-inch,8GB
3,0.049560546875,1.5625,Lenovo,13-inch,4GB,Dell,13-inch,16GB
3,-1.4375,5.8125,Lenovo,13-inch,4GB,Dell,14-inch,4GB
3,-9.3125,6.0625,Lenovo,13-inch,4GB,Dell,14-inch,8GB
3,0.059814453125,-1.0625,Lenovo,13-inch,4GB,Dell,14-inch,16GB
3,0.04638671875,1.8125,Lenovo,13-inch,4GB,Dell,16-inch,4GB
3,-0.00927734375,3.375,Lenovo,13-inch,4GB,Dell,16-inch,8GB
3,0.060546875,-5.5625,Lenovo,13-inch,4GB,Dell,16-inch,16GB
3,0.011962890625,3.015625,Lenovo,13-inch,4GB,Apple,13-inch,4GB
3,-17.5,6.0625,Lenovo,13-inch,4GB,Apple,13-inch,8GB
3,-1.1640625,5.71875,Lenovo,13-inch,4GB,Apple,13-inch,16GB
3,0.03076171875,2.53125,Lenovo,13-inch,4GB,Apple,14-inch,4GB
3,-15.0625,6.0625,Lenovo,13-inch,4GB,Apple,14-inch,8GB
3,-0.08203125,4.0625,Lenovo,13-inch,4GB,Apple,14-inch,16GB
3,0.06005859375,-1.6875,Lenovo,13-inch,4GB,Apple,16-inch,4GB
3,-2.171875,5.9375,Lenovo,13-inch,4GB,Apple,16-inch,8GB
3,0.059326171875,-0.5625,Lenovo,13-inch,4GB,Apple,16-inch,16GB
3,-0.251953125,4.75,Lenovo,13-inch,8GB,ASUS,13-inch,4GB
3,-1.7421875,5.875,Lenovo,13-inch,8GB,ASUS,13-inch,8GB
3,0.060546875,-5.8125,Lenovo,13-inch,8GB,ASUS,13-inch,16GB
3,-0.03955078125,3.71875,Lenovo,13-inch,8GB,ASUS,14-inch,4GB
3,-0.9140625,5.59375,Lenovo,13-inch,8GB,ASUS,14-inch,8GB
3,0.060546875,-7.0625,Lenovo,13-inch,8GB,ASUS,14-inch,16GB
3,0.055908203125,0.6875,Lenovo,13-inch,8GB,ASUS,16-inch,4GB
3,-0.00146484375,3.25,Lenovo,13-inch,8GB,ASUS,16-inch,8GB
3,0.060546875,-7.8125,Lenovo,13-inch,8GB,ASUS,16-inch,16GB
3,-18.25,6.0625,Lenovo,13-inch,8GB,Lenovo,13-inch,4GB
3,0.060546875,-3.1875,Lenovo,13-inch,8GB,Lenovo,13-inch,16GB
3,-0.765625,5.5,Lenovo,13-inch,8GB,Lenovo,14-inch,4GB
3,-5.5625,6.0625,Lenovo,13-inch,8GB,Lenovo,14-inch,8GB
3,0.060546875,-8.9375,Lenovo,13-inch,8GB,Lenovo,14-inch,16GB
3,0.05517578125,0.8125,Lenovo,13-inch,8GB,Lenovo,16-inch,4GB
3,-0.6328125,5.375,Lenovo,13-inch,8GB,Lenovo,16-inch,8GB
3,0.060546875,-9.4375,Lenovo,13-inch,8GB,Lenovo,16-inch,16GB
3,-0.251953125,4.75,Lenovo,13-inch,8GB,HP,13-inch,4GB
3,-0.6953125,5.4375,Lenovo,13-inch,8GB,HP,13-inch,8GB
3,0.060546875,-6.3125,Lenovo,13-inch,8GB,HP,13-inch,16GB
3,-0.140625,4.375,Lenovo,13-inch,8GB,HP,14-inch,4GB
3,-0.9921875,5.625,Lenovo,13-inch,8GB,HP,14-inch,8GB
3,0.060546875,-6.6875,Lenovo,13-inch,8GB,HP,14-inch,16GB
3,0.052001953125,1.3125,Lenovo,13-inch,8GB,HP,16-inch,4GB
3,-0.06640625,3.9375,Lenovo,13-inch,8GB,HP,16-inch,8GB
3,0.060546875,-7.5625,Lenovo,13-inch,8GB,HP,16-inch,16GB
3,-0.5703125,5.3125,Lenovo,13-inch,8GB,Dell,13-inch,4GB
3,-0.6953125,5.4375,Lenovo,13-inch,8GB,Dell,13-inch,8GB
3,0.060546875,-8.5625,Lenovo,13-inch,8GB,Dell,13-inch,16GB
3,-0.6953125,5.4375,Lenovo,13-inch,8GB,Dell,14-inch,4GB
3,-0.6328125,5.375,Lenovo,13-inch,8GB,Dell,14-inch,8GB
3,0.060546875,-8.6875,Lenovo,13-inch,8GB,Dell,14-inch,16GB
3,0.04248046875,2.03125,Lenovo,13-inch,8GB,Dell,16-inch,4GB
3,-0.05224609375,3.828125,Lenovo,13-inch,8GB,Dell,16-inch,8GB
3,0.060546875,-9.3125,Lenovo,13-inch,8GB,Dell,16-inch,16GB
3,0.011962890625,3.015625,Lenovo,13-inch,8GB,Apple,13-inch,4GB
3,-0.287109375,4.84375,Lenovo,13-inch,8GB,Apple,13-inch,8GB
3,0.060302734375,-2.0625,Lenovo,13-inch,8GB,Apple,13-inch,16GB
3,0.0400390625,2.171875,Lenovo,13-inch,8GB,Apple,14-inch,4GB
3,0.0341796875,2.40625,Lenovo,13-inch,8GB,Apple,14-inch,8GB
3,0.060546875,-3.5625,Lenovo,13-inch,8GB,Apple,14-inch,16GB
3,0.056396484375,0.5625,Lenovo,13-inch,8GB,Apple,16-inch,4GB
3,0.055419921875,0.8125,Lenovo,13-inch,8GB,Apple,16-inch,8GB
3,0.060546875,-6.4375,Lenovo,13-inch,8GB,Apple,16-inch,16GB
3,-6.1875,6.0625,Lenovo,13-inch,16GB,ASUS,13-inch,4GB
3,0.058837890625,-0.3125,Lenovo,13-inch,16GB,ASUS,13-inch,8GB
3,0.049560546875,1.5625,Lenovo,13-inch,16GB,ASUS,13-inch,16GB
3,-7.8125,6.0625,Lenovo,13-inch,16GB,ASUS,14-inch,4GB
3,0.06005859375,-1.8125,Lenovo,13-inch,16GB,ASUS,14-inch,8GB
3,0.0595703125,-0.9375,Lenovo,13-inch,16GB,ASUS,14-inch,16GB
3,-0.08203125,4.0625,Lenovo,13-inch,16GB,ASUS,16-inch,4GB
3,0.060302734375,-2.0625,Lenovo,13-inch,16GB,ASUS,16-inch,8GB
3,0.056396484375,0.5625,Lenovo,13-inch,16GB,ASUS,16-inch,16GB
3,-17.5,6.0625,Lenovo,13-inch,16GB,Lenovo,13-inch,4GB
3,-0.119140625,4.25,Lenovo,13-inch,16GB,Lenovo,13-inch,8GB
3,-16.875,6.0625,Lenovo,13-inch,16GB,Lenovo,14-inch,4GB
3,0.059814453125,-1.3125,Lenovo,13-inch,16GB,Lenovo,14-inch,8GB
3,-0.19140625,4.5625,Lenovo,13-inch,16GB,Lenovo,14-inch,16GB
3,-0.5703125,5.3125,Lenovo,13-inch,16GB,Lenovo,16-inch,4GB
3,0.060302734375,-2.3125,Lenovo,13-inch,16GB,Lenovo,16-inch,8GB
3,-0.06640625,3.9375,Lenovo,13-inch,16GB,Lenovo,16-inch,16GB
3,-7.0625,6.0625,Lenovo,13-inch,16GB,HP,13-inch,4GB
3,0.05908203125,-0.4375,Lenovo,13-inch,16GB,HP,13-inch,8GB
3,0.0546875,0.9375,Lenovo,13-inch,16GB,HP,13-inch,16GB
3,-7.4375,6.0625,Lenovo,13-inch,16GB,HP,14-inch,4GB
3,0.06005859375,-1.8125,Lenovo,13-inch,16GB,HP,14-inch,8GB
3,0.059814453125,-1.0625,Lenovo,13-inch,16GB,HP,14-inch,16GB
3,-0.099609375,4.15625,Lenovo,13-inch,16GB,HP,16-inch,4GB
3,0.060302734375,-2.0625,Lenovo,13-inch,16GB,HP,16-inch,8GB
3,0.056396484375,0.5625,Lenovo,13-inch,16GB,HP,16-inch,16GB
3,-6.1875,6.0625,Lenovo,13-inch,16GB,Dell,13-inch,4GB
3,0.0576171875,0.1875,Lenovo,13-inch,16GB,Dell,13-inch,8GB
3,0.056396484375,0.5625,Lenovo,13-inch,16GB,Dell,13-inch,16GB
3,-10.3125,6.0625,Lenovo,13-inch,16GB,Dell,14-inch,4GB
3,0.060302734375,-2.0625,Lenovo,13-inch,16GB,Dell,14-inch,8GB
3,0.060302734375,-2.0625,Lenovo,13-inch,16GB,Dell,14-inch,16GB
3,-0.326171875,4.9375,Lenovo,13-inch,16GB,Dell,16-inch,4GB
3,0.060302734375,-2.5625,Lenovo,13-inch,16GB,Dell,16-inch,8GB
3,0.056396484375,0.5625,Lenovo,13-inch,16GB,Dell,16-inch,16GB
3,-0.140625,4.375,Lenovo,13-inch,16GB,Apple,13-inch,4GB
3,0.049560546875,1.5625,Lenovo,13-inch,16GB,Apple,13-inch,8GB
3,0.037353515625,2.296875,Lenovo,13-inch,16GB,Apple,13-inch,16GB
3,-0.19140625,4.5625,Lenovo,13-inch,16GB,Apple,14-inch,4GB
3,0.058837890625,-0.3125,Lenovo,13-inch,16GB,Apple,14-inch,8GB
3,0.057373046875,0.3125,Lenovo,13-inch,16GB,Apple,14-inch,16GB
3,0.04443359375,1.90625,Lenovo,13-inch,16GB,Apple,16-inch,4GB
3,0.0595703125,-0.9375,Lenovo,13-inch,16GB,Apple,16-inch,8GB
3,0.05078125,1.4375,Lenovo,13-inch,16GB,Apple,16-inch,16GB
3,-1.4375,5.8125,Lenovo,14-inch,4GB,ASUS,13-inch,4GB
3,-19.0,6.0625,Lenovo,14-inch,4GB,ASUS,13-inch,8GB
3,-0.140625,4.375,Lenovo,14-inch,4GB,ASUS,13-inch,16GB
3,-1.25,5.75,Lenovo,14-inch,4GB,ASUS,14-inch,4GB
3,-7.8125,6.0625,Lenovo,14-inch,4GB,ASUS,14-inch,8GB
3,-0.00146484375,3.25,Lenovo,14-inch,4GB,ASUS,14-inch,16GB
3,-0.00146484375,3.25,Lenovo,14-inch,4GB,ASUS,16-inch,4GB
3,-0.220703125,4.65625,Lenovo,14-inch,4GB,ASUS,16-inch,8GB
3,0.060546875,-4.8125,Lenovo,14-inch,4GB,ASUS,16-inch,16GB
3,-0.765625,5.5,Lenovo,14-inch,4GB,Lenovo,13-inch,4GB
3,-9.4375,6.0625,Lenovo,14-inch,4GB,Lenovo,13-inch,8GB
3,0.059814453125,-1.3125,Lenovo,14-inch,4GB,Lenovo,13-inch,16GB
3,-0.8359375,5.53125,Lenovo,14-inch,4GB,Lenovo,14-inch,8GB
3,0.057373046875,0.3125,Lenovo,14-inch,4GB,Lenovo,14-inch,16GB
3,-0.06640625,3.9375,Lenovo,14-inch,4GB,Lenovo,16-inch,4GB
3,0.0400390625,2.171875,Lenovo,14-inch,4GB,Lenovo,16-inch,8GB
3,0.060546875,-6.9375,Lenovo,14-inch,4GB,Lenovo,16-inch,16GB
3,-0.6328125,5.375,Lenovo,14-inch,4GB,HP,13-inch,4GB
3,-17.375,6.0625,Lenovo,14-inch,4GB,HP,13-inch,8GB
3,-0.00146484375,3.25,Lenovo,14-inch,4GB,HP,13-inch,16GB
3,-0.515625,5.25,Lenovo,14-inch,4GB,HP,14-inch,4GB
3,-9.5625,6.0625,Lenovo,14-inch,4GB,HP,14-inch,8GB
3,0.02685546875,2.65625,Lenovo,14-inch,4GB,HP,14-inch,16GB
3,0.049560546875,1.5625,Lenovo,14-inch,4GB,HP,16-inch,4GB
3,-0.515625,5.25,Lenovo,14-inch,4GB,HP,16-inch,8GB
3,0.060546875,-5.0625,Lenovo,14-inch,4GB,HP,16-inch,16GB
3,-1.078125,5.6875,Lenovo,14-inch,4GB,Dell,13-inch,4GB
3,-15.5625,6.0625,Lenovo,14-inch,4GB,Dell,13-inch,8GB
3,0.04638671875,1.8125,Lenovo,14-inch,4GB,Dell,13-inch,16GB
3,-0.765625,5.5,Lenovo,14-inch,4GB,Dell,14-inch,4GB
3,-3.46875,6.03125,Lenovo,14-inch,4GB,Dell,14-inch,8GB
3,0.055419921875,0.8125,Lenovo,14-inch,4GB,Dell,14-inch,16GB
3,0.03076171875,2.53125,Lenovo,14-inch,4GB,Dell,16-inch,4GB
3,0.0224609375,2.78125,Lenovo,14-inch,4GB,Dell,16-inch,8GB
3,0.060546875,-6.9375,Lenovo,14-inch,4GB,Dell,16-inch,16GB
3,-0.220703125,4.65625,Lenovo,14-inch,4GB,Apple,13-inch,4GB
3,-17.5,6.0625,Lenovo,14-inch,4GB,Apple,13-inch,8GB
3,-1.4375,5.8125,Lenovo,14-inch,4GB,Apple,13-inch,16GB
3,0.037353515625,2.296875,Lenovo,14-inch,4GB,Apple,14-inch,4GB
3,-15.9375,6.0625,Lenovo,14-inch,4GB,Apple,14-inch,8GB
3,-1.4375,5.8125,Lenovo,14-inch,4GB,Apple,14-inch,16GB
3,0.060302734375,-1.9375,Lenovo,14-inch,4GB,Apple,16-inch,4GB
3,-2.625,6.0,Lenovo,14-inch,4GB,Apple,16-inch,8GB
3,0.059814453125,-1.1875,Lenovo,14-inch,4GB,Apple,16-inch,16GB
3,-7.3125,6.0625,Lenovo,14-inch,8GB,ASUS,13-inch,4GB
3,-2.171875,5.9375,Lenovo,14-inch,8GB,ASUS,13-inch,8GB
3,0.058349609375,-0.0625,Lenovo,14-inch,8GB,ASUS,13-inch,16GB
3,-1.640625,5.875,Lenovo,14-inch,8GB,ASUS,14-inch,4GB
3,-1.078125,5.6875,Lenovo,14-inch,8GB,ASUS,14-inch,8GB
3,0.060546875,-8.0625,Lenovo,14-inch,8GB,ASUS,14-inch,16GB
3,0.055908203125,0.6875,Lenovo,14-inch,8GB,ASUS,16-inch,4GB
3,0.011962890625,3.015625,Lenovo,14-inch,8GB,ASUS,16-inch,8GB
3,0.060546875,-9.0625,Lenovo,14-inch,8GB,ASUS,16-inch,16GB
3,-15.9375,6.0625,Lenovo,14-inch,8GB,Lenovo,13-inch,4GB
3,-9.5625,6.0625,Lenovo,14-inch,8GB,Lenovo,13-inch,8GB
3,0.060302734375,-2.3125,Lenovo,14-inch,8GB,Lenovo,13-inch,16GB
3,-19.25,6.0625,Lenovo,14-inch,8GB,Lenovo,14-inch,4GB
3,0.060546875,-4.4375,Lenovo,14-inch,8GB,Lenovo,14-inch,16GB
3,0.0400390625,2.171875,Lenovo,14-inch,8GB,Lenovo,16-inch,4GB
3,-0.515625,5.25,Lenovo,14-inch,8GB,Lenovo,16-inch,8GB
3,0.060546875,-9.8125,Lenovo,14-inch,8GB,Lenovo,16-inch,16GB
3,-9.0625,6.0625,Lenovo,14-inch,8GB,HP,13-inch,4GB
3,-1.7421875,5.875,Lenovo,14-inch,8GB,HP,13-inch,8GB
3,0.059814453125,-1.0625,Lenovo,14-inch,8GB,HP,13-inch,16GB
3,-2.515625,5.96875,Lenovo,14-inch,8GB,HP,14-inch,4GB
3,-0.5703125,5.3125,Lenovo,14-inch,8GB,HP,14-inch,8GB
3,0.060546875,-8.4375,Lenovo,14-inch,8GB,HP,14-inch,16GB
3,0.0400390625,2.171875,Lenovo,14-inch,8GB,HP,16-inch,4GB
3,-0.0185546875,3.484375,Lenovo,14-inch,8GB,HP,16-inch,8GB
3,0.060546875,-8.8125,Lenovo,14-inch,8GB,HP,16-inch,16GB
3,-12.3125,6.0625,Lenovo,14-inch,8GB,Dell,13-inch,4GB
3,-1.34375,5.78125,Lenovo,14-inch,8GB,Dell,13-inch,8GB
3,0.060302734375,-1.9375,Lenovo,14-inch,8GB,Dell,13-inch,16GB
3,-4.3125,6.0625,Lenovo,14-inch,8GB,Dell,14-inch,4GB
3,-0.326171875,4.9375,Lenovo,14-inch,8GB,Dell,14-inch,8GB
3,0.060546875,-10.4375,Lenovo,14-inch,8GB,Dell,14-inch,16GB
3,0.011962890625,3.015625,Lenovo,14-inch,8GB,Dell,16-inch,4GB
3,-0.0283203125,3.59375,Lenovo,14-inch,8GB,Dell,16-inch,8GB
3,0.060546875,-9.9375,Lenovo,14-inch,8GB,Dell,16-inch,16GB
3,-1.34375,5.78125,Lenovo,14-inch,8GB,Apple,13-inch,4GB
3,-0.03955078125,3.71875,Lenovo,14-inch,8GB,Apple,13-inch,8GB
3,0.05859375,-0.1875,Lenovo,14-inch,8GB,Apple,13-inch,16GB
3,-0.03955078125,3.71875,Lenovo,14-inch,8GB,Apple,14-inch,4GB
3,-0.03955078125,3.71875,Lenovo,14-inch,8GB,Apple,14-inch,8GB
3,0.060546875,-4.0625,Lenovo,14-inch,8GB,Apple,14-inch,16GB
3,0.056396484375,0.5625,Lenovo,14-inch,8GB,Apple,16-inch,4GB
3,0.056396484375,0.5625,Lenovo,14-inch,8GB,Apple,16-inch,8GB
3,0.060546875,-7.0625,Lenovo,14-inch,8GB,Apple,16-inch,16GB
3,-17.875,6.0625,Lenovo,14-inch,16GB,ASUS,13-inch,4GB
3,0.056396484375,0.5625,Lenovo,14-inch,16GB,ASUS,13-inch,8GB
3,0.057373046875,0.3125,Lenovo,14-inch,16GB,ASUS,13-inch,16GB
3,-9.9375,6.0625,Lenovo,14-inch,16GB,ASUS,14-inch,4GB
3,0.056396484375,0.5625,Lenovo,14-inch,16GB,ASUS,14-inch,8GB
3,0.05908203125,-0.4375,Lenovo,14-inch,16GB,ASUS,14-inch,16GB
3,-0.220703125,4.65625,Lenovo,14-inch,16GB,ASUS,16-inch,4GB
3,0.059814453125,-1.1875,Lenovo,14-inch,16GB,ASUS,16-inch,8GB
3,0.059326171875,-0.6875,Lenovo,14-inch,16GB,ASUS,16-inch,16GB
3,-20.75,6.0625,Lenovo,14-inch,16GB,Lenovo,13-inch,4GB
3,0.049560546875,1.5625,Lenovo,14-inch,16GB,Lenovo,13-inch,8GB
3,-1.078125,5.6875,Lenovo,14-inch,16GB,Lenovo,13-inch,16GB
3,-18.375,6.0625,Lenovo,14-inch,16GB,Lenovo,14-inch,4GB
3,-0.220703125,4.65625,Lenovo,14-inch,16GB,Lenovo,14-inch,8GB
3,-0.9921875,5.625,Lenovo,14-inch,16GB,Lenovo,16-inch,4GB
3,0.059814453125,-1.3125,Lenovo,14-inch,16GB,Lenovo,16-inch,8GB
3,0.011962890625,3.015625,Lenovo,14-inch,16GB,Lenovo,16-inch,16GB
3,-18.125,6.0625,Lenovo,14-inch,16GB,HP,13-inch,4GB
3,0.0576171875,0.1875,Lenovo,14-inch,16GB,HP,13-inch,8GB
3,0.05810546875,0.0625,Lenovo,14-inch,16GB,HP,13-inch,16GB
3,-10.5625,6.0625,Lenovo,14-inch,16GB,HP,14-inch,4GB
3,0.056396484375,0.5625,Lenovo,14-inch,16GB,HP,14-inch,8GB
3,0.0595703125,-0.8125,Lenovo,14-inch,16GB,HP,14-inch,16GB
3,-0.4140625,5.09375,Lenovo,14-inch,16GB,HP,16-inch,4GB
3,0.059814453125,-1.0625,Lenovo,14-inch,16GB,HP,16-inch,8GB
3,0.0595703125,-0.9375,Lenovo,14-inch,16GB,HP,16-inch,16GB
3,-19.375,6.0625,Lenovo,14-inch,16GB,Dell,13-inch,4GB
3,0.0537109375,1.0625,Lenovo,14-inch,16GB,Dell,13-inch,8GB
3,0.05859375,-0.1875,Lenovo,14-inch,16GB,Dell,13-inch,16GB
3,-11.9375,6.0625,Lenovo,14-inch,16GB,Dell,14-inch,4GB
3,0.0537109375,1.0625,Lenovo,14-inch,16GB,Dell,14-inch,8GB
3,0.059814453125,-1.3125,Lenovo,14-inch,16GB,Dell,14-inch,16GB
3,-1.4375,5.8125,Lenovo,14-inch,16GB,Dell,16-inch,4GB
3,0.059814453125,-1.0625,Lenovo,14-inch,16GB,Dell,16-inch,8GB
3,0.0595703125,-0.9375,Lenovo,14-inch,16GB,Dell,16-inch,16GB
3,-4.9375,6.0625,Lenovo,14-inch,16GB,Apple,13-inch,4GB
3,0.04638671875,1.8125,Lenovo,14-inch,16GB,Apple,13-inch,8GB
3,0.0546875,0.9375,Lenovo,14-inch,16GB,Apple,13-inch,16GB
3,-0.251953125,4.75,Lenovo,14-inch,16GB,Apple,14-inch,4GB
3,0.0341796875,2.40625,Lenovo,14-inch,16GB,Apple,14-inch,8GB
3,0.05517578125,0.8125,Lenovo,14-inch,16GB,Apple,14-inch,16GB
3,0.037353515625,2.296875,Lenovo,14-inch,16GB,Apple,16-inch,4GB
3,0.05810546875,0.0625,Lenovo,14-inch,16GB,Apple,16-inch,8GB
3,0.0576171875,0.1875,Lenovo,14-inch,16GB,Apple,16-inch,16GB
3,-12.8125,6.0625,Lenovo,16-inch,4GB,ASUS,13-inch,4GB
3,-21.625,6.0625,Lenovo,16-inch,4GB,ASUS,13-inch,8GB
3,-6.6875,6.0625,Lenovo,16-inch,4GB,ASUS,13-inch,16GB
3,-12.0625,6.0625,Lenovo,16-inch,4GB,ASUS,14-inch,4GB
3,-20.375,6.0625,Lenovo,16-inch,4GB,ASUS,14-inch,8GB
3,-5.3125,6.0625,Lenovo,16-inch,4GB,ASUS,14-inch,16GB
3,-3.96875,6.03125,Lenovo,16-inch,4GB,ASUS,16-inch,4GB
3,-18.0,6.0625,Lenovo,16-inch,4GB,ASUS,16-inch,8GB
3,-6.4375,6.0625,Lenovo,16-inch,4GB,ASUS,16-inch,16GB
3,-9.4375,6.0625,Lenovo,16-inch,4GB,Lenovo,13-inch,4GB
3,-17.75,6.0625,Lenovo,16-inch,4GB,Lenovo,13-inch,8GB
3,-3.109375,6.03125,Lenovo,16-inch,4GB,Lenovo,13-inch,16GB
3,-9.8125,6.0625,Lenovo,16-inch,4GB,Lenovo,14-inch,4GB
3,-14.0625,6.0625,Lenovo,16-inch,4GB,Lenovo,14-inch,8GB
3,-1.7421875,5.875,Lenovo,16-inch,4GB,Lenovo,14-inch,16GB
3,-8.1875,6.0625,Lenovo,16-inch,4GB,Lenovo,16-inch,8GB
3,-2.40625,5.96875,Lenovo,16-inch,4GB,Lenovo,16-inch,16GB
3,-10.8125,6.0625,Lenovo,16-inch,4GB,HP,13-inch,4GB
3,-21.625,6.0625,Lenovo,16-inch,4GB,HP,13-inch,8GB
3,-6.1875,6.0625,Lenovo,16-inch,4GB,HP,13-inch,16GB
3,-9.8125,6.0625,Lenovo,16-inch,4GB,HP,14-inch,4GB
3,-20.5,6.0625,Lenovo,16-inch,4GB,HP,14-inch,8GB
3,-4.09375,6.03125,Lenovo,16-inch,4GB,HP,14-inch,16GB
3,-2.75,6.0,Lenovo,16-inch,4GB,HP,16-inch,4GB
3,-18.375,6.0625,Lenovo,16-inch,4GB,HP,16-inch,8GB
3,-4.5625,6.0625,Lenovo,16-inch,4GB,HP,16-inch,16GB
3,-11.4375,6.0625,Lenovo,16-inch,4GB,Dell,13-inch,4GB
3,-20.75,6.0625,Lenovo,16-inch,4GB,Dell,13-inch,8GB
3,-3.828125,6.03125,Lenovo,16-inch,4GB,Dell,13-inch,16GB
3,-11.1875,6.0625,Lenovo,16-inch,4GB,Dell,14-inch,4GB
3,-19.5,6.0625,Lenovo,16-inch,4GB,Dell,14-inch,8GB
3,-2.515625,5.96875,Lenovo,16-inch,4GB,Dell,14-inch,16GB
3,-3.46875,6.03125,Lenovo,16-inch,4GB,Dell,16-inch,4GB
3,-12.6875,6.0625,Lenovo,16-inch,4GB,Dell,16-inch,8GB
3,-1.34375,5.78125,Lenovo,16-inch,4GB,Dell,16-inch,16GB
3,-5.9375,6.0625,Lenovo,16-inch,4GB,Apple,13-inch,4GB
3,-20.125,6.0625,Lenovo,16-inch,4GB,Apple,13-inch,8GB
3,-13.5625,6.0625,Lenovo,16-inch,4GB,Apple,13-inch,16GB
3,-4.9375,6.0625,Lenovo,16-inch,4GB,Apple,14-inch,4GB
3,-19.5,6.0625,Lenovo,16-inch,4GB,Apple,14-inch,8GB
3,-12.1875,6.0625,Lenovo,16-inch,4GB,Apple,14-inch,16GB
3,-2.515625,5.96875,Lenovo,16-inch,4GB,Apple,16-inch,4GB
3,-21.0,6.0625,Lenovo,16-inch,4GB,Apple,16-inch,8GB
3,-15.3125,6.0625,Lenovo,16-inch,4GB,Apple,16-inch,16GB
3,-9.1875,6.0625,Lenovo,16-inch,8GB,ASUS,13-inch,4GB
3,-4.9375,6.0625,Lenovo,16-inch,8GB,ASUS,13-inch,8GB
3,-1.25,5.75,Lenovo,16-inch,8GB,ASUS,13-inch,16GB
3,-8.4375,6.0625,Lenovo,16-inch,8GB,ASUS,14-inch,4GB
3,-4.3125,6.0625,Lenovo,16-inch,8GB,ASUS,14-inch,8GB
3,-0.03955078125,3.71875,Lenovo,16-inch,8GB,ASUS,14-inch,16GB
3,-1.640625,5.875,Lenovo,16-inch,8GB,ASUS,16-inch,4GB
3,-3.21875,6.03125,Lenovo,16-inch,8GB,ASUS,16-inch,8GB
3,0.060546875,-6.0625,Lenovo,16-inch,8GB,ASUS,16-inch,16GB
3,-16.875,6.0625,Lenovo,16-inch,8GB,Lenovo,13-inch,4GB
3,-11.4375,6.0625,Lenovo,16-inch,8GB,Lenovo,13-inch,8GB
3,-3.109375,6.03125,Lenovo,16-inch,8GB,Lenovo,13-inch,16GB
3,-17.125,6.0625,Lenovo,16-inch,8GB,Lenovo,14-inch,4GB
3,-10.9375,6.0625,Lenovo,16-inch,8GB,Lenovo,14-inch,8GB
3,-0.6328125,5.375,Lenovo,16-inch,8GB,Lenovo,14-inch,16GB
3,-20.5,6.0625,Lenovo,16-inch,8GB,Lenovo,16-inch,4GB
3,0.056884765625,0.4375,Lenovo,16-inch,8GB,Lenovo,16-inch,16GB
3,-11.1875,6.0625,Lenovo,16-inch,8GB,HP,13-inch,4GB
3,-5.4375,6.0625,Lenovo,16-inch,8GB,HP,13-inch,8GB
3,-1.5390625,5.84375,Lenovo,16-inch,8GB,HP,13-inch,16GB
3,-9.8125,6.0625,Lenovo,16-inch,8GB,HP,14-inch,4GB
3,-4.8125,6.0625,Lenovo,16-inch,8GB,HP,14-inch,8GB
3,-0.1650390625,4.46875,Lenovo,16-inch,8GB,HP,14-inch,16GB
3,-1.8515625,5.90625,Lenovo,16-inch,8GB,HP,16-inch,4GB
3,-1.953125,5.90625,Lenovo,16-inch,8GB,HP,16-inch,8GB
3,0.060546875,-5.3125,Lenovo,16-inch,8GB,HP,16-inch,16GB
3,-13.4375,6.0625,Lenovo,16-inch,8GB,Dell,13-inch,4GB
3,-4.1875,6.0625,Lenovo,16-inch,8GB,Dell,13-inch,8GB
3,-0.4140625,5.09375,Lenovo,16-inch,8GB,Dell,13-inch,16GB
3,-12.4375,6.0625,Lenovo,16-inch,8GB,Dell,14-inch,4GB
3,-3.828125,6.03125,Lenovo,16-inch,8GB,Dell,14-inch,8GB
3,0.02685546875,2.65625,Lenovo,16-inch,8GB,Dell,14-inch,16GB
3,-4.1875,6.0625,Lenovo,16-inch,8GB,Dell,16-inch,4GB
3,-2.875,6.0,Lenovo,16-inch,8GB,Dell,16-inch,8GB
3,0.060546875,-7.4375,Lenovo,16-inch,8GB,Dell,16-inch,16GB
3,-1.5390625,5.84375,Lenovo,16-inch,8GB,Apple,13-inch,4GB
3,-0.6328125,5.375,Lenovo,16-inch,8GB,Apple,13-inch,8GB
3,-0.140625,4.375,Lenovo,16-inch,8GB,Apple,13-inch,16GB
3,-1.1640625,5.71875,Lenovo,16-inch,8GB,Apple,14-inch,4GB
3,-0.3671875,5.0,Lenovo,16-inch,8GB,Apple,14-inch,8GB
3,-0.00146484375,3.25,Lenovo,16-inch,8GB,Apple,14-inch,16GB
3,0.0224609375,2.78125,Lenovo,16-inch,8GB,Apple,16-inch,4GB
3,-1.078125,5.6875,Lenovo,16-inch,8GB,Apple,16-inch,8GB
3,0.060302734375,-2.4375,Lenovo,16-inch,8GB,Apple,16-inch,16GB
3,-17.125,6.0625,Lenovo,16-inch,16GB,ASUS,13-inch,4GB
3,-0.0185546875,3.484375,Lenovo,16-inch,16GB,ASUS,13-inch,8GB
3,-0.05224609375,3.828125,Lenovo,16-inch,16GB,ASUS,13-inch,16GB
3,-16.375,6.0625,Lenovo,16-inch,16GB,ASUS,14-inch,4GB
3,-0.0283203125,3.59375,Lenovo,16-inch,16GB,ASUS,14-inch,8GB
3,0.011962890625,3.015625,Lenovo,16-inch,16GB,ASUS,14-inch,16GB
3,-10.5625,6.0625,Lenovo,16-inch,16GB,ASUS,16-inch,4GB
3,-0.05224609375,3.828125,Lenovo,16-inch,16GB,ASUS,16-inch,8GB
3,-0.03955078125,3.71875,Lenovo,16-inch,16GB,ASUS,16-inch,16GB
3,-22.375,6.0625,Lenovo,16-inch,16GB,Lenovo,13-inch,4GB
3,-0.06640625,3.9375,Lenovo,16-inch,16GB,Lenovo,13-inch,8GB
3,-2.875,6.0,Lenovo,16-inch,16GB,Lenovo,13-inch,16GB
3,-22.25,6.0625,Lenovo,16-inch,16GB,Lenovo,14-inch,4GB
3,-0.099609375,4.15625,Lenovo,16-inch,16GB,Lenovo,14-inch,8GB
3,-2.40625,5.96875,Lenovo,16-inch,16GB,Lenovo,14-inch,16GB
3,-18.0,6.0625,Lenovo,16-inch,16GB,Lenovo,16-inch,4GB
3,-0.6328125,5.375,Lenovo,16-inch,16GB,Lenovo,16-inch,8GB
3,-18.25,6.0625,Lenovo,16-inch,16GB,HP,13-inch,4GB
3,0.017578125,2.890625,Lenovo,16-inch,16GB,HP,13-inch,8GB
3,-0.08203125,4.0625,Lenovo,16-inch,16GB,HP,13-inch,16GB
3,-17.5,6.0625,Lenovo,16-inch,16GB,HP,14-inch,4GB
3,0.011962890625,3.015625,Lenovo,16-inch,16GB,HP,14-inch,8GB
3,-0.0283203125,3.59375,Lenovo,16-inch,16GB,HP,14-inch,16GB
3,-11.8125,6.0625,Lenovo,16-inch,16GB,HP,16-inch,4GB
3,-0.0283203125,3.59375,Lenovo,16-inch,16GB,HP,16-inch,8GB
3,0.037353515625,2.296875,Lenovo,16-inch,16GB,HP,16-inch,16GB
3,-19.25,6.0625,Lenovo,16-inch,16GB,Dell,13-inch,4GB
3,-0.0185546875,3.484375,Lenovo,16-inch,16GB,Dell,13-inch,8GB
3,-0.0185546875,3.484375,Lenovo,16-inch,16GB,Dell,13-inch,16GB
3,-19.0,6.0625,Lenovo,16-inch,16GB,Dell,14-inch,4GB
3,-0.03955078125,3.71875,Lenovo,16-inch,16GB,Dell,14-inch,8GB
3,0.0224609375,2.78125,Lenovo,16-inch,16GB,Dell,14-inch,16GB
3,-12.5625,6.0625,Lenovo,16-inch,16GB,Dell,16-inch,4GB
3,-0.05224609375,3.828125,Lenovo,16-inch,16GB,Dell,16-inch,8GB
3,0.0224609375,2.78125,Lenovo,16-inch,16GB,Dell,16-inch,16GB
3,-7.4375,6.0625,Lenovo,16-inch,16GB,Apple,13-inch,4GB
3,-0.119140625,4.25,Lenovo,16-inch,16GB,Apple,13-inch,8GB
3,0.0224609375,2.78125,Lenovo,16-inch,16GB,Apple,13-inch,16GB
3,-5.5625,6.0625,Lenovo,16-inch,16GB,Apple,14-inch,4GB
3,-0.119140625,4.25,Lenovo,16-inch,16GB,Apple,14-inch,8GB
3,0.0341796875,2.40625,Lenovo,16-inch,16GB,Apple,14-inch,16GB
3,-2.0625,5.9375,Lenovo,16-inch,16GB,Apple,16-inch,4GB
3,-0.19140625,4.5625,Lenovo,16-inch,16GB,Apple,16-inch,8GB
3,-0.05224609375,3.828125,Lenovo,16-inch,16GB,Apple,16-inch,16GB
3,-1.078125,5.6875,HP,13-inch,4GB,ASUS,13-inch,4GB
3,-10.9375,6.0625,HP,13-inch,4GB,ASUS,13-inch,8GB
3,0.04248046875,2.03125,HP,13-inch,4GB,ASUS,13-inch,16GB
3,-0.9140625,5.59375,HP,13-inch,4GB,ASUS,14-inch,4GB
3,-8.0625,6.0625,HP,13-inch,4GB,ASUS,14-inch,8GB
3,0.059326171875,-0.6875,HP,13-inch,4GB,ASUS,14-inch,16GB
3,0.059814453125,-1.1875,HP,13-inch,4GB,ASUS,16-inch,4GB
3,0.0224609375,2.78125,HP,13-inch,4GB,ASUS,16-inch,8GB
3,0.060546875,-6.0625,HP,13-inch,4GB,ASUS,16-inch,16GB
3,-0.515625,5.25,HP,13-inch,4GB,Lenovo,13-inch,4GB
3,-14.8125,6.0625,HP,13-inch,4GB,Lenovo,13-inch,8GB
3,0.04248046875,2.03125,HP,13-inch,4GB,Lenovo,13-inch,16GB
3,-0.4140625,5.09375,HP,13-inch,4GB,Lenovo,14-inch,4GB
3,-9.8125,6.0625,HP,13-inch,4GB,Lenovo,14-inch,8GB
3,0.060302734375,-1.9375,HP,13-inch,4GB,Lenovo,14-inch,16GB
3,0.060546875,-3.6875,HP,13-inch,4GB,Lenovo,16-inch,4GB
3,0.011962890625,3.015625,HP,13-inch,4GB,Lenovo,16-inch,8GB
3,0.060546875,-6.5625,HP,13-inch,4GB,Lenovo,16-inch,16GB
3,-0.765625,5.5,HP,13-inch,4GB,HP,13-inch,8GB
3,0.060302734375,-1.9375,HP,13-inch,4GB,HP,13-inch,16GB
3,-1.25,5.75,HP,13-inch,4GB,HP,14-inch,4GB
3,-0.326171875,4.9375,HP,13-inch,4GB,HP,14-inch,8GB
3,0.060546875,-6.0625,HP,13-inch,4GB,HP,14-inch,16GB
3,0.037353515625,2.296875,HP,13-inch,4GB,HP,16-inch,4GB
3,0.058349609375,-0.0625,HP,13-inch,4GB,HP,16-inch,8GB
3,0.060546875,-9.1875,HP,13-inch,4GB,HP,16-inch,16GB
3,-0.6328125,5.375,HP,13-inch,4GB,Dell,13-inch,4GB
3,-8.5625,6.0625,HP,13-inch,4GB,Dell,13-inch,8GB
3,0.0546875,0.9375,HP,13-inch,4GB,Dell,13-inch,16GB
3,-0.4140625,5.09375,HP,13-inch,4GB,Dell,14-inch,4GB
3,-3.828125,6.03125,HP,13-inch,4GB,Dell,14-inch,8GB
3,0.060546875,-3.1875,HP,13-inch,4GB,Dell,14-inch,16GB
3,0.060302734375,-2.6875,HP,13-inch,4GB,Dell,16-inch,4GB
3,0.052978515625,1.1875,HP,13-inch,4GB,Dell,16-inch,8GB
3,0.060546875,-7.6875,HP,13-inch,4GB,Dell,16-inch,16GB
3,0.037353515625,2.296875,HP,13-inch,4GB,Apple,13-inch,4GB
3,-15.8125,6.0625,HP,13-inch,4GB,Apple,13-inch,8GB
3,-0.462890625,5.15625,HP,13-inch,4GB,Apple,13-inch,16GB
3,0.0537109375,1.0625,HP,13-inch,4GB,Apple,14-inch,4GB
3,-11.3125,6.0625,HP,13-inch,4GB,Apple,14-inch,8GB
3,0.0224609375,2.78125,HP,13-inch,4GB,Apple,14-inch,16GB
3,0.060546875,-3.1875,HP,13-inch,4GB,Apple,16-inch,4GB
3,-0.515625,5.25,HP,13-inch,4GB,Apple,16-inch,8GB
3,0.060546875,-3.6875,HP,13-inch,4GB,Apple,16-inch,16GB
3,-0.6953125,5.4375,HP,13-inch,8GB,ASUS,13-inch,4GB
3,-1.34375,5.78125,HP,13-inch,8GB,ASUS,13-inch,8GB
3,0.060546875,-6.0625,HP,13-inch,8GB,ASUS,13-inch,16GB
3,-0.099609375,4.15625,HP,13-inch,8GB,ASUS,14-inch,4GB
3,-0.6953125,5.4375,HP,13-inch,8GB,ASUS,14-inch,8GB
3,0.060546875,-7.3125,HP,13-inch,8GB,ASUS,14-inch,16GB
3,0.049560546875,1.5625,HP,13-inch,8GB,ASUS,16-inch,4GB
3,0.04443359375,1.90625,HP,13-inch,8GB,ASUS,16-inch,8GB
3,0.060546875,-8.5625,HP,13-inch,8GB,ASUS,16-inch,16GB
3,-0.9921875,5.625,HP,13-inch,8GB,Lenovo,13-inch,4GB
3,-0.6953125,5.4375,HP,13-inch,8GB,Lenovo,13-inch,8GB
3,0.060546875,-5.1875,HP,13-inch,8GB,Lenovo,13-inch,16GB
3,-0.4140625,5.09375,HP,13-inch,8GB,Lenovo,14-inch,4GB
3,-0.6328125,5.375,HP,13-inch,8GB,Lenovo,14-inch,8GB
3,0.060546875,-7.8125,HP,13-inch,8GB,Lenovo,14-inch,16GB
3,0.05078125,1.4375,HP,13-inch,8GB,Lenovo,16-inch,4GB
3,0.04638671875,1.8125,HP,13-inch,8GB,Lenovo,16-inch,8GB
3,0.060546875,-9.1875,HP,13-inch,8GB,Lenovo,16-inch,16GB
3,-18.875,6.0625,HP,13-inch,8GB,HP,13-inch,4GB
3,0.060546875,-3.0625,HP,13-inch,8GB,HP,13-inch,16GB
3,-0.9140625,5.59375,HP,13-inch,8GB,HP,14-inch,4GB
3,-3.703125,6.03125,HP,13-inch,8GB,HP,14-inch,8GB
3,0.060546875,-8.1875,HP,13-inch,8GB,HP,14-inch,16GB
3,0.017578125,2.890625,HP,13-inch,8GB,HP,16-inch,4GB
3,-0.4140625,5.09375,HP,13-inch,8GB,HP,16-inch,8GB
3,0.060546875,-9.0625,HP,13-inch,8GB,HP,16-inch,16GB
3,-0.9921875,5.625,HP,13-inch,8GB,Dell,13-inch,4GB
3,-0.765625,5.5,HP,13-inch,8GB,Dell,13-inch,8GB
3,0.060546875,-7.5625,HP,13-inch,8GB,Dell,13-inch,16GB
3,-0.515625,5.25,HP,13-inch,8GB,Dell,14-inch,4GB
3,-0.3671875,5.0,HP,13-inch,8GB,Dell,14-inch,8GB
3,0.060546875,-8.5625,HP,13-inch,8GB,Dell,14-inch,16GB
3,0.0400390625,2.171875,HP,13-inch,8GB,Dell,16-inch,4GB
3,0.04443359375,1.90625,HP,13-inch,8GB,Dell,16-inch,8GB
3,0.060546875,-9.9375,HP,13-inch,8GB,Dell,16-inch,16GB
3,-0.08203125,4.0625,HP,13-inch,8GB,Apple,13-inch,4GB
3,-0.099609375,4.15625,HP,13-inch,8GB,Apple,13-inch,8GB
3,0.06005859375,-1.6875,HP,13-inch,8GB,Apple,13-inch,16GB
3,-0.0283203125,3.59375,HP,13-inch,8GB,Apple,14-inch,4GB
3,0.0341796875,2.40625,HP,13-inch,8GB,Apple,14-inch,8GB
3,0.060546875,-3.9375,HP,13-inch,8GB,Apple,14-inch,16GB
3,0.048095703125,1.6875,HP,13-inch,8GB,Apple,16-inch,4GB
3,0.055908203125,0.6875,HP,13-inch,8GB,Apple,16-inch,8GB
3,0.060546875,-7.5625,HP,13-inch,8GB,Apple,16-inch,16GB
3,-8.6875,6.0625,HP,13-inch,16GB,ASUS,13-inch,4GB
3,0.0546875,0.9375,HP,13-inch,16GB,ASUS,13-inch,8GB
3,-0.00146484375,3.25,HP,13-inch,16GB,ASUS,13-inch,16GB
3,-9.8125,6.0625,HP,13-inch,16GB,ASUS,14-inch,4GB
3,0.059326171875,-0.5625,HP,13-inch,16GB,ASUS,14-inch,8GB
3,0.059814453125,-1.0625,HP,13-inch,16GB,ASUS,14-inch,16GB
3,-0.06640625,3.9375,HP,13-inch,16GB,ASUS,16-inch,4GB
3,0.06005859375,-1.5625,HP,13-inch,16GB,ASUS,16-inch,8GB
3,0.05810546875,0.0625,HP,13-inch,16GB,ASUS,16-inch,16GB
3,-9.0625,6.0625,HP,13-inch,16GB,Lenovo,13-inch,4GB
3,0.056396484375,0.5625,HP,13-inch,16GB,Lenovo,13-inch,8GB
3,0.04638671875,1.8125,HP,13-inch,16GB,Lenovo,13-inch,16GB
3,-10.4375,6.0625,HP,13-inch,16GB,Lenovo,14-inch,4GB
3,0.058837890625,-0.3125,HP,13-inch,16GB,Lenovo,14-inch,8GB
3,0.0595703125,-0.8125,HP,13-inch,16GB,Lenovo,14-inch,16GB
3,-0.140625,4.375,HP,13-inch,16GB,Lenovo,16-inch,4GB
3,0.06005859375,-1.6875,HP,13-inch,16GB,Lenovo,16-inch,8GB
3,0.056396484375,0.5625,HP,13-inch,16GB,Lenovo,16-inch,16GB
3,-19.0,6.0625,HP,13-inch,16GB,HP,13-inch,4GB
3,-1.4375,5.8125,HP,13-inch,16GB,HP,13-inch,8GB
3,-17.375,6.0625,HP,13-inch,16GB,HP,14-inch,4GB
3,0.05908203125,-0.4375,HP,13-inch,16GB,HP,14-inch,8GB
3,-0.06640625,3.9375,HP,13-inch,16GB,HP,14-inch,16GB
3,-0.9921875,5.625,HP,13-inch,16GB,HP,16-inch,4GB
3,0.06005859375,-1.4375,HP,13-inch,16GB,HP,16-inch,8GB
3,-0.0283203125,3.59375,HP,13-inch,16GB,HP,16-inch,16GB
3,-7.4375,6.0625,HP,13-inch,16GB,Dell,13-inch,4GB
3,0.0537109375,1.0625,HP,13-inch,16GB,Dell,13-inch,8GB
3,0.04248046875,2.03125,HP,13-inch,16GB,Dell,13-inch,16GB
3,-8.8125,6.0625,HP,13-inch,16GB,Dell,14-inch,4GB
3,0.059326171875,-0.5625,HP,13-inch,16GB,Dell,14-inch,8GB
3,0.06005859375,-1.5625,HP,13-inch,16GB,Dell,14-inch,16GB
3,-0.1650390625,4.46875,HP,13-inch,16GB,Dell,16-inch,4GB
3,0.06005859375,-1.5625,HP,13-inch,16GB,Dell,16-inch,8GB
3,0.057373046875,0.3125,HP,13-inch,16GB,Dell,16-inch,16GB
3,-0.326171875,4.9375,HP,13-inch,16GB,Apple,13-inch,4GB
3,0.0400390625,2.171875,HP,13-inch,16GB,Apple,13-inch,8GB
3,-0.00927734375,3.375,HP,13-inch,16GB,Apple,13-inch,16GB
3,-0.6953125,5.4375,HP,13-inch,16GB,Apple,14-inch,4GB
3,0.056884765625,0.4375,HP,13-inch,16GB,Apple,14-inch,8GB
3,0.049560546875,1.5625,HP,13-inch,16GB,Apple,14-inch,16GB
3,0.03076171875,2.53125,HP,13-inch,16GB,Apple,16-inch,4GB
3,0.059326171875,-0.6875,HP,13-inch,16GB,Apple,16-inch,8GB
3,0.049560546875,1.5625,HP,13-inch,16GB,Apple,16-inch,16GB
3,-1.1640625,5.71875,HP,14-inch,4GB,ASUS,13-inch,4GB
3,-14.6875,6.0625,HP,14-inch,4GB,ASUS,13-inch,8GB
3,0.037353515625,2.296875,HP,14-inch,4GB,ASUS,13-inch,16GB
3,-0.9140625,5.59375,HP,14-inch,4GB,ASUS,14-inch,4GB
3,-5.3125,6.0625,HP,14-inch,4GB,ASUS,14-inch,8GB
3,0.052001953125,1.3125,HP,14-inch,4GB,ASUS,14-inch,16GB
3,0.059326171875,-0.6875,HP,14-inch,4GB,ASUS,16-inch,4GB
3,0.052001953125,1.3125,HP,14-inch,4GB,ASUS,16-inch,8GB
3,0.060546875,-7.0625,HP,14-inch,4GB,ASUS,16-inch,16GB
3,-0.515625,5.25,HP,14-inch,4GB,Lenovo,13-inch,4GB
3,-16.125,6.0625,HP,14-inch,4GB,Lenovo,13-inch,8GB
3,0.0546875,0.9375,HP,14-inch,4GB,Lenovo,13-inch,16GB
3,-0.4140625,5.09375,HP,14-inch,4GB,Lenovo,14-inch,4GB
3,-7.6875,6.0625,HP,14-inch,4GB,Lenovo,14-inch,8GB
3,0.056396484375,0.5625,HP,14-inch,4GB,Lenovo,14-inch,16GB
3,0.060302734375,-2.6875,HP,14-inch,4GB,Lenovo,16-inch,4GB
3,0.0400390625,2.171875,HP,14-inch,4GB,Lenovo,16-inch,8GB
3,0.060546875,-7.3125,HP,14-inch,4GB,Lenovo,16-inch,16GB
3,-0.765625,5.5,HP,14-inch,4GB,HP,13-inch,4GB
3,-3.703125,6.03125,HP,14-inch,4GB,HP,13-inch,8GB
3,0.060546875,-3.6875,HP,14-inch,4GB,HP,13-inch,16GB
3,-0.287109375,4.84375,HP,14-inch,4GB,HP,14-inch,8GB
3,0.060302734375,-1.9375,HP,14-inch,4GB,HP,14-inch,16GB
3,0.011962890625,3.015625,HP,14-inch,4GB,HP,16-inch,4GB
3,0.05908203125,-0.4375,HP,14-inch,4GB,HP,16-inch,8GB
3,0.060546875,-9.4375,HP,14-inch,4GB,HP,16-inch,16GB
3,-0.765625,5.5,HP,14-inch,4GB,Dell,13-inch,4GB
3,-11.3125,6.0625,HP,14-inch,4GB,Dell,13-inch,8GB
3,0.0576171875,0.1875,HP,14-inch,4GB,Dell,13-inch,16GB
3,-0.6328125,5.375,HP,14-inch,4GB,Dell,14-inch,4GB
3,-2.875,6.0,HP,14-inch,4GB,Dell,14-inch,8GB
3,0.058837890625,-0.3125,HP,14-inch,4GB,Dell,14-inch,16GB
3,0.059814453125,-1.1875,HP,14-inch,4GB,Dell,16-inch,4GB
3,0.056396484375,0.5625,HP,14-inch,4GB,Dell,16-inch,8GB
3,0.060546875,-8.3125,HP,14-inch,4GB,Dell,16-inch,16GB
3,-0.19140625,4.5625,HP,14-inch,4GB,Apple,13-inch,4GB
3,-15.1875,6.0625,HP,14-inch,4GB,Apple,13-inch,8GB
3,-0.515625,5.25,HP,14-inch,4GB,Apple,13-inch,16GB
3,0.04638671875,1.8125,HP,14-inch,4GB,Apple,14-inch,4GB
3,-13.3125,6.0625,HP,14-inch,4GB,Apple,14-inch,8GB
3,-0.4140625,5.09375,HP,14-inch,4GB,Apple,14-inch,16GB
3,0.060546875,-3.1875,HP,14-inch,4GB,Apple,16-inch,4GB
3,-0.462890625,5.15625,HP,14-inch,4GB,Apple,16-inch,8GB
3,0.060546875,-3.9375,HP,14-inch,4GB,Apple,16-inch,16GB
3,-7.4375,6.0625,HP,14-inch,8GB,ASUS,13-inch,4GB
3,-1.34375,5.78125,HP,14-inch,8GB,ASUS,13-inch,8GB
3,0.060302734375,-2.1875,HP,14-inch,8GB,ASUS,13-inch,16GB
3,-2.0625,5.9375,HP,14-inch,8GB,ASUS,14-inch,4GB
3,-0.6953125,5.4375,HP,14-inch,8GB,ASUS,14-inch,8GB
3,0.060546875,-7.9375,HP,14-inch,8GB,ASUS,14-inch,16GB
3,0.0546875,0.9375,HP,14-inch,8GB,ASUS,16-inch,4GB
3,0.052001953125,1.3125,HP,14-inch,8GB,ASUS,16-inch,8GB
3,0.060546875,-9.6875,HP,14-inch,8GB,ASUS,16-inch,16GB
3,-7.8125,6.0625,HP,14-inch,8GB,Lenovo,13-inch,4GB
3,-0.6953125,5.4375,HP,14-inch,8GB,Lenovo,13-inch,8GB
3,0.060546875,-3.5625,HP,14-inch,8GB,Lenovo,13-inch,16GB
3,-2.875,6.0,HP,14-inch,8GB,Lenovo,14-inch,4GB
3,-0.326171875,4.9375,HP,14-inch,8GB,Lenovo,14-inch,8GB
3,0.060546875,-7.6875,HP,14-inch,8GB,Lenovo,14-inch,16GB
3,0.049560546875,1.5625,HP,14-inch,8GB,Lenovo,16-inch,4GB
3,0.052978515625,1.1875,HP,14-inch,8GB,Lenovo,16-inch,8GB
3,0.060546875,-9.5625,HP,14-inch,8GB,Lenovo,16-inch,16GB
3,-15.1875,6.0625,HP,14-inch,8GB,HP,13-inch,4GB
3,-7.6875,6.0625,HP,14-inch,8GB,HP,13-inch,8GB
3,0.060546875,-3.1875,HP,14-inch,8GB,HP,13-inch,16GB
3,-19.25,6.0625,HP,14-inch,8GB,HP,14-inch,4GB
3,0.060546875,-4.9375,HP,14-inch,8GB,HP,14-inch,16GB
3,0.017578125,2.890625,HP,14-inch,8GB,HP,16-inch,4GB
3,-0.19140625,4.5625,HP,14-inch,8GB,HP,16-inch,8GB
3,0.060546875,-9.6875,HP,14-inch,8GB,HP,16-inch,16GB
3,-9.9375,6.0625,HP,14-inch,8GB,Dell,13-inch,4GB
3,-0.5703125,5.3125,HP,14-inch,8GB,Dell,13-inch,8GB
3,0.060546875,-4.1875,HP,14-inch,8GB,Dell,13-inch,16GB
3,-2.625,6.0,HP,14-inch,8GB,Dell,14-inch,4GB
3,-0.220703125,4.65625,HP,14-inch,8GB,Dell,14-inch,8GB
3,0.060546875,-9.6875,HP,14-inch,8GB,Dell,14-inch,16GB
3,0.04248046875,2.03125,HP,14-inch,8GB,Dell,16-inch,4GB
3,0.049560546875,1.5625,HP,14-inch,8GB,Dell,16-inch,8GB
3,0.060546875,-10.3125,HP,14-inch,8GB,Dell,16-inch,16GB
3,-2.0625,5.9375,HP,14-inch,8GB,Apple,13-inch,4GB
3,0.005615234375,3.125,HP,14-inch,8GB,Apple,13-inch,8GB
3,0.0595703125,-0.8125,HP,14-inch,8GB,Apple,13-inch,16GB
3,-0.08203125,4.0625,HP,14-inch,8GB,Apple,14-inch,4GB
3,0.005615234375,3.125,HP,14-inch,8GB,Apple,14-inch,8GB
3,0.060546875,-4.9375,HP,14-inch,8GB,Apple,14-inch,16GB
3,0.055419921875,0.8125,HP,14-inch,8GB,Apple,16-inch,4GB
3,0.05810546875,0.0625,HP,14-inch,8GB,Apple,16-inch,8GB
3,0.060546875,-8.8125,HP,14-inch,8GB,Apple,16-inch,16GB
3,-18.125,6.0625,HP,14-inch,16GB,ASUS,13-inch,4GB
3,0.052001953125,1.3125,HP,14-inch,16GB,ASUS,13-inch,8GB
3,0.058837890625,-0.3125,HP,14-inch,16GB,ASUS,13-inch,16GB
3,-9.8125,6.0625,HP,14-inch,16GB,ASUS,14-inch,4GB
3,0.0546875,0.9375,HP,14-inch,16GB,ASUS,14-inch,8GB
3,0.056396484375,0.5625,HP,14-inch,16GB,ASUS,14-inch,16GB
3,-0.19140625,4.5625,HP,14-inch,16GB,ASUS,16-inch,4GB
3,0.059814453125,-1.0625,HP,14-inch,16GB,ASUS,16-inch,8GB
3,0.059814453125,-1.3125,HP,14-inch,16GB,ASUS,16-inch,16GB
3,-18.625,6.0625,HP,14-inch,16GB,Lenovo,13-inch,4GB
3,0.052978515625,1.1875,HP,14-inch,16GB,Lenovo,13-inch,8GB
3,0.058837890625,-0.3125,HP,14-inch,16GB,Lenovo,13-inch,16GB
3,-10.8125,6.0625,HP,14-inch,16GB,Lenovo,14-inch,4GB
3,0.0546875,0.9375,HP,14-inch,16GB,Lenovo,14-inch,8GB
3,0.056884765625,0.4375,HP,14-inch,16GB,Lenovo,14-inch,16GB
3,-0.6328125,5.375,HP,14-inch,16GB,Lenovo,16-inch,4GB
3,0.059814453125,-1.0625,HP,14-inch,16GB,Lenovo,16-inch,8GB
3,0.05908203125,-0.4375,HP,14-inch,16GB,Lenovo,16-inch,16GB
3,-21.125,6.0625,HP,14-inch,16GB,HP,13-inch,4GB
3,0.0341796875,2.40625,HP,14-inch,16GB,HP,13-inch,8GB
3,-0.3671875,5.0,HP,14-inch,16GB,HP,13-inch,16GB
3,-19.0,6.0625,HP,14-inch,16GB,HP,14-inch,4GB
3,-1.4375,5.8125,HP,14-inch,16GB,HP,14-inch,8GB
3,-1.5390625,5.84375,HP,14-inch,16GB,HP,16-inch,4GB
3,0.059814453125,-1.1875,HP,14-inch,16GB,HP,16-inch,8GB
3,0.03076171875,2.53125,HP,14-inch,16GB,HP,16-inch,16GB
3,-18.25,6.0625,HP,14-inch,16GB,Dell,13-inch,4GB
3,0.052001953125,1.3125,HP,14-inch,16GB,Dell,13-inch,8GB
3,0.0595703125,-0.8125,HP,14-inch,16GB,Dell,13-inch,16GB
3,-10.3125,6.0625,HP,14-inch,16GB,Dell,14-inch,4GB
3,0.052978515625,1.1875,HP,14-inch,16GB,Dell,14-inch,8GB
3,0.057373046875,0.3125,HP,14-inch,16GB,Dell,14-inch,16GB
3,-0.4140625,5.09375,HP,14-inch,16GB,Dell,16-inch,4GB
3,0.059814453125,-1.1875,HP,14-inch,16GB,Dell,16-inch,8GB
3,0.06005859375,-1.4375,HP,14-inch,16GB,Dell,16-inch,16GB
3,-6.9375,6.0625,HP,14-inch,16GB,Apple,13-inch,4GB
3,0.04248046875,2.03125,HP,14-inch,16GB,Apple,13-inch,8GB
3,0.055908203125,0.6875,HP,14-inch,16GB,Apple,13-inch,16GB
3,-0.515625,5.25,HP,14-inch,16GB,Apple,14-inch,4GB
3,0.0224609375,2.78125,HP,14-inch,16GB,Apple,14-inch,8GB
3,0.05078125,1.4375,HP,14-inch,16GB,Apple,14-inch,16GB
3,0.0341796875,2.40625,HP,14-inch,16GB,Apple,16-inch,4GB
3,0.05859375,-0.1875,HP,14-inch,16GB,Apple,16-inch,8GB
3,0.057373046875,0.3125,HP,14-inch,16GB,Apple,16-inch,16GB
3,-12.0625,6.0625,HP,16-inch,4GB,ASUS,13-inch,4GB
3,-19.5,6.0625,HP,16-inch,4GB,ASUS,13-inch,8GB
3,-2.625,6.0,HP,16-inch,4GB,ASUS,13-inch,16GB
3,-11.0625,6.0625,HP,16-inch,4GB,ASUS,14-inch,4GB
3,-17.125,6.0625,HP,16-inch,4GB,ASUS,14-inch,8GB
3,-1.640625,5.875,HP,16-inch,4GB,ASUS,14-inch,16GB
3,-3.109375,6.03125,HP,16-inch,4GB,ASUS,16-inch,4GB
3,-13.3125,6.0625,HP,16-inch,4GB,ASUS,16-inch,8GB
3,-1.953125,5.90625,HP,16-inch,4GB,ASUS,16-inch,16GB
3,-9.0625,6.0625,HP,16-inch,4GB,Lenovo,13-inch,4GB
3,-20.875,6.0625,HP,16-inch,4GB,Lenovo,13-inch,8GB
3,-2.0625,5.9375,HP,16-inch,4GB,Lenovo,13-inch,16GB
3,-8.3125,6.0625,HP,16-inch,4GB,Lenovo,14-inch,4GB
3,-19.25,6.0625,HP,16-inch,4GB,Lenovo,14-inch,8GB
3,-0.8359375,5.53125,HP,16-inch,4GB,Lenovo,14-inch,16GB
3,-2.75,6.0,HP,16-inch,4GB,Lenovo,16-inch,4GB
3,-16.75,6.0625,HP,16-inch,4GB,Lenovo,16-inch,8GB
3,-0.9140625,5.59375,HP,16-inch,4GB,Lenovo,16-inch,16GB
3,-8.6875,6.0625,HP,16-inch,4GB,HP,13-inch,4GB
3,-12.3125,6.0625,HP,16-inch,4GB,HP,13-inch,8GB
3,-0.9140625,5.59375,HP,16-inch,4GB,HP,13-inch,16GB
3,-8.8125,6.0625,HP,16-inch,4GB,HP,14-inch,4GB
3,-8.3125,6.0625,HP,16-inch,4GB,HP,14-inch,8GB
3,-0.3671875,5.0,HP,16-inch,4GB,HP,14-inch,16GB
3,-3.34375,6.03125,HP,16-inch,4GB,HP,16-inch,8GB
3,-0.220703125,4.65625,HP,16-inch,4GB,HP,16-inch,16GB
3,-9.6875,6.0625,HP,16-inch,4GB,Dell,13-inch,4GB
3,-18.125,6.0625,HP,16-inch,4GB,Dell,13-inch,8GB
3,-1.1640625,5.71875,HP,16-inch,4GB,Dell,13-inch,16GB
3,-8.5625,6.0625,HP,16-inch,4GB,Dell,14-inch,4GB
3,-15.5625,6.0625,HP,16-inch,4GB,Dell,14-inch,8GB
3,-0.515625,5.25,HP,16-inch,4GB,Dell,14-inch,16GB
3,-3.21875,6.03125,HP,16-inch,4GB,Dell,16-inch,4GB
3,-10.0625,6.0625,HP,16-inch,4GB,Dell,16-inch,8GB
3,-0.326171875,4.9375,HP,16-inch,4GB,Dell,16-inch,16GB
3,-4.9375,6.0625,HP,16-inch,4GB,Apple,13-inch,4GB
3,-18.875,6.0625,HP,16-inch,4GB,Apple,13-inch,8GB
3,-9.4375,6.0625,HP,16-inch,4GB,Apple,13-inch,16GB
3,-4.8125,6.0625,HP,16-inch,4GB,Apple,14-inch,4GB
3,-18.0,6.0625,HP,16-inch,4GB,Apple,14-inch,8GB
3,-8.0625,6.0625,HP,16-inch,4GB,Apple,14-inch,16GB
3,-1.25,5.75,HP,16-inch,4GB,Apple,16-inch,4GB
3,-19.25,6.0625,HP,16-inch,4GB,Apple,16-inch,8GB
3,-11.0625,6.0625,HP,16-inch,4GB,Apple,16-inch,16GB
3,-8.6875,6.0625,HP,16-inch,8GB,ASUS,13-inch,4GB
3,-3.96875,6.03125,HP,16-inch,8GB,ASUS,13-inch,8GB
3,-0.1650390625,4.46875,HP,16-inch,8GB,ASUS,13-inch,16GB
3,-7.5625,6.0625,HP,16-inch,8GB,ASUS,14-inch,4GB
3,-3.703125,6.03125,HP,16-inch,8GB,ASUS,14-inch,8GB
3,0.037353515625,2.296875,HP,16-inch,8GB,ASUS,14-inch,16GB
3,-1.34375,5.78125,HP,16-inch,8GB,ASUS,16-inch,4GB
3,-1.953125,5.90625,HP,16-inch,8GB,ASUS,16-inch,8GB
3,0.060546875,-5.6875,HP,16-inch,8GB,ASUS,16-inch,16GB
3,-9.5625,6.0625,HP,16-inch,8GB,Lenovo,13-inch,4GB
3,-3.59375,6.03125,HP,16-inch,8GB,Lenovo,13-inch,8GB
3,-0.05224609375,3.828125,HP,16-inch,8GB,Lenovo,13-inch,16GB
3,-9.4375,6.0625,HP,16-inch,8GB,Lenovo,14-inch,4GB
3,-2.75,6.0,HP,16-inch,8GB,Lenovo,14-inch,8GB
3,0.0537109375,1.0625,HP,16-inch,8GB,Lenovo,14-inch,16GB
3,-2.0625,5.9375,HP,16-inch,8GB,Lenovo,16-inch,4GB
3,-0.9921875,5.625,HP,16-inch,8GB,Lenovo,16-inch,8GB
3,0.060546875,-4.8125,HP,16-inch,8GB,Lenovo,16-inch,16GB
3,-16.375,6.0625,HP,16-inch,8GB,HP,13-inch,4GB
3,-10.1875,6.0625,HP,16-inch,8GB,HP,13-inch,8GB
3,-1.34375,5.78125,HP,16-inch,8GB,HP,13-inch,16GB
3,-16.25,6.0625,HP,16-inch,8GB,HP,14-inch,4GB
3,-9.5625,6.0625,HP,16-inch,8GB,HP,14-inch,8GB
3,-0.765625,5.5,HP,16-inch,8GB,HP,14-inch,16GB
3,-19.75,6.0625,HP,16-inch,8GB,HP,16-inch,4GB
3,0.058837890625,-0.3125,HP,16-inch,8GB,HP,16-inch,16GB
3,-11.3125,6.0625,HP,16-inch,8GB,Dell,13-inch,4GB
3,-3.21875,6.03125,HP,16-inch,8GB,Dell,13-inch,8GB
3,-0.00927734375,3.375,HP,16-inch,8GB,Dell,13-inch,16GB
3,-10.0625,6.0625,HP,16-inch,8GB,Dell,14-inch,4GB
3,-2.625,6.0,HP,16-inch,8GB,Dell,14-inch,8GB
3,0.052001953125,1.3125,HP,16-inch,8GB,Dell,14-inch,16GB
3,-1.953125,5.90625,HP,16-inch,8GB,Dell,16-inch,4GB
3,-1.4375,5.8125,HP,16-inch,8GB,Dell,16-inch,8GB
3,0.060546875,-6.4375,HP,16-inch,8GB,Dell,16-inch,16GB
3,-2.171875,5.9375,HP,16-inch,8GB,Apple,13-inch,4GB
3,-0.3671875,5.0,HP,16-inch,8GB,Apple,13-inch,8GB
3,-0.099609375,4.15625,HP,16-inch,8GB,Apple,13-inch,16GB
3,-1.8515625,5.90625,HP,16-inch,8GB,Apple,14-inch,4GB
3,-0.287109375,4.84375,HP,16-inch,8GB,Apple,14-inch,8GB
3,-0.00146484375,3.25,HP,16-inch,8GB,Apple,14-inch,16GB
3,0.005615234375,3.125,HP,16-inch,8GB,Apple,16-inch,4GB
3,-0.6328125,5.375,HP,16-inch,8GB,Apple,16-inch,8GB
3,0.060302734375,-2.1875,HP,16-inch,8GB,Apple,16-inch,16GB
3,-17.875,6.0625,HP,16-inch,16GB,ASUS,13-inch,4GB
3,-0.00146484375,3.25,HP,16-inch,16GB,ASUS,13-inch,8GB
3,-0.0185546875,3.484375,HP,16-inch,16GB,ASUS,13-inch,16GB
3,-16.875,6.0625,HP,16-inch,16GB,ASUS,14-inch,4GB
3,-0.0283203125,3.59375,HP,16-inch,16GB,ASUS,14-inch,8GB
3,0.011962890625,3.015625,HP,16-inch,16GB,ASUS,14-inch,16GB
3,-10.5625,6.0625,HP,16-inch,16GB,ASUS,16-inch,4GB
3,-0.00927734375,3.375,HP,16-inch,16GB,ASUS,16-inch,8GB
3,-0.099609375,4.15625,HP,16-inch,16GB,ASUS,16-inch,16GB
3,-18.25,6.0625,HP,16-inch,16GB,Lenovo,13-inch,4GB
3,-0.00146484375,3.25,HP,16-inch,16GB,Lenovo,13-inch,8GB
3,-0.00927734375,3.375,HP,16-inch,16GB,Lenovo,13-inch,16GB
3,-16.75,6.0625,HP,16-inch,16GB,Lenovo,14-inch,4GB
3,0.005615234375,3.125,HP,16-inch,16GB,Lenovo,14-inch,8GB
3,0.03076171875,2.53125,HP,16-inch,16GB,Lenovo,14-inch,16GB
3,-10.4375,6.0625,HP,16-inch,16GB,Lenovo,16-inch,4GB
3,-0.00927734375,3.375,HP,16-inch,16GB,Lenovo,16-inch,8GB
3,0.005615234375,3.125,HP,16-inch,16GB,Lenovo,16-inch,16GB
3,-21.375,6.0625,HP,16-inch,16GB,HP,13-inch,4GB
3,-0.08203125,4.0625,HP,16-inch,16GB,HP,13-inch,8GB
3,-2.171875,5.9375,HP,16-inch,16GB,HP,13-inch,16GB
3,-21.375,6.0625,HP,16-inch,16GB,HP,14-inch,4GB
3,-0.08203125,4.0625,HP,16-inch,16GB,HP,14-inch,8GB
3,-1.953125,5.90625,HP,16-inch,16GB,HP,14-inch,16GB
3,-18.375,6.0625,HP,16-inch,16GB,HP,16-inch,4GB
3,-0.6328125,5.375,HP,16-inch,16GB,HP,16-inch,8GB
3,-17.625,6.0625,HP,16-inch,16GB,Dell,13-inch,4GB
3,-0.0185546875,3.484375,HP,16-inch,16GB,Dell,13-inch,8GB
3,-0.00927734375,3.375,HP,16-inch,16GB,Dell,13-inch,16GB
3,-17.375,6.0625,HP,16-inch,16GB,Dell,14-inch,4GB
3,-0.0283203125,3.59375,HP,16-inch,16GB,Dell,14-inch,8GB
3,0.0341796875,2.40625,HP,16-inch,16GB,Dell,14-inch,16GB
3,-9.6875,6.0625,HP,16-inch,16GB,Dell,16-inch,4GB
3,-0.03955078125,3.71875,HP,16-inch,16GB,Dell,16-inch,8GB
3,-0.0185546875,3.484375,HP,16-inch,16GB,Dell,16-inch,16GB
3,-8.0625,6.0625,HP,16-inch,16GB,Apple,13-inch,4GB
3,-0.08203125,4.0625,HP,16-inch,16GB,Apple,13-inch,8GB
3,0.0341796875,2.40625,HP,16-inch,16GB,Apple,13-inch,16GB
3,-6.9375,6.0625,HP,16-inch,16GB,Apple,14-inch,4GB
3,-0.06640625,3.9375,HP,16-inch,16GB,Apple,14-inch,8GB
3,0.037353515625,2.296875,HP,16-inch,16GB,Apple,14-inch,16GB
3,-1.4375,5.8125,HP,16-inch,16GB,Apple,16-inch,4GB
3,-0.08203125,4.0625,HP,16-inch,16GB,Apple,16-inch,8GB
3,-0.00927734375,3.375,HP,16-inch,16GB,Apple,16-inch,16GB
3,-0.9140625,5.59375,Dell,13-inch,4GB,ASUS,13-inch,4GB
3,-11.9375,6.0625,Dell,13-inch,4GB,ASUS,13-inch,8GB
3,0.017578125,2.890625,Dell,13-inch,4GB,ASUS,13-inch,16GB
3,-0.765625,5.5,Dell,13-inch,4GB,ASUS,14-inch,4GB
3,-10.6875,6.0625,Dell,13-inch,4GB,ASUS,14-inch,8GB
3,0.056884765625,0.4375,Dell,13-inch,4GB,ASUS,14-inch,16GB
3,0.059326171875,-0.6875,Dell,13-inch,4GB,ASUS,16-inch,4GB
3,0.017578125,2.890625,Dell,13-inch,4GB,ASUS,16-inch,8GB
3,0.060546875,-5.1875,Dell,13-inch,4GB,ASUS,16-inch,16GB
3,-0.4140625,5.09375,Dell,13-inch,4GB,Lenovo,13-inch,4GB
3,-12.6875,6.0625,Dell,13-inch,4GB,Lenovo,13-inch,8GB
3,0.048095703125,1.6875,Dell,13-inch,4GB,Lenovo,13-inch,16GB
3,-0.4140625,5.09375,Dell,13-inch,4GB,Lenovo,14-inch,4GB
3,-7.5625,6.0625,Dell,13-inch,4GB,Lenovo,14-inch,8GB
3,0.06005859375,-1.8125,Dell,13-inch,4GB,Lenovo,14-inch,16GB
3,0.060302734375,-2.4375,Dell,13-inch,4GB,Lenovo,16-inch,4GB
3,0.037353515625,2.296875,Dell,13-inch,4GB,Lenovo,16-inch,8GB
3,0.060546875,-6.1875,Dell,13-inch,4GB,Lenovo,16-inch,16GB
3,-0.251953125,4.75,Dell,13-inch,4GB,HP,13-inch,4GB
3,-9.3125,6.0625,Dell,13-inch,4GB,HP,13-inch,8GB
3,0.04248046875,2.03125,Dell,13-inch,4GB,HP,13-inch,16GB
3,-0.326171875,4.9375,Dell,13-inch,4GB,HP,14-inch,4GB
3,-6.8125,6.0625,Dell,13-inch,4GB,HP,14-inch,8GB
3,0.0595703125,-0.9375,Dell,13-inch,4GB,HP,14-inch,16GB
3,0.060302734375,-1.9375,Dell,13-inch,4GB,HP,16-inch,4GB
3,0.005615234375,3.125,Dell,13-inch,4GB,HP,16-inch,8GB
3,0.060546875,-5.5625,Dell,13-inch,4GB,HP,16-inch,16GB
3,-0.462890625,5.15625,Dell,13-inch,4GB,Dell,13-inch,8GB
3,0.06005859375,-1.5625,Dell,13-inch,4GB,Dell,13-inch,16GB
3,-0.765625,5.5,Dell,13-inch,4GB,Dell,14-inch,4GB
3,-0.19140625,4.5625,Dell,13-inch,4GB,Dell,14-inch,8GB
3,0.060546875,-6.1875,Dell,13-inch,4GB,Dell,14-inch,16GB
3,0.0224609375,2.78125,Dell,13-inch,4GB,Dell,16-inch,4GB
3,0.06005859375,-1.5625,Dell,13-inch,4GB,Dell,16-inch,8GB
3,0.060546875,-9.4375,Dell,13-inch,4GB,Dell,16-inch,16GB
3,0.05810546875,0.0625,Dell,13-inch,4GB,Apple,13-inch,4GB
3,-14.6875,6.0625,Dell,13-inch,4GB,Apple,13-inch,8GB
3,-0.1650390625,4.46875,Dell,13-inch,4GB,Apple,13-inch,16GB
3,0.05859375,-0.1875,Dell,13-inch,4GB,Apple,14-inch,4GB
3,-10.0625,6.0625,Dell,13-inch,4GB,Apple,14-inch,8GB
3,0.052978515625,1.1875,Dell,13-inch,4GB,Apple,14-inch,16GB
3,0.060546875,-3.1875,Dell,13-inch,4GB,Apple,16-inch,4GB
3,-0.326171875,4.9375,Dell,13-inch,4GB,Apple,16-inch,8GB
3,0.060546875,-3.0625,Dell,13-inch,4GB,Apple,16-inch,16GB
3,-0.326171875,4.9375,Dell,13-inch,8GB,ASUS,13-inch,4GB
3,-1.078125,5.6875,Dell,13-inch,8GB,ASUS,13-inch,8GB
3,0.060546875,-6.0625,Dell,13-inch,8GB,ASUS,13-inch,16GB
3,-0.03955078125,3.71875,Dell,13-inch,8GB,ASUS,14-inch,4GB
3,-0.6953125,5.4375,Dell,13-inch,8GB,ASUS,14-inch,8GB
3,0.060546875,-7.1875,Dell,13-inch,8GB,ASUS,14-inch,16GB
3,0.052978515625,1.1875,Dell,13-inch,8GB,ASUS,16-inch,4GB
3,-0.00146484375,3.25,Dell,13-inch,8GB,ASUS,16-inch,8GB
3,0.060546875,-8.4375,Dell,13-inch,8GB,ASUS,16-inch,16GB
3,-0.9921875,5.625,Dell,13-inch,8GB,Lenovo,13-inch,4GB
3,-0.462890625,5.15625,Dell,13-inch,8GB,Lenovo,13-inch,8GB
3,0.060546875,-6.6875,Dell,13-inch,8GB,Lenovo,13-inch,16GB
3,-0.326171875,4.9375,Dell,13-inch,8GB,Lenovo,14-inch,4GB
3,-0.515625,5.25,Dell,13-inch,8GB,Lenovo,14-inch,8GB
3,0.060546875,-8.0625,Dell,13-inch,8GB,Lenovo,14-inch,16GB
3,0.0341796875,2.40625,Dell,13-inch,8GB,Lenovo,16-inch,4GB
3,-0.00146484375,3.25,Dell,13-inch,8GB,Lenovo,16-inch,8GB
3,0.060546875,-8.9375,Dell,13-inch,8GB,Lenovo,16-inch,16GB
3,-0.462890625,5.15625,Dell,13-inch,8GB,HP,13-inch,4GB
3,-0.369140625,5.0,Dell,13-inch,8GB,HP,13-inch,8GB
3,0.060546875,-7.0625,Dell,13-inch,8GB,HP,13-inch,16GB
3,-0.19140625,4.5625,Dell,13-inch,8GB,HP,14-inch,4GB
3,-0.515625,5.25,Dell,13-inch,8GB,HP,14-inch,8GB
3,0.060546875,-7.8125,Dell,13-inch,8GB,HP,14-inch,16GB
3,0.04638671875,1.8125,Dell,13-inch,8GB,HP,16-inch,4GB
3,-0.0185546875,3.484375,Dell,13-inch,8GB,HP,16-inch,8GB
3,0.060546875,-8.3125,Dell,13-inch,8GB,HP,16-inch,16GB
3,-16.625,6.0625,Dell,13-inch,8GB,Dell,13-inch,4GB
3,0.060546875,-3.9375,Dell,13-inch,8GB,Dell,13-inch,16GB
3,-0.119140625,4.25,Dell,13-inch,8GB,Dell,14-inch,4GB
3,-3.46875,6.03125,Dell,13-inch,8GB,Dell,14-inch,8GB
3,0.060546875,-9.9375,Dell,13-inch,8GB,Dell,14-inch,16GB
3,0.0537109375,1.0625,Dell,13-inch,8GB,Dell,16-inch,4GB
3,-0.6328125,5.375,Dell,13-inch,8GB,Dell,16-inch,8GB
3,0.060546875,-9.4375,Dell,13-inch,8GB,Dell,16-inch,16GB
3,-0.0283203125,3.59375,Dell,13-inch,8GB,Apple,13-inch,4GB
3,-0.03955078125,3.71875,Dell,13-inch,8GB,Apple,13-inch,8GB
3,0.060302734375,-2.4375,Dell,13-inch,8GB,Apple,13-inch,16GB
3,0.02685546875,2.65625,Dell,13-inch,8GB,Apple,14-inch,4GB
3,0.04443359375,1.90625,Dell,13-inch,8GB,Apple,14-inch,8GB
3,0.060546875,-4.8125,Dell,13-inch,8GB,Apple,14-inch,16GB
3,0.052978515625,1.1875,Dell,13-inch,8GB,Apple,16-inch,4GB
3,0.05517578125,0.8125,Dell,13-inch,8GB,Apple,16-inch,8GB
3,0.060546875,-7.4375,Dell,13-inch,8GB,Apple,16-inch,16GB
3,-7.8125,6.0625,Dell,13-inch,16GB,ASUS,13-inch,4GB
3,0.056396484375,0.5625,Dell,13-inch,16GB,ASUS,13-inch,8GB
3,0.0224609375,2.78125,Dell,13-inch,16GB,ASUS,13-inch,16GB
3,-8.1875,6.0625,Dell,13-inch,16GB,ASUS,14-inch,4GB
3,0.059326171875,-0.5625,Dell,13-inch,16GB,ASUS,14-inch,8GB
3,0.05908203125,-0.4375,Dell,13-inch,16GB,ASUS,14-inch,16GB
3,-0.05224609375,3.828125,Dell,13-inch,16GB,ASUS,16-inch,4GB
3,0.06005859375,-1.4375,Dell,13-inch,16GB,ASUS,16-inch,8GB
3,0.056396484375,0.5625,Dell,13-inch,16GB,ASUS,16-inch,16GB
3,-10.3125,6.0625,Dell,13-inch,16GB,Lenovo,13-inch,4GB
3,0.058349609375,-0.0625,Dell,13-inch,16GB,Lenovo,13-inch,8GB
3,0.0537109375,1.0625,Dell,13-inch,16GB,Lenovo,13-inch,16GB
3,-10.9375,6.0625,Dell,13-inch,16GB,Lenovo,14-inch,4GB
3,0.0595703125,-0.9375,Dell,13-inch,16GB,Lenovo,14-inch,8GB
3,0.0595703125,-0.8125,Dell,13-inch,16GB,Lenovo,14-inch,16GB
3,-0.765625,5.5,Dell,13-inch,16GB,Lenovo,16-inch,4GB
3,0.06005859375,-1.4375,Dell,13-inch,16GB,Lenovo,16-inch,8GB
3,0.052001953125,1.3125,Dell,13-inch,16GB,Lenovo,16-inch,16GB
3,-8.1875,6.0625,Dell,13-inch,16GB,HP,13-inch,4GB
3,0.056396484375,0.5625,Dell,13-inch,16GB,HP,13-inch,8GB
3,0.05078125,1.4375,Dell,13-inch,16GB,HP,13-inch,16GB
3,-10.3125,6.0625,Dell,13-inch,16GB,HP,14-inch,4GB
3,0.059814453125,-1.0625,Dell,13-inch,16GB,HP,14-inch,8GB
3,0.060302734375,-1.9375,Dell,13-inch,16GB,HP,14-inch,16GB
3,-0.251953125,4.75,Dell,13-inch,16GB,HP,16-inch,4GB
3,0.059814453125,-1.3125,Dell,13-inch,16GB,HP,16-inch,8GB
3,0.056396484375,0.5625,Dell,13-inch,16GB,HP,16-inch,16GB
3,-17.5,6.0625,Dell,13-inch,16GB,Dell,13-inch,4GB
3,-0.326171875,4.9375,Dell,13-inch,16GB,Dell,13-inch,8GB
3,-15.4375,6.0625,Dell,13-inch,16GB,Dell,14-inch,4GB
3,0.059814453125,-1.3125,Dell,13-inch,16GB,Dell,14-inch,8GB
3,-0.19140625,4.5625,Dell,13-inch,16GB,Dell,14-inch,16GB
3,-0.3671875,5.0,Dell,13-inch,16GB,Dell,16-inch,4GB
3,0.06005859375,-1.5625,Dell,13-inch,16GB,Dell,16-inch,8GB
3,-0.06640625,3.9375,Dell,13-inch,16GB,Dell,16-inch,16GB
3,-0.6328125,5.375,Dell,13-inch,16GB,Apple,13-inch,4GB
3,0.03076171875,2.53125,Dell,13-inch,16GB,Apple,13-inch,8GB
3,0.04248046875,2.03125,Dell,13-inch,16GB,Apple,13-inch,16GB
3,-0.6953125,5.4375,Dell,13-inch,16GB,Apple,14-inch,4GB
3,0.057373046875,0.3125,Dell,13-inch,16GB,Apple,14-inch,8GB
3,0.05810546875,0.0625,Dell,13-inch,16GB,Apple,14-inch,16GB
3,0.005615234375,3.125,Dell,13-inch,16GB,Apple,16-inch,4GB
3,0.058349609375,-0.0625,Dell,13-inch,16GB,Apple,16-inch,8GB
3,0.0537109375,1.0625,Dell,13-inch,16GB,Apple,16-inch,16GB
3,-0.9921875,5.625,Dell,14-inch,4GB,ASUS,13-inch,4GB
3,-15.5625,6.0625,Dell,14-inch,4GB,ASUS,13-inch,8GB
3,-0.0185546875,3.484375,Dell,14-inch,4GB,ASUS,13-inch,16GB
3,-0.9140625,5.59375,Dell,14-inch,4GB,ASUS,14-inch,4GB
3,-5.3125,6.0625,Dell,14-inch,4GB,ASUS,14-inch,8GB
3,0.03076171875,2.53125,Dell,14-inch,4GB,ASUS,14-inch,16GB
3,0.057373046875,0.3125,Dell,14-inch,4GB,ASUS,16-inch,4GB
3,0.048095703125,1.6875,Dell,14-inch,4GB,ASUS,16-inch,8GB
3,0.060546875,-6.3125,Dell,14-inch,4GB,ASUS,16-inch,16GB
3,-0.462890625,5.15625,Dell,14-inch,4GB,Lenovo,13-inch,4GB
3,-13.5625,6.0625,Dell,14-inch,4GB,Lenovo,13-inch,8GB
3,0.05078125,1.4375,Dell,14-inch,4GB,Lenovo,13-inch,16GB
3,-0.326171875,4.9375,Dell,14-inch,4GB,Lenovo,14-inch,4GB
3,-4.5625,6.0625,Dell,14-inch,4GB,Lenovo,14-inch,8GB
3,0.055908203125,0.6875,Dell,14-inch,4GB,Lenovo,14-inch,16GB
3,0.06005859375,-1.4375,Dell,14-inch,4GB,Lenovo,16-inch,4GB
3,0.0537109375,1.0625,Dell,14-inch,4GB,Lenovo,16-inch,8GB
3,0.060546875,-7.3125,Dell,14-inch,4GB,Lenovo,16-inch,16GB
3,-0.462890625,5.15625,Dell,14-inch,4GB,HP,13-inch,4GB
3,-12.0625,6.0625,Dell,14-inch,4GB,HP,13-inch,8GB
3,0.049560546875,1.5625,Dell,14-inch,4GB,HP,13-inch,16GB
3,-0.251953125,4.75,Dell,14-inch,4GB,HP,14-inch,4GB
3,-3.96875,6.03125,Dell,14-inch,4GB,HP,14-inch,8GB
3,0.0546875,0.9375,Dell,14-inch,4GB,HP,14-inch,16GB
3,0.0595703125,-0.9375,Dell,14-inch,4GB,HP,16-inch,4GB
3,0.048095703125,1.6875,Dell,14-inch,4GB,HP,16-inch,8GB
3,0.060546875,-7.0625,Dell,14-inch,4GB,HP,16-inch,16GB
3,-0.6328125,5.375,Dell,14-inch,4GB,Dell,13-inch,4GB
3,-1.8515625,5.90625,Dell,14-inch,4GB,Dell,13-inch,8GB
3,0.060302734375,-2.4375,Dell,14-inch,4GB,Dell,13-inch,16GB
3,-0.1650390625,4.46875,Dell,14-inch,4GB,Dell,14-inch,8GB
3,0.0595703125,-0.9375,Dell,14-inch,4GB,Dell,14-inch,16GB
3,0.011962890625,3.015625,Dell,14-inch,4GB,Dell,16-inch,4GB
3,0.06005859375,-1.8125,Dell,14-inch,4GB,Dell,16-inch,8GB
3,0.060546875,-9.8125,Dell,14-inch,4GB,Dell,16-inch,16GB
3,-0.0283203125,3.59375,Dell,14-inch,4GB,Apple,13-inch,4GB
3,-14.1875,6.0625,Dell,14-inch,4GB,Apple,13-inch,8GB
3,-0.140625,4.375,Dell,14-inch,4GB,Apple,13-inch,16GB
3,0.05810546875,0.0625,Dell,14-inch,4GB,Apple,14-inch,4GB
3,-11.9375,6.0625,Dell,14-inch,4GB,Apple,14-inch,8GB
3,-0.05224609375,3.828125,Dell,14-inch,4GB,Apple,14-inch,16GB
3,0.060546875,-3.1875,Dell,14-inch,4GB,Apple,16-inch,4GB
3,-0.1650390625,4.46875,Dell,14-inch,4GB,Apple,16-inch,8GB
3,0.060546875,-4.0625,Dell,14-inch,4GB,Apple,16-inch,16GB
3,-5.8125,6.0625,Dell,14-inch,8GB,ASUS,13-inch,4GB
3,-1.640625,5.875,Dell,14-inch,8GB,ASUS,13-inch,8GB
3,0.06005859375,-1.8125,Dell,14-inch,8GB,ASUS,13-inch,16GB
3,-0.9140625,5.59375,Dell,14-inch,8GB,ASUS,14-inch,4GB
3,-0.6953125,5.4375,Dell,14-inch,8GB,ASUS,14-inch,8GB
3,0.060546875,-7.9375,Dell,14-inch,8GB,ASUS,14-inch,16GB
3,0.057373046875,0.3125,Dell,14-inch,8GB,ASUS,16-inch,4GB
3,0.0224609375,2.78125,Dell,14-inch,8GB,ASUS,16-inch,8GB
3,0.060546875,-9.1875,Dell,14-inch,8GB,ASUS,16-inch,16GB
3,-8.6875,6.0625,Dell,14-inch,8GB,Lenovo,13-inch,4GB
3,-1.1640625,5.71875,Dell,14-inch,8GB,Lenovo,13-inch,8GB
3,0.060546875,-3.4375,Dell,14-inch,8GB,Lenovo,13-inch,16GB
3,-2.875,6.0,Dell,14-inch,8GB,Lenovo,14-inch,4GB
3,-0.220703125,4.65625,Dell,14-inch,8GB,Lenovo,14-inch,8GB
3,0.060546875,-8.5625,Dell,14-inch,8GB,Lenovo,14-inch,16GB
3,0.04443359375,1.90625,Dell,14-inch,8GB,Lenovo,16-inch,4GB
3,0.011962890625,3.015625,Dell,14-inch,8GB,Lenovo,16-inch,8GB
3,0.060546875,-9.9375,Dell,14-inch,8GB,Lenovo,16-inch,16GB
3,-7.3125,6.0625,Dell,14-inch,8GB,HP,13-inch,4GB
3,-1.25,5.75,Dell,14-inch,8GB,HP,13-inch,8GB
3,0.060302734375,-2.8125,Dell,14-inch,8GB,HP,13-inch,16GB
3,-1.640625,5.875,Dell,14-inch,8GB,HP,14-inch,4GB
3,-0.251953125,4.75,Dell,14-inch,8GB,HP,14-inch,8GB
3,0.060546875,-8.6875,Dell,14-inch,8GB,HP,14-inch,16GB
3,0.049560546875,1.5625,Dell,14-inch,8GB,HP,16-inch,4GB
3,0.017578125,2.890625,Dell,14-inch,8GB,HP,16-inch,8GB
3,0.060546875,-9.3125,Dell,14-inch,8GB,HP,16-inch,16GB
3,-13.5625,6.0625,Dell,14-inch,8GB,Dell,13-inch,4GB
3,-8.1875,6.0625,Dell,14-inch,8GB,Dell,13-inch,8GB
3,0.060302734375,-2.9375,Dell,14-inch,8GB,Dell,13-inch,16GB
3,-17.125,6.0625,Dell,14-inch,8GB,Dell,14-inch,4GB
3,0.060546875,-5.8125,Dell,14-inch,8GB,Dell,14-inch,16GB
3,0.052001953125,1.3125,Dell,14-inch,8GB,Dell,16-inch,4GB
3,-0.515625,5.25,Dell,14-inch,8GB,Dell,16-inch,8GB
3,0.060546875,-10.0625,Dell,14-inch,8GB,Dell,16-inch,16GB
3,-1.5390625,5.84375,Dell,14-inch,8GB,Apple,13-inch,4GB
3,0.0224609375,2.78125,Dell,14-inch,8GB,Apple,13-inch,8GB
3,0.06005859375,-1.4375,Dell,14-inch,8GB,Apple,13-inch,16GB
3,-0.08203125,4.0625,Dell,14-inch,8GB,Apple,14-inch,4GB
3,0.03076171875,2.53125,Dell,14-inch,8GB,Apple,14-inch,8GB
3,0.060546875,-5.1875,Dell,14-inch,8GB,Apple,14-inch,16GB
3,0.055908203125,0.6875,Dell,14-inch,8GB,Apple,16-inch,4GB
3,0.057373046875,0.3125,Dell,14-inch,8GB,Apple,16-inch,8GB
3,0.060546875,-8.3125,Dell,14-inch,8GB,Apple,16-inch,16GB
3,-16.125,6.0625,Dell,14-inch,16GB,ASUS,13-inch,4GB
3,0.0537109375,1.0625,Dell,14-inch,16GB,ASUS,13-inch,8GB
3,0.05810546875,0.0625,Dell,14-inch,16GB,ASUS,13-inch,16GB
3,-7.9375,6.0625,Dell,14-inch,16GB,ASUS,14-inch,4GB
3,0.0546875,0.9375,Dell,14-inch,16GB,ASUS,14-inch,8GB
3,0.056396484375,0.5625,Dell,14-inch,16GB,ASUS,14-inch,16GB
3,-0.06640625,3.9375,Dell,14-inch,16GB,ASUS,16-inch,4GB
3,0.059814453125,-1.1875,Dell,14-inch,16GB,ASUS,16-inch,8GB
3,0.059326171875,-0.6875,Dell,14-inch,16GB,ASUS,16-inch,16GB
3,-18.75,6.0625,Dell,14-inch,16GB,Lenovo,13-inch,4GB
3,0.052978515625,1.1875,Dell,14-inch,16GB,Lenovo,13-inch,8GB
3,0.05859375,-0.1875,Dell,14-inch,16GB,Lenovo,13-inch,16GB
3,-11.8125,6.0625,Dell,14-inch,16GB,Lenovo,14-inch,4GB
3,0.057373046875,0.3125,Dell,14-inch,16GB,Lenovo,14-inch,8GB
3,0.05908203125,-0.4375,Dell,14-inch,16GB,Lenovo,14-inch,16GB
3,-1.1640625,5.71875,Dell,14-inch,16GB,Lenovo,16-inch,4GB
3,0.0595703125,-0.8125,Dell,14-inch,16GB,Lenovo,16-inch,8GB
3,0.059326171875,-0.5625,Dell,14-inch,16GB,Lenovo,16-inch,16GB
3,-17.125,6.0625,Dell,14-inch,16GB,HP,13-inch,4GB
3,0.055908203125,0.6875,Dell,14-inch,16GB,HP,13-inch,8GB
3,0.0595703125,-0.8125,Dell,14-inch,16GB,HP,13-inch,16GB
3,-9.3125,6.0625,Dell,14-inch,16GB,HP,14-inch,4GB
3,0.056884765625,0.4375,Dell,14-inch,16GB,HP,14-inch,8GB
3,0.05859375,-0.1875,Dell,14-inch,16GB,HP,14-inch,16GB
3,-0.4140625,5.09375,Dell,14-inch,16GB,HP,16-inch,4GB
3,0.0595703125,-0.9375,Dell,14-inch,16GB,HP,16-inch,8GB
3,0.06005859375,-1.4375,Dell,14-inch,16GB,HP,16-inch,16GB
3,-19.625,6.0625,Dell,14-inch,16GB,Dell,13-inch,4GB
3,0.0400390625,2.171875,Dell,14-inch,16GB,Dell,13-inch,8GB
3,-0.8359375,5.53125,Dell,14-inch,16GB,Dell,13-inch,16GB
3,-17.5,6.0625,Dell,14-inch,16GB,Dell,14-inch,4GB
3,-0.251953125,4.75,Dell,14-inch,16GB,Dell,14-inch,8GB
3,-0.6328125,5.375,Dell,14-inch,16GB,Dell,16-inch,4GB
3,0.059814453125,-1.0625,Dell,14-inch,16GB,Dell,16-inch,8GB
3,0.03076171875,2.53125,Dell,14-inch,16GB,Dell,16-inch,16GB
3,-5.1875,6.0625,Dell,14-inch,16GB,Apple,13-inch,4GB
3,0.04638671875,1.8125,Dell,14-inch,16GB,Apple,13-inch,8GB
3,0.05859375,-0.1875,Dell,14-inch,16GB,Apple,13-inch,16GB
3,-0.6328125,5.375,Dell,14-inch,16GB,Apple,14-inch,4GB
3,0.02685546875,2.65625,Dell,14-inch,16GB,Apple,14-inch,8GB
3,0.05810546875,0.0625,Dell,14-inch,16GB,Apple,14-inch,16GB
3,0.02685546875,2.65625,Dell,14-inch,16GB,Apple,16-inch,4GB
3,0.05810546875,0.0625,Dell,14-inch,16GB,Apple,16-inch,8GB
3,0.05908203125,-0.4375,Dell,14-inch,16GB,Apple,16-inch,16GB
3,-11.5625,6.0625,Dell,16-inch,4GB,ASUS,13-inch,4GB
3,-19.625,6.0625,Dell,16-inch,4GB,ASUS,13-inch,8GB
3,-3.96875,6.03125,Dell,16-inch,4GB,ASUS,13-inch,16GB
3,-10.5625,6.0625,Dell,16-inch,4GB,ASUS,14-inch,4GB
3,-18.0,6.0625,Dell,16-inch,4GB,ASUS,14-inch,8GB
3,-3.109375,6.03125,Dell,16-inch,4GB,ASUS,14-inch,16GB
3,-3.828125,6.03125,Dell,16-inch,4GB,ASUS,16-inch,4GB
3,-16.625,6.0625,Dell,16-inch,4GB,ASUS,16-inch,8GB
3,-3.34375,6.03125,Dell,16-inch,4GB,ASUS,16-inch,16GB
3,-9.8125,6.0625,Dell,16-inch,4GB,Lenovo,13-inch,4GB
3,-20.875,6.0625,Dell,16-inch,4GB,Lenovo,13-inch,8GB
3,-3.59375,6.03125,Dell,16-inch,4GB,Lenovo,13-inch,16GB
3,-9.1875,6.0625,Dell,16-inch,4GB,Lenovo,14-inch,4GB
3,-19.25,6.0625,Dell,16-inch,4GB,Lenovo,14-inch,8GB
3,-1.8515625,5.90625,Dell,16-inch,4GB,Lenovo,14-inch,16GB
3,-3.21875,6.03125,Dell,16-inch,4GB,Lenovo,16-inch,4GB
3,-17.25,6.0625,Dell,16-inch,4GB,Lenovo,16-inch,8GB
3,-1.25,5.75,Dell,16-inch,4GB,Lenovo,16-inch,16GB
3,-10.0625,6.0625,Dell,16-inch,4GB,HP,13-inch,4GB
3,-19.625,6.0625,Dell,16-inch,4GB,HP,13-inch,8GB
3,-2.625,6.0,Dell,16-inch,4GB,HP,13-inch,16GB
3,-9.0625,6.0625,Dell,16-inch,4GB,HP,14-inch,4GB
3,-17.625,6.0625,Dell,16-inch,4GB,HP,14-inch,8GB
3,-1.8515625,5.90625,Dell,16-inch,4GB,HP,14-inch,16GB
3,-2.28125,5.96875,Dell,16-inch,4GB,HP,16-inch,4GB
3,-15.3125,6.0625,Dell,16-inch,4GB,HP,16-inch,8GB
3,-1.34375,5.78125,Dell,16-inch,4GB,HP,16-inch,16GB
3,-9.0625,6.0625,Dell,16-inch,4GB,Dell,13-inch,4GB
3,-11.5625,6.0625,Dell,16-inch,4GB,Dell,13-inch,8GB
3,-1.640625,5.875,Dell,16-inch,4GB,Dell,13-inch,16GB
3,-9.1875,6.0625,Dell,16-inch,4GB,Dell,14-inch,4GB
3,-8.9375,6.0625,Dell,16-inch,4GB,Dell,14-inch,8GB
3,-1.078125,5.6875,Dell,16-inch,4GB,Dell,14-inch,16GB
3,-5.1875,6.0625,Dell,16-inch,4GB,Dell,16-inch,8GB
3,-0.8359375,5.53125,Dell,16-inch,4GB,Dell,16-inch,16GB
3,-5.1875,6.0625,Dell,16-inch,4GB,Apple,13-inch,4GB
3,-18.625,6.0625,Dell,16-inch,4GB,Apple,13-inch,8GB
3,-9.6875,6.0625,Dell,16-inch,4GB,Apple,13-inch,16GB
3,-4.1875,6.0625,Dell,16-inch,4GB,Apple,14-inch,4GB
3,-17.625,6.0625,Dell,16-inch,4GB,Apple,14-inch,8GB
3,-6.5625,6.0625,Dell,16-inch,4GB,Apple,14-inch,16GB
3,-0.4140625,5.09375,Dell,16-inch,4GB,Apple,16-inch,4GB
3,-19.625,6.0625,Dell,16-inch,4GB,Apple,16-inch,8GB
3,-10.4375,6.0625,Dell,16-inch,4GB,Apple,16-inch,16GB
3,-6.1875,6.0625,Dell,16-inch,8GB,ASUS,13-inch,4GB
3,-4.3125,6.0625,Dell,16-inch,8GB,ASUS,13-inch,8GB
3,-0.220703125,4.65625,Dell,16-inch,8GB,ASUS,13-inch,16GB
3,-4.8125,6.0625,Dell,16-inch,8GB,ASUS,14-inch,4GB
3,-3.703125,6.03125,Dell,16-inch,8GB,ASUS,14-inch,8GB
3,0.011962890625,3.015625,Dell,16-inch,8GB,ASUS,14-inch,16GB
3,-0.4140625,5.09375,Dell,16-inch,8GB,ASUS,16-inch,4GB
3,-1.953125,5.90625,Dell,16-inch,8GB,ASUS,16-inch,8GB
3,0.060546875,-5.0625,Dell,16-inch,8GB,ASUS,16-inch,16GB
3,-9.6875,6.0625,Dell,16-inch,8GB,Lenovo,13-inch,4GB
3,-3.703125,6.03125,Dell,16-inch,8GB,Lenovo,13-inch,8GB
3,-0.19140625,4.5625,Dell,16-inch,8GB,Lenovo,13-inch,16GB
3,-8.8125,6.0625,Dell,16-inch,8GB,Lenovo,14-inch,4GB
3,-3.109375,6.03125,Dell,16-inch,8GB,Lenovo,14-inch,8GB
3,0.04443359375,1.90625,Dell,16-inch,8GB,Lenovo,14-inch,16GB
3,-2.0625,5.9375,Dell,16-inch,8GB,Lenovo,16-inch,4GB
3,-1.1640625,5.71875,Dell,16-inch,8GB,Lenovo,16-inch,8GB
3,0.060546875,-5.5625,Dell,16-inch,8GB,Lenovo,16-inch,16GB
3,-8.6875,6.0625,Dell,16-inch,8GB,HP,13-inch,4GB
3,-4.6875,6.0625,Dell,16-inch,8GB,HP,13-inch,8GB
3,-0.4140625,5.09375,Dell,16-inch,8GB,HP,13-inch,16GB
3,-7.8125,6.0625,Dell,16-inch,8GB,HP,14-inch,4GB
3,-4.5625,6.0625,Dell,16-inch,8GB,HP,14-inch,8GB
3,-0.0283203125,3.59375,Dell,16-inch,8GB,HP,14-inch,16GB
3,-0.9140625,5.59375,Dell,16-inch,8GB,HP,16-inch,4GB
3,-1.4375,5.8125,Dell,16-inch,8GB,HP,16-inch,8GB
3,0.060546875,-5.1875,Dell,16-inch,8GB,HP,16-inch,16GB
3,-14.5625,6.0625,Dell,16-inch,8GB,Dell,13-inch,4GB
3,-10.3125,6.0625,Dell,16-inch,8GB,Dell,13-inch,8GB
3,-2.171875,5.9375,Dell,16-inch,8GB,Dell,13-inch,16GB
3,-14.8125,6.0625,Dell,16-inch,8GB,Dell,14-inch,4GB
3,-9.6875,6.0625,Dell,16-inch,8GB,Dell,14-inch,8GB
3,-0.6953125,5.4375,Dell,16-inch,8GB,Dell,14-inch,16GB
3,-17.25,6.0625,Dell,16-inch,8GB,Dell,16-inch,4GB
3,0.05908203125,-0.4375,Dell,16-inch,8GB,Dell,16-inch,16GB
3,-1.4375,5.8125,Dell,16-inch,8GB,Apple,13-inch,4GB
3,-0.4140625,5.09375,Dell,16-inch,8GB,Apple,13-inch,8GB
3,-0.06640625,3.9375,Dell,16-inch,8GB,Apple,13-inch,16GB
3,-1.1640625,5.71875,Dell,16-inch,8GB,Apple,14-inch,4GB
3,-0.251953125,4.75,Dell,16-inch,8GB,Apple,14-inch,8GB
3,0.017578125,2.890625,Dell,16-inch,8GB,Apple,14-inch,16GB
3,0.03076171875,2.53125,Dell,16-inch,8GB,Apple,16-inch,4GB
3,-0.326171875,4.9375,Dell,16-inch,8GB,Apple,16-inch,8GB
3,0.060546875,-3.0625,Dell,16-inch,8GB,Apple,16-inch,16GB
3,-15.6875,6.0625,Dell,16-inch,16GB,ASUS,13-inch,4GB
3,-0.0283203125,3.59375,Dell,16-inch,16GB,ASUS,13-inch,8GB
3,-0.08203125,4.0625,Dell,16-inch,16GB,ASUS,13-inch,16GB
3,-14.8125,6.0625,Dell,16-inch,16GB,ASUS,14-inch,4GB
3,-0.03955078125,3.71875,Dell,16-inch,16GB,ASUS,14-inch,8GB
3,-0.0185546875,3.484375,Dell,16-inch,16GB,ASUS,14-inch,16GB
3,-8.6875,6.0625,Dell,16-inch,16GB,ASUS,16-inch,4GB
3,-0.05224609375,3.828125,Dell,16-inch,16GB,ASUS,16-inch,8GB
3,-0.099609375,4.15625,Dell,16-inch,16GB,ASUS,16-inch,16GB
3,-17.0,6.0625,Dell,16-inch,16GB,Lenovo,13-inch,4GB
3,-0.0185546875,3.484375,Dell,16-inch,16GB,Lenovo,13-inch,8GB
3,-0.03955078125,3.71875,Dell,16-inch,16GB,Lenovo,13-inch,16GB
3,-16.375,6.0625,Dell,16-inch,16GB,Lenovo,14-inch,4GB
3,-0.0185546875,3.484375,Dell,16-inch,16GB,Lenovo,14-inch,8GB
3,-0.00146484375,3.25,Dell,16-inch,16GB,Lenovo,14-inch,16GB
3,-10.4375,6.0625,Dell,16-inch,16GB,Lenovo,16-inch,4GB
3,-0.03955078125,3.71875,Dell,16-inch,16GB,Lenovo,16-inch,8GB
3,0.011962890625,3.015625,Dell,16-inch,16GB,Lenovo,16-inch,16GB
3,-17.0,6.0625,Dell,16-inch,16GB,HP,13-inch,4GB
3,0.005615234375,3.125,Dell,16-inch,16GB,HP,13-inch,8GB
3,-0.099609375,4.15625,Dell,16-inch,16GB,HP,13-inch,16GB
3,-15.1875,6.0625,Dell,16-inch,16GB,HP,14-inch,4GB
3,-0.00146484375,3.25,Dell,16-inch,16GB,HP,14-inch,8GB
3,-0.05224609375,3.828125,Dell,16-inch,16GB,HP,14-inch,16GB
3,-9.4375,6.0625,Dell,16-inch,16GB,HP,16-inch,4GB
3,-0.0185546875,3.484375,Dell,16-inch,16GB,HP,16-inch,8GB
3,0.0341796875,2.40625,Dell,16-inch,16GB,HP,16-inch,16GB
3,-20.75,6.0625,Dell,16-inch,16GB,Dell,13-inch,4GB
3,-0.1650390625,4.46875,Dell,16-inch,16GB,Dell,13-inch,8GB
3,-3.59375,6.03125,Dell,16-inch,16GB,Dell,13-inch,16GB
3,-20.375,6.0625,Dell,16-inch,16GB,Dell,14-inch,4GB
3,-0.1650390625,4.46875,Dell,16-inch,16GB,Dell,14-inch,8GB
3,-3.46875,6.03125,Dell,16-inch,16GB,Dell,14-inch,16GB
3,-16.375,6.0625,Dell,16-inch,16GB,Dell,16-inch,4GB
3,-0.369140625,5.0,Dell,16-inch,16GB,Dell,16-inch,8GB
3,-7.8125,6.0625,Dell,16-inch,16GB,Apple,13-inch,4GB
3,-0.140625,4.375,Dell,16-inch,16GB,Apple,13-inch,8GB
3,0.03076171875,2.53125,Dell,16-inch,16GB,Apple,13-inch,16GB
3,-6.0625,6.0625,Dell,16-inch,16GB,Apple,14-inch,4GB
3,-0.119140625,4.25,Dell,16-inch,16GB,Apple,14-inch,8GB
3,0.037353515625,2.296875,Dell,16-inch,16GB,Apple,14-inch,16GB
3,-1.4375,5.8125,Dell,16-inch,16GB,Apple,16-inch,4GB
3,-0.1650390625,4.46875,Dell,16-inch,16GB,Apple,16-inch,8GB
3,0.02685546875,2.65625,Dell,16-inch,16GB,Apple,16-inch,16GB
3,-5.4375,6.0625,Apple,13-inch,4GB,ASUS,13-inch,4GB
3,-23.125,6.0625,Apple,13-inch,4GB,ASUS,13-inch,8GB
3,-5.3125,6.0625,Apple,13-inch,4GB,ASUS,13-inch,16GB
3,-8.1875,6.0625,Apple,13-inch,4GB,ASUS,14-inch,4GB
3,-22.5,6.0625,Apple,13-inch,4GB,ASUS,14-inch,8GB
3,-3.59375,6.03125,Apple,13-inch,4GB,ASUS,14-inch,16GB
3,-1.640625,5.875,Apple,13-inch,4GB,ASUS,16-inch,4GB
3,-12.3125,6.0625,Apple,13-inch,4GB,ASUS,16-inch,8GB
3,-0.03955078125,3.71875,Apple,13-inch,4GB,ASUS,16-inch,16GB
3,-5.6875,6.0625,Apple,13-inch,4GB,Lenovo,13-inch,4GB
3,-24.25,6.0625,Apple,13-inch,4GB,Lenovo,13-inch,8GB
3,-5.1875,6.0625,Apple,13-inch,4GB,Lenovo,13-inch,16GB
3,-7.0625,6.0625,Apple,13-inch,4GB,Lenovo,14-inch,4GB
3,-23.0,6.0625,Apple,13-inch,4GB,Lenovo,14-inch,8GB
3,-1.640625,5.875,Apple,13-inch,4GB,Lenovo,14-inch,16GB
3,-0.326171875,4.9375,Apple,13-inch,4GB,Lenovo,16-inch,4GB
3,-12.8125,6.0625,Apple,13-inch,4GB,Lenovo,16-inch,8GB
3,0.017578125,2.890625,Apple,13-inch,4GB,Lenovo,16-inch,16GB
3,-3.703125,6.03125,Apple,13-inch,4GB,HP,13-inch,4GB
3,-21.5,6.0625,Apple,13-inch,4GB,HP,13-inch,8GB
3,-4.09375,6.03125,Apple,13-inch,4GB,HP,13-inch,16GB
3,-7.1875,6.0625,Apple,13-inch,4GB,HP,14-inch,4GB
3,-21.375,6.0625,Apple,13-inch,4GB,HP,14-inch,8GB
3,-2.28125,5.96875,Apple,13-inch,4GB,HP,14-inch,16GB
3,-0.765625,5.5,Apple,13-inch,4GB,HP,16-inch,4GB
3,-12.1875,6.0625,Apple,13-inch,4GB,HP,16-inch,8GB
3,-0.0185546875,3.484375,Apple,13-inch,4GB,HP,16-inch,16GB
3,-5.3125,6.0625,Apple,13-inch,4GB,Dell,13-inch,4GB
3,-21.5,6.0625,Apple,13-inch,4GB,Dell,13-inch,8GB
3,-2.171875,5.9375,Apple,13-inch,4GB,Dell,13-inch,16GB
3,-7.3125,6.0625,Apple,13-inch,4GB,Dell,14-inch,4GB
3,-20.5,6.0625,Apple,13-inch,4GB,Dell,14-inch,8GB
3,-0.6953125,5.4375,Apple,13-inch,4GB,Dell,14-inch,16GB
3,-0.515625,5.25,Apple,13-inch,4GB,Dell,16-inch,4GB
3,-8.0625,6.0625,Apple,13-inch,4GB,Dell,16-inch,8GB
3,0.0537109375,1.0625,Apple,13-inch,4GB,Dell,16-inch,16GB
3,-14.3125,6.0625,Apple,13-inch,4GB,Apple,13-inch,8GB
3,-0.0283203125,3.59375,Apple,13-inch,4GB,Apple,13-inch,16GB
3,-5.6875,6.0625,Apple,13-inch,4GB,Apple,14-inch,4GB
3,-16.375,6.0625,Apple,13-inch,4GB,Apple,14-inch,8GB
3,0.052978515625,1.1875,Apple,13-inch,4GB,Apple,14-inch,16GB
3,-0.6328125,5.375,Apple,13-inch,4GB,Apple,16-inch,4GB
3,-1.1640625,5.71875,Apple,13-inch,4GB,Apple,16-inch,8GB
3,0.060302734375,-2.8125,Apple,13-inch,4GB,Apple,16-inch,16GB
3,-0.1650390625,4.46875,Apple,13-inch,8GB,ASUS,13-inch,4GB
3,-1.7421875,5.875,Apple,13-inch,8GB,ASUS,13-inch,8GB
3,0.060546875,-4.8125,Apple,13-inch,8GB,ASUS,13-inch,16GB
3,0.0224609375,2.78125,Apple,13-inch,8GB,ASUS,14-inch,4GB
3,-0.9140625,5.59375,Apple,13-inch,8GB,ASUS,14-inch,8GB
3,0.060546875,-6.3125,Apple,13-inch,8GB,ASUS,14-inch,16GB
3,0.057373046875,0.3125,Apple,13-inch,8GB,ASUS,16-inch,4GB
3,-0.06640625,3.9375,Apple,13-inch,8GB,ASUS,16-inch,8GB
3,0.060546875,-7.9375,Apple,13-inch,8GB,ASUS,16-inch,16GB
3,-0.765625,5.5,Apple,13-inch,8GB,Lenovo,13-inch,4GB
3,-1.4375,5.8125,Apple,13-inch,8GB,Lenovo,13-inch,8GB
3,0.060546875,-4.4375,Apple,13-inch,8GB,Lenovo,13-inch,16GB
3,-0.05224609375,3.828125,Apple,13-inch,8GB,Lenovo,14-inch,4GB
3,-0.6328125,5.375,Apple,13-inch,8GB,Lenovo,14-inch,8GB
3,0.060546875,-6.6875,Apple,13-inch,8GB,Lenovo,14-inch,16GB
3,0.056396484375,0.5625,Apple,13-inch,8GB,Lenovo,16-inch,4GB
3,-0.0185546875,3.484375,Apple,13-inch,8GB,Lenovo,16-inch,8GB
3,0.060546875,-8.0625,Apple,13-inch,8GB,Lenovo,16-inch,16GB
3,-0.326171875,4.9375,Apple,13-inch,8GB,HP,13-inch,4GB
3,-1.078125,5.6875,Apple,13-inch,8GB,HP,13-inch,8GB
3,0.060546875,-5.8125,Apple,13-inch,8GB,HP,13-inch,16GB
3,-0.06640625,3.9375,Apple,13-inch,8GB,HP,14-inch,4GB
3,-0.9140625,5.59375,Apple,13-inch,8GB,HP,14-inch,8GB
3,0.060546875,-7.0625,Apple,13-inch,8GB,HP,14-inch,16GB
3,0.0537109375,1.0625,Apple,13-inch,8GB,HP,16-inch,4GB
3,-0.099609375,4.15625,Apple,13-inch,8GB,HP,16-inch,8GB
3,0.060546875,-7.6875,Apple,13-inch,8GB,HP,16-inch,16GB
3,-0.4140625,5.09375,Apple,13-inch,8GB,Dell,13-inch,4GB
3,-1.25,5.75,Apple,13-inch,8GB,Dell,13-inch,8GB
3,0.060546875,-7.0625,Apple,13-inch,8GB,Dell,13-inch,16GB
3,0.005615234375,3.125,Apple,13-inch,8GB,Dell,14-inch,4GB
3,-0.3671875,5.0,Apple,13-inch,8GB,Dell,14-inch,8GB
3,0.060546875,-7.8125,Apple,13-inch,8GB,Dell,14-inch,16GB
3,0.05859375,-0.1875,Apple,13-inch,8GB,Dell,16-inch,4GB
3,-0.03955078125,3.71875,Apple,13-inch,8GB,Dell,16-inch,8GB
3,0.060546875,-8.8125,Apple,13-inch,8GB,Dell,16-inch,16GB
3,-15.1875,6.0625,Apple,13-inch,8GB,Apple,13-inch,4GB
3,0.060302734375,-2.3125,Apple,13-inch,8GB,Apple,13-inch,16GB
3,0.04248046875,2.03125,Apple,13-inch,8GB,Apple,14-inch,4GB
3,-2.28125,5.96875,Apple,13-inch,8GB,Apple,14-inch,8GB
3,0.060546875,-7.5625,Apple,13-inch,8GB,Apple,14-inch,16GB
3,0.05859375,-0.1875,Apple,13-inch,8GB,Apple,16-inch,4GB
3,-0.6328125,5.375,Apple,13-inch,8GB,Apple,16-inch,8GB
3,0.060546875,-8.5625,Apple,13-inch,8GB,Apple,16-inch,16GB
3,-6.3125,6.0625,Apple,13-inch,16GB,ASUS,13-inch,4GB
3,0.055908203125,0.6875,Apple,13-inch,16GB,ASUS,13-inch,8GB
3,-0.9140625,5.59375,Apple,13-inch,16GB,ASUS,13-inch,16GB
3,-5.3125,6.0625,Apple,13-inch,16GB,ASUS,14-inch,4GB
3,0.059326171875,-0.5625,Apple,13-inch,16GB,ASUS,14-inch,8GB
3,0.04638671875,1.8125,Apple,13-inch,16GB,ASUS,14-inch,16GB
3,-0.19140625,4.5625,Apple,13-inch,16GB,ASUS,16-inch,4GB
3,0.059326171875,-0.6875,Apple,13-inch,16GB,ASUS,16-inch,8GB
3,0.011962890625,3.015625,Apple,13-inch,16GB,ASUS,16-inch,16GB
3,-8.5625,6.0625,Apple,13-inch,16GB,Lenovo,13-inch,4GB
3,0.05517578125,0.8125,Apple,13-inch,16GB,Lenovo,13-inch,8GB
3,-0.251953125,4.75,Apple,13-inch,16GB,Lenovo,13-inch,16GB
3,-9.1875,6.0625,Apple,13-inch,16GB,Lenovo,14-inch,4GB
3,0.059326171875,-0.5625,Apple,13-inch,16GB,Lenovo,14-inch,8GB
3,0.052001953125,1.3125,Apple,13-inch,16GB,Lenovo,14-inch,16GB
3,-0.326171875,4.9375,Apple,13-inch,16GB,Lenovo,16-inch,4GB
3,0.059814453125,-1.1875,Apple,13-inch,16GB,Lenovo,16-inch,8GB
3,0.011962890625,3.015625,Apple,13-inch,16GB,Lenovo,16-inch,16GB
3,-7.9375,6.0625,Apple,13-inch,16GB,HP,13-inch,4GB
3,0.056884765625,0.4375,Apple,13-inch,16GB,HP,13-inch,8GB
3,-0.251953125,4.75,Apple,13-inch,16GB,HP,13-inch,16GB
3,-6.8125,6.0625,Apple,13-inch,16GB,HP,14-inch,4GB
3,0.059814453125,-1.0625,Apple,13-inch,16GB,HP,14-inch,8GB
3,0.0537109375,1.0625,Apple,13-inch,16GB,HP,14-inch,16GB
3,-0.765625,5.5,Apple,13-inch,16GB,HP,16-inch,4GB
3,0.0595703125,-0.9375,Apple,13-inch,16GB,HP,16-inch,8GB
3,0.03076171875,2.53125,Apple,13-inch,16GB,HP,16-inch,16GB
3,-7.1875,6.0625,Apple,13-inch,16GB,Dell,13-inch,4GB
3,0.056396484375,0.5625,Apple,13-inch,16GB,Dell,13-inch,8GB
3,-0.140625,4.375,Apple,13-inch,16GB,Dell,13-inch,16GB
3,-4.9375,6.0625,Apple,13-inch,16GB,Dell,14-inch,4GB
3,0.0595703125,-0.8125,Apple,13-inch,16GB,Dell,14-inch,8GB
3,0.0576171875,0.1875,Apple,13-inch,16GB,Dell,14-inch,16GB
3,-0.099609375,4.15625,Apple,13-inch,16GB,Dell,16-inch,4GB
3,0.06005859375,-1.5625,Apple,13-inch,16GB,Dell,16-inch,8GB
3,0.03076171875,2.53125,Apple,13-inch,16GB,Dell,16-inch,16GB
3,-17.5,6.0625,Apple,13-inch,16GB,Apple,13-inch,4GB
3,-0.6328125,5.375,Apple,13-inch,16GB,Apple,13-inch,8GB
3,-8.3125,6.0625,Apple,13-inch,16GB,Apple,14-inch,4GB
3,0.0595703125,-0.8125,Apple,13-inch,16GB,Apple,14-inch,8GB
3,-1.8515625,5.90625,Apple,13-inch,16GB,Apple,14-inch,16GB
3,-0.03955078125,3.71875,Apple,13-inch,16GB,Apple,16-inch,4GB
3,0.06005859375,-1.6875,Apple,13-inch,16GB,Apple,16-inch,8GB
3,-0.515625,5.25,Apple,13-inch,16GB,Apple,16-inch,16GB
3,-9.1875,6.0625,Apple,14-inch,4GB,ASUS,13-inch,4GB
3,-24.75,6.0625,Apple,14-inch,4GB,ASUS,13-inch,8GB
3,-9.5625,6.0625,Apple,14-inch,4GB,ASUS,13-inch,16GB
3,-7.1875,6.0625,Apple,14-inch,4GB,ASUS,14-inch,4GB
3,-21.25,6.0625,Apple,14-inch,4GB,ASUS,14-inch,8GB
3,-6.0625,6.0625,Apple,14-inch,4GB,ASUS,14-inch,16GB
3,-3.96875,6.03125,Apple,14-inch,4GB,ASUS,16-inch,4GB
3,-14.5625,6.0625,Apple,14-inch,4GB,ASUS,16-inch,8GB
3,-0.19140625,4.5625,Apple,14-inch,4GB,ASUS,16-inch,16GB
3,-7.5625,6.0625,Apple,14-inch,4GB,Lenovo,13-inch,4GB
3,-24.875,6.0625,Apple,14-inch,4GB,Lenovo,13-inch,8GB
3,-5.4375,6.0625,Apple,14-inch,4GB,Lenovo,13-inch,16GB
3,-7.8125,6.0625,Apple,14-inch,4GB,Lenovo,14-inch,4GB
3,-22.5,6.0625,Apple,14-inch,4GB,Lenovo,14-inch,8GB
3,-5.5625,6.0625,Apple,14-inch,4GB,Lenovo,14-inch,16GB
3,-1.4375,5.8125,Apple,14-inch,4GB,Lenovo,16-inch,4GB
3,-15.1875,6.0625,Apple,14-inch,4GB,Lenovo,16-inch,8GB
3,0.005615234375,3.125,Apple,14-inch,4GB,Lenovo,16-inch,16GB
3,-6.9375,6.0625,Apple,14-inch,4GB,HP,13-inch,4GB
3,-24.25,6.0625,Apple,14-inch,4GB,HP,13-inch,8GB
3,-4.6875,6.0625,Apple,14-inch,4GB,HP,13-inch,16GB
3,-6.1875,6.0625,Apple,14-inch,4GB,HP,14-inch,4GB
3,-20.375,6.0625,Apple,14-inch,4GB,HP,14-inch,8GB
3,-4.9375,6.0625,Apple,14-inch,4GB,HP,14-inch,16GB
3,-2.0625,5.9375,Apple,14-inch,4GB,HP,16-inch,4GB
3,-14.8125,6.0625,Apple,14-inch,4GB,HP,16-inch,8GB
3,-0.06640625,3.9375,Apple,14-inch,4GB,HP,16-inch,16GB
3,-8.1875,6.0625,Apple,14-inch,4GB,Dell,13-inch,4GB
3,-23.875,6.0625,Apple,14-inch,4GB,Dell,13-inch,8GB
3,-3.109375,6.03125,Apple,14-inch,4GB,Dell,13-inch,16GB
3,-7.9375,6.0625,Apple,14-inch,4GB,Dell,14-inch,4GB
3,-20.25,6.0625,Apple,14-inch,4GB,Dell,14-inch,8GB
3,-3.34375,6.03125,Apple,14-inch,4GB,Dell,14-inch,16GB
3,-1.640625,5.875,Apple,14-inch,4GB,Dell,16-inch,4GB
3,-11.0625,6.0625,Apple,14-inch,4GB,Dell,16-inch,8GB
3,0.049560546875,1.5625,Apple,14-inch,4GB,Dell,16-inch,16GB
3,-3.21875,6.03125,Apple,14-inch,4GB,Apple,13-inch,4GB
3,-21.25,6.0625,Apple,14-inch,4GB,Apple,13-inch,8GB
3,-0.06640625,3.9375,Apple,14-inch,4GB,Apple,13-inch,16GB
3,-13.9375,6.0625,Apple,14-inch,4GB,Apple,14-inch,8GB
3,-0.251953125,4.75,Apple,14-inch,4GB,Apple,14-inch,16GB
3,-1.078125,5.6875,Apple,14-inch,4GB,Apple,16-inch,4GB
3,-2.625,6.0,Apple,14-inch,4GB,Apple,16-inch,8GB
3,0.060302734375,-2.0625,Apple,14-inch,4GB,Apple,16-inch,16GB
3,-3.96875,6.03125,Apple,14-inch,8GB,ASUS,13-inch,4GB
3,-3.703125,6.03125,Apple,14-inch,8GB,ASUS,13-inch,8GB
3,0.06005859375,-1.5625,Apple,14-inch,8GB,ASUS,13-inch,16GB
3,-0.9921875,5.625,Apple,14-inch,8GB,ASUS,14-inch,4GB
3,-2.171875,5.9375,Apple,14-inch,8GB,ASUS,14-inch,8GB
3,0.060546875,-6.8125,Apple,14-inch,8GB,ASUS,14-inch,16GB
3,0.0546875,0.9375,Apple,14-inch,8GB,ASUS,16-inch,4GB
3,-0.515625,5.25,Apple,14-inch,8GB,ASUS,16-inch,8GB
3,0.060546875,-9.3125,Apple,14-inch,8GB,ASUS,16-inch,16GB
3,-6.0625,6.0625,Apple,14-inch,8GB,Lenovo,13-inch,4GB
3,-2.0625,5.9375,Apple,14-inch,8GB,Lenovo,13-inch,8GB
3,0.060302734375,-2.8125,Apple,14-inch,8GB,Lenovo,13-inch,16GB
3,-2.515625,5.96875,Apple,14-inch,8GB,Lenovo,14-inch,4GB
3,-1.7421875,5.875,Apple,14-inch,8GB,Lenovo,14-inch,8GB
3,0.060546875,-6.5625,Apple,14-inch,8GB,Lenovo,14-inch,16GB
3,0.049560546875,1.5625,Apple,14-inch,8GB,Lenovo,16-inch,4GB
3,-0.251953125,4.75,Apple,14-inch,8GB,Lenovo,16-inch,8GB
3,0.060546875,-9.3125,Apple,14-inch,8GB,Lenovo,16-inch,16GB
3,-7.3125,6.0625,Apple,14-inch,8GB,HP,13-inch,4GB
3,-2.625,6.0,Apple,14-inch,8GB,HP,13-inch,8GB
3,0.060546875,-3.0625,Apple,14-inch,8GB,HP,13-inch,16GB
3,-2.40625,5.96875,Apple,14-inch,8GB,HP,14-inch,4GB
3,-1.8515625,5.90625,Apple,14-inch,8GB,HP,14-inch,8GB
3,0.060546875,-7.4375,Apple,14-inch,8GB,HP,14-inch,16GB
3,0.0400390625,2.171875,Apple,14-inch,8GB,HP,16-inch,4GB
3,-0.4140625,5.09375,Apple,14-inch,8GB,HP,16-inch,8GB
3,0.060546875,-9.0625,Apple,14-inch,8GB,HP,16-inch,16GB
3,-6.1875,6.0625,Apple,14-inch,8GB,Dell,13-inch,4GB
3,-1.4375,5.8125,Apple,14-inch,8GB,Dell,13-inch,8GB
3,0.060546875,-3.1875,Apple,14-inch,8GB,Dell,13-inch,16GB
3,-1.640625,5.875,Apple,14-inch,8GB,Dell,14-inch,4GB
3,-1.7421875,5.875,Apple,14-inch,8GB,Dell,14-inch,8GB
3,0.060546875,-8.0625,Apple,14-inch,8GB,Dell,14-inch,16GB
3,0.05517578125,0.8125,Apple,14-inch,8GB,Dell,16-inch,4GB
3,-0.287109375,4.84375,Apple,14-inch,8GB,Dell,16-inch,8GB
3,0.060546875,-9.9375,Apple,14-inch,8GB,Dell,16-inch,16GB
3,-10.8125,6.0625,Apple,14-inch,8GB,Apple,13-inch,4GB
3,-9.6875,6.0625,Apple,14-inch,8GB,Apple,13-inch,8GB
3,0.060546875,-4.6875,Apple,14-inch,8GB,Apple,13-inch,16GB
3,-17.0,6.0625,Apple,14-inch,8GB,Apple,14-inch,4GB
3,0.060546875,-3.3125,Apple,14-inch,8GB,Apple,14-inch,16GB
3,0.05810546875,0.0625,Apple,14-inch,8GB,Apple,16-inch,4GB
3,-1.078125,5.6875,Apple,14-inch,8GB,Apple,16-inch,8GB
3,0.060546875,-9.1875,Apple,14-inch,8GB,Apple,16-inch,16GB
3,-14.8125,6.0625,Apple,14-inch,16GB,ASUS,13-inch,4GB
3,0.04248046875,2.03125,Apple,14-inch,16GB,ASUS,13-inch,8GB
3,-0.00146484375,3.25,Apple,14-inch,16GB,ASUS,13-inch,16GB
3,-9.1875,6.0625,Apple,14-inch,16GB,ASUS,14-inch,4GB
3,0.04443359375,1.90625,Apple,14-inch,16GB,ASUS,14-inch,8GB
3,-0.4140625,5.09375,Apple,14-inch,16GB,ASUS,14-inch,16GB
3,-0.9140625,5.59375,Apple,14-inch,16GB,ASUS,16-inch,4GB
3,0.055908203125,0.6875,Apple,14-inch,16GB,ASUS,16-inch,8GB
3,0.03076171875,2.53125,Apple,14-inch,16GB,ASUS,16-inch,16GB
3,-16.375,6.0625,Apple,14-inch,16GB,Lenovo,13-inch,4GB
3,0.04638671875,1.8125,Apple,14-inch,16GB,Lenovo,13-inch,8GB
3,0.03076171875,2.53125,Apple,14-inch,16GB,Lenovo,13-inch,16GB
3,-11.8125,6.0625,Apple,14-inch,16GB,Lenovo,14-inch,4GB
3,0.04248046875,2.03125,Apple,14-inch,16GB,Lenovo,14-inch,8GB
3,-0.140625,4.375,Apple,14-inch,16GB,Lenovo,14-inch,16GB
3,-1.640625,5.875,Apple,14-inch,16GB,Lenovo,16-inch,4GB
3,0.056884765625,0.4375,Apple,14-inch,16GB,Lenovo,16-inch,8GB
3,0.03076171875,2.53125,Apple,14-inch,16GB,Lenovo,16-inch,16GB
3,-17.5,6.0625,Apple,14-inch,16GB,HP,13-inch,4GB
3,0.048095703125,1.6875,Apple,14-inch,16GB,HP,13-inch,8GB
3,0.017578125,2.890625,Apple,14-inch,16GB,HP,13-inch,16GB
3,-11.0625,6.0625,Apple,14-inch,16GB,HP,14-inch,4GB
3,0.049560546875,1.5625,Apple,14-inch,16GB,HP,14-inch,8GB
3,-0.099609375,4.15625,Apple,14-inch,16GB,HP,14-inch,16GB
3,-2.0625,5.9375,Apple,14-inch,16GB,HP,16-inch,4GB
3,0.056884765625,0.4375,Apple,14-inch,16GB,HP,16-inch,8GB
3,0.04638671875,1.8125,Apple,14-inch,16GB,HP,16-inch,16GB
3,-15.8125,6.0625,Apple,14-inch,16GB,Dell,13-inch,4GB
3,0.04248046875,2.03125,Apple,14-inch,16GB,Dell,13-inch,8GB
3,0.04248046875,2.03125,Apple,14-inch,16GB,Dell,13-inch,16GB
3,-9.6875,6.0625,Apple,14-inch,16GB,Dell,14-inch,4GB
3,0.04443359375,1.90625,Apple,14-inch,16GB,Dell,14-inch,8GB
3,-0.03955078125,3.71875,Apple,14-inch,16GB,Dell,14-inch,16GB
3,-0.9140625,5.59375,Apple,14-inch,16GB,Dell,16-inch,4GB
3,0.058349609375,-0.0625,Apple,14-inch,16GB,Dell,16-inch,8GB
3,0.037353515625,2.296875,Apple,14-inch,16GB,Dell,16-inch,16GB
3,-17.875,6.0625,Apple,14-inch,16GB,Apple,13-inch,4GB
3,0.005615234375,3.125,Apple,14-inch,16GB,Apple,13-inch,8GB
3,-4.6875,6.0625,Apple,14-inch,16GB,Apple,13-inch,16GB
3,-17.875,6.0625,Apple,14-inch,16GB,Apple,14-inch,4GB
3,-1.078125,5.6875,Apple,14-inch,16GB,Apple,14-inch,8GB
3,-0.1650390625,4.46875,Apple,14-inch,16GB,Apple,16-inch,4GB
3,0.059326171875,-0.6875,Apple,14-inch,16GB,Apple,16-inch,8GB
3,-0.4140625,5.09375,Apple,14-inch,16GB,Apple,16-inch,16GB
3,-17.75,6.0625,Apple,16-inch,4GB,ASUS,13-inch,4GB
3,-23.625,6.0625,Apple,16-inch,4GB,ASUS,13-inch,8GB
3,-13.4375,6.0625,Apple,16-inch,4GB,ASUS,13-inch,16GB
3,-17.375,6.0625,Apple,16-inch,4GB,ASUS,14-inch,4GB
3,-23.125,6.0625,Apple,16-inch,4GB,ASUS,14-inch,8GB
3,-13.3125,6.0625,Apple,16-inch,4GB,ASUS,14-inch,16GB
3,-10.0625,6.0625,Apple,16-inch,4GB,ASUS,16-inch,4GB
3,-23.375,6.0625,Apple,16-inch,4GB,ASUS,16-inch,8GB
3,-17.875,6.0625,Apple,16-inch,4GB,ASUS,16-inch,16GB
3,-15.8125,6.0625,Apple,16-inch,4GB,Lenovo,13-inch,4GB
3,-24.0,6.0625,Apple,16-inch,4GB,Lenovo,13-inch,8GB
3,-14.3125,6.0625,Apple,16-inch,4GB,Lenovo,13-inch,16GB
3,-15.9375,6.0625,Apple,16-inch,4GB,Lenovo,14-inch,4GB
3,-23.25,6.0625,Apple,16-inch,4GB,Lenovo,14-inch,8GB
3,-12.8125,6.0625,Apple,16-inch,4GB,Lenovo,14-inch,16GB
3,-9.9375,6.0625,Apple,16-inch,4GB,Lenovo,16-inch,4GB
3,-23.75,6.0625,Apple,16-inch,4GB,Lenovo,16-inch,8GB
3,-17.75,6.0625,Apple,16-inch,4GB,Lenovo,16-inch,16GB
3,-16.25,6.0625,Apple,16-inch,4GB,HP,13-inch,4GB
3,-23.5,6.0625,Apple,16-inch,4GB,HP,13-inch,8GB
3,-12.5625,6.0625,Apple,16-inch,4GB,HP,13-inch,16GB
3,-16.375,6.0625,Apple,16-inch,4GB,HP,14-inch,4GB
3,-22.875,6.0625,Apple,16-inch,4GB,HP,14-inch,8GB
3,-12.0625,6.0625,Apple,16-inch,4GB,HP,14-inch,16GB
3,-8.6875,6.0625,Apple,16-inch,4GB,HP,16-inch,4GB
3,-22.625,6.0625,Apple,16-inch,4GB,HP,16-inch,8GB
3,-16.5,6.0625,Apple,16-inch,4GB,HP,16-inch,16GB
3,-16.25,6.0625,Apple,16-inch,4GB,Dell,13-inch,4GB
3,-23.375,6.0625,Apple,16-inch,4GB,Dell,13-inch,8GB
3,-9.4375,6.0625,Apple,16-inch,4GB,Dell,13-inch,16GB
3,-16.5,6.0625,Apple,16-inch,4GB,Dell,14-inch,4GB
3,-22.5,6.0625,Apple,16-inch,4GB,Dell,14-inch,8GB
3,-10.3125,6.0625,Apple,16-inch,4GB,Dell,14-inch,16GB
3,-10.1875,6.0625,Apple,16-inch,4GB,Dell,16-inch,4GB
3,-22.125,6.0625,Apple,16-inch,4GB,Dell,16-inch,8GB
3,-13.3125,6.0625,Apple,16-inch,4GB,Dell,16-inch,16GB
3,-15.3125,6.0625,Apple,16-inch,4GB,Apple,13-inch,4GB
3,-22.125,6.0625,Apple,16-inch,4GB,Apple,13-inch,8GB
3,-10.3125,6.0625,Apple,16-inch,4GB,Apple,13-inch,16GB
3,-15.0625,6.0625,Apple,16-inch,4GB,Apple,14-inch,4GB
3,-21.125,6.0625,Apple,16-inch,4GB,Apple,14-inch,8GB
3,-8.9375,6.0625,Apple,16-inch,4GB,Apple,14-inch,16GB
3,-20.5,6.0625,Apple,16-inch,4GB,Apple,16-inch,8GB
3,-15.8125,6.0625,Apple,16-inch,4GB,Apple,16-inch,16GB
3,-4.1875,6.0625,Apple,16-inch,8GB,ASUS,13-inch,4GB
3,-5.0625,6.0625,Apple,16-inch,8GB,ASUS,13-inch,8GB
3,-0.326171875,4.9375,Apple,16-inch,8GB,ASUS,13-inch,16GB
3,-4.09375,6.03125,Apple,16-inch,8GB,ASUS,14-inch,4GB
3,-5.5625,6.0625,Apple,16-inch,8GB,ASUS,14-inch,8GB
3,-0.119140625,4.25,Apple,16-inch,8GB,ASUS,14-inch,16GB
3,-1.078125,5.6875,Apple,16-inch,8GB,ASUS,16-inch,4GB
3,-4.6875,6.0625,Apple,16-inch,8GB,ASUS,16-inch,8GB
3,0.060546875,-3.0625,Apple,16-inch,8GB,ASUS,16-inch,16GB
3,-7.4375,6.0625,Apple,16-inch,8GB,Lenovo,13-inch,4GB
3,-4.09375,6.03125,Apple,16-inch,8GB,Lenovo,13-inch,8GB
3,-0.3671875,5.0,Apple,16-inch,8GB,Lenovo,13-inch,16GB
3,-6.9375,6.0625,Apple,16-inch,8GB,Lenovo,14-inch,4GB
3,-4.5625,6.0625,Apple,16-inch,8GB,Lenovo,14-inch,8GB
3,-0.099609375,4.15625,Apple,16-inch,8GB,Lenovo,14-inch,16GB
3,-2.171875,5.9375,Apple,16-inch,8GB,Lenovo,16-inch,4GB
3,-3.59375,6.03125,Apple,16-inch,8GB,Lenovo,16-inch,8GB
3,0.060302734375,-1.9375,Apple,16-inch,8GB,Lenovo,16-inch,16GB
3,-8.4375,6.0625,Apple,16-inch,8GB,HP,13-inch,4GB
3,-5.8125,6.0625,Apple,16-inch,8GB,HP,13-inch,8GB
3,-0.765625,5.5,Apple,16-inch,8GB,HP,13-inch,16GB
3,-7.5625,6.0625,Apple,16-inch,8GB,HP,14-inch,4GB
3,-6.0625,6.0625,Apple,16-inch,8GB,HP,14-inch,8GB
3,-0.19140625,4.5625,Apple,16-inch,8GB,HP,14-inch,16GB
3,-1.953125,5.90625,Apple,16-inch,8GB,HP,16-inch,4GB
3,-4.09375,6.03125,Apple,16-inch,8GB,HP,16-inch,8GB
3,0.060302734375,-2.5625,Apple,16-inch,8GB,HP,16-inch,16GB
3,-7.5625,6.0625,Apple,16-inch,8GB,Dell,13-inch,4GB
3,-3.828125,6.03125,Apple,16-inch,8GB,Dell,13-inch,8GB
3,-0.1650390625,4.46875,Apple,16-inch,8GB,Dell,13-inch,16GB
3,-7.3125,6.0625,Apple,16-inch,8GB,Dell,14-inch,4GB
3,-3.96875,6.03125,Apple,16-inch,8GB,Dell,14-inch,8GB
3,-0.00927734375,3.375,Apple,16-inch,8GB,Dell,14-inch,16GB
3,-1.7421875,5.875,Apple,16-inch,8GB,Dell,16-inch,4GB
3,-4.5625,6.0625,Apple,16-inch,8GB,Dell,16-inch,8GB
3,0.060546875,-3.8125,Apple,16-inch,8GB,Dell,16-inch,16GB
3,-12.3125,6.0625,Apple,16-inch,8GB,Apple,13-inch,4GB
3,-11.9375,6.0625,Apple,16-inch,8GB,Apple,13-inch,8GB
3,-0.9921875,5.625,Apple,16-inch,8GB,Apple,13-inch,16GB
3,-12.9375,6.0625,Apple,16-inch,8GB,Apple,14-inch,4GB
3,-10.8125,6.0625,Apple,16-inch,8GB,Apple,14-inch,8GB
3,-0.9921875,5.625,Apple,16-inch,8GB,Apple,14-inch,16GB
3,-18.375,6.0625,Apple,16-inch,8GB,Apple,16-inch,4GB
3,-0.3671875,5.0,Apple,16-inch,8GB,Apple,16-inch,16GB
3,-14.3125,6.0625,Apple,16-inch,16GB,ASUS,13-inch,4GB
3,-0.099609375,4.15625,Apple,16-inch,16GB,ASUS,13-inch,8GB
3,-0.287109375,4.84375,Apple,16-inch,16GB,ASUS,13-inch,16GB
3,-13.6875,6.0625,Apple,16-inch,16GB,ASUS,14-inch,4GB
3,-0.1650390625,4.46875,Apple,16-inch,16GB,ASUS,14-inch,8GB
3,-0.19140625,4.5625,Apple,16-inch,16GB,ASUS,14-inch,16GB
3,-11.3125,6.0625,Apple,16-inch,16GB,ASUS,16-inch,4GB
3,-0.1650390625,4.46875,Apple,16-inch,16GB,ASUS,16-inch,8GB
3,-2.28125,5.96875,Apple,16-inch,16GB,ASUS,16-inch,16GB
3,-15.1875,6.0625,Apple,16-inch,16GB,Lenovo,13-inch,4GB
3,-0.140625,4.375,Apple,16-inch,16GB,Lenovo,13-inch,8GB
3,-0.220703125,4.65625,Apple,16-inch,16GB,Lenovo,13-inch,16GB
3,-15.0625,6.0625,Apple,16-inch,16GB,Lenovo,14-inch,4GB
3,-0.140625,4.375,Apple,16-inch,16GB,Lenovo,14-inch,8GB
3,-0.1650390625,4.46875,Apple,16-inch,16GB,Lenovo,14-inch,16GB
3,-12.6875,6.0625,Apple,16-inch,16GB,Lenovo,16-inch,4GB
3,-0.251953125,4.75,Apple,16-inch,16GB,Lenovo,16-inch,8GB
3,-1.25,5.75,Apple,16-inch,16GB,Lenovo,16-inch,16GB
3,-15.8125,6.0625,Apple,16-inch,16GB,HP,13-inch,4GB
3,-0.06640625,3.9375,Apple,16-inch,16GB,HP,13-inch,8GB
3,-0.3671875,5.0,Apple,16-inch,16GB,HP,13-inch,16GB
3,-15.8125,6.0625,Apple,16-inch,16GB,HP,14-inch,4GB
3,-0.08203125,4.0625,Apple,16-inch,16GB,HP,14-inch,8GB
3,-0.220703125,4.65625,Apple,16-inch,16GB,HP,14-inch,16GB
3,-12.8125,6.0625,Apple,16-inch,16GB,HP,16-inch,4GB
3,-0.119140625,4.25,Apple,16-inch,16GB,HP,16-inch,8GB
3,-0.9140625,5.59375,Apple,16-inch,16GB,HP,16-inch,16GB
3,-14.8125,6.0625,Apple,16-inch,16GB,Dell,13-inch,4GB
3,-0.119140625,4.25,Apple,16-inch,16GB,Dell,13-inch,8GB
3,-0.19140625,4.5625,Apple,16-inch,16GB,Dell,13-inch,16GB
3,-15.0625,6.0625,Apple,16-inch,16GB,Dell,14-inch,4GB
3,-0.140625,4.375,Apple,16-inch,16GB,Dell,14-inch,8GB
3,-0.140625,4.375,Apple,16-inch,16GB,Dell,14-inch,16GB
3,-10.9375,6.0625,Apple,16-inch,16GB,Dell,16-inch,4GB
3,-0.19140625,4.5625,Apple,16-inch,16GB,Dell,16-inch,8GB
3,-0.765625,5.5,Apple,16-inch,16GB,Dell,16-inch,16GB
3,-19.375,6.0625,Apple,16-inch,16GB,Apple,13-inch,4GB
3,-0.5703125,5.3125,Apple,16-inch,16GB,Apple,13-inch,8GB
3,-7.5625,6.0625,Apple,16-inch,16GB,Apple,13-inch,16GB
3,-19.625,6.0625,Apple,16-inch,16GB,Apple,14-inch,4GB
3,-0.5703125,5.3125,Apple,16-inch,16GB,Apple,14-inch,8GB
3,-7.1875,6.0625,Apple,16-inch,16GB,Apple,14-inch,16GB
3,-17.375,6.0625,Apple,16-inch,16GB,Apple,16-inch,4GB
3,-1.1640625,5.71875,Apple,16-inch,16GB,Apple,16-inch,8GB
4,-4.8125,6.0625,ASUS,13-inch,4GB,ASUS,13-inch,8GB
4,0.05078125,1.4375,ASUS,13-inch,4GB,ASUS,13-inch,16GB
4,-1.7421875,5.875,ASUS,13-inch,4GB,ASUS,14-inch,4GB
4,-5.9375,6.0625,ASUS,13-inch,4GB,ASUS,14-inch,8GB
4,0.0595703125,-0.9375,ASUS,13-inch,4GB,ASUS,14-inch,16GB
4,-0.326171875,4.9375,ASUS,13-inch,4GB,ASUS,16-inch,4GB
4,-0.1650390625,4.46875,ASUS,13-inch,4GB,ASUS,16-inch,8GB
4,0.060546875,-4.5625,ASUS,13-inch,4GB,ASUS,16-inch,16GB
4,-0.6328125,5.375,ASUS,13-inch,4GB,Lenovo,13-inch,4GB
4,-11.5625,6.0625,ASUS,13-inch,4GB,Lenovo,13-inch,8GB
4,-0.1650390625,4.46875,ASUS,13-inch,4GB,Lenovo,13-inch,16GB
4,-0.6328125,5.375,ASUS,13-inch,4GB,Lenovo,14-inch,4GB
4,-9.4375,6.0625,ASUS,13-inch,4GB,Lenovo,14-inch,8GB
4,0.04638671875,1.8125,ASUS,13-inch,4GB,Lenovo,14-inch,16GB
4,-0.00927734375,3.375,ASUS,13-inch,4GB,Lenovo,16-inch,4GB
4,-0.9140625,5.59375,ASUS,13-inch,4GB,Lenovo,16-inch,8GB
4,0.060302734375,-2.9375,ASUS,13-inch,4GB,Lenovo,16-inch,16GB
4,-0.3671875,5.0,ASUS,13-inch,4GB,HP,13-inch,4GB
4,-9.8125,6.0625,ASUS,13-inch,4GB,HP,13-inch,8GB
4,-0.099609375,4.15625,ASUS,13-inch,4GB,HP,13-inch,16GB
4,-0.515625,5.25,ASUS,13-inch,4GB,HP,14-inch,4GB
4,-8.8125,6.0625,ASUS,13-inch,4GB,HP,14-inch,8GB
4,-0.00146484375,3.25,ASUS,13-inch,4GB,HP,14-inch,16GB
4,-0.00927734375,3.375,ASUS,13-inch,4GB,HP,16-inch,4GB
4,-0.9140625,5.59375,ASUS,13-inch,4GB,HP,16-inch,8GB
4,0.06005859375,-1.4375,ASUS,13-inch,4GB,HP,16-inch,16GB
4,-0.765625,5.5,ASUS,13-inch,4GB,Dell,13-inch,4GB
4,-7.9375,6.0625,ASUS,13-inch,4GB,Dell,13-inch,8GB
4,0.011962890625,3.015625,ASUS,13-inch,4GB,Dell,13-inch,16GB
4,-0.765625,5.5,ASUS,13-inch,4GB,Dell,14-inch,4GB
4,-5.5625,6.0625,ASUS,13-inch,4GB,Dell,14-inch,8GB
4,0.0546875,0.9375,ASUS,13-inch,4GB,Dell,14-inch,16GB
4,-0.03955078125,3.71875,ASUS,13-inch,4GB,Dell,16-inch,4GB
4,-0.19140625,4.5625,ASUS,13-inch,4GB,Dell,16-inch,8GB
4,0.060546875,-5.0625,ASUS,13-inch,4GB,Dell,16-inch,16GB
4,-0.099609375,4.15625,ASUS,13-inch,4GB,Apple,13-inch,4GB
4,-14.1875,6.0625,ASUS,13-inch,4GB,Apple,13-inch,8GB
4,-3.703125,6.03125,ASUS,13-inch,4GB,Apple,13-inch,16GB
4,-0.03955078125,3.71875,ASUS,13-inch,4GB,Apple,14-inch,4GB
4,-10.9375,6.0625,ASUS,13-inch,4GB,Apple,14-inch,8GB
4,-0.9140625,5.59375,ASUS,13-inch,4GB,Apple,14-inch,16GB
4,0.052978515625,1.1875,ASUS,13-inch,4GB,Apple,16-inch,4GB
4,-2.515625,5.96875,ASUS,13-inch,4GB,Apple,16-inch,8GB
4,0.04638671875,1.8125,ASUS,13-inch,4GB,Apple,16-inch,16GB
4,-15.9375,6.0625,ASUS,13-inch,8GB,ASUS,13-inch,4GB
4,0.059326171875,-0.6875,ASUS,13-inch,8GB,ASUS,13-inch,16GB
4,0.04638671875,1.8125,ASUS,13-inch,8GB,ASUS,14-inch,4GB
4,-2.625,6.0,ASUS,13-inch,8GB,ASUS,14-inch,8GB
4,0.060546875,-6.0625,ASUS,13-inch,8GB,ASUS,14-inch,16GB
4,0.05908203125,-0.4375,ASUS,13-inch,8GB,ASUS,16-inch,4GB
4,-0.8359375,5.53125,ASUS,13-inch,8GB,ASUS,16-inch,8GB
4,0.060546875,-6.5625,ASUS,13-inch,8GB,ASUS,16-inch,16GB
4,-0.119140625,4.25,ASUS,13-inch,8GB,Lenovo,13-inch,4GB
4,-0.6953125,5.4375,ASUS,13-inch,8GB,Lenovo,13-inch,8GB
4,0.060302734375,-2.8125,ASUS,13-inch,8GB,Lenovo,13-inch,16GB
4,-0.03955078125,3.71875,ASUS,13-inch,8GB,Lenovo,14-inch,4GB
4,-0.4140625,5.09375,ASUS,13-inch,8GB,Lenovo,14-inch,8GB
4,0.060546875,-5.1875,ASUS,13-inch,8GB,Lenovo,14-inch,16GB
4,0.05078125,1.4375,ASUS,13-inch,8GB,Lenovo,16-inch,4GB
4,-0.00927734375,3.375,ASUS,13-inch,8GB,Lenovo,16-inch,8GB
4,0.060546875,-6.8125,ASUS,13-inch,8GB,Lenovo,16-inch,16GB
4,0.017578125,2.890625,ASUS,13-inch,8GB,HP,13-inch,4GB
4,-0.515625,5.25,ASUS,13-inch,8GB,HP,13-inch,8GB
4,0.060546875,-3.4375,ASUS,13-inch,8GB,HP,13-inch,16GB
4,0.02685546875,2.65625,ASUS,13-inch,8GB,HP,14-inch,4GB
4,-0.4140625,5.09375,ASUS,13-inch,8GB,HP,14-inch,8GB
4,0.060546875,-4.5625,ASUS,13-inch,8GB,HP,14-inch,16GB
4,0.05810546875,0.0625,ASUS,13-inch,8GB,HP,16-inch,4GB
4,-0.05224609375,3.828125,ASUS,13-inch,8GB,HP,16-inch,8GB
4,0.060546875,-5.9375,ASUS,13-inch,8GB,HP,16-inch,16GB
4,0.011962890625,3.015625,ASUS,13-inch,8GB,Dell,13-inch,4GB
4,-0.765625,5.5,ASUS,13-inch,8GB,Dell,13-inch,8GB
4,0.060546875,-6.0625,ASUS,13-inch,8GB,Dell,13-inch,16GB
4,0.02685546875,2.65625,ASUS,13-inch,8GB,Dell,14-inch,4GB
4,-0.326171875,4.9375,ASUS,13-inch,8GB,Dell,14-inch,8GB
4,0.060546875,-6.9375,ASUS,13-inch,8GB,Dell,14-inch,16GB
4,0.058349609375,-0.0625,ASUS,13-inch,8GB,Dell,16-inch,4GB
4,-0.0185546875,3.484375,ASUS,13-inch,8GB,Dell,16-inch,8GB
4,0.060546875,-8.0625,ASUS,13-inch,8GB,Dell,16-inch,16GB
4,0.04248046875,2.03125,ASUS,13-inch,8GB,Apple,13-inch,4GB
4,-0.5703125,5.3125,ASUS,13-inch,8GB,Apple,13-inch,8GB
4,0.04638671875,1.8125,ASUS,13-inch,8GB,Apple,13-inch,16GB
4,0.04443359375,1.90625,ASUS,13-inch,8GB,Apple,14-inch,4GB
4,0.005615234375,3.125,ASUS,13-inch,8GB,Apple,14-inch,8GB
4,0.058837890625,-0.3125,ASUS,13-inch,8GB,Apple,14-inch,16GB
4,0.056884765625,0.4375,ASUS,13-inch,8GB,Apple,16-inch,4GB
4,0.052001953125,1.3125,ASUS,13-inch,8GB,Apple,16-inch,8GB
4,0.060546875,-4.5625,ASUS,13-inch,8GB,Apple,16-inch,16GB
4,-15.9375,6.0625,ASUS,13-inch,16GB,ASUS,13-inch,4GB
4,-0.0185546875,3.484375,ASUS,13-inch,16GB,ASUS,13-inch,8GB
4,-9.8125,6.0625,ASUS,13-inch,16GB,ASUS,14-inch,4GB
4,0.0595703125,-0.8125,ASUS,13-inch,16GB,ASUS,14-inch,8GB
4,-0.9921875,5.625,ASUS,13-inch,16GB,ASUS,14-inch,16GB
4,-0.0283203125,3.59375,ASUS,13-inch,16GB,ASUS,16-inch,4GB
4,0.059814453125,-1.3125,ASUS,13-inch,16GB,ASUS,16-inch,8GB
4,-0.6953125,5.4375,ASUS,13-inch,16GB,ASUS,16-inch,16GB
4,-4.5625,6.0625,ASUS,13-inch,16GB,Lenovo,13-inch,4GB
4,0.0595703125,-0.9375,ASUS,13-inch,16GB,Lenovo,13-inch,8GB
4,0.0224609375,2.78125,ASUS,13-inch,16GB,Lenovo,13-inch,16GB
4,-6.0625,6.0625,ASUS,13-inch,16GB,Lenovo,14-inch,4GB
4,0.06005859375,-1.8125,ASUS,13-inch,16GB,Lenovo,14-inch,8GB
4,0.056396484375,0.5625,ASUS,13-inch,16GB,Lenovo,14-inch,16GB
4,-0.220703125,4.65625,ASUS,13-inch,16GB,Lenovo,16-inch,4GB
4,0.060302734375,-2.1875,ASUS,13-inch,16GB,Lenovo,16-inch,8GB
4,0.005615234375,3.125,ASUS,13-inch,16GB,Lenovo,16-inch,16GB
4,-2.875,6.0,ASUS,13-inch,16GB,HP,13-inch,4GB
4,0.059326171875,-0.6875,ASUS,13-inch,16GB,HP,13-inch,8GB
4,0.03076171875,2.53125,ASUS,13-inch,16GB,HP,13-inch,16GB
4,-3.21875,6.03125,ASUS,13-inch,16GB,HP,14-inch,4GB
4,0.06005859375,-1.5625,ASUS,13-inch,16GB,HP,14-inch,8GB
4,0.05810546875,0.0625,ASUS,13-inch,16GB,HP,14-inch,16GB
4,-0.00927734375,3.375,ASUS,13-inch,16GB,HP,16-inch,4GB
4,0.060302734375,-2.0625,ASUS,13-inch,16GB,HP,16-inch,8GB
4,0.0400390625,2.171875,ASUS,13-inch,16GB,HP,16-inch,16GB
4,-2.171875,5.9375,ASUS,13-inch,16GB,Dell,13-inch,4GB
4,0.058837890625,-0.3125,ASUS,13-inch,16GB,Dell,13-inch,8GB
4,-0.00146484375,3.25,ASUS,13-inch,16GB,Dell,13-inch,16GB
4,-2.75,6.0,ASUS,13-inch,16GB,Dell,14-inch,4GB
4,0.06005859375,-1.5625,ASUS,13-inch,16GB,Dell,14-inch,8GB
4,0.057373046875,0.3125,ASUS,13-inch,16GB,Dell,14-inch,16GB
4,-0.0185546875,3.484375,ASUS,13-inch,16GB,Dell,16-inch,4GB
4,0.060302734375,-2.1875,ASUS,13-inch,16GB,Dell,16-inch,8GB
4,0.03076171875,2.53125,ASUS,13-inch,16GB,Dell,16-inch,16GB
4,-0.0283203125,3.59375,ASUS,13-inch,16GB,Apple,13-inch,4GB
4,0.04638671875,1.8125,ASUS,13-inch,16GB,Apple,13-inch,8GB
4,-0.4140625,5.09375,ASUS,13-inch,16GB,Apple,13-inch,16GB
4,-0.1650390625,4.46875,ASUS,13-inch,16GB,Apple,14-inch,4GB
4,0.056884765625,0.4375,ASUS,13-inch,16GB,Apple,14-inch,8GB
4,-0.0185546875,3.484375,ASUS,13-inch,16GB,Apple,14-inch,16GB
4,0.037353515625,2.296875,ASUS,13-inch,16GB,Apple,16-inch,4GB
4,0.05908203125,-0.4375,ASUS,13-inch,16GB,Apple,16-inch,8GB
4,-0.05224609375,3.828125,ASUS,13-inch,16GB,Apple,16-inch,16GB
4,-0.9140625,5.59375,ASUS,14-inch,4GB,ASUS,13-inch,4GB
4,-12.3125,6.0625,ASUS,14-inch,4GB,ASUS,13-inch,8GB
4,0.04248046875,2.03125,ASUS,14-inch,4GB,ASUS,13-inch,16GB
4,-2.40625,5.96875,ASUS,14-inch,4GB,ASUS,14-inch,8GB
4,0.04248046875,2.03125,ASUS,14-inch,4GB,ASUS,14-inch,16GB
4,-0.4140625,5.09375,ASUS,14-inch,4GB,ASUS,16-inch,4GB
4,-0.326171875,4.9375,ASUS,14-inch,4GB,ASUS,16-inch,8GB
4,0.060302734375,-2.9375,ASUS,14-inch,4GB,ASUS,16-inch,16GB
4,-0.765625,5.5,ASUS,14-inch,4GB,Lenovo,13-inch,4GB
4,-15.5625,6.0625,ASUS,14-inch,4GB,Lenovo,13-inch,8GB
4,-0.19140625,4.5625,ASUS,14-inch,4GB,Lenovo,13-inch,16GB
4,-0.6953125,5.4375,ASUS,14-inch,4GB,Lenovo,14-inch,4GB
4,-7.8125,6.0625,ASUS,14-inch,4GB,Lenovo,14-inch,8GB
4,-0.03955078125,3.71875,ASUS,14-inch,4GB,Lenovo,14-inch,16GB
4,-0.099609375,4.15625,ASUS,14-inch,4GB,Lenovo,16-inch,4GB
4,-1.1640625,5.71875,ASUS,14-inch,4GB,Lenovo,16-inch,8GB
4,0.060302734375,-1.9375,ASUS,14-inch,4GB,Lenovo,16-inch,16GB
4,-0.5703125,5.3125,ASUS,14-inch,4GB,HP,13-inch,4GB
4,-15.1875,6.0625,ASUS,14-inch,4GB,HP,13-inch,8GB
4,-0.3671875,5.0,ASUS,14-inch,4GB,HP,13-inch,16GB
4,-0.462890625,5.15625,ASUS,14-inch,4GB,HP,14-inch,4GB
4,-8.1875,6.0625,ASUS,14-inch,4GB,HP,14-inch,8GB
4,-0.06640625,3.9375,ASUS,14-inch,4GB,HP,14-inch,16GB
4,-0.099609375,4.15625,ASUS,14-inch,4GB,HP,16-inch,4GB
4,-1.34375,5.78125,ASUS,14-inch,4GB,HP,16-inch,8GB
4,0.060302734375,-1.9375,ASUS,14-inch,4GB,HP,16-inch,16GB
4,-0.9921875,5.625,ASUS,14-inch,4GB,Dell,13-inch,4GB
4,-13.8125,6.0625,ASUS,14-inch,4GB,Dell,13-inch,8GB
4,-0.08203125,4.0625,ASUS,14-inch,4GB,Dell,13-inch,16GB
4,-0.765625,5.5,ASUS,14-inch,4GB,Dell,14-inch,4GB
4,-5.4375,6.0625,ASUS,14-inch,4GB,Dell,14-inch,8GB
4,0.0224609375,2.78125,ASUS,14-inch,4GB,Dell,14-inch,16GB
4,-0.140625,4.375,ASUS,14-inch,4GB,Dell,16-inch,4GB
4,-0.287109375,4.84375,ASUS,14-inch,4GB,Dell,16-inch,8GB
4,0.060546875,-4.1875,ASUS,14-inch,4GB,Dell,16-inch,16GB
4,-0.6328125,5.375,ASUS,14-inch,4GB,Apple,13-inch,4GB
4,-15.5625,6.0625,ASUS,14-inch,4GB,Apple,13-inch,8GB
4,-4.8125,6.0625,ASUS,14-inch,4GB,Apple,13-inch,16GB
4,-0.19140625,4.5625,ASUS,14-inch,4GB,Apple,14-inch,4GB
4,-13.6875,6.0625,ASUS,14-inch,4GB,Apple,14-inch,8GB
4,-4.9375,6.0625,ASUS,14-inch,4GB,Apple,14-inch,16GB
4,0.049560546875,1.5625,ASUS,14-inch,4GB,Apple,16-inch,4GB
4,-3.21875,6.03125,ASUS,14-inch,4GB,Apple,16-inch,8GB
4,-0.00927734375,3.375,ASUS,14-inch,4GB,Apple,16-inch,16GB
4,-12.6875,6.0625,ASUS,14-inch,8GB,ASUS,13-inch,4GB
4,-8.9375,6.0625,ASUS,14-inch,8GB,ASUS,13-inch,8GB
4,0.02685546875,2.65625,ASUS,14-inch,8GB,ASUS,13-inch,16GB
4,-18.0,6.0625,ASUS,14-inch,8GB,ASUS,14-inch,4GB
4,0.060302734375,-2.6875,ASUS,14-inch,8GB,ASUS,14-inch,16GB
4,0.05859375,-0.1875,ASUS,14-inch,8GB,ASUS,16-inch,4GB
4,-0.9140625,5.59375,ASUS,14-inch,8GB,ASUS,16-inch,8GB
4,0.060546875,-7.3125,ASUS,14-inch,8GB,ASUS,16-inch,16GB
4,-6.8125,6.0625,ASUS,14-inch,8GB,Lenovo,13-inch,4GB
4,-1.1640625,5.71875,ASUS,14-inch,8GB,Lenovo,13-inch,8GB
4,0.05517578125,0.8125,ASUS,14-inch,8GB,Lenovo,13-inch,16GB
4,-1.8515625,5.90625,ASUS,14-inch,8GB,Lenovo,14-inch,4GB
4,-0.6953125,5.4375,ASUS,14-inch,8GB,Lenovo,14-inch,8GB
4,0.060546875,-5.6875,ASUS,14-inch,8GB,Lenovo,14-inch,16GB
4,0.04443359375,1.90625,ASUS,14-inch,8GB,Lenovo,16-inch,4GB
4,-0.0283203125,3.59375,ASUS,14-inch,8GB,Lenovo,16-inch,8GB
4,0.060546875,-8.1875,ASUS,14-inch,8GB,Lenovo,16-inch,16GB
4,-4.6875,6.0625,ASUS,14-inch,8GB,HP,13-inch,4GB
4,-0.9921875,5.625,ASUS,14-inch,8GB,HP,13-inch,8GB
4,0.056396484375,0.5625,ASUS,14-inch,8GB,HP,13-inch,16GB
4,-0.462890625,5.15625,ASUS,14-inch,8GB,HP,14-inch,4GB
4,-0.5703125,5.3125,ASUS,14-inch,8GB,HP,14-inch,8GB
4,0.060546875,-6.1875,ASUS,14-inch,8GB,HP,14-inch,16GB
4,0.055908203125,0.6875,ASUS,14-inch,8GB,HP,16-inch,4GB
4,-0.08203125,4.0625,ASUS,14-inch,8GB,HP,16-inch,8GB
4,0.060546875,-7.1875,ASUS,14-inch,8GB,HP,16-inch,16GB
4,-5.0625,6.0625,ASUS,14-inch,8GB,Dell,13-inch,4GB
4,-0.9140625,5.59375,ASUS,14-inch,8GB,Dell,13-inch,8GB
4,0.059326171875,-0.5625,ASUS,14-inch,8GB,Dell,13-inch,16GB
4,-0.4140625,5.09375,ASUS,14-inch,8GB,Dell,14-inch,4GB
4,-0.6328125,5.375,ASUS,14-inch,8GB,Dell,14-inch,8GB
4,0.060546875,-7.8125,ASUS,14-inch,8GB,Dell,14-inch,16GB
4,0.0537109375,1.0625,ASUS,14-inch,8GB,Dell,16-inch,4GB
4,-0.0283203125,3.59375,ASUS,14-inch,8GB,Dell,16-inch,8GB
4,0.060546875,-8.8125,ASUS,14-inch,8GB,Dell,16-inch,16GB
4,-0.6328125,5.375,ASUS,14-inch,8GB,Apple,13-inch,4GB
4,-0.251953125,4.75,ASUS,14-inch,8GB,Apple,13-inch,8GB
4,0.03076171875,2.53125,ASUS,14-inch,8GB,Apple,13-inch,16GB
4,-0.00146484375,3.25,ASUS,14-inch,8GB,Apple,14-inch,4GB
4,-0.3671875,5.0,ASUS,14-inch,8GB,Apple,14-inch,8GB
4,0.058837890625,-0.3125,ASUS,14-inch,8GB,Apple,14-inch,16GB
4,0.056396484375,0.5625,ASUS,14-inch,8GB,Apple,16-inch,4GB
4,0.04248046875,2.03125,ASUS,14-inch,8GB,Apple,16-inch,8GB
4,0.060546875,-5.4375,ASUS,14-inch,8GB,Apple,16-inch,16GB
4,-17.25,6.0625,ASUS,14-inch,16GB,ASUS,13-inch,4GB
4,0.04638671875,1.8125,ASUS,14-inch,16GB,ASUS,13-inch,8GB
4,-1.34375,5.78125,ASUS,14-inch,16GB,ASUS,13-inch,16GB
4,-16.25,6.0625,ASUS,14-inch,16GB,ASUS,14-inch,4GB
4,-0.00146484375,3.25,ASUS,14-inch,16GB,ASUS,14-inch,8GB
4,-0.0283203125,3.59375,ASUS,14-inch,16GB,ASUS,16-inch,4GB
4,0.0595703125,-0.8125,ASUS,14-inch,16GB,ASUS,16-inch,8GB
4,-0.287109375,4.84375,ASUS,14-inch,16GB,ASUS,16-inch,16GB
4,-14.4375,6.0625,ASUS,14-inch,16GB,Lenovo,13-inch,4GB
4,0.05517578125,0.8125,ASUS,14-inch,16GB,Lenovo,13-inch,8GB
4,0.056396484375,0.5625,ASUS,14-inch,16GB,Lenovo,13-inch,16GB
4,-7.1875,6.0625,ASUS,14-inch,16GB,Lenovo,14-inch,4GB
4,0.05859375,-0.1875,ASUS,14-inch,16GB,Lenovo,14-inch,8GB
4,0.056396484375,0.5625,ASUS,14-inch,16GB,Lenovo,14-inch,16GB
4,-0.4140625,5.09375,ASUS,14-inch,16GB,Lenovo,16-inch,4GB
4,0.059814453125,-1.3125,ASUS,14-inch,16GB,Lenovo,16-inch,8GB
4,0.055908203125,0.6875,ASUS,14-inch,16GB,Lenovo,16-inch,16GB
4,-13.0625,6.0625,ASUS,14-inch,16GB,HP,13-inch,4GB
4,0.055908203125,0.6875,ASUS,14-inch,16GB,HP,13-inch,8GB
4,0.056396484375,0.5625,ASUS,14-inch,16GB,HP,13-inch,16GB
4,-3.828125,6.03125,ASUS,14-inch,16GB,HP,14-inch,4GB
4,0.058837890625,-0.3125,ASUS,14-inch,16GB,HP,14-inch,8GB
4,0.05810546875,0.0625,ASUS,14-inch,16GB,HP,14-inch,16GB
4,-0.099609375,4.15625,ASUS,14-inch,16GB,HP,16-inch,4GB
4,0.059814453125,-1.3125,ASUS,14-inch,16GB,HP,16-inch,8GB
4,0.0576171875,0.1875,ASUS,14-inch,16GB,HP,16-inch,16GB
4,-12.9375,6.0625,ASUS,14-inch,16GB,Dell,13-inch,4GB
4,0.052978515625,1.1875,ASUS,14-inch,16GB,Dell,13-inch,8GB
4,0.056884765625,0.4375,ASUS,14-inch,16GB,Dell,13-inch,16GB
4,-2.75,6.0,ASUS,14-inch,16GB,Dell,14-inch,4GB
4,0.0576171875,0.1875,ASUS,14-inch,16GB,Dell,14-inch,8GB
4,0.05810546875,0.0625,ASUS,14-inch,16GB,Dell,14-inch,16GB
4,-0.099609375,4.15625,ASUS,14-inch,16GB,Dell,16-inch,4GB
4,0.059814453125,-1.3125,ASUS,14-inch,16GB,Dell,16-inch,8GB
4,0.056396484375,0.5625,ASUS,14-inch,16GB,Dell,16-inch,16GB
4,-1.953125,5.90625,ASUS,14-inch,16GB,Apple,13-inch,4GB
4,0.0341796875,2.40625,ASUS,14-inch,16GB,Apple,13-inch,8GB
4,0.005615234375,3.125,ASUS,14-inch,16GB,Apple,13-inch,16GB
4,-0.08203125,4.0625,ASUS,14-inch,16GB,Apple,14-inch,4GB
4,0.0341796875,2.40625,ASUS,14-inch,16GB,Apple,14-inch,8GB
4,-0.03955078125,3.71875,ASUS,14-inch,16GB,Apple,14-inch,16GB
4,0.037353515625,2.296875,ASUS,14-inch,16GB,Apple,16-inch,4GB
4,0.056884765625,0.4375,ASUS,14-inch,16GB,Apple,16-inch,8GB
4,0.011962890625,3.015625,ASUS,14-inch,16GB,Apple,16-inch,16GB
4,-8.5625,6.0625,ASUS,16-inch,4GB,ASUS,13-inch,4GB
4,-16.875,6.0625,ASUS,16-inch,4GB,ASUS,13-inch,8GB
4,-5.4375,6.0625,ASUS,16-inch,4GB,ASUS,13-inch,16GB
4,-9.0625,6.0625,ASUS,16-inch,4GB,ASUS,14-inch,4GB
4,-14.8125,6.0625,ASUS,16-inch,4GB,ASUS,14-inch,8GB
4,-4.6875,6.0625,ASUS,16-inch,4GB,ASUS,14-inch,16GB
4,-10.9375,6.0625,ASUS,16-inch,4GB,ASUS,16-inch,8GB
4,-4.5625,6.0625,ASUS,16-inch,4GB,ASUS,16-inch,16GB
4,-8.4375,6.0625,ASUS,16-inch,4GB,Lenovo,13-inch,4GB
4,-20.75,6.0625,ASUS,16-inch,4GB,Lenovo,13-inch,8GB
4,-6.4375,6.0625,ASUS,16-inch,4GB,Lenovo,13-inch,16GB
4,-8.4375,6.0625,ASUS,16-inch,4GB,Lenovo,14-inch,4GB
4,-18.875,6.0625,ASUS,16-inch,4GB,Lenovo,14-inch,8GB
4,-4.6875,6.0625,ASUS,16-inch,4GB,Lenovo,14-inch,16GB
4,-2.0625,5.9375,ASUS,16-inch,4GB,Lenovo,16-inch,4GB
4,-15.9375,6.0625,ASUS,16-inch,4GB,Lenovo,16-inch,8GB
4,-6.5625,6.0625,ASUS,16-inch,4GB,Lenovo,16-inch,16GB
4,-7.0625,6.0625,ASUS,16-inch,4GB,HP,13-inch,4GB
4,-19.0,6.0625,ASUS,16-inch,4GB,HP,13-inch,8GB
4,-5.8125,6.0625,ASUS,16-inch,4GB,HP,13-inch,16GB
4,-7.0625,6.0625,ASUS,16-inch,4GB,HP,14-inch,4GB
4,-17.375,6.0625,ASUS,16-inch,4GB,HP,14-inch,8GB
4,-4.5625,6.0625,ASUS,16-inch,4GB,HP,14-inch,16GB
4,-1.5390625,5.84375,ASUS,16-inch,4GB,HP,16-inch,4GB
4,-15.3125,6.0625,ASUS,16-inch,4GB,HP,16-inch,8GB
4,-6.1875,6.0625,ASUS,16-inch,4GB,HP,16-inch,16GB
4,-8.0625,6.0625,ASUS,16-inch,4GB,Dell,13-inch,4GB
4,-19.0,6.0625,ASUS,16-inch,4GB,Dell,13-inch,8GB
4,-4.4375,6.0625,ASUS,16-inch,4GB,Dell,13-inch,16GB
4,-7.9375,6.0625,ASUS,16-inch,4GB,Dell,14-inch,4GB
4,-17.375,6.0625,ASUS,16-inch,4GB,Dell,14-inch,8GB
4,-3.46875,6.03125,ASUS,16-inch,4GB,Dell,14-inch,16GB
4,-2.28125,5.96875,ASUS,16-inch,4GB,Dell,16-inch,4GB
4,-13.0625,6.0625,ASUS,16-inch,4GB,Dell,16-inch,8GB
4,-4.4375,6.0625,ASUS,16-inch,4GB,Dell,16-inch,16GB
4,-4.5625,6.0625,ASUS,16-inch,4GB,Apple,13-inch,4GB
4,-19.125,6.0625,ASUS,16-inch,4GB,Apple,13-inch,8GB
4,-14.0625,6.0625,ASUS,16-inch,4GB,Apple,13-inch,16GB
4,-4.09375,6.03125,ASUS,16-inch,4GB,Apple,14-inch,4GB
4,-18.25,6.0625,ASUS,16-inch,4GB,Apple,14-inch,8GB
4,-12.6875,6.0625,ASUS,16-inch,4GB,Apple,14-inch,16GB
4,-2.984375,6.0,ASUS,16-inch,4GB,Apple,16-inch,4GB
4,-18.625,6.0625,ASUS,16-inch,4GB,Apple,16-inch,8GB
4,-14.9375,6.0625,ASUS,16-inch,4GB,Apple,16-inch,16GB
4,-12.6875,6.0625,ASUS,16-inch,8GB,ASUS,13-inch,4GB
4,-9.1875,6.0625,ASUS,16-inch,8GB,ASUS,13-inch,8GB
4,-5.8125,6.0625,ASUS,16-inch,8GB,ASUS,13-inch,16GB
4,-12.9375,6.0625,ASUS,16-inch,8GB,ASUS,14-inch,4GB
4,-7.5625,6.0625,ASUS,16-inch,8GB,ASUS,14-inch,8GB
4,-3.96875,6.03125,ASUS,16-inch,8GB,ASUS,14-inch,16GB
4,-18.375,6.0625,ASUS,16-inch,8GB,ASUS,16-inch,4GB
4,-0.05224609375,3.828125,ASUS,16-inch,8GB,ASUS,16-inch,16GB
4,-7.4375,6.0625,ASUS,16-inch,8GB,Lenovo,13-inch,4GB
4,-2.515625,5.96875,ASUS,16-inch,8GB,Lenovo,13-inch,8GB
4,-2.171875,5.9375,ASUS,16-inch,8GB,Lenovo,13-inch,16GB
4,-5.8125,6.0625,ASUS,16-inch,8GB,Lenovo,14-inch,4GB
4,-2.28125,5.96875,ASUS,16-inch,8GB,Lenovo,14-inch,8GB
4,-0.3671875,5.0,ASUS,16-inch,8GB,Lenovo,14-inch,16GB
4,-1.25,5.75,ASUS,16-inch,8GB,Lenovo,16-inch,4GB
4,-1.5390625,5.84375,ASUS,16-inch,8GB,Lenovo,16-inch,8GB
4,0.060302734375,-2.0625,ASUS,16-inch,8GB,Lenovo,16-inch,16GB
4,-5.5625,6.0625,ASUS,16-inch,8GB,HP,13-inch,4GB
4,-2.75,6.0,ASUS,16-inch,8GB,HP,13-inch,8GB
4,-2.515625,5.96875,ASUS,16-inch,8GB,HP,13-inch,16GB
4,-5.1875,6.0625,ASUS,16-inch,8GB,HP,14-inch,4GB
4,-2.40625,5.96875,ASUS,16-inch,8GB,HP,14-inch,8GB
4,-1.078125,5.6875,ASUS,16-inch,8GB,HP,14-inch,16GB
4,-0.3671875,5.0,ASUS,16-inch,8GB,HP,16-inch,4GB
4,-1.640625,5.875,ASUS,16-inch,8GB,HP,16-inch,8GB
4,0.060302734375,-2.3125,ASUS,16-inch,8GB,HP,16-inch,16GB
4,-5.6875,6.0625,ASUS,16-inch,8GB,Dell,13-inch,4GB
4,-2.40625,5.96875,ASUS,16-inch,8GB,Dell,13-inch,8GB
4,-1.34375,5.78125,ASUS,16-inch,8GB,Dell,13-inch,16GB
4,-4.5625,6.0625,ASUS,16-inch,8GB,Dell,14-inch,4GB
4,-2.171875,5.9375,ASUS,16-inch,8GB,Dell,14-inch,8GB
4,-0.4140625,5.09375,ASUS,16-inch,8GB,Dell,14-inch,16GB
4,-0.4140625,5.09375,ASUS,16-inch,8GB,Dell,16-inch,4GB
4,-1.8515625,5.90625,ASUS,16-inch,8GB,Dell,16-inch,8GB
4,0.060546875,-4.3125,ASUS,16-inch,8GB,Dell,16-inch,16GB
4,-0.765625,5.5,ASUS,16-inch,8GB,Apple,13-inch,4GB
4,-0.6328125,5.375,ASUS,16-inch,8GB,Apple,13-inch,8GB
4,-1.5390625,5.84375,ASUS,16-inch,8GB,Apple,13-inch,16GB
4,-0.515625,5.25,ASUS,16-inch,8GB,Apple,14-inch,4GB
4,-0.5703125,5.3125,ASUS,16-inch,8GB,Apple,14-inch,8GB
4,-0.765625,5.5,ASUS,16-inch,8GB,Apple,14-inch,16GB
4,0.04443359375,1.90625,ASUS,16-inch,8GB,Apple,16-inch,4GB
4,-1.34375,5.78125,ASUS,16-inch,8GB,Apple,16-inch,8GB
4,0.04638671875,1.8125,ASUS,16-inch,8GB,Apple,16-inch,16GB
4,-18.625,6.0625,ASUS,16-inch,16GB,ASUS,13-inch,4GB
4,-0.05224609375,3.828125,ASUS,16-inch,16GB,ASUS,13-inch,8GB
4,-3.59375,6.03125,ASUS,16-inch,16GB,ASUS,13-inch,16GB
4,-18.5,6.0625,ASUS,16-inch,16GB,ASUS,14-inch,4GB
4,-0.05224609375,3.828125,ASUS,16-inch,16GB,ASUS,14-inch,8GB
4,-3.109375,6.03125,ASUS,16-inch,16GB,ASUS,14-inch,16GB
4,-16.25,6.0625,ASUS,16-inch,16GB,ASUS,16-inch,4GB
4,-0.00146484375,3.25,ASUS,16-inch,16GB,ASUS,16-inch,8GB
4,-12.8125,6.0625,ASUS,16-inch,16GB,Lenovo,13-inch,4GB
4,0.03076171875,2.53125,ASUS,16-inch,16GB,Lenovo,13-inch,8GB
4,-0.19140625,4.5625,ASUS,16-inch,16GB,Lenovo,13-inch,16GB
4,-12.0625,6.0625,ASUS,16-inch,16GB,Lenovo,14-inch,4GB
4,0.0341796875,2.40625,ASUS,16-inch,16GB,Lenovo,14-inch,8GB
4,-0.119140625,4.25,ASUS,16-inch,16GB,Lenovo,14-inch,16GB
4,-6.3125,6.0625,ASUS,16-inch,16GB,Lenovo,16-inch,4GB
4,0.0341796875,2.40625,ASUS,16-inch,16GB,Lenovo,16-inch,8GB
4,-0.3671875,5.0,ASUS,16-inch,16GB,Lenovo,16-inch,16GB
4,-12.8125,6.0625,ASUS,16-inch,16GB,HP,13-inch,4GB
4,0.0341796875,2.40625,ASUS,16-inch,16GB,HP,13-inch,8GB
4,-0.326171875,4.9375,ASUS,16-inch,16GB,HP,13-inch,16GB
4,-11.1875,6.0625,ASUS,16-inch,16GB,HP,14-inch,4GB
4,0.0400390625,2.171875,ASUS,16-inch,16GB,HP,14-inch,8GB
4,-0.19140625,4.5625,ASUS,16-inch,16GB,HP,14-inch,16GB
4,-4.8125,6.0625,ASUS,16-inch,16GB,HP,16-inch,4GB
4,0.0400390625,2.171875,ASUS,16-inch,16GB,HP,16-inch,8GB
4,-0.140625,4.375,ASUS,16-inch,16GB,HP,16-inch,16GB
4,-13.0625,6.0625,ASUS,16-inch,16GB,Dell,13-inch,4GB
4,0.0224609375,2.78125,ASUS,16-inch,16GB,Dell,13-inch,8GB
4,-0.220703125,4.65625,ASUS,16-inch,16GB,Dell,13-inch,16GB
4,-10.4375,6.0625,ASUS,16-inch,16GB,Dell,14-inch,4GB
4,0.02685546875,2.65625,ASUS,16-inch,16GB,Dell,14-inch,8GB
4,-0.08203125,4.0625,ASUS,16-inch,16GB,Dell,14-inch,16GB
4,-4.5625,6.0625,ASUS,16-inch,16GB,Dell,16-inch,4GB
4,0.0341796875,2.40625,ASUS,16-inch,16GB,Dell,16-inch,8GB
4,-0.287109375,4.84375,ASUS,16-inch,16GB,Dell,16-inch,16GB
4,-3.21875,6.03125,ASUS,16-inch,16GB,Apple,13-inch,4GB
4,-0.06640625,3.9375,ASUS,16-inch,16GB,Apple,13-inch,8GB
4,-0.251953125,4.75,ASUS,16-inch,16GB,Apple,13-inch,16GB
4,-2.171875,5.9375,ASUS,16-inch,16GB,Apple,14-inch,4GB
4,-0.06640625,3.9375,ASUS,16-inch,16GB,Apple,14-inch,8GB
4,-0.326171875,4.9375,ASUS,16-inch,16GB,Apple,14-inch,16GB
4,-0.220703125,4.65625,ASUS,16-inch,16GB,Apple,16-inch,4GB
4,-0.08203125,4.0625,ASUS,16-inch,16GB,Apple,16-inch,8GB
4,-0.765625,5.5,ASUS,16-inch,16GB,Apple,16-inch,16GB
4,-2.171875,5.9375,Lenovo,13-inch,4GB,ASUS,13-inch,4GB
4,-16.875,6.0625,Lenovo,13-inch,4GB,ASUS,13-inch,8GB
4,-3.34375,6.03125,Lenovo,13-inch,4GB,ASUS,13-inch,16GB
4,-2.625,6.0,Lenovo,13-inch,4GB,ASUS,14-inch,4GB
4,-15.5625,6.0625,Lenovo,13-inch,4GB,ASUS,14-inch,8GB
4,-0.6328125,5.375,Lenovo,13-inch,4GB,ASUS,14-inch,16GB
4,-0.287109375,4.84375,Lenovo,13-inch,4GB,ASUS,16-inch,4GB
4,-2.625,6.0,Lenovo,13-inch,4GB,ASUS,16-inch,8GB
4,0.056884765625,0.4375,Lenovo,13-inch,4GB,ASUS,16-inch,16GB
4,-4.5625,6.0625,Lenovo,13-inch,4GB,Lenovo,13-inch,8GB
4,0.048095703125,1.6875,Lenovo,13-inch,4GB,Lenovo,13-inch,16GB
4,-2.515625,5.96875,Lenovo,13-inch,4GB,Lenovo,14-inch,4GB
4,-7.3125,6.0625,Lenovo,13-inch,4GB,Lenovo,14-inch,8GB
4,0.060302734375,-2.1875,Lenovo,13-inch,4GB,Lenovo,14-inch,16GB
4,-0.515625,5.25,Lenovo,13-inch,4GB,Lenovo,16-inch,4GB
4,-0.3671875,5.0,Lenovo,13-inch,4GB,Lenovo,16-inch,8GB
4,0.060546875,-5.8125,Lenovo,13-inch,4GB,Lenovo,16-inch,16GB
4,-0.6953125,5.4375,Lenovo,13-inch,4GB,HP,13-inch,4GB
4,-15.0625,6.0625,Lenovo,13-inch,4GB,HP,13-inch,8GB
4,-2.515625,5.96875,Lenovo,13-inch,4GB,HP,13-inch,16GB
4,-0.9921875,5.625,Lenovo,13-inch,4GB,HP,14-inch,4GB
4,-14.9375,6.0625,Lenovo,13-inch,4GB,HP,14-inch,8GB
4,-0.6953125,5.4375,Lenovo,13-inch,4GB,HP,14-inch,16GB
4,-0.00927734375,3.375,Lenovo,13-inch,4GB,HP,16-inch,4GB
4,-2.984375,6.0,Lenovo,13-inch,4GB,HP,16-inch,8GB
4,0.055908203125,0.6875,Lenovo,13-inch,4GB,HP,16-inch,16GB
4,-1.34375,5.78125,Lenovo,13-inch,4GB,Dell,13-inch,4GB
4,-10.5625,6.0625,Lenovo,13-inch,4GB,Dell,13-inch,8GB
4,-0.326171875,4.9375,Lenovo,13-inch,4GB,Dell,13-inch,16GB
4,-1.8515625,5.90625,Lenovo,13-inch,4GB,Dell,14-inch,4GB
4,-10.6875,6.0625,Lenovo,13-inch,4GB,Dell,14-inch,8GB
4,0.02685546875,2.65625,Lenovo,13-inch,4GB,Dell,14-inch,16GB
4,-0.1650390625,4.46875,Lenovo,13-inch,4GB,Dell,16-inch,4GB
4,-1.078125,5.6875,Lenovo,13-inch,4GB,Dell,16-inch,8GB
4,0.060546875,-3.1875,Lenovo,13-inch,4GB,Dell,16-inch,16GB
4,-0.19140625,4.5625,Lenovo,13-inch,4GB,Apple,13-inch,4GB
4,-16.875,6.0625,Lenovo,13-inch,4GB,Apple,13-inch,8GB
4,-6.5625,6.0625,Lenovo,13-inch,4GB,Apple,13-inch,16GB
4,-0.06640625,3.9375,Lenovo,13-inch,4GB,Apple,14-inch,4GB
4,-14.1875,6.0625,Lenovo,13-inch,4GB,Apple,14-inch,8GB
4,-3.34375,6.03125,Lenovo,13-inch,4GB,Apple,14-inch,16GB
4,0.055419921875,0.8125,Lenovo,13-inch,4GB,Apple,16-inch,4GB
4,-4.1875,6.0625,Lenovo,13-inch,4GB,Apple,16-inch,8GB
4,-0.05224609375,3.828125,Lenovo,13-inch,4GB,Apple,16-inch,16GB
4,-0.0185546875,3.484375,Lenovo,13-inch,8GB,ASUS,13-inch,4GB
4,-2.984375,6.0,Lenovo,13-inch,8GB,ASUS,13-inch,8GB
4,0.06005859375,-1.6875,Lenovo,13-inch,8GB,ASUS,13-inch,16GB
4,-0.00146484375,3.25,Lenovo,13-inch,8GB,ASUS,14-inch,4GB
4,-1.25,5.75,Lenovo,13-inch,8GB,ASUS,14-inch,8GB
4,0.060546875,-3.1875,Lenovo,13-inch,8GB,ASUS,14-inch,16GB
4,0.056884765625,0.4375,Lenovo,13-inch,8GB,ASUS,16-inch,4GB
4,-0.099609375,4.15625,Lenovo,13-inch,8GB,ASUS,16-inch,8GB
4,0.060546875,-6.0625,Lenovo,13-inch,8GB,ASUS,16-inch,16GB
4,-16.125,6.0625,Lenovo,13-inch,8GB,Lenovo,13-inch,4GB
4,0.0595703125,-0.9375,Lenovo,13-inch,8GB,Lenovo,13-inch,16GB
4,-0.515625,5.25,Lenovo,13-inch,8GB,Lenovo,14-inch,4GB
4,-6.3125,6.0625,Lenovo,13-inch,8GB,Lenovo,14-inch,8GB
4,0.060546875,-6.9375,Lenovo,13-inch,8GB,Lenovo,14-inch,16GB
4,0.0546875,0.9375,Lenovo,13-inch,8GB,Lenovo,16-inch,4GB
4,-1.34375,5.78125,Lenovo,13-inch,8GB,Lenovo,16-inch,8GB
4,0.060546875,-7.4375,Lenovo,13-inch,8GB,Lenovo,16-inch,16GB
4,-0.099609375,4.15625,Lenovo,13-inch,8GB,HP,13-inch,4GB
4,-1.25,5.75,Lenovo,13-inch,8GB,HP,13-inch,8GB
4,0.060302734375,-2.4375,Lenovo,13-inch,8GB,HP,13-inch,16GB
4,-0.06640625,3.9375,Lenovo,13-inch,8GB,HP,14-inch,4GB
4,-1.1640625,5.71875,Lenovo,13-inch,8GB,HP,14-inch,8GB
4,0.060546875,-3.0625,Lenovo,13-inch,8GB,HP,14-inch,16GB
4,0.05517578125,0.8125,Lenovo,13-inch,8GB,HP,16-inch,4GB
4,-0.140625,4.375,Lenovo,13-inch,8GB,HP,16-inch,8GB
4,0.060546875,-5.1875,Lenovo,13-inch,8GB,HP,16-inch,16GB
4,-0.220703125,4.65625,Lenovo,13-inch,8GB,Dell,13-inch,4GB
4,-1.640625,5.875,Lenovo,13-inch,8GB,Dell,13-inch,8GB
4,0.060546875,-5.4375,Lenovo,13-inch,8GB,Dell,13-inch,16GB
4,-0.326171875,4.9375,Lenovo,13-inch,8GB,Dell,14-inch,4GB
4,-0.9921875,5.625,Lenovo,13-inch,8GB,Dell,14-inch,8GB
4,0.060546875,-6.0625,Lenovo,13-inch,8GB,Dell,14-inch,16GB
4,0.04443359375,1.90625,Lenovo,13-inch,8GB,Dell,16-inch,4GB
4,-0.140625,4.375,Lenovo,13-inch,8GB,Dell,16-inch,8GB
4,0.060546875,-7.8125,Lenovo,13-inch,8GB,Dell,16-inch,16GB
4,0.017578125,2.890625,Lenovo,13-inch,8GB,Apple,13-inch,4GB
4,-0.8359375,5.53125,Lenovo,13-inch,8GB,Apple,13-inch,8GB
4,0.0341796875,2.40625,Lenovo,13-inch,8GB,Apple,13-inch,16GB
4,0.0224609375,2.78125,Lenovo,13-inch,8GB,Apple,14-inch,4GB
4,-0.0283203125,3.59375,Lenovo,13-inch,8GB,Apple,14-inch,8GB
4,0.056884765625,0.4375,Lenovo,13-inch,8GB,Apple,14-inch,16GB
4,0.0537109375,1.0625,Lenovo,13-inch,8GB,Apple,16-inch,4GB
4,0.04443359375,1.90625,Lenovo,13-inch,8GB,Apple,16-inch,8GB
4,0.060546875,-3.4375,Lenovo,13-inch,8GB,Apple,16-inch,16GB
4,-4.1875,6.0625,Lenovo,13-inch,16GB,ASUS,13-inch,4GB
4,0.0576171875,0.1875,Lenovo,13-inch,16GB,ASUS,13-inch,8GB
4,-0.099609375,4.15625,Lenovo,13-inch,16GB,ASUS,13-inch,16GB
4,-5.6875,6.0625,Lenovo,13-inch,16GB,ASUS,14-inch,4GB
4,0.059326171875,-0.6875,Lenovo,13-inch,16GB,ASUS,14-inch,8GB
4,0.0537109375,1.0625,Lenovo,13-inch,16GB,ASUS,14-inch,16GB
4,-0.099609375,4.15625,Lenovo,13-inch,16GB,ASUS,16-inch,4GB
4,0.06005859375,-1.6875,Lenovo,13-inch,16GB,ASUS,16-inch,8GB
4,0.0341796875,2.40625,Lenovo,13-inch,16GB,ASUS,16-inch,16GB
4,-16.5,6.0625,Lenovo,13-inch,16GB,Lenovo,13-inch,4GB
4,-0.0283203125,3.59375,Lenovo,13-inch,16GB,Lenovo,13-inch,8GB
4,-14.8125,6.0625,Lenovo,13-inch,16GB,Lenovo,14-inch,4GB
4,0.059326171875,-0.5625,Lenovo,13-inch,16GB,Lenovo,14-inch,8GB
4,-1.078125,5.6875,Lenovo,13-inch,16GB,Lenovo,14-inch,16GB
4,-0.4140625,5.09375,Lenovo,13-inch,16GB,Lenovo,16-inch,4GB
4,0.06005859375,-1.6875,Lenovo,13-inch,16GB,Lenovo,16-inch,8GB
4,-0.765625,5.5,Lenovo,13-inch,16GB,Lenovo,16-inch,16GB
4,-4.8125,6.0625,Lenovo,13-inch,16GB,HP,13-inch,4GB
4,0.058349609375,-0.0625,Lenovo,13-inch,16GB,HP,13-inch,8GB
4,0.0224609375,2.78125,Lenovo,13-inch,16GB,HP,13-inch,16GB
4,-5.0625,6.0625,Lenovo,13-inch,16GB,HP,14-inch,4GB
4,0.0595703125,-0.8125,Lenovo,13-inch,16GB,HP,14-inch,8GB
4,0.05810546875,0.0625,Lenovo,13-inch,16GB,HP,14-inch,16GB
4,-0.140625,4.375,Lenovo,13-inch,16GB,HP,16-inch,4GB
4,0.06005859375,-1.5625,Lenovo,13-inch,16GB,HP,16-inch,8GB
4,0.037353515625,2.296875,Lenovo,13-inch,16GB,HP,16-inch,16GB
4,-4.1875,6.0625,Lenovo,13-inch,16GB,Dell,13-inch,4GB
4,0.05517578125,0.8125,Lenovo,13-inch,16GB,Dell,13-inch,8GB
4,0.011962890625,3.015625,Lenovo,13-inch,16GB,Dell,13-inch,16GB
4,-7.5625,6.0625,Lenovo,13-inch,16GB,Dell,14-inch,4GB
4,0.0595703125,-0.9375,Lenovo,13-inch,16GB,Dell,14-inch,8GB
4,0.05859375,-0.1875,Lenovo,13-inch,16GB,Dell,14-inch,16GB
4,-0.287109375,4.84375,Lenovo,13-inch,16GB,Dell,16-inch,4GB
4,0.06005859375,-1.6875,Lenovo,13-inch,16GB,Dell,16-inch,8GB
4,0.037353515625,2.296875,Lenovo,13-inch,16GB,Dell,16-inch,16GB
4,-0.1650390625,4.46875,Lenovo,13-inch,16GB,Apple,13-inch,4GB
4,0.037353515625,2.296875,Lenovo,13-inch,16GB,Apple,13-inch,8GB
4,-0.287109375,4.84375,Lenovo,13-inch,16GB,Apple,13-inch,16GB
4,-0.251953125,4.75,Lenovo,13-inch,16GB,Apple,14-inch,4GB
4,0.0546875,0.9375,Lenovo,13-inch,16GB,Apple,14-inch,8GB
4,-0.00146484375,3.25,Lenovo,13-inch,16GB,Apple,14-inch,16GB
4,0.02685546875,2.65625,Lenovo,13-inch,16GB,Apple,16-inch,4GB
4,0.058349609375,-0.0625,Lenovo,13-inch,16GB,Apple,16-inch,8GB
4,-0.0283203125,3.59375,Lenovo,13-inch,16GB,Apple,16-inch,16GB
4,-1.34375,5.78125,Lenovo,14-inch,4GB,ASUS,13-inch,4GB
4,-18.625,6.0625,Lenovo,14-inch,4GB,ASUS,13-inch,8GB
4,-3.34375,6.03125,Lenovo,14-inch,4GB,ASUS,13-inch,16GB
4,-1.640625,5.875,Lenovo,14-inch,4GB,ASUS,14-inch,4GB
4,-11.5625,6.0625,Lenovo,14-inch,4GB,ASUS,14-inch,8GB
4,-2.171875,5.9375,Lenovo,14-inch,4GB,ASUS,14-inch,16GB
4,-0.3671875,5.0,Lenovo,14-inch,4GB,ASUS,16-inch,4GB
4,-2.28125,5.96875,Lenovo,14-inch,4GB,ASUS,16-inch,8GB
4,0.059326171875,-0.5625,Lenovo,14-inch,4GB,ASUS,16-inch,16GB
4,-0.6953125,5.4375,Lenovo,14-inch,4GB,Lenovo,13-inch,4GB
4,-9.6875,6.0625,Lenovo,14-inch,4GB,Lenovo,13-inch,8GB
4,0.0537109375,1.0625,Lenovo,14-inch,4GB,Lenovo,13-inch,16GB
4,-2.171875,5.9375,Lenovo,14-inch,4GB,Lenovo,14-inch,8GB
4,0.049560546875,1.5625,Lenovo,14-inch,4GB,Lenovo,14-inch,16GB
4,-0.515625,5.25,Lenovo,14-inch,4GB,Lenovo,16-inch,4GB
4,-0.287109375,4.84375,Lenovo,14-inch,4GB,Lenovo,16-inch,8GB
4,0.060546875,-5.4375,Lenovo,14-inch,4GB,Lenovo,16-inch,16GB
4,-0.515625,5.25,Lenovo,14-inch,4GB,HP,13-inch,4GB
4,-17.25,6.0625,Lenovo,14-inch,4GB,HP,13-inch,8GB
4,-1.8515625,5.90625,Lenovo,14-inch,4GB,HP,13-inch,16GB
4,-0.6328125,5.375,Lenovo,14-inch,4GB,HP,14-inch,4GB
4,-11.0625,6.0625,Lenovo,14-inch,4GB,HP,14-inch,8GB
4,-1.25,5.75,Lenovo,14-inch,4GB,HP,14-inch,16GB
4,-0.0185546875,3.484375,Lenovo,14-inch,4GB,HP,16-inch,4GB
4,-2.625,6.0,Lenovo,14-inch,4GB,HP,16-inch,8GB
4,0.05908203125,-0.4375,Lenovo,14-inch,4GB,HP,16-inch,16GB
4,-0.9921875,5.625,Lenovo,14-inch,4GB,Dell,13-inch,4GB
4,-15.4375,6.0625,Lenovo,14-inch,4GB,Dell,13-inch,8GB
4,-0.5703125,5.3125,Lenovo,14-inch,4GB,Dell,13-inch,16GB
4,-1.078125,5.6875,Lenovo,14-inch,4GB,Dell,14-inch,4GB
4,-6.6875,6.0625,Lenovo,14-inch,4GB,Dell,14-inch,8GB
4,-0.140625,4.375,Lenovo,14-inch,4GB,Dell,14-inch,16GB
4,-0.1650390625,4.46875,Lenovo,14-inch,4GB,Dell,16-inch,4GB
4,-0.9140625,5.59375,Lenovo,14-inch,4GB,Dell,16-inch,8GB
4,0.060546875,-3.5625,Lenovo,14-inch,4GB,Dell,16-inch,16GB
4,-0.4140625,5.09375,Lenovo,14-inch,4GB,Apple,13-inch,4GB
4,-17.125,6.0625,Lenovo,14-inch,4GB,Apple,13-inch,8GB
4,-7.3125,6.0625,Lenovo,14-inch,4GB,Apple,13-inch,16GB
4,-0.140625,4.375,Lenovo,14-inch,4GB,Apple,14-inch,4GB
4,-15.0625,6.0625,Lenovo,14-inch,4GB,Apple,14-inch,8GB
4,-6.8125,6.0625,Lenovo,14-inch,4GB,Apple,14-inch,16GB
4,0.0537109375,1.0625,Lenovo,14-inch,4GB,Apple,16-inch,4GB
4,-4.5625,6.0625,Lenovo,14-inch,4GB,Apple,16-inch,8GB
4,-0.05224609375,3.828125,Lenovo,14-inch,4GB,Apple,16-inch,16GB
4,-5.5625,6.0625,Lenovo,14-inch,8GB,ASUS,13-inch,4GB
4,-2.28125,5.96875,Lenovo,14-inch,8GB,ASUS,13-inch,8GB
4,-0.0283203125,3.59375,Lenovo,14-inch,8GB,ASUS,13-inch,16GB
4,-0.6953125,5.4375,Lenovo,14-inch,8GB,ASUS,14-inch,4GB
4,-2.515625,5.96875,Lenovo,14-inch,8GB,ASUS,14-inch,8GB
4,0.060546875,-4.4375,Lenovo,14-inch,8GB,ASUS,14-inch,16GB
4,0.056396484375,0.5625,Lenovo,14-inch,8GB,ASUS,16-inch,4GB
4,-0.08203125,4.0625,Lenovo,14-inch,8GB,ASUS,16-inch,8GB
4,0.060546875,-6.8125,Lenovo,14-inch,8GB,ASUS,16-inch,16GB
4,-15.5625,6.0625,Lenovo,14-inch,8GB,Lenovo,13-inch,4GB
4,-9.9375,6.0625,Lenovo,14-inch,8GB,Lenovo,13-inch,8GB
4,0.052001953125,1.3125,Lenovo,14-inch,8GB,Lenovo,13-inch,16GB
4,-17.75,6.0625,Lenovo,14-inch,8GB,Lenovo,14-inch,4GB
4,0.060302734375,-2.1875,Lenovo,14-inch,8GB,Lenovo,14-inch,16GB
4,0.04443359375,1.90625,Lenovo,14-inch,8GB,Lenovo,16-inch,4GB
4,-1.1640625,5.71875,Lenovo,14-inch,8GB,Lenovo,16-inch,8GB
4,0.060546875,-7.8125,Lenovo,14-inch,8GB,Lenovo,16-inch,16GB
4,-6.8125,6.0625,Lenovo,14-inch,8GB,HP,13-inch,4GB
4,-1.640625,5.875,Lenovo,14-inch,8GB,HP,13-inch,8GB
4,0.037353515625,2.296875,Lenovo,14-inch,8GB,HP,13-inch,16GB
4,-1.4375,5.8125,Lenovo,14-inch,8GB,HP,14-inch,4GB
4,-1.25,5.75,Lenovo,14-inch,8GB,HP,14-inch,8GB
4,0.060546875,-4.6875,Lenovo,14-inch,8GB,HP,14-inch,16GB
4,0.04638671875,1.8125,Lenovo,14-inch,8GB,HP,16-inch,4GB
4,-0.19140625,4.5625,Lenovo,14-inch,8GB,HP,16-inch,8GB
4,0.060546875,-7.0625,Lenovo,14-inch,8GB,HP,16-inch,16GB
4,-9.9375,6.0625,Lenovo,14-inch,8GB,Dell,13-inch,4GB
4,-1.5390625,5.84375,Lenovo,14-inch,8GB,Dell,13-inch,8GB
4,0.048095703125,1.6875,Lenovo,14-inch,8GB,Dell,13-inch,16GB
4,-2.28125,5.96875,Lenovo,14-inch,8GB,Dell,14-inch,4GB
4,-1.4375,5.8125,Lenovo,14-inch,8GB,Dell,14-inch,8GB
4,0.060546875,-7.9375,Lenovo,14-inch,8GB,Dell,14-inch,16GB
4,0.0224609375,2.78125,Lenovo,14-inch,8GB,Dell,16-inch,4GB
4,-0.119140625,4.25,Lenovo,14-inch,8GB,Dell,16-inch,8GB
4,0.060546875,-8.4375,Lenovo,14-inch,8GB,Dell,16-inch,16GB
4,-1.078125,5.6875,Lenovo,14-inch,8GB,Apple,13-inch,4GB
4,-0.287109375,4.84375,Lenovo,14-inch,8GB,Apple,13-inch,8GB
4,-0.00927734375,3.375,Lenovo,14-inch,8GB,Apple,13-inch,16GB
4,-0.08203125,4.0625,Lenovo,14-inch,8GB,Apple,14-inch,4GB
4,-0.4140625,5.09375,Lenovo,14-inch,8GB,Apple,14-inch,8GB
4,0.056396484375,0.5625,Lenovo,14-inch,8GB,Apple,14-inch,16GB
4,0.04638671875,1.8125,Lenovo,14-inch,8GB,Apple,16-inch,4GB
4,0.037353515625,2.296875,Lenovo,14-inch,8GB,Apple,16-inch,8GB
4,0.060546875,-4.5625,Lenovo,14-inch,8GB,Apple,16-inch,16GB
4,-15.6875,6.0625,Lenovo,14-inch,16GB,ASUS,13-inch,4GB
4,0.048095703125,1.6875,Lenovo,14-inch,16GB,ASUS,13-inch,8GB
4,0.049560546875,1.5625,Lenovo,14-inch,16GB,ASUS,13-inch,16GB
4,-7.1875,6.0625,Lenovo,14-inch,16GB,ASUS,14-inch,4GB
4,0.052978515625,1.1875,Lenovo,14-inch,16GB,ASUS,14-inch,8GB
4,0.04248046875,2.03125,Lenovo,14-inch,16GB,ASUS,14-inch,16GB
4,-0.251953125,4.75,Lenovo,14-inch,16GB,ASUS,16-inch,4GB
4,0.05908203125,-0.4375,Lenovo,14-inch,16GB,ASUS,16-inch,8GB
4,0.056396484375,0.5625,Lenovo,14-inch,16GB,ASUS,16-inch,16GB
4,-19.875,6.0625,Lenovo,14-inch,16GB,Lenovo,13-inch,4GB
4,0.0400390625,2.171875,Lenovo,14-inch,16GB,Lenovo,13-inch,8GB
4,-1.953125,5.90625,Lenovo,14-inch,16GB,Lenovo,13-inch,16GB
4,-16.875,6.0625,Lenovo,14-inch,16GB,Lenovo,14-inch,4GB
4,-0.119140625,4.25,Lenovo,14-inch,16GB,Lenovo,14-inch,8GB
4,-0.765625,5.5,Lenovo,14-inch,16GB,Lenovo,16-inch,4GB
4,0.05908203125,-0.4375,Lenovo,14-inch,16GB,Lenovo,16-inch,8GB
4,-0.4140625,5.09375,Lenovo,14-inch,16GB,Lenovo,16-inch,16GB
4,-16.375,6.0625,Lenovo,14-inch,16GB,HP,13-inch,4GB
4,0.05078125,1.4375,Lenovo,14-inch,16GB,HP,13-inch,8GB
4,0.052001953125,1.3125,Lenovo,14-inch,16GB,HP,13-inch,16GB
4,-7.6875,6.0625,Lenovo,14-inch,16GB,HP,14-inch,4GB
4,0.052978515625,1.1875,Lenovo,14-inch,16GB,HP,14-inch,8GB
4,0.056396484375,0.5625,Lenovo,14-inch,16GB,HP,14-inch,16GB
4,-0.4140625,5.09375,Lenovo,14-inch,16GB,HP,16-inch,4GB
4,0.058837890625,-0.3125,Lenovo,14-inch,16GB,HP,16-inch,8GB
4,0.056396484375,0.5625,Lenovo,14-inch,16GB,HP,16-inch,16GB
4,-17.625,6.0625,Lenovo,14-inch,16GB,Dell,13-inch,4GB
4,0.04443359375,1.90625,Lenovo,14-inch,16GB,Dell,13-inch,8GB
4,0.052978515625,1.1875,Lenovo,14-inch,16GB,Dell,13-inch,16GB
4,-8.9375,6.0625,Lenovo,14-inch,16GB,Dell,14-inch,4GB
4,0.049560546875,1.5625,Lenovo,14-inch,16GB,Dell,14-inch,8GB
4,0.057373046875,0.3125,Lenovo,14-inch,16GB,Dell,14-inch,16GB
4,-0.9921875,5.625,Lenovo,14-inch,16GB,Dell,16-inch,4GB
4,0.058837890625,-0.3125,Lenovo,14-inch,16GB,Dell,16-inch,8GB
4,0.056396484375,0.5625,Lenovo,14-inch,16GB,Dell,16-inch,16GB
4,-3.46875,6.03125,Lenovo,14-inch,16GB,Apple,13-inch,4GB
4,0.017578125,2.890625,Lenovo,14-inch,16GB,Apple,13-inch,8GB
4,-0.00927734375,3.375,Lenovo,14-inch,16GB,Apple,13-inch,16GB
4,-0.287109375,4.84375,Lenovo,14-inch,16GB,Apple,14-inch,4GB
4,-0.0185546875,3.484375,Lenovo,14-inch,16GB,Apple,14-inch,8GB
4,-0.03955078125,3.71875,Lenovo,14-inch,16GB,Apple,14-inch,16GB
4,0.011962890625,3.015625,Lenovo,14-inch,16GB,Apple,16-inch,4GB
4,0.0537109375,1.0625,Lenovo,14-inch,16GB,Apple,16-inch,8GB
4,0.0341796875,2.40625,Lenovo,14-inch,16GB,Apple,16-inch,16GB
4,-11.1875,6.0625,Lenovo,16-inch,4GB,ASUS,13-inch,4GB
4,-21.5,6.0625,Lenovo,16-inch,4GB,ASUS,13-inch,8GB
4,-11.0625,6.0625,Lenovo,16-inch,4GB,ASUS,13-inch,16GB
4,-10.8125,6.0625,Lenovo,16-inch,4GB,ASUS,14-inch,4GB
4,-20.75,6.0625,Lenovo,16-inch,4GB,ASUS,14-inch,8GB
4,-9.6875,6.0625,Lenovo,16-inch,4GB,ASUS,14-inch,16GB
4,-3.46875,6.03125,Lenovo,16-inch,4GB,ASUS,16-inch,4GB
4,-18.0,6.0625,Lenovo,16-inch,4GB,ASUS,16-inch,8GB
4,-12.5625,6.0625,Lenovo,16-inch,4GB,ASUS,16-inch,16GB
4,-8.0625,6.0625,Lenovo,16-inch,4GB,Lenovo,13-inch,4GB
4,-16.75,6.0625,Lenovo,16-inch,4GB,Lenovo,13-inch,8GB
4,-5.4375,6.0625,Lenovo,16-inch,4GB,Lenovo,13-inch,16GB
4,-8.8125,6.0625,Lenovo,16-inch,4GB,Lenovo,14-inch,4GB
4,-13.9375,6.0625,Lenovo,16-inch,4GB,Lenovo,14-inch,8GB
4,-3.828125,6.03125,Lenovo,16-inch,4GB,Lenovo,14-inch,16GB
4,-10.1875,6.0625,Lenovo,16-inch,4GB,Lenovo,16-inch,8GB
4,-5.4375,6.0625,Lenovo,16-inch,4GB,Lenovo,16-inch,16GB
4,-8.0625,6.0625,Lenovo,16-inch,4GB,HP,13-inch,4GB
4,-20.875,6.0625,Lenovo,16-inch,4GB,HP,13-inch,8GB
4,-10.1875,6.0625,Lenovo,16-inch,4GB,HP,13-inch,16GB
4,-7.9375,6.0625,Lenovo,16-inch,4GB,HP,14-inch,4GB
4,-19.5,6.0625,Lenovo,16-inch,4GB,HP,14-inch,8GB
4,-8.3125,6.0625,Lenovo,16-inch,4GB,HP,14-inch,16GB
4,-2.0625,5.9375,Lenovo,16-inch,4GB,HP,16-inch,4GB
4,-18.0,6.0625,Lenovo,16-inch,4GB,HP,16-inch,8GB
4,-10.3125,6.0625,Lenovo,16-inch,4GB,HP,16-inch,16GB
4,-9.8125,6.0625,Lenovo,16-inch,4GB,Dell,13-inch,4GB
4,-20.375,6.0625,Lenovo,16-inch,4GB,Dell,13-inch,8GB
4,-7.4375,6.0625,Lenovo,16-inch,4GB,Dell,13-inch,16GB
4,-10.0625,6.0625,Lenovo,16-inch,4GB,Dell,14-inch,4GB
4,-19.375,6.0625,Lenovo,16-inch,4GB,Dell,14-inch,8GB
4,-6.0625,6.0625,Lenovo,16-inch,4GB,Dell,14-inch,16GB
4,-2.984375,6.0,Lenovo,16-inch,4GB,Dell,16-inch,4GB
4,-13.1875,6.0625,Lenovo,16-inch,4GB,Dell,16-inch,8GB
4,-6.0625,6.0625,Lenovo,16-inch,4GB,Dell,16-inch,16GB
4,-4.5625,6.0625,Lenovo,16-inch,4GB,Apple,13-inch,4GB
4,-19.875,6.0625,Lenovo,16-inch,4GB,Apple,13-inch,8GB
4,-15.5625,6.0625,Lenovo,16-inch,4GB,Apple,13-inch,16GB
4,-3.828125,6.03125,Lenovo,16-inch,4GB,Apple,14-inch,4GB
4,-19.625,6.0625,Lenovo,16-inch,4GB,Apple,14-inch,8GB
4,-14.8125,6.0625,Lenovo,16-inch,4GB,Apple,14-inch,16GB
4,-2.75,6.0,Lenovo,16-inch,4GB,Apple,16-inch,4GB
4,-19.625,6.0625,Lenovo,16-inch,4GB,Apple,16-inch,8GB
4,-16.125,6.0625,Lenovo,16-inch,4GB,Apple,16-inch,16GB
4,-6.6875,6.0625,Lenovo,16-inch,8GB,ASUS,13-inch,4GB
4,-3.703125,6.03125,Lenovo,16-inch,8GB,ASUS,13-inch,8GB
4,-4.3125,6.0625,Lenovo,16-inch,8GB,ASUS,13-inch,16GB
4,-5.6875,6.0625,Lenovo,16-inch,8GB,ASUS,14-inch,4GB
4,-3.21875,6.03125,Lenovo,16-inch,8GB,ASUS,14-inch,8GB
4,-1.4375,5.8125,Lenovo,16-inch,8GB,ASUS,14-inch,16GB
4,-0.6328125,5.375,Lenovo,16-inch,8GB,ASUS,16-inch,4GB
4,-3.21875,6.03125,Lenovo,16-inch,8GB,ASUS,16-inch,8GB
4,0.060302734375,-2.3125,Lenovo,16-inch,8GB,ASUS,16-inch,16GB
4,-15.5625,6.0625,Lenovo,16-inch,8GB,Lenovo,13-inch,4GB
4,-10.9375,6.0625,Lenovo,16-inch,8GB,Lenovo,13-inch,8GB
4,-5.6875,6.0625,Lenovo,16-inch,8GB,Lenovo,13-inch,16GB
4,-16.375,6.0625,Lenovo,16-inch,8GB,Lenovo,14-inch,4GB
4,-9.6875,6.0625,Lenovo,16-inch,8GB,Lenovo,14-inch,8GB
4,-2.984375,6.0,Lenovo,16-inch,8GB,Lenovo,14-inch,16GB
4,-18.75,6.0625,Lenovo,16-inch,8GB,Lenovo,16-inch,4GB
4,-0.03955078125,3.71875,Lenovo,16-inch,8GB,Lenovo,16-inch,16GB
4,-8.5625,6.0625,Lenovo,16-inch,8GB,HP,13-inch,4GB
4,-3.59375,6.03125,Lenovo,16-inch,8GB,HP,13-inch,8GB
4,-3.96875,6.03125,Lenovo,16-inch,8GB,HP,13-inch,16GB
4,-6.8125,6.0625,Lenovo,16-inch,8GB,HP,14-inch,4GB
4,-3.34375,6.03125,Lenovo,16-inch,8GB,HP,14-inch,8GB
4,-1.8515625,5.90625,Lenovo,16-inch,8GB,HP,14-inch,16GB
4,-0.6953125,5.4375,Lenovo,16-inch,8GB,HP,16-inch,4GB
4,-2.28125,5.96875,Lenovo,16-inch,8GB,HP,16-inch,8GB
4,0.06005859375,-1.5625,Lenovo,16-inch,8GB,HP,16-inch,16GB
4,-10.9375,6.0625,Lenovo,16-inch,8GB,Dell,13-inch,4GB
4,-3.34375,6.03125,Lenovo,16-inch,8GB,Dell,13-inch,8GB
4,-2.515625,5.96875,Lenovo,16-inch,8GB,Dell,13-inch,16GB
4,-9.6875,6.0625,Lenovo,16-inch,8GB,Dell,14-inch,4GB
4,-2.875,6.0,Lenovo,16-inch,8GB,Dell,14-inch,8GB
4,-0.765625,5.5,Lenovo,16-inch,8GB,Dell,14-inch,16GB
4,-2.0625,5.9375,Lenovo,16-inch,8GB,Dell,16-inch,4GB
4,-2.984375,6.0,Lenovo,16-inch,8GB,Dell,16-inch,8GB
4,0.060546875,-4.3125,Lenovo,16-inch,8GB,Dell,16-inch,16GB
4,-0.9921875,5.625,Lenovo,16-inch,8GB,Apple,13-inch,4GB
4,-0.6953125,5.4375,Lenovo,16-inch,8GB,Apple,13-inch,8GB
4,-1.8515625,5.90625,Lenovo,16-inch,8GB,Apple,13-inch,16GB
4,-0.8359375,5.53125,Lenovo,16-inch,8GB,Apple,14-inch,4GB
4,-0.515625,5.25,Lenovo,16-inch,8GB,Apple,14-inch,8GB
4,-0.765625,5.5,Lenovo,16-inch,8GB,Apple,14-inch,16GB
4,0.017578125,2.890625,Lenovo,16-inch,8GB,Apple,16-inch,4GB
4,-1.34375,5.78125,Lenovo,16-inch,8GB,Apple,16-inch,8GB
4,0.037353515625,2.296875,Lenovo,16-inch,8GB,Apple,16-inch,16GB
4,-15.4375,6.0625,Lenovo,16-inch,16GB,ASUS,13-inch,4GB
4,-0.03955078125,3.71875,Lenovo,16-inch,16GB,ASUS,13-inch,8GB
4,-0.251953125,4.75,Lenovo,16-inch,16GB,ASUS,13-inch,16GB
4,-14.4375,6.0625,Lenovo,16-inch,16GB,ASUS,14-inch,4GB
4,-0.03955078125,3.71875,Lenovo,16-inch,16GB,ASUS,14-inch,8GB
4,-0.1650390625,4.46875,Lenovo,16-inch,16GB,ASUS,14-inch,16GB
4,-7.9375,6.0625,Lenovo,16-inch,16GB,ASUS,16-inch,4GB
4,-0.06640625,3.9375,Lenovo,16-inch,16GB,ASUS,16-inch,8GB
4,-0.9140625,5.59375,Lenovo,16-inch,16GB,ASUS,16-inch,16GB
4,-21.25,6.0625,Lenovo,16-inch,16GB,Lenovo,13-inch,4GB
4,-0.119140625,4.25,Lenovo,16-inch,16GB,Lenovo,13-inch,8GB
4,-3.59375,6.03125,Lenovo,16-inch,16GB,Lenovo,13-inch,16GB
4,-21.75,6.0625,Lenovo,16-inch,16GB,Lenovo,14-inch,4GB
4,-0.119140625,4.25,Lenovo,16-inch,16GB,Lenovo,14-inch,8GB
4,-2.875,6.0,Lenovo,16-inch,16GB,Lenovo,14-inch,16GB
4,-17.375,6.0625,Lenovo,16-inch,16GB,Lenovo,16-inch,4GB
4,-0.220703125,4.65625,Lenovo,16-inch,16GB,Lenovo,16-inch,8GB
4,-16.375,6.0625,Lenovo,16-inch,16GB,HP,13-inch,4GB
4,-0.00146484375,3.25,Lenovo,16-inch,16GB,HP,13-inch,8GB
4,-0.326171875,4.9375,Lenovo,16-inch,16GB,HP,13-inch,16GB
4,-15.4375,6.0625,Lenovo,16-inch,16GB,HP,14-inch,4GB
4,0.005615234375,3.125,Lenovo,16-inch,16GB,HP,14-inch,8GB
4,-0.19140625,4.5625,Lenovo,16-inch,16GB,HP,14-inch,16GB
4,-8.9375,6.0625,Lenovo,16-inch,16GB,HP,16-inch,4GB
4,-0.0283203125,3.59375,Lenovo,16-inch,16GB,HP,16-inch,8GB
4,-0.19140625,4.5625,Lenovo,16-inch,16GB,HP,16-inch,16GB
4,-17.625,6.0625,Lenovo,16-inch,16GB,Dell,13-inch,4GB
4,-0.03955078125,3.71875,Lenovo,16-inch,16GB,Dell,13-inch,8GB
4,-0.140625,4.375,Lenovo,16-inch,16GB,Dell,13-inch,16GB
4,-17.5,6.0625,Lenovo,16-inch,16GB,Dell,14-inch,4GB
4,-0.0283203125,3.59375,Lenovo,16-inch,16GB,Dell,14-inch,8GB
4,-0.06640625,3.9375,Lenovo,16-inch,16GB,Dell,14-inch,16GB
4,-8.9375,6.0625,Lenovo,16-inch,16GB,Dell,16-inch,4GB
4,-0.08203125,4.0625,Lenovo,16-inch,16GB,Dell,16-inch,8GB
4,-0.251953125,4.75,Lenovo,16-inch,16GB,Dell,16-inch,16GB
4,-5.1875,6.0625,Lenovo,16-inch,16GB,Apple,13-inch,4GB
4,-0.1650390625,4.46875,Lenovo,16-inch,16GB,Apple,13-inch,8GB
4,-0.326171875,4.9375,Lenovo,16-inch,16GB,Apple,13-inch,16GB
4,-3.703125,6.03125,Lenovo,16-inch,16GB,Apple,14-inch,4GB
4,-0.19140625,4.5625,Lenovo,16-inch,16GB,Apple,14-inch,8GB
4,-0.220703125,4.65625,Lenovo,16-inch,16GB,Apple,14-inch,16GB
4,-1.078125,5.6875,Lenovo,16-inch,16GB,Apple,16-inch,4GB
4,-0.326171875,4.9375,Lenovo,16-inch,16GB,Apple,16-inch,8GB
4,-0.5703125,5.3125,Lenovo,16-inch,16GB,Apple,16-inch,16GB
4,-1.25,5.75,HP,13-inch,4GB,ASUS,13-inch,4GB
4,-12.9375,6.0625,HP,13-inch,4GB,ASUS,13-inch,8GB
4,-0.462890625,5.15625,HP,13-inch,4GB,ASUS,13-inch,16GB
4,-1.1640625,5.71875,HP,13-inch,4GB,ASUS,14-inch,4GB
4,-10.6875,6.0625,HP,13-inch,4GB,ASUS,14-inch,8GB
4,-0.0283203125,3.59375,HP,13-inch,4GB,ASUS,14-inch,16GB
4,0.03076171875,2.53125,HP,13-inch,4GB,ASUS,16-inch,4GB
4,-0.6328125,5.375,HP,13-inch,4GB,ASUS,16-inch,8GB
4,0.060302734375,-2.4375,HP,13-inch,4GB,ASUS,16-inch,16GB
4,-0.5703125,5.3125,HP,13-inch,4GB,Lenovo,13-inch,4GB
4,-14.5625,6.0625,HP,13-inch,4GB,Lenovo,13-inch,8GB
4,-0.5703125,5.3125,HP,13-inch,4GB,Lenovo,13-inch,16GB
4,-0.462890625,5.15625,HP,13-inch,4GB,Lenovo,14-inch,4GB
4,-10.5625,6.0625,HP,13-inch,4GB,Lenovo,14-inch,8GB
4,0.02685546875,2.65625,HP,13-inch,4GB,Lenovo,14-inch,16GB
4,0.0576171875,0.1875,HP,13-inch,4GB,Lenovo,16-inch,4GB
4,-0.6953125,5.4375,HP,13-inch,4GB,Lenovo,16-inch,8GB
4,0.060546875,-3.3125,HP,13-inch,4GB,Lenovo,16-inch,16GB
4,-1.953125,5.90625,HP,13-inch,4GB,HP,13-inch,8GB
4,0.05908203125,-0.4375,HP,13-inch,4GB,HP,13-inch,16GB
4,-1.4375,5.8125,HP,13-inch,4GB,HP,14-inch,4GB
4,-1.25,5.75,HP,13-inch,4GB,HP,14-inch,8GB
4,0.060546875,-4.9375,HP,13-inch,4GB,HP,14-inch,16GB
4,-0.140625,4.375,HP,13-inch,4GB,HP,16-inch,4GB
4,0.03076171875,2.53125,HP,13-inch,4GB,HP,16-inch,8GB
4,0.060546875,-7.8125,HP,13-inch,4GB,HP,16-inch,16GB
4,-0.6953125,5.4375,HP,13-inch,4GB,Dell,13-inch,4GB
4,-10.5625,6.0625,HP,13-inch,4GB,Dell,13-inch,8GB
4,-0.06640625,3.9375,HP,13-inch,4GB,Dell,13-inch,16GB
4,-0.5703125,5.3125,HP,13-inch,4GB,Dell,14-inch,4GB
4,-5.6875,6.0625,HP,13-inch,4GB,Dell,14-inch,8GB
4,0.0546875,0.9375,HP,13-inch,4GB,Dell,14-inch,16GB
4,0.0537109375,1.0625,HP,13-inch,4GB,Dell,16-inch,4GB
4,-0.1650390625,4.46875,HP,13-inch,4GB,Dell,16-inch,8GB
4,0.060546875,-5.0625,HP,13-inch,4GB,Dell,16-inch,16GB
4,-0.099609375,4.15625,HP,13-inch,4GB,Apple,13-inch,4GB
4,-15.3125,6.0625,HP,13-inch,4GB,Apple,13-inch,8GB
4,-4.8125,6.0625,HP,13-inch,4GB,Apple,13-inch,16GB
4,0.011962890625,3.015625,HP,13-inch,4GB,Apple,14-inch,4GB
4,-11.4375,6.0625,HP,13-inch,4GB,Apple,14-inch,8GB
4,-1.4375,5.8125,HP,13-inch,4GB,Apple,14-inch,16GB
4,0.059326171875,-0.6875,HP,13-inch,4GB,Apple,16-inch,4GB
4,-2.0625,5.9375,HP,13-inch,4GB,Apple,16-inch,8GB
4,0.049560546875,1.5625,HP,13-inch,4GB,Apple,16-inch,16GB
4,-0.140625,4.375,HP,13-inch,8GB,ASUS,13-inch,4GB
4,-2.75,6.0,HP,13-inch,8GB,ASUS,13-inch,8GB
4,0.060302734375,-2.3125,HP,13-inch,8GB,ASUS,13-inch,16GB
4,-0.00927734375,3.375,HP,13-inch,8GB,ASUS,14-inch,4GB
4,-1.25,5.75,HP,13-inch,8GB,ASUS,14-inch,8GB
4,0.060546875,-4.1875,HP,13-inch,8GB,ASUS,14-inch,16GB
4,0.05517578125,0.8125,HP,13-inch,8GB,ASUS,16-inch,4GB
4,-0.03955078125,3.71875,HP,13-inch,8GB,ASUS,16-inch,8GB
4,0.060546875,-6.5625,HP,13-inch,8GB,ASUS,16-inch,16GB
4,-0.3671875,5.0,HP,13-inch,8GB,Lenovo,13-inch,4GB
4,-1.7421875,5.875,HP,13-inch,8GB,Lenovo,13-inch,8GB
4,0.059814453125,-1.0625,HP,13-inch,8GB,Lenovo,13-inch,16GB
4,-0.19140625,4.5625,HP,13-inch,8GB,Lenovo,14-inch,4GB
4,-1.078125,5.6875,HP,13-inch,8GB,Lenovo,14-inch,8GB
4,0.060546875,-3.8125,HP,13-inch,8GB,Lenovo,14-inch,16GB
4,0.05078125,1.4375,HP,13-inch,8GB,Lenovo,16-inch,4GB
4,-0.0185546875,3.484375,HP,13-inch,8GB,Lenovo,16-inch,8GB
4,0.060546875,-7.3125,HP,13-inch,8GB,Lenovo,16-inch,16GB
4,-16.75,6.0625,HP,13-inch,8GB,HP,13-inch,4GB
4,0.059814453125,-1.1875,HP,13-inch,8GB,HP,13-inch,16GB
4,-0.515625,5.25,HP,13-inch,8GB,HP,14-inch,4GB
4,-4.1875,6.0625,HP,13-inch,8GB,HP,14-inch,8GB
4,0.060546875,-5.8125,HP,13-inch,8GB,HP,14-inch,16GB
4,0.037353515625,2.296875,HP,13-inch,8GB,HP,16-inch,4GB
4,-0.9140625,5.59375,HP,13-inch,8GB,HP,16-inch,8GB
4,0.060546875,-7.0625,HP,13-inch,8GB,HP,16-inch,16GB
4,-0.4140625,5.09375,HP,13-inch,8GB,Dell,13-inch,4GB
4,-1.8515625,5.90625,HP,13-inch,8GB,Dell,13-inch,8GB
4,0.060546875,-4.3125,HP,13-inch,8GB,Dell,13-inch,16GB
4,-0.19140625,4.5625,HP,13-inch,8GB,Dell,14-inch,4GB
4,-0.6953125,5.4375,HP,13-inch,8GB,Dell,14-inch,8GB
4,0.060546875,-5.5625,HP,13-inch,8GB,Dell,14-inch,16GB
4,0.04638671875,1.8125,HP,13-inch,8GB,Dell,16-inch,4GB
4,-0.0283203125,3.59375,HP,13-inch,8GB,Dell,16-inch,8GB
4,0.060546875,-8.1875,HP,13-inch,8GB,Dell,16-inch,16GB
4,-0.0283203125,3.59375,HP,13-inch,8GB,Apple,13-inch,4GB
4,-0.8359375,5.53125,HP,13-inch,8GB,Apple,13-inch,8GB
4,0.03076171875,2.53125,HP,13-inch,8GB,Apple,13-inch,16GB
4,-0.03955078125,3.71875,HP,13-inch,8GB,Apple,14-inch,4GB
4,-0.06640625,3.9375,HP,13-inch,8GB,Apple,14-inch,8GB
4,0.056396484375,0.5625,HP,13-inch,8GB,Apple,14-inch,16GB
4,0.04638671875,1.8125,HP,13-inch,8GB,Apple,16-inch,4GB
4,0.048095703125,1.6875,HP,13-inch,8GB,Apple,16-inch,8GB
4,0.060546875,-4.4375,HP,13-inch,8GB,Apple,16-inch,16GB
4,-6.0625,6.0625,HP,13-inch,16GB,ASUS,13-inch,4GB
4,0.052978515625,1.1875,HP,13-inch,16GB,ASUS,13-inch,8GB
4,-0.326171875,4.9375,HP,13-inch,16GB,ASUS,13-inch,16GB
4,-7.5625,6.0625,HP,13-inch,16GB,ASUS,14-inch,4GB
4,0.057373046875,0.3125,HP,13-inch,16GB,ASUS,14-inch,8GB
4,0.04638671875,1.8125,HP,13-inch,16GB,ASUS,14-inch,16GB
4,-0.119140625,4.25,HP,13-inch,16GB,ASUS,16-inch,4GB
4,0.059326171875,-0.6875,HP,13-inch,16GB,ASUS,16-inch,8GB
4,0.005615234375,3.125,HP,13-inch,16GB,ASUS,16-inch,16GB
4,-6.4375,6.0625,HP,13-inch,16GB,Lenovo,13-inch,4GB
4,0.052978515625,1.1875,HP,13-inch,16GB,Lenovo,13-inch,8GB
4,-0.099609375,4.15625,HP,13-inch,16GB,Lenovo,13-inch,16GB
4,-8.3125,6.0625,HP,13-inch,16GB,Lenovo,14-inch,4GB
4,0.057373046875,0.3125,HP,13-inch,16GB,Lenovo,14-inch,8GB
4,0.04638671875,1.8125,HP,13-inch,16GB,Lenovo,14-inch,16GB
4,-0.251953125,4.75,HP,13-inch,16GB,Lenovo,16-inch,4GB
4,0.0595703125,-0.8125,HP,13-inch,16GB,Lenovo,16-inch,8GB
4,-0.0185546875,3.484375,HP,13-inch,16GB,Lenovo,16-inch,16GB
4,-17.625,6.0625,HP,13-inch,16GB,HP,13-inch,4GB
4,-0.8359375,5.53125,HP,13-inch,16GB,HP,13-inch,8GB
4,-15.0625,6.0625,HP,13-inch,16GB,HP,14-inch,4GB
4,0.057373046875,0.3125,HP,13-inch,16GB,HP,14-inch,8GB
4,-0.765625,5.5,HP,13-inch,16GB,HP,14-inch,16GB
4,-0.8359375,5.53125,HP,13-inch,16GB,HP,16-inch,4GB
4,0.059326171875,-0.6875,HP,13-inch,16GB,HP,16-inch,8GB
4,-0.5703125,5.3125,HP,13-inch,16GB,HP,16-inch,16GB
4,-5.4375,6.0625,HP,13-inch,16GB,Dell,13-inch,4GB
4,0.049560546875,1.5625,HP,13-inch,16GB,Dell,13-inch,8GB
4,-0.099609375,4.15625,HP,13-inch,16GB,Dell,13-inch,16GB
4,-6.6875,6.0625,HP,13-inch,16GB,Dell,14-inch,4GB
4,0.057373046875,0.3125,HP,13-inch,16GB,Dell,14-inch,8GB
4,0.05517578125,0.8125,HP,13-inch,16GB,Dell,14-inch,16GB
4,-0.19140625,4.5625,HP,13-inch,16GB,Dell,16-inch,4GB
4,0.0595703125,-0.9375,HP,13-inch,16GB,Dell,16-inch,8GB
4,0.005615234375,3.125,HP,13-inch,16GB,Dell,16-inch,16GB
4,-0.326171875,4.9375,HP,13-inch,16GB,Apple,13-inch,4GB
4,-0.00146484375,3.25,HP,13-inch,16GB,Apple,13-inch,8GB
4,-0.765625,5.5,HP,13-inch,16GB,Apple,13-inch,16GB
4,-0.765625,5.5,HP,13-inch,16GB,Apple,14-inch,4GB
4,0.048095703125,1.6875,HP,13-inch,16GB,Apple,14-inch,8GB
4,-0.119140625,4.25,HP,13-inch,16GB,Apple,14-inch,16GB
4,-0.00146484375,3.25,HP,13-inch,16GB,Apple,16-inch,4GB
4,0.056884765625,0.4375,HP,13-inch,16GB,Apple,16-inch,8GB
4,-0.099609375,4.15625,HP,13-inch,16GB,Apple,16-inch,16GB
4,-1.25,5.75,HP,14-inch,4GB,ASUS,13-inch,4GB
4,-15.1875,6.0625,HP,14-inch,4GB,ASUS,13-inch,8GB
4,-1.078125,5.6875,HP,14-inch,4GB,ASUS,13-inch,16GB
4,-1.078125,5.6875,HP,14-inch,4GB,ASUS,14-inch,4GB
4,-8.1875,6.0625,HP,14-inch,4GB,ASUS,14-inch,8GB
4,-0.140625,4.375,HP,14-inch,4GB,ASUS,14-inch,16GB
4,0.017578125,2.890625,HP,14-inch,4GB,ASUS,16-inch,4GB
4,-0.251953125,4.75,HP,14-inch,4GB,ASUS,16-inch,8GB
4,0.060302734375,-2.6875,HP,14-inch,4GB,ASUS,16-inch,16GB
4,-0.515625,5.25,HP,14-inch,4GB,Lenovo,13-inch,4GB
4,-15.0625,6.0625,HP,14-inch,4GB,Lenovo,13-inch,8GB
4,-0.287109375,4.84375,HP,14-inch,4GB,Lenovo,13-inch,16GB
4,-0.515625,5.25,HP,14-inch,4GB,Lenovo,14-inch,4GB
4,-9.3125,6.0625,HP,14-inch,4GB,Lenovo,14-inch,8GB
4,-0.03955078125,3.71875,HP,14-inch,4GB,Lenovo,14-inch,16GB
4,0.055419921875,0.8125,HP,14-inch,4GB,Lenovo,16-inch,4GB
4,-0.326171875,4.9375,HP,14-inch,4GB,Lenovo,16-inch,8GB
4,0.060546875,-3.5625,HP,14-inch,4GB,Lenovo,16-inch,16GB
4,-0.765625,5.5,HP,14-inch,4GB,HP,13-inch,4GB
4,-4.8125,6.0625,HP,14-inch,4GB,HP,13-inch,8GB
4,0.060302734375,-2.4375,HP,14-inch,4GB,HP,13-inch,16GB
4,-0.765625,5.5,HP,14-inch,4GB,HP,14-inch,8GB
4,0.05908203125,-0.4375,HP,14-inch,4GB,HP,14-inch,16GB
4,-0.140625,4.375,HP,14-inch,4GB,HP,16-inch,4GB
4,0.0341796875,2.40625,HP,14-inch,4GB,HP,16-inch,8GB
4,0.060546875,-7.3125,HP,14-inch,4GB,HP,16-inch,16GB
4,-0.765625,5.5,HP,14-inch,4GB,Dell,13-inch,4GB
4,-12.4375,6.0625,HP,14-inch,4GB,Dell,13-inch,8GB
4,-0.05224609375,3.828125,HP,14-inch,4GB,Dell,13-inch,16GB
4,-0.6328125,5.375,HP,14-inch,4GB,Dell,14-inch,4GB
4,-5.3125,6.0625,HP,14-inch,4GB,Dell,14-inch,8GB
4,0.017578125,2.890625,HP,14-inch,4GB,Dell,14-inch,16GB
4,0.04248046875,2.03125,HP,14-inch,4GB,Dell,16-inch,4GB
4,-0.08203125,4.0625,HP,14-inch,4GB,Dell,16-inch,8GB
4,0.060546875,-5.0625,HP,14-inch,4GB,Dell,16-inch,16GB
4,-0.462890625,5.15625,HP,14-inch,4GB,Apple,13-inch,4GB
4,-14.9375,6.0625,HP,14-inch,4GB,Apple,13-inch,8GB
4,-5.3125,6.0625,HP,14-inch,4GB,Apple,13-inch,16GB
4,-0.099609375,4.15625,HP,14-inch,4GB,Apple,14-inch,4GB
4,-13.4375,6.0625,HP,14-inch,4GB,Apple,14-inch,8GB
4,-4.5625,6.0625,HP,14-inch,4GB,Apple,14-inch,16GB
4,0.059326171875,-0.6875,HP,14-inch,4GB,Apple,16-inch,4GB
4,-1.953125,5.90625,HP,14-inch,4GB,Apple,16-inch,8GB
4,0.04248046875,2.03125,HP,14-inch,4GB,Apple,16-inch,16GB
4,-5.6875,6.0625,HP,14-inch,8GB,ASUS,13-inch,4GB
4,-1.8515625,5.90625,HP,14-inch,8GB,ASUS,13-inch,8GB
4,0.052978515625,1.1875,HP,14-inch,8GB,ASUS,13-inch,16GB
4,-0.9921875,5.625,HP,14-inch,8GB,ASUS,14-inch,4GB
4,-2.28125,5.96875,HP,14-inch,8GB,ASUS,14-inch,8GB
4,0.060546875,-4.6875,HP,14-inch,8GB,ASUS,14-inch,16GB
4,0.056396484375,0.5625,HP,14-inch,8GB,ASUS,16-inch,4GB
4,-0.00146484375,3.25,HP,14-inch,8GB,ASUS,16-inch,8GB
4,0.060546875,-8.4375,HP,14-inch,8GB,ASUS,16-inch,16GB
4,-5.9375,6.0625,HP,14-inch,8GB,Lenovo,13-inch,4GB
4,-0.9921875,5.625,HP,14-inch,8GB,Lenovo,13-inch,8GB
4,0.057373046875,0.3125,HP,14-inch,8GB,Lenovo,13-inch,16GB
4,-1.640625,5.875,HP,14-inch,8GB,Lenovo,14-inch,4GB
4,-1.34375,5.78125,HP,14-inch,8GB,Lenovo,14-inch,8GB
4,0.060546875,-4.6875,HP,14-inch,8GB,Lenovo,14-inch,16GB
4,0.05078125,1.4375,HP,14-inch,8GB,Lenovo,16-inch,4GB
4,0.011962890625,3.015625,HP,14-inch,8GB,Lenovo,16-inch,8GB
4,0.060546875,-8.1875,HP,14-inch,8GB,Lenovo,16-inch,16GB
4,-14.5625,6.0625,HP,14-inch,8GB,HP,13-inch,4GB
4,-7.9375,6.0625,HP,14-inch,8GB,HP,13-inch,8GB
4,0.05859375,-0.1875,HP,14-inch,8GB,HP,13-inch,16GB
4,-18.0,6.0625,HP,14-inch,8GB,HP,14-inch,4GB
4,0.060546875,-3.0625,HP,14-inch,8GB,HP,14-inch,16GB
4,0.0341796875,2.40625,HP,14-inch,8GB,HP,16-inch,4GB
4,-0.765625,5.5,HP,14-inch,8GB,HP,16-inch,8GB
4,0.060546875,-7.9375,HP,14-inch,8GB,HP,16-inch,16GB
4,-7.5625,6.0625,HP,14-inch,8GB,Dell,13-inch,4GB
4,-0.9140625,5.59375,HP,14-inch,8GB,Dell,13-inch,8GB
4,0.0595703125,-0.8125,HP,14-inch,8GB,Dell,13-inch,16GB
4,-1.5390625,5.84375,HP,14-inch,8GB,Dell,14-inch,4GB
4,-1.078125,5.6875,HP,14-inch,8GB,Dell,14-inch,8GB
4,0.060546875,-7.1875,HP,14-inch,8GB,Dell,14-inch,16GB
4,0.04443359375,1.90625,HP,14-inch,8GB,Dell,16-inch,4GB
4,0.005615234375,3.125,HP,14-inch,8GB,Dell,16-inch,8GB
4,0.060546875,-8.8125,HP,14-inch,8GB,Dell,16-inch,16GB
4,-1.5390625,5.84375,HP,14-inch,8GB,Apple,13-inch,4GB
4,-0.220703125,4.65625,HP,14-inch,8GB,Apple,13-inch,8GB
4,0.017578125,2.890625,HP,14-inch,8GB,Apple,13-inch,16GB
4,-0.099609375,4.15625,HP,14-inch,8GB,Apple,14-inch,4GB
4,-0.3671875,5.0,HP,14-inch,8GB,Apple,14-inch,8GB
4,0.05859375,-0.1875,HP,14-inch,8GB,Apple,14-inch,16GB
4,0.05078125,1.4375,HP,14-inch,8GB,Apple,16-inch,4GB
4,0.049560546875,1.5625,HP,14-inch,8GB,Apple,16-inch,8GB
4,0.060546875,-6.3125,HP,14-inch,8GB,Apple,16-inch,16GB
4,-16.125,6.0625,HP,14-inch,16GB,ASUS,13-inch,4GB
4,0.0341796875,2.40625,HP,14-inch,16GB,ASUS,13-inch,8GB
4,0.052001953125,1.3125,HP,14-inch,16GB,ASUS,13-inch,16GB
4,-7.1875,6.0625,HP,14-inch,16GB,ASUS,14-inch,4GB
4,0.048095703125,1.6875,HP,14-inch,16GB,ASUS,14-inch,8GB
4,0.03076171875,2.53125,HP,14-inch,16GB,ASUS,14-inch,16GB
4,-0.220703125,4.65625,HP,14-inch,16GB,ASUS,16-inch,4GB
4,0.05810546875,0.0625,HP,14-inch,16GB,ASUS,16-inch,8GB
4,0.0537109375,1.0625,HP,14-inch,16GB,ASUS,16-inch,16GB
4,-16.75,6.0625,HP,14-inch,16GB,Lenovo,13-inch,4GB
4,0.0400390625,2.171875,HP,14-inch,16GB,Lenovo,13-inch,8GB
4,0.049560546875,1.5625,HP,14-inch,16GB,Lenovo,13-inch,16GB
4,-8.3125,6.0625,HP,14-inch,16GB,Lenovo,14-inch,4GB
4,0.05078125,1.4375,HP,14-inch,16GB,Lenovo,14-inch,8GB
4,0.037353515625,2.296875,HP,14-inch,16GB,Lenovo,14-inch,16GB
4,-0.515625,5.25,HP,14-inch,16GB,Lenovo,16-inch,4GB
4,0.058349609375,-0.0625,HP,14-inch,16GB,Lenovo,16-inch,8GB
4,0.0546875,0.9375,HP,14-inch,16GB,Lenovo,16-inch,16GB
4,-19.75,6.0625,HP,14-inch,16GB,HP,13-inch,4GB
4,0.0224609375,2.78125,HP,14-inch,16GB,HP,13-inch,8GB
4,-0.9140625,5.59375,HP,14-inch,16GB,HP,13-inch,16GB
4,-17.25,6.0625,HP,14-inch,16GB,HP,14-inch,4GB
4,-0.9921875,5.625,HP,14-inch,16GB,HP,14-inch,8GB
4,-1.078125,5.6875,HP,14-inch,16GB,HP,16-inch,4GB
4,0.05859375,-0.1875,HP,14-inch,16GB,HP,16-inch,8GB
4,-0.08203125,4.0625,HP,14-inch,16GB,HP,16-inch,16GB
4,-16.25,6.0625,HP,14-inch,16GB,Dell,13-inch,4GB
4,0.0341796875,2.40625,HP,14-inch,16GB,Dell,13-inch,8GB
4,0.05517578125,0.8125,HP,14-inch,16GB,Dell,13-inch,16GB
4,-7.6875,6.0625,HP,14-inch,16GB,Dell,14-inch,4GB
4,0.04638671875,1.8125,HP,14-inch,16GB,Dell,14-inch,8GB
4,0.049560546875,1.5625,HP,14-inch,16GB,Dell,14-inch,16GB
4,-0.4140625,5.09375,HP,14-inch,16GB,Dell,16-inch,4GB
4,0.05810546875,0.0625,HP,14-inch,16GB,Dell,16-inch,8GB
4,0.055908203125,0.6875,HP,14-inch,16GB,Dell,16-inch,16GB
4,-5.1875,6.0625,HP,14-inch,16GB,Apple,13-inch,4GB
4,-0.00927734375,3.375,HP,14-inch,16GB,Apple,13-inch,8GB
4,-0.00146484375,3.25,HP,14-inch,16GB,Apple,13-inch,16GB
4,-0.462890625,5.15625,HP,14-inch,16GB,Apple,14-inch,4GB
4,-0.03955078125,3.71875,HP,14-inch,16GB,Apple,14-inch,8GB
4,-0.1650390625,4.46875,HP,14-inch,16GB,Apple,14-inch,16GB
4,-0.00146484375,3.25,HP,14-inch,16GB,Apple,16-inch,4GB
4,0.052978515625,1.1875,HP,14-inch,16GB,Apple,16-inch,8GB
4,0.03076171875,2.53125,HP,14-inch,16GB,Apple,16-inch,16GB
4,-9.4375,6.0625,HP,16-inch,4GB,ASUS,13-inch,4GB
4,-19.375,6.0625,HP,16-inch,4GB,ASUS,13-inch,8GB
4,-6.1875,6.0625,HP,16-inch,4GB,ASUS,13-inch,16GB
4,-9.3125,6.0625,HP,16-inch,4GB,ASUS,14-inch,4GB
4,-16.875,6.0625,HP,16-inch,4GB,ASUS,14-inch,8GB
4,-4.6875,6.0625,HP,16-inch,4GB,ASUS,14-inch,16GB
4,-2.625,6.0,HP,16-inch,4GB,ASUS,16-inch,4GB
4,-14.5625,6.0625,HP,16-inch,4GB,ASUS,16-inch,8GB
4,-6.9375,6.0625,HP,16-inch,4GB,ASUS,16-inch,16GB
4,-6.5625,6.0625,HP,16-inch,4GB,Lenovo,13-inch,4GB
4,-19.75,6.0625,HP,16-inch,4GB,Lenovo,13-inch,8GB
4,-5.5625,6.0625,HP,16-inch,4GB,Lenovo,13-inch,16GB
4,-6.6875,6.0625,HP,16-inch,4GB,Lenovo,14-inch,4GB
4,-18.375,6.0625,HP,16-inch,4GB,Lenovo,14-inch,8GB
4,-3.46875,6.03125,HP,16-inch,4GB,Lenovo,14-inch,16GB
4,-2.171875,5.9375,HP,16-inch,4GB,Lenovo,16-inch,4GB
4,-16.125,6.0625,HP,16-inch,4GB,Lenovo,16-inch,8GB
4,-5.3125,6.0625,HP,16-inch,4GB,Lenovo,16-inch,16GB
4,-7.0625,6.0625,HP,16-inch,4GB,HP,13-inch,4GB
4,-11.1875,6.0625,HP,16-inch,4GB,HP,13-inch,8GB
4,-1.953125,5.90625,HP,16-inch,4GB,HP,13-inch,16GB
4,-7.6875,6.0625,HP,16-inch,4GB,HP,14-inch,4GB
4,-8.0625,6.0625,HP,16-inch,4GB,HP,14-inch,8GB
4,-1.078125,5.6875,HP,16-inch,4GB,HP,14-inch,16GB
4,-4.8125,6.0625,HP,16-inch,4GB,HP,16-inch,8GB
4,-0.6328125,5.375,HP,16-inch,4GB,HP,16-inch,16GB
4,-7.4375,6.0625,HP,16-inch,4GB,Dell,13-inch,4GB
4,-17.75,6.0625,HP,16-inch,4GB,Dell,13-inch,8GB
4,-3.59375,6.03125,HP,16-inch,4GB,Dell,13-inch,16GB
4,-7.3125,6.0625,HP,16-inch,4GB,Dell,14-inch,4GB
4,-15.5625,6.0625,HP,16-inch,4GB,Dell,14-inch,8GB
4,-2.28125,5.96875,HP,16-inch,4GB,Dell,14-inch,16GB
4,-2.28125,5.96875,HP,16-inch,4GB,Dell,16-inch,4GB
4,-11.4375,6.0625,HP,16-inch,4GB,Dell,16-inch,8GB
4,-3.109375,6.03125,HP,16-inch,4GB,Dell,16-inch,16GB
4,-4.1875,6.0625,HP,16-inch,4GB,Apple,13-inch,4GB
4,-18.5,6.0625,HP,16-inch,4GB,Apple,13-inch,8GB
4,-13.4375,6.0625,HP,16-inch,4GB,Apple,13-inch,16GB
4,-4.3125,6.0625,HP,16-inch,4GB,Apple,14-inch,4GB
4,-17.375,6.0625,HP,16-inch,4GB,Apple,14-inch,8GB
4,-12.8125,6.0625,HP,16-inch,4GB,Apple,14-inch,16GB
4,-1.8515625,5.90625,HP,16-inch,4GB,Apple,16-inch,4GB
4,-17.75,6.0625,HP,16-inch,4GB,Apple,16-inch,8GB
4,-13.6875,6.0625,HP,16-inch,4GB,Apple,16-inch,16GB
4,-6.4375,6.0625,HP,16-inch,8GB,ASUS,13-inch,4GB
4,-2.984375,6.0,HP,16-inch,8GB,ASUS,13-inch,8GB
4,-2.28125,5.96875,HP,16-inch,8GB,ASUS,13-inch,16GB
4,-4.9375,6.0625,HP,16-inch,8GB,ASUS,14-inch,4GB
4,-2.75,6.0,HP,16-inch,8GB,ASUS,14-inch,8GB
4,-0.4140625,5.09375,HP,16-inch,8GB,ASUS,14-inch,16GB
4,-0.6328125,5.375,HP,16-inch,8GB,ASUS,16-inch,4GB
4,-2.984375,6.0,HP,16-inch,8GB,ASUS,16-inch,8GB
4,0.060302734375,-1.9375,HP,16-inch,8GB,ASUS,16-inch,16GB
4,-7.0625,6.0625,HP,16-inch,8GB,Lenovo,13-inch,4GB
4,-2.40625,5.96875,HP,16-inch,8GB,Lenovo,13-inch,8GB
4,-1.7421875,5.875,HP,16-inch,8GB,Lenovo,13-inch,16GB
4,-6.8125,6.0625,HP,16-inch,8GB,Lenovo,14-inch,4GB
4,-2.0625,5.9375,HP,16-inch,8GB,Lenovo,14-inch,8GB
4,-0.1650390625,4.46875,HP,16-inch,8GB,Lenovo,14-inch,16GB
4,-0.9921875,5.625,HP,16-inch,8GB,Lenovo,16-inch,4GB
4,-1.7421875,5.875,HP,16-inch,8GB,Lenovo,16-inch,8GB
4,0.0595703125,-0.9375,HP,16-inch,8GB,Lenovo,16-inch,16GB
4,-14.8125,6.0625,HP,16-inch,8GB,HP,13-inch,4GB
4,-9.0625,6.0625,HP,16-inch,8GB,HP,13-inch,8GB
4,-3.59375,6.03125,HP,16-inch,8GB,HP,13-inch,16GB
4,-15.4375,6.0625,HP,16-inch,8GB,HP,14-inch,4GB
4,-7.8125,6.0625,HP,16-inch,8GB,HP,14-inch,8GB
4,-2.75,6.0,HP,16-inch,8GB,HP,14-inch,16GB
4,-18.375,6.0625,HP,16-inch,8GB,HP,16-inch,4GB
4,0.03076171875,2.53125,HP,16-inch,8GB,HP,16-inch,16GB
4,-8.9375,6.0625,HP,16-inch,8GB,Dell,13-inch,4GB
4,-2.40625,5.96875,HP,16-inch,8GB,Dell,13-inch,8GB
4,-0.9921875,5.625,HP,16-inch,8GB,Dell,13-inch,16GB
4,-7.3125,6.0625,HP,16-inch,8GB,Dell,14-inch,4GB
4,-2.171875,5.9375,HP,16-inch,8GB,Dell,14-inch,8GB
4,-0.1650390625,4.46875,HP,16-inch,8GB,Dell,14-inch,16GB
4,-0.9921875,5.625,HP,16-inch,8GB,Dell,16-inch,4GB
4,-2.0625,5.9375,HP,16-inch,8GB,Dell,16-inch,8GB
4,0.060546875,-3.0625,HP,16-inch,8GB,Dell,16-inch,16GB
4,-1.5390625,5.84375,HP,16-inch,8GB,Apple,13-inch,4GB
4,-0.515625,5.25,HP,16-inch,8GB,Apple,13-inch,8GB
4,-1.8515625,5.90625,HP,16-inch,8GB,Apple,13-inch,16GB
4,-1.25,5.75,HP,16-inch,8GB,Apple,14-inch,4GB
4,-0.515625,5.25,HP,16-inch,8GB,Apple,14-inch,8GB
4,-1.078125,5.6875,HP,16-inch,8GB,Apple,14-inch,16GB
4,0.005615234375,3.125,HP,16-inch,8GB,Apple,16-inch,4GB
4,-1.5390625,5.84375,HP,16-inch,8GB,Apple,16-inch,8GB
4,0.02685546875,2.65625,HP,16-inch,8GB,Apple,16-inch,16GB
4,-16.125,6.0625,HP,16-inch,16GB,ASUS,13-inch,4GB
4,-0.03955078125,3.71875,HP,16-inch,16GB,ASUS,13-inch,8GB
4,-0.251953125,4.75,HP,16-inch,16GB,ASUS,13-inch,16GB
4,-14.8125,6.0625,HP,16-inch,16GB,ASUS,14-inch,4GB
4,-0.0283203125,3.59375,HP,16-inch,16GB,ASUS,14-inch,8GB
4,-0.19140625,4.5625,HP,16-inch,16GB,ASUS,14-inch,16GB
4,-7.8125,6.0625,HP,16-inch,16GB,ASUS,16-inch,4GB
4,-0.0185546875,3.484375,HP,16-inch,16GB,ASUS,16-inch,8GB
4,-1.4375,5.8125,HP,16-inch,16GB,ASUS,16-inch,16GB
4,-16.25,6.0625,HP,16-inch,16GB,Lenovo,13-inch,4GB
4,-0.0185546875,3.484375,HP,16-inch,16GB,Lenovo,13-inch,8GB
4,-0.326171875,4.9375,HP,16-inch,16GB,Lenovo,13-inch,16GB
4,-14.1875,6.0625,HP,16-inch,16GB,Lenovo,14-inch,4GB
4,-0.00146484375,3.25,HP,16-inch,16GB,Lenovo,14-inch,8GB
4,-0.19140625,4.5625,HP,16-inch,16GB,Lenovo,14-inch,16GB
4,-7.4375,6.0625,HP,16-inch,16GB,Lenovo,16-inch,4GB
4,-0.00927734375,3.375,HP,16-inch,16GB,Lenovo,16-inch,8GB
4,-0.765625,5.5,HP,16-inch,16GB,Lenovo,16-inch,16GB
4,-20.625,6.0625,HP,16-inch,16GB,HP,13-inch,4GB
4,-0.119140625,4.25,HP,16-inch,16GB,HP,13-inch,8GB
4,-2.625,6.0,HP,16-inch,16GB,HP,13-inch,16GB
4,-20.375,6.0625,HP,16-inch,16GB,HP,14-inch,4GB
4,-0.099609375,4.15625,HP,16-inch,16GB,HP,14-inch,8GB
4,-2.28125,5.96875,HP,16-inch,16GB,HP,14-inch,16GB
4,-17.625,6.0625,HP,16-inch,16GB,HP,16-inch,4GB
4,-0.19140625,4.5625,HP,16-inch,16GB,HP,16-inch,8GB
4,-15.6875,6.0625,HP,16-inch,16GB,Dell,13-inch,4GB
4,-0.0185546875,3.484375,HP,16-inch,16GB,Dell,13-inch,8GB
4,-0.220703125,4.65625,HP,16-inch,16GB,Dell,13-inch,16GB
4,-15.0625,6.0625,HP,16-inch,16GB,Dell,14-inch,4GB
4,-0.0185546875,3.484375,HP,16-inch,16GB,Dell,14-inch,8GB
4,-0.08203125,4.0625,HP,16-inch,16GB,Dell,14-inch,16GB
4,-6.8125,6.0625,HP,16-inch,16GB,Dell,16-inch,4GB
4,-0.03955078125,3.71875,HP,16-inch,16GB,Dell,16-inch,8GB
4,-0.515625,5.25,HP,16-inch,16GB,Dell,16-inch,16GB
4,-5.9375,6.0625,HP,16-inch,16GB,Apple,13-inch,4GB
4,-0.119140625,4.25,HP,16-inch,16GB,Apple,13-inch,8GB
4,-0.251953125,4.75,HP,16-inch,16GB,Apple,13-inch,16GB
4,-4.9375,6.0625,HP,16-inch,16GB,Apple,14-inch,4GB
4,-0.099609375,4.15625,HP,16-inch,16GB,Apple,14-inch,8GB
4,-0.326171875,4.9375,HP,16-inch,16GB,Apple,14-inch,16GB
4,-0.6953125,5.4375,HP,16-inch,16GB,Apple,16-inch,4GB
4,-0.119140625,4.25,HP,16-inch,16GB,Apple,16-inch,8GB
4,-0.8359375,5.53125,HP,16-inch,16GB,Apple,16-inch,16GB
4,-0.9140625,5.59375,Dell,13-inch,4GB,ASUS,13-inch,4GB
4,-13.5625,6.0625,Dell,13-inch,4GB,ASUS,13-inch,8GB
4,-1.25,5.75,Dell,13-inch,4GB,ASUS,13-inch,16GB
4,-0.9140625,5.59375,Dell,13-inch,4GB,ASUS,14-inch,4GB
4,-11.9375,6.0625,Dell,13-inch,4GB,ASUS,14-inch,8GB
4,-0.220703125,4.65625,Dell,13-inch,4GB,ASUS,14-inch,16GB
4,0.02685546875,2.65625,Dell,13-inch,4GB,ASUS,16-inch,4GB
4,-0.9140625,5.59375,Dell,13-inch,4GB,ASUS,16-inch,8GB
4,0.06005859375,-1.8125,Dell,13-inch,4GB,ASUS,16-inch,16GB
4,-0.462890625,5.15625,Dell,13-inch,4GB,Lenovo,13-inch,4GB
4,-12.8125,6.0625,Dell,13-inch,4GB,Lenovo,13-inch,8GB
4,-0.326171875,4.9375,Dell,13-inch,4GB,Lenovo,13-inch,16GB
4,-0.4140625,5.09375,Dell,13-inch,4GB,Lenovo,14-inch,4GB
4,-8.4375,6.0625,Dell,13-inch,4GB,Lenovo,14-inch,8GB
4,0.0341796875,2.40625,Dell,13-inch,4GB,Lenovo,14-inch,16GB
4,0.0546875,0.9375,Dell,13-inch,4GB,Lenovo,16-inch,4GB
4,-0.5703125,5.3125,Dell,13-inch,4GB,Lenovo,16-inch,8GB
4,0.060546875,-3.5625,Dell,13-inch,4GB,Lenovo,16-inch,16GB
4,-0.3671875,5.0,Dell,13-inch,4GB,HP,13-inch,4GB
4,-10.6875,6.0625,Dell,13-inch,4GB,HP,13-inch,8GB
4,-0.462890625,5.15625,Dell,13-inch,4GB,HP,13-inch,16GB
4,-0.3671875,5.0,Dell,13-inch,4GB,HP,14-inch,4GB
4,-8.1875,6.0625,Dell,13-inch,4GB,HP,14-inch,8GB
4,-0.00146484375,3.25,Dell,13-inch,4GB,HP,14-inch,16GB
4,0.05078125,1.4375,Dell,13-inch,4GB,HP,16-inch,4GB
4,-0.6953125,5.4375,Dell,13-inch,4GB,HP,16-inch,8GB
4,0.060302734375,-2.6875,Dell,13-inch,4GB,HP,16-inch,16GB
4,-1.7421875,5.875,Dell,13-inch,4GB,Dell,13-inch,8GB
4,0.058837890625,-0.3125,Dell,13-inch,4GB,Dell,13-inch,16GB
4,-1.078125,5.6875,Dell,13-inch,4GB,Dell,14-inch,4GB
4,-0.9140625,5.59375,Dell,13-inch,4GB,Dell,14-inch,8GB
4,0.060546875,-5.4375,Dell,13-inch,4GB,Dell,14-inch,16GB
4,-0.220703125,4.65625,Dell,13-inch,4GB,Dell,16-inch,4GB
4,0.049560546875,1.5625,Dell,13-inch,4GB,Dell,16-inch,8GB
4,0.060546875,-9.8125,Dell,13-inch,4GB,Dell,16-inch,16GB
4,0.04248046875,2.03125,Dell,13-inch,4GB,Apple,13-inch,4GB
4,-14.1875,6.0625,Dell,13-inch,4GB,Apple,13-inch,8GB
4,-3.46875,6.03125,Dell,13-inch,4GB,Apple,13-inch,16GB
4,0.04443359375,1.90625,Dell,13-inch,4GB,Apple,14-inch,4GB
4,-9.4375,6.0625,Dell,13-inch,4GB,Apple,14-inch,8GB
4,-0.3671875,5.0,Dell,13-inch,4GB,Apple,14-inch,16GB
4,0.059326171875,-0.6875,Dell,13-inch,4GB,Apple,16-inch,4GB
4,-1.640625,5.875,Dell,13-inch,4GB,Apple,16-inch,8GB
4,0.05517578125,0.8125,Dell,13-inch,4GB,Apple,16-inch,16GB
4,-0.05224609375,3.828125,Dell,13-inch,8GB,ASUS,13-inch,4GB
4,-2.0625,5.9375,Dell,13-inch,8GB,ASUS,13-inch,8GB
4,0.060302734375,-2.0625,Dell,13-inch,8GB,ASUS,13-inch,16GB
4,0.011962890625,3.015625,Dell,13-inch,8GB,ASUS,14-inch,4GB
4,-0.9921875,5.625,Dell,13-inch,8GB,ASUS,14-inch,8GB
4,0.060546875,-3.1875,Dell,13-inch,8GB,ASUS,14-inch,16GB
4,0.055908203125,0.6875,Dell,13-inch,8GB,ASUS,16-inch,4GB
4,-0.08203125,4.0625,Dell,13-inch,8GB,ASUS,16-inch,8GB
4,0.060546875,-6.3125,Dell,13-inch,8GB,ASUS,16-inch,16GB
4,-0.4140625,5.09375,Dell,13-inch,8GB,Lenovo,13-inch,4GB
4,-1.1640625,5.71875,Dell,13-inch,8GB,Lenovo,13-inch,8GB
4,0.060302734375,-2.3125,Dell,13-inch,8GB,Lenovo,13-inch,16GB
4,-0.119140625,4.25,Dell,13-inch,8GB,Lenovo,14-inch,4GB
4,-0.765625,5.5,Dell,13-inch,8GB,Lenovo,14-inch,8GB
4,0.060546875,-4.3125,Dell,13-inch,8GB,Lenovo,14-inch,16GB
4,0.04248046875,2.03125,Dell,13-inch,8GB,Lenovo,16-inch,4GB
4,-0.05224609375,3.828125,Dell,13-inch,8GB,Lenovo,16-inch,8GB
4,0.060546875,-7.1875,Dell,13-inch,8GB,Lenovo,16-inch,16GB
4,-0.08203125,4.0625,Dell,13-inch,8GB,HP,13-inch,4GB
4,-0.9140625,5.59375,Dell,13-inch,8GB,HP,13-inch,8GB
4,0.060546875,-3.8125,Dell,13-inch,8GB,HP,13-inch,16GB
4,-0.06640625,3.9375,Dell,13-inch,8GB,HP,14-inch,4GB
4,-0.6328125,5.375,Dell,13-inch,8GB,HP,14-inch,8GB
4,0.060546875,-4.3125,Dell,13-inch,8GB,HP,14-inch,16GB
4,0.052001953125,1.3125,Dell,13-inch,8GB,HP,16-inch,4GB
4,-0.099609375,4.15625,Dell,13-inch,8GB,HP,16-inch,8GB
4,0.060546875,-6.1875,Dell,13-inch,8GB,HP,16-inch,16GB
4,-14.0625,6.0625,Dell,13-inch,8GB,Dell,13-inch,4GB
4,0.060302734375,-2.1875,Dell,13-inch,8GB,Dell,13-inch,16GB
4,-0.0283203125,3.59375,Dell,13-inch,8GB,Dell,14-inch,4GB
4,-4.4375,6.0625,Dell,13-inch,8GB,Dell,14-inch,8GB
4,0.060546875,-8.0625,Dell,13-inch,8GB,Dell,14-inch,16GB
4,0.0546875,0.9375,Dell,13-inch,8GB,Dell,16-inch,4GB
4,-1.25,5.75,Dell,13-inch,8GB,Dell,16-inch,8GB
4,0.060546875,-8.0625,Dell,13-inch,8GB,Dell,16-inch,16GB
4,-0.0185546875,3.484375,Dell,13-inch,8GB,Apple,13-inch,4GB
4,-0.4140625,5.09375,Dell,13-inch,8GB,Apple,13-inch,8GB
4,0.04638671875,1.8125,Dell,13-inch,8GB,Apple,13-inch,16GB
4,0.011962890625,3.015625,Dell,13-inch,8GB,Apple,14-inch,4GB
4,0.0224609375,2.78125,Dell,13-inch,8GB,Apple,14-inch,8GB
4,0.05859375,-0.1875,Dell,13-inch,8GB,Apple,14-inch,16GB
4,0.049560546875,1.5625,Dell,13-inch,8GB,Apple,16-inch,4GB
4,0.048095703125,1.6875,Dell,13-inch,8GB,Apple,16-inch,8GB
4,0.060546875,-4.4375,Dell,13-inch,8GB,Apple,16-inch,16GB
4,-4.9375,6.0625,Dell,13-inch,16GB,ASUS,13-inch,4GB
4,0.05517578125,0.8125,Dell,13-inch,16GB,ASUS,13-inch,8GB
4,-0.326171875,4.9375,Dell,13-inch,16GB,ASUS,13-inch,16GB
4,-5.5625,6.0625,Dell,13-inch,16GB,ASUS,14-inch,4GB
4,0.0576171875,0.1875,Dell,13-inch,16GB,ASUS,14-inch,8GB
4,0.049560546875,1.5625,Dell,13-inch,16GB,ASUS,14-inch,16GB
4,-0.099609375,4.15625,Dell,13-inch,16GB,ASUS,16-inch,4GB
4,0.0595703125,-0.8125,Dell,13-inch,16GB,ASUS,16-inch,8GB
4,0.0224609375,2.78125,Dell,13-inch,16GB,ASUS,16-inch,16GB
4,-7.1875,6.0625,Dell,13-inch,16GB,Lenovo,13-inch,4GB
4,0.056396484375,0.5625,Dell,13-inch,16GB,Lenovo,13-inch,8GB
4,-0.03955078125,3.71875,Dell,13-inch,16GB,Lenovo,13-inch,16GB
4,-8.1875,6.0625,Dell,13-inch,16GB,Lenovo,14-inch,4GB
4,0.05859375,-0.1875,Dell,13-inch,16GB,Lenovo,14-inch,8GB
4,0.052001953125,1.3125,Dell,13-inch,16GB,Lenovo,14-inch,16GB
4,-0.6328125,5.375,Dell,13-inch,16GB,Lenovo,16-inch,4GB
4,0.0595703125,-0.9375,Dell,13-inch,16GB,Lenovo,16-inch,8GB
4,-0.0185546875,3.484375,Dell,13-inch,16GB,Lenovo,16-inch,16GB
4,-5.6875,6.0625,Dell,13-inch,16GB,HP,13-inch,4GB
4,0.056396484375,0.5625,Dell,13-inch,16GB,HP,13-inch,8GB
4,-0.0185546875,3.484375,Dell,13-inch,16GB,HP,13-inch,16GB
4,-7.6875,6.0625,Dell,13-inch,16GB,HP,14-inch,4GB
4,0.058837890625,-0.3125,Dell,13-inch,16GB,HP,14-inch,8GB
4,0.057373046875,0.3125,Dell,13-inch,16GB,HP,14-inch,16GB
4,-0.220703125,4.65625,Dell,13-inch,16GB,HP,16-inch,4GB
4,0.0595703125,-0.9375,Dell,13-inch,16GB,HP,16-inch,8GB
4,0.03076171875,2.53125,Dell,13-inch,16GB,HP,16-inch,16GB
4,-16.375,6.0625,Dell,13-inch,16GB,Dell,13-inch,4GB
4,-0.099609375,4.15625,Dell,13-inch,16GB,Dell,13-inch,8GB
4,-12.9375,6.0625,Dell,13-inch,16GB,Dell,14-inch,4GB
4,0.059326171875,-0.5625,Dell,13-inch,16GB,Dell,14-inch,8GB
4,-1.078125,5.6875,Dell,13-inch,16GB,Dell,14-inch,16GB
4,-0.3671875,5.0,Dell,13-inch,16GB,Dell,16-inch,4GB
4,0.059814453125,-1.0625,Dell,13-inch,16GB,Dell,16-inch,8GB
4,-0.9140625,5.59375,Dell,13-inch,16GB,Dell,16-inch,16GB
4,-0.4140625,5.09375,Dell,13-inch,16GB,Apple,13-inch,4GB
4,-0.00927734375,3.375,Dell,13-inch,16GB,Apple,13-inch,8GB
4,-0.19140625,4.5625,Dell,13-inch,16GB,Apple,13-inch,16GB
4,-0.5703125,5.3125,Dell,13-inch,16GB,Apple,14-inch,4GB
4,0.049560546875,1.5625,Dell,13-inch,16GB,Apple,14-inch,8GB
4,0.005615234375,3.125,Dell,13-inch,16GB,Apple,14-inch,16GB
4,-0.0185546875,3.484375,Dell,13-inch,16GB,Apple,16-inch,4GB
4,0.0537109375,1.0625,Dell,13-inch,16GB,Apple,16-inch,8GB
4,-0.03955078125,3.71875,Dell,13-inch,16GB,Apple,16-inch,16GB
4,-0.9140625,5.59375,Dell,14-inch,4GB,ASUS,13-inch,4GB
4,-15.6875,6.0625,Dell,14-inch,4GB,ASUS,13-inch,8GB
4,-1.953125,5.90625,Dell,14-inch,4GB,ASUS,13-inch,16GB
4,-0.9140625,5.59375,Dell,14-inch,4GB,ASUS,14-inch,4GB
4,-8.5625,6.0625,Dell,14-inch,4GB,ASUS,14-inch,8GB
4,-0.8359375,5.53125,Dell,14-inch,4GB,ASUS,14-inch,16GB
4,-0.00146484375,3.25,Dell,14-inch,4GB,ASUS,16-inch,4GB
4,-0.4140625,5.09375,Dell,14-inch,4GB,ASUS,16-inch,8GB
4,0.060302734375,-2.0625,Dell,14-inch,4GB,ASUS,16-inch,16GB
4,-0.4140625,5.09375,Dell,14-inch,4GB,Lenovo,13-inch,4GB
4,-13.4375,6.0625,Dell,14-inch,4GB,Lenovo,13-inch,8GB
4,-0.4140625,5.09375,Dell,14-inch,4GB,Lenovo,13-inch,16GB
4,-0.4140625,5.09375,Dell,14-inch,4GB,Lenovo,14-inch,4GB
4,-6.8125,6.0625,Dell,14-inch,4GB,Lenovo,14-inch,8GB
4,-0.08203125,4.0625,Dell,14-inch,4GB,Lenovo,14-inch,16GB
4,0.048095703125,1.6875,Dell,14-inch,4GB,Lenovo,16-inch,4GB
4,-0.251953125,4.75,Dell,14-inch,4GB,Lenovo,16-inch,8GB
4,0.060546875,-4.1875,Dell,14-inch,4GB,Lenovo,16-inch,16GB
4,-0.3671875,5.0,Dell,14-inch,4GB,HP,13-inch,4GB
4,-13.1875,6.0625,Dell,14-inch,4GB,HP,13-inch,8GB
4,-0.462890625,5.15625,Dell,14-inch,4GB,HP,13-inch,16GB
4,-0.326171875,4.9375,Dell,14-inch,4GB,HP,14-inch,4GB
4,-6.4375,6.0625,Dell,14-inch,4GB,HP,14-inch,8GB
4,-0.099609375,4.15625,Dell,14-inch,4GB,HP,14-inch,16GB
4,0.04638671875,1.8125,Dell,14-inch,4GB,HP,16-inch,4GB
4,-0.326171875,4.9375,Dell,14-inch,4GB,HP,16-inch,8GB
4,0.060546875,-3.3125,Dell,14-inch,4GB,HP,16-inch,16GB
4,-0.6328125,5.375,Dell,14-inch,4GB,Dell,13-inch,4GB
4,-3.21875,6.03125,Dell,14-inch,4GB,Dell,13-inch,8GB
4,0.059814453125,-1.3125,Dell,14-inch,4GB,Dell,13-inch,16GB
4,-0.6953125,5.4375,Dell,14-inch,4GB,Dell,14-inch,8GB
4,0.058349609375,-0.0625,Dell,14-inch,4GB,Dell,14-inch,16GB
4,-0.220703125,4.65625,Dell,14-inch,4GB,Dell,16-inch,4GB
4,0.052978515625,1.1875,Dell,14-inch,4GB,Dell,16-inch,8GB
4,0.060546875,-9.0625,Dell,14-inch,4GB,Dell,16-inch,16GB
4,-0.119140625,4.25,Dell,14-inch,4GB,Apple,13-inch,4GB
4,-13.5625,6.0625,Dell,14-inch,4GB,Apple,13-inch,8GB
4,-2.875,6.0,Dell,14-inch,4GB,Apple,13-inch,16GB
4,0.04248046875,2.03125,Dell,14-inch,4GB,Apple,14-inch,4GB
4,-11.5625,6.0625,Dell,14-inch,4GB,Apple,14-inch,8GB
4,-2.515625,5.96875,Dell,14-inch,4GB,Apple,14-inch,16GB
4,0.059814453125,-1.1875,Dell,14-inch,4GB,Apple,16-inch,4GB
4,-1.4375,5.8125,Dell,14-inch,4GB,Apple,16-inch,8GB
4,0.057373046875,0.3125,Dell,14-inch,4GB,Apple,16-inch,16GB
4,-3.828125,6.03125,Dell,14-inch,8GB,ASUS,13-inch,4GB
4,-1.8515625,5.90625,Dell,14-inch,8GB,ASUS,13-inch,8GB
4,0.04443359375,1.90625,Dell,14-inch,8GB,ASUS,13-inch,16GB
4,-0.3671875,5.0,Dell,14-inch,8GB,ASUS,14-inch,4GB
4,-1.7421875,5.875,Dell,14-inch,8GB,ASUS,14-inch,8GB
4,0.060546875,-4.4375,Dell,14-inch,8GB,ASUS,14-inch,16GB
4,0.057373046875,0.3125,Dell,14-inch,8GB,ASUS,16-inch,4GB
4,-0.08203125,4.0625,Dell,14-inch,8GB,ASUS,16-inch,8GB
4,0.060546875,-7.9375,Dell,14-inch,8GB,ASUS,16-inch,16GB
4,-6.8125,6.0625,Dell,14-inch,8GB,Lenovo,13-inch,4GB
4,-1.25,5.75,Dell,14-inch,8GB,Lenovo,13-inch,8GB
4,0.05517578125,0.8125,Dell,14-inch,8GB,Lenovo,13-inch,16GB
4,-1.8515625,5.90625,Dell,14-inch,8GB,Lenovo,14-inch,4GB
4,-0.9921875,5.625,Dell,14-inch,8GB,Lenovo,14-inch,8GB
4,0.060546875,-4.8125,Dell,14-inch,8GB,Lenovo,14-inch,16GB
4,0.04443359375,1.90625,Dell,14-inch,8GB,Lenovo,16-inch,4GB
4,-0.05224609375,3.828125,Dell,14-inch,8GB,Lenovo,16-inch,8GB
4,0.060546875,-8.3125,Dell,14-inch,8GB,Lenovo,16-inch,16GB
4,-5.1875,6.0625,Dell,14-inch,8GB,HP,13-inch,4GB
4,-1.1640625,5.71875,Dell,14-inch,8GB,HP,13-inch,8GB
4,0.057373046875,0.3125,Dell,14-inch,8GB,HP,13-inch,16GB
4,-0.765625,5.5,Dell,14-inch,8GB,HP,14-inch,4GB
4,-0.9140625,5.59375,Dell,14-inch,8GB,HP,14-inch,8GB
4,0.060546875,-5.9375,Dell,14-inch,8GB,HP,14-inch,16GB
4,0.052978515625,1.1875,Dell,14-inch,8GB,HP,16-inch,4GB
4,-0.08203125,4.0625,Dell,14-inch,8GB,HP,16-inch,8GB
4,0.060546875,-7.3125,Dell,14-inch,8GB,HP,16-inch,16GB
4,-12.0625,6.0625,Dell,14-inch,8GB,Dell,13-inch,4GB
4,-8.8125,6.0625,Dell,14-inch,8GB,Dell,13-inch,8GB
4,0.05859375,-0.1875,Dell,14-inch,8GB,Dell,13-inch,16GB
4,-15.6875,6.0625,Dell,14-inch,8GB,Dell,14-inch,4GB
4,0.060546875,-3.8125,Dell,14-inch,8GB,Dell,14-inch,16GB
4,0.056396484375,0.5625,Dell,14-inch,8GB,Dell,16-inch,4GB
4,-1.34375,5.78125,Dell,14-inch,8GB,Dell,16-inch,8GB
4,0.060546875,-8.4375,Dell,14-inch,8GB,Dell,16-inch,16GB
4,-1.078125,5.6875,Dell,14-inch,8GB,Apple,13-inch,4GB
4,-0.140625,4.375,Dell,14-inch,8GB,Apple,13-inch,8GB
4,0.037353515625,2.296875,Dell,14-inch,8GB,Apple,13-inch,16GB
4,-0.08203125,4.0625,Dell,14-inch,8GB,Apple,14-inch,4GB
4,-0.19140625,4.5625,Dell,14-inch,8GB,Apple,14-inch,8GB
4,0.059326171875,-0.6875,Dell,14-inch,8GB,Apple,14-inch,16GB
4,0.0537109375,1.0625,Dell,14-inch,8GB,Apple,16-inch,4GB
4,0.048095703125,1.6875,Dell,14-inch,8GB,Apple,16-inch,8GB
4,0.060546875,-5.9375,Dell,14-inch,8GB,Apple,16-inch,16GB
4,-13.6875,6.0625,Dell,14-inch,16GB,ASUS,13-inch,4GB
4,0.0400390625,2.171875,Dell,14-inch,16GB,ASUS,13-inch,8GB
4,0.049560546875,1.5625,Dell,14-inch,16GB,ASUS,13-inch,16GB
4,-5.4375,6.0625,Dell,14-inch,16GB,ASUS,14-inch,4GB
4,0.05078125,1.4375,Dell,14-inch,16GB,ASUS,14-inch,8GB
4,0.011962890625,3.015625,Dell,14-inch,16GB,ASUS,14-inch,16GB
4,-0.099609375,4.15625,Dell,14-inch,16GB,ASUS,16-inch,4GB
4,0.05859375,-0.1875,Dell,14-inch,16GB,ASUS,16-inch,8GB
4,0.052978515625,1.1875,Dell,14-inch,16GB,ASUS,16-inch,16GB
4,-16.5,6.0625,Dell,14-inch,16GB,Lenovo,13-inch,4GB
4,0.04443359375,1.90625,Dell,14-inch,16GB,Lenovo,13-inch,8GB
4,0.049560546875,1.5625,Dell,14-inch,16GB,Lenovo,13-inch,16GB
4,-9.4375,6.0625,Dell,14-inch,16GB,Lenovo,14-inch,4GB
4,0.052978515625,1.1875,Dell,14-inch,16GB,Lenovo,14-inch,8GB
4,0.04638671875,1.8125,Dell,14-inch,16GB,Lenovo,14-inch,16GB
4,-0.9921875,5.625,Dell,14-inch,16GB,Lenovo,16-inch,4GB
4,0.05810546875,0.0625,Dell,14-inch,16GB,Lenovo,16-inch,8GB
4,0.05078125,1.4375,Dell,14-inch,16GB,Lenovo,16-inch,16GB
4,-14.5625,6.0625,Dell,14-inch,16GB,HP,13-inch,4GB
4,0.05078125,1.4375,Dell,14-inch,16GB,HP,13-inch,8GB
4,0.052001953125,1.3125,Dell,14-inch,16GB,HP,13-inch,16GB
4,-6.9375,6.0625,Dell,14-inch,16GB,HP,14-inch,4GB
4,0.052978515625,1.1875,Dell,14-inch,16GB,HP,14-inch,8GB
4,0.049560546875,1.5625,Dell,14-inch,16GB,HP,14-inch,16GB
4,-0.4140625,5.09375,Dell,14-inch,16GB,HP,16-inch,4GB
4,0.058837890625,-0.3125,Dell,14-inch,16GB,HP,16-inch,8GB
4,0.056396484375,0.5625,Dell,14-inch,16GB,HP,16-inch,16GB
4,-18.25,6.0625,Dell,14-inch,16GB,Dell,13-inch,4GB
4,0.017578125,2.890625,Dell,14-inch,16GB,Dell,13-inch,8GB
4,-1.5390625,5.84375,Dell,14-inch,16GB,Dell,13-inch,16GB
4,-16.375,6.0625,Dell,14-inch,16GB,Dell,14-inch,4GB
4,-0.140625,4.375,Dell,14-inch,16GB,Dell,14-inch,8GB
4,-0.515625,5.25,Dell,14-inch,16GB,Dell,16-inch,4GB
4,0.059326171875,-0.5625,Dell,14-inch,16GB,Dell,16-inch,8GB
4,-0.251953125,4.75,Dell,14-inch,16GB,Dell,16-inch,16GB
4,-3.828125,6.03125,Dell,14-inch,16GB,Apple,13-inch,4GB
4,0.011962890625,3.015625,Dell,14-inch,16GB,Apple,13-inch,8GB
4,0.03076171875,2.53125,Dell,14-inch,16GB,Apple,13-inch,16GB
4,-0.515625,5.25,Dell,14-inch,16GB,Apple,14-inch,4GB
4,-0.03955078125,3.71875,Dell,14-inch,16GB,Apple,14-inch,8GB
4,-0.00146484375,3.25,Dell,14-inch,16GB,Apple,14-inch,16GB
4,-0.00146484375,3.25,Dell,14-inch,16GB,Apple,16-inch,4GB
4,0.052001953125,1.3125,Dell,14-inch,16GB,Apple,16-inch,8GB
4,0.02685546875,2.65625,Dell,14-inch,16GB,Apple,16-inch,16GB
4,-9.5625,6.0625,Dell,16-inch,4GB,ASUS,13-inch,4GB
4,-19.75,6.0625,Dell,16-inch,4GB,ASUS,13-inch,8GB
4,-8.0625,6.0625,Dell,16-inch,4GB,ASUS,13-inch,16GB
4,-9.4375,6.0625,Dell,16-inch,4GB,ASUS,14-inch,4GB
4,-18.0,6.0625,Dell,16-inch,4GB,ASUS,14-inch,8GB
4,-6.9375,6.0625,Dell,16-inch,4GB,ASUS,14-inch,16GB
4,-2.875,6.0,Dell,16-inch,4GB,ASUS,16-inch,4GB
4,-16.75,6.0625,Dell,16-inch,4GB,ASUS,16-inch,8GB
4,-8.9375,6.0625,Dell,16-inch,4GB,ASUS,16-inch,16GB
4,-7.5625,6.0625,Dell,16-inch,4GB,Lenovo,13-inch,4GB
4,-20.0,6.0625,Dell,16-inch,4GB,Lenovo,13-inch,8GB
4,-7.4375,6.0625,Dell,16-inch,4GB,Lenovo,13-inch,16GB
4,-7.8125,6.0625,Dell,16-inch,4GB,Lenovo,14-inch,4GB
4,-18.25,6.0625,Dell,16-inch,4GB,Lenovo,14-inch,8GB
4,-5.1875,6.0625,Dell,16-inch,4GB,Lenovo,14-inch,16GB
4,-2.28125,5.96875,Dell,16-inch,4GB,Lenovo,16-inch,4GB
4,-15.3125,6.0625,Dell,16-inch,4GB,Lenovo,16-inch,8GB
4,-6.1875,6.0625,Dell,16-inch,4GB,Lenovo,16-inch,16GB
4,-7.4375,6.0625,Dell,16-inch,4GB,HP,13-inch,4GB
4,-18.75,6.0625,Dell,16-inch,4GB,HP,13-inch,8GB
4,-5.4375,6.0625,Dell,16-inch,4GB,HP,13-inch,16GB
4,-7.0625,6.0625,Dell,16-inch,4GB,HP,14-inch,4GB
4,-16.625,6.0625,Dell,16-inch,4GB,HP,14-inch,8GB
4,-4.4375,6.0625,Dell,16-inch,4GB,HP,14-inch,16GB
4,-1.7421875,5.875,Dell,16-inch,4GB,HP,16-inch,4GB
4,-15.0625,6.0625,Dell,16-inch,4GB,HP,16-inch,8GB
4,-5.8125,6.0625,Dell,16-inch,4GB,HP,16-inch,16GB
4,-7.8125,6.0625,Dell,16-inch,4GB,Dell,13-inch,4GB
4,-11.0625,6.0625,Dell,16-inch,4GB,Dell,13-inch,8GB
4,-2.875,6.0,Dell,16-inch,4GB,Dell,13-inch,16GB
4,-8.5625,6.0625,Dell,16-inch,4GB,Dell,14-inch,4GB
4,-8.4375,6.0625,Dell,16-inch,4GB,Dell,14-inch,8GB
4,-2.0625,5.9375,Dell,16-inch,4GB,Dell,14-inch,16GB
4,-6.3125,6.0625,Dell,16-inch,4GB,Dell,16-inch,8GB
4,-2.40625,5.96875,Dell,16-inch,4GB,Dell,16-inch,16GB
4,-3.59375,6.03125,Dell,16-inch,4GB,Apple,13-inch,4GB
4,-17.875,6.0625,Dell,16-inch,4GB,Apple,13-inch,8GB
4,-12.9375,6.0625,Dell,16-inch,4GB,Apple,13-inch,16GB
4,-3.109375,6.03125,Dell,16-inch,4GB,Apple,14-inch,4GB
4,-17.25,6.0625,Dell,16-inch,4GB,Apple,14-inch,8GB
4,-11.4375,6.0625,Dell,16-inch,4GB,Apple,14-inch,16GB
4,-0.6328125,5.375,Dell,16-inch,4GB,Apple,16-inch,4GB
4,-17.25,6.0625,Dell,16-inch,4GB,Apple,16-inch,8GB
4,-13.0625,6.0625,Dell,16-inch,4GB,Apple,16-inch,16GB
4,-3.59375,6.03125,Dell,16-inch,8GB,ASUS,13-inch,4GB
4,-2.875,6.0,Dell,16-inch,8GB,ASUS,13-inch,8GB
4,-2.28125,5.96875,Dell,16-inch,8GB,ASUS,13-inch,16GB
4,-2.875,6.0,Dell,16-inch,8GB,ASUS,14-inch,4GB
4,-2.875,6.0,Dell,16-inch,8GB,ASUS,14-inch,8GB
4,-0.8359375,5.53125,Dell,16-inch,8GB,ASUS,14-inch,16GB
4,-0.1650390625,4.46875,Dell,16-inch,8GB,ASUS,16-inch,4GB
4,-2.40625,5.96875,Dell,16-inch,8GB,ASUS,16-inch,8GB
4,0.059814453125,-1.0625,Dell,16-inch,8GB,ASUS,16-inch,16GB
4,-6.8125,6.0625,Dell,16-inch,8GB,Lenovo,13-inch,4GB
4,-2.75,6.0,Dell,16-inch,8GB,Lenovo,13-inch,8GB
4,-2.515625,5.96875,Dell,16-inch,8GB,Lenovo,13-inch,16GB
4,-5.9375,6.0625,Dell,16-inch,8GB,Lenovo,14-inch,4GB
4,-2.40625,5.96875,Dell,16-inch,8GB,Lenovo,14-inch,8GB
4,-0.4140625,5.09375,Dell,16-inch,8GB,Lenovo,14-inch,16GB
4,-0.9140625,5.59375,Dell,16-inch,8GB,Lenovo,16-inch,4GB
4,-1.640625,5.875,Dell,16-inch,8GB,Lenovo,16-inch,8GB
4,0.06005859375,-1.4375,Dell,16-inch,8GB,Lenovo,16-inch,16GB
4,-5.8125,6.0625,Dell,16-inch,8GB,HP,13-inch,4GB
4,-3.34375,6.03125,Dell,16-inch,8GB,HP,13-inch,8GB
4,-2.28125,5.96875,Dell,16-inch,8GB,HP,13-inch,16GB
4,-5.0625,6.0625,Dell,16-inch,8GB,HP,14-inch,4GB
4,-2.75,6.0,Dell,16-inch,8GB,HP,14-inch,8GB
4,-0.9921875,5.625,Dell,16-inch,8GB,HP,14-inch,16GB
4,-0.326171875,4.9375,Dell,16-inch,8GB,HP,16-inch,4GB
4,-1.8515625,5.90625,Dell,16-inch,8GB,HP,16-inch,8GB
4,0.059814453125,-1.1875,Dell,16-inch,8GB,HP,16-inch,16GB
4,-12.8125,6.0625,Dell,16-inch,8GB,Dell,13-inch,4GB
4,-9.6875,6.0625,Dell,16-inch,8GB,Dell,13-inch,8GB
4,-4.6875,6.0625,Dell,16-inch,8GB,Dell,13-inch,16GB
4,-13.0625,6.0625,Dell,16-inch,8GB,Dell,14-inch,4GB
4,-8.5625,6.0625,Dell,16-inch,8GB,Dell,14-inch,8GB
4,-2.75,6.0,Dell,16-inch,8GB,Dell,14-inch,16GB
4,-15.4375,6.0625,Dell,16-inch,8GB,Dell,16-inch,4GB
4,0.0224609375,2.78125,Dell,16-inch,8GB,Dell,16-inch,16GB
4,-0.9921875,5.625,Dell,16-inch,8GB,Apple,13-inch,4GB
4,-0.515625,5.25,Dell,16-inch,8GB,Apple,13-inch,8GB
4,-1.5390625,5.84375,Dell,16-inch,8GB,Apple,13-inch,16GB
4,-0.765625,5.5,Dell,16-inch,8GB,Apple,14-inch,4GB
4,-0.4140625,5.09375,Dell,16-inch,8GB,Apple,14-inch,8GB
4,-0.6953125,5.4375,Dell,16-inch,8GB,Apple,14-inch,16GB
4,0.0224609375,2.78125,Dell,16-inch,8GB,Apple,16-inch,4GB
4,-0.765625,5.5,Dell,16-inch,8GB,Apple,16-inch,8GB
4,0.04638671875,1.8125,Dell,16-inch,8GB,Apple,16-inch,16GB
4,-13.3125,6.0625,Dell,16-inch,16GB,ASUS,13-inch,4GB
4,-0.05224609375,3.828125,Dell,16-inch,16GB,ASUS,13-inch,8GB
4,-0.4140625,5.09375,Dell,16-inch,16GB,ASUS,13-inch,16GB
4,-11.5625,6.0625,Dell,16-inch,16GB,ASUS,14-inch,4GB
4,-0.05224609375,3.828125,Dell,16-inch,16GB,ASUS,14-inch,8GB
4,-0.4140625,5.09375,Dell,16-inch,16GB,ASUS,14-inch,16GB
4,-5.4375,6.0625,Dell,16-inch,16GB,ASUS,16-inch,4GB
4,-0.08203125,4.0625,Dell,16-inch,16GB,ASUS,16-inch,8GB
4,-1.4375,5.8125,Dell,16-inch,16GB,ASUS,16-inch,16GB
4,-14.6875,6.0625,Dell,16-inch,16GB,Lenovo,13-inch,4GB
4,-0.0283203125,3.59375,Dell,16-inch,16GB,Lenovo,13-inch,8GB
4,-0.4140625,5.09375,Dell,16-inch,16GB,Lenovo,13-inch,16GB
4,-14.0625,6.0625,Dell,16-inch,16GB,Lenovo,14-inch,4GB
4,-0.0283203125,3.59375,Dell,16-inch,16GB,Lenovo,14-inch,8GB
4,-0.220703125,4.65625,Dell,16-inch,16GB,Lenovo,14-inch,16GB
4,-6.3125,6.0625,Dell,16-inch,16GB,Lenovo,16-inch,4GB
4,-0.06640625,3.9375,Dell,16-inch,16GB,Lenovo,16-inch,8GB
4,-0.6328125,5.375,Dell,16-inch,16GB,Lenovo,16-inch,16GB
4,-14.4375,6.0625,Dell,16-inch,16GB,HP,13-inch,4GB
4,-0.00146484375,3.25,Dell,16-inch,16GB,HP,13-inch,8GB
4,-0.515625,5.25,Dell,16-inch,16GB,HP,13-inch,16GB
4,-12.8125,6.0625,Dell,16-inch,16GB,HP,14-inch,4GB
4,-0.00927734375,3.375,Dell,16-inch,16GB,HP,14-inch,8GB
4,-0.4140625,5.09375,Dell,16-inch,16GB,HP,14-inch,16GB
4,-6.6875,6.0625,Dell,16-inch,16GB,HP,16-inch,4GB
4,-0.0185546875,3.484375,Dell,16-inch,16GB,HP,16-inch,8GB
4,-0.140625,4.375,Dell,16-inch,16GB,HP,16-inch,16GB
4,-19.625,6.0625,Dell,16-inch,16GB,Dell,13-inch,4GB
4,-0.1650390625,4.46875,Dell,16-inch,16GB,Dell,13-inch,8GB
4,-4.4375,6.0625,Dell,16-inch,16GB,Dell,13-inch,16GB
4,-19.25,6.0625,Dell,16-inch,16GB,Dell,14-inch,4GB
4,-0.19140625,4.5625,Dell,16-inch,16GB,Dell,14-inch,8GB
4,-3.96875,6.03125,Dell,16-inch,16GB,Dell,14-inch,16GB
4,-15.9375,6.0625,Dell,16-inch,16GB,Dell,16-inch,4GB
4,-0.099609375,4.15625,Dell,16-inch,16GB,Dell,16-inch,8GB
4,-5.6875,6.0625,Dell,16-inch,16GB,Apple,13-inch,4GB
4,-0.19140625,4.5625,Dell,16-inch,16GB,Apple,13-inch,8GB
4,-0.251953125,4.75,Dell,16-inch,16GB,Apple,13-inch,16GB
4,-4.09375,6.03125,Dell,16-inch,16GB,Apple,14-inch,4GB
4,-0.1650390625,4.46875,Dell,16-inch,16GB,Apple,14-inch,8GB
4,-0.3671875,5.0,Dell,16-inch,16GB,Apple,14-inch,16GB
4,-0.6953125,5.4375,Dell,16-inch,16GB,Apple,16-inch,4GB
4,-0.251953125,4.75,Dell,16-inch,16GB,Apple,16-inch,8GB
4,-0.287109375,4.84375,Dell,16-inch,16GB,Apple,16-inch,16GB
4,-2.75,6.0,Apple,13-inch,4GB,ASUS,13-inch,4GB
4,-21.625,6.0625,Apple,13-inch,4GB,ASUS,13-inch,8GB
4,-9.8125,6.0625,Apple,13-inch,4GB,ASUS,13-inch,16GB
4,-6.4375,6.0625,Apple,13-inch,4GB,ASUS,14-inch,4GB
4,-21.125,6.0625,Apple,13-inch,4GB,ASUS,14-inch,8GB
4,-9.4375,6.0625,Apple,13-inch,4GB,ASUS,14-inch,16GB
4,-1.953125,5.90625,Apple,13-inch,4GB,ASUS,16-inch,4GB
4,-13.3125,6.0625,Apple,13-inch,4GB,ASUS,16-inch,8GB
4,-3.34375,6.03125,Apple,13-inch,4GB,ASUS,16-inch,16GB
4,-2.75,6.0,Apple,13-inch,4GB,Lenovo,13-inch,4GB
4,-21.875,6.0625,Apple,13-inch,4GB,Lenovo,13-inch,8GB
4,-9.3125,6.0625,Apple,13-inch,4GB,Lenovo,13-inch,16GB
4,-4.5625,6.0625,Apple,13-inch,4GB,Lenovo,14-inch,4GB
4,-21.125,6.0625,Apple,13-inch,4GB,Lenovo,14-inch,8GB
4,-6.6875,6.0625,Apple,13-inch,4GB,Lenovo,14-inch,16GB
4,-0.462890625,5.15625,Apple,13-inch,4GB,Lenovo,16-inch,4GB
4,-12.6875,6.0625,Apple,13-inch,4GB,Lenovo,16-inch,8GB
4,-1.8515625,5.90625,Apple,13-inch,4GB,Lenovo,16-inch,16GB
4,-2.0625,5.9375,Apple,13-inch,4GB,HP,13-inch,4GB
4,-20.125,6.0625,Apple,13-inch,4GB,HP,13-inch,8GB
4,-8.5625,6.0625,Apple,13-inch,4GB,HP,13-inch,16GB
4,-4.4375,6.0625,Apple,13-inch,4GB,HP,14-inch,4GB
4,-19.875,6.0625,Apple,13-inch,4GB,HP,14-inch,8GB
4,-7.0625,6.0625,Apple,13-inch,4GB,HP,14-inch,16GB
4,-0.6953125,5.4375,Apple,13-inch,4GB,HP,16-inch,4GB
4,-12.1875,6.0625,Apple,13-inch,4GB,HP,16-inch,8GB
4,-2.40625,5.96875,Apple,13-inch,4GB,HP,16-inch,16GB
4,-2.28125,5.96875,Apple,13-inch,4GB,Dell,13-inch,4GB
4,-19.25,6.0625,Apple,13-inch,4GB,Dell,13-inch,8GB
4,-6.4375,6.0625,Apple,13-inch,4GB,Dell,13-inch,16GB
4,-4.3125,6.0625,Apple,13-inch,4GB,Dell,14-inch,4GB
4,-18.625,6.0625,Apple,13-inch,4GB,Dell,14-inch,8GB
4,-4.4375,6.0625,Apple,13-inch,4GB,Dell,14-inch,16GB
4,-0.5703125,5.3125,Apple,13-inch,4GB,Dell,16-inch,4GB
4,-9.6875,6.0625,Apple,13-inch,4GB,Dell,16-inch,8GB
4,-0.251953125,4.75,Apple,13-inch,4GB,Dell,16-inch,16GB
4,-15.5625,6.0625,Apple,13-inch,4GB,Apple,13-inch,8GB
4,-0.9140625,5.59375,Apple,13-inch,4GB,Apple,13-inch,16GB
4,-6.9375,6.0625,Apple,13-inch,4GB,Apple,14-inch,4GB
4,-16.625,6.0625,Apple,13-inch,4GB,Apple,14-inch,8GB
4,-0.05224609375,3.828125,Apple,13-inch,4GB,Apple,14-inch,16GB
4,-1.640625,5.875,Apple,13-inch,4GB,Apple,16-inch,4GB
4,-4.5625,6.0625,Apple,13-inch,4GB,Apple,16-inch,8GB
4,0.056396484375,0.5625,Apple,13-inch,4GB,Apple,16-inch,16GB
4,0.04248046875,2.03125,Apple,13-inch,8GB,ASUS,13-inch,4GB
4,-1.953125,5.90625,Apple,13-inch,8GB,ASUS,13-inch,8GB
4,0.06005859375,-1.5625,Apple,13-inch,8GB,ASUS,13-inch,16GB
4,0.052978515625,1.1875,Apple,13-inch,8GB,ASUS,14-inch,4GB
4,-0.9140625,5.59375,Apple,13-inch,8GB,ASUS,14-inch,8GB
4,0.060302734375,-2.9375,Apple,13-inch,8GB,ASUS,14-inch,16GB
4,0.0595703125,-0.8125,Apple,13-inch,8GB,ASUS,16-inch,4GB
4,-0.19140625,4.5625,Apple,13-inch,8GB,ASUS,16-inch,8GB
4,0.060546875,-5.9375,Apple,13-inch,8GB,ASUS,16-inch,16GB
4,-0.08203125,4.0625,Apple,13-inch,8GB,Lenovo,13-inch,4GB
4,-1.34375,5.78125,Apple,13-inch,8GB,Lenovo,13-inch,8GB
4,0.059326171875,-0.5625,Apple,13-inch,8GB,Lenovo,13-inch,16GB
4,0.03076171875,2.53125,Apple,13-inch,8GB,Lenovo,14-inch,4GB
4,-0.515625,5.25,Apple,13-inch,8GB,Lenovo,14-inch,8GB
4,0.060546875,-3.1875,Apple,13-inch,8GB,Lenovo,14-inch,16GB
4,0.058349609375,-0.0625,Apple,13-inch,8GB,Lenovo,16-inch,4GB
4,-0.06640625,3.9375,Apple,13-inch,8GB,Lenovo,16-inch,8GB
4,0.060546875,-6.0625,Apple,13-inch,8GB,Lenovo,16-inch,16GB
4,-0.00927734375,3.375,Apple,13-inch,8GB,HP,13-inch,4GB
4,-0.9921875,5.625,Apple,13-inch,8GB,HP,13-inch,8GB
4,0.060302734375,-2.6875,Apple,13-inch,8GB,HP,13-inch,16GB
4,0.0341796875,2.40625,Apple,13-inch,8GB,HP,14-inch,4GB
4,-0.6953125,5.4375,Apple,13-inch,8GB,HP,14-inch,8GB
4,0.060546875,-3.9375,Apple,13-inch,8GB,HP,14-inch,16GB
4,0.056884765625,0.4375,Apple,13-inch,8GB,HP,16-inch,4GB
4,-0.140625,4.375,Apple,13-inch,8GB,HP,16-inch,8GB
4,0.060546875,-5.3125,Apple,13-inch,8GB,HP,16-inch,16GB
4,-0.0283203125,3.59375,Apple,13-inch,8GB,Dell,13-inch,4GB
4,-1.34375,5.78125,Apple,13-inch,8GB,Dell,13-inch,8GB
4,0.060546875,-3.8125,Apple,13-inch,8GB,Dell,13-inch,16GB
4,0.04248046875,2.03125,Apple,13-inch,8GB,Dell,14-inch,4GB
4,-0.3671875,5.0,Apple,13-inch,8GB,Dell,14-inch,8GB
4,0.060546875,-4.9375,Apple,13-inch,8GB,Dell,14-inch,16GB
4,0.059814453125,-1.3125,Apple,13-inch,8GB,Dell,16-inch,4GB
4,-0.06640625,3.9375,Apple,13-inch,8GB,Dell,16-inch,8GB
4,0.060546875,-6.9375,Apple,13-inch,8GB,Dell,16-inch,16GB
4,-11.4375,6.0625,Apple,13-inch,8GB,Apple,13-inch,4GB
4,0.05859375,-0.1875,Apple,13-inch,8GB,Apple,13-inch,16GB
4,0.052978515625,1.1875,Apple,13-inch,8GB,Apple,14-inch,4GB
4,-2.984375,6.0,Apple,13-inch,8GB,Apple,14-inch,8GB
4,0.060546875,-4.9375,Apple,13-inch,8GB,Apple,14-inch,16GB
4,0.058837890625,-0.3125,Apple,13-inch,8GB,Apple,16-inch,4GB
4,-1.4375,5.8125,Apple,13-inch,8GB,Apple,16-inch,8GB
4,0.060546875,-6.3125,Apple,13-inch,8GB,Apple,16-inch,16GB
4,-3.34375,6.03125,Apple,13-inch,16GB,ASUS,13-inch,4GB
4,0.0576171875,0.1875,Apple,13-inch,16GB,ASUS,13-inch,8GB
4,-1.078125,5.6875,Apple,13-inch,16GB,ASUS,13-inch,16GB
4,-2.875,6.0,Apple,13-inch,16GB,ASUS,14-inch,4GB
4,0.05908203125,-0.4375,Apple,13-inch,16GB,ASUS,14-inch,8GB
4,-0.00146484375,3.25,Apple,13-inch,16GB,ASUS,14-inch,16GB
4,-0.19140625,4.5625,Apple,13-inch,16GB,ASUS,16-inch,4GB
4,0.0595703125,-0.8125,Apple,13-inch,16GB,ASUS,16-inch,8GB
4,-0.140625,4.375,Apple,13-inch,16GB,ASUS,16-inch,16GB
4,-5.5625,6.0625,Apple,13-inch,16GB,Lenovo,13-inch,4GB
4,0.055908203125,0.6875,Apple,13-inch,16GB,Lenovo,13-inch,8GB
4,-0.515625,5.25,Apple,13-inch,16GB,Lenovo,13-inch,16GB
4,-5.8125,6.0625,Apple,13-inch,16GB,Lenovo,14-inch,4GB
4,0.058837890625,-0.3125,Apple,13-inch,16GB,Lenovo,14-inch,8GB
4,0.011962890625,3.015625,Apple,13-inch,16GB,Lenovo,14-inch,16GB
4,-0.287109375,4.84375,Apple,13-inch,16GB,Lenovo,16-inch,4GB
4,0.0595703125,-0.9375,Apple,13-inch,16GB,Lenovo,16-inch,8GB
4,-0.099609375,4.15625,Apple,13-inch,16GB,Lenovo,16-inch,16GB
4,-5.0625,6.0625,Apple,13-inch,16GB,HP,13-inch,4GB
4,0.058349609375,-0.0625,Apple,13-inch,16GB,HP,13-inch,8GB
4,-0.251953125,4.75,Apple,13-inch,16GB,HP,13-inch,16GB
4,-4.4375,6.0625,Apple,13-inch,16GB,HP,14-inch,4GB
4,0.0595703125,-0.8125,Apple,13-inch,16GB,HP,14-inch,8GB
4,0.037353515625,2.296875,Apple,13-inch,16GB,HP,14-inch,16GB
4,-0.5703125,5.3125,Apple,13-inch,16GB,HP,16-inch,4GB
4,0.0595703125,-0.8125,Apple,13-inch,16GB,HP,16-inch,8GB
4,-0.06640625,3.9375,Apple,13-inch,16GB,HP,16-inch,16GB
4,-3.96875,6.03125,Apple,13-inch,16GB,Dell,13-inch,4GB
4,0.056884765625,0.4375,Apple,13-inch,16GB,Dell,13-inch,8GB
4,-0.251953125,4.75,Apple,13-inch,16GB,Dell,13-inch,16GB
4,-2.984375,6.0,Apple,13-inch,16GB,Dell,14-inch,4GB
4,0.059326171875,-0.6875,Apple,13-inch,16GB,Dell,14-inch,8GB
4,0.04638671875,1.8125,Apple,13-inch,16GB,Dell,14-inch,16GB
4,-0.06640625,3.9375,Apple,13-inch,16GB,Dell,16-inch,4GB
4,0.059814453125,-1.3125,Apple,13-inch,16GB,Dell,16-inch,8GB
4,-0.099609375,4.15625,Apple,13-inch,16GB,Dell,16-inch,16GB
4,-14.9375,6.0625,Apple,13-inch,16GB,Apple,13-inch,4GB
4,-0.119140625,4.25,Apple,13-inch,16GB,Apple,13-inch,8GB
4,-5.3125,6.0625,Apple,13-inch,16GB,Apple,14-inch,4GB
4,0.05908203125,-0.4375,Apple,13-inch,16GB,Apple,14-inch,8GB
4,-3.703125,6.03125,Apple,13-inch,16GB,Apple,14-inch,16GB
4,-0.03955078125,3.71875,Apple,13-inch,16GB,Apple,16-inch,4GB
4,0.06005859375,-1.6875,Apple,13-inch,16GB,Apple,16-inch,8GB
4,-2.28125,5.96875,Apple,13-inch,16GB,Apple,16-inch,16GB
4,-7.0625,6.0625,Apple,14-inch,4GB,ASUS,13-inch,4GB
4,-24.125,6.0625,Apple,14-inch,4GB,ASUS,13-inch,8GB
4,-13.3125,6.0625,Apple,14-inch,4GB,ASUS,13-inch,16GB
4,-3.59375,6.03125,Apple,14-inch,4GB,ASUS,14-inch,4GB
4,-19.75,6.0625,Apple,14-inch,4GB,ASUS,14-inch,8GB
4,-11.0625,6.0625,Apple,14-inch,4GB,ASUS,14-inch,16GB
4,-3.59375,6.03125,Apple,14-inch,4GB,ASUS,16-inch,4GB
4,-14.6875,6.0625,Apple,14-inch,4GB,ASUS,16-inch,8GB
4,-6.0625,6.0625,Apple,14-inch,4GB,ASUS,16-inch,16GB
4,-5.1875,6.0625,Apple,14-inch,4GB,Lenovo,13-inch,4GB
4,-23.625,6.0625,Apple,14-inch,4GB,Lenovo,13-inch,8GB
4,-11.1875,6.0625,Apple,14-inch,4GB,Lenovo,13-inch,16GB
4,-3.828125,6.03125,Apple,14-inch,4GB,Lenovo,14-inch,4GB
4,-20.5,6.0625,Apple,14-inch,4GB,Lenovo,14-inch,8GB
4,-10.1875,6.0625,Apple,14-inch,4GB,Lenovo,14-inch,16GB
4,-1.34375,5.78125,Apple,14-inch,4GB,Lenovo,16-inch,4GB
4,-14.9375,6.0625,Apple,14-inch,4GB,Lenovo,16-inch,8GB
4,-3.34375,6.03125,Apple,14-inch,4GB,Lenovo,16-inch,16GB
4,-4.8125,6.0625,Apple,14-inch,4GB,HP,13-inch,4GB
4,-22.875,6.0625,Apple,14-inch,4GB,HP,13-inch,8GB
4,-9.9375,6.0625,Apple,14-inch,4GB,HP,13-inch,16GB
4,-2.984375,6.0,Apple,14-inch,4GB,HP,14-inch,4GB
4,-18.75,6.0625,Apple,14-inch,4GB,HP,14-inch,8GB
4,-9.4375,6.0625,Apple,14-inch,4GB,HP,14-inch,16GB
4,-1.7421875,5.875,Apple,14-inch,4GB,HP,16-inch,4GB
4,-14.3125,6.0625,Apple,14-inch,4GB,HP,16-inch,8GB
4,-3.59375,6.03125,Apple,14-inch,4GB,HP,16-inch,16GB
4,-5.3125,6.0625,Apple,14-inch,4GB,Dell,13-inch,4GB
4,-22.625,6.0625,Apple,14-inch,4GB,Dell,13-inch,8GB
4,-8.0625,6.0625,Apple,14-inch,4GB,Dell,13-inch,16GB
4,-3.59375,6.03125,Apple,14-inch,4GB,Dell,14-inch,4GB
4,-18.25,6.0625,Apple,14-inch,4GB,Dell,14-inch,8GB
4,-7.9375,6.0625,Apple,14-inch,4GB,Dell,14-inch,16GB
4,-1.078125,5.6875,Apple,14-inch,4GB,Dell,16-inch,4GB
4,-11.5625,6.0625,Apple,14-inch,4GB,Dell,16-inch,8GB
4,-0.8359375,5.53125,Apple,14-inch,4GB,Dell,16-inch,16GB
4,-2.75,6.0,Apple,14-inch,4GB,Apple,13-inch,4GB
4,-19.75,6.0625,Apple,14-inch,4GB,Apple,13-inch,8GB
4,-1.078125,5.6875,Apple,14-inch,4GB,Apple,13-inch,16GB
4,-14.5625,6.0625,Apple,14-inch,4GB,Apple,14-inch,8GB
4,-1.953125,5.90625,Apple,14-inch,4GB,Apple,14-inch,16GB
4,-2.515625,5.96875,Apple,14-inch,4GB,Apple,16-inch,4GB
4,-6.6875,6.0625,Apple,14-inch,4GB,Apple,16-inch,8GB
4,0.04638671875,1.8125,Apple,14-inch,4GB,Apple,16-inch,16GB
4,-2.171875,5.9375,Apple,14-inch,8GB,ASUS,13-inch,4GB
4,-2.625,6.0,Apple,14-inch,8GB,ASUS,13-inch,8GB
4,0.052001953125,1.3125,Apple,14-inch,8GB,ASUS,13-inch,16GB
4,-0.19140625,4.5625,Apple,14-inch,8GB,ASUS,14-inch,4GB
4,-2.515625,5.96875,Apple,14-inch,8GB,ASUS,14-inch,8GB
4,0.060302734375,-2.9375,Apple,14-inch,8GB,ASUS,14-inch,16GB
4,0.05810546875,0.0625,Apple,14-inch,8GB,ASUS,16-inch,4GB
4,-0.6953125,5.4375,Apple,14-inch,8GB,ASUS,16-inch,8GB
4,0.060546875,-7.5625,Apple,14-inch,8GB,ASUS,16-inch,16GB
4,-3.21875,6.03125,Apple,14-inch,8GB,Lenovo,13-inch,4GB
4,-1.5390625,5.84375,Apple,14-inch,8GB,Lenovo,13-inch,8GB
4,0.05517578125,0.8125,Apple,14-inch,8GB,Lenovo,13-inch,16GB
4,-0.8359375,5.53125,Apple,14-inch,8GB,Lenovo,14-inch,4GB
4,-1.953125,5.90625,Apple,14-inch,8GB,Lenovo,14-inch,8GB
4,0.060302734375,-2.4375,Apple,14-inch,8GB,Lenovo,14-inch,16GB
4,0.05078125,1.4375,Apple,14-inch,8GB,Lenovo,16-inch,4GB
4,-0.326171875,4.9375,Apple,14-inch,8GB,Lenovo,16-inch,8GB
4,0.060546875,-7.0625,Apple,14-inch,8GB,Lenovo,16-inch,16GB
4,-4.09375,6.03125,Apple,14-inch,8GB,HP,13-inch,4GB
4,-1.8515625,5.90625,Apple,14-inch,8GB,HP,13-inch,8GB
4,0.057373046875,0.3125,Apple,14-inch,8GB,HP,13-inch,16GB
4,-0.9140625,5.59375,Apple,14-inch,8GB,HP,14-inch,4GB
4,-1.7421875,5.875,Apple,14-inch,8GB,HP,14-inch,8GB
4,0.060546875,-4.4375,Apple,14-inch,8GB,HP,14-inch,16GB
4,0.04443359375,1.90625,Apple,14-inch,8GB,HP,16-inch,4GB
4,-0.515625,5.25,Apple,14-inch,8GB,HP,16-inch,8GB
4,0.060546875,-6.9375,Apple,14-inch,8GB,HP,16-inch,16GB
4,-3.34375,6.03125,Apple,14-inch,8GB,Dell,13-inch,4GB
4,-0.9921875,5.625,Apple,14-inch,8GB,Dell,13-inch,8GB
4,0.058837890625,-0.3125,Apple,14-inch,8GB,Dell,13-inch,16GB
4,-0.515625,5.25,Apple,14-inch,8GB,Dell,14-inch,4GB
4,-1.7421875,5.875,Apple,14-inch,8GB,Dell,14-inch,8GB
4,0.060546875,-5.3125,Apple,14-inch,8GB,Dell,14-inch,16GB
4,0.057373046875,0.3125,Apple,14-inch,8GB,Dell,16-inch,4GB
4,-0.326171875,4.9375,Apple,14-inch,8GB,Dell,16-inch,8GB
4,0.060546875,-8.4375,Apple,14-inch,8GB,Dell,16-inch,16GB
4,-8.4375,6.0625,Apple,14-inch,8GB,Apple,13-inch,4GB
4,-9.1875,6.0625,Apple,14-inch,8GB,Apple,13-inch,8GB
4,0.06005859375,-1.8125,Apple,14-inch,8GB,Apple,13-inch,16GB
4,-13.8125,6.0625,Apple,14-inch,8GB,Apple,14-inch,4GB
4,0.0595703125,-0.8125,Apple,14-inch,8GB,Apple,14-inch,16GB
4,0.057373046875,0.3125,Apple,14-inch,8GB,Apple,16-inch,4GB
4,-1.8515625,5.90625,Apple,14-inch,8GB,Apple,16-inch,8GB
4,0.060546875,-6.9375,Apple,14-inch,8GB,Apple,16-inch,16GB
4,-11.8125,6.0625,Apple,14-inch,16GB,ASUS,13-inch,4GB
4,0.03076171875,2.53125,Apple,14-inch,16GB,ASUS,13-inch,8GB
4,-0.03955078125,3.71875,Apple,14-inch,16GB,ASUS,13-inch,16GB
4,-5.9375,6.0625,Apple,14-inch,16GB,ASUS,14-inch,4GB
4,0.04638671875,1.8125,Apple,14-inch,16GB,ASUS,14-inch,8GB
4,-0.515625,5.25,Apple,14-inch,16GB,ASUS,14-inch,16GB
4,-0.6328125,5.375,Apple,14-inch,16GB,ASUS,16-inch,4GB
4,0.056396484375,0.5625,Apple,14-inch,16GB,ASUS,16-inch,8GB
4,-0.0185546875,3.484375,Apple,14-inch,16GB,ASUS,16-inch,16GB
4,-13.5625,6.0625,Apple,14-inch,16GB,Lenovo,13-inch,4GB
4,0.037353515625,2.296875,Apple,14-inch,16GB,Lenovo,13-inch,8GB
4,-0.00146484375,3.25,Apple,14-inch,16GB,Lenovo,13-inch,16GB
4,-8.6875,6.0625,Apple,14-inch,16GB,Lenovo,14-inch,4GB
4,0.0400390625,2.171875,Apple,14-inch,16GB,Lenovo,14-inch,8GB
4,-0.19140625,4.5625,Apple,14-inch,16GB,Lenovo,14-inch,16GB
4,-1.1640625,5.71875,Apple,14-inch,16GB,Lenovo,16-inch,4GB
4,0.056884765625,0.4375,Apple,14-inch,16GB,Lenovo,16-inch,8GB
4,-0.0185546875,3.484375,Apple,14-inch,16GB,Lenovo,16-inch,16GB
4,-14.1875,6.0625,Apple,14-inch,16GB,HP,13-inch,4GB
4,0.04443359375,1.90625,Apple,14-inch,16GB,HP,13-inch,8GB
4,0.011962890625,3.015625,Apple,14-inch,16GB,HP,13-inch,16GB
4,-7.9375,6.0625,Apple,14-inch,16GB,HP,14-inch,4GB
4,0.05078125,1.4375,Apple,14-inch,16GB,HP,14-inch,8GB
4,-0.099609375,4.15625,Apple,14-inch,16GB,HP,14-inch,16GB
4,-1.34375,5.78125,Apple,14-inch,16GB,HP,16-inch,4GB
4,0.057373046875,0.3125,Apple,14-inch,16GB,HP,16-inch,8GB
4,0.0224609375,2.78125,Apple,14-inch,16GB,HP,16-inch,16GB
4,-12.5625,6.0625,Apple,14-inch,16GB,Dell,13-inch,4GB
4,0.0341796875,2.40625,Apple,14-inch,16GB,Dell,13-inch,8GB
4,0.0224609375,2.78125,Apple,14-inch,16GB,Dell,13-inch,16GB
4,-6.5625,6.0625,Apple,14-inch,16GB,Dell,14-inch,4GB
4,0.04443359375,1.90625,Apple,14-inch,16GB,Dell,14-inch,8GB
4,-0.03955078125,3.71875,Apple,14-inch,16GB,Dell,14-inch,16GB
4,-0.5703125,5.3125,Apple,14-inch,16GB,Dell,16-inch,4GB
4,0.05810546875,0.0625,Apple,14-inch,16GB,Dell,16-inch,8GB
4,0.0224609375,2.78125,Apple,14-inch,16GB,Dell,16-inch,16GB
4,-15.4375,6.0625,Apple,14-inch,16GB,Apple,13-inch,4GB
4,-0.00927734375,3.375,Apple,14-inch,16GB,Apple,13-inch,8GB
4,-5.1875,6.0625,Apple,14-inch,16GB,Apple,13-inch,16GB
4,-15.6875,6.0625,Apple,14-inch,16GB,Apple,14-inch,4GB
4,-0.326171875,4.9375,Apple,14-inch,16GB,Apple,14-inch,8GB
4,-0.140625,4.375,Apple,14-inch,16GB,Apple,16-inch,4GB
4,0.0595703125,-0.8125,Apple,14-inch,16GB,Apple,16-inch,8GB
4,-1.4375,5.8125,Apple,14-inch,16GB,Apple,16-inch,16GB
4,-16.75,6.0625,Apple,16-inch,4GB,ASUS,13-inch,4GB
4,-23.625,6.0625,Apple,16-inch,4GB,ASUS,13-inch,8GB
4,-15.5625,6.0625,Apple,16-inch,4GB,ASUS,13-inch,16GB
4,-17.625,6.0625,Apple,16-inch,4GB,ASUS,14-inch,4GB
4,-22.875,6.0625,Apple,16-inch,4GB,ASUS,14-inch,8GB
4,-15.5625,6.0625,Apple,16-inch,4GB,ASUS,14-inch,16GB
4,-7.0625,6.0625,Apple,16-inch,4GB,ASUS,16-inch,4GB
4,-22.25,6.0625,Apple,16-inch,4GB,ASUS,16-inch,8GB
4,-17.875,6.0625,Apple,16-inch,4GB,ASUS,16-inch,16GB
4,-14.6875,6.0625,Apple,16-inch,4GB,Lenovo,13-inch,4GB
4,-24.25,6.0625,Apple,16-inch,4GB,Lenovo,13-inch,8GB
4,-15.9375,6.0625,Apple,16-inch,4GB,Lenovo,13-inch,16GB
4,-15.6875,6.0625,Apple,16-inch,4GB,Lenovo,14-inch,4GB
4,-22.875,6.0625,Apple,16-inch,4GB,Lenovo,14-inch,8GB
4,-14.8125,6.0625,Apple,16-inch,4GB,Lenovo,14-inch,16GB
4,-7.0625,6.0625,Apple,16-inch,4GB,Lenovo,16-inch,4GB
4,-22.75,6.0625,Apple,16-inch,4GB,Lenovo,16-inch,8GB
4,-18.0,6.0625,Apple,16-inch,4GB,Lenovo,16-inch,16GB
4,-15.1875,6.0625,Apple,16-inch,4GB,HP,13-inch,4GB
4,-23.5,6.0625,Apple,16-inch,4GB,HP,13-inch,8GB
4,-14.1875,6.0625,Apple,16-inch,4GB,HP,13-inch,16GB
4,-14.9375,6.0625,Apple,16-inch,4GB,HP,14-inch,4GB
4,-22.5,6.0625,Apple,16-inch,4GB,HP,14-inch,8GB
4,-14.1875,6.0625,Apple,16-inch,4GB,HP,14-inch,16GB
4,-5.5625,6.0625,Apple,16-inch,4GB,HP,16-inch,4GB
4,-21.25,6.0625,Apple,16-inch,4GB,HP,16-inch,8GB
4,-17.375,6.0625,Apple,16-inch,4GB,HP,16-inch,16GB
4,-14.4375,6.0625,Apple,16-inch,4GB,Dell,13-inch,4GB
4,-23.375,6.0625,Apple,16-inch,4GB,Dell,13-inch,8GB
4,-12.9375,6.0625,Apple,16-inch,4GB,Dell,13-inch,16GB
4,-14.4375,6.0625,Apple,16-inch,4GB,Dell,14-inch,4GB
4,-22.375,6.0625,Apple,16-inch,4GB,Dell,14-inch,8GB
4,-12.6875,6.0625,Apple,16-inch,4GB,Dell,14-inch,16GB
4,-7.0625,6.0625,Apple,16-inch,4GB,Dell,16-inch,4GB
4,-21.0,6.0625,Apple,16-inch,4GB,Dell,16-inch,8GB
4,-15.5625,6.0625,Apple,16-inch,4GB,Dell,16-inch,16GB
4,-14.3125,6.0625,Apple,16-inch,4GB,Apple,13-inch,4GB
4,-21.125,6.0625,Apple,16-inch,4GB,Apple,13-inch,8GB
4,-12.5625,6.0625,Apple,16-inch,4GB,Apple,13-inch,16GB
4,-14.0625,6.0625,Apple,16-inch,4GB,Apple,14-inch,4GB
4,-19.625,6.0625,Apple,16-inch,4GB,Apple,14-inch,8GB
4,-10.6875,6.0625,Apple,16-inch,4GB,Apple,14-inch,16GB
4,-19.875,6.0625,Apple,16-inch,4GB,Apple,16-inch,8GB
4,-17.25,6.0625,Apple,16-inch,4GB,Apple,16-inch,16GB
4,-2.515625,5.96875,Apple,16-inch,8GB,ASUS,13-inch,4GB
4,-3.46875,6.03125,Apple,16-inch,8GB,ASUS,13-inch,8GB
4,-2.28125,5.96875,Apple,16-inch,8GB,ASUS,13-inch,16GB
4,-2.40625,5.96875,Apple,16-inch,8GB,ASUS,14-inch,4GB
4,-3.59375,6.03125,Apple,16-inch,8GB,ASUS,14-inch,8GB
4,-1.5390625,5.84375,Apple,16-inch,8GB,ASUS,14-inch,16GB
4,-0.251953125,4.75,Apple,16-inch,8GB,ASUS,16-inch,4GB
4,-3.34375,6.03125,Apple,16-inch,8GB,ASUS,16-inch,8GB
4,0.0537109375,1.0625,Apple,16-inch,8GB,ASUS,16-inch,16GB
4,-4.5625,6.0625,Apple,16-inch,8GB,Lenovo,13-inch,4GB
4,-2.625,6.0,Apple,16-inch,8GB,Lenovo,13-inch,8GB
4,-2.625,6.0,Apple,16-inch,8GB,Lenovo,13-inch,16GB
4,-4.4375,6.0625,Apple,16-inch,8GB,Lenovo,14-inch,4GB
4,-2.875,6.0,Apple,16-inch,8GB,Lenovo,14-inch,8GB
4,-1.5390625,5.84375,Apple,16-inch,8GB,Lenovo,14-inch,16GB
4,-1.078125,5.6875,Apple,16-inch,8GB,Lenovo,16-inch,4GB
4,-2.625,6.0,Apple,16-inch,8GB,Lenovo,16-inch,8GB
4,0.048095703125,1.6875,Apple,16-inch,8GB,Lenovo,16-inch,16GB
4,-5.0625,6.0625,Apple,16-inch,8GB,HP,13-inch,4GB
4,-3.46875,6.03125,Apple,16-inch,8GB,HP,13-inch,8GB
4,-2.625,6.0,Apple,16-inch,8GB,HP,13-inch,16GB
4,-4.8125,6.0625,Apple,16-inch,8GB,HP,14-inch,4GB
4,-3.59375,6.03125,Apple,16-inch,8GB,HP,14-inch,8GB
4,-1.640625,5.875,Apple,16-inch,8GB,HP,14-inch,16GB
4,-0.9140625,5.59375,Apple,16-inch,8GB,HP,16-inch,4GB
4,-2.75,6.0,Apple,16-inch,8GB,HP,16-inch,8GB
4,0.0537109375,1.0625,Apple,16-inch,8GB,HP,16-inch,16GB
4,-4.5625,6.0625,Apple,16-inch,8GB,Dell,13-inch,4GB
4,-2.515625,5.96875,Apple,16-inch,8GB,Dell,13-inch,8GB
4,-1.8515625,5.90625,Apple,16-inch,8GB,Dell,13-inch,16GB
4,-4.3125,6.0625,Apple,16-inch,8GB,Dell,14-inch,4GB
4,-2.75,6.0,Apple,16-inch,8GB,Dell,14-inch,8GB
4,-0.9140625,5.59375,Apple,16-inch,8GB,Dell,14-inch,16GB
4,-0.6953125,5.4375,Apple,16-inch,8GB,Dell,16-inch,4GB
4,-3.21875,6.03125,Apple,16-inch,8GB,Dell,16-inch,8GB
4,0.058837890625,-0.3125,Apple,16-inch,8GB,Dell,16-inch,16GB
4,-9.9375,6.0625,Apple,16-inch,8GB,Apple,13-inch,4GB
4,-10.8125,6.0625,Apple,16-inch,8GB,Apple,13-inch,8GB
4,-2.875,6.0,Apple,16-inch,8GB,Apple,13-inch,16GB
4,-10.3125,6.0625,Apple,16-inch,8GB,Apple,14-inch,4GB
4,-9.3125,6.0625,Apple,16-inch,8GB,Apple,14-inch,8GB
4,-2.515625,5.96875,Apple,16-inch,8GB,Apple,14-inch,16GB
4,-15.8125,6.0625,Apple,16-inch,8GB,Apple,16-inch,4GB
4,-3.21875,6.03125,Apple,16-inch,8GB,Apple,16-inch,16GB
4,-11.1875,6.0625,Apple,16-inch,16GB,ASUS,13-inch,4GB
4,-0.08203125,4.0625,Apple,16-inch,16GB,ASUS,13-inch,8GB
4,-1.078125,5.6875,Apple,16-inch,16GB,ASUS,13-inch,16GB
4,-10.5625,6.0625,Apple,16-inch,16GB,ASUS,14-inch,4GB
4,-0.140625,4.375,Apple,16-inch,16GB,ASUS,14-inch,8GB
4,-0.8359375,5.53125,Apple,16-inch,16GB,ASUS,14-inch,16GB
4,-8.0625,6.0625,Apple,16-inch,16GB,ASUS,16-inch,4GB
4,-0.1650390625,4.46875,Apple,16-inch,16GB,ASUS,16-inch,8GB
4,-3.703125,6.03125,Apple,16-inch,16GB,ASUS,16-inch,16GB
4,-12.3125,6.0625,Apple,16-inch,16GB,Lenovo,13-inch,4GB
4,-0.099609375,4.15625,Apple,16-inch,16GB,Lenovo,13-inch,8GB
4,-0.9140625,5.59375,Apple,16-inch,16GB,Lenovo,13-inch,16GB
4,-12.1875,6.0625,Apple,16-inch,16GB,Lenovo,14-inch,4GB
4,-0.099609375,4.15625,Apple,16-inch,16GB,Lenovo,14-inch,8GB
4,-0.9140625,5.59375,Apple,16-inch,16GB,Lenovo,14-inch,16GB
4,-9.8125,6.0625,Apple,16-inch,16GB,Lenovo,16-inch,4GB
4,-0.251953125,4.75,Apple,16-inch,16GB,Lenovo,16-inch,8GB
4,-2.0625,5.9375,Apple,16-inch,16GB,Lenovo,16-inch,16GB
4,-13.0625,6.0625,Apple,16-inch,16GB,HP,13-inch,4GB
4,-0.03955078125,3.71875,Apple,16-inch,16GB,HP,13-inch,8GB
4,-0.8359375,5.53125,Apple,16-inch,16GB,HP,13-inch,16GB
4,-12.8125,6.0625,Apple,16-inch,16GB,HP,14-inch,4GB
4,-0.03955078125,3.71875,Apple,16-inch,16GB,HP,14-inch,8GB
4,-0.765625,5.5,Apple,16-inch,16GB,HP,14-inch,16GB
4,-8.9375,6.0625,Apple,16-inch,16GB,HP,16-inch,4GB
4,-0.119140625,4.25,Apple,16-inch,16GB,HP,16-inch,8GB
4,-0.765625,5.5,Apple,16-inch,16GB,HP,16-inch,16GB
4,-12.1875,6.0625,Apple,16-inch,16GB,Dell,13-inch,4GB
4,-0.099609375,4.15625,Apple,16-inch,16GB,Dell,13-inch,8GB
4,-0.765625,5.5,Apple,16-inch,16GB,Dell,13-inch,16GB
4,-11.9375,6.0625,Apple,16-inch,16GB,Dell,14-inch,4GB
4,-0.08203125,4.0625,Apple,16-inch,16GB,Dell,14-inch,8GB
4,-0.462890625,5.15625,Apple,16-inch,16GB,Dell,14-inch,16GB
4,-7.8125,6.0625,Apple,16-inch,16GB,Dell,16-inch,4GB
4,-0.1650390625,4.46875,Apple,16-inch,16GB,Dell,16-inch,8GB
4,-1.25,5.75,Apple,16-inch,16GB,Dell,16-inch,16GB
4,-17.875,6.0625,Apple,16-inch,16GB,Apple,13-inch,4GB
4,-0.515625,5.25,Apple,16-inch,16GB,Apple,13-inch,8GB
4,-7.9375,6.0625,Apple,16-inch,16GB,Apple,13-inch,16GB
4,-18.0,6.0625,Apple,16-inch,16GB,Apple,14-inch,4GB
4,-0.462890625,5.15625,Apple,16-inch,16GB,Apple,14-inch,8GB
4,-6.5625,6.0625,Apple,16-inch,16GB,Apple,14-inch,16GB
4,-15.8125,6.0625,Apple,16-inch,16GB,Apple,16-inch,4GB
4,-0.326171875,4.9375,Apple,16-inch,16GB,Apple,16-inch,8GB
