Color,BT_Score
red,0.13678656993608485
green,0.10455330939001328
purple,0.016134765831012032
blue,-0.05614260032746898
yellow,-0.2013320448296554
