Color,BT_Score
red,0.15290774108652272
green,0.1286950163838867
blue,-0.040149055429559155
purple,-0.05622037216036091
yellow,-0.18523332988048224
