Color,BT_Score
purple,0.9687787942668464
yellow,0.06691024607481921
green,-0.13776898888351496
blue,-0.24973093084805953
red,-0.6481891206100698
