Color,BT_Score
green,0.0480264688666594
purple,0.024007370117807625
blue,-3.7027777466391854e-07
yellow,-0.024009564290658147
red,-0.04802390441603421
