Color,BT_Score
purple,0.3843803091569882
yellow,0.023703766322590525
green,-0.049140279505600404
blue,-0.0815426280607241
red,-0.27740116791321157
