Color,BT_Score
TSLA,1.3773200886086414
NVDA,0.6192697086246213
MSFT,0.5499111663051153
AAPL,0.261251083290972
AMZN,0.08051579347552007
GOOG,-0.12350142177609058
META,-2.764766418528808
