Color,BT_Score
META,11.73729452202982
NVDA,-1.9561701549316908
MSFT,-1.9562060512152328
AAPL,-1.9562139846897395
GOOG,-1.9562192588462253
TSLA,-1.9562405399745941
AMZN,-1.956244532372331
