Color,BT_Score
META,1.642426543128778
NVDA,-0.2107036231190378
GOOG,-0.2602757025447673
AAPL,-0.2726780537083968
MSFT,-0.2850935407256614
TSLA,-0.30372783979647977
AMZN,-0.30994778323443484
