Color,BT_Score
Apple,0.16117663021908868
Tesla,0.08056136245030387
Meta,0.040360524614563076
Microsoft,0.023142102555787858
Amazon,0.011671044930842811
Google,-0.03996999962811998
Nvidia,-0.2769416651424521
