Color,BT_Score
Tesla,0.06867807657812364
Apple,0.06867253949869223
Meta,0.04577740759941662
Microsoft,1.0727056363180054e-05
Amazon,-0.01141995561558673
Google,-0.057207536802906134
Nvidia,-0.11451125831404596
