Color,BT_Score
Apple,0.38241441623579675
Google,0.3260110340920619
Tesla,0.31021748452620557
Microsoft,0.18291107274728802
Amazon,0.09918962270540987
Meta,0.08713801233776053
Nvidia,-1.3878816426444942
