template_idx,option_a,option_b,score_a,score_b
0,"ASUS VivoBook 15 (i3, 8GB, $450)","Lenovo IdeaPad 3 (i5, 8GB, $550)",-1.6005859375,-0.225830078125
0,"ASUS VivoBook 15 (i3, 8GB, $450)","HP Pavilion 15 (Ryzen 5, 8GB, $600)",-1.701171875,-0.201416015625
0,"ASUS VivoBook 15 (i3, 8GB, $450)","ASUS ZenBook 14 (i5, 16GB, $700)",-2.140625,-0.1251220703125
0,"ASUS VivoBook 15 (i3, 8GB, $450)","Lenovo ThinkPad E14 (Ryzen 5, 16GB, $800)",-1.587890625,-0.2286376953125
0,"ASUS VivoBook 15 (i3, 8GB, $450)","Dell Inspiron 16 (i7, 16GB, $1100)",-1.6630859375,-0.210205078125
0,"ASUS VivoBook 15 (i3, 8GB, $450)","HP Spectre x360 (Ryzen 7, 32GB, $1200)",-1.7919921875,-0.1824951171875
0,"ASUS VivoBook 15 (i3, 8GB, $450)","Dell XPS 15 (i7, 32GB, $1500)",-1.7138671875,-0.1986083984375
0,"ASUS VivoBook 15 (i3, 8GB, $450)","Lenovo ThinkPad X1 Carbon (Ryzen 7, 32GB, $1400)",-1.6630859375,-0.210205078125
0,"ASUS VivoBook 15 (i3, 8GB, $450)","Apple MacBook Air M3 (M3, 16GB, $1800)",-1.6630859375,-0.210205078125
0,"ASUS VivoBook 15 (i3, 8GB, $450)","Apple MacBook Pro 14-inch (M3, 32GB, $2220)",-1.61328125,-0.222412109375
0,"ASUS VivoBook 15 (i3, 8GB, $450)","Apple MacBook Pro 16-inch (M3, 64GB, $2800)",-1.587890625,-0.2286376953125
0,"Lenovo IdeaPad 3 (i5, 8GB, $550)","ASUS VivoBook 15 (i3, 8GB, $450)",-1.740234375,-0.193359375
0,"Lenovo IdeaPad 3 (i5, 8GB, $550)","HP Pavilion 15 (Ryzen 5, 8GB, $600)",-1.61328125,-0.2230224609375
0,"Lenovo IdeaPad 3 (i5, 8GB, $550)","ASUS ZenBook 14 (i5, 16GB, $700)",-2.099609375,-0.131103515625
0,"Lenovo IdeaPad 3 (i5, 8GB, $550)","Lenovo ThinkPad E14 (Ryzen 5, 16GB, $800)",-1.83203125,-0.1761474609375
0,"Lenovo IdeaPad 3 (i5, 8GB, $550)","Dell Inspiron 16 (i7, 16GB, $1100)",-1.7275390625,-0.196533203125
0,"Lenovo IdeaPad 3 (i5, 8GB, $550)","HP Spectre x360 (Ryzen 7, 32GB, $1200)",-1.7021484375,-0.202392578125
0,"Lenovo IdeaPad 3 (i5, 8GB, $550)","Dell XPS 15 (i7, 32GB, $1500)",-1.8447265625,-0.1732177734375
0,"Lenovo IdeaPad 3 (i5, 8GB, $550)","Lenovo ThinkPad X1 Carbon (Ryzen 7, 32GB, $1400)",-1.9521484375,-0.15478515625
0,"Lenovo IdeaPad 3 (i5, 8GB, $550)","Apple MacBook Air M3 (M3, 16GB, $1800)",-1.6259765625,-0.2197265625
0,"Lenovo IdeaPad 3 (i5, 8GB, $550)","Apple MacBook Pro 14-inch (M3, 32GB, $2220)",-1.5634765625,-0.23583984375
0,"Lenovo IdeaPad 3 (i5, 8GB, $550)","Apple MacBook Pro 16-inch (M3, 64GB, $2800)",-1.5146484375,-0.2491455078125
0,"HP Pavilion 15 (Ryzen 5, 8GB, $600)","ASUS VivoBook 15 (i3, 8GB, $450)",-1.740234375,-0.193115234375
0,"HP Pavilion 15 (Ryzen 5, 8GB, $600)","Lenovo IdeaPad 3 (i5, 8GB, $550)",-1.6806640625,-0.211669921875
0,"HP Pavilion 15 (Ryzen 5, 8GB, $600)","ASUS ZenBook 14 (i5, 16GB, $700)",-2.23828125,-0.11285400390625
0,"HP Pavilion 15 (Ryzen 5, 8GB, $600)","Lenovo ThinkPad E14 (Ryzen 5, 16GB, $800)",-1.7275390625,-0.1959228515625
0,"HP Pavilion 15 (Ryzen 5, 8GB, $600)","Dell Inspiron 16 (i7, 16GB, $1100)",-1.7919921875,-0.182373046875
0,"HP Pavilion 15 (Ryzen 5, 8GB, $600)","HP Spectre x360 (Ryzen 7, 32GB, $1200)",-2.28125,-0.10845947265625
0,"HP Pavilion 15 (Ryzen 5, 8GB, $600)","Dell XPS 15 (i7, 32GB, $1500)",-1.8837890625,-0.1650390625
0,"HP Pavilion 15 (Ryzen 5, 8GB, $600)","Lenovo ThinkPad X1 Carbon (Ryzen 7, 32GB, $1400)",-1.8701171875,-0.16748046875
0,"HP Pavilion 15 (Ryzen 5, 8GB, $600)","Apple MacBook Air M3 (M3, 16GB, $1800)",-1.765625,-0.1876220703125
0,"HP Pavilion 15 (Ryzen 5, 8GB, $600)","Apple MacBook Pro 14-inch (M3, 32GB, $2220)",-1.7138671875,-0.19873046875
0,"HP Pavilion 15 (Ryzen 5, 8GB, $600)","Apple MacBook Pro 16-inch (M3, 64GB, $2800)",-1.7138671875,-0.1986083984375
0,"ASUS ZenBook 14 (i5, 16GB, $700)","ASUS VivoBook 15 (i3, 8GB, $450)",-1.5751953125,-0.23193359375
0,"ASUS ZenBook 14 (i5, 16GB, $700)","Lenovo IdeaPad 3 (i5, 8GB, $550)",-1.4912109375,-0.2568359375
0,"ASUS ZenBook 14 (i5, 16GB, $700)","HP Pavilion 15 (Ryzen 5, 8GB, $600)",-1.5751953125,-0.2318115234375
0,"ASUS ZenBook 14 (i5, 16GB, $700)","Lenovo ThinkPad E14 (Ryzen 5, 16GB, $800)",-1.650390625,-0.213134765625
0,"ASUS ZenBook 14 (i5, 16GB, $700)","Dell Inspiron 16 (i7, 16GB, $1100)",-1.67578125,-0.207275390625
0,"ASUS ZenBook 14 (i5, 16GB, $700)","HP Spectre x360 (Ryzen 7, 32GB, $1200)",-1.91015625,-0.160400390625
0,"ASUS ZenBook 14 (i5, 16GB, $700)","Dell XPS 15 (i7, 32GB, $1500)",-1.7275390625,-0.1959228515625
0,"ASUS ZenBook 14 (i5, 16GB, $700)","Lenovo ThinkPad X1 Carbon (Ryzen 7, 32GB, $1400)",-1.7138671875,-0.1986083984375
0,"ASUS ZenBook 14 (i5, 16GB, $700)","Apple MacBook Air M3 (M3, 16GB, $1800)",-1.701171875,-0.201416015625
0,"ASUS ZenBook 14 (i5, 16GB, $700)","Apple MacBook Pro 14-inch (M3, 32GB, $2220)",-1.6005859375,-0.2254638671875
0,"ASUS ZenBook 14 (i5, 16GB, $700)","Apple MacBook Pro 16-inch (M3, 64GB, $2800)",-1.5634765625,-0.235107421875
0,"Lenovo ThinkPad E14 (Ryzen 5, 16GB, $800)","ASUS VivoBook 15 (i3, 8GB, $450)",-1.3251953125,-0.30908203125
0,"Lenovo ThinkPad E14 (Ryzen 5, 16GB, $800)","Lenovo IdeaPad 3 (i5, 8GB, $550)",-1.4228515625,-0.2822265625
0,"Lenovo ThinkPad E14 (Ryzen 5, 16GB, $800)","HP Pavilion 15 (Ryzen 5, 8GB, $600)",-1.34765625,-0.301025390625
0,"Lenovo ThinkPad E14 (Ryzen 5, 16GB, $800)","ASUS ZenBook 14 (i5, 16GB, $700)",-1.765625,-0.1876220703125
0,"Lenovo ThinkPad E14 (Ryzen 5, 16GB, $800)","Dell Inspiron 16 (i7, 16GB, $1100)",-1.5263671875,-0.2451171875
0,"Lenovo ThinkPad E14 (Ryzen 5, 16GB, $800)","HP Spectre x360 (Ryzen 7, 32GB, $1200)",-1.5263671875,-0.2452392578125
0,"Lenovo ThinkPad E14 (Ryzen 5, 16GB, $800)","Dell XPS 15 (i7, 32GB, $1500)",-1.5751953125,-0.23193359375
0,"Lenovo ThinkPad E14 (Ryzen 5, 16GB, $800)","Lenovo ThinkPad X1 Carbon (Ryzen 7, 32GB, $1400)",-1.6376953125,-0.21630859375
0,"Lenovo ThinkPad E14 (Ryzen 5, 16GB, $800)","Apple MacBook Air M3 (M3, 16GB, $1800)",-1.44140625,-0.27001953125
0,"Lenovo ThinkPad E14 (Ryzen 5, 16GB, $800)","Apple MacBook Pro 14-inch (M3, 32GB, $2220)",-1.3251953125,-0.30908203125
0,"Lenovo ThinkPad E14 (Ryzen 5, 16GB, $800)","Apple MacBook Pro 16-inch (M3, 64GB, $2800)",-1.3359375,-0.304931640625
0,"Dell Inspiron 16 (i7, 16GB, $1100)","ASUS VivoBook 15 (i3, 8GB, $450)",-1.67578125,-0.207275390625
0,"Dell Inspiron 16 (i7, 16GB, $1100)","Lenovo IdeaPad 3 (i5, 8GB, $550)",-1.578125,-0.2342529296875
0,"Dell Inspiron 16 (i7, 16GB, $1100)","HP Pavilion 15 (Ryzen 5, 8GB, $600)",-1.5634765625,-0.235107421875
0,"Dell Inspiron 16 (i7, 16GB, $1100)","ASUS ZenBook 14 (i5, 16GB, $700)",-2.11328125,-0.12890625
0,"Dell Inspiron 16 (i7, 16GB, $1100)","Lenovo ThinkPad E14 (Ryzen 5, 16GB, $800)",-1.67578125,-0.207275390625
0,"Dell Inspiron 16 (i7, 16GB, $1100)","HP Spectre x360 (Ryzen 7, 32GB, $1200)",-1.9912109375,-0.147216796875
0,"Dell Inspiron 16 (i7, 16GB, $1100)","Dell XPS 15 (i7, 32GB, $1500)",-2.140625,-0.125244140625
0,"Dell Inspiron 16 (i7, 16GB, $1100)","Lenovo ThinkPad X1 Carbon (Ryzen 7, 32GB, $1400)",-1.91015625,-0.160400390625
0,"Dell Inspiron 16 (i7, 16GB, $1100)","Apple MacBook Air M3 (M3, 16GB, $1800)",-1.923828125,-0.157958984375
0,"Dell Inspiron 16 (i7, 16GB, $1100)","Apple MacBook Pro 14-inch (M3, 32GB, $2220)",-1.765625,-0.187744140625
0,"Dell Inspiron 16 (i7, 16GB, $1100)","Apple MacBook Pro 16-inch (M3, 64GB, $2800)",-1.7919921875,-0.182373046875
0,"HP Spectre x360 (Ryzen 7, 32GB, $1200)","ASUS VivoBook 15 (i3, 8GB, $450)",-1.13671875,-0.386962890625
0,"HP Spectre x360 (Ryzen 7, 32GB, $1200)","Lenovo IdeaPad 3 (i5, 8GB, $550)",-1.0966796875,-0.408935546875
0,"HP Spectre x360 (Ryzen 7, 32GB, $1200)","HP Pavilion 15 (Ryzen 5, 8GB, $600)",-1.279296875,-0.326416015625
0,"HP Spectre x360 (Ryzen 7, 32GB, $1200)","ASUS ZenBook 14 (i5, 16GB, $700)",-1.4541015625,-0.266357421875
0,"HP Spectre x360 (Ryzen 7, 32GB, $1200)","Lenovo ThinkPad E14 (Ryzen 5, 16GB, $800)",-1.234375,-0.34423828125
0,"HP Spectre x360 (Ryzen 7, 32GB, $1200)","Dell Inspiron 16 (i7, 16GB, $1100)",-1.3828125,-0.2890625
0,"HP Spectre x360 (Ryzen 7, 32GB, $1200)","Dell XPS 15 (i7, 32GB, $1500)",-1.5634765625,-0.2353515625
0,"HP Spectre x360 (Ryzen 7, 32GB, $1200)","Lenovo ThinkPad X1 Carbon (Ryzen 7, 32GB, $1400)",-1.501953125,-0.252197265625
0,"HP Spectre x360 (Ryzen 7, 32GB, $1200)","Apple MacBook Air M3 (M3, 16GB, $1800)",-1.4541015625,-0.266357421875
0,"HP Spectre x360 (Ryzen 7, 32GB, $1200)","Apple MacBook Pro 14-inch (M3, 32GB, $2220)",-1.4775390625,-0.25927734375
0,"HP Spectre x360 (Ryzen 7, 32GB, $1200)","Apple MacBook Pro 16-inch (M3, 64GB, $2800)",-1.40625,-0.281494140625
0,"Dell XPS 15 (i7, 32GB, $1500)","ASUS VivoBook 15 (i3, 8GB, $450)",-1.501953125,-0.251953125
0,"Dell XPS 15 (i7, 32GB, $1500)","Lenovo IdeaPad 3 (i5, 8GB, $550)",-1.4072265625,-0.282470703125
0,"Dell XPS 15 (i7, 32GB, $1500)","HP Pavilion 15 (Ryzen 5, 8GB, $600)",-1.4775390625,-0.259033203125
0,"Dell XPS 15 (i7, 32GB, $1500)","ASUS ZenBook 14 (i5, 16GB, $700)",-1.7783203125,-0.18505859375
0,"Dell XPS 15 (i7, 32GB, $1500)","Lenovo ThinkPad E14 (Ryzen 5, 16GB, $800)",-1.4658203125,-0.2626953125
0,"Dell XPS 15 (i7, 32GB, $1500)","Dell Inspiron 16 (i7, 16GB, $1100)",-1.6630859375,-0.210205078125
0,"Dell XPS 15 (i7, 32GB, $1500)","HP Spectre x360 (Ryzen 7, 32GB, $1200)",-1.55078125,-0.238525390625
0,"Dell XPS 15 (i7, 32GB, $1500)","Lenovo ThinkPad X1 Carbon (Ryzen 7, 32GB, $1400)",-1.6259765625,-0.2193603515625
0,"Dell XPS 15 (i7, 32GB, $1500)","Apple MacBook Air M3 (M3, 16GB, $1800)",-1.6005859375,-0.2255859375
0,"Dell XPS 15 (i7, 32GB, $1500)","Apple MacBook Pro 14-inch (M3, 32GB, $2220)",-1.6376953125,-0.21630859375
0,"Dell XPS 15 (i7, 32GB, $1500)","Apple MacBook Pro 16-inch (M3, 64GB, $2800)",-1.6005859375,-0.2255859375
0,"Lenovo ThinkPad X1 Carbon (Ryzen 7, 32GB, $1400)","ASUS VivoBook 15 (i3, 8GB, $450)",-1.07421875,-0.41796875
0,"Lenovo ThinkPad X1 Carbon (Ryzen 7, 32GB, $1400)","Lenovo IdeaPad 3 (i5, 8GB, $550)",-1.1279296875,-0.3935546875
0,"Lenovo ThinkPad X1 Carbon (Ryzen 7, 32GB, $1400)","HP Pavilion 15 (Ryzen 5, 8GB, $600)",-1.0947265625,-0.407470703125
0,"Lenovo ThinkPad X1 Carbon (Ryzen 7, 32GB, $1400)","ASUS ZenBook 14 (i5, 16GB, $700)",-1.37109375,-0.29296875
0,"Lenovo ThinkPad X1 Carbon (Ryzen 7, 32GB, $1400)","Lenovo ThinkPad E14 (Ryzen 5, 16GB, $800)",-1.212890625,-0.353271484375
0,"Lenovo ThinkPad X1 Carbon (Ryzen 7, 32GB, $1400)","Dell Inspiron 16 (i7, 16GB, $1100)",-1.234375,-0.343994140625
0,"Lenovo ThinkPad X1 Carbon (Ryzen 7, 32GB, $1400)","HP Spectre x360 (Ryzen 7, 32GB, $1200)",-1.2568359375,-0.3349609375
0,"Lenovo ThinkPad X1 Carbon (Ryzen 7, 32GB, $1400)","Dell XPS 15 (i7, 32GB, $1500)",-1.44140625,-0.27001953125
0,"Lenovo ThinkPad X1 Carbon (Ryzen 7, 32GB, $1400)","Apple MacBook Air M3 (M3, 16GB, $1800)",-1.234375,-0.343994140625
0,"Lenovo ThinkPad X1 Carbon (Ryzen 7, 32GB, $1400)","Apple MacBook Pro 14-inch (M3, 32GB, $2220)",-1.234375,-0.343994140625
0,"Lenovo ThinkPad X1 Carbon (Ryzen 7, 32GB, $1400)","Apple MacBook Pro 16-inch (M3, 64GB, $2800)",-1.1689453125,-0.3720703125
0,"Apple MacBook Air M3 (M3, 16GB, $1800)","ASUS VivoBook 15 (i3, 8GB, $450)",-1.3359375,-0.30517578125
0,"Apple MacBook Air M3 (M3, 16GB, $1800)","Lenovo IdeaPad 3 (i5, 8GB, $550)",-1.2353515625,-0.344970703125
0,"Apple MacBook Air M3 (M3, 16GB, $1800)","HP Pavilion 15 (Ryzen 5, 8GB, $600)",-1.212890625,-0.353271484375
0,"Apple MacBook Air M3 (M3, 16GB, $1800)","ASUS ZenBook 14 (i5, 16GB, $700)",-1.6376953125,-0.2161865234375
0,"Apple MacBook Air M3 (M3, 16GB, $1800)","Lenovo ThinkPad E14 (Ryzen 5, 16GB, $800)",-1.291015625,-0.322021484375
0,"Apple MacBook Air M3 (M3, 16GB, $1800)","Dell Inspiron 16 (i7, 16GB, $1100)",-1.41796875,-0.277587890625
0,"Apple MacBook Air M3 (M3, 16GB, $1800)","HP Spectre x360 (Ryzen 7, 32GB, $1200)",-1.34765625,-0.301025390625
0,"Apple MacBook Air M3 (M3, 16GB, $1800)","Dell XPS 15 (i7, 32GB, $1500)",-1.490234375,-0.255615234375
0,"Apple MacBook Air M3 (M3, 16GB, $1800)","Lenovo ThinkPad X1 Carbon (Ryzen 7, 32GB, $1400)",-1.4296875,-0.273681640625
0,"Apple MacBook Air M3 (M3, 16GB, $1800)","Apple MacBook Pro 14-inch (M3, 32GB, $2220)",-1.8974609375,-0.1627197265625
0,"Apple MacBook Air M3 (M3, 16GB, $1800)","Apple MacBook Pro 16-inch (M3, 64GB, $2800)",-1.8046875,-0.179931640625
0,"Apple MacBook Pro 14-inch (M3, 32GB, $2220)","ASUS VivoBook 15 (i3, 8GB, $450)",-1.0439453125,-0.434326171875
0,"Apple MacBook Pro 14-inch (M3, 32GB, $2220)","Lenovo IdeaPad 3 (i5, 8GB, $550)",-0.97509765625,-0.47509765625
0,"Apple MacBook Pro 14-inch (M3, 32GB, $2220)","HP Pavilion 15 (Ryzen 5, 8GB, $600)",-1.064453125,-0.42333984375
0,"Apple MacBook Pro 14-inch (M3, 32GB, $2220)","ASUS ZenBook 14 (i5, 16GB, $700)",-1.34765625,-0.301025390625
0,"Apple MacBook Pro 14-inch (M3, 32GB, $2220)","Lenovo ThinkPad E14 (Ryzen 5, 16GB, $800)",-1.0849609375,-0.412841796875
0,"Apple MacBook Pro 14-inch (M3, 32GB, $2220)","Dell Inspiron 16 (i7, 16GB, $1100)",-1.201171875,-0.35791015625
0,"Apple MacBook Pro 14-inch (M3, 32GB, $2220)","HP Spectre x360 (Ryzen 7, 32GB, $1200)",-1.1904296875,-0.362548828125
0,"Apple MacBook Pro 14-inch (M3, 32GB, $2220)","Dell XPS 15 (i7, 32GB, $1500)",-1.359375,-0.296875
0,"Apple MacBook Pro 14-inch (M3, 32GB, $2220)","Lenovo ThinkPad X1 Carbon (Ryzen 7, 32GB, $1400)",-1.291015625,-0.32177734375
0,"Apple MacBook Pro 14-inch (M3, 32GB, $2220)","Apple MacBook Air M3 (M3, 16GB, $1800)",-1.39453125,-0.28515625
0,"Apple MacBook Pro 14-inch (M3, 32GB, $2220)","Apple MacBook Pro 16-inch (M3, 64GB, $2800)",-1.5751953125,-0.2318115234375
0,"Apple MacBook Pro 16-inch (M3, 64GB, $2800)","ASUS VivoBook 15 (i3, 8GB, $450)",-1.07421875,-0.41796875
0,"Apple MacBook Pro 16-inch (M3, 64GB, $2800)","Lenovo IdeaPad 3 (i5, 8GB, $550)",-1.025390625,-0.447021484375
0,"Apple MacBook Pro 16-inch (M3, 64GB, $2800)","HP Pavilion 15 (Ryzen 5, 8GB, $600)",-1.0849609375,-0.412841796875
0,"Apple MacBook Pro 16-inch (M3, 64GB, $2800)","ASUS ZenBook 14 (i5, 16GB, $700)",-1.41796875,-0.27734375
0,"Apple MacBook Pro 16-inch (M3, 64GB, $2800)","Lenovo ThinkPad E14 (Ryzen 5, 16GB, $800)",-1.1259765625,-0.39208984375
0,"Apple MacBook Pro 16-inch (M3, 64GB, $2800)","Dell Inspiron 16 (i7, 16GB, $1100)",-1.291015625,-0.32177734375
0,"Apple MacBook Pro 16-inch (M3, 64GB, $2800)","HP Spectre x360 (Ryzen 7, 32GB, $1200)",-1.212890625,-0.353271484375
0,"Apple MacBook Pro 16-inch (M3, 64GB, $2800)","Dell XPS 15 (i7, 32GB, $1500)",-1.3828125,-0.2890625
0,"Apple MacBook Pro 16-inch (M3, 64GB, $2800)","Lenovo ThinkPad X1 Carbon (Ryzen 7, 32GB, $1400)",-1.3251953125,-0.309326171875
0,"Apple MacBook Pro 16-inch (M3, 64GB, $2800)","Apple MacBook Air M3 (M3, 16GB, $1800)",-1.5751953125,-0.2318115234375
0,"Apple MacBook Pro 16-inch (M3, 64GB, $2800)","Apple MacBook Pro 14-inch (M3, 32GB, $2220)",-1.5634765625,-0.235107421875
1,"ASUS VivoBook 15 (i3, 8GB, $450)","Lenovo IdeaPad 3 (i5, 8GB, $550)",-0.76611328125,-0.62548828125
1,"ASUS VivoBook 15 (i3, 8GB, $450)","HP Pavilion 15 (Ryzen 5, 8GB, $600)",-0.7998046875,-0.5966796875
1,"ASUS VivoBook 15 (i3, 8GB, $450)","ASUS ZenBook 14 (i5, 16GB, $700)",-0.96435546875,-0.47998046875
1,"ASUS VivoBook 15 (i3, 8GB, $450)","Lenovo ThinkPad E14 (Ryzen 5, 16GB, $800)",-0.78271484375,-0.61083984375
1,"ASUS VivoBook 15 (i3, 8GB, $450)","Dell Inspiron 16 (i7, 16GB, $1100)",-0.78271484375,-0.61083984375
1,"ASUS VivoBook 15 (i3, 8GB, $450)","HP Spectre x360 (Ryzen 7, 32GB, $1200)",-0.84375,-0.5625
1,"ASUS VivoBook 15 (i3, 8GB, $450)","Dell XPS 15 (i7, 32GB, $1500)",-0.80859375,-0.58984375
1,"ASUS VivoBook 15 (i3, 8GB, $450)","Lenovo ThinkPad X1 Carbon (Ryzen 7, 32GB, $1400)",-0.8173828125,-0.5830078125
1,"ASUS VivoBook 15 (i3, 8GB, $450)","Apple MacBook Air M3 (M3, 16GB, $1800)",-0.716796875,-0.669921875
1,"ASUS VivoBook 15 (i3, 8GB, $450)","Apple MacBook Pro 14-inch (M3, 32GB, $2220)",-0.7412109375,-0.6474609375
1,"ASUS VivoBook 15 (i3, 8GB, $450)","Apple MacBook Pro 16-inch (M3, 64GB, $2800)",-0.73291015625,-0.65478515625
1,"Lenovo IdeaPad 3 (i5, 8GB, $550)","ASUS VivoBook 15 (i3, 8GB, $450)",-0.88916015625,-0.52978515625
1,"Lenovo IdeaPad 3 (i5, 8GB, $550)","HP Pavilion 15 (Ryzen 5, 8GB, $600)",-0.85302734375,-0.55615234375
1,"Lenovo IdeaPad 3 (i5, 8GB, $550)","ASUS ZenBook 14 (i5, 16GB, $700)",-1.00390625,-0.456787109375
1,"Lenovo IdeaPad 3 (i5, 8GB, $550)","Lenovo ThinkPad E14 (Ryzen 5, 16GB, $800)",-0.9267578125,-0.5048828125
1,"Lenovo IdeaPad 3 (i5, 8GB, $550)","Dell Inspiron 16 (i7, 16GB, $1100)",-0.87109375,-0.54296875
1,"Lenovo IdeaPad 3 (i5, 8GB, $550)","HP Spectre x360 (Ryzen 7, 32GB, $1200)",-0.87109375,-0.54296875
1,"Lenovo IdeaPad 3 (i5, 8GB, $550)","Dell XPS 15 (i7, 32GB, $1500)",-0.9267578125,-0.5048828125
1,"Lenovo IdeaPad 3 (i5, 8GB, $550)","Lenovo ThinkPad X1 Carbon (Ryzen 7, 32GB, $1400)",-0.974609375,-0.474609375
1,"Lenovo IdeaPad 3 (i5, 8GB, $550)","Apple MacBook Air M3 (M3, 16GB, $1800)",-0.79150390625,-0.60400390625
1,"Lenovo IdeaPad 3 (i5, 8GB, $550)","Apple MacBook Pro 14-inch (M3, 32GB, $2220)",-0.80029296875,-0.59716796875
1,"Lenovo IdeaPad 3 (i5, 8GB, $550)","Apple MacBook Pro 16-inch (M3, 64GB, $2800)",-0.79150390625,-0.60400390625
1,"HP Pavilion 15 (Ryzen 5, 8GB, $600)","ASUS VivoBook 15 (i3, 8GB, $450)",-0.826171875,-0.576171875
1,"HP Pavilion 15 (Ryzen 5, 8GB, $600)","Lenovo IdeaPad 3 (i5, 8GB, $550)",-0.81787109375,-0.58349609375
1,"HP Pavilion 15 (Ryzen 5, 8GB, $600)","ASUS ZenBook 14 (i5, 16GB, $700)",-1.013671875,-0.450927734375
1,"HP Pavilion 15 (Ryzen 5, 8GB, $600)","Lenovo ThinkPad E14 (Ryzen 5, 16GB, $800)",-0.8798828125,-0.5361328125
1,"HP Pavilion 15 (Ryzen 5, 8GB, $600)","Dell Inspiron 16 (i7, 16GB, $1100)",-0.888671875,-0.529296875
1,"HP Pavilion 15 (Ryzen 5, 8GB, $600)","HP Spectre x360 (Ryzen 7, 32GB, $1200)",-1.0439453125,-0.434326171875
1,"HP Pavilion 15 (Ryzen 5, 8GB, $600)","Dell XPS 15 (i7, 32GB, $1500)",-0.9169921875,-0.5107421875
1,"HP Pavilion 15 (Ryzen 5, 8GB, $600)","Lenovo ThinkPad X1 Carbon (Ryzen 7, 32GB, $1400)",-0.92626953125,-0.50439453125
1,"HP Pavilion 15 (Ryzen 5, 8GB, $600)","Apple MacBook Air M3 (M3, 16GB, $1800)",-0.80859375,-0.58984375
1,"HP Pavilion 15 (Ryzen 5, 8GB, $600)","Apple MacBook Pro 14-inch (M3, 32GB, $2220)",-0.80859375,-0.58984375
1,"HP Pavilion 15 (Ryzen 5, 8GB, $600)","Apple MacBook Pro 16-inch (M3, 64GB, $2800)",-0.7998046875,-0.5966796875
1,"ASUS ZenBook 14 (i5, 16GB, $700)","ASUS VivoBook 15 (i3, 8GB, $450)",-0.76611328125,-0.62548828125
1,"ASUS ZenBook 14 (i5, 16GB, $700)","Lenovo IdeaPad 3 (i5, 8GB, $550)",-0.701171875,-0.685546875
1,"ASUS ZenBook 14 (i5, 16GB, $700)","HP Pavilion 15 (Ryzen 5, 8GB, $600)",-0.7744140625,-0.6181640625
1,"ASUS ZenBook 14 (i5, 16GB, $700)","Lenovo ThinkPad E14 (Ryzen 5, 16GB, $800)",-0.7998046875,-0.5966796875
1,"ASUS ZenBook 14 (i5, 16GB, $700)","Dell Inspiron 16 (i7, 16GB, $1100)",-0.78271484375,-0.61083984375
1,"ASUS ZenBook 14 (i5, 16GB, $700)","HP Spectre x360 (Ryzen 7, 32GB, $1200)",-0.88916015625,-0.52978515625
1,"ASUS ZenBook 14 (i5, 16GB, $700)","Dell XPS 15 (i7, 32GB, $1500)",-0.826171875,-0.576171875
1,"ASUS ZenBook 14 (i5, 16GB, $700)","Lenovo ThinkPad X1 Carbon (Ryzen 7, 32GB, $1400)",-0.8349609375,-0.5693359375
1,"ASUS ZenBook 14 (i5, 16GB, $700)","Apple MacBook Air M3 (M3, 16GB, $1800)",-0.7412109375,-0.6474609375
1,"ASUS ZenBook 14 (i5, 16GB, $700)","Apple MacBook Pro 14-inch (M3, 32GB, $2220)",-0.74951171875,-0.64013671875
1,"ASUS ZenBook 14 (i5, 16GB, $700)","Apple MacBook Pro 16-inch (M3, 64GB, $2800)",-0.73291015625,-0.65478515625
1,"Lenovo ThinkPad E14 (Ryzen 5, 16GB, $800)","ASUS VivoBook 15 (i3, 8GB, $450)",-0.64013671875,-0.74951171875
1,"Lenovo ThinkPad E14 (Ryzen 5, 16GB, $800)","Lenovo IdeaPad 3 (i5, 8GB, $550)",-0.6787109375,-0.7099609375
1,"Lenovo ThinkPad E14 (Ryzen 5, 16GB, $800)","HP Pavilion 15 (Ryzen 5, 8GB, $600)",-0.685546875,-0.701171875
1,"Lenovo ThinkPad E14 (Ryzen 5, 16GB, $800)","ASUS ZenBook 14 (i5, 16GB, $700)",-0.826171875,-0.576171875
1,"Lenovo ThinkPad E14 (Ryzen 5, 16GB, $800)","Dell Inspiron 16 (i7, 16GB, $1100)",-0.74951171875,-0.64013671875
1,"Lenovo ThinkPad E14 (Ryzen 5, 16GB, $800)","HP Spectre x360 (Ryzen 7, 32GB, $1200)",-0.716796875,-0.669921875
1,"Lenovo ThinkPad E14 (Ryzen 5, 16GB, $800)","Dell XPS 15 (i7, 32GB, $1500)",-0.7744140625,-0.6181640625
1,"Lenovo ThinkPad E14 (Ryzen 5, 16GB, $800)","Lenovo ThinkPad X1 Carbon (Ryzen 7, 32GB, $1400)",-0.7998046875,-0.5966796875
1,"Lenovo ThinkPad E14 (Ryzen 5, 16GB, $800)","Apple MacBook Air M3 (M3, 16GB, $1800)",-0.669921875,-0.716796875
1,"Lenovo ThinkPad E14 (Ryzen 5, 16GB, $800)","Apple MacBook Pro 14-inch (M3, 32GB, $2220)",-0.6474609375,-0.7412109375
1,"Lenovo ThinkPad E14 (Ryzen 5, 16GB, $800)","Apple MacBook Pro 16-inch (M3, 64GB, $2800)",-0.6474609375,-0.7412109375
1,"Dell Inspiron 16 (i7, 16GB, $1100)","ASUS VivoBook 15 (i3, 8GB, $450)",-0.76611328125,-0.62548828125
1,"Dell Inspiron 16 (i7, 16GB, $1100)","Lenovo IdeaPad 3 (i5, 8GB, $550)",-0.7412109375,-0.6474609375
1,"Dell Inspiron 16 (i7, 16GB, $1100)","HP Pavilion 15 (Ryzen 5, 8GB, $600)",-0.7744140625,-0.6181640625
1,"Dell Inspiron 16 (i7, 16GB, $1100)","ASUS ZenBook 14 (i5, 16GB, $700)",-0.92626953125,-0.50439453125
1,"Dell Inspiron 16 (i7, 16GB, $1100)","Lenovo ThinkPad E14 (Ryzen 5, 16GB, $800)",-0.8173828125,-0.5830078125
1,"Dell Inspiron 16 (i7, 16GB, $1100)","HP Spectre x360 (Ryzen 7, 32GB, $1200)",-0.92626953125,-0.50439453125
1,"Dell Inspiron 16 (i7, 16GB, $1100)","Dell XPS 15 (i7, 32GB, $1500)",-0.97412109375,-0.47412109375
1,"Dell Inspiron 16 (i7, 16GB, $1100)","Lenovo ThinkPad X1 Carbon (Ryzen 7, 32GB, $1400)",-0.9169921875,-0.5107421875
1,"Dell Inspiron 16 (i7, 16GB, $1100)","Apple MacBook Air M3 (M3, 16GB, $1800)",-0.8349609375,-0.5693359375
1,"Dell Inspiron 16 (i7, 16GB, $1100)","Apple MacBook Pro 14-inch (M3, 32GB, $2220)",-0.8173828125,-0.5830078125
1,"Dell Inspiron 16 (i7, 16GB, $1100)","Apple MacBook Pro 16-inch (M3, 64GB, $2800)",-0.8173828125,-0.5830078125
1,"HP Spectre x360 (Ryzen 7, 32GB, $1200)","ASUS VivoBook 15 (i3, 8GB, $450)",-0.64013671875,-0.74951171875
1,"HP Spectre x360 (Ryzen 7, 32GB, $1200)","Lenovo IdeaPad 3 (i5, 8GB, $550)",-0.611328125,-0.783203125
1,"HP Spectre x360 (Ryzen 7, 32GB, $1200)","HP Pavilion 15 (Ryzen 5, 8GB, $600)",-0.708984375,-0.677734375
1,"HP Spectre x360 (Ryzen 7, 32GB, $1200)","ASUS ZenBook 14 (i5, 16GB, $700)",-0.76611328125,-0.62548828125
1,"HP Spectre x360 (Ryzen 7, 32GB, $1200)","Lenovo ThinkPad E14 (Ryzen 5, 16GB, $800)",-0.65478515625,-0.73291015625
1,"HP Spectre x360 (Ryzen 7, 32GB, $1200)","Dell Inspiron 16 (i7, 16GB, $1100)",-0.72509765625,-0.66259765625
1,"HP Spectre x360 (Ryzen 7, 32GB, $1200)","Dell XPS 15 (i7, 32GB, $1500)",-0.8173828125,-0.5830078125
1,"HP Spectre x360 (Ryzen 7, 32GB, $1200)","Lenovo ThinkPad X1 Carbon (Ryzen 7, 32GB, $1400)",-0.7578125,-0.6328125
1,"HP Spectre x360 (Ryzen 7, 32GB, $1200)","Apple MacBook Air M3 (M3, 16GB, $1800)",-0.73291015625,-0.65478515625
1,"HP Spectre x360 (Ryzen 7, 32GB, $1200)","Apple MacBook Pro 14-inch (M3, 32GB, $2220)",-0.74951171875,-0.64013671875
1,"HP Spectre x360 (Ryzen 7, 32GB, $1200)","Apple MacBook Pro 16-inch (M3, 64GB, $2800)",-0.72509765625,-0.66259765625
1,"Dell XPS 15 (i7, 32GB, $1500)","ASUS VivoBook 15 (i3, 8GB, $450)",-0.701171875,-0.685546875
1,"Dell XPS 15 (i7, 32GB, $1500)","Lenovo IdeaPad 3 (i5, 8GB, $550)",-0.67041015625,-0.71728515625
1,"Dell XPS 15 (i7, 32GB, $1500)","HP Pavilion 15 (Ryzen 5, 8GB, $600)",-0.701171875,-0.685546875
1,"Dell XPS 15 (i7, 32GB, $1500)","ASUS ZenBook 14 (i5, 16GB, $700)",-0.7998046875,-0.5966796875
1,"Dell XPS 15 (i7, 32GB, $1500)","Lenovo ThinkPad E14 (Ryzen 5, 16GB, $800)",-0.716796875,-0.669921875
1,"Dell XPS 15 (i7, 32GB, $1500)","Dell Inspiron 16 (i7, 16GB, $1100)",-0.76611328125,-0.62548828125
1,"Dell XPS 15 (i7, 32GB, $1500)","HP Spectre x360 (Ryzen 7, 32GB, $1200)",-0.72509765625,-0.66259765625
1,"Dell XPS 15 (i7, 32GB, $1500)","Lenovo ThinkPad X1 Carbon (Ryzen 7, 32GB, $1400)",-0.78271484375,-0.61083984375
1,"Dell XPS 15 (i7, 32GB, $1500)","Apple MacBook Air M3 (M3, 16GB, $1800)",-0.701171875,-0.685546875
1,"Dell XPS 15 (i7, 32GB, $1500)","Apple MacBook Pro 14-inch (M3, 32GB, $2220)",-0.74951171875,-0.64013671875
1,"Dell XPS 15 (i7, 32GB, $1500)","Apple MacBook Pro 16-inch (M3, 64GB, $2800)",-0.7412109375,-0.6474609375
1,"Lenovo ThinkPad X1 Carbon (Ryzen 7, 32GB, $1400)","ASUS VivoBook 15 (i3, 8GB, $450)",-0.5625,-0.84375
1,"Lenovo ThinkPad X1 Carbon (Ryzen 7, 32GB, $1400)","Lenovo IdeaPad 3 (i5, 8GB, $550)",-0.5693359375,-0.8349609375
1,"Lenovo ThinkPad X1 Carbon (Ryzen 7, 32GB, $1400)","HP Pavilion 15 (Ryzen 5, 8GB, $600)",-0.58984375,-0.80859375
1,"Lenovo ThinkPad X1 Carbon (Ryzen 7, 32GB, $1400)","ASUS ZenBook 14 (i5, 16GB, $700)",-0.685546875,-0.701171875
1,"Lenovo ThinkPad X1 Carbon (Ryzen 7, 32GB, $1400)","Lenovo ThinkPad E14 (Ryzen 5, 16GB, $800)",-0.62548828125,-0.76611328125
1,"Lenovo ThinkPad X1 Carbon (Ryzen 7, 32GB, $1400)","Dell Inspiron 16 (i7, 16GB, $1100)",-0.64013671875,-0.74951171875
1,"Lenovo ThinkPad X1 Carbon (Ryzen 7, 32GB, $1400)","HP Spectre x360 (Ryzen 7, 32GB, $1200)",-0.61083984375,-0.78271484375
1,"Lenovo ThinkPad X1 Carbon (Ryzen 7, 32GB, $1400)","Dell XPS 15 (i7, 32GB, $1500)",-0.72509765625,-0.66259765625
1,"Lenovo ThinkPad X1 Carbon (Ryzen 7, 32GB, $1400)","Apple MacBook Air M3 (M3, 16GB, $1800)",-0.61083984375,-0.78271484375
1,"Lenovo ThinkPad X1 Carbon (Ryzen 7, 32GB, $1400)","Apple MacBook Pro 14-inch (M3, 32GB, $2220)",-0.62548828125,-0.76611328125
1,"Lenovo ThinkPad X1 Carbon (Ryzen 7, 32GB, $1400)","Apple MacBook Pro 16-inch (M3, 64GB, $2800)",-0.60400390625,-0.79150390625
1,"Apple MacBook Air M3 (M3, 16GB, $1800)","ASUS VivoBook 15 (i3, 8GB, $450)",-0.61083984375,-0.78271484375
1,"Apple MacBook Air M3 (M3, 16GB, $1800)","Lenovo IdeaPad 3 (i5, 8GB, $550)",-0.5830078125,-0.8173828125
1,"Apple MacBook Air M3 (M3, 16GB, $1800)","HP Pavilion 15 (Ryzen 5, 8GB, $600)",-0.58984375,-0.80859375
1,"Apple MacBook Air M3 (M3, 16GB, $1800)","ASUS ZenBook 14 (i5, 16GB, $700)",-0.708984375,-0.677734375
1,"Apple MacBook Air M3 (M3, 16GB, $1800)","Lenovo ThinkPad E14 (Ryzen 5, 16GB, $800)",-0.6328125,-0.7578125
1,"Apple MacBook Air M3 (M3, 16GB, $1800)","Dell Inspiron 16 (i7, 16GB, $1100)",-0.65478515625,-0.73291015625
1,"Apple MacBook Air M3 (M3, 16GB, $1800)","HP Spectre x360 (Ryzen 7, 32GB, $1200)",-0.65478515625,-0.73291015625
1,"Apple MacBook Air M3 (M3, 16GB, $1800)","Dell XPS 15 (i7, 32GB, $1500)",-0.685546875,-0.701171875
1,"Apple MacBook Air M3 (M3, 16GB, $1800)","Lenovo ThinkPad X1 Carbon (Ryzen 7, 32GB, $1400)",-0.685546875,-0.701171875
1,"Apple MacBook Air M3 (M3, 16GB, $1800)","Apple MacBook Pro 14-inch (M3, 32GB, $2220)",-0.84375,-0.5625
1,"Apple MacBook Air M3 (M3, 16GB, $1800)","Apple MacBook Pro 16-inch (M3, 64GB, $2800)",-0.8173828125,-0.5830078125
1,"Apple MacBook Pro 14-inch (M3, 32GB, $2220)","ASUS VivoBook 15 (i3, 8GB, $450)",-0.50439453125,-0.92626953125
1,"Apple MacBook Pro 14-inch (M3, 32GB, $2220)","Lenovo IdeaPad 3 (i5, 8GB, $550)",-0.456787109375,-1.00390625
1,"Apple MacBook Pro 14-inch (M3, 32GB, $2220)","HP Pavilion 15 (Ryzen 5, 8GB, $600)",-0.5361328125,-0.8798828125
1,"Apple MacBook Pro 14-inch (M3, 32GB, $2220)","ASUS ZenBook 14 (i5, 16GB, $700)",-0.61083984375,-0.78271484375
1,"Apple MacBook Pro 14-inch (M3, 32GB, $2220)","Lenovo ThinkPad E14 (Ryzen 5, 16GB, $800)",-0.529296875,-0.888671875
1,"Apple MacBook Pro 14-inch (M3, 32GB, $2220)","Dell Inspiron 16 (i7, 16GB, $1100)",-0.5625,-0.84375
1,"Apple MacBook Pro 14-inch (M3, 32GB, $2220)","HP Spectre x360 (Ryzen 7, 32GB, $1200)",-0.5556640625,-0.8525390625
1,"Apple MacBook Pro 14-inch (M3, 32GB, $2220)","Dell XPS 15 (i7, 32GB, $1500)",-0.6328125,-0.7578125
1,"Apple MacBook Pro 14-inch (M3, 32GB, $2220)","Lenovo ThinkPad X1 Carbon (Ryzen 7, 32GB, $1400)",-0.60400390625,-0.79150390625
1,"Apple MacBook Pro 14-inch (M3, 32GB, $2220)","Apple MacBook Air M3 (M3, 16GB, $1800)",-0.6474609375,-0.7412109375
1,"Apple MacBook Pro 14-inch (M3, 32GB, $2220)","Apple MacBook Pro 16-inch (M3, 64GB, $2800)",-0.7412109375,-0.6474609375
1,"Apple MacBook Pro 16-inch (M3, 64GB, $2800)","ASUS VivoBook 15 (i3, 8GB, $450)",-0.5166015625,-0.9072265625
1,"Apple MacBook Pro 16-inch (M3, 64GB, $2800)","Lenovo IdeaPad 3 (i5, 8GB, $550)",-0.4921875,-0.9453125
1,"Apple MacBook Pro 16-inch (M3, 64GB, $2800)","HP Pavilion 15 (Ryzen 5, 8GB, $600)",-0.54248046875,-0.87060546875
1,"Apple MacBook Pro 16-inch (M3, 64GB, $2800)","ASUS ZenBook 14 (i5, 16GB, $700)",-0.65478515625,-0.73291015625
1,"Apple MacBook Pro 16-inch (M3, 64GB, $2800)","Lenovo ThinkPad E14 (Ryzen 5, 16GB, $800)",-0.5625,-0.84375
1,"Apple MacBook Pro 16-inch (M3, 64GB, $2800)","Dell Inspiron 16 (i7, 16GB, $1100)",-0.58984375,-0.80859375
1,"Apple MacBook Pro 16-inch (M3, 64GB, $2800)","HP Spectre x360 (Ryzen 7, 32GB, $1200)",-0.576171875,-0.826171875
1,"Apple MacBook Pro 16-inch (M3, 64GB, $2800)","Dell XPS 15 (i7, 32GB, $1500)",-0.64013671875,-0.74951171875
1,"Apple MacBook Pro 16-inch (M3, 64GB, $2800)","Lenovo ThinkPad X1 Carbon (Ryzen 7, 32GB, $1400)",-0.62548828125,-0.76611328125
1,"Apple MacBook Pro 16-inch (M3, 64GB, $2800)","Apple MacBook Air M3 (M3, 16GB, $1800)",-0.716796875,-0.669921875
1,"Apple MacBook Pro 16-inch (M3, 64GB, $2800)","Apple MacBook Pro 14-inch (M3, 32GB, $2220)",-0.73291015625,-0.65478515625
2,"ASUS VivoBook 15 (i3, 8GB, $450)","Lenovo IdeaPad 3 (i5, 8GB, $550)",-1.291015625,-0.322021484375
2,"ASUS VivoBook 15 (i3, 8GB, $450)","HP Pavilion 15 (Ryzen 5, 8GB, $600)",-1.3251953125,-0.30908203125
2,"ASUS VivoBook 15 (i3, 8GB, $450)","ASUS ZenBook 14 (i5, 16GB, $700)",-1.650390625,-0.213134765625
2,"ASUS VivoBook 15 (i3, 8GB, $450)","Lenovo ThinkPad E14 (Ryzen 5, 16GB, $800)",-1.234375,-0.343994140625
2,"ASUS VivoBook 15 (i3, 8GB, $450)","Dell Inspiron 16 (i7, 16GB, $1100)",-1.3017578125,-0.317626953125
2,"ASUS VivoBook 15 (i3, 8GB, $450)","HP Spectre x360 (Ryzen 7, 32GB, $1200)",-1.3359375,-0.304931640625
2,"ASUS VivoBook 15 (i3, 8GB, $450)","Dell XPS 15 (i7, 32GB, $1500)",-1.291015625,-0.32177734375
2,"ASUS VivoBook 15 (i3, 8GB, $450)","Lenovo ThinkPad X1 Carbon (Ryzen 7, 32GB, $1400)",-1.279296875,-0.326171875
2,"ASUS VivoBook 15 (i3, 8GB, $450)","Apple MacBook Air M3 (M3, 16GB, $1800)",-1.1904296875,-0.362548828125
2,"ASUS VivoBook 15 (i3, 8GB, $450)","Apple MacBook Pro 14-inch (M3, 32GB, $2220)",-1.1474609375,-0.382080078125
2,"ASUS VivoBook 15 (i3, 8GB, $450)","Apple MacBook Pro 16-inch (M3, 64GB, $2800)",-1.10546875,-0.402099609375
2,"Lenovo IdeaPad 3 (i5, 8GB, $550)","ASUS VivoBook 15 (i3, 8GB, $450)",-1.34765625,-0.30126953125
2,"Lenovo IdeaPad 3 (i5, 8GB, $550)","HP Pavilion 15 (Ryzen 5, 8GB, $600)",-1.24609375,-0.340087890625
2,"Lenovo IdeaPad 3 (i5, 8GB, $550)","ASUS ZenBook 14 (i5, 16GB, $700)",-1.6005859375,-0.225830078125
2,"Lenovo IdeaPad 3 (i5, 8GB, $550)","Lenovo ThinkPad E14 (Ryzen 5, 16GB, $800)",-1.3486328125,-0.302001953125
2,"Lenovo IdeaPad 3 (i5, 8GB, $550)","Dell Inspiron 16 (i7, 16GB, $1100)",-1.3251953125,-0.309814453125
2,"Lenovo IdeaPad 3 (i5, 8GB, $550)","HP Spectre x360 (Ryzen 7, 32GB, $1200)",-1.2353515625,-0.3447265625
2,"Lenovo IdeaPad 3 (i5, 8GB, $550)","Dell XPS 15 (i7, 32GB, $1500)",-1.3369140625,-0.305908203125
2,"Lenovo IdeaPad 3 (i5, 8GB, $550)","Lenovo ThinkPad X1 Carbon (Ryzen 7, 32GB, $1400)",-1.3955078125,-0.286376953125
2,"Lenovo IdeaPad 3 (i5, 8GB, $550)","Apple MacBook Air M3 (M3, 16GB, $1800)",-1.1484375,-0.38232421875
2,"Lenovo IdeaPad 3 (i5, 8GB, $550)","Apple MacBook Pro 14-inch (M3, 32GB, $2220)",-1.0751953125,-0.418701171875
2,"Lenovo IdeaPad 3 (i5, 8GB, $550)","Apple MacBook Pro 16-inch (M3, 64GB, $2800)",-1.0546875,-0.429443359375
2,"HP Pavilion 15 (Ryzen 5, 8GB, $600)","ASUS VivoBook 15 (i3, 8GB, $450)",-1.37109375,-0.29296875
2,"HP Pavilion 15 (Ryzen 5, 8GB, $600)","Lenovo IdeaPad 3 (i5, 8GB, $550)",-1.3388671875,-0.3076171875
2,"HP Pavilion 15 (Ryzen 5, 8GB, $600)","ASUS ZenBook 14 (i5, 16GB, $700)",-1.701171875,-0.201416015625
2,"HP Pavilion 15 (Ryzen 5, 8GB, $600)","Lenovo ThinkPad E14 (Ryzen 5, 16GB, $800)",-1.37109375,-0.29296875
2,"HP Pavilion 15 (Ryzen 5, 8GB, $600)","Dell Inspiron 16 (i7, 16GB, $1100)",-1.40625,-0.28125
2,"HP Pavilion 15 (Ryzen 5, 8GB, $600)","HP Spectre x360 (Ryzen 7, 32GB, $1200)",-1.67578125,-0.2073974609375
2,"HP Pavilion 15 (Ryzen 5, 8GB, $600)","Dell XPS 15 (i7, 32GB, $1500)",-1.41796875,-0.27734375
2,"HP Pavilion 15 (Ryzen 5, 8GB, $600)","Lenovo ThinkPad X1 Carbon (Ryzen 7, 32GB, $1400)",-1.4296875,-0.273681640625
2,"HP Pavilion 15 (Ryzen 5, 8GB, $600)","Apple MacBook Air M3 (M3, 16GB, $1800)",-1.24609375,-0.33935546875
2,"HP Pavilion 15 (Ryzen 5, 8GB, $600)","Apple MacBook Pro 14-inch (M3, 32GB, $2220)",-1.201171875,-0.35791015625
2,"HP Pavilion 15 (Ryzen 5, 8GB, $600)","Apple MacBook Pro 16-inch (M3, 64GB, $2800)",-1.1796875,-0.3671875
2,"ASUS ZenBook 14 (i5, 16GB, $700)","ASUS VivoBook 15 (i3, 8GB, $450)",-1.3017578125,-0.317626953125
2,"ASUS ZenBook 14 (i5, 16GB, $700)","Lenovo IdeaPad 3 (i5, 8GB, $550)",-1.2802734375,-0.326904296875
2,"ASUS ZenBook 14 (i5, 16GB, $700)","HP Pavilion 15 (Ryzen 5, 8GB, $600)",-1.291015625,-0.32177734375
2,"ASUS ZenBook 14 (i5, 16GB, $700)","Lenovo ThinkPad E14 (Ryzen 5, 16GB, $800)",-1.3359375,-0.304931640625
2,"ASUS ZenBook 14 (i5, 16GB, $700)","Dell Inspiron 16 (i7, 16GB, $1100)",-1.37109375,-0.29296875
2,"ASUS ZenBook 14 (i5, 16GB, $700)","HP Spectre x360 (Ryzen 7, 32GB, $1200)",-1.4658203125,-0.2626953125
2,"ASUS ZenBook 14 (i5, 16GB, $700)","Dell XPS 15 (i7, 32GB, $1500)",-1.34765625,-0.301025390625
2,"ASUS ZenBook 14 (i5, 16GB, $700)","Lenovo ThinkPad X1 Carbon (Ryzen 7, 32GB, $1400)",-1.34765625,-0.301025390625
2,"ASUS ZenBook 14 (i5, 16GB, $700)","Apple MacBook Air M3 (M3, 16GB, $1800)",-1.2568359375,-0.3349609375
2,"ASUS ZenBook 14 (i5, 16GB, $700)","Apple MacBook Pro 14-inch (M3, 32GB, $2220)",-1.158203125,-0.376953125
2,"ASUS ZenBook 14 (i5, 16GB, $700)","Apple MacBook Pro 16-inch (M3, 64GB, $2800)",-1.1259765625,-0.39208984375
2,"Lenovo ThinkPad E14 (Ryzen 5, 16GB, $800)","ASUS VivoBook 15 (i3, 8GB, $450)",-1.07421875,-0.41796875
2,"Lenovo ThinkPad E14 (Ryzen 5, 16GB, $800)","Lenovo IdeaPad 3 (i5, 8GB, $550)",-1.1611328125,-0.379638671875
2,"Lenovo ThinkPad E14 (Ryzen 5, 16GB, $800)","HP Pavilion 15 (Ryzen 5, 8GB, $600)",-1.1162109375,-0.39697265625
2,"Lenovo ThinkPad E14 (Ryzen 5, 16GB, $800)","ASUS ZenBook 14 (i5, 16GB, $700)",-1.41796875,-0.27734375
2,"Lenovo ThinkPad E14 (Ryzen 5, 16GB, $800)","Dell Inspiron 16 (i7, 16GB, $1100)",-1.212890625,-0.35302734375
2,"Lenovo ThinkPad E14 (Ryzen 5, 16GB, $800)","HP Spectre x360 (Ryzen 7, 32GB, $1200)",-1.10546875,-0.40234375
2,"Lenovo ThinkPad E14 (Ryzen 5, 16GB, $800)","Dell XPS 15 (i7, 32GB, $1500)",-1.1796875,-0.367431640625
2,"Lenovo ThinkPad E14 (Ryzen 5, 16GB, $800)","Lenovo ThinkPad X1 Carbon (Ryzen 7, 32GB, $1400)",-1.1796875,-0.367431640625
2,"Lenovo ThinkPad E14 (Ryzen 5, 16GB, $800)","Apple MacBook Air M3 (M3, 16GB, $1800)",-1.00390625,-0.456787109375
2,"Lenovo ThinkPad E14 (Ryzen 5, 16GB, $800)","Apple MacBook Pro 14-inch (M3, 32GB, $2220)",-0.90771484375,-0.51708984375
2,"Lenovo ThinkPad E14 (Ryzen 5, 16GB, $800)","Apple MacBook Pro 16-inch (M3, 64GB, $2800)",-0.8984375,-0.5234375
2,"Dell Inspiron 16 (i7, 16GB, $1100)","ASUS VivoBook 15 (i3, 8GB, $450)",-1.37109375,-0.29296875
2,"Dell Inspiron 16 (i7, 16GB, $1100)","Lenovo IdeaPad 3 (i5, 8GB, $550)",-1.2919921875,-0.3232421875
2,"Dell Inspiron 16 (i7, 16GB, $1100)","HP Pavilion 15 (Ryzen 5, 8GB, $600)",-1.2568359375,-0.3349609375
2,"Dell Inspiron 16 (i7, 16GB, $1100)","ASUS ZenBook 14 (i5, 16GB, $700)",-1.6884765625,-0.204345703125
2,"Dell Inspiron 16 (i7, 16GB, $1100)","Lenovo ThinkPad E14 (Ryzen 5, 16GB, $800)",-1.3251953125,-0.30908203125
2,"Dell Inspiron 16 (i7, 16GB, $1100)","HP Spectre x360 (Ryzen 7, 32GB, $1200)",-1.5146484375,-0.2486572265625
2,"Dell Inspiron 16 (i7, 16GB, $1100)","Dell XPS 15 (i7, 32GB, $1500)",-1.6630859375,-0.210205078125
2,"Dell Inspiron 16 (i7, 16GB, $1100)","Lenovo ThinkPad X1 Carbon (Ryzen 7, 32GB, $1400)",-1.4541015625,-0.266357421875
2,"Dell Inspiron 16 (i7, 16GB, $1100)","Apple MacBook Air M3 (M3, 16GB, $1800)",-1.3828125,-0.2890625
2,"Dell Inspiron 16 (i7, 16GB, $1100)","Apple MacBook Pro 14-inch (M3, 32GB, $2220)",-1.267578125,-0.33056640625
2,"Dell Inspiron 16 (i7, 16GB, $1100)","Apple MacBook Pro 16-inch (M3, 64GB, $2800)",-1.279296875,-0.326171875
2,"HP Spectre x360 (Ryzen 7, 32GB, $1200)","ASUS VivoBook 15 (i3, 8GB, $450)",-1.00390625,-0.456787109375
2,"HP Spectre x360 (Ryzen 7, 32GB, $1200)","Lenovo IdeaPad 3 (i5, 8GB, $550)",-0.9560546875,-0.487548828125
2,"HP Spectre x360 (Ryzen 7, 32GB, $1200)","HP Pavilion 15 (Ryzen 5, 8GB, $600)",-1.064453125,-0.423583984375
2,"HP Spectre x360 (Ryzen 7, 32GB, $1200)","ASUS ZenBook 14 (i5, 16GB, $700)",-1.2236328125,-0.3486328125
2,"HP Spectre x360 (Ryzen 7, 32GB, $1200)","Lenovo ThinkPad E14 (Ryzen 5, 16GB, $800)",-1.0234375,-0.445556640625
2,"HP Spectre x360 (Ryzen 7, 32GB, $1200)","Dell Inspiron 16 (i7, 16GB, $1100)",-1.1796875,-0.367431640625
2,"HP Spectre x360 (Ryzen 7, 32GB, $1200)","Dell XPS 15 (i7, 32GB, $1500)",-1.2568359375,-0.335205078125
2,"HP Spectre x360 (Ryzen 7, 32GB, $1200)","Lenovo ThinkPad X1 Carbon (Ryzen 7, 32GB, $1400)",-1.212890625,-0.353271484375
2,"HP Spectre x360 (Ryzen 7, 32GB, $1200)","Apple MacBook Air M3 (M3, 16GB, $1800)",-1.07421875,-0.418212890625
2,"HP Spectre x360 (Ryzen 7, 32GB, $1200)","Apple MacBook Pro 14-inch (M3, 32GB, $2220)",-1.0439453125,-0.434326171875
2,"HP Spectre x360 (Ryzen 7, 32GB, $1200)","Apple MacBook Pro 16-inch (M3, 64GB, $2800)",-0.99365234375,-0.462646484375
2,"Dell XPS 15 (i7, 32GB, $1500)","ASUS VivoBook 15 (i3, 8GB, $450)",-1.2236328125,-0.3486328125
2,"Dell XPS 15 (i7, 32GB, $1500)","Lenovo IdeaPad 3 (i5, 8GB, $550)",-1.1591796875,-0.3779296875
2,"Dell XPS 15 (i7, 32GB, $1500)","HP Pavilion 15 (Ryzen 5, 8GB, $600)",-1.158203125,-0.376953125
2,"Dell XPS 15 (i7, 32GB, $1500)","ASUS ZenBook 14 (i5, 16GB, $700)",-1.4296875,-0.273681640625
2,"Dell XPS 15 (i7, 32GB, $1500)","Lenovo ThinkPad E14 (Ryzen 5, 16GB, $800)",-1.1689453125,-0.372314453125
2,"Dell XPS 15 (i7, 32GB, $1500)","Dell Inspiron 16 (i7, 16GB, $1100)",-1.40625,-0.28125
2,"Dell XPS 15 (i7, 32GB, $1500)","HP Spectre x360 (Ryzen 7, 32GB, $1200)",-1.2236328125,-0.3486328125
2,"Dell XPS 15 (i7, 32GB, $1500)","Lenovo ThinkPad X1 Carbon (Ryzen 7, 32GB, $1400)",-1.291015625,-0.32177734375
2,"Dell XPS 15 (i7, 32GB, $1500)","Apple MacBook Air M3 (M3, 16GB, $1800)",-1.1689453125,-0.3720703125
2,"Dell XPS 15 (i7, 32GB, $1500)","Apple MacBook Pro 14-inch (M3, 32GB, $2220)",-1.1904296875,-0.362548828125
2,"Dell XPS 15 (i7, 32GB, $1500)","Apple MacBook Pro 16-inch (M3, 64GB, $2800)",-1.1474609375,-0.382080078125
2,"Lenovo ThinkPad X1 Carbon (Ryzen 7, 32GB, $1400)","ASUS VivoBook 15 (i3, 8GB, $450)",-0.9169921875,-0.5107421875
2,"Lenovo ThinkPad X1 Carbon (Ryzen 7, 32GB, $1400)","Lenovo IdeaPad 3 (i5, 8GB, $550)",-0.9755859375,-0.4755859375
2,"Lenovo ThinkPad X1 Carbon (Ryzen 7, 32GB, $1400)","HP Pavilion 15 (Ryzen 5, 8GB, $600)",-0.90771484375,-0.51708984375
2,"Lenovo ThinkPad X1 Carbon (Ryzen 7, 32GB, $1400)","ASUS ZenBook 14 (i5, 16GB, $700)",-1.1259765625,-0.39208984375
2,"Lenovo ThinkPad X1 Carbon (Ryzen 7, 32GB, $1400)","Lenovo ThinkPad E14 (Ryzen 5, 16GB, $800)",-0.97412109375,-0.47412109375
2,"Lenovo ThinkPad X1 Carbon (Ryzen 7, 32GB, $1400)","Dell Inspiron 16 (i7, 16GB, $1100)",-1.0439453125,-0.434326171875
2,"Lenovo ThinkPad X1 Carbon (Ryzen 7, 32GB, $1400)","HP Spectre x360 (Ryzen 7, 32GB, $1200)",-1.00390625,-0.456787109375
2,"Lenovo ThinkPad X1 Carbon (Ryzen 7, 32GB, $1400)","Dell XPS 15 (i7, 32GB, $1500)",-1.1162109375,-0.39697265625
2,"Lenovo ThinkPad X1 Carbon (Ryzen 7, 32GB, $1400)","Apple MacBook Air M3 (M3, 16GB, $1800)",-0.88916015625,-0.52978515625
2,"Lenovo ThinkPad X1 Carbon (Ryzen 7, 32GB, $1400)","Apple MacBook Pro 14-inch (M3, 32GB, $2220)",-0.86181640625,-0.54931640625
2,"Lenovo ThinkPad X1 Carbon (Ryzen 7, 32GB, $1400)","Apple MacBook Pro 16-inch (M3, 64GB, $2800)",-0.8173828125,-0.5830078125
2,"Apple MacBook Air M3 (M3, 16GB, $1800)","ASUS VivoBook 15 (i3, 8GB, $450)",-1.0849609375,-0.412841796875
2,"Apple MacBook Air M3 (M3, 16GB, $1800)","Lenovo IdeaPad 3 (i5, 8GB, $550)",-1.0146484375,-0.451904296875
2,"Apple MacBook Air M3 (M3, 16GB, $1800)","HP Pavilion 15 (Ryzen 5, 8GB, $600)",-0.96435546875,-0.480224609375
2,"Apple MacBook Air M3 (M3, 16GB, $1800)","ASUS ZenBook 14 (i5, 16GB, $700)",-1.3017578125,-0.317626953125
2,"Apple MacBook Air M3 (M3, 16GB, $1800)","Lenovo ThinkPad E14 (Ryzen 5, 16GB, $800)",-1.0234375,-0.445556640625
2,"Apple MacBook Air M3 (M3, 16GB, $1800)","Dell Inspiron 16 (i7, 16GB, $1100)",-1.1689453125,-0.372314453125
2,"Apple MacBook Air M3 (M3, 16GB, $1800)","HP Spectre x360 (Ryzen 7, 32GB, $1200)",-1.0537109375,-0.428955078125
2,"Apple MacBook Air M3 (M3, 16GB, $1800)","Dell XPS 15 (i7, 32GB, $1500)",-1.1689453125,-0.372314453125
2,"Apple MacBook Air M3 (M3, 16GB, $1800)","Lenovo ThinkPad X1 Carbon (Ryzen 7, 32GB, $1400)",-1.126953125,-0.39208984375
2,"Apple MacBook Air M3 (M3, 16GB, $1800)","Apple MacBook Pro 14-inch (M3, 32GB, $2220)",-1.37109375,-0.29296875
2,"Apple MacBook Air M3 (M3, 16GB, $1800)","Apple MacBook Pro 16-inch (M3, 64GB, $2800)",-1.3017578125,-0.317626953125
2,"Apple MacBook Pro 14-inch (M3, 32GB, $2220)","ASUS VivoBook 15 (i3, 8GB, $450)",-0.88916015625,-0.52978515625
2,"Apple MacBook Pro 14-inch (M3, 32GB, $2220)","Lenovo IdeaPad 3 (i5, 8GB, $550)",-0.83544921875,-0.56982421875
2,"Apple MacBook Pro 14-inch (M3, 32GB, $2220)","HP Pavilion 15 (Ryzen 5, 8GB, $600)",-0.8798828125,-0.5361328125
2,"Apple MacBook Pro 14-inch (M3, 32GB, $2220)","ASUS ZenBook 14 (i5, 16GB, $700)",-1.10546875,-0.402099609375
2,"Apple MacBook Pro 14-inch (M3, 32GB, $2220)","Lenovo ThinkPad E14 (Ryzen 5, 16GB, $800)",-0.88916015625,-0.52978515625
2,"Apple MacBook Pro 14-inch (M3, 32GB, $2220)","Dell Inspiron 16 (i7, 16GB, $1100)",-1.013671875,-0.450927734375
2,"Apple MacBook Pro 14-inch (M3, 32GB, $2220)","HP Spectre x360 (Ryzen 7, 32GB, $1200)",-0.96435546875,-0.480224609375
2,"Apple MacBook Pro 14-inch (M3, 32GB, $2220)","Dell XPS 15 (i7, 32GB, $1500)",-1.0849609375,-0.41259765625
2,"Apple MacBook Pro 14-inch (M3, 32GB, $2220)","Lenovo ThinkPad X1 Carbon (Ryzen 7, 32GB, $1400)",-1.0439453125,-0.434326171875
2,"Apple MacBook Pro 14-inch (M3, 32GB, $2220)","Apple MacBook Air M3 (M3, 16GB, $1800)",-1.13671875,-0.386962890625
2,"Apple MacBook Pro 14-inch (M3, 32GB, $2220)","Apple MacBook Pro 16-inch (M3, 64GB, $2800)",-1.1796875,-0.3671875
2,"Apple MacBook Pro 16-inch (M3, 64GB, $2800)","ASUS VivoBook 15 (i3, 8GB, $450)",-0.935546875,-0.498291015625
2,"Apple MacBook Pro 16-inch (M3, 64GB, $2800)","Lenovo IdeaPad 3 (i5, 8GB, $550)",-0.89013671875,-0.53076171875
2,"Apple MacBook Pro 16-inch (M3, 64GB, $2800)","HP Pavilion 15 (Ryzen 5, 8GB, $600)",-0.8984375,-0.5234375
2,"Apple MacBook Pro 16-inch (M3, 64GB, $2800)","ASUS ZenBook 14 (i5, 16GB, $700)",-1.201171875,-0.35791015625
2,"Apple MacBook Pro 16-inch (M3, 64GB, $2800)","Lenovo ThinkPad E14 (Ryzen 5, 16GB, $800)",-0.9453125,-0.4921875
2,"Apple MacBook Pro 16-inch (M3, 64GB, $2800)","Dell Inspiron 16 (i7, 16GB, $1100)",-1.0947265625,-0.407470703125
2,"Apple MacBook Pro 16-inch (M3, 64GB, $2800)","HP Spectre x360 (Ryzen 7, 32GB, $1200)",-0.98388671875,-0.46826171875
2,"Apple MacBook Pro 16-inch (M3, 64GB, $2800)","Dell XPS 15 (i7, 32GB, $1500)",-1.10546875,-0.40234375
2,"Apple MacBook Pro 16-inch (M3, 64GB, $2800)","Lenovo ThinkPad X1 Carbon (Ryzen 7, 32GB, $1400)",-1.07421875,-0.41796875
2,"Apple MacBook Pro 16-inch (M3, 64GB, $2800)","Apple MacBook Air M3 (M3, 16GB, $1800)",-1.279296875,-0.326171875
2,"Apple MacBook Pro 16-inch (M3, 64GB, $2800)","Apple MacBook Pro 14-inch (M3, 32GB, $2220)",-1.24609375,-0.33935546875
3,"ASUS VivoBook 15 (i3, 8GB, $450)","Lenovo IdeaPad 3 (i5, 8GB, $550)",-1.576171875,-0.2322998046875
3,"ASUS VivoBook 15 (i3, 8GB, $450)","HP Pavilion 15 (Ryzen 5, 8GB, $600)",-1.701171875,-0.201416015625
3,"ASUS VivoBook 15 (i3, 8GB, $450)","ASUS ZenBook 14 (i5, 16GB, $700)",-2.181640625,-0.1197509765625
3,"ASUS VivoBook 15 (i3, 8GB, $450)","Lenovo ThinkPad E14 (Ryzen 5, 16GB, $800)",-1.61328125,-0.222412109375
3,"ASUS VivoBook 15 (i3, 8GB, $450)","Dell Inspiron 16 (i7, 16GB, $1100)",-1.6376953125,-0.2161865234375
3,"ASUS VivoBook 15 (i3, 8GB, $450)","HP Spectre x360 (Ryzen 7, 32GB, $1200)",-1.84375,-0.1722412109375
3,"ASUS VivoBook 15 (i3, 8GB, $450)","Dell XPS 15 (i7, 32GB, $1500)",-1.7138671875,-0.1986083984375
3,"ASUS VivoBook 15 (i3, 8GB, $450)","Lenovo ThinkPad X1 Carbon (Ryzen 7, 32GB, $1400)",-1.701171875,-0.2015380859375
3,"ASUS VivoBook 15 (i3, 8GB, $450)","Apple MacBook Air M3 (M3, 16GB, $1800)",-1.61328125,-0.2222900390625
3,"ASUS VivoBook 15 (i3, 8GB, $450)","Apple MacBook Pro 14-inch (M3, 32GB, $2220)",-1.5751953125,-0.23193359375
3,"ASUS VivoBook 15 (i3, 8GB, $450)","Apple MacBook Pro 16-inch (M3, 64GB, $2800)",-1.5263671875,-0.2451171875
3,"Lenovo IdeaPad 3 (i5, 8GB, $550)","ASUS VivoBook 15 (i3, 8GB, $450)",-1.7666015625,-0.1881103515625
3,"Lenovo IdeaPad 3 (i5, 8GB, $550)","HP Pavilion 15 (Ryzen 5, 8GB, $600)",-1.638671875,-0.217041015625
3,"Lenovo IdeaPad 3 (i5, 8GB, $550)","ASUS ZenBook 14 (i5, 16GB, $700)",-2.154296875,-0.12384033203125
3,"Lenovo IdeaPad 3 (i5, 8GB, $550)","Lenovo ThinkPad E14 (Ryzen 5, 16GB, $800)",-1.8984375,-0.1641845703125
3,"Lenovo IdeaPad 3 (i5, 8GB, $550)","Dell Inspiron 16 (i7, 16GB, $1100)",-1.7412109375,-0.1939697265625
3,"Lenovo IdeaPad 3 (i5, 8GB, $550)","HP Spectre x360 (Ryzen 7, 32GB, $1200)",-1.8056640625,-0.180908203125
3,"Lenovo IdeaPad 3 (i5, 8GB, $550)","Dell XPS 15 (i7, 32GB, $1500)",-1.884765625,-0.166259765625
3,"Lenovo IdeaPad 3 (i5, 8GB, $550)","Lenovo ThinkPad X1 Carbon (Ryzen 7, 32GB, $1400)",-2.060546875,-0.13818359375
3,"Lenovo IdeaPad 3 (i5, 8GB, $550)","Apple MacBook Air M3 (M3, 16GB, $1800)",-1.638671875,-0.216796875
3,"Lenovo IdeaPad 3 (i5, 8GB, $550)","Apple MacBook Pro 14-inch (M3, 32GB, $2220)",-1.52734375,-0.2459716796875
3,"Lenovo IdeaPad 3 (i5, 8GB, $550)","Apple MacBook Pro 16-inch (M3, 64GB, $2800)",-1.466796875,-0.263427734375
3,"HP Pavilion 15 (Ryzen 5, 8GB, $600)","ASUS VivoBook 15 (i3, 8GB, $450)",-1.7529296875,-0.1903076171875
3,"HP Pavilion 15 (Ryzen 5, 8GB, $600)","Lenovo IdeaPad 3 (i5, 8GB, $550)",-1.66796875,-0.215087890625
3,"HP Pavilion 15 (Ryzen 5, 8GB, $600)","ASUS ZenBook 14 (i5, 16GB, $700)",-2.349609375,-0.10028076171875
3,"HP Pavilion 15 (Ryzen 5, 8GB, $600)","Lenovo ThinkPad E14 (Ryzen 5, 16GB, $800)",-1.765625,-0.187744140625
3,"HP Pavilion 15 (Ryzen 5, 8GB, $600)","Dell Inspiron 16 (i7, 16GB, $1100)",-1.857421875,-0.1697998046875
3,"HP Pavilion 15 (Ryzen 5, 8GB, $600)","HP Spectre x360 (Ryzen 7, 32GB, $1200)",-2.451171875,-0.0909423828125
3,"HP Pavilion 15 (Ryzen 5, 8GB, $600)","Dell XPS 15 (i7, 32GB, $1500)",-1.9638671875,-0.1513671875
3,"HP Pavilion 15 (Ryzen 5, 8GB, $600)","Lenovo ThinkPad X1 Carbon (Ryzen 7, 32GB, $1400)",-1.9375,-0.15576171875
3,"HP Pavilion 15 (Ryzen 5, 8GB, $600)","Apple MacBook Air M3 (M3, 16GB, $1800)",-1.8046875,-0.1798095703125
3,"HP Pavilion 15 (Ryzen 5, 8GB, $600)","Apple MacBook Pro 14-inch (M3, 32GB, $2220)",-1.7138671875,-0.19873046875
3,"HP Pavilion 15 (Ryzen 5, 8GB, $600)","Apple MacBook Pro 16-inch (M3, 64GB, $2800)",-1.701171875,-0.2015380859375
3,"ASUS ZenBook 14 (i5, 16GB, $700)","ASUS VivoBook 15 (i3, 8GB, $450)",-1.55078125,-0.2384033203125
3,"ASUS ZenBook 14 (i5, 16GB, $700)","Lenovo IdeaPad 3 (i5, 8GB, $550)",-1.466796875,-0.26416015625
3,"ASUS ZenBook 14 (i5, 16GB, $700)","HP Pavilion 15 (Ryzen 5, 8GB, $600)",-1.587890625,-0.2286376953125
3,"ASUS ZenBook 14 (i5, 16GB, $700)","Lenovo ThinkPad E14 (Ryzen 5, 16GB, $800)",-1.67578125,-0.207275390625
3,"ASUS ZenBook 14 (i5, 16GB, $700)","Dell Inspiron 16 (i7, 16GB, $1100)",-1.6884765625,-0.204345703125
3,"ASUS ZenBook 14 (i5, 16GB, $700)","HP Spectre x360 (Ryzen 7, 32GB, $1200)",-1.9775390625,-0.149169921875
3,"ASUS ZenBook 14 (i5, 16GB, $700)","Dell XPS 15 (i7, 32GB, $1500)",-1.765625,-0.187744140625
3,"ASUS ZenBook 14 (i5, 16GB, $700)","Lenovo ThinkPad X1 Carbon (Ryzen 7, 32GB, $1400)",-1.7529296875,-0.1904296875
3,"ASUS ZenBook 14 (i5, 16GB, $700)","Apple MacBook Air M3 (M3, 16GB, $1800)",-1.67578125,-0.207275390625
3,"ASUS ZenBook 14 (i5, 16GB, $700)","Apple MacBook Pro 14-inch (M3, 32GB, $2220)",-1.587890625,-0.2286376953125
3,"ASUS ZenBook 14 (i5, 16GB, $700)","Apple MacBook Pro 16-inch (M3, 64GB, $2800)",-1.55078125,-0.2384033203125
3,"Lenovo ThinkPad E14 (Ryzen 5, 16GB, $800)","ASUS VivoBook 15 (i3, 8GB, $450)",-1.34765625,-0.301025390625
3,"Lenovo ThinkPad E14 (Ryzen 5, 16GB, $800)","Lenovo IdeaPad 3 (i5, 8GB, $550)",-1.458984375,-0.271484375
3,"Lenovo ThinkPad E14 (Ryzen 5, 16GB, $800)","HP Pavilion 15 (Ryzen 5, 8GB, $600)",-1.37109375,-0.29296875
3,"Lenovo ThinkPad E14 (Ryzen 5, 16GB, $800)","ASUS ZenBook 14 (i5, 16GB, $700)",-1.8310546875,-0.1746826171875
3,"Lenovo ThinkPad E14 (Ryzen 5, 16GB, $800)","Dell Inspiron 16 (i7, 16GB, $1100)",-1.5390625,-0.24169921875
3,"Lenovo ThinkPad E14 (Ryzen 5, 16GB, $800)","HP Spectre x360 (Ryzen 7, 32GB, $1200)",-1.61328125,-0.2225341796875
3,"Lenovo ThinkPad E14 (Ryzen 5, 16GB, $800)","Dell XPS 15 (i7, 32GB, $1500)",-1.6005859375,-0.2255859375
3,"Lenovo ThinkPad E14 (Ryzen 5, 16GB, $800)","Lenovo ThinkPad X1 Carbon (Ryzen 7, 32GB, $1400)",-1.701171875,-0.2015380859375
3,"Lenovo ThinkPad E14 (Ryzen 5, 16GB, $800)","Apple MacBook Air M3 (M3, 16GB, $1800)",-1.4541015625,-0.266357421875
3,"Lenovo ThinkPad E14 (Ryzen 5, 16GB, $800)","Apple MacBook Pro 14-inch (M3, 32GB, $2220)",-1.291015625,-0.32177734375
3,"Lenovo ThinkPad E14 (Ryzen 5, 16GB, $800)","Apple MacBook Pro 16-inch (M3, 64GB, $2800)",-1.279296875,-0.326171875
3,"Dell Inspiron 16 (i7, 16GB, $1100)","ASUS VivoBook 15 (i3, 8GB, $450)",-1.6630859375,-0.210205078125
3,"Dell Inspiron 16 (i7, 16GB, $1100)","Lenovo IdeaPad 3 (i5, 8GB, $550)",-1.578125,-0.2344970703125
3,"Dell Inspiron 16 (i7, 16GB, $1100)","HP Pavilion 15 (Ryzen 5, 8GB, $600)",-1.6259765625,-0.21923828125
3,"Dell Inspiron 16 (i7, 16GB, $1100)","ASUS ZenBook 14 (i5, 16GB, $700)",-2.16796875,-0.12152099609375
3,"Dell Inspiron 16 (i7, 16GB, $1100)","Lenovo ThinkPad E14 (Ryzen 5, 16GB, $800)",-1.701171875,-0.2015380859375
3,"Dell Inspiron 16 (i7, 16GB, $1100)","HP Spectre x360 (Ryzen 7, 32GB, $1200)",-2.0859375,-0.1329345703125
3,"Dell Inspiron 16 (i7, 16GB, $1100)","Dell XPS 15 (i7, 32GB, $1500)",-2.251953125,-0.111328125
3,"Dell Inspiron 16 (i7, 16GB, $1100)","Lenovo ThinkPad X1 Carbon (Ryzen 7, 32GB, $1400)",-1.9775390625,-0.149169921875
3,"Dell Inspiron 16 (i7, 16GB, $1100)","Apple MacBook Air M3 (M3, 16GB, $1800)",-1.9638671875,-0.1512451171875
3,"Dell Inspiron 16 (i7, 16GB, $1100)","Apple MacBook Pro 14-inch (M3, 32GB, $2220)",-1.7783203125,-0.18505859375
3,"Dell Inspiron 16 (i7, 16GB, $1100)","Apple MacBook Pro 16-inch (M3, 64GB, $2800)",-1.7919921875,-0.182373046875
3,"HP Spectre x360 (Ryzen 7, 32GB, $1200)","ASUS VivoBook 15 (i3, 8GB, $450)",-1.1474609375,-0.382080078125
3,"HP Spectre x360 (Ryzen 7, 32GB, $1200)","Lenovo IdeaPad 3 (i5, 8GB, $550)",-1.0966796875,-0.4091796875
3,"HP Spectre x360 (Ryzen 7, 32GB, $1200)","HP Pavilion 15 (Ryzen 5, 8GB, $600)",-1.2685546875,-0.330810546875
3,"HP Spectre x360 (Ryzen 7, 32GB, $1200)","ASUS ZenBook 14 (i5, 16GB, $700)",-1.4658203125,-0.2626953125
3,"HP Spectre x360 (Ryzen 7, 32GB, $1200)","Lenovo ThinkPad E14 (Ryzen 5, 16GB, $800)",-1.234375,-0.34423828125
3,"HP Spectre x360 (Ryzen 7, 32GB, $1200)","Dell Inspiron 16 (i7, 16GB, $1100)",-1.40625,-0.281494140625
3,"HP Spectre x360 (Ryzen 7, 32GB, $1200)","Dell XPS 15 (i7, 32GB, $1500)",-1.6005859375,-0.2257080078125
3,"HP Spectre x360 (Ryzen 7, 32GB, $1200)","Lenovo ThinkPad X1 Carbon (Ryzen 7, 32GB, $1400)",-1.5146484375,-0.2486572265625
3,"HP Spectre x360 (Ryzen 7, 32GB, $1200)","Apple MacBook Air M3 (M3, 16GB, $1800)",-1.4541015625,-0.266357421875
3,"HP Spectre x360 (Ryzen 7, 32GB, $1200)","Apple MacBook Pro 14-inch (M3, 32GB, $2220)",-1.4423828125,-0.270263671875
3,"HP Spectre x360 (Ryzen 7, 32GB, $1200)","Apple MacBook Pro 16-inch (M3, 64GB, $2800)",-1.359375,-0.297119140625
3,"Dell XPS 15 (i7, 32GB, $1500)","ASUS VivoBook 15 (i3, 8GB, $450)",-1.4775390625,-0.259033203125
3,"Dell XPS 15 (i7, 32GB, $1500)","Lenovo IdeaPad 3 (i5, 8GB, $550)",-1.3720703125,-0.294189453125
3,"Dell XPS 15 (i7, 32GB, $1500)","HP Pavilion 15 (Ryzen 5, 8GB, $600)",-1.501953125,-0.252197265625
3,"Dell XPS 15 (i7, 32GB, $1500)","ASUS ZenBook 14 (i5, 16GB, $700)",-1.8046875,-0.1798095703125
3,"Dell XPS 15 (i7, 32GB, $1500)","Lenovo ThinkPad E14 (Ryzen 5, 16GB, $800)",-1.4658203125,-0.2626953125
3,"Dell XPS 15 (i7, 32GB, $1500)","Dell Inspiron 16 (i7, 16GB, $1100)",-1.7138671875,-0.19873046875
3,"Dell XPS 15 (i7, 32GB, $1500)","HP Spectre x360 (Ryzen 7, 32GB, $1200)",-1.5634765625,-0.2352294921875
3,"Dell XPS 15 (i7, 32GB, $1500)","Lenovo ThinkPad X1 Carbon (Ryzen 7, 32GB, $1400)",-1.6259765625,-0.2193603515625
3,"Dell XPS 15 (i7, 32GB, $1500)","Apple MacBook Air M3 (M3, 16GB, $1800)",-1.587890625,-0.2286376953125
3,"Dell XPS 15 (i7, 32GB, $1500)","Apple MacBook Pro 14-inch (M3, 32GB, $2220)",-1.61328125,-0.222412109375
3,"Dell XPS 15 (i7, 32GB, $1500)","Apple MacBook Pro 16-inch (M3, 64GB, $2800)",-1.5751953125,-0.23193359375
3,"Lenovo ThinkPad X1 Carbon (Ryzen 7, 32GB, $1400)","ASUS VivoBook 15 (i3, 8GB, $450)",-1.0849609375,-0.41259765625
3,"Lenovo ThinkPad X1 Carbon (Ryzen 7, 32GB, $1400)","Lenovo IdeaPad 3 (i5, 8GB, $550)",-1.1708984375,-0.3740234375
3,"Lenovo ThinkPad X1 Carbon (Ryzen 7, 32GB, $1400)","HP Pavilion 15 (Ryzen 5, 8GB, $600)",-1.0947265625,-0.407470703125
3,"Lenovo ThinkPad X1 Carbon (Ryzen 7, 32GB, $1400)","ASUS ZenBook 14 (i5, 16GB, $700)",-1.40625,-0.28125
3,"Lenovo ThinkPad X1 Carbon (Ryzen 7, 32GB, $1400)","Lenovo ThinkPad E14 (Ryzen 5, 16GB, $800)",-1.212890625,-0.353271484375
3,"Lenovo ThinkPad X1 Carbon (Ryzen 7, 32GB, $1400)","Dell Inspiron 16 (i7, 16GB, $1100)",-1.2568359375,-0.3349609375
3,"Lenovo ThinkPad X1 Carbon (Ryzen 7, 32GB, $1400)","HP Spectre x360 (Ryzen 7, 32GB, $1200)",-1.3017578125,-0.317626953125
3,"Lenovo ThinkPad X1 Carbon (Ryzen 7, 32GB, $1400)","Dell XPS 15 (i7, 32GB, $1500)",-1.490234375,-0.255615234375
3,"Lenovo ThinkPad X1 Carbon (Ryzen 7, 32GB, $1400)","Apple MacBook Air M3 (M3, 16GB, $1800)",-1.2568359375,-0.3349609375
3,"Lenovo ThinkPad X1 Carbon (Ryzen 7, 32GB, $1400)","Apple MacBook Pro 14-inch (M3, 32GB, $2220)",-1.212890625,-0.353271484375
3,"Lenovo ThinkPad X1 Carbon (Ryzen 7, 32GB, $1400)","Apple MacBook Pro 16-inch (M3, 64GB, $2800)",-1.13671875,-0.386962890625
3,"Apple MacBook Air M3 (M3, 16GB, $1800)","ASUS VivoBook 15 (i3, 8GB, $450)",-1.291015625,-0.32177734375
3,"Apple MacBook Air M3 (M3, 16GB, $1800)","Lenovo IdeaPad 3 (i5, 8GB, $550)",-1.203125,-0.35888671875
3,"Apple MacBook Air M3 (M3, 16GB, $1800)","HP Pavilion 15 (Ryzen 5, 8GB, $600)",-1.1904296875,-0.362548828125
3,"Apple MacBook Air M3 (M3, 16GB, $1800)","ASUS ZenBook 14 (i5, 16GB, $700)",-1.61328125,-0.222412109375
3,"Apple MacBook Air M3 (M3, 16GB, $1800)","Lenovo ThinkPad E14 (Ryzen 5, 16GB, $800)",-1.2568359375,-0.3349609375
3,"Apple MacBook Air M3 (M3, 16GB, $1800)","Dell Inspiron 16 (i7, 16GB, $1100)",-1.41796875,-0.277587890625
3,"Apple MacBook Air M3 (M3, 16GB, $1800)","HP Spectre x360 (Ryzen 7, 32GB, $1200)",-1.3828125,-0.2890625
3,"Apple MacBook Air M3 (M3, 16GB, $1800)","Dell XPS 15 (i7, 32GB, $1500)",-1.5146484375,-0.2486572265625
3,"Apple MacBook Air M3 (M3, 16GB, $1800)","Lenovo ThinkPad X1 Carbon (Ryzen 7, 32GB, $1400)",-1.4541015625,-0.266357421875
3,"Apple MacBook Air M3 (M3, 16GB, $1800)","Apple MacBook Pro 14-inch (M3, 32GB, $2220)",-1.923828125,-0.1580810546875
3,"Apple MacBook Air M3 (M3, 16GB, $1800)","Apple MacBook Pro 16-inch (M3, 64GB, $2800)",-1.818359375,-0.1773681640625
3,"Apple MacBook Pro 14-inch (M3, 32GB, $2220)","ASUS VivoBook 15 (i3, 8GB, $450)",-1.033203125,-0.439697265625
3,"Apple MacBook Pro 14-inch (M3, 32GB, $2220)","Lenovo IdeaPad 3 (i5, 8GB, $550)",-0.9462890625,-0.4931640625
3,"Apple MacBook Pro 14-inch (M3, 32GB, $2220)","HP Pavilion 15 (Ryzen 5, 8GB, $600)",-1.07421875,-0.41796875
3,"Apple MacBook Pro 14-inch (M3, 32GB, $2220)","ASUS ZenBook 14 (i5, 16GB, $700)",-1.39453125,-0.28515625
3,"Apple MacBook Pro 14-inch (M3, 32GB, $2220)","Lenovo ThinkPad E14 (Ryzen 5, 16GB, $800)",-1.07421875,-0.41796875
3,"Apple MacBook Pro 14-inch (M3, 32GB, $2220)","Dell Inspiron 16 (i7, 16GB, $1100)",-1.201171875,-0.35791015625
3,"Apple MacBook Pro 14-inch (M3, 32GB, $2220)","HP Spectre x360 (Ryzen 7, 32GB, $1200)",-1.234375,-0.343994140625
3,"Apple MacBook Pro 14-inch (M3, 32GB, $2220)","Dell XPS 15 (i7, 32GB, $1500)",-1.39453125,-0.28515625
3,"Apple MacBook Pro 14-inch (M3, 32GB, $2220)","Lenovo ThinkPad X1 Carbon (Ryzen 7, 32GB, $1400)",-1.3134765625,-0.3134765625
3,"Apple MacBook Pro 14-inch (M3, 32GB, $2220)","Apple MacBook Air M3 (M3, 16GB, $1800)",-1.44140625,-0.27001953125
3,"Apple MacBook Pro 14-inch (M3, 32GB, $2220)","Apple MacBook Pro 16-inch (M3, 64GB, $2800)",-1.6005859375,-0.2254638671875
3,"Apple MacBook Pro 16-inch (M3, 64GB, $2800)","ASUS VivoBook 15 (i3, 8GB, $450)",-1.064453125,-0.42333984375
3,"Apple MacBook Pro 16-inch (M3, 64GB, $2800)","Lenovo IdeaPad 3 (i5, 8GB, $550)",-1.025390625,-0.447021484375
3,"Apple MacBook Pro 16-inch (M3, 64GB, $2800)","HP Pavilion 15 (Ryzen 5, 8GB, $600)",-1.10546875,-0.40234375
3,"Apple MacBook Pro 16-inch (M3, 64GB, $2800)","ASUS ZenBook 14 (i5, 16GB, $700)",-1.4775390625,-0.259033203125
3,"Apple MacBook Pro 16-inch (M3, 64GB, $2800)","Lenovo ThinkPad E14 (Ryzen 5, 16GB, $800)",-1.1259765625,-0.39208984375
3,"Apple MacBook Pro 16-inch (M3, 64GB, $2800)","Dell Inspiron 16 (i7, 16GB, $1100)",-1.3134765625,-0.3134765625
3,"Apple MacBook Pro 16-inch (M3, 64GB, $2800)","HP Spectre x360 (Ryzen 7, 32GB, $1200)",-1.2685546875,-0.33056640625
3,"Apple MacBook Pro 16-inch (M3, 64GB, $2800)","Dell XPS 15 (i7, 32GB, $1500)",-1.4296875,-0.273681640625
3,"Apple MacBook Pro 16-inch (M3, 64GB, $2800)","Lenovo ThinkPad X1 Carbon (Ryzen 7, 32GB, $1400)",-1.359375,-0.296875
3,"Apple MacBook Pro 16-inch (M3, 64GB, $2800)","Apple MacBook Air M3 (M3, 16GB, $1800)",-1.6376953125,-0.2161865234375
3,"Apple MacBook Pro 16-inch (M3, 64GB, $2800)","Apple MacBook Pro 14-inch (M3, 32GB, $2220)",-1.55078125,-0.2384033203125
4,"ASUS VivoBook 15 (i3, 8GB, $450)","Lenovo IdeaPad 3 (i5, 8GB, $550)",-1.2353515625,-0.344970703125
4,"ASUS VivoBook 15 (i3, 8GB, $450)","HP Pavilion 15 (Ryzen 5, 8GB, $600)",-1.3134765625,-0.3134765625
4,"ASUS VivoBook 15 (i3, 8GB, $450)","ASUS ZenBook 14 (i5, 16GB, $700)",-1.6884765625,-0.2044677734375
4,"ASUS VivoBook 15 (i3, 8GB, $450)","Lenovo ThinkPad E14 (Ryzen 5, 16GB, $800)",-1.3017578125,-0.317626953125
4,"ASUS VivoBook 15 (i3, 8GB, $450)","Dell Inspiron 16 (i7, 16GB, $1100)",-1.279296875,-0.326171875
4,"ASUS VivoBook 15 (i3, 8GB, $450)","HP Spectre x360 (Ryzen 7, 32GB, $1200)",-1.4541015625,-0.266357421875
4,"ASUS VivoBook 15 (i3, 8GB, $450)","Dell XPS 15 (i7, 32GB, $1500)",-1.3359375,-0.30517578125
4,"ASUS VivoBook 15 (i3, 8GB, $450)","Lenovo ThinkPad X1 Carbon (Ryzen 7, 32GB, $1400)",-1.3359375,-0.30517578125
4,"ASUS VivoBook 15 (i3, 8GB, $450)","Apple MacBook Air M3 (M3, 16GB, $1800)",-1.24609375,-0.33935546875
4,"ASUS VivoBook 15 (i3, 8GB, $450)","Apple MacBook Pro 14-inch (M3, 32GB, $2220)",-1.234375,-0.343994140625
4,"ASUS VivoBook 15 (i3, 8GB, $450)","Apple MacBook Pro 16-inch (M3, 64GB, $2800)",-1.2236328125,-0.3486328125
4,"Lenovo IdeaPad 3 (i5, 8GB, $550)","ASUS VivoBook 15 (i3, 8GB, $450)",-1.3603515625,-0.298095703125
4,"Lenovo IdeaPad 3 (i5, 8GB, $550)","HP Pavilion 15 (Ryzen 5, 8GB, $600)",-1.2255859375,-0.350341796875
4,"Lenovo IdeaPad 3 (i5, 8GB, $550)","ASUS ZenBook 14 (i5, 16GB, $700)",-1.6142578125,-0.2236328125
4,"Lenovo IdeaPad 3 (i5, 8GB, $550)","Lenovo ThinkPad E14 (Ryzen 5, 16GB, $800)",-1.5048828125,-0.254638671875
4,"Lenovo IdeaPad 3 (i5, 8GB, $550)","Dell Inspiron 16 (i7, 16GB, $1100)",-1.3037109375,-0.3193359375
4,"Lenovo IdeaPad 3 (i5, 8GB, $550)","HP Spectre x360 (Ryzen 7, 32GB, $1200)",-1.4091796875,-0.28369140625
4,"Lenovo IdeaPad 3 (i5, 8GB, $550)","Dell XPS 15 (i7, 32GB, $1500)",-1.373046875,-0.295166015625
4,"Lenovo IdeaPad 3 (i5, 8GB, $550)","Lenovo ThinkPad X1 Carbon (Ryzen 7, 32GB, $1400)",-1.5908203125,-0.2315673828125
4,"Lenovo IdeaPad 3 (i5, 8GB, $550)","Apple MacBook Air M3 (M3, 16GB, $1800)",-1.2138671875,-0.354736328125
4,"Lenovo IdeaPad 3 (i5, 8GB, $550)","Apple MacBook Pro 14-inch (M3, 32GB, $2220)",-1.16015625,-0.37841796875
4,"Lenovo IdeaPad 3 (i5, 8GB, $550)","Apple MacBook Pro 16-inch (M3, 64GB, $2800)",-1.1279296875,-0.393310546875
4,"HP Pavilion 15 (Ryzen 5, 8GB, $600)","ASUS VivoBook 15 (i3, 8GB, $450)",-1.40625,-0.28125
4,"HP Pavilion 15 (Ryzen 5, 8GB, $600)","Lenovo IdeaPad 3 (i5, 8GB, $550)",-1.33203125,-0.316650390625
4,"HP Pavilion 15 (Ryzen 5, 8GB, $600)","ASUS ZenBook 14 (i5, 16GB, $700)",-1.818359375,-0.1773681640625
4,"HP Pavilion 15 (Ryzen 5, 8GB, $600)","Lenovo ThinkPad E14 (Ryzen 5, 16GB, $800)",-1.37109375,-0.29296875
4,"HP Pavilion 15 (Ryzen 5, 8GB, $600)","Dell Inspiron 16 (i7, 16GB, $1100)",-1.37109375,-0.29296875
4,"HP Pavilion 15 (Ryzen 5, 8GB, $600)","HP Spectre x360 (Ryzen 7, 32GB, $1200)",-1.9384765625,-0.156982421875
4,"HP Pavilion 15 (Ryzen 5, 8GB, $600)","Dell XPS 15 (i7, 32GB, $1500)",-1.41796875,-0.277587890625
4,"HP Pavilion 15 (Ryzen 5, 8GB, $600)","Lenovo ThinkPad X1 Carbon (Ryzen 7, 32GB, $1400)",-1.490234375,-0.255615234375
4,"HP Pavilion 15 (Ryzen 5, 8GB, $600)","Apple MacBook Air M3 (M3, 16GB, $1800)",-1.359375,-0.296875
4,"HP Pavilion 15 (Ryzen 5, 8GB, $600)","Apple MacBook Pro 14-inch (M3, 32GB, $2220)",-1.2568359375,-0.3349609375
4,"HP Pavilion 15 (Ryzen 5, 8GB, $600)","Apple MacBook Pro 16-inch (M3, 64GB, $2800)",-1.24609375,-0.339599609375
4,"ASUS ZenBook 14 (i5, 16GB, $700)","ASUS VivoBook 15 (i3, 8GB, $450)",-1.2685546875,-0.33056640625
4,"ASUS ZenBook 14 (i5, 16GB, $700)","Lenovo IdeaPad 3 (i5, 8GB, $550)",-1.171875,-0.374755859375
4,"ASUS ZenBook 14 (i5, 16GB, $700)","HP Pavilion 15 (Ryzen 5, 8GB, $600)",-1.2685546875,-0.33056640625
4,"ASUS ZenBook 14 (i5, 16GB, $700)","Lenovo ThinkPad E14 (Ryzen 5, 16GB, $800)",-1.34765625,-0.301025390625
4,"ASUS ZenBook 14 (i5, 16GB, $700)","Dell Inspiron 16 (i7, 16GB, $1100)",-1.34765625,-0.301025390625
4,"ASUS ZenBook 14 (i5, 16GB, $700)","HP Spectre x360 (Ryzen 7, 32GB, $1200)",-1.5888671875,-0.22900390625
4,"ASUS ZenBook 14 (i5, 16GB, $700)","Dell XPS 15 (i7, 32GB, $1500)",-1.3828125,-0.2890625
4,"ASUS ZenBook 14 (i5, 16GB, $700)","Lenovo ThinkPad X1 Carbon (Ryzen 7, 32GB, $1400)",-1.37109375,-0.29296875
4,"ASUS ZenBook 14 (i5, 16GB, $700)","Apple MacBook Air M3 (M3, 16GB, $1800)",-1.3134765625,-0.3134765625
4,"ASUS ZenBook 14 (i5, 16GB, $700)","Apple MacBook Pro 14-inch (M3, 32GB, $2220)",-1.234375,-0.343994140625
4,"ASUS ZenBook 14 (i5, 16GB, $700)","Apple MacBook Pro 16-inch (M3, 64GB, $2800)",-1.201171875,-0.35791015625
4,"Lenovo ThinkPad E14 (Ryzen 5, 16GB, $800)","ASUS VivoBook 15 (i3, 8GB, $450)",-1.0439453125,-0.434326171875
4,"Lenovo ThinkPad E14 (Ryzen 5, 16GB, $800)","Lenovo IdeaPad 3 (i5, 8GB, $550)",-1.166015625,-0.384521484375
4,"Lenovo ThinkPad E14 (Ryzen 5, 16GB, $800)","HP Pavilion 15 (Ryzen 5, 8GB, $600)",-1.00390625,-0.456787109375
4,"Lenovo ThinkPad E14 (Ryzen 5, 16GB, $800)","ASUS ZenBook 14 (i5, 16GB, $700)",-1.37109375,-0.29296875
4,"Lenovo ThinkPad E14 (Ryzen 5, 16GB, $800)","Dell Inspiron 16 (i7, 16GB, $1100)",-1.1259765625,-0.39208984375
4,"Lenovo ThinkPad E14 (Ryzen 5, 16GB, $800)","HP Spectre x360 (Ryzen 7, 32GB, $1200)",-1.302734375,-0.31787109375
4,"Lenovo ThinkPad E14 (Ryzen 5, 16GB, $800)","Dell XPS 15 (i7, 32GB, $1500)",-1.158203125,-0.377197265625
4,"Lenovo ThinkPad E14 (Ryzen 5, 16GB, $800)","Lenovo ThinkPad X1 Carbon (Ryzen 7, 32GB, $1400)",-1.359375,-0.297119140625
4,"Lenovo ThinkPad E14 (Ryzen 5, 16GB, $800)","Apple MacBook Air M3 (M3, 16GB, $1800)",-1.064453125,-0.42333984375
4,"Lenovo ThinkPad E14 (Ryzen 5, 16GB, $800)","Apple MacBook Pro 14-inch (M3, 32GB, $2220)",-0.955078125,-0.486083984375
4,"Lenovo ThinkPad E14 (Ryzen 5, 16GB, $800)","Apple MacBook Pro 16-inch (M3, 64GB, $2800)",-0.9453125,-0.4921875
4,"Dell Inspiron 16 (i7, 16GB, $1100)","ASUS VivoBook 15 (i3, 8GB, $450)",-1.3251953125,-0.309326171875
4,"Dell Inspiron 16 (i7, 16GB, $1100)","Lenovo IdeaPad 3 (i5, 8GB, $550)",-1.23828125,-0.34814453125
4,"Dell Inspiron 16 (i7, 16GB, $1100)","HP Pavilion 15 (Ryzen 5, 8GB, $600)",-1.212890625,-0.353271484375
4,"Dell Inspiron 16 (i7, 16GB, $1100)","ASUS ZenBook 14 (i5, 16GB, $700)",-1.7138671875,-0.19873046875
4,"Dell Inspiron 16 (i7, 16GB, $1100)","Lenovo ThinkPad E14 (Ryzen 5, 16GB, $800)",-1.291015625,-0.322021484375
4,"Dell Inspiron 16 (i7, 16GB, $1100)","HP Spectre x360 (Ryzen 7, 32GB, $1200)",-1.6640625,-0.210693359375
4,"Dell Inspiron 16 (i7, 16GB, $1100)","Dell XPS 15 (i7, 32GB, $1500)",-1.6884765625,-0.20458984375
4,"Dell Inspiron 16 (i7, 16GB, $1100)","Lenovo ThinkPad X1 Carbon (Ryzen 7, 32GB, $1400)",-1.5146484375,-0.2486572265625
4,"Dell Inspiron 16 (i7, 16GB, $1100)","Apple MacBook Air M3 (M3, 16GB, $1800)",-1.490234375,-0.255615234375
4,"Dell Inspiron 16 (i7, 16GB, $1100)","Apple MacBook Pro 14-inch (M3, 32GB, $2220)",-1.3017578125,-0.317626953125
4,"Dell Inspiron 16 (i7, 16GB, $1100)","Apple MacBook Pro 16-inch (M3, 64GB, $2800)",-1.3017578125,-0.317626953125
4,"HP Spectre x360 (Ryzen 7, 32GB, $1200)","ASUS VivoBook 15 (i3, 8GB, $450)",-0.8984375,-0.5234375
4,"HP Spectre x360 (Ryzen 7, 32GB, $1200)","Lenovo IdeaPad 3 (i5, 8GB, $550)",-0.8564453125,-0.5595703125
4,"HP Spectre x360 (Ryzen 7, 32GB, $1200)","HP Pavilion 15 (Ryzen 5, 8GB, $600)",-0.994140625,-0.463134765625
4,"HP Spectre x360 (Ryzen 7, 32GB, $1200)","ASUS ZenBook 14 (i5, 16GB, $700)",-1.158203125,-0.37744140625
4,"HP Spectre x360 (Ryzen 7, 32GB, $1200)","Lenovo ThinkPad E14 (Ryzen 5, 16GB, $800)",-1.0244140625,-0.446044921875
4,"HP Spectre x360 (Ryzen 7, 32GB, $1200)","Dell Inspiron 16 (i7, 16GB, $1100)",-1.095703125,-0.407958984375
4,"HP Spectre x360 (Ryzen 7, 32GB, $1200)","Dell XPS 15 (i7, 32GB, $1500)",-1.224609375,-0.34912109375
4,"HP Spectre x360 (Ryzen 7, 32GB, $1200)","Lenovo ThinkPad X1 Carbon (Ryzen 7, 32GB, $1400)",-1.2568359375,-0.33544921875
4,"HP Spectre x360 (Ryzen 7, 32GB, $1200)","Apple MacBook Air M3 (M3, 16GB, $1800)",-1.10546875,-0.40283203125
4,"HP Spectre x360 (Ryzen 7, 32GB, $1200)","Apple MacBook Pro 14-inch (M3, 32GB, $2220)",-1.126953125,-0.392578125
4,"HP Spectre x360 (Ryzen 7, 32GB, $1200)","Apple MacBook Pro 16-inch (M3, 64GB, $2800)",-1.064453125,-0.423828125
4,"Dell XPS 15 (i7, 32GB, $1500)","ASUS VivoBook 15 (i3, 8GB, $450)",-1.1904296875,-0.362548828125
4,"Dell XPS 15 (i7, 32GB, $1500)","Lenovo IdeaPad 3 (i5, 8GB, $550)",-1.0869140625,-0.4150390625
4,"Dell XPS 15 (i7, 32GB, $1500)","HP Pavilion 15 (Ryzen 5, 8GB, $600)",-1.1162109375,-0.397216796875
4,"Dell XPS 15 (i7, 32GB, $1500)","ASUS ZenBook 14 (i5, 16GB, $700)",-1.4296875,-0.273681640625
4,"Dell XPS 15 (i7, 32GB, $1500)","Lenovo ThinkPad E14 (Ryzen 5, 16GB, $800)",-1.10546875,-0.402587890625
4,"Dell XPS 15 (i7, 32GB, $1500)","Dell Inspiron 16 (i7, 16GB, $1100)",-1.3251953125,-0.309326171875
4,"Dell XPS 15 (i7, 32GB, $1500)","HP Spectre x360 (Ryzen 7, 32GB, $1200)",-1.302734375,-0.31787109375
4,"Dell XPS 15 (i7, 32GB, $1500)","Lenovo ThinkPad X1 Carbon (Ryzen 7, 32GB, $1400)",-1.291015625,-0.322021484375
4,"Dell XPS 15 (i7, 32GB, $1500)","Apple MacBook Air M3 (M3, 16GB, $1800)",-1.2236328125,-0.3486328125
4,"Dell XPS 15 (i7, 32GB, $1500)","Apple MacBook Pro 14-inch (M3, 32GB, $2220)",-1.1904296875,-0.36279296875
4,"Dell XPS 15 (i7, 32GB, $1500)","Apple MacBook Pro 16-inch (M3, 64GB, $2800)",-1.158203125,-0.377197265625
4,"Lenovo ThinkPad X1 Carbon (Ryzen 7, 32GB, $1400)","ASUS VivoBook 15 (i3, 8GB, $450)",-0.8349609375,-0.5693359375
4,"Lenovo ThinkPad X1 Carbon (Ryzen 7, 32GB, $1400)","Lenovo IdeaPad 3 (i5, 8GB, $550)",-0.91015625,-0.51953125
4,"Lenovo ThinkPad X1 Carbon (Ryzen 7, 32GB, $1400)","HP Pavilion 15 (Ryzen 5, 8GB, $600)",-0.80029296875,-0.59716796875
4,"Lenovo ThinkPad X1 Carbon (Ryzen 7, 32GB, $1400)","ASUS ZenBook 14 (i5, 16GB, $700)",-1.0234375,-0.445556640625
4,"Lenovo ThinkPad X1 Carbon (Ryzen 7, 32GB, $1400)","Lenovo ThinkPad E14 (Ryzen 5, 16GB, $800)",-1.00390625,-0.456787109375
4,"Lenovo ThinkPad X1 Carbon (Ryzen 7, 32GB, $1400)","Dell Inspiron 16 (i7, 16GB, $1100)",-0.92626953125,-0.50439453125
4,"Lenovo ThinkPad X1 Carbon (Ryzen 7, 32GB, $1400)","HP Spectre x360 (Ryzen 7, 32GB, $1200)",-1.0537109375,-0.428955078125
4,"Lenovo ThinkPad X1 Carbon (Ryzen 7, 32GB, $1400)","Dell XPS 15 (i7, 32GB, $1500)",-1.0947265625,-0.407470703125
4,"Lenovo ThinkPad X1 Carbon (Ryzen 7, 32GB, $1400)","Apple MacBook Air M3 (M3, 16GB, $1800)",-0.90771484375,-0.51708984375
4,"Lenovo ThinkPad X1 Carbon (Ryzen 7, 32GB, $1400)","Apple MacBook Pro 14-inch (M3, 32GB, $2220)",-0.90771484375,-0.51708984375
4,"Lenovo ThinkPad X1 Carbon (Ryzen 7, 32GB, $1400)","Apple MacBook Pro 16-inch (M3, 64GB, $2800)",-0.86181640625,-0.54931640625
4,"Apple MacBook Air M3 (M3, 16GB, $1800)","ASUS VivoBook 15 (i3, 8GB, $450)",-0.99365234375,-0.462646484375
4,"Apple MacBook Air M3 (M3, 16GB, $1800)","Lenovo IdeaPad 3 (i5, 8GB, $550)",-0.92822265625,-0.50634765625
4,"Apple MacBook Air M3 (M3, 16GB, $1800)","HP Pavilion 15 (Ryzen 5, 8GB, $600)",-0.8984375,-0.5234375
4,"Apple MacBook Air M3 (M3, 16GB, $1800)","ASUS ZenBook 14 (i5, 16GB, $700)",-1.2568359375,-0.335205078125
4,"Apple MacBook Air M3 (M3, 16GB, $1800)","Lenovo ThinkPad E14 (Ryzen 5, 16GB, $800)",-0.96484375,-0.480224609375
4,"Apple MacBook Air M3 (M3, 16GB, $1800)","Dell Inspiron 16 (i7, 16GB, $1100)",-1.064453125,-0.423583984375
4,"Apple MacBook Air M3 (M3, 16GB, $1800)","HP Spectre x360 (Ryzen 7, 32GB, $1200)",-1.064453125,-0.423583984375
4,"Apple MacBook Air M3 (M3, 16GB, $1800)","Dell XPS 15 (i7, 32GB, $1500)",-1.1162109375,-0.397216796875
4,"Apple MacBook Air M3 (M3, 16GB, $1800)","Lenovo ThinkPad X1 Carbon (Ryzen 7, 32GB, $1400)",-1.0947265625,-0.40771484375
4,"Apple MacBook Air M3 (M3, 16GB, $1800)","Apple MacBook Pro 14-inch (M3, 32GB, $2220)",-1.4423828125,-0.270263671875
4,"Apple MacBook Air M3 (M3, 16GB, $1800)","Apple MacBook Pro 16-inch (M3, 64GB, $2800)",-1.3828125,-0.2890625
4,"Apple MacBook Pro 14-inch (M3, 32GB, $2220)","ASUS VivoBook 15 (i3, 8GB, $450)",-0.86181640625,-0.54931640625
4,"Apple MacBook Pro 14-inch (M3, 32GB, $2220)","Lenovo IdeaPad 3 (i5, 8GB, $550)",-0.78466796875,-0.61279296875
4,"Apple MacBook Pro 14-inch (M3, 32GB, $2220)","HP Pavilion 15 (Ryzen 5, 8GB, $600)",-0.79150390625,-0.60400390625
4,"Apple MacBook Pro 14-inch (M3, 32GB, $2220)","ASUS ZenBook 14 (i5, 16GB, $700)",-1.07421875,-0.418212890625
4,"Apple MacBook Pro 14-inch (M3, 32GB, $2220)","Lenovo ThinkPad E14 (Ryzen 5, 16GB, $800)",-0.8349609375,-0.5693359375
4,"Apple MacBook Pro 14-inch (M3, 32GB, $2220)","Dell Inspiron 16 (i7, 16GB, $1100)",-0.88916015625,-0.52978515625
4,"Apple MacBook Pro 14-inch (M3, 32GB, $2220)","HP Spectre x360 (Ryzen 7, 32GB, $1200)",-1.013671875,-0.451416015625
4,"Apple MacBook Pro 14-inch (M3, 32GB, $2220)","Dell XPS 15 (i7, 32GB, $1500)",-1.00390625,-0.45703125
4,"Apple MacBook Pro 14-inch (M3, 32GB, $2220)","Lenovo ThinkPad X1 Carbon (Ryzen 7, 32GB, $1400)",-1.0537109375,-0.428955078125
4,"Apple MacBook Pro 14-inch (M3, 32GB, $2220)","Apple MacBook Air M3 (M3, 16GB, $1800)",-1.1162109375,-0.397216796875
4,"Apple MacBook Pro 14-inch (M3, 32GB, $2220)","Apple MacBook Pro 16-inch (M3, 64GB, $2800)",-1.1904296875,-0.362548828125
4,"Apple MacBook Pro 16-inch (M3, 64GB, $2800)","ASUS VivoBook 15 (i3, 8GB, $450)",-0.86181640625,-0.54931640625
4,"Apple MacBook Pro 16-inch (M3, 64GB, $2800)","Lenovo IdeaPad 3 (i5, 8GB, $550)",-0.81103515625,-0.59228515625
4,"Apple MacBook Pro 16-inch (M3, 64GB, $2800)","HP Pavilion 15 (Ryzen 5, 8GB, $600)",-0.783203125,-0.611328125
4,"Apple MacBook Pro 16-inch (M3, 64GB, $2800)","ASUS ZenBook 14 (i5, 16GB, $700)",-1.126953125,-0.39208984375
4,"Apple MacBook Pro 16-inch (M3, 64GB, $2800)","Lenovo ThinkPad E14 (Ryzen 5, 16GB, $800)",-0.87109375,-0.54296875
4,"Apple MacBook Pro 16-inch (M3, 64GB, $2800)","Dell Inspiron 16 (i7, 16GB, $1100)",-0.9453125,-0.4921875
4,"Apple MacBook Pro 16-inch (M3, 64GB, $2800)","HP Spectre x360 (Ryzen 7, 32GB, $1200)",-1.0341796875,-0.440185546875
4,"Apple MacBook Pro 16-inch (M3, 64GB, $2800)","Dell XPS 15 (i7, 32GB, $1500)",-1.00390625,-0.456787109375
4,"Apple MacBook Pro 16-inch (M3, 64GB, $2800)","Lenovo ThinkPad X1 Carbon (Ryzen 7, 32GB, $1400)",-1.064453125,-0.423583984375
4,"Apple MacBook Pro 16-inch (M3, 64GB, $2800)","Apple MacBook Air M3 (M3, 16GB, $1800)",-1.24609375,-0.33935546875
4,"Apple MacBook Pro 16-inch (M3, 64GB, $2800)","Apple MacBook Pro 14-inch (M3, 32GB, $2220)",-1.1689453125,-0.372314453125
5,"ASUS VivoBook 15 (i3, 8GB, $450)","Lenovo IdeaPad 3 (i5, 8GB, $550)",-0.9453125,-0.4921875
5,"ASUS VivoBook 15 (i3, 8GB, $450)","HP Pavilion 15 (Ryzen 5, 8GB, $600)",-0.9072265625,-0.5166015625
5,"ASUS VivoBook 15 (i3, 8GB, $450)","ASUS ZenBook 14 (i5, 16GB, $700)",-1.24609375,-0.33935546875
5,"ASUS VivoBook 15 (i3, 8GB, $450)","Lenovo ThinkPad E14 (Ryzen 5, 16GB, $800)",-0.935546875,-0.498046875
5,"ASUS VivoBook 15 (i3, 8GB, $450)","Dell Inspiron 16 (i7, 16GB, $1100)",-0.99365234375,-0.46240234375
5,"ASUS VivoBook 15 (i3, 8GB, $450)","HP Spectre x360 (Ryzen 7, 32GB, $1200)",-1.1259765625,-0.391845703125
5,"ASUS VivoBook 15 (i3, 8GB, $450)","Dell XPS 15 (i7, 32GB, $1500)",-0.99365234375,-0.46240234375
5,"ASUS VivoBook 15 (i3, 8GB, $450)","Lenovo ThinkPad X1 Carbon (Ryzen 7, 32GB, $1400)",-0.98388671875,-0.46826171875
5,"ASUS VivoBook 15 (i3, 8GB, $450)","Apple MacBook Air M3 (M3, 16GB, $1800)",-0.97412109375,-0.47412109375
5,"ASUS VivoBook 15 (i3, 8GB, $450)","Apple MacBook Pro 14-inch (M3, 32GB, $2220)",-0.97412109375,-0.47412109375
5,"ASUS VivoBook 15 (i3, 8GB, $450)","Apple MacBook Pro 16-inch (M3, 64GB, $2800)",-0.97412109375,-0.47412109375
5,"Lenovo IdeaPad 3 (i5, 8GB, $550)","ASUS VivoBook 15 (i3, 8GB, $450)",-1.013671875,-0.451171875
5,"Lenovo IdeaPad 3 (i5, 8GB, $550)","HP Pavilion 15 (Ryzen 5, 8GB, $600)",-0.97412109375,-0.474365234375
5,"Lenovo IdeaPad 3 (i5, 8GB, $550)","ASUS ZenBook 14 (i5, 16GB, $700)",-1.3359375,-0.30517578125
5,"Lenovo IdeaPad 3 (i5, 8GB, $550)","Lenovo ThinkPad E14 (Ryzen 5, 16GB, $800)",-1.126953125,-0.392333984375
5,"Lenovo IdeaPad 3 (i5, 8GB, $550)","Dell Inspiron 16 (i7, 16GB, $1100)",-1.10546875,-0.402587890625
5,"Lenovo IdeaPad 3 (i5, 8GB, $550)","HP Spectre x360 (Ryzen 7, 32GB, $1200)",-1.1591796875,-0.377685546875
5,"Lenovo IdeaPad 3 (i5, 8GB, $550)","Dell XPS 15 (i7, 32GB, $1500)",-1.126953125,-0.392333984375
5,"Lenovo IdeaPad 3 (i5, 8GB, $550)","Lenovo ThinkPad X1 Carbon (Ryzen 7, 32GB, $1400)",-1.212890625,-0.353515625
5,"Lenovo IdeaPad 3 (i5, 8GB, $550)","Apple MacBook Air M3 (M3, 16GB, $1800)",-1.0234375,-0.445556640625
5,"Lenovo IdeaPad 3 (i5, 8GB, $550)","Apple MacBook Pro 14-inch (M3, 32GB, $2220)",-0.994140625,-0.462646484375
5,"Lenovo IdeaPad 3 (i5, 8GB, $550)","Apple MacBook Pro 16-inch (M3, 64GB, $2800)",-1.00390625,-0.45703125
5,"HP Pavilion 15 (Ryzen 5, 8GB, $600)","ASUS VivoBook 15 (i3, 8GB, $450)",-0.95458984375,-0.486083984375
5,"HP Pavilion 15 (Ryzen 5, 8GB, $600)","Lenovo IdeaPad 3 (i5, 8GB, $550)",-0.9951171875,-0.4638671875
5,"HP Pavilion 15 (Ryzen 5, 8GB, $600)","ASUS ZenBook 14 (i5, 16GB, $700)",-1.41796875,-0.27734375
5,"HP Pavilion 15 (Ryzen 5, 8GB, $600)","Lenovo ThinkPad E14 (Ryzen 5, 16GB, $800)",-0.9169921875,-0.5107421875
5,"HP Pavilion 15 (Ryzen 5, 8GB, $600)","Dell Inspiron 16 (i7, 16GB, $1100)",-1.0439453125,-0.43408203125
5,"HP Pavilion 15 (Ryzen 5, 8GB, $600)","HP Spectre x360 (Ryzen 7, 32GB, $1200)",-1.4423828125,-0.270263671875
5,"HP Pavilion 15 (Ryzen 5, 8GB, $600)","Dell XPS 15 (i7, 32GB, $1500)",-1.033203125,-0.439697265625
5,"HP Pavilion 15 (Ryzen 5, 8GB, $600)","Lenovo ThinkPad X1 Carbon (Ryzen 7, 32GB, $1400)",-1.1259765625,-0.391845703125
5,"HP Pavilion 15 (Ryzen 5, 8GB, $600)","Apple MacBook Air M3 (M3, 16GB, $1800)",-1.033203125,-0.439697265625
5,"HP Pavilion 15 (Ryzen 5, 8GB, $600)","Apple MacBook Pro 14-inch (M3, 32GB, $2220)",-0.935546875,-0.498046875
5,"HP Pavilion 15 (Ryzen 5, 8GB, $600)","Apple MacBook Pro 16-inch (M3, 64GB, $2800)",-0.9453125,-0.491943359375
5,"ASUS ZenBook 14 (i5, 16GB, $700)","ASUS VivoBook 15 (i3, 8GB, $450)",-0.888671875,-0.529296875
5,"ASUS ZenBook 14 (i5, 16GB, $700)","Lenovo IdeaPad 3 (i5, 8GB, $550)",-0.908203125,-0.517578125
5,"ASUS ZenBook 14 (i5, 16GB, $700)","HP Pavilion 15 (Ryzen 5, 8GB, $600)",-0.92626953125,-0.50439453125
5,"ASUS ZenBook 14 (i5, 16GB, $700)","Lenovo ThinkPad E14 (Ryzen 5, 16GB, $800)",-0.935546875,-0.498046875
5,"ASUS ZenBook 14 (i5, 16GB, $700)","Dell Inspiron 16 (i7, 16GB, $1100)",-0.99365234375,-0.46240234375
5,"ASUS ZenBook 14 (i5, 16GB, $700)","HP Spectre x360 (Ryzen 7, 32GB, $1200)",-1.2236328125,-0.3486328125
5,"ASUS ZenBook 14 (i5, 16GB, $700)","Dell XPS 15 (i7, 32GB, $1500)",-1.00390625,-0.45654296875
5,"ASUS ZenBook 14 (i5, 16GB, $700)","Lenovo ThinkPad X1 Carbon (Ryzen 7, 32GB, $1400)",-1.0234375,-0.4453125
5,"ASUS ZenBook 14 (i5, 16GB, $700)","Apple MacBook Air M3 (M3, 16GB, $1800)",-1.033203125,-0.439697265625
5,"ASUS ZenBook 14 (i5, 16GB, $700)","Apple MacBook Pro 14-inch (M3, 32GB, $2220)",-0.98388671875,-0.46826171875
5,"ASUS ZenBook 14 (i5, 16GB, $700)","Apple MacBook Pro 16-inch (M3, 64GB, $2800)",-0.98388671875,-0.46826171875
5,"Lenovo ThinkPad E14 (Ryzen 5, 16GB, $800)","ASUS VivoBook 15 (i3, 8GB, $450)",-0.716796875,-0.669921875
5,"Lenovo ThinkPad E14 (Ryzen 5, 16GB, $800)","Lenovo IdeaPad 3 (i5, 8GB, $550)",-0.8369140625,-0.5712890625
5,"Lenovo ThinkPad E14 (Ryzen 5, 16GB, $800)","HP Pavilion 15 (Ryzen 5, 8GB, $600)",-0.677734375,-0.708984375
5,"Lenovo ThinkPad E14 (Ryzen 5, 16GB, $800)","ASUS ZenBook 14 (i5, 16GB, $700)",-1.00390625,-0.45654296875
5,"Lenovo ThinkPad E14 (Ryzen 5, 16GB, $800)","Dell Inspiron 16 (i7, 16GB, $1100)",-0.8349609375,-0.5693359375
5,"Lenovo ThinkPad E14 (Ryzen 5, 16GB, $800)","HP Spectre x360 (Ryzen 7, 32GB, $1200)",-0.98388671875,-0.46826171875
5,"Lenovo ThinkPad E14 (Ryzen 5, 16GB, $800)","Dell XPS 15 (i7, 32GB, $1500)",-0.8349609375,-0.5693359375
5,"Lenovo ThinkPad E14 (Ryzen 5, 16GB, $800)","Lenovo ThinkPad X1 Carbon (Ryzen 7, 32GB, $1400)",-0.92626953125,-0.50439453125
5,"Lenovo ThinkPad E14 (Ryzen 5, 16GB, $800)","Apple MacBook Air M3 (M3, 16GB, $1800)",-0.78271484375,-0.61083984375
5,"Lenovo ThinkPad E14 (Ryzen 5, 16GB, $800)","Apple MacBook Pro 14-inch (M3, 32GB, $2220)",-0.73291015625,-0.65478515625
5,"Lenovo ThinkPad E14 (Ryzen 5, 16GB, $800)","Apple MacBook Pro 16-inch (M3, 64GB, $2800)",-0.7578125,-0.6328125
5,"Dell Inspiron 16 (i7, 16GB, $1100)","ASUS VivoBook 15 (i3, 8GB, $450)",-0.98388671875,-0.46826171875
5,"Dell Inspiron 16 (i7, 16GB, $1100)","Lenovo IdeaPad 3 (i5, 8GB, $550)",-1.0146484375,-0.452392578125
5,"Dell Inspiron 16 (i7, 16GB, $1100)","HP Pavilion 15 (Ryzen 5, 8GB, $600)",-0.89794921875,-0.52294921875
5,"Dell Inspiron 16 (i7, 16GB, $1100)","ASUS ZenBook 14 (i5, 16GB, $700)",-1.3017578125,-0.317626953125
5,"Dell Inspiron 16 (i7, 16GB, $1100)","Lenovo ThinkPad E14 (Ryzen 5, 16GB, $800)",-0.935546875,-0.498291015625
5,"Dell Inspiron 16 (i7, 16GB, $1100)","HP Spectre x360 (Ryzen 7, 32GB, $1200)",-1.3251953125,-0.309326171875
5,"Dell Inspiron 16 (i7, 16GB, $1100)","Dell XPS 15 (i7, 32GB, $1500)",-1.1474609375,-0.3818359375
5,"Dell Inspiron 16 (i7, 16GB, $1100)","Lenovo ThinkPad X1 Carbon (Ryzen 7, 32GB, $1400)",-1.1474609375,-0.3818359375
5,"Dell Inspiron 16 (i7, 16GB, $1100)","Apple MacBook Air M3 (M3, 16GB, $1800)",-1.1474609375,-0.3818359375
5,"Dell Inspiron 16 (i7, 16GB, $1100)","Apple MacBook Pro 14-inch (M3, 32GB, $2220)",-1.013671875,-0.450927734375
5,"Dell Inspiron 16 (i7, 16GB, $1100)","Apple MacBook Pro 16-inch (M3, 64GB, $2800)",-1.033203125,-0.439697265625
5,"HP Spectre x360 (Ryzen 7, 32GB, $1200)","ASUS VivoBook 15 (i3, 8GB, $450)",-0.66259765625,-0.72509765625
5,"HP Spectre x360 (Ryzen 7, 32GB, $1200)","Lenovo IdeaPad 3 (i5, 8GB, $550)",-0.69384765625,-0.69384765625
5,"HP Spectre x360 (Ryzen 7, 32GB, $1200)","HP Pavilion 15 (Ryzen 5, 8GB, $600)",-0.701171875,-0.685546875
5,"HP Spectre x360 (Ryzen 7, 32GB, $1200)","ASUS ZenBook 14 (i5, 16GB, $700)",-0.8798828125,-0.5361328125
5,"HP Spectre x360 (Ryzen 7, 32GB, $1200)","Lenovo ThinkPad E14 (Ryzen 5, 16GB, $800)",-0.7744140625,-0.6181640625
5,"HP Spectre x360 (Ryzen 7, 32GB, $1200)","Dell Inspiron 16 (i7, 16GB, $1100)",-0.86181640625,-0.54931640625
5,"HP Spectre x360 (Ryzen 7, 32GB, $1200)","Dell XPS 15 (i7, 32GB, $1500)",-0.8984375,-0.5234375
5,"HP Spectre x360 (Ryzen 7, 32GB, $1200)","Lenovo ThinkPad X1 Carbon (Ryzen 7, 32GB, $1400)",-0.89794921875,-0.52294921875
5,"HP Spectre x360 (Ryzen 7, 32GB, $1200)","Apple MacBook Air M3 (M3, 16GB, $1800)",-0.88916015625,-0.52978515625
5,"HP Spectre x360 (Ryzen 7, 32GB, $1200)","Apple MacBook Pro 14-inch (M3, 32GB, $2220)",-0.8984375,-0.5234375
5,"HP Spectre x360 (Ryzen 7, 32GB, $1200)","Apple MacBook Pro 16-inch (M3, 64GB, $2800)",-0.8798828125,-0.5361328125
5,"Dell XPS 15 (i7, 32GB, $1500)","ASUS VivoBook 15 (i3, 8GB, $450)",-0.8798828125,-0.5361328125
5,"Dell XPS 15 (i7, 32GB, $1500)","Lenovo IdeaPad 3 (i5, 8GB, $550)",-0.8896484375,-0.5302734375
5,"Dell XPS 15 (i7, 32GB, $1500)","HP Pavilion 15 (Ryzen 5, 8GB, $600)",-0.8173828125,-0.5830078125
5,"Dell XPS 15 (i7, 32GB, $1500)","ASUS ZenBook 14 (i5, 16GB, $700)",-1.10546875,-0.402099609375
5,"Dell XPS 15 (i7, 32GB, $1500)","Lenovo ThinkPad E14 (Ryzen 5, 16GB, $800)",-0.8349609375,-0.5693359375
5,"Dell XPS 15 (i7, 32GB, $1500)","Dell Inspiron 16 (i7, 16GB, $1100)",-0.935546875,-0.498046875
5,"Dell XPS 15 (i7, 32GB, $1500)","HP Spectre x360 (Ryzen 7, 32GB, $1200)",-0.96435546875,-0.480224609375
5,"Dell XPS 15 (i7, 32GB, $1500)","Lenovo ThinkPad X1 Carbon (Ryzen 7, 32GB, $1400)",-0.9072265625,-0.5166015625
5,"Dell XPS 15 (i7, 32GB, $1500)","Apple MacBook Air M3 (M3, 16GB, $1800)",-0.9169921875,-0.5107421875
5,"Dell XPS 15 (i7, 32GB, $1500)","Apple MacBook Pro 14-inch (M3, 32GB, $2220)",-0.8798828125,-0.5361328125
5,"Dell XPS 15 (i7, 32GB, $1500)","Apple MacBook Pro 16-inch (M3, 64GB, $2800)",-0.88916015625,-0.52978515625
5,"Lenovo ThinkPad X1 Carbon (Ryzen 7, 32GB, $1400)","ASUS VivoBook 15 (i3, 8GB, $450)",-0.62548828125,-0.76611328125
5,"Lenovo ThinkPad X1 Carbon (Ryzen 7, 32GB, $1400)","Lenovo IdeaPad 3 (i5, 8GB, $550)",-0.7021484375,-0.6865234375
5,"Lenovo ThinkPad X1 Carbon (Ryzen 7, 32GB, $1400)","HP Pavilion 15 (Ryzen 5, 8GB, $600)",-0.6181640625,-0.7744140625
5,"Lenovo ThinkPad X1 Carbon (Ryzen 7, 32GB, $1400)","ASUS ZenBook 14 (i5, 16GB, $700)",-0.80859375,-0.58984375
5,"Lenovo ThinkPad X1 Carbon (Ryzen 7, 32GB, $1400)","Lenovo ThinkPad E14 (Ryzen 5, 16GB, $800)",-0.685546875,-0.701171875
5,"Lenovo ThinkPad X1 Carbon (Ryzen 7, 32GB, $1400)","Dell Inspiron 16 (i7, 16GB, $1100)",-0.73291015625,-0.65478515625
5,"Lenovo ThinkPad X1 Carbon (Ryzen 7, 32GB, $1400)","HP Spectre x360 (Ryzen 7, 32GB, $1200)",-0.74951171875,-0.64013671875
5,"Lenovo ThinkPad X1 Carbon (Ryzen 7, 32GB, $1400)","Dell XPS 15 (i7, 32GB, $1500)",-0.7744140625,-0.6181640625
5,"Lenovo ThinkPad X1 Carbon (Ryzen 7, 32GB, $1400)","Apple MacBook Air M3 (M3, 16GB, $1800)",-0.708984375,-0.677734375
5,"Lenovo ThinkPad X1 Carbon (Ryzen 7, 32GB, $1400)","Apple MacBook Pro 14-inch (M3, 32GB, $2220)",-0.708984375,-0.677734375
5,"Lenovo ThinkPad X1 Carbon (Ryzen 7, 32GB, $1400)","Apple MacBook Pro 16-inch (M3, 64GB, $2800)",-0.708984375,-0.677734375
5,"Apple MacBook Air M3 (M3, 16GB, $1800)","ASUS VivoBook 15 (i3, 8GB, $450)",-0.685546875,-0.701171875
5,"Apple MacBook Air M3 (M3, 16GB, $1800)","Lenovo IdeaPad 3 (i5, 8GB, $550)",-0.70947265625,-0.67822265625
5,"Apple MacBook Air M3 (M3, 16GB, $1800)","HP Pavilion 15 (Ryzen 5, 8GB, $600)",-0.6474609375,-0.7412109375
5,"Apple MacBook Air M3 (M3, 16GB, $1800)","ASUS ZenBook 14 (i5, 16GB, $700)",-0.9072265625,-0.5166015625
5,"Apple MacBook Air M3 (M3, 16GB, $1800)","Lenovo ThinkPad E14 (Ryzen 5, 16GB, $800)",-0.66259765625,-0.72509765625
5,"Apple MacBook Air M3 (M3, 16GB, $1800)","Dell Inspiron 16 (i7, 16GB, $1100)",-0.78271484375,-0.61083984375
5,"Apple MacBook Air M3 (M3, 16GB, $1800)","HP Spectre x360 (Ryzen 7, 32GB, $1200)",-0.78271484375,-0.61083984375
5,"Apple MacBook Air M3 (M3, 16GB, $1800)","Dell XPS 15 (i7, 32GB, $1500)",-0.78271484375,-0.61083984375
5,"Apple MacBook Air M3 (M3, 16GB, $1800)","Lenovo ThinkPad X1 Carbon (Ryzen 7, 32GB, $1400)",-0.76611328125,-0.62548828125
5,"Apple MacBook Air M3 (M3, 16GB, $1800)","Apple MacBook Pro 14-inch (M3, 32GB, $2220)",-0.861328125,-0.548828125
5,"Apple MacBook Air M3 (M3, 16GB, $1800)","Apple MacBook Pro 16-inch (M3, 64GB, $2800)",-0.84375,-0.5625
5,"Apple MacBook Pro 14-inch (M3, 32GB, $2220)","ASUS VivoBook 15 (i3, 8GB, $450)",-0.5966796875,-0.7998046875
5,"Apple MacBook Pro 14-inch (M3, 32GB, $2220)","Lenovo IdeaPad 3 (i5, 8GB, $550)",-0.6259765625,-0.7666015625
5,"Apple MacBook Pro 14-inch (M3, 32GB, $2220)","HP Pavilion 15 (Ryzen 5, 8GB, $600)",-0.576171875,-0.826171875
5,"Apple MacBook Pro 14-inch (M3, 32GB, $2220)","ASUS ZenBook 14 (i5, 16GB, $700)",-0.78271484375,-0.61083984375
5,"Apple MacBook Pro 14-inch (M3, 32GB, $2220)","Lenovo ThinkPad E14 (Ryzen 5, 16GB, $800)",-0.5966796875,-0.7998046875
5,"Apple MacBook Pro 14-inch (M3, 32GB, $2220)","Dell Inspiron 16 (i7, 16GB, $1100)",-0.66259765625,-0.72509765625
5,"Apple MacBook Pro 14-inch (M3, 32GB, $2220)","HP Spectre x360 (Ryzen 7, 32GB, $1200)",-0.7412109375,-0.6474609375
5,"Apple MacBook Pro 14-inch (M3, 32GB, $2220)","Dell XPS 15 (i7, 32GB, $1500)",-0.693359375,-0.693359375
5,"Apple MacBook Pro 14-inch (M3, 32GB, $2220)","Lenovo ThinkPad X1 Carbon (Ryzen 7, 32GB, $1400)",-0.716796875,-0.669921875
5,"Apple MacBook Pro 14-inch (M3, 32GB, $2220)","Apple MacBook Air M3 (M3, 16GB, $1800)",-0.66259765625,-0.72509765625
5,"Apple MacBook Pro 14-inch (M3, 32GB, $2220)","Apple MacBook Pro 16-inch (M3, 64GB, $2800)",-0.701171875,-0.685546875
5,"Apple MacBook Pro 16-inch (M3, 64GB, $2800)","ASUS VivoBook 15 (i3, 8GB, $450)",-0.61083984375,-0.78271484375
5,"Apple MacBook Pro 16-inch (M3, 64GB, $2800)","Lenovo IdeaPad 3 (i5, 8GB, $550)",-0.65576171875,-0.73388671875
5,"Apple MacBook Pro 16-inch (M3, 64GB, $2800)","HP Pavilion 15 (Ryzen 5, 8GB, $600)",-0.576171875,-0.826171875
5,"Apple MacBook Pro 16-inch (M3, 64GB, $2800)","ASUS ZenBook 14 (i5, 16GB, $700)",-0.8173828125,-0.5830078125
5,"Apple MacBook Pro 16-inch (M3, 64GB, $2800)","Lenovo ThinkPad E14 (Ryzen 5, 16GB, $800)",-0.61083984375,-0.78271484375
5,"Apple MacBook Pro 16-inch (M3, 64GB, $2800)","Dell Inspiron 16 (i7, 16GB, $1100)",-0.693359375,-0.693359375
5,"Apple MacBook Pro 16-inch (M3, 64GB, $2800)","HP Spectre x360 (Ryzen 7, 32GB, $1200)",-0.76611328125,-0.62548828125
5,"Apple MacBook Pro 16-inch (M3, 64GB, $2800)","Dell XPS 15 (i7, 32GB, $1500)",-0.701171875,-0.685546875
5,"Apple MacBook Pro 16-inch (M3, 64GB, $2800)","Lenovo ThinkPad X1 Carbon (Ryzen 7, 32GB, $1400)",-0.7578125,-0.6328125
5,"Apple MacBook Pro 16-inch (M3, 64GB, $2800)","Apple MacBook Air M3 (M3, 16GB, $1800)",-0.7412109375,-0.6474609375
5,"Apple MacBook Pro 16-inch (M3, 64GB, $2800)","Apple MacBook Pro 14-inch (M3, 32GB, $2220)",-0.669921875,-0.716796875
6,"ASUS VivoBook 15 (i3, 8GB, $450)","Lenovo IdeaPad 3 (i5, 8GB, $550)",-1.490234375,-0.255615234375
6,"ASUS VivoBook 15 (i3, 8GB, $450)","HP Pavilion 15 (Ryzen 5, 8GB, $600)",-1.513671875,-0.24853515625
6,"ASUS VivoBook 15 (i3, 8GB, $450)","ASUS ZenBook 14 (i5, 16GB, $700)",-1.9638671875,-0.1512451171875
6,"ASUS VivoBook 15 (i3, 8GB, $450)","Lenovo ThinkPad E14 (Ryzen 5, 16GB, $800)",-1.34765625,-0.30078125
6,"ASUS VivoBook 15 (i3, 8GB, $450)","Dell Inspiron 16 (i7, 16GB, $1100)",-1.4658203125,-0.2626953125
6,"ASUS VivoBook 15 (i3, 8GB, $450)","HP Spectre x360 (Ryzen 7, 32GB, $1200)",-1.513671875,-0.24853515625
6,"ASUS VivoBook 15 (i3, 8GB, $450)","Dell XPS 15 (i7, 32GB, $1500)",-1.4658203125,-0.2626953125
6,"ASUS VivoBook 15 (i3, 8GB, $450)","Lenovo ThinkPad X1 Carbon (Ryzen 7, 32GB, $1400)",-1.39453125,-0.28515625
6,"ASUS VivoBook 15 (i3, 8GB, $450)","Apple MacBook Air M3 (M3, 16GB, $1800)",-1.3359375,-0.304931640625
6,"ASUS VivoBook 15 (i3, 8GB, $450)","Apple MacBook Pro 14-inch (M3, 32GB, $2220)",-1.2568359375,-0.3349609375
6,"ASUS VivoBook 15 (i3, 8GB, $450)","Apple MacBook Pro 16-inch (M3, 64GB, $2800)",-1.2236328125,-0.348388671875
6,"Lenovo IdeaPad 3 (i5, 8GB, $550)","ASUS VivoBook 15 (i3, 8GB, $450)",-1.576171875,-0.2320556640625
6,"Lenovo IdeaPad 3 (i5, 8GB, $550)","HP Pavilion 15 (Ryzen 5, 8GB, $600)",-1.5263671875,-0.24560546875
6,"Lenovo IdeaPad 3 (i5, 8GB, $550)","ASUS ZenBook 14 (i5, 16GB, $700)",-1.9775390625,-0.1492919921875
6,"Lenovo IdeaPad 3 (i5, 8GB, $550)","Lenovo ThinkPad E14 (Ryzen 5, 16GB, $800)",-1.6767578125,-0.2080078125
6,"Lenovo IdeaPad 3 (i5, 8GB, $550)","Dell Inspiron 16 (i7, 16GB, $1100)",-1.61328125,-0.2227783203125
6,"Lenovo IdeaPad 3 (i5, 8GB, $550)","HP Spectre x360 (Ryzen 7, 32GB, $1200)",-1.466796875,-0.26318359375
6,"Lenovo IdeaPad 3 (i5, 8GB, $550)","Dell XPS 15 (i7, 32GB, $1500)",-1.6513671875,-0.2137451171875
6,"Lenovo IdeaPad 3 (i5, 8GB, $550)","Lenovo ThinkPad X1 Carbon (Ryzen 7, 32GB, $1400)",-1.7412109375,-0.19384765625
6,"Lenovo IdeaPad 3 (i5, 8GB, $550)","Apple MacBook Air M3 (M3, 16GB, $1800)",-1.34765625,-0.30126953125
6,"Lenovo IdeaPad 3 (i5, 8GB, $550)","Apple MacBook Pro 14-inch (M3, 32GB, $2220)",-1.2568359375,-0.33544921875
6,"Lenovo IdeaPad 3 (i5, 8GB, $550)","Apple MacBook Pro 16-inch (M3, 64GB, $2800)",-1.2021484375,-0.358154296875
6,"HP Pavilion 15 (Ryzen 5, 8GB, $600)","ASUS VivoBook 15 (i3, 8GB, $450)",-1.513671875,-0.24853515625
6,"HP Pavilion 15 (Ryzen 5, 8GB, $600)","Lenovo IdeaPad 3 (i5, 8GB, $550)",-1.5517578125,-0.239013671875
6,"HP Pavilion 15 (Ryzen 5, 8GB, $600)","ASUS ZenBook 14 (i5, 16GB, $700)",-2.00390625,-0.144775390625
6,"HP Pavilion 15 (Ryzen 5, 8GB, $600)","Lenovo ThinkPad E14 (Ryzen 5, 16GB, $800)",-1.6005859375,-0.2254638671875
6,"HP Pavilion 15 (Ryzen 5, 8GB, $600)","Dell Inspiron 16 (i7, 16GB, $1100)",-1.6376953125,-0.2161865234375
6,"HP Pavilion 15 (Ryzen 5, 8GB, $600)","HP Spectre x360 (Ryzen 7, 32GB, $1200)",-2.140625,-0.1251220703125
6,"HP Pavilion 15 (Ryzen 5, 8GB, $600)","Dell XPS 15 (i7, 32GB, $1500)",-1.6376953125,-0.2161865234375
6,"HP Pavilion 15 (Ryzen 5, 8GB, $600)","Lenovo ThinkPad X1 Carbon (Ryzen 7, 32GB, $1400)",-1.701171875,-0.201416015625
6,"HP Pavilion 15 (Ryzen 5, 8GB, $600)","Apple MacBook Air M3 (M3, 16GB, $1800)",-1.39453125,-0.284912109375
6,"HP Pavilion 15 (Ryzen 5, 8GB, $600)","Apple MacBook Pro 14-inch (M3, 32GB, $2220)",-1.359375,-0.296875
6,"HP Pavilion 15 (Ryzen 5, 8GB, $600)","Apple MacBook Pro 16-inch (M3, 64GB, $2800)",-1.3251953125,-0.30908203125
6,"ASUS ZenBook 14 (i5, 16GB, $700)","ASUS VivoBook 15 (i3, 8GB, $450)",-1.41796875,-0.27734375
6,"ASUS ZenBook 14 (i5, 16GB, $700)","Lenovo IdeaPad 3 (i5, 8GB, $550)",-1.41796875,-0.277587890625
6,"ASUS ZenBook 14 (i5, 16GB, $700)","HP Pavilion 15 (Ryzen 5, 8GB, $600)",-1.41796875,-0.27734375
6,"ASUS ZenBook 14 (i5, 16GB, $700)","Lenovo ThinkPad E14 (Ryzen 5, 16GB, $800)",-1.501953125,-0.251953125
6,"ASUS ZenBook 14 (i5, 16GB, $700)","Dell Inspiron 16 (i7, 16GB, $1100)",-1.5263671875,-0.2451171875
6,"ASUS ZenBook 14 (i5, 16GB, $700)","HP Spectre x360 (Ryzen 7, 32GB, $1200)",-1.67578125,-0.207275390625
6,"ASUS ZenBook 14 (i5, 16GB, $700)","Dell XPS 15 (i7, 32GB, $1500)",-1.513671875,-0.24853515625
6,"ASUS ZenBook 14 (i5, 16GB, $700)","Lenovo ThinkPad X1 Carbon (Ryzen 7, 32GB, $1400)",-1.513671875,-0.24853515625
6,"ASUS ZenBook 14 (i5, 16GB, $700)","Apple MacBook Air M3 (M3, 16GB, $1800)",-1.39453125,-0.284912109375
6,"ASUS ZenBook 14 (i5, 16GB, $700)","Apple MacBook Pro 14-inch (M3, 32GB, $2220)",-1.24609375,-0.33935546875
6,"ASUS ZenBook 14 (i5, 16GB, $700)","Apple MacBook Pro 16-inch (M3, 64GB, $2800)",-1.201171875,-0.357666015625
6,"Lenovo ThinkPad E14 (Ryzen 5, 16GB, $800)","ASUS VivoBook 15 (i3, 8GB, $450)",-1.1162109375,-0.39697265625
6,"Lenovo ThinkPad E14 (Ryzen 5, 16GB, $800)","Lenovo IdeaPad 3 (i5, 8GB, $550)",-1.2919921875,-0.32275390625
6,"Lenovo ThinkPad E14 (Ryzen 5, 16GB, $800)","HP Pavilion 15 (Ryzen 5, 8GB, $600)",-1.2236328125,-0.348388671875
6,"Lenovo ThinkPad E14 (Ryzen 5, 16GB, $800)","ASUS ZenBook 14 (i5, 16GB, $700)",-1.61328125,-0.2222900390625
6,"Lenovo ThinkPad E14 (Ryzen 5, 16GB, $800)","Dell Inspiron 16 (i7, 16GB, $1100)",-1.39453125,-0.284912109375
6,"Lenovo ThinkPad E14 (Ryzen 5, 16GB, $800)","HP Spectre x360 (Ryzen 7, 32GB, $1200)",-1.3134765625,-0.313232421875
6,"Lenovo ThinkPad E14 (Ryzen 5, 16GB, $800)","Dell XPS 15 (i7, 32GB, $1500)",-1.37109375,-0.29296875
6,"Lenovo ThinkPad E14 (Ryzen 5, 16GB, $800)","Lenovo ThinkPad X1 Carbon (Ryzen 7, 32GB, $1400)",-1.44140625,-0.27001953125
6,"Lenovo ThinkPad E14 (Ryzen 5, 16GB, $800)","Apple MacBook Air M3 (M3, 16GB, $1800)",-1.1162109375,-0.39697265625
6,"Lenovo ThinkPad E14 (Ryzen 5, 16GB, $800)","Apple MacBook Pro 14-inch (M3, 32GB, $2220)",-1.00390625,-0.456787109375
6,"Lenovo ThinkPad E14 (Ryzen 5, 16GB, $800)","Apple MacBook Pro 16-inch (M3, 64GB, $2800)",-0.98388671875,-0.46826171875
6,"Dell Inspiron 16 (i7, 16GB, $1100)","ASUS VivoBook 15 (i3, 8GB, $450)",-1.513671875,-0.24853515625
6,"Dell Inspiron 16 (i7, 16GB, $1100)","Lenovo IdeaPad 3 (i5, 8GB, $550)",-1.5146484375,-0.2489013671875
6,"Dell Inspiron 16 (i7, 16GB, $1100)","HP Pavilion 15 (Ryzen 5, 8GB, $600)",-1.41796875,-0.27734375
6,"Dell Inspiron 16 (i7, 16GB, $1100)","ASUS ZenBook 14 (i5, 16GB, $700)",-1.9365234375,-0.1556396484375
6,"Dell Inspiron 16 (i7, 16GB, $1100)","Lenovo ThinkPad E14 (Ryzen 5, 16GB, $800)",-1.5751953125,-0.2318115234375
6,"Dell Inspiron 16 (i7, 16GB, $1100)","HP Spectre x360 (Ryzen 7, 32GB, $1200)",-1.8974609375,-0.16259765625
6,"Dell Inspiron 16 (i7, 16GB, $1100)","Dell XPS 15 (i7, 32GB, $1500)",-2.03125,-0.140625
6,"Dell Inspiron 16 (i7, 16GB, $1100)","Lenovo ThinkPad X1 Carbon (Ryzen 7, 32GB, $1400)",-1.8046875,-0.1798095703125
6,"Dell Inspiron 16 (i7, 16GB, $1100)","Apple MacBook Air M3 (M3, 16GB, $1800)",-1.701171875,-0.201416015625
6,"Dell Inspiron 16 (i7, 16GB, $1100)","Apple MacBook Pro 14-inch (M3, 32GB, $2220)",-1.5263671875,-0.2451171875
6,"Dell Inspiron 16 (i7, 16GB, $1100)","Apple MacBook Pro 16-inch (M3, 64GB, $2800)",-1.513671875,-0.24853515625
6,"HP Spectre x360 (Ryzen 7, 32GB, $1200)","ASUS VivoBook 15 (i3, 8GB, $450)",-0.935546875,-0.498291015625
6,"HP Spectre x360 (Ryzen 7, 32GB, $1200)","Lenovo IdeaPad 3 (i5, 8GB, $550)",-0.9169921875,-0.5107421875
6,"HP Spectre x360 (Ryzen 7, 32GB, $1200)","HP Pavilion 15 (Ryzen 5, 8GB, $600)",-1.0947265625,-0.407470703125
6,"HP Spectre x360 (Ryzen 7, 32GB, $1200)","ASUS ZenBook 14 (i5, 16GB, $700)",-1.267578125,-0.33056640625
6,"HP Spectre x360 (Ryzen 7, 32GB, $1200)","Lenovo ThinkPad E14 (Ryzen 5, 16GB, $800)",-1.0439453125,-0.434326171875
6,"HP Spectre x360 (Ryzen 7, 32GB, $1200)","Dell Inspiron 16 (i7, 16GB, $1100)",-1.279296875,-0.326171875
6,"HP Spectre x360 (Ryzen 7, 32GB, $1200)","Dell XPS 15 (i7, 32GB, $1500)",-1.41796875,-0.27734375
6,"HP Spectre x360 (Ryzen 7, 32GB, $1200)","Lenovo ThinkPad X1 Carbon (Ryzen 7, 32GB, $1400)",-1.34765625,-0.301025390625
6,"HP Spectre x360 (Ryzen 7, 32GB, $1200)","Apple MacBook Air M3 (M3, 16GB, $1800)",-1.1689453125,-0.3720703125
6,"HP Spectre x360 (Ryzen 7, 32GB, $1200)","Apple MacBook Pro 14-inch (M3, 32GB, $2220)",-1.1259765625,-0.39208984375
6,"HP Spectre x360 (Ryzen 7, 32GB, $1200)","Apple MacBook Pro 16-inch (M3, 64GB, $2800)",-1.0439453125,-0.434326171875
6,"Dell XPS 15 (i7, 32GB, $1500)","ASUS VivoBook 15 (i3, 8GB, $450)",-1.3017578125,-0.317626953125
6,"Dell XPS 15 (i7, 32GB, $1500)","Lenovo IdeaPad 3 (i5, 8GB, $550)",-1.279296875,-0.326416015625
6,"Dell XPS 15 (i7, 32GB, $1500)","HP Pavilion 15 (Ryzen 5, 8GB, $600)",-1.267578125,-0.33056640625
6,"Dell XPS 15 (i7, 32GB, $1500)","ASUS ZenBook 14 (i5, 16GB, $700)",-1.5634765625,-0.235107421875
6,"Dell XPS 15 (i7, 32GB, $1500)","Lenovo ThinkPad E14 (Ryzen 5, 16GB, $800)",-1.3134765625,-0.313232421875
6,"Dell XPS 15 (i7, 32GB, $1500)","Dell Inspiron 16 (i7, 16GB, $1100)",-1.587890625,-0.2286376953125
6,"Dell XPS 15 (i7, 32GB, $1500)","HP Spectre x360 (Ryzen 7, 32GB, $1200)",-1.39453125,-0.28515625
6,"Dell XPS 15 (i7, 32GB, $1500)","Lenovo ThinkPad X1 Carbon (Ryzen 7, 32GB, $1400)",-1.4775390625,-0.259033203125
6,"Dell XPS 15 (i7, 32GB, $1500)","Apple MacBook Air M3 (M3, 16GB, $1800)",-1.3251953125,-0.30908203125
6,"Dell XPS 15 (i7, 32GB, $1500)","Apple MacBook Pro 14-inch (M3, 32GB, $2220)",-1.359375,-0.296875
6,"Dell XPS 15 (i7, 32GB, $1500)","Apple MacBook Pro 16-inch (M3, 64GB, $2800)",-1.3017578125,-0.317626953125
6,"Lenovo ThinkPad X1 Carbon (Ryzen 7, 32GB, $1400)","ASUS VivoBook 15 (i3, 8GB, $450)",-0.89794921875,-0.52294921875
6,"Lenovo ThinkPad X1 Carbon (Ryzen 7, 32GB, $1400)","Lenovo IdeaPad 3 (i5, 8GB, $550)",-1.00390625,-0.45703125
6,"Lenovo ThinkPad X1 Carbon (Ryzen 7, 32GB, $1400)","HP Pavilion 15 (Ryzen 5, 8GB, $600)",-0.9453125,-0.4921875
6,"Lenovo ThinkPad X1 Carbon (Ryzen 7, 32GB, $1400)","ASUS ZenBook 14 (i5, 16GB, $700)",-1.1904296875,-0.362548828125
6,"Lenovo ThinkPad X1 Carbon (Ryzen 7, 32GB, $1400)","Lenovo ThinkPad E14 (Ryzen 5, 16GB, $800)",-1.07421875,-0.41796875
6,"Lenovo ThinkPad X1 Carbon (Ryzen 7, 32GB, $1400)","Dell Inspiron 16 (i7, 16GB, $1100)",-1.13671875,-0.386962890625
6,"Lenovo ThinkPad X1 Carbon (Ryzen 7, 32GB, $1400)","HP Spectre x360 (Ryzen 7, 32GB, $1200)",-1.1162109375,-0.39697265625
6,"Lenovo ThinkPad X1 Carbon (Ryzen 7, 32GB, $1400)","Dell XPS 15 (i7, 32GB, $1500)",-1.3134765625,-0.313232421875
6,"Lenovo ThinkPad X1 Carbon (Ryzen 7, 32GB, $1400)","Apple MacBook Air M3 (M3, 16GB, $1800)",-0.98388671875,-0.46826171875
6,"Lenovo ThinkPad X1 Carbon (Ryzen 7, 32GB, $1400)","Apple MacBook Pro 14-inch (M3, 32GB, $2220)",-0.96435546875,-0.47998046875
6,"Lenovo ThinkPad X1 Carbon (Ryzen 7, 32GB, $1400)","Apple MacBook Pro 16-inch (M3, 64GB, $2800)",-0.88916015625,-0.52978515625
6,"Apple MacBook Air M3 (M3, 16GB, $1800)","ASUS VivoBook 15 (i3, 8GB, $450)",-1.0849609375,-0.41259765625
6,"Apple MacBook Air M3 (M3, 16GB, $1800)","Lenovo IdeaPad 3 (i5, 8GB, $550)",-1.0537109375,-0.428955078125
6,"Apple MacBook Air M3 (M3, 16GB, $1800)","HP Pavilion 15 (Ryzen 5, 8GB, $600)",-0.95458984375,-0.486083984375
6,"Apple MacBook Air M3 (M3, 16GB, $1800)","ASUS ZenBook 14 (i5, 16GB, $700)",-1.39453125,-0.28515625
6,"Apple MacBook Air M3 (M3, 16GB, $1800)","Lenovo ThinkPad E14 (Ryzen 5, 16GB, $800)",-1.07421875,-0.41796875
6,"Apple MacBook Air M3 (M3, 16GB, $1800)","Dell Inspiron 16 (i7, 16GB, $1100)",-1.24609375,-0.33935546875
6,"Apple MacBook Air M3 (M3, 16GB, $1800)","HP Spectre x360 (Ryzen 7, 32GB, $1200)",-1.13671875,-0.386962890625
6,"Apple MacBook Air M3 (M3, 16GB, $1800)","Dell XPS 15 (i7, 32GB, $1500)",-1.291015625,-0.32177734375
6,"Apple MacBook Air M3 (M3, 16GB, $1800)","Lenovo ThinkPad X1 Carbon (Ryzen 7, 32GB, $1400)",-1.2236328125,-0.3486328125
6,"Apple MacBook Air M3 (M3, 16GB, $1800)","Apple MacBook Pro 14-inch (M3, 32GB, $2220)",-1.55078125,-0.2384033203125
6,"Apple MacBook Air M3 (M3, 16GB, $1800)","Apple MacBook Pro 16-inch (M3, 64GB, $2800)",-1.44140625,-0.27001953125
6,"Apple MacBook Pro 14-inch (M3, 32GB, $2220)","ASUS VivoBook 15 (i3, 8GB, $450)",-0.8173828125,-0.5830078125
6,"Apple MacBook Pro 14-inch (M3, 32GB, $2220)","Lenovo IdeaPad 3 (i5, 8GB, $550)",-0.80029296875,-0.59716796875
6,"Apple MacBook Pro 14-inch (M3, 32GB, $2220)","HP Pavilion 15 (Ryzen 5, 8GB, $600)",-0.8525390625,-0.5556640625
6,"Apple MacBook Pro 14-inch (M3, 32GB, $2220)","ASUS ZenBook 14 (i5, 16GB, $700)",-1.10546875,-0.402099609375
6,"Apple MacBook Pro 14-inch (M3, 32GB, $2220)","Lenovo ThinkPad E14 (Ryzen 5, 16GB, $800)",-0.9169921875,-0.5107421875
6,"Apple MacBook Pro 14-inch (M3, 32GB, $2220)","Dell Inspiron 16 (i7, 16GB, $1100)",-1.0634765625,-0.42333984375
6,"Apple MacBook Pro 14-inch (M3, 32GB, $2220)","HP Spectre x360 (Ryzen 7, 32GB, $1200)",-1.0234375,-0.4453125
6,"Apple MacBook Pro 14-inch (M3, 32GB, $2220)","Dell XPS 15 (i7, 32GB, $1500)",-1.201171875,-0.357666015625
6,"Apple MacBook Pro 14-inch (M3, 32GB, $2220)","Lenovo ThinkPad X1 Carbon (Ryzen 7, 32GB, $1400)",-1.1162109375,-0.39697265625
6,"Apple MacBook Pro 14-inch (M3, 32GB, $2220)","Apple MacBook Air M3 (M3, 16GB, $1800)",-1.234375,-0.343994140625
6,"Apple MacBook Pro 14-inch (M3, 32GB, $2220)","Apple MacBook Pro 16-inch (M3, 64GB, $2800)",-1.40625,-0.28125
6,"Apple MacBook Pro 16-inch (M3, 64GB, $2800)","ASUS VivoBook 15 (i3, 8GB, $450)",-0.87060546875,-0.54248046875
6,"Apple MacBook Pro 16-inch (M3, 64GB, $2800)","Lenovo IdeaPad 3 (i5, 8GB, $550)",-0.8798828125,-0.5361328125
6,"Apple MacBook Pro 16-inch (M3, 64GB, $2800)","HP Pavilion 15 (Ryzen 5, 8GB, $600)",-0.8798828125,-0.5361328125
6,"Apple MacBook Pro 16-inch (M3, 64GB, $2800)","ASUS ZenBook 14 (i5, 16GB, $700)",-1.212890625,-0.35302734375
6,"Apple MacBook Pro 16-inch (M3, 64GB, $2800)","Lenovo ThinkPad E14 (Ryzen 5, 16GB, $800)",-0.99365234375,-0.46240234375
6,"Apple MacBook Pro 16-inch (M3, 64GB, $2800)","Dell Inspiron 16 (i7, 16GB, $1100)",-1.1689453125,-0.3720703125
6,"Apple MacBook Pro 16-inch (M3, 64GB, $2800)","HP Spectre x360 (Ryzen 7, 32GB, $1200)",-1.07421875,-0.41796875
6,"Apple MacBook Pro 16-inch (M3, 64GB, $2800)","Dell XPS 15 (i7, 32GB, $1500)",-1.234375,-0.343994140625
6,"Apple MacBook Pro 16-inch (M3, 64GB, $2800)","Lenovo ThinkPad X1 Carbon (Ryzen 7, 32GB, $1400)",-1.1689453125,-0.3720703125
6,"Apple MacBook Pro 16-inch (M3, 64GB, $2800)","Apple MacBook Air M3 (M3, 16GB, $1800)",-1.44140625,-0.269775390625
6,"Apple MacBook Pro 16-inch (M3, 64GB, $2800)","Apple MacBook Pro 14-inch (M3, 32GB, $2220)",-1.39453125,-0.284912109375
7,"ASUS VivoBook 15 (i3, 8GB, $450)","Lenovo IdeaPad 3 (i5, 8GB, $550)",-1.4306640625,-0.2744140625
7,"ASUS VivoBook 15 (i3, 8GB, $450)","HP Pavilion 15 (Ryzen 5, 8GB, $600)",-1.5146484375,-0.24853515625
7,"ASUS VivoBook 15 (i3, 8GB, $450)","ASUS ZenBook 14 (i5, 16GB, $700)",-1.84375,-0.1722412109375
7,"ASUS VivoBook 15 (i3, 8GB, $450)","Lenovo ThinkPad E14 (Ryzen 5, 16GB, $800)",-1.4296875,-0.273681640625
7,"ASUS VivoBook 15 (i3, 8GB, $450)","Dell Inspiron 16 (i7, 16GB, $1100)",-1.4541015625,-0.266357421875
7,"ASUS VivoBook 15 (i3, 8GB, $450)","HP Spectre x360 (Ryzen 7, 32GB, $1200)",-1.587890625,-0.228759765625
7,"ASUS VivoBook 15 (i3, 8GB, $450)","Dell XPS 15 (i7, 32GB, $1500)",-1.490234375,-0.255615234375
7,"ASUS VivoBook 15 (i3, 8GB, $450)","Lenovo ThinkPad X1 Carbon (Ryzen 7, 32GB, $1400)",-1.490234375,-0.255615234375
7,"ASUS VivoBook 15 (i3, 8GB, $450)","Apple MacBook Air M3 (M3, 16GB, $1800)",-1.40625,-0.28125
7,"ASUS VivoBook 15 (i3, 8GB, $450)","Apple MacBook Pro 14-inch (M3, 32GB, $2220)",-1.37109375,-0.29296875
7,"ASUS VivoBook 15 (i3, 8GB, $450)","Apple MacBook Pro 16-inch (M3, 64GB, $2800)",-1.3359375,-0.304931640625
7,"Lenovo IdeaPad 3 (i5, 8GB, $550)","ASUS VivoBook 15 (i3, 8GB, $450)",-1.5634765625,-0.235595703125
7,"Lenovo IdeaPad 3 (i5, 8GB, $550)","HP Pavilion 15 (Ryzen 5, 8GB, $600)",-1.4189453125,-0.2783203125
7,"Lenovo IdeaPad 3 (i5, 8GB, $550)","ASUS ZenBook 14 (i5, 16GB, $700)",-1.818359375,-0.1778564453125
7,"Lenovo IdeaPad 3 (i5, 8GB, $550)","Lenovo ThinkPad E14 (Ryzen 5, 16GB, $800)",-1.626953125,-0.220947265625
7,"Lenovo IdeaPad 3 (i5, 8GB, $550)","Dell Inspiron 16 (i7, 16GB, $1100)",-1.478515625,-0.260009765625
7,"Lenovo IdeaPad 3 (i5, 8GB, $550)","HP Spectre x360 (Ryzen 7, 32GB, $1200)",-1.52734375,-0.246337890625
7,"Lenovo IdeaPad 3 (i5, 8GB, $550)","Dell XPS 15 (i7, 32GB, $1500)",-1.5771484375,-0.2333984375
7,"Lenovo IdeaPad 3 (i5, 8GB, $550)","Lenovo ThinkPad X1 Carbon (Ryzen 7, 32GB, $1400)",-1.7158203125,-0.2001953125
7,"Lenovo IdeaPad 3 (i5, 8GB, $550)","Apple MacBook Air M3 (M3, 16GB, $1800)",-1.3955078125,-0.285888671875
7,"Lenovo IdeaPad 3 (i5, 8GB, $550)","Apple MacBook Pro 14-inch (M3, 32GB, $2220)",-1.302734375,-0.318359375
7,"Lenovo IdeaPad 3 (i5, 8GB, $550)","Apple MacBook Pro 16-inch (M3, 64GB, $2800)",-1.2578125,-0.335693359375
7,"HP Pavilion 15 (Ryzen 5, 8GB, $600)","ASUS VivoBook 15 (i3, 8GB, $450)",-1.587890625,-0.2286376953125
7,"HP Pavilion 15 (Ryzen 5, 8GB, $600)","Lenovo IdeaPad 3 (i5, 8GB, $550)",-1.482421875,-0.263916015625
7,"HP Pavilion 15 (Ryzen 5, 8GB, $600)","ASUS ZenBook 14 (i5, 16GB, $700)",-2.00390625,-0.1448974609375
7,"HP Pavilion 15 (Ryzen 5, 8GB, $600)","Lenovo ThinkPad E14 (Ryzen 5, 16GB, $800)",-1.587890625,-0.228759765625
7,"HP Pavilion 15 (Ryzen 5, 8GB, $600)","Dell Inspiron 16 (i7, 16GB, $1100)",-1.6005859375,-0.2255859375
7,"HP Pavilion 15 (Ryzen 5, 8GB, $600)","HP Spectre x360 (Ryzen 7, 32GB, $1200)",-2.005859375,-0.1456298828125
7,"HP Pavilion 15 (Ryzen 5, 8GB, $600)","Dell XPS 15 (i7, 32GB, $1500)",-1.67578125,-0.2073974609375
7,"HP Pavilion 15 (Ryzen 5, 8GB, $600)","Lenovo ThinkPad X1 Carbon (Ryzen 7, 32GB, $1400)",-1.6630859375,-0.2103271484375
7,"HP Pavilion 15 (Ryzen 5, 8GB, $600)","Apple MacBook Air M3 (M3, 16GB, $1800)",-1.55078125,-0.2384033203125
7,"HP Pavilion 15 (Ryzen 5, 8GB, $600)","Apple MacBook Pro 14-inch (M3, 32GB, $2220)",-1.501953125,-0.251953125
7,"HP Pavilion 15 (Ryzen 5, 8GB, $600)","Apple MacBook Pro 16-inch (M3, 64GB, $2800)",-1.4775390625,-0.259033203125
7,"ASUS ZenBook 14 (i5, 16GB, $700)","ASUS VivoBook 15 (i3, 8GB, $450)",-1.4296875,-0.273681640625
7,"ASUS ZenBook 14 (i5, 16GB, $700)","Lenovo IdeaPad 3 (i5, 8GB, $550)",-1.349609375,-0.30322265625
7,"ASUS ZenBook 14 (i5, 16GB, $700)","HP Pavilion 15 (Ryzen 5, 8GB, $600)",-1.4296875,-0.273681640625
7,"ASUS ZenBook 14 (i5, 16GB, $700)","Lenovo ThinkPad E14 (Ryzen 5, 16GB, $800)",-1.501953125,-0.251953125
7,"ASUS ZenBook 14 (i5, 16GB, $700)","Dell Inspiron 16 (i7, 16GB, $1100)",-1.501953125,-0.251953125
7,"ASUS ZenBook 14 (i5, 16GB, $700)","HP Spectre x360 (Ryzen 7, 32GB, $1200)",-1.67578125,-0.20751953125
7,"ASUS ZenBook 14 (i5, 16GB, $700)","Dell XPS 15 (i7, 32GB, $1500)",-1.5390625,-0.2418212890625
7,"ASUS ZenBook 14 (i5, 16GB, $700)","Lenovo ThinkPad X1 Carbon (Ryzen 7, 32GB, $1400)",-1.5263671875,-0.2451171875
7,"ASUS ZenBook 14 (i5, 16GB, $700)","Apple MacBook Air M3 (M3, 16GB, $1800)",-1.4541015625,-0.266357421875
7,"ASUS ZenBook 14 (i5, 16GB, $700)","Apple MacBook Pro 14-inch (M3, 32GB, $2220)",-1.39453125,-0.28515625
7,"ASUS ZenBook 14 (i5, 16GB, $700)","Apple MacBook Pro 16-inch (M3, 64GB, $2800)",-1.34765625,-0.301025390625
7,"Lenovo ThinkPad E14 (Ryzen 5, 16GB, $800)","ASUS VivoBook 15 (i3, 8GB, $450)",-1.24609375,-0.33935546875
7,"Lenovo ThinkPad E14 (Ryzen 5, 16GB, $800)","Lenovo IdeaPad 3 (i5, 8GB, $550)",-1.2958984375,-0.32763671875
7,"Lenovo ThinkPad E14 (Ryzen 5, 16GB, $800)","HP Pavilion 15 (Ryzen 5, 8GB, $600)",-1.2685546875,-0.33056640625
7,"Lenovo ThinkPad E14 (Ryzen 5, 16GB, $800)","ASUS ZenBook 14 (i5, 16GB, $700)",-1.6005859375,-0.2254638671875
7,"Lenovo ThinkPad E14 (Ryzen 5, 16GB, $800)","Dell Inspiron 16 (i7, 16GB, $1100)",-1.359375,-0.296875
7,"Lenovo ThinkPad E14 (Ryzen 5, 16GB, $800)","HP Spectre x360 (Ryzen 7, 32GB, $1200)",-1.3828125,-0.2890625
7,"Lenovo ThinkPad E14 (Ryzen 5, 16GB, $800)","Dell XPS 15 (i7, 32GB, $1500)",-1.39453125,-0.28515625
7,"Lenovo ThinkPad E14 (Ryzen 5, 16GB, $800)","Lenovo ThinkPad X1 Carbon (Ryzen 7, 32GB, $1400)",-1.4541015625,-0.266357421875
7,"Lenovo ThinkPad E14 (Ryzen 5, 16GB, $800)","Apple MacBook Air M3 (M3, 16GB, $1800)",-1.279296875,-0.326171875
7,"Lenovo ThinkPad E14 (Ryzen 5, 16GB, $800)","Apple MacBook Pro 14-inch (M3, 32GB, $2220)",-1.1474609375,-0.382080078125
7,"Lenovo ThinkPad E14 (Ryzen 5, 16GB, $800)","Apple MacBook Pro 16-inch (M3, 64GB, $2800)",-1.13671875,-0.386962890625
7,"Dell Inspiron 16 (i7, 16GB, $1100)","ASUS VivoBook 15 (i3, 8GB, $450)",-1.501953125,-0.251953125
7,"Dell Inspiron 16 (i7, 16GB, $1100)","Lenovo IdeaPad 3 (i5, 8GB, $550)",-1.3974609375,-0.288330078125
7,"Dell Inspiron 16 (i7, 16GB, $1100)","HP Pavilion 15 (Ryzen 5, 8GB, $600)",-1.41796875,-0.277587890625
7,"Dell Inspiron 16 (i7, 16GB, $1100)","ASUS ZenBook 14 (i5, 16GB, $700)",-1.8701171875,-0.1673583984375
7,"Dell Inspiron 16 (i7, 16GB, $1100)","Lenovo ThinkPad E14 (Ryzen 5, 16GB, $800)",-1.4775390625,-0.25927734375
7,"Dell Inspiron 16 (i7, 16GB, $1100)","HP Spectre x360 (Ryzen 7, 32GB, $1200)",-1.71484375,-0.198974609375
7,"Dell Inspiron 16 (i7, 16GB, $1100)","Dell XPS 15 (i7, 32GB, $1500)",-1.8974609375,-0.1627197265625
7,"Dell Inspiron 16 (i7, 16GB, $1100)","Lenovo ThinkPad X1 Carbon (Ryzen 7, 32GB, $1400)",-1.638671875,-0.21630859375
7,"Dell Inspiron 16 (i7, 16GB, $1100)","Apple MacBook Air M3 (M3, 16GB, $1800)",-1.6259765625,-0.21923828125
7,"Dell Inspiron 16 (i7, 16GB, $1100)","Apple MacBook Pro 14-inch (M3, 32GB, $2220)",-1.5146484375,-0.2486572265625
7,"Dell Inspiron 16 (i7, 16GB, $1100)","Apple MacBook Pro 16-inch (M3, 64GB, $2800)",-1.501953125,-0.251953125
7,"HP Spectre x360 (Ryzen 7, 32GB, $1200)","ASUS VivoBook 15 (i3, 8GB, $450)",-1.0947265625,-0.407470703125
7,"HP Spectre x360 (Ryzen 7, 32GB, $1200)","Lenovo IdeaPad 3 (i5, 8GB, $550)",-1.03515625,-0.441650390625
7,"HP Spectre x360 (Ryzen 7, 32GB, $1200)","HP Pavilion 15 (Ryzen 5, 8GB, $600)",-1.1904296875,-0.36279296875
7,"HP Spectre x360 (Ryzen 7, 32GB, $1200)","ASUS ZenBook 14 (i5, 16GB, $700)",-1.3251953125,-0.309326171875
7,"HP Spectre x360 (Ryzen 7, 32GB, $1200)","Lenovo ThinkPad E14 (Ryzen 5, 16GB, $800)",-1.1376953125,-0.38720703125
7,"HP Spectre x360 (Ryzen 7, 32GB, $1200)","Dell Inspiron 16 (i7, 16GB, $1100)",-1.2685546875,-0.330810546875
7,"HP Spectre x360 (Ryzen 7, 32GB, $1200)","Dell XPS 15 (i7, 32GB, $1500)",-1.39453125,-0.285400390625
7,"HP Spectre x360 (Ryzen 7, 32GB, $1200)","Lenovo ThinkPad X1 Carbon (Ryzen 7, 32GB, $1400)",-1.37109375,-0.293212890625
7,"HP Spectre x360 (Ryzen 7, 32GB, $1200)","Apple MacBook Air M3 (M3, 16GB, $1800)",-1.279296875,-0.326416015625
7,"HP Spectre x360 (Ryzen 7, 32GB, $1200)","Apple MacBook Pro 14-inch (M3, 32GB, $2220)",-1.2685546875,-0.330810546875
7,"HP Spectre x360 (Ryzen 7, 32GB, $1200)","Apple MacBook Pro 16-inch (M3, 64GB, $2800)",-1.2021484375,-0.35791015625
7,"Dell XPS 15 (i7, 32GB, $1500)","ASUS VivoBook 15 (i3, 8GB, $450)",-1.37109375,-0.29296875
7,"Dell XPS 15 (i7, 32GB, $1500)","Lenovo IdeaPad 3 (i5, 8GB, $550)",-1.248046875,-0.341552734375
7,"Dell XPS 15 (i7, 32GB, $1500)","HP Pavilion 15 (Ryzen 5, 8GB, $600)",-1.34765625,-0.301025390625
7,"Dell XPS 15 (i7, 32GB, $1500)","ASUS ZenBook 14 (i5, 16GB, $700)",-1.6005859375,-0.2255859375
7,"Dell XPS 15 (i7, 32GB, $1500)","Lenovo ThinkPad E14 (Ryzen 5, 16GB, $800)",-1.3134765625,-0.3134765625
7,"Dell XPS 15 (i7, 32GB, $1500)","Dell Inspiron 16 (i7, 16GB, $1100)",-1.5263671875,-0.2452392578125
7,"Dell XPS 15 (i7, 32GB, $1500)","HP Spectre x360 (Ryzen 7, 32GB, $1200)",-1.39453125,-0.285400390625
7,"Dell XPS 15 (i7, 32GB, $1500)","Lenovo ThinkPad X1 Carbon (Ryzen 7, 32GB, $1400)",-1.4541015625,-0.266357421875
7,"Dell XPS 15 (i7, 32GB, $1500)","Apple MacBook Air M3 (M3, 16GB, $1800)",-1.3828125,-0.2890625
7,"Dell XPS 15 (i7, 32GB, $1500)","Apple MacBook Pro 14-inch (M3, 32GB, $2220)",-1.40625,-0.28125
7,"Dell XPS 15 (i7, 32GB, $1500)","Apple MacBook Pro 16-inch (M3, 64GB, $2800)",-1.3828125,-0.2890625
7,"Lenovo ThinkPad X1 Carbon (Ryzen 7, 32GB, $1400)","ASUS VivoBook 15 (i3, 8GB, $450)",-1.033203125,-0.439697265625
7,"Lenovo ThinkPad X1 Carbon (Ryzen 7, 32GB, $1400)","Lenovo IdeaPad 3 (i5, 8GB, $550)",-1.06640625,-0.42529296875
7,"Lenovo ThinkPad X1 Carbon (Ryzen 7, 32GB, $1400)","HP Pavilion 15 (Ryzen 5, 8GB, $600)",-1.033203125,-0.43994140625
7,"Lenovo ThinkPad X1 Carbon (Ryzen 7, 32GB, $1400)","ASUS ZenBook 14 (i5, 16GB, $700)",-1.279296875,-0.326171875
7,"Lenovo ThinkPad X1 Carbon (Ryzen 7, 32GB, $1400)","Lenovo ThinkPad E14 (Ryzen 5, 16GB, $800)",-1.13671875,-0.386962890625
7,"Lenovo ThinkPad X1 Carbon (Ryzen 7, 32GB, $1400)","Dell Inspiron 16 (i7, 16GB, $1100)",-1.158203125,-0.377197265625
7,"Lenovo ThinkPad X1 Carbon (Ryzen 7, 32GB, $1400)","HP Spectre x360 (Ryzen 7, 32GB, $1200)",-1.1796875,-0.367431640625
7,"Lenovo ThinkPad X1 Carbon (Ryzen 7, 32GB, $1400)","Dell XPS 15 (i7, 32GB, $1500)",-1.3134765625,-0.3134765625
7,"Lenovo ThinkPad X1 Carbon (Ryzen 7, 32GB, $1400)","Apple MacBook Air M3 (M3, 16GB, $1800)",-1.1162109375,-0.397216796875
7,"Lenovo ThinkPad X1 Carbon (Ryzen 7, 32GB, $1400)","Apple MacBook Pro 14-inch (M3, 32GB, $2220)",-1.0849609375,-0.412841796875
7,"Lenovo ThinkPad X1 Carbon (Ryzen 7, 32GB, $1400)","Apple MacBook Pro 16-inch (M3, 64GB, $2800)",-1.0234375,-0.4453125
7,"Apple MacBook Air M3 (M3, 16GB, $1800)","ASUS VivoBook 15 (i3, 8GB, $450)",-1.234375,-0.343994140625
7,"Apple MacBook Air M3 (M3, 16GB, $1800)","Lenovo IdeaPad 3 (i5, 8GB, $550)",-1.1708984375,-0.373779296875
7,"Apple MacBook Air M3 (M3, 16GB, $1800)","HP Pavilion 15 (Ryzen 5, 8GB, $600)",-1.126953125,-0.39208984375
7,"Apple MacBook Air M3 (M3, 16GB, $1800)","ASUS ZenBook 14 (i5, 16GB, $700)",-1.490234375,-0.255615234375
7,"Apple MacBook Air M3 (M3, 16GB, $1800)","Lenovo ThinkPad E14 (Ryzen 5, 16GB, $800)",-1.1904296875,-0.36279296875
7,"Apple MacBook Air M3 (M3, 16GB, $1800)","Dell Inspiron 16 (i7, 16GB, $1100)",-1.3017578125,-0.317626953125
7,"Apple MacBook Air M3 (M3, 16GB, $1800)","HP Spectre x360 (Ryzen 7, 32GB, $1200)",-1.2568359375,-0.335205078125
7,"Apple MacBook Air M3 (M3, 16GB, $1800)","Dell XPS 15 (i7, 32GB, $1500)",-1.359375,-0.297119140625
7,"Apple MacBook Air M3 (M3, 16GB, $1800)","Lenovo ThinkPad X1 Carbon (Ryzen 7, 32GB, $1400)",-1.3134765625,-0.3134765625
7,"Apple MacBook Air M3 (M3, 16GB, $1800)","Apple MacBook Pro 14-inch (M3, 32GB, $2220)",-1.7275390625,-0.196044921875
7,"Apple MacBook Air M3 (M3, 16GB, $1800)","Apple MacBook Pro 16-inch (M3, 64GB, $2800)",-1.650390625,-0.21337890625
7,"Apple MacBook Pro 14-inch (M3, 32GB, $2220)","ASUS VivoBook 15 (i3, 8GB, $450)",-1.013671875,-0.451171875
7,"Apple MacBook Pro 14-inch (M3, 32GB, $2220)","Lenovo IdeaPad 3 (i5, 8GB, $550)",-0.927734375,-0.505859375
7,"Apple MacBook Pro 14-inch (M3, 32GB, $2220)","HP Pavilion 15 (Ryzen 5, 8GB, $600)",-1.013671875,-0.451171875
7,"Apple MacBook Pro 14-inch (M3, 32GB, $2220)","ASUS ZenBook 14 (i5, 16GB, $700)",-1.279296875,-0.326171875
7,"Apple MacBook Pro 14-inch (M3, 32GB, $2220)","Lenovo ThinkPad E14 (Ryzen 5, 16GB, $800)",-1.013671875,-0.451171875
7,"Apple MacBook Pro 14-inch (M3, 32GB, $2220)","Dell Inspiron 16 (i7, 16GB, $1100)",-1.1162109375,-0.397216796875
7,"Apple MacBook Pro 14-inch (M3, 32GB, $2220)","HP Spectre x360 (Ryzen 7, 32GB, $1200)",-1.126953125,-0.39208984375
7,"Apple MacBook Pro 14-inch (M3, 32GB, $2220)","Dell XPS 15 (i7, 32GB, $1500)",-1.24609375,-0.339599609375
7,"Apple MacBook Pro 14-inch (M3, 32GB, $2220)","Lenovo ThinkPad X1 Carbon (Ryzen 7, 32GB, $1400)",-1.1689453125,-0.372314453125
7,"Apple MacBook Pro 14-inch (M3, 32GB, $2220)","Apple MacBook Air M3 (M3, 16GB, $1800)",-1.3359375,-0.30517578125
7,"Apple MacBook Pro 14-inch (M3, 32GB, $2220)","Apple MacBook Pro 16-inch (M3, 64GB, $2800)",-1.44140625,-0.27001953125
7,"Apple MacBook Pro 16-inch (M3, 64GB, $2800)","ASUS VivoBook 15 (i3, 8GB, $450)",-1.0439453125,-0.434326171875
7,"Apple MacBook Pro 16-inch (M3, 64GB, $2800)","Lenovo IdeaPad 3 (i5, 8GB, $550)",-0.97607421875,-0.476318359375
7,"Apple MacBook Pro 16-inch (M3, 64GB, $2800)","HP Pavilion 15 (Ryzen 5, 8GB, $600)",-1.033203125,-0.43994140625
7,"Apple MacBook Pro 16-inch (M3, 64GB, $2800)","ASUS ZenBook 14 (i5, 16GB, $700)",-1.34765625,-0.301025390625
7,"Apple MacBook Pro 16-inch (M3, 64GB, $2800)","Lenovo ThinkPad E14 (Ryzen 5, 16GB, $800)",-1.0439453125,-0.434326171875
7,"Apple MacBook Pro 16-inch (M3, 64GB, $2800)","Dell Inspiron 16 (i7, 16GB, $1100)",-1.1904296875,-0.362548828125
7,"Apple MacBook Pro 16-inch (M3, 64GB, $2800)","HP Spectre x360 (Ryzen 7, 32GB, $1200)",-1.1474609375,-0.382080078125
7,"Apple MacBook Pro 16-inch (M3, 64GB, $2800)","Dell XPS 15 (i7, 32GB, $1500)",-1.2568359375,-0.335205078125
7,"Apple MacBook Pro 16-inch (M3, 64GB, $2800)","Lenovo ThinkPad X1 Carbon (Ryzen 7, 32GB, $1400)",-1.2021484375,-0.35791015625
7,"Apple MacBook Pro 16-inch (M3, 64GB, $2800)","Apple MacBook Air M3 (M3, 16GB, $1800)",-1.490234375,-0.255615234375
7,"Apple MacBook Pro 16-inch (M3, 64GB, $2800)","Apple MacBook Pro 14-inch (M3, 32GB, $2220)",-1.44140625,-0.27001953125
8,"ASUS VivoBook 15 (i3, 8GB, $450)","Lenovo IdeaPad 3 (i5, 8GB, $550)",-1.7919921875,-0.1824951171875
8,"ASUS VivoBook 15 (i3, 8GB, $450)","HP Pavilion 15 (Ryzen 5, 8GB, $600)",-1.8046875,-0.1798095703125
8,"ASUS VivoBook 15 (i3, 8GB, $450)","ASUS ZenBook 14 (i5, 16GB, $700)",-2.365234375,-0.0987548828125
8,"ASUS VivoBook 15 (i3, 8GB, $450)","Lenovo ThinkPad E14 (Ryzen 5, 16GB, $800)",-1.6630859375,-0.210205078125
8,"ASUS VivoBook 15 (i3, 8GB, $450)","Dell Inspiron 16 (i7, 16GB, $1100)",-1.7529296875,-0.1903076171875
8,"ASUS VivoBook 15 (i3, 8GB, $450)","HP Spectre x360 (Ryzen 7, 32GB, $1200)",-1.740234375,-0.193115234375
8,"ASUS VivoBook 15 (i3, 8GB, $450)","Dell XPS 15 (i7, 32GB, $1500)",-1.701171875,-0.201416015625
8,"ASUS VivoBook 15 (i3, 8GB, $450)","Lenovo ThinkPad X1 Carbon (Ryzen 7, 32GB, $1400)",-1.6630859375,-0.210205078125
8,"ASUS VivoBook 15 (i3, 8GB, $450)","Apple MacBook Air M3 (M3, 16GB, $1800)",-1.6005859375,-0.2254638671875
8,"ASUS VivoBook 15 (i3, 8GB, $450)","Apple MacBook Pro 14-inch (M3, 32GB, $2220)",-1.490234375,-0.25537109375
8,"ASUS VivoBook 15 (i3, 8GB, $450)","Apple MacBook Pro 16-inch (M3, 64GB, $2800)",-1.4541015625,-0.266357421875
8,"Lenovo IdeaPad 3 (i5, 8GB, $550)","ASUS VivoBook 15 (i3, 8GB, $450)",-1.9501953125,-0.1536865234375
8,"Lenovo IdeaPad 3 (i5, 8GB, $550)","HP Pavilion 15 (Ryzen 5, 8GB, $600)",-1.7275390625,-0.1962890625
8,"Lenovo IdeaPad 3 (i5, 8GB, $550)","ASUS ZenBook 14 (i5, 16GB, $700)",-2.3359375,-0.1019287109375
8,"Lenovo IdeaPad 3 (i5, 8GB, $550)","Lenovo ThinkPad E14 (Ryzen 5, 16GB, $800)",-1.9912109375,-0.1478271484375
8,"Lenovo IdeaPad 3 (i5, 8GB, $550)","Dell Inspiron 16 (i7, 16GB, $1100)",-1.818359375,-0.1776123046875
8,"Lenovo IdeaPad 3 (i5, 8GB, $550)","HP Spectre x360 (Ryzen 7, 32GB, $1200)",-1.61328125,-0.2230224609375
8,"Lenovo IdeaPad 3 (i5, 8GB, $550)","Dell XPS 15 (i7, 32GB, $1500)",-1.8310546875,-0.1751708984375
8,"Lenovo IdeaPad 3 (i5, 8GB, $550)","Lenovo ThinkPad X1 Carbon (Ryzen 7, 32GB, $1400)",-2.060546875,-0.1378173828125
8,"Lenovo IdeaPad 3 (i5, 8GB, $550)","Apple MacBook Air M3 (M3, 16GB, $1800)",-1.5146484375,-0.248779296875
8,"Lenovo IdeaPad 3 (i5, 8GB, $550)","Apple MacBook Pro 14-inch (M3, 32GB, $2220)",-1.4306640625,-0.274169921875
8,"Lenovo IdeaPad 3 (i5, 8GB, $550)","Apple MacBook Pro 16-inch (M3, 64GB, $2800)",-1.37109375,-0.293212890625
8,"HP Pavilion 15 (Ryzen 5, 8GB, $600)","ASUS VivoBook 15 (i3, 8GB, $450)",-1.91015625,-0.1602783203125
8,"HP Pavilion 15 (Ryzen 5, 8GB, $600)","Lenovo IdeaPad 3 (i5, 8GB, $550)",-1.8310546875,-0.17529296875
8,"HP Pavilion 15 (Ryzen 5, 8GB, $600)","ASUS ZenBook 14 (i5, 16GB, $700)",-2.365234375,-0.0987548828125
8,"HP Pavilion 15 (Ryzen 5, 8GB, $600)","Lenovo ThinkPad E14 (Ryzen 5, 16GB, $800)",-1.91015625,-0.1602783203125
8,"HP Pavilion 15 (Ryzen 5, 8GB, $600)","Dell Inspiron 16 (i7, 16GB, $1100)",-1.8310546875,-0.1746826171875
8,"HP Pavilion 15 (Ryzen 5, 8GB, $600)","HP Spectre x360 (Ryzen 7, 32GB, $1200)",-2.265625,-0.10968017578125
8,"HP Pavilion 15 (Ryzen 5, 8GB, $600)","Dell XPS 15 (i7, 32GB, $1500)",-1.7783203125,-0.1849365234375
8,"HP Pavilion 15 (Ryzen 5, 8GB, $600)","Lenovo ThinkPad X1 Carbon (Ryzen 7, 32GB, $1400)",-1.9775390625,-0.1490478515625
8,"HP Pavilion 15 (Ryzen 5, 8GB, $600)","Apple MacBook Air M3 (M3, 16GB, $1800)",-1.6005859375,-0.2254638671875
8,"HP Pavilion 15 (Ryzen 5, 8GB, $600)","Apple MacBook Pro 14-inch (M3, 32GB, $2220)",-1.490234375,-0.25537109375
8,"HP Pavilion 15 (Ryzen 5, 8GB, $600)","Apple MacBook Pro 16-inch (M3, 64GB, $2800)",-1.4775390625,-0.259033203125
8,"ASUS ZenBook 14 (i5, 16GB, $700)","ASUS VivoBook 15 (i3, 8GB, $450)",-1.818359375,-0.17724609375
8,"ASUS ZenBook 14 (i5, 16GB, $700)","Lenovo IdeaPad 3 (i5, 8GB, $550)",-1.740234375,-0.1934814453125
8,"ASUS ZenBook 14 (i5, 16GB, $700)","HP Pavilion 15 (Ryzen 5, 8GB, $600)",-1.6884765625,-0.204345703125
8,"ASUS ZenBook 14 (i5, 16GB, $700)","Lenovo ThinkPad E14 (Ryzen 5, 16GB, $800)",-1.8046875,-0.1798095703125
8,"ASUS ZenBook 14 (i5, 16GB, $700)","Dell Inspiron 16 (i7, 16GB, $1100)",-1.8310546875,-0.1746826171875
8,"ASUS ZenBook 14 (i5, 16GB, $700)","HP Spectre x360 (Ryzen 7, 32GB, $1200)",-1.923828125,-0.1580810546875
8,"ASUS ZenBook 14 (i5, 16GB, $700)","Dell XPS 15 (i7, 32GB, $1500)",-1.740234375,-0.193115234375
8,"ASUS ZenBook 14 (i5, 16GB, $700)","Lenovo ThinkPad X1 Carbon (Ryzen 7, 32GB, $1400)",-1.7919921875,-0.182373046875
8,"ASUS ZenBook 14 (i5, 16GB, $700)","Apple MacBook Air M3 (M3, 16GB, $1800)",-1.625,-0.21923828125
8,"ASUS ZenBook 14 (i5, 16GB, $700)","Apple MacBook Pro 14-inch (M3, 32GB, $2220)",-1.4541015625,-0.266357421875
8,"ASUS ZenBook 14 (i5, 16GB, $700)","Apple MacBook Pro 16-inch (M3, 64GB, $2800)",-1.39453125,-0.28515625
8,"Lenovo ThinkPad E14 (Ryzen 5, 16GB, $800)","ASUS VivoBook 15 (i3, 8GB, $450)",-1.501953125,-0.251953125
8,"Lenovo ThinkPad E14 (Ryzen 5, 16GB, $800)","Lenovo IdeaPad 3 (i5, 8GB, $550)",-1.6396484375,-0.2174072265625
8,"Lenovo ThinkPad E14 (Ryzen 5, 16GB, $800)","HP Pavilion 15 (Ryzen 5, 8GB, $600)",-1.501953125,-0.251953125
8,"Lenovo ThinkPad E14 (Ryzen 5, 16GB, $800)","ASUS ZenBook 14 (i5, 16GB, $700)",-2.072265625,-0.1346435546875
8,"Lenovo ThinkPad E14 (Ryzen 5, 16GB, $800)","Dell Inspiron 16 (i7, 16GB, $1100)",-1.6630859375,-0.210205078125
8,"Lenovo ThinkPad E14 (Ryzen 5, 16GB, $800)","HP Spectre x360 (Ryzen 7, 32GB, $1200)",-1.490234375,-0.255615234375
8,"Lenovo ThinkPad E14 (Ryzen 5, 16GB, $800)","Dell XPS 15 (i7, 32GB, $1500)",-1.587890625,-0.2286376953125
8,"Lenovo ThinkPad E14 (Ryzen 5, 16GB, $800)","Lenovo ThinkPad X1 Carbon (Ryzen 7, 32GB, $1400)",-1.779296875,-0.18505859375
8,"Lenovo ThinkPad E14 (Ryzen 5, 16GB, $800)","Apple MacBook Air M3 (M3, 16GB, $1800)",-1.3251953125,-0.30908203125
8,"Lenovo ThinkPad E14 (Ryzen 5, 16GB, $800)","Apple MacBook Pro 14-inch (M3, 32GB, $2220)",-1.1904296875,-0.362548828125
8,"Lenovo ThinkPad E14 (Ryzen 5, 16GB, $800)","Apple MacBook Pro 16-inch (M3, 64GB, $2800)",-1.1796875,-0.3671875
8,"Dell Inspiron 16 (i7, 16GB, $1100)","ASUS VivoBook 15 (i3, 8GB, $450)",-1.8701171875,-0.1673583984375
8,"Dell Inspiron 16 (i7, 16GB, $1100)","Lenovo IdeaPad 3 (i5, 8GB, $550)",-1.7529296875,-0.190673828125
8,"Dell Inspiron 16 (i7, 16GB, $1100)","HP Pavilion 15 (Ryzen 5, 8GB, $600)",-1.6376953125,-0.2161865234375
8,"Dell Inspiron 16 (i7, 16GB, $1100)","ASUS ZenBook 14 (i5, 16GB, $700)",-2.40625,-0.09442138671875
8,"Dell Inspiron 16 (i7, 16GB, $1100)","Lenovo ThinkPad E14 (Ryzen 5, 16GB, $800)",-1.857421875,-0.1697998046875
8,"Dell Inspiron 16 (i7, 16GB, $1100)","HP Spectre x360 (Ryzen 7, 32GB, $1200)",-2.099609375,-0.130859375
8,"Dell Inspiron 16 (i7, 16GB, $1100)","Dell XPS 15 (i7, 32GB, $1500)",-2.365234375,-0.0987548828125
8,"Dell Inspiron 16 (i7, 16GB, $1100)","Lenovo ThinkPad X1 Carbon (Ryzen 7, 32GB, $1400)",-2.099609375,-0.1307373046875
8,"Dell Inspiron 16 (i7, 16GB, $1100)","Apple MacBook Air M3 (M3, 16GB, $1800)",-1.9775390625,-0.1490478515625
8,"Dell Inspiron 16 (i7, 16GB, $1100)","Apple MacBook Pro 14-inch (M3, 32GB, $2220)",-1.740234375,-0.193115234375
8,"Dell Inspiron 16 (i7, 16GB, $1100)","Apple MacBook Pro 16-inch (M3, 64GB, $2800)",-1.7138671875,-0.1986083984375
8,"HP Spectre x360 (Ryzen 7, 32GB, $1200)","ASUS VivoBook 15 (i3, 8GB, $450)",-1.158203125,-0.376953125
8,"HP Spectre x360 (Ryzen 7, 32GB, $1200)","Lenovo IdeaPad 3 (i5, 8GB, $550)",-1.0546875,-0.42919921875
8,"HP Spectre x360 (Ryzen 7, 32GB, $1200)","HP Pavilion 15 (Ryzen 5, 8GB, $600)",-1.2568359375,-0.3349609375
8,"HP Spectre x360 (Ryzen 7, 32GB, $1200)","ASUS ZenBook 14 (i5, 16GB, $700)",-1.55078125,-0.2384033203125
8,"HP Spectre x360 (Ryzen 7, 32GB, $1200)","Lenovo ThinkPad E14 (Ryzen 5, 16GB, $800)",-1.2236328125,-0.3486328125
8,"HP Spectre x360 (Ryzen 7, 32GB, $1200)","Dell Inspiron 16 (i7, 16GB, $1100)",-1.4541015625,-0.266357421875
8,"HP Spectre x360 (Ryzen 7, 32GB, $1200)","Dell XPS 15 (i7, 32GB, $1500)",-1.5634765625,-0.235107421875
8,"HP Spectre x360 (Ryzen 7, 32GB, $1200)","Lenovo ThinkPad X1 Carbon (Ryzen 7, 32GB, $1400)",-1.5751953125,-0.23193359375
8,"HP Spectre x360 (Ryzen 7, 32GB, $1200)","Apple MacBook Air M3 (M3, 16GB, $1800)",-1.359375,-0.296875
8,"HP Spectre x360 (Ryzen 7, 32GB, $1200)","Apple MacBook Pro 14-inch (M3, 32GB, $2220)",-1.279296875,-0.326171875
8,"HP Spectre x360 (Ryzen 7, 32GB, $1200)","Apple MacBook Pro 16-inch (M3, 64GB, $2800)",-1.1689453125,-0.372314453125
8,"Dell XPS 15 (i7, 32GB, $1500)","ASUS VivoBook 15 (i3, 8GB, $450)",-1.6005859375,-0.2254638671875
8,"Dell XPS 15 (i7, 32GB, $1500)","Lenovo IdeaPad 3 (i5, 8GB, $550)",-1.478515625,-0.25927734375
8,"Dell XPS 15 (i7, 32GB, $1500)","HP Pavilion 15 (Ryzen 5, 8GB, $600)",-1.4541015625,-0.266357421875
8,"Dell XPS 15 (i7, 32GB, $1500)","ASUS ZenBook 14 (i5, 16GB, $700)",-1.9365234375,-0.15576171875
8,"Dell XPS 15 (i7, 32GB, $1500)","Lenovo ThinkPad E14 (Ryzen 5, 16GB, $800)",-1.5390625,-0.2418212890625
8,"Dell XPS 15 (i7, 32GB, $1500)","Dell Inspiron 16 (i7, 16GB, $1100)",-1.9365234375,-0.15576171875
8,"Dell XPS 15 (i7, 32GB, $1500)","HP Spectre x360 (Ryzen 7, 32GB, $1200)",-1.6005859375,-0.2254638671875
8,"Dell XPS 15 (i7, 32GB, $1500)","Lenovo ThinkPad X1 Carbon (Ryzen 7, 32GB, $1400)",-1.7919921875,-0.182373046875
8,"Dell XPS 15 (i7, 32GB, $1500)","Apple MacBook Air M3 (M3, 16GB, $1800)",-1.5390625,-0.24169921875
8,"Dell XPS 15 (i7, 32GB, $1500)","Apple MacBook Pro 14-inch (M3, 32GB, $2220)",-1.5390625,-0.24169921875
8,"Dell XPS 15 (i7, 32GB, $1500)","Apple MacBook Pro 16-inch (M3, 64GB, $2800)",-1.4658203125,-0.2626953125
8,"Lenovo ThinkPad X1 Carbon (Ryzen 7, 32GB, $1400)","ASUS VivoBook 15 (i3, 8GB, $450)",-1.1689453125,-0.3720703125
8,"Lenovo ThinkPad X1 Carbon (Ryzen 7, 32GB, $1400)","Lenovo IdeaPad 3 (i5, 8GB, $550)",-1.302734375,-0.318115234375
8,"Lenovo ThinkPad X1 Carbon (Ryzen 7, 32GB, $1400)","HP Pavilion 15 (Ryzen 5, 8GB, $600)",-1.1474609375,-0.382080078125
8,"Lenovo ThinkPad X1 Carbon (Ryzen 7, 32GB, $1400)","ASUS ZenBook 14 (i5, 16GB, $700)",-1.55078125,-0.2384033203125
8,"Lenovo ThinkPad X1 Carbon (Ryzen 7, 32GB, $1400)","Lenovo ThinkPad E14 (Ryzen 5, 16GB, $800)",-1.3828125,-0.2890625
8,"Lenovo ThinkPad X1 Carbon (Ryzen 7, 32GB, $1400)","Dell Inspiron 16 (i7, 16GB, $1100)",-1.41796875,-0.27734375
8,"Lenovo ThinkPad X1 Carbon (Ryzen 7, 32GB, $1400)","HP Spectre x360 (Ryzen 7, 32GB, $1200)",-1.37109375,-0.29296875
8,"Lenovo ThinkPad X1 Carbon (Ryzen 7, 32GB, $1400)","Dell XPS 15 (i7, 32GB, $1500)",-1.6005859375,-0.2254638671875
8,"Lenovo ThinkPad X1 Carbon (Ryzen 7, 32GB, $1400)","Apple MacBook Air M3 (M3, 16GB, $1800)",-1.1904296875,-0.362548828125
8,"Lenovo ThinkPad X1 Carbon (Ryzen 7, 32GB, $1400)","Apple MacBook Pro 14-inch (M3, 32GB, $2220)",-1.1689453125,-0.3720703125
8,"Lenovo ThinkPad X1 Carbon (Ryzen 7, 32GB, $1400)","Apple MacBook Pro 16-inch (M3, 64GB, $2800)",-1.064453125,-0.42333984375
8,"Apple MacBook Air M3 (M3, 16GB, $1800)","ASUS VivoBook 15 (i3, 8GB, $450)",-1.40625,-0.28125
8,"Apple MacBook Air M3 (M3, 16GB, $1800)","Lenovo IdeaPad 3 (i5, 8GB, $550)",-1.3017578125,-0.31787109375
8,"Apple MacBook Air M3 (M3, 16GB, $1800)","HP Pavilion 15 (Ryzen 5, 8GB, $600)",-1.1259765625,-0.39208984375
8,"Apple MacBook Air M3 (M3, 16GB, $1800)","ASUS ZenBook 14 (i5, 16GB, $700)",-1.7783203125,-0.18505859375
8,"Apple MacBook Air M3 (M3, 16GB, $1800)","Lenovo ThinkPad E14 (Ryzen 5, 16GB, $800)",-1.34765625,-0.301025390625
8,"Apple MacBook Air M3 (M3, 16GB, $1800)","Dell Inspiron 16 (i7, 16GB, $1100)",-1.5263671875,-0.2451171875
8,"Apple MacBook Air M3 (M3, 16GB, $1800)","HP Spectre x360 (Ryzen 7, 32GB, $1200)",-1.40625,-0.28125
8,"Apple MacBook Air M3 (M3, 16GB, $1800)","Dell XPS 15 (i7, 32GB, $1500)",-1.55078125,-0.2384033203125
8,"Apple MacBook Air M3 (M3, 16GB, $1800)","Lenovo ThinkPad X1 Carbon (Ryzen 7, 32GB, $1400)",-1.5634765625,-0.2352294921875
8,"Apple MacBook Air M3 (M3, 16GB, $1800)","Apple MacBook Pro 14-inch (M3, 32GB, $2220)",-2.017578125,-0.142822265625
8,"Apple MacBook Air M3 (M3, 16GB, $1800)","Apple MacBook Pro 16-inch (M3, 64GB, $2800)",-1.8837890625,-0.1650390625
8,"Apple MacBook Pro 14-inch (M3, 32GB, $2220)","ASUS VivoBook 15 (i3, 8GB, $450)",-1.0234375,-0.4453125
8,"Apple MacBook Pro 14-inch (M3, 32GB, $2220)","Lenovo IdeaPad 3 (i5, 8GB, $550)",-0.955078125,-0.486328125
8,"Apple MacBook Pro 14-inch (M3, 32GB, $2220)","HP Pavilion 15 (Ryzen 5, 8GB, $600)",-0.9169921875,-0.5107421875
8,"Apple MacBook Pro 14-inch (M3, 32GB, $2220)","ASUS ZenBook 14 (i5, 16GB, $700)",-1.37109375,-0.29296875
8,"Apple MacBook Pro 14-inch (M3, 32GB, $2220)","Lenovo ThinkPad E14 (Ryzen 5, 16GB, $800)",-1.0947265625,-0.407470703125
8,"Apple MacBook Pro 14-inch (M3, 32GB, $2220)","Dell Inspiron 16 (i7, 16GB, $1100)",-1.212890625,-0.35302734375
8,"Apple MacBook Pro 14-inch (M3, 32GB, $2220)","HP Spectre x360 (Ryzen 7, 32GB, $1200)",-1.1796875,-0.367431640625
8,"Apple MacBook Pro 14-inch (M3, 32GB, $2220)","Dell XPS 15 (i7, 32GB, $1500)",-1.37109375,-0.29296875
8,"Apple MacBook Pro 14-inch (M3, 32GB, $2220)","Lenovo ThinkPad X1 Carbon (Ryzen 7, 32GB, $1400)",-1.3828125,-0.2890625
8,"Apple MacBook Pro 14-inch (M3, 32GB, $2220)","Apple MacBook Air M3 (M3, 16GB, $1800)",-1.6376953125,-0.2161865234375
8,"Apple MacBook Pro 14-inch (M3, 32GB, $2220)","Apple MacBook Pro 16-inch (M3, 64GB, $2800)",-1.740234375,-0.193115234375
8,"Apple MacBook Pro 16-inch (M3, 64GB, $2800)","ASUS VivoBook 15 (i3, 8GB, $450)",-1.0947265625,-0.407470703125
8,"Apple MacBook Pro 16-inch (M3, 64GB, $2800)","Lenovo IdeaPad 3 (i5, 8GB, $550)",-1.0439453125,-0.4345703125
8,"Apple MacBook Pro 16-inch (M3, 64GB, $2800)","HP Pavilion 15 (Ryzen 5, 8GB, $600)",-0.98388671875,-0.46826171875
8,"Apple MacBook Pro 16-inch (M3, 64GB, $2800)","ASUS ZenBook 14 (i5, 16GB, $700)",-1.5263671875,-0.2451171875
8,"Apple MacBook Pro 16-inch (M3, 64GB, $2800)","Lenovo ThinkPad E14 (Ryzen 5, 16GB, $800)",-1.201171875,-0.35791015625
8,"Apple MacBook Pro 16-inch (M3, 64GB, $2800)","Dell Inspiron 16 (i7, 16GB, $1100)",-1.37109375,-0.29296875
8,"Apple MacBook Pro 16-inch (M3, 64GB, $2800)","HP Spectre x360 (Ryzen 7, 32GB, $1200)",-1.212890625,-0.353271484375
8,"Apple MacBook Pro 16-inch (M3, 64GB, $2800)","Dell XPS 15 (i7, 32GB, $1500)",-1.41796875,-0.27734375
8,"Apple MacBook Pro 16-inch (M3, 64GB, $2800)","Lenovo ThinkPad X1 Carbon (Ryzen 7, 32GB, $1400)",-1.44140625,-0.27001953125
8,"Apple MacBook Pro 16-inch (M3, 64GB, $2800)","Apple MacBook Air M3 (M3, 16GB, $1800)",-1.9365234375,-0.1556396484375
8,"Apple MacBook Pro 16-inch (M3, 64GB, $2800)","Apple MacBook Pro 14-inch (M3, 32GB, $2220)",-1.7919921875,-0.182373046875
9,"ASUS VivoBook 15 (i3, 8GB, $450)","Lenovo IdeaPad 3 (i5, 8GB, $550)",-1.8310546875,-0.1749267578125
9,"ASUS VivoBook 15 (i3, 8GB, $450)","HP Pavilion 15 (Ryzen 5, 8GB, $600)",-1.8974609375,-0.16259765625
9,"ASUS VivoBook 15 (i3, 8GB, $450)","ASUS ZenBook 14 (i5, 16GB, $700)",-2.421875,-0.09307861328125
9,"ASUS VivoBook 15 (i3, 8GB, $450)","Lenovo ThinkPad E14 (Ryzen 5, 16GB, $800)",-1.7529296875,-0.1904296875
9,"ASUS VivoBook 15 (i3, 8GB, $450)","Dell Inspiron 16 (i7, 16GB, $1100)",-1.8310546875,-0.1746826171875
9,"ASUS VivoBook 15 (i3, 8GB, $450)","HP Spectre x360 (Ryzen 7, 32GB, $1200)",-1.91015625,-0.160400390625
9,"ASUS VivoBook 15 (i3, 8GB, $450)","Dell XPS 15 (i7, 32GB, $1500)",-1.8837890625,-0.1650390625
9,"ASUS VivoBook 15 (i3, 8GB, $450)","Lenovo ThinkPad X1 Carbon (Ryzen 7, 32GB, $1400)",-1.779296875,-0.18505859375
9,"ASUS VivoBook 15 (i3, 8GB, $450)","Apple MacBook Air M3 (M3, 16GB, $1800)",-1.6630859375,-0.210205078125
9,"ASUS VivoBook 15 (i3, 8GB, $450)","Apple MacBook Pro 14-inch (M3, 32GB, $2220)",-1.5751953125,-0.23193359375
9,"ASUS VivoBook 15 (i3, 8GB, $450)","Apple MacBook Pro 16-inch (M3, 64GB, $2800)",-1.5263671875,-0.2451171875
9,"Lenovo IdeaPad 3 (i5, 8GB, $550)","ASUS VivoBook 15 (i3, 8GB, $450)",-1.87109375,-0.1678466796875
9,"Lenovo IdeaPad 3 (i5, 8GB, $550)","HP Pavilion 15 (Ryzen 5, 8GB, $600)",-1.8447265625,-0.173095703125
9,"Lenovo IdeaPad 3 (i5, 8GB, $550)","ASUS ZenBook 14 (i5, 16GB, $700)",-2.265625,-0.110107421875
9,"Lenovo IdeaPad 3 (i5, 8GB, $550)","Lenovo ThinkPad E14 (Ryzen 5, 16GB, $800)",-2.142578125,-0.127197265625
9,"Lenovo IdeaPad 3 (i5, 8GB, $550)","Dell Inspiron 16 (i7, 16GB, $1100)",-1.951171875,-0.1544189453125
9,"Lenovo IdeaPad 3 (i5, 8GB, $550)","HP Spectre x360 (Ryzen 7, 32GB, $1200)",-1.8720703125,-0.1693115234375
9,"Lenovo IdeaPad 3 (i5, 8GB, $550)","Dell XPS 15 (i7, 32GB, $1500)",-2.033203125,-0.141845703125
9,"Lenovo IdeaPad 3 (i5, 8GB, $550)","Lenovo ThinkPad X1 Carbon (Ryzen 7, 32GB, $1400)",-2.240234375,-0.11553955078125
9,"Lenovo IdeaPad 3 (i5, 8GB, $550)","Apple MacBook Air M3 (M3, 16GB, $1800)",-1.6513671875,-0.2139892578125
9,"Lenovo IdeaPad 3 (i5, 8GB, $550)","Apple MacBook Pro 14-inch (M3, 32GB, $2220)",-1.5517578125,-0.2393798828125
9,"Lenovo IdeaPad 3 (i5, 8GB, $550)","Apple MacBook Pro 16-inch (M3, 64GB, $2800)",-1.5146484375,-0.24951171875
9,"HP Pavilion 15 (Ryzen 5, 8GB, $600)","ASUS VivoBook 15 (i3, 8GB, $450)",-1.923828125,-0.157958984375
9,"HP Pavilion 15 (Ryzen 5, 8GB, $600)","Lenovo IdeaPad 3 (i5, 8GB, $550)",-1.9921875,-0.148681640625
9,"HP Pavilion 15 (Ryzen 5, 8GB, $600)","ASUS ZenBook 14 (i5, 16GB, $700)",-2.4921875,-0.08636474609375
9,"HP Pavilion 15 (Ryzen 5, 8GB, $600)","Lenovo ThinkPad E14 (Ryzen 5, 16GB, $800)",-1.857421875,-0.1697998046875
9,"HP Pavilion 15 (Ryzen 5, 8GB, $600)","Dell Inspiron 16 (i7, 16GB, $1100)",-2.00390625,-0.1448974609375
9,"HP Pavilion 15 (Ryzen 5, 8GB, $600)","HP Spectre x360 (Ryzen 7, 32GB, $1200)",-2.681640625,-0.07147216796875
9,"HP Pavilion 15 (Ryzen 5, 8GB, $600)","Dell XPS 15 (i7, 32GB, $1500)",-2.072265625,-0.1346435546875
9,"HP Pavilion 15 (Ryzen 5, 8GB, $600)","Lenovo ThinkPad X1 Carbon (Ryzen 7, 32GB, $1400)",-2.16796875,-0.12158203125
9,"HP Pavilion 15 (Ryzen 5, 8GB, $600)","Apple MacBook Air M3 (M3, 16GB, $1800)",-1.84375,-0.1722412109375
9,"HP Pavilion 15 (Ryzen 5, 8GB, $600)","Apple MacBook Pro 14-inch (M3, 32GB, $2220)",-1.6630859375,-0.210205078125
9,"HP Pavilion 15 (Ryzen 5, 8GB, $600)","Apple MacBook Pro 16-inch (M3, 64GB, $2800)",-1.650390625,-0.213134765625
9,"ASUS ZenBook 14 (i5, 16GB, $700)","ASUS VivoBook 15 (i3, 8GB, $450)",-1.7529296875,-0.1904296875
9,"ASUS ZenBook 14 (i5, 16GB, $700)","Lenovo IdeaPad 3 (i5, 8GB, $550)",-1.689453125,-0.205078125
9,"ASUS ZenBook 14 (i5, 16GB, $700)","HP Pavilion 15 (Ryzen 5, 8GB, $600)",-1.8046875,-0.1798095703125
9,"ASUS ZenBook 14 (i5, 16GB, $700)","Lenovo ThinkPad E14 (Ryzen 5, 16GB, $800)",-1.8701171875,-0.1673583984375
9,"ASUS ZenBook 14 (i5, 16GB, $700)","Dell Inspiron 16 (i7, 16GB, $1100)",-1.9501953125,-0.1534423828125
9,"ASUS ZenBook 14 (i5, 16GB, $700)","HP Spectre x360 (Ryzen 7, 32GB, $1200)",-2.11328125,-0.1290283203125
9,"ASUS ZenBook 14 (i5, 16GB, $700)","Dell XPS 15 (i7, 32GB, $1500)",-1.9501953125,-0.153564453125
9,"ASUS ZenBook 14 (i5, 16GB, $700)","Lenovo ThinkPad X1 Carbon (Ryzen 7, 32GB, $1400)",-1.8837890625,-0.1650390625
9,"ASUS ZenBook 14 (i5, 16GB, $700)","Apple MacBook Air M3 (M3, 16GB, $1800)",-1.765625,-0.1876220703125
9,"ASUS ZenBook 14 (i5, 16GB, $700)","Apple MacBook Pro 14-inch (M3, 32GB, $2220)",-1.5634765625,-0.235107421875
9,"ASUS ZenBook 14 (i5, 16GB, $700)","Apple MacBook Pro 16-inch (M3, 64GB, $2800)",-1.5390625,-0.24169921875
9,"Lenovo ThinkPad E14 (Ryzen 5, 16GB, $800)","ASUS VivoBook 15 (i3, 8GB, $450)",-1.44140625,-0.27001953125
9,"Lenovo ThinkPad E14 (Ryzen 5, 16GB, $800)","Lenovo IdeaPad 3 (i5, 8GB, $550)",-1.705078125,-0.2049560546875
9,"Lenovo ThinkPad E14 (Ryzen 5, 16GB, $800)","HP Pavilion 15 (Ryzen 5, 8GB, $600)",-1.41796875,-0.27734375
9,"Lenovo ThinkPad E14 (Ryzen 5, 16GB, $800)","ASUS ZenBook 14 (i5, 16GB, $700)",-1.9501953125,-0.1534423828125
9,"Lenovo ThinkPad E14 (Ryzen 5, 16GB, $800)","Dell Inspiron 16 (i7, 16GB, $1100)",-1.701171875,-0.2015380859375
9,"Lenovo ThinkPad E14 (Ryzen 5, 16GB, $800)","HP Spectre x360 (Ryzen 7, 32GB, $1200)",-1.765625,-0.1878662109375
9,"Lenovo ThinkPad E14 (Ryzen 5, 16GB, $800)","Dell XPS 15 (i7, 32GB, $1500)",-1.67578125,-0.2073974609375
9,"Lenovo ThinkPad E14 (Ryzen 5, 16GB, $800)","Lenovo ThinkPad X1 Carbon (Ryzen 7, 32GB, $1400)",-1.9501953125,-0.1536865234375
9,"Lenovo ThinkPad E14 (Ryzen 5, 16GB, $800)","Apple MacBook Air M3 (M3, 16GB, $1800)",-1.40625,-0.28125
9,"Lenovo ThinkPad E14 (Ryzen 5, 16GB, $800)","Apple MacBook Pro 14-inch (M3, 32GB, $2220)",-1.24609375,-0.33935546875
9,"Lenovo ThinkPad E14 (Ryzen 5, 16GB, $800)","Apple MacBook Pro 16-inch (M3, 64GB, $2800)",-1.2568359375,-0.3349609375
9,"Dell Inspiron 16 (i7, 16GB, $1100)","ASUS VivoBook 15 (i3, 8GB, $450)",-1.9365234375,-0.15576171875
9,"Dell Inspiron 16 (i7, 16GB, $1100)","Lenovo IdeaPad 3 (i5, 8GB, $550)",-1.951171875,-0.15478515625
9,"Dell Inspiron 16 (i7, 16GB, $1100)","HP Pavilion 15 (Ryzen 5, 8GB, $600)",-1.8046875,-0.1798095703125
9,"Dell Inspiron 16 (i7, 16GB, $1100)","ASUS ZenBook 14 (i5, 16GB, $700)",-2.392578125,-0.09588623046875
9,"Dell Inspiron 16 (i7, 16GB, $1100)","Lenovo ThinkPad E14 (Ryzen 5, 16GB, $800)",-1.91015625,-0.160400390625
9,"Dell Inspiron 16 (i7, 16GB, $1100)","HP Spectre x360 (Ryzen 7, 32GB, $1200)",-2.392578125,-0.09613037109375
9,"Dell Inspiron 16 (i7, 16GB, $1100)","Dell XPS 15 (i7, 32GB, $1500)",-2.37890625,-0.097412109375
9,"Dell Inspiron 16 (i7, 16GB, $1100)","Lenovo ThinkPad X1 Carbon (Ryzen 7, 32GB, $1400)",-2.23828125,-0.11297607421875
9,"Dell Inspiron 16 (i7, 16GB, $1100)","Apple MacBook Air M3 (M3, 16GB, $1800)",-2.126953125,-0.126953125
9,"Dell Inspiron 16 (i7, 16GB, $1100)","Apple MacBook Pro 14-inch (M3, 32GB, $2220)",-1.818359375,-0.17724609375
9,"Dell Inspiron 16 (i7, 16GB, $1100)","Apple MacBook Pro 16-inch (M3, 64GB, $2800)",-1.818359375,-0.17724609375
9,"HP Spectre x360 (Ryzen 7, 32GB, $1200)","ASUS VivoBook 15 (i3, 8GB, $450)",-1.1796875,-0.367431640625
9,"HP Spectre x360 (Ryzen 7, 32GB, $1200)","Lenovo IdeaPad 3 (i5, 8GB, $550)",-1.181640625,-0.368896484375
9,"HP Spectre x360 (Ryzen 7, 32GB, $1200)","HP Pavilion 15 (Ryzen 5, 8GB, $600)",-1.3369140625,-0.305419921875
9,"HP Spectre x360 (Ryzen 7, 32GB, $1200)","ASUS ZenBook 14 (i5, 16GB, $700)",-1.5146484375,-0.2486572265625
9,"HP Spectre x360 (Ryzen 7, 32GB, $1200)","Lenovo ThinkPad E14 (Ryzen 5, 16GB, $800)",-1.3369140625,-0.305419921875
9,"HP Spectre x360 (Ryzen 7, 32GB, $1200)","Dell Inspiron 16 (i7, 16GB, $1100)",-1.5263671875,-0.245361328125
9,"HP Spectre x360 (Ryzen 7, 32GB, $1200)","Dell XPS 15 (i7, 32GB, $1500)",-1.6513671875,-0.21337890625
9,"HP Spectre x360 (Ryzen 7, 32GB, $1200)","Lenovo ThinkPad X1 Carbon (Ryzen 7, 32GB, $1400)",-1.587890625,-0.2288818359375
9,"HP Spectre x360 (Ryzen 7, 32GB, $1200)","Apple MacBook Air M3 (M3, 16GB, $1800)",-1.40625,-0.281494140625
9,"HP Spectre x360 (Ryzen 7, 32GB, $1200)","Apple MacBook Pro 14-inch (M3, 32GB, $2220)",-1.3828125,-0.289306640625
9,"HP Spectre x360 (Ryzen 7, 32GB, $1200)","Apple MacBook Pro 16-inch (M3, 64GB, $2800)",-1.3134765625,-0.3134765625
9,"Dell XPS 15 (i7, 32GB, $1500)","ASUS VivoBook 15 (i3, 8GB, $450)",-1.6884765625,-0.204345703125
9,"Dell XPS 15 (i7, 32GB, $1500)","Lenovo IdeaPad 3 (i5, 8GB, $550)",-1.6640625,-0.2110595703125
9,"Dell XPS 15 (i7, 32GB, $1500)","HP Pavilion 15 (Ryzen 5, 8GB, $600)",-1.650390625,-0.2132568359375
9,"Dell XPS 15 (i7, 32GB, $1500)","ASUS ZenBook 14 (i5, 16GB, $700)",-2.00390625,-0.1448974609375
9,"Dell XPS 15 (i7, 32GB, $1500)","Lenovo ThinkPad E14 (Ryzen 5, 16GB, $800)",-1.638671875,-0.21630859375
9,"Dell XPS 15 (i7, 32GB, $1500)","Dell Inspiron 16 (i7, 16GB, $1100)",-1.8837890625,-0.1650390625
9,"Dell XPS 15 (i7, 32GB, $1500)","HP Spectre x360 (Ryzen 7, 32GB, $1200)",-1.765625,-0.1878662109375
9,"Dell XPS 15 (i7, 32GB, $1500)","Lenovo ThinkPad X1 Carbon (Ryzen 7, 32GB, $1400)",-1.8046875,-0.179931640625
9,"Dell XPS 15 (i7, 32GB, $1500)","Apple MacBook Air M3 (M3, 16GB, $1800)",-1.701171875,-0.2015380859375
9,"Dell XPS 15 (i7, 32GB, $1500)","Apple MacBook Pro 14-inch (M3, 32GB, $2220)",-1.576171875,-0.23193359375
9,"Dell XPS 15 (i7, 32GB, $1500)","Apple MacBook Pro 16-inch (M3, 64GB, $2800)",-1.5634765625,-0.2352294921875
9,"Lenovo ThinkPad X1 Carbon (Ryzen 7, 32GB, $1400)","ASUS VivoBook 15 (i3, 8GB, $450)",-1.1689453125,-0.3720703125
9,"Lenovo ThinkPad X1 Carbon (Ryzen 7, 32GB, $1400)","Lenovo IdeaPad 3 (i5, 8GB, $550)",-1.337890625,-0.306640625
9,"Lenovo ThinkPad X1 Carbon (Ryzen 7, 32GB, $1400)","HP Pavilion 15 (Ryzen 5, 8GB, $600)",-1.1689453125,-0.372314453125
9,"Lenovo ThinkPad X1 Carbon (Ryzen 7, 32GB, $1400)","ASUS ZenBook 14 (i5, 16GB, $700)",-1.4658203125,-0.2626953125
9,"Lenovo ThinkPad X1 Carbon (Ryzen 7, 32GB, $1400)","Lenovo ThinkPad E14 (Ryzen 5, 16GB, $800)",-1.41796875,-0.277587890625
9,"Lenovo ThinkPad X1 Carbon (Ryzen 7, 32GB, $1400)","Dell Inspiron 16 (i7, 16GB, $1100)",-1.39453125,-0.28515625
9,"Lenovo ThinkPad X1 Carbon (Ryzen 7, 32GB, $1400)","HP Spectre x360 (Ryzen 7, 32GB, $1200)",-1.3359375,-0.30517578125
9,"Lenovo ThinkPad X1 Carbon (Ryzen 7, 32GB, $1400)","Dell XPS 15 (i7, 32GB, $1500)",-1.5751953125,-0.23193359375
9,"Lenovo ThinkPad X1 Carbon (Ryzen 7, 32GB, $1400)","Apple MacBook Air M3 (M3, 16GB, $1800)",-1.201171875,-0.35791015625
9,"Lenovo ThinkPad X1 Carbon (Ryzen 7, 32GB, $1400)","Apple MacBook Pro 14-inch (M3, 32GB, $2220)",-1.1796875,-0.367431640625
9,"Lenovo ThinkPad X1 Carbon (Ryzen 7, 32GB, $1400)","Apple MacBook Pro 16-inch (M3, 64GB, $2800)",-1.1162109375,-0.397216796875
9,"Apple MacBook Air M3 (M3, 16GB, $1800)","ASUS VivoBook 15 (i3, 8GB, $450)",-1.40625,-0.28125
9,"Apple MacBook Air M3 (M3, 16GB, $1800)","Lenovo IdeaPad 3 (i5, 8GB, $550)",-1.3720703125,-0.293701171875
9,"Apple MacBook Air M3 (M3, 16GB, $1800)","HP Pavilion 15 (Ryzen 5, 8GB, $600)",-1.291015625,-0.322021484375
9,"Apple MacBook Air M3 (M3, 16GB, $1800)","ASUS ZenBook 14 (i5, 16GB, $700)",-1.7275390625,-0.1959228515625
9,"Apple MacBook Air M3 (M3, 16GB, $1800)","Lenovo ThinkPad E14 (Ryzen 5, 16GB, $800)",-1.3828125,-0.2890625
9,"Apple MacBook Air M3 (M3, 16GB, $1800)","Dell Inspiron 16 (i7, 16GB, $1100)",-1.587890625,-0.228759765625
9,"Apple MacBook Air M3 (M3, 16GB, $1800)","HP Spectre x360 (Ryzen 7, 32GB, $1200)",-1.4775390625,-0.25927734375
9,"Apple MacBook Air M3 (M3, 16GB, $1800)","Dell XPS 15 (i7, 32GB, $1500)",-1.6259765625,-0.219482421875
9,"Apple MacBook Air M3 (M3, 16GB, $1800)","Lenovo ThinkPad X1 Carbon (Ryzen 7, 32GB, $1400)",-1.55078125,-0.2386474609375
9,"Apple MacBook Air M3 (M3, 16GB, $1800)","Apple MacBook Pro 14-inch (M3, 32GB, $2220)",-1.8310546875,-0.1748046875
9,"Apple MacBook Air M3 (M3, 16GB, $1800)","Apple MacBook Pro 16-inch (M3, 64GB, $2800)",-1.7275390625,-0.1959228515625
9,"Apple MacBook Pro 14-inch (M3, 32GB, $2220)","ASUS VivoBook 15 (i3, 8GB, $450)",-1.13671875,-0.386962890625
9,"Apple MacBook Pro 14-inch (M3, 32GB, $2220)","Lenovo IdeaPad 3 (i5, 8GB, $550)",-1.1484375,-0.3828125
9,"Apple MacBook Pro 14-inch (M3, 32GB, $2220)","HP Pavilion 15 (Ryzen 5, 8GB, $600)",-1.0947265625,-0.407470703125
9,"Apple MacBook Pro 14-inch (M3, 32GB, $2220)","ASUS ZenBook 14 (i5, 16GB, $700)",-1.41796875,-0.277587890625
9,"Apple MacBook Pro 14-inch (M3, 32GB, $2220)","Lenovo ThinkPad E14 (Ryzen 5, 16GB, $800)",-1.1796875,-0.367431640625
9,"Apple MacBook Pro 14-inch (M3, 32GB, $2220)","Dell Inspiron 16 (i7, 16GB, $1100)",-1.279296875,-0.326171875
9,"Apple MacBook Pro 14-inch (M3, 32GB, $2220)","HP Spectre x360 (Ryzen 7, 32GB, $1200)",-1.3251953125,-0.309326171875
9,"Apple MacBook Pro 14-inch (M3, 32GB, $2220)","Dell XPS 15 (i7, 32GB, $1500)",-1.40625,-0.28125
9,"Apple MacBook Pro 14-inch (M3, 32GB, $2220)","Lenovo ThinkPad X1 Carbon (Ryzen 7, 32GB, $1400)",-1.40625,-0.28125
9,"Apple MacBook Pro 14-inch (M3, 32GB, $2220)","Apple MacBook Air M3 (M3, 16GB, $1800)",-1.4296875,-0.273681640625
9,"Apple MacBook Pro 14-inch (M3, 32GB, $2220)","Apple MacBook Pro 16-inch (M3, 64GB, $2800)",-1.55078125,-0.2384033203125
9,"Apple MacBook Pro 16-inch (M3, 64GB, $2800)","ASUS VivoBook 15 (i3, 8GB, $450)",-1.201171875,-0.35791015625
9,"Apple MacBook Pro 16-inch (M3, 64GB, $2800)","Lenovo IdeaPad 3 (i5, 8GB, $550)",-1.2470703125,-0.3408203125
9,"Apple MacBook Pro 16-inch (M3, 64GB, $2800)","HP Pavilion 15 (Ryzen 5, 8GB, $600)",-1.1474609375,-0.382080078125
9,"Apple MacBook Pro 16-inch (M3, 64GB, $2800)","ASUS ZenBook 14 (i5, 16GB, $700)",-1.5146484375,-0.24853515625
9,"Apple MacBook Pro 16-inch (M3, 64GB, $2800)","Lenovo ThinkPad E14 (Ryzen 5, 16GB, $800)",-1.2568359375,-0.3349609375
9,"Apple MacBook Pro 16-inch (M3, 64GB, $2800)","Dell Inspiron 16 (i7, 16GB, $1100)",-1.40625,-0.28125
9,"Apple MacBook Pro 16-inch (M3, 64GB, $2800)","HP Spectre x360 (Ryzen 7, 32GB, $1200)",-1.37109375,-0.29296875
9,"Apple MacBook Pro 16-inch (M3, 64GB, $2800)","Dell XPS 15 (i7, 32GB, $1500)",-1.4541015625,-0.266357421875
9,"Apple MacBook Pro 16-inch (M3, 64GB, $2800)","Lenovo ThinkPad X1 Carbon (Ryzen 7, 32GB, $1400)",-1.4775390625,-0.25927734375
9,"Apple MacBook Pro 16-inch (M3, 64GB, $2800)","Apple MacBook Air M3 (M3, 16GB, $1800)",-1.6376953125,-0.2161865234375
9,"Apple MacBook Pro 16-inch (M3, 64GB, $2800)","Apple MacBook Pro 14-inch (M3, 32GB, $2220)",-1.513671875,-0.24853515625
10,"ASUS VivoBook 15 (i3, 8GB, $450)","Lenovo IdeaPad 3 (i5, 8GB, $550)",-1.2470703125,-0.340576171875
10,"ASUS VivoBook 15 (i3, 8GB, $450)","HP Pavilion 15 (Ryzen 5, 8GB, $600)",-1.3359375,-0.30517578125
10,"ASUS VivoBook 15 (i3, 8GB, $450)","ASUS ZenBook 14 (i5, 16GB, $700)",-1.6630859375,-0.2103271484375
10,"ASUS VivoBook 15 (i3, 8GB, $450)","Lenovo ThinkPad E14 (Ryzen 5, 16GB, $800)",-1.291015625,-0.322021484375
10,"ASUS VivoBook 15 (i3, 8GB, $450)","Dell Inspiron 16 (i7, 16GB, $1100)",-1.3017578125,-0.317626953125
10,"ASUS VivoBook 15 (i3, 8GB, $450)","HP Spectre x360 (Ryzen 7, 32GB, $1200)",-1.4423828125,-0.27001953125
10,"ASUS VivoBook 15 (i3, 8GB, $450)","Dell XPS 15 (i7, 32GB, $1500)",-1.3017578125,-0.317626953125
10,"ASUS VivoBook 15 (i3, 8GB, $450)","Lenovo ThinkPad X1 Carbon (Ryzen 7, 32GB, $1400)",-1.3134765625,-0.3134765625
10,"ASUS VivoBook 15 (i3, 8GB, $450)","Apple MacBook Air M3 (M3, 16GB, $1800)",-1.1904296875,-0.362548828125
10,"ASUS VivoBook 15 (i3, 8GB, $450)","Apple MacBook Pro 14-inch (M3, 32GB, $2220)",-1.158203125,-0.377197265625
10,"ASUS VivoBook 15 (i3, 8GB, $450)","Apple MacBook Pro 16-inch (M3, 64GB, $2800)",-1.13671875,-0.386962890625
10,"Lenovo IdeaPad 3 (i5, 8GB, $550)","ASUS VivoBook 15 (i3, 8GB, $450)",-1.361328125,-0.298583984375
10,"Lenovo IdeaPad 3 (i5, 8GB, $550)","HP Pavilion 15 (Ryzen 5, 8GB, $600)",-1.2255859375,-0.3505859375
10,"Lenovo IdeaPad 3 (i5, 8GB, $550)","ASUS ZenBook 14 (i5, 16GB, $700)",-1.58984375,-0.2301025390625
10,"Lenovo IdeaPad 3 (i5, 8GB, $550)","Lenovo ThinkPad E14 (Ryzen 5, 16GB, $800)",-1.4453125,-0.273681640625
10,"Lenovo IdeaPad 3 (i5, 8GB, $550)","Dell Inspiron 16 (i7, 16GB, $1100)",-1.29296875,-0.32373046875
10,"Lenovo IdeaPad 3 (i5, 8GB, $550)","HP Spectre x360 (Ryzen 7, 32GB, $1200)",-1.3623046875,-0.300048828125
10,"Lenovo IdeaPad 3 (i5, 8GB, $550)","Dell XPS 15 (i7, 32GB, $1500)",-1.3271484375,-0.311767578125
10,"Lenovo IdeaPad 3 (i5, 8GB, $550)","Lenovo ThinkPad X1 Carbon (Ryzen 7, 32GB, $1400)",-1.494140625,-0.259765625
10,"Lenovo IdeaPad 3 (i5, 8GB, $550)","Apple MacBook Air M3 (M3, 16GB, $1800)",-1.138671875,-0.388671875
10,"Lenovo IdeaPad 3 (i5, 8GB, $550)","Apple MacBook Pro 14-inch (M3, 32GB, $2220)",-1.107421875,-0.404052734375
10,"Lenovo IdeaPad 3 (i5, 8GB, $550)","Apple MacBook Pro 16-inch (M3, 64GB, $2800)",-1.0654296875,-0.4248046875
10,"HP Pavilion 15 (Ryzen 5, 8GB, $600)","ASUS VivoBook 15 (i3, 8GB, $450)",-1.41796875,-0.27734375
10,"HP Pavilion 15 (Ryzen 5, 8GB, $600)","Lenovo IdeaPad 3 (i5, 8GB, $550)",-1.3486328125,-0.3173828125
10,"HP Pavilion 15 (Ryzen 5, 8GB, $600)","ASUS ZenBook 14 (i5, 16GB, $700)",-1.765625,-0.187744140625
10,"HP Pavilion 15 (Ryzen 5, 8GB, $600)","Lenovo ThinkPad E14 (Ryzen 5, 16GB, $800)",-1.3828125,-0.2890625
10,"HP Pavilion 15 (Ryzen 5, 8GB, $600)","Dell Inspiron 16 (i7, 16GB, $1100)",-1.34765625,-0.301025390625
10,"HP Pavilion 15 (Ryzen 5, 8GB, $600)","HP Spectre x360 (Ryzen 7, 32GB, $1200)",-1.845703125,-0.1734619140625
10,"HP Pavilion 15 (Ryzen 5, 8GB, $600)","Dell XPS 15 (i7, 32GB, $1500)",-1.34765625,-0.301025390625
10,"HP Pavilion 15 (Ryzen 5, 8GB, $600)","Lenovo ThinkPad X1 Carbon (Ryzen 7, 32GB, $1400)",-1.4541015625,-0.2666015625
10,"HP Pavilion 15 (Ryzen 5, 8GB, $600)","Apple MacBook Air M3 (M3, 16GB, $1800)",-1.2685546875,-0.33056640625
10,"HP Pavilion 15 (Ryzen 5, 8GB, $600)","Apple MacBook Pro 14-inch (M3, 32GB, $2220)",-1.158203125,-0.377197265625
10,"HP Pavilion 15 (Ryzen 5, 8GB, $600)","Apple MacBook Pro 16-inch (M3, 64GB, $2800)",-1.1259765625,-0.39208984375
10,"ASUS ZenBook 14 (i5, 16GB, $700)","ASUS VivoBook 15 (i3, 8GB, $450)",-1.3017578125,-0.317626953125
10,"ASUS ZenBook 14 (i5, 16GB, $700)","Lenovo IdeaPad 3 (i5, 8GB, $550)",-1.23828125,-0.347900390625
10,"ASUS ZenBook 14 (i5, 16GB, $700)","HP Pavilion 15 (Ryzen 5, 8GB, $600)",-1.3134765625,-0.3134765625
10,"ASUS ZenBook 14 (i5, 16GB, $700)","Lenovo ThinkPad E14 (Ryzen 5, 16GB, $800)",-1.37109375,-0.29296875
10,"ASUS ZenBook 14 (i5, 16GB, $700)","Dell Inspiron 16 (i7, 16GB, $1100)",-1.39453125,-0.28515625
10,"ASUS ZenBook 14 (i5, 16GB, $700)","HP Spectre x360 (Ryzen 7, 32GB, $1200)",-1.6005859375,-0.225830078125
10,"ASUS ZenBook 14 (i5, 16GB, $700)","Dell XPS 15 (i7, 32GB, $1500)",-1.37109375,-0.29296875
10,"ASUS ZenBook 14 (i5, 16GB, $700)","Lenovo ThinkPad X1 Carbon (Ryzen 7, 32GB, $1400)",-1.39453125,-0.28515625
10,"ASUS ZenBook 14 (i5, 16GB, $700)","Apple MacBook Air M3 (M3, 16GB, $1800)",-1.279296875,-0.326171875
10,"ASUS ZenBook 14 (i5, 16GB, $700)","Apple MacBook Pro 14-inch (M3, 32GB, $2220)",-1.1796875,-0.367431640625
10,"ASUS ZenBook 14 (i5, 16GB, $700)","Apple MacBook Pro 16-inch (M3, 64GB, $2800)",-1.13671875,-0.386962890625
10,"Lenovo ThinkPad E14 (Ryzen 5, 16GB, $800)","ASUS VivoBook 15 (i3, 8GB, $450)",-1.0849609375,-0.412841796875
10,"Lenovo ThinkPad E14 (Ryzen 5, 16GB, $800)","Lenovo IdeaPad 3 (i5, 8GB, $550)",-1.203125,-0.375
10,"Lenovo ThinkPad E14 (Ryzen 5, 16GB, $800)","HP Pavilion 15 (Ryzen 5, 8GB, $600)",-1.064453125,-0.423583984375
10,"Lenovo ThinkPad E14 (Ryzen 5, 16GB, $800)","ASUS ZenBook 14 (i5, 16GB, $700)",-1.39453125,-0.28515625
10,"Lenovo ThinkPad E14 (Ryzen 5, 16GB, $800)","Dell Inspiron 16 (i7, 16GB, $1100)",-1.1474609375,-0.382080078125
10,"Lenovo ThinkPad E14 (Ryzen 5, 16GB, $800)","HP Spectre x360 (Ryzen 7, 32GB, $1200)",-1.279296875,-0.32666015625
10,"Lenovo ThinkPad E14 (Ryzen 5, 16GB, $800)","Dell XPS 15 (i7, 32GB, $1500)",-1.13671875,-0.38720703125
10,"Lenovo ThinkPad E14 (Ryzen 5, 16GB, $800)","Lenovo ThinkPad X1 Carbon (Ryzen 7, 32GB, $1400)",-1.291015625,-0.322021484375
10,"Lenovo ThinkPad E14 (Ryzen 5, 16GB, $800)","Apple MacBook Air M3 (M3, 16GB, $1800)",-1.00390625,-0.456787109375
10,"Lenovo ThinkPad E14 (Ryzen 5, 16GB, $800)","Apple MacBook Pro 14-inch (M3, 32GB, $2220)",-0.9169921875,-0.5107421875
10,"Lenovo ThinkPad E14 (Ryzen 5, 16GB, $800)","Apple MacBook Pro 16-inch (M3, 64GB, $2800)",-0.8984375,-0.5234375
10,"Dell Inspiron 16 (i7, 16GB, $1100)","ASUS VivoBook 15 (i3, 8GB, $450)",-1.39453125,-0.28515625
10,"Dell Inspiron 16 (i7, 16GB, $1100)","Lenovo IdeaPad 3 (i5, 8GB, $550)",-1.2744140625,-0.33642578125
10,"Dell Inspiron 16 (i7, 16GB, $1100)","HP Pavilion 15 (Ryzen 5, 8GB, $600)",-1.234375,-0.343994140625
10,"Dell Inspiron 16 (i7, 16GB, $1100)","ASUS ZenBook 14 (i5, 16GB, $700)",-1.765625,-0.187744140625
10,"Dell Inspiron 16 (i7, 16GB, $1100)","Lenovo ThinkPad E14 (Ryzen 5, 16GB, $800)",-1.3369140625,-0.30517578125
10,"Dell Inspiron 16 (i7, 16GB, $1100)","HP Spectre x360 (Ryzen 7, 32GB, $1200)",-1.6767578125,-0.207763671875
10,"Dell Inspiron 16 (i7, 16GB, $1100)","Dell XPS 15 (i7, 32GB, $1500)",-1.638671875,-0.2164306640625
10,"Dell Inspiron 16 (i7, 16GB, $1100)","Lenovo ThinkPad X1 Carbon (Ryzen 7, 32GB, $1400)",-1.501953125,-0.252197265625
10,"Dell Inspiron 16 (i7, 16GB, $1100)","Apple MacBook Air M3 (M3, 16GB, $1800)",-1.4296875,-0.273681640625
10,"Dell Inspiron 16 (i7, 16GB, $1100)","Apple MacBook Pro 14-inch (M3, 32GB, $2220)",-1.234375,-0.343994140625
10,"Dell Inspiron 16 (i7, 16GB, $1100)","Apple MacBook Pro 16-inch (M3, 64GB, $2800)",-1.2236328125,-0.3486328125
10,"HP Spectre x360 (Ryzen 7, 32GB, $1200)","ASUS VivoBook 15 (i3, 8GB, $450)",-0.984375,-0.46875
10,"HP Spectre x360 (Ryzen 7, 32GB, $1200)","Lenovo IdeaPad 3 (i5, 8GB, $550)",-0.9326171875,-0.5107421875
10,"HP Spectre x360 (Ryzen 7, 32GB, $1200)","HP Pavilion 15 (Ryzen 5, 8GB, $600)",-1.0546875,-0.429443359375
10,"HP Spectre x360 (Ryzen 7, 32GB, $1200)","ASUS ZenBook 14 (i5, 16GB, $700)",-1.2236328125,-0.348876953125
10,"HP Spectre x360 (Ryzen 7, 32GB, $1200)","Lenovo ThinkPad E14 (Ryzen 5, 16GB, $800)",-1.064453125,-0.42431640625
10,"HP Spectre x360 (Ryzen 7, 32GB, $1200)","Dell Inspiron 16 (i7, 16GB, $1100)",-1.169921875,-0.37255859375
10,"HP Spectre x360 (Ryzen 7, 32GB, $1200)","Dell XPS 15 (i7, 32GB, $1500)",-1.2578125,-0.335693359375
10,"HP Spectre x360 (Ryzen 7, 32GB, $1200)","Lenovo ThinkPad X1 Carbon (Ryzen 7, 32GB, $1400)",-1.2685546875,-0.3310546875
10,"HP Spectre x360 (Ryzen 7, 32GB, $1200)","Apple MacBook Air M3 (M3, 16GB, $1800)",-1.095703125,-0.407958984375
10,"HP Spectre x360 (Ryzen 7, 32GB, $1200)","Apple MacBook Pro 14-inch (M3, 32GB, $2220)",-1.095703125,-0.407958984375
10,"HP Spectre x360 (Ryzen 7, 32GB, $1200)","Apple MacBook Pro 16-inch (M3, 64GB, $2800)",-1.0244140625,-0.446044921875
10,"Dell XPS 15 (i7, 32GB, $1500)","ASUS VivoBook 15 (i3, 8GB, $450)",-1.2568359375,-0.3349609375
10,"Dell XPS 15 (i7, 32GB, $1500)","Lenovo IdeaPad 3 (i5, 8GB, $550)",-1.1298828125,-0.395751953125
10,"Dell XPS 15 (i7, 32GB, $1500)","HP Pavilion 15 (Ryzen 5, 8GB, $600)",-1.13671875,-0.38720703125
10,"Dell XPS 15 (i7, 32GB, $1500)","ASUS ZenBook 14 (i5, 16GB, $700)",-1.4775390625,-0.25927734375
10,"Dell XPS 15 (i7, 32GB, $1500)","Lenovo ThinkPad E14 (Ryzen 5, 16GB, $800)",-1.1376953125,-0.38720703125
10,"Dell XPS 15 (i7, 32GB, $1500)","Dell Inspiron 16 (i7, 16GB, $1100)",-1.37109375,-0.29296875
10,"Dell XPS 15 (i7, 32GB, $1500)","HP Spectre x360 (Ryzen 7, 32GB, $1200)",-1.359375,-0.29736328125
10,"Dell XPS 15 (i7, 32GB, $1500)","Lenovo ThinkPad X1 Carbon (Ryzen 7, 32GB, $1400)",-1.3251953125,-0.309326171875
10,"Dell XPS 15 (i7, 32GB, $1500)","Apple MacBook Air M3 (M3, 16GB, $1800)",-1.1796875,-0.367431640625
10,"Dell XPS 15 (i7, 32GB, $1500)","Apple MacBook Pro 14-inch (M3, 32GB, $2220)",-1.13671875,-0.38720703125
10,"Dell XPS 15 (i7, 32GB, $1500)","Apple MacBook Pro 16-inch (M3, 64GB, $2800)",-1.0849609375,-0.412841796875
10,"Lenovo ThinkPad X1 Carbon (Ryzen 7, 32GB, $1400)","ASUS VivoBook 15 (i3, 8GB, $450)",-0.8984375,-0.5234375
10,"Lenovo ThinkPad X1 Carbon (Ryzen 7, 32GB, $1400)","Lenovo IdeaPad 3 (i5, 8GB, $550)",-0.9697265625,-0.4853515625
10,"Lenovo ThinkPad X1 Carbon (Ryzen 7, 32GB, $1400)","HP Pavilion 15 (Ryzen 5, 8GB, $600)",-0.87109375,-0.54296875
10,"Lenovo ThinkPad X1 Carbon (Ryzen 7, 32GB, $1400)","ASUS ZenBook 14 (i5, 16GB, $700)",-1.0849609375,-0.412841796875
10,"Lenovo ThinkPad X1 Carbon (Ryzen 7, 32GB, $1400)","Lenovo ThinkPad E14 (Ryzen 5, 16GB, $800)",-1.0439453125,-0.4345703125
10,"Lenovo ThinkPad X1 Carbon (Ryzen 7, 32GB, $1400)","Dell Inspiron 16 (i7, 16GB, $1100)",-0.99365234375,-0.462646484375
10,"Lenovo ThinkPad X1 Carbon (Ryzen 7, 32GB, $1400)","HP Spectre x360 (Ryzen 7, 32GB, $1200)",-1.1162109375,-0.397216796875
10,"Lenovo ThinkPad X1 Carbon (Ryzen 7, 32GB, $1400)","Dell XPS 15 (i7, 32GB, $1500)",-1.1162109375,-0.397216796875
10,"Lenovo ThinkPad X1 Carbon (Ryzen 7, 32GB, $1400)","Apple MacBook Air M3 (M3, 16GB, $1800)",-0.8798828125,-0.5361328125
10,"Lenovo ThinkPad X1 Carbon (Ryzen 7, 32GB, $1400)","Apple MacBook Pro 14-inch (M3, 32GB, $2220)",-0.88916015625,-0.52978515625
10,"Lenovo ThinkPad X1 Carbon (Ryzen 7, 32GB, $1400)","Apple MacBook Pro 16-inch (M3, 64GB, $2800)",-0.8349609375,-0.5693359375
10,"Apple MacBook Air M3 (M3, 16GB, $1800)","ASUS VivoBook 15 (i3, 8GB, $450)",-1.0947265625,-0.40771484375
10,"Apple MacBook Air M3 (M3, 16GB, $1800)","Lenovo IdeaPad 3 (i5, 8GB, $550)",-0.97705078125,-0.477294921875
10,"Apple MacBook Air M3 (M3, 16GB, $1800)","HP Pavilion 15 (Ryzen 5, 8GB, $600)",-0.94580078125,-0.492431640625
10,"Apple MacBook Air M3 (M3, 16GB, $1800)","ASUS ZenBook 14 (i5, 16GB, $700)",-1.3134765625,-0.3134765625
10,"Apple MacBook Air M3 (M3, 16GB, $1800)","Lenovo ThinkPad E14 (Ryzen 5, 16GB, $800)",-1.0341796875,-0.440185546875
10,"Apple MacBook Air M3 (M3, 16GB, $1800)","Dell Inspiron 16 (i7, 16GB, $1100)",-1.126953125,-0.39208984375
10,"Apple MacBook Air M3 (M3, 16GB, $1800)","HP Spectre x360 (Ryzen 7, 32GB, $1200)",-1.1689453125,-0.37255859375
10,"Apple MacBook Air M3 (M3, 16GB, $1800)","Dell XPS 15 (i7, 32GB, $1500)",-1.1474609375,-0.38232421875
10,"Apple MacBook Air M3 (M3, 16GB, $1800)","Lenovo ThinkPad X1 Carbon (Ryzen 7, 32GB, $1400)",-1.158203125,-0.37744140625
10,"Apple MacBook Air M3 (M3, 16GB, $1800)","Apple MacBook Pro 14-inch (M3, 32GB, $2220)",-1.3828125,-0.289306640625
10,"Apple MacBook Air M3 (M3, 16GB, $1800)","Apple MacBook Pro 16-inch (M3, 64GB, $2800)",-1.3134765625,-0.3134765625
10,"Apple MacBook Pro 14-inch (M3, 32GB, $2220)","ASUS VivoBook 15 (i3, 8GB, $450)",-0.9453125,-0.4921875
10,"Apple MacBook Pro 14-inch (M3, 32GB, $2220)","Lenovo IdeaPad 3 (i5, 8GB, $550)",-0.85546875,-0.55859375
10,"Apple MacBook Pro 14-inch (M3, 32GB, $2220)","HP Pavilion 15 (Ryzen 5, 8GB, $600)",-0.84423828125,-0.56298828125
10,"Apple MacBook Pro 14-inch (M3, 32GB, $2220)","ASUS ZenBook 14 (i5, 16GB, $700)",-1.1474609375,-0.382080078125
10,"Apple MacBook Pro 14-inch (M3, 32GB, $2220)","Lenovo ThinkPad E14 (Ryzen 5, 16GB, $800)",-0.90771484375,-0.51708984375
10,"Apple MacBook Pro 14-inch (M3, 32GB, $2220)","Dell Inspiron 16 (i7, 16GB, $1100)",-0.96484375,-0.480224609375
10,"Apple MacBook Pro 14-inch (M3, 32GB, $2220)","HP Spectre x360 (Ryzen 7, 32GB, $1200)",-1.0849609375,-0.4130859375
10,"Apple MacBook Pro 14-inch (M3, 32GB, $2220)","Dell XPS 15 (i7, 32GB, $1500)",-1.0439453125,-0.4345703125
10,"Apple MacBook Pro 14-inch (M3, 32GB, $2220)","Lenovo ThinkPad X1 Carbon (Ryzen 7, 32GB, $1400)",-1.10546875,-0.402587890625
10,"Apple MacBook Pro 14-inch (M3, 32GB, $2220)","Apple MacBook Air M3 (M3, 16GB, $1800)",-1.1474609375,-0.382080078125
10,"Apple MacBook Pro 14-inch (M3, 32GB, $2220)","Apple MacBook Pro 16-inch (M3, 64GB, $2800)",-1.1904296875,-0.362548828125
10,"Apple MacBook Pro 16-inch (M3, 64GB, $2800)","ASUS VivoBook 15 (i3, 8GB, $450)",-0.97412109375,-0.474365234375
10,"Apple MacBook Pro 16-inch (M3, 64GB, $2800)","Lenovo IdeaPad 3 (i5, 8GB, $550)",-0.9033203125,-0.5283203125
10,"Apple MacBook Pro 16-inch (M3, 64GB, $2800)","HP Pavilion 15 (Ryzen 5, 8GB, $600)",-0.86181640625,-0.54931640625
10,"Apple MacBook Pro 16-inch (M3, 64GB, $2800)","ASUS ZenBook 14 (i5, 16GB, $700)",-1.2236328125,-0.3486328125
10,"Apple MacBook Pro 16-inch (M3, 64GB, $2800)","Lenovo ThinkPad E14 (Ryzen 5, 16GB, $800)",-0.96484375,-0.48046875
10,"Apple MacBook Pro 16-inch (M3, 64GB, $2800)","Dell Inspiron 16 (i7, 16GB, $1100)",-1.0234375,-0.445556640625
10,"Apple MacBook Pro 16-inch (M3, 64GB, $2800)","HP Spectre x360 (Ryzen 7, 32GB, $1200)",-1.095703125,-0.407958984375
10,"Apple MacBook Pro 16-inch (M3, 64GB, $2800)","Dell XPS 15 (i7, 32GB, $1500)",-1.0439453125,-0.4345703125
10,"Apple MacBook Pro 16-inch (M3, 64GB, $2800)","Lenovo ThinkPad X1 Carbon (Ryzen 7, 32GB, $1400)",-1.126953125,-0.392333984375
10,"Apple MacBook Pro 16-inch (M3, 64GB, $2800)","Apple MacBook Air M3 (M3, 16GB, $1800)",-1.2685546875,-0.33056640625
10,"Apple MacBook Pro 16-inch (M3, 64GB, $2800)","Apple MacBook Pro 14-inch (M3, 32GB, $2220)",-1.2236328125,-0.3486328125
11,"ASUS VivoBook 15 (i3, 8GB, $450)","Lenovo IdeaPad 3 (i5, 8GB, $550)",-1.2568359375,-0.335205078125
11,"ASUS VivoBook 15 (i3, 8GB, $450)","HP Pavilion 15 (Ryzen 5, 8GB, $600)",-1.34765625,-0.30078125
11,"ASUS VivoBook 15 (i3, 8GB, $450)","ASUS ZenBook 14 (i5, 16GB, $700)",-1.7138671875,-0.1986083984375
11,"ASUS VivoBook 15 (i3, 8GB, $450)","Lenovo ThinkPad E14 (Ryzen 5, 16GB, $800)",-1.234375,-0.343994140625
11,"ASUS VivoBook 15 (i3, 8GB, $450)","Dell Inspiron 16 (i7, 16GB, $1100)",-1.279296875,-0.326171875
11,"ASUS VivoBook 15 (i3, 8GB, $450)","HP Spectre x360 (Ryzen 7, 32GB, $1200)",-1.41796875,-0.27734375
11,"ASUS VivoBook 15 (i3, 8GB, $450)","Dell XPS 15 (i7, 32GB, $1500)",-1.291015625,-0.32177734375
11,"ASUS VivoBook 15 (i3, 8GB, $450)","Lenovo ThinkPad X1 Carbon (Ryzen 7, 32GB, $1400)",-1.267578125,-0.33056640625
11,"ASUS VivoBook 15 (i3, 8GB, $450)","Apple MacBook Air M3 (M3, 16GB, $1800)",-1.1474609375,-0.3818359375
11,"ASUS VivoBook 15 (i3, 8GB, $450)","Apple MacBook Pro 14-inch (M3, 32GB, $2220)",-1.1259765625,-0.391845703125
11,"ASUS VivoBook 15 (i3, 8GB, $450)","Apple MacBook Pro 16-inch (M3, 64GB, $2800)",-1.0849609375,-0.41259765625
11,"Lenovo IdeaPad 3 (i5, 8GB, $550)","ASUS VivoBook 15 (i3, 8GB, $450)",-1.34765625,-0.30126953125
11,"Lenovo IdeaPad 3 (i5, 8GB, $550)","HP Pavilion 15 (Ryzen 5, 8GB, $600)",-1.314453125,-0.31396484375
11,"Lenovo IdeaPad 3 (i5, 8GB, $550)","ASUS ZenBook 14 (i5, 16GB, $700)",-1.6640625,-0.2105712890625
11,"Lenovo IdeaPad 3 (i5, 8GB, $550)","Lenovo ThinkPad E14 (Ryzen 5, 16GB, $800)",-1.52734375,-0.2464599609375
11,"Lenovo IdeaPad 3 (i5, 8GB, $550)","Dell Inspiron 16 (i7, 16GB, $1100)",-1.3720703125,-0.293701171875
11,"Lenovo IdeaPad 3 (i5, 8GB, $550)","HP Spectre x360 (Ryzen 7, 32GB, $1200)",-1.3369140625,-0.305908203125
11,"Lenovo IdeaPad 3 (i5, 8GB, $550)","Dell XPS 15 (i7, 32GB, $1500)",-1.4306640625,-0.274658203125
11,"Lenovo IdeaPad 3 (i5, 8GB, $550)","Lenovo ThinkPad X1 Carbon (Ryzen 7, 32GB, $1400)",-1.564453125,-0.2364501953125
11,"Lenovo IdeaPad 3 (i5, 8GB, $550)","Apple MacBook Air M3 (M3, 16GB, $1800)",-1.169921875,-0.37255859375
11,"Lenovo IdeaPad 3 (i5, 8GB, $550)","Apple MacBook Pro 14-inch (M3, 32GB, $2220)",-1.095703125,-0.407958984375
11,"Lenovo IdeaPad 3 (i5, 8GB, $550)","Apple MacBook Pro 16-inch (M3, 64GB, $2800)",-1.0439453125,-0.434814453125
11,"HP Pavilion 15 (Ryzen 5, 8GB, $600)","ASUS VivoBook 15 (i3, 8GB, $450)",-1.3828125,-0.288818359375
11,"HP Pavilion 15 (Ryzen 5, 8GB, $600)","Lenovo IdeaPad 3 (i5, 8GB, $550)",-1.3623046875,-0.2998046875
11,"HP Pavilion 15 (Ryzen 5, 8GB, $600)","ASUS ZenBook 14 (i5, 16GB, $700)",-1.7919921875,-0.182373046875
11,"HP Pavilion 15 (Ryzen 5, 8GB, $600)","Lenovo ThinkPad E14 (Ryzen 5, 16GB, $800)",-1.4541015625,-0.266357421875
11,"HP Pavilion 15 (Ryzen 5, 8GB, $600)","Dell Inspiron 16 (i7, 16GB, $1100)",-1.4658203125,-0.2626953125
11,"HP Pavilion 15 (Ryzen 5, 8GB, $600)","HP Spectre x360 (Ryzen 7, 32GB, $1200)",-1.8447265625,-0.1724853515625
11,"HP Pavilion 15 (Ryzen 5, 8GB, $600)","Dell XPS 15 (i7, 32GB, $1500)",-1.513671875,-0.24853515625
11,"HP Pavilion 15 (Ryzen 5, 8GB, $600)","Lenovo ThinkPad X1 Carbon (Ryzen 7, 32GB, $1400)",-1.501953125,-0.251953125
11,"HP Pavilion 15 (Ryzen 5, 8GB, $600)","Apple MacBook Air M3 (M3, 16GB, $1800)",-1.279296875,-0.326171875
11,"HP Pavilion 15 (Ryzen 5, 8GB, $600)","Apple MacBook Pro 14-inch (M3, 32GB, $2220)",-1.2568359375,-0.3349609375
11,"HP Pavilion 15 (Ryzen 5, 8GB, $600)","Apple MacBook Pro 16-inch (M3, 64GB, $2800)",-1.212890625,-0.35302734375
11,"ASUS ZenBook 14 (i5, 16GB, $700)","ASUS VivoBook 15 (i3, 8GB, $450)",-1.3134765625,-0.313232421875
11,"ASUS ZenBook 14 (i5, 16GB, $700)","Lenovo IdeaPad 3 (i5, 8GB, $550)",-1.2578125,-0.335693359375
11,"ASUS ZenBook 14 (i5, 16GB, $700)","HP Pavilion 15 (Ryzen 5, 8GB, $600)",-1.3017578125,-0.317626953125
11,"ASUS ZenBook 14 (i5, 16GB, $700)","Lenovo ThinkPad E14 (Ryzen 5, 16GB, $800)",-1.39453125,-0.28515625
11,"ASUS ZenBook 14 (i5, 16GB, $700)","Dell Inspiron 16 (i7, 16GB, $1100)",-1.40625,-0.28125
11,"ASUS ZenBook 14 (i5, 16GB, $700)","HP Spectre x360 (Ryzen 7, 32GB, $1200)",-1.587890625,-0.228759765625
11,"ASUS ZenBook 14 (i5, 16GB, $700)","Dell XPS 15 (i7, 32GB, $1500)",-1.37109375,-0.29296875
11,"ASUS ZenBook 14 (i5, 16GB, $700)","Lenovo ThinkPad X1 Carbon (Ryzen 7, 32GB, $1400)",-1.41796875,-0.27734375
11,"ASUS ZenBook 14 (i5, 16GB, $700)","Apple MacBook Air M3 (M3, 16GB, $1800)",-1.2568359375,-0.3349609375
11,"ASUS ZenBook 14 (i5, 16GB, $700)","Apple MacBook Pro 14-inch (M3, 32GB, $2220)",-1.1796875,-0.3671875
11,"ASUS ZenBook 14 (i5, 16GB, $700)","Apple MacBook Pro 16-inch (M3, 64GB, $2800)",-1.13671875,-0.386962890625
11,"Lenovo ThinkPad E14 (Ryzen 5, 16GB, $800)","ASUS VivoBook 15 (i3, 8GB, $450)",-1.0537109375,-0.4287109375
11,"Lenovo ThinkPad E14 (Ryzen 5, 16GB, $800)","Lenovo IdeaPad 3 (i5, 8GB, $550)",-1.2158203125,-0.3564453125
11,"Lenovo ThinkPad E14 (Ryzen 5, 16GB, $800)","HP Pavilion 15 (Ryzen 5, 8GB, $600)",-1.1689453125,-0.3720703125
11,"Lenovo ThinkPad E14 (Ryzen 5, 16GB, $800)","ASUS ZenBook 14 (i5, 16GB, $700)",-1.4541015625,-0.26611328125
11,"Lenovo ThinkPad E14 (Ryzen 5, 16GB, $800)","Dell Inspiron 16 (i7, 16GB, $1100)",-1.279296875,-0.326171875
11,"Lenovo ThinkPad E14 (Ryzen 5, 16GB, $800)","HP Spectre x360 (Ryzen 7, 32GB, $1200)",-1.201171875,-0.35791015625
11,"Lenovo ThinkPad E14 (Ryzen 5, 16GB, $800)","Dell XPS 15 (i7, 32GB, $1500)",-1.267578125,-0.33056640625
11,"Lenovo ThinkPad E14 (Ryzen 5, 16GB, $800)","Lenovo ThinkPad X1 Carbon (Ryzen 7, 32GB, $1400)",-1.3251953125,-0.30908203125
11,"Lenovo ThinkPad E14 (Ryzen 5, 16GB, $800)","Apple MacBook Air M3 (M3, 16GB, $1800)",-1.033203125,-0.439697265625
11,"Lenovo ThinkPad E14 (Ryzen 5, 16GB, $800)","Apple MacBook Pro 14-inch (M3, 32GB, $2220)",-0.9453125,-0.4921875
11,"Lenovo ThinkPad E14 (Ryzen 5, 16GB, $800)","Apple MacBook Pro 16-inch (M3, 64GB, $2800)",-0.935546875,-0.498291015625
11,"Dell Inspiron 16 (i7, 16GB, $1100)","ASUS VivoBook 15 (i3, 8GB, $450)",-1.41796875,-0.27734375
11,"Dell Inspiron 16 (i7, 16GB, $1100)","Lenovo IdeaPad 3 (i5, 8GB, $550)",-1.384765625,-0.290771484375
11,"Dell Inspiron 16 (i7, 16GB, $1100)","HP Pavilion 15 (Ryzen 5, 8GB, $600)",-1.359375,-0.296875
11,"Dell Inspiron 16 (i7, 16GB, $1100)","ASUS ZenBook 14 (i5, 16GB, $700)",-1.8046875,-0.1798095703125
11,"Dell Inspiron 16 (i7, 16GB, $1100)","Lenovo ThinkPad E14 (Ryzen 5, 16GB, $800)",-1.4775390625,-0.259033203125
11,"Dell Inspiron 16 (i7, 16GB, $1100)","HP Spectre x360 (Ryzen 7, 32GB, $1200)",-1.701171875,-0.20166015625
11,"Dell Inspiron 16 (i7, 16GB, $1100)","Dell XPS 15 (i7, 32GB, $1500)",-1.84375,-0.1722412109375
11,"Dell Inspiron 16 (i7, 16GB, $1100)","Lenovo ThinkPad X1 Carbon (Ryzen 7, 32GB, $1400)",-1.6259765625,-0.21923828125
11,"Dell Inspiron 16 (i7, 16GB, $1100)","Apple MacBook Air M3 (M3, 16GB, $1800)",-1.5390625,-0.24169921875
11,"Dell Inspiron 16 (i7, 16GB, $1100)","Apple MacBook Pro 14-inch (M3, 32GB, $2220)",-1.39453125,-0.28515625
11,"Dell Inspiron 16 (i7, 16GB, $1100)","Apple MacBook Pro 16-inch (M3, 64GB, $2800)",-1.39453125,-0.28515625
11,"HP Spectre x360 (Ryzen 7, 32GB, $1200)","ASUS VivoBook 15 (i3, 8GB, $450)",-0.98388671875,-0.46826171875
11,"HP Spectre x360 (Ryzen 7, 32GB, $1200)","Lenovo IdeaPad 3 (i5, 8GB, $550)",-0.92724609375,-0.50537109375
11,"HP Spectre x360 (Ryzen 7, 32GB, $1200)","HP Pavilion 15 (Ryzen 5, 8GB, $600)",-1.126953125,-0.39208984375
11,"HP Spectre x360 (Ryzen 7, 32GB, $1200)","ASUS ZenBook 14 (i5, 16GB, $700)",-1.24609375,-0.33935546875
11,"HP Spectre x360 (Ryzen 7, 32GB, $1200)","Lenovo ThinkPad E14 (Ryzen 5, 16GB, $800)",-1.0439453125,-0.434326171875
11,"HP Spectre x360 (Ryzen 7, 32GB, $1200)","Dell Inspiron 16 (i7, 16GB, $1100)",-1.2021484375,-0.35791015625
11,"HP Spectre x360 (Ryzen 7, 32GB, $1200)","Dell XPS 15 (i7, 32GB, $1500)",-1.3134765625,-0.3134765625
11,"HP Spectre x360 (Ryzen 7, 32GB, $1200)","Lenovo ThinkPad X1 Carbon (Ryzen 7, 32GB, $1400)",-1.2568359375,-0.3349609375
11,"HP Spectre x360 (Ryzen 7, 32GB, $1200)","Apple MacBook Air M3 (M3, 16GB, $1800)",-1.10546875,-0.40234375
11,"HP Spectre x360 (Ryzen 7, 32GB, $1200)","Apple MacBook Pro 14-inch (M3, 32GB, $2220)",-1.0947265625,-0.407470703125
11,"HP Spectre x360 (Ryzen 7, 32GB, $1200)","Apple MacBook Pro 16-inch (M3, 64GB, $2800)",-1.0234375,-0.445556640625
11,"Dell XPS 15 (i7, 32GB, $1500)","ASUS VivoBook 15 (i3, 8GB, $450)",-1.279296875,-0.326171875
11,"Dell XPS 15 (i7, 32GB, $1500)","Lenovo IdeaPad 3 (i5, 8GB, $550)",-1.212890625,-0.35400390625
11,"Dell XPS 15 (i7, 32GB, $1500)","HP Pavilion 15 (Ryzen 5, 8GB, $600)",-1.279296875,-0.326171875
11,"Dell XPS 15 (i7, 32GB, $1500)","ASUS ZenBook 14 (i5, 16GB, $700)",-1.501953125,-0.251953125
11,"Dell XPS 15 (i7, 32GB, $1500)","Lenovo ThinkPad E14 (Ryzen 5, 16GB, $800)",-1.2685546875,-0.33056640625
11,"Dell XPS 15 (i7, 32GB, $1500)","Dell Inspiron 16 (i7, 16GB, $1100)",-1.490234375,-0.25537109375
11,"Dell XPS 15 (i7, 32GB, $1500)","HP Spectre x360 (Ryzen 7, 32GB, $1200)",-1.3251953125,-0.309326171875
11,"Dell XPS 15 (i7, 32GB, $1500)","Lenovo ThinkPad X1 Carbon (Ryzen 7, 32GB, $1400)",-1.3828125,-0.2890625
11,"Dell XPS 15 (i7, 32GB, $1500)","Apple MacBook Air M3 (M3, 16GB, $1800)",-1.24609375,-0.33935546875
11,"Dell XPS 15 (i7, 32GB, $1500)","Apple MacBook Pro 14-inch (M3, 32GB, $2220)",-1.279296875,-0.326171875
11,"Dell XPS 15 (i7, 32GB, $1500)","Apple MacBook Pro 16-inch (M3, 64GB, $2800)",-1.234375,-0.343994140625
11,"Lenovo ThinkPad X1 Carbon (Ryzen 7, 32GB, $1400)","ASUS VivoBook 15 (i3, 8GB, $450)",-0.8798828125,-0.5361328125
11,"Lenovo ThinkPad X1 Carbon (Ryzen 7, 32GB, $1400)","Lenovo IdeaPad 3 (i5, 8GB, $550)",-0.9755859375,-0.475341796875
11,"Lenovo ThinkPad X1 Carbon (Ryzen 7, 32GB, $1400)","HP Pavilion 15 (Ryzen 5, 8GB, $600)",-0.9453125,-0.4921875
11,"Lenovo ThinkPad X1 Carbon (Ryzen 7, 32GB, $1400)","ASUS ZenBook 14 (i5, 16GB, $700)",-1.13671875,-0.386962890625
11,"Lenovo ThinkPad X1 Carbon (Ryzen 7, 32GB, $1400)","Lenovo ThinkPad E14 (Ryzen 5, 16GB, $800)",-1.0439453125,-0.434326171875
11,"Lenovo ThinkPad X1 Carbon (Ryzen 7, 32GB, $1400)","Dell Inspiron 16 (i7, 16GB, $1100)",-1.0537109375,-0.4287109375
11,"Lenovo ThinkPad X1 Carbon (Ryzen 7, 32GB, $1400)","HP Spectre x360 (Ryzen 7, 32GB, $1200)",-1.033203125,-0.439697265625
11,"Lenovo ThinkPad X1 Carbon (Ryzen 7, 32GB, $1400)","Dell XPS 15 (i7, 32GB, $1500)",-1.201171875,-0.35791015625
11,"Lenovo ThinkPad X1 Carbon (Ryzen 7, 32GB, $1400)","Apple MacBook Air M3 (M3, 16GB, $1800)",-0.9169921875,-0.5107421875
11,"Lenovo ThinkPad X1 Carbon (Ryzen 7, 32GB, $1400)","Apple MacBook Pro 14-inch (M3, 32GB, $2220)",-0.89794921875,-0.52294921875
11,"Lenovo ThinkPad X1 Carbon (Ryzen 7, 32GB, $1400)","Apple MacBook Pro 16-inch (M3, 64GB, $2800)",-0.84375,-0.5625
11,"Apple MacBook Air M3 (M3, 16GB, $1800)","ASUS VivoBook 15 (i3, 8GB, $450)",-1.07421875,-0.41796875
11,"Apple MacBook Air M3 (M3, 16GB, $1800)","Lenovo IdeaPad 3 (i5, 8GB, $550)",-0.994140625,-0.463134765625
11,"Apple MacBook Air M3 (M3, 16GB, $1800)","HP Pavilion 15 (Ryzen 5, 8GB, $600)",-0.98388671875,-0.46826171875
11,"Apple MacBook Air M3 (M3, 16GB, $1800)","ASUS ZenBook 14 (i5, 16GB, $700)",-1.3251953125,-0.30908203125
11,"Apple MacBook Air M3 (M3, 16GB, $1800)","Lenovo ThinkPad E14 (Ryzen 5, 16GB, $800)",-1.0537109375,-0.4287109375
11,"Apple MacBook Air M3 (M3, 16GB, $1800)","Dell Inspiron 16 (i7, 16GB, $1100)",-1.1904296875,-0.362548828125
11,"Apple MacBook Air M3 (M3, 16GB, $1800)","HP Spectre x360 (Ryzen 7, 32GB, $1200)",-1.1259765625,-0.39208984375
11,"Apple MacBook Air M3 (M3, 16GB, $1800)","Dell XPS 15 (i7, 32GB, $1500)",-1.201171875,-0.35791015625
11,"Apple MacBook Air M3 (M3, 16GB, $1800)","Lenovo ThinkPad X1 Carbon (Ryzen 7, 32GB, $1400)",-1.1796875,-0.367431640625
11,"Apple MacBook Air M3 (M3, 16GB, $1800)","Apple MacBook Pro 14-inch (M3, 32GB, $2220)",-1.5263671875,-0.2451171875
11,"Apple MacBook Air M3 (M3, 16GB, $1800)","Apple MacBook Pro 16-inch (M3, 64GB, $2800)",-1.41796875,-0.27734375
11,"Apple MacBook Pro 14-inch (M3, 32GB, $2220)","ASUS VivoBook 15 (i3, 8GB, $450)",-0.8349609375,-0.5693359375
11,"Apple MacBook Pro 14-inch (M3, 32GB, $2220)","Lenovo IdeaPad 3 (i5, 8GB, $550)",-0.7666015625,-0.6259765625
11,"Apple MacBook Pro 14-inch (M3, 32GB, $2220)","HP Pavilion 15 (Ryzen 5, 8GB, $600)",-0.8798828125,-0.5361328125
11,"Apple MacBook Pro 14-inch (M3, 32GB, $2220)","ASUS ZenBook 14 (i5, 16GB, $700)",-1.10546875,-0.402099609375
11,"Apple MacBook Pro 14-inch (M3, 32GB, $2220)","Lenovo ThinkPad E14 (Ryzen 5, 16GB, $800)",-0.90771484375,-0.51708984375
11,"Apple MacBook Pro 14-inch (M3, 32GB, $2220)","Dell Inspiron 16 (i7, 16GB, $1100)",-0.99365234375,-0.46240234375
11,"Apple MacBook Pro 14-inch (M3, 32GB, $2220)","HP Spectre x360 (Ryzen 7, 32GB, $1200)",-0.99365234375,-0.46240234375
11,"Apple MacBook Pro 14-inch (M3, 32GB, $2220)","Dell XPS 15 (i7, 32GB, $1500)",-1.1162109375,-0.39697265625
11,"Apple MacBook Pro 14-inch (M3, 32GB, $2220)","Lenovo ThinkPad X1 Carbon (Ryzen 7, 32GB, $1400)",-1.064453125,-0.42333984375
11,"Apple MacBook Pro 14-inch (M3, 32GB, $2220)","Apple MacBook Air M3 (M3, 16GB, $1800)",-1.2236328125,-0.348388671875
11,"Apple MacBook Pro 14-inch (M3, 32GB, $2220)","Apple MacBook Pro 16-inch (M3, 64GB, $2800)",-1.24609375,-0.33935546875
11,"Apple MacBook Pro 16-inch (M3, 64GB, $2800)","ASUS VivoBook 15 (i3, 8GB, $450)",-0.88916015625,-0.52978515625
11,"Apple MacBook Pro 16-inch (M3, 64GB, $2800)","Lenovo IdeaPad 3 (i5, 8GB, $550)",-0.8447265625,-0.5634765625
11,"Apple MacBook Pro 16-inch (M3, 64GB, $2800)","HP Pavilion 15 (Ryzen 5, 8GB, $600)",-0.8984375,-0.5234375
11,"Apple MacBook Pro 16-inch (M3, 64GB, $2800)","ASUS ZenBook 14 (i5, 16GB, $700)",-1.1904296875,-0.362548828125
11,"Apple MacBook Pro 16-inch (M3, 64GB, $2800)","Lenovo ThinkPad E14 (Ryzen 5, 16GB, $800)",-0.97412109375,-0.47412109375
11,"Apple MacBook Pro 16-inch (M3, 64GB, $2800)","Dell Inspiron 16 (i7, 16GB, $1100)",-1.10546875,-0.402099609375
11,"Apple MacBook Pro 16-inch (M3, 64GB, $2800)","HP Spectre x360 (Ryzen 7, 32GB, $1200)",-1.0234375,-0.4453125
11,"Apple MacBook Pro 16-inch (M3, 64GB, $2800)","Dell XPS 15 (i7, 32GB, $1500)",-1.1259765625,-0.39208984375
11,"Apple MacBook Pro 16-inch (M3, 64GB, $2800)","Lenovo ThinkPad X1 Carbon (Ryzen 7, 32GB, $1400)",-1.10546875,-0.40234375
11,"Apple MacBook Pro 16-inch (M3, 64GB, $2800)","Apple MacBook Air M3 (M3, 16GB, $1800)",-1.40625,-0.28125
11,"Apple MacBook Pro 16-inch (M3, 64GB, $2800)","Apple MacBook Pro 14-inch (M3, 32GB, $2220)",-1.3134765625,-0.313232421875
12,"ASUS VivoBook 15 (i3, 8GB, $450)","Lenovo IdeaPad 3 (i5, 8GB, $550)",-1.6513671875,-0.2135009765625
12,"ASUS VivoBook 15 (i3, 8GB, $450)","HP Pavilion 15 (Ryzen 5, 8GB, $600)",-1.740234375,-0.193115234375
12,"ASUS VivoBook 15 (i3, 8GB, $450)","ASUS ZenBook 14 (i5, 16GB, $700)",-2.2109375,-0.1163330078125
12,"ASUS VivoBook 15 (i3, 8GB, $450)","Lenovo ThinkPad E14 (Ryzen 5, 16GB, $800)",-1.67578125,-0.207275390625
12,"ASUS VivoBook 15 (i3, 8GB, $450)","Dell Inspiron 16 (i7, 16GB, $1100)",-1.701171875,-0.2015380859375
12,"ASUS VivoBook 15 (i3, 8GB, $450)","HP Spectre x360 (Ryzen 7, 32GB, $1200)",-1.857421875,-0.169921875
12,"ASUS VivoBook 15 (i3, 8GB, $450)","Dell XPS 15 (i7, 32GB, $1500)",-1.779296875,-0.18505859375
12,"ASUS VivoBook 15 (i3, 8GB, $450)","Lenovo ThinkPad X1 Carbon (Ryzen 7, 32GB, $1400)",-1.740234375,-0.193115234375
12,"ASUS VivoBook 15 (i3, 8GB, $450)","Apple MacBook Air M3 (M3, 16GB, $1800)",-1.7138671875,-0.1986083984375
12,"ASUS VivoBook 15 (i3, 8GB, $450)","Apple MacBook Pro 14-inch (M3, 32GB, $2220)",-1.650390625,-0.2132568359375
12,"ASUS VivoBook 15 (i3, 8GB, $450)","Apple MacBook Pro 16-inch (M3, 64GB, $2800)",-1.6259765625,-0.21923828125
12,"Lenovo IdeaPad 3 (i5, 8GB, $550)","ASUS VivoBook 15 (i3, 8GB, $450)",-1.818359375,-0.177734375
12,"Lenovo IdeaPad 3 (i5, 8GB, $550)","HP Pavilion 15 (Ryzen 5, 8GB, $600)",-1.71484375,-0.199462890625
12,"Lenovo IdeaPad 3 (i5, 8GB, $550)","ASUS ZenBook 14 (i5, 16GB, $700)",-2.197265625,-0.11846923828125
12,"Lenovo IdeaPad 3 (i5, 8GB, $550)","Lenovo ThinkPad E14 (Ryzen 5, 16GB, $800)",-1.978515625,-0.150390625
12,"Lenovo IdeaPad 3 (i5, 8GB, $550)","Dell Inspiron 16 (i7, 16GB, $1100)",-1.83203125,-0.175537109375
12,"Lenovo IdeaPad 3 (i5, 8GB, $550)","HP Spectre x360 (Ryzen 7, 32GB, $1200)",-1.8447265625,-0.1732177734375
12,"Lenovo IdeaPad 3 (i5, 8GB, $550)","Dell XPS 15 (i7, 32GB, $1500)",-1.951171875,-0.1546630859375
12,"Lenovo IdeaPad 3 (i5, 8GB, $550)","Lenovo ThinkPad X1 Carbon (Ryzen 7, 32GB, $1400)",-2.1015625,-0.132080078125
12,"Lenovo IdeaPad 3 (i5, 8GB, $550)","Apple MacBook Air M3 (M3, 16GB, $1800)",-1.740234375,-0.1937255859375
12,"Lenovo IdeaPad 3 (i5, 8GB, $550)","Apple MacBook Pro 14-inch (M3, 32GB, $2220)",-1.6259765625,-0.2200927734375
12,"Lenovo IdeaPad 3 (i5, 8GB, $550)","Apple MacBook Pro 16-inch (M3, 64GB, $2800)",-1.5888671875,-0.2293701171875
12,"HP Pavilion 15 (Ryzen 5, 8GB, $600)","ASUS VivoBook 15 (i3, 8GB, $450)",-1.7919921875,-0.182373046875
12,"HP Pavilion 15 (Ryzen 5, 8GB, $600)","Lenovo IdeaPad 3 (i5, 8GB, $550)",-1.7041015625,-0.2039794921875
12,"HP Pavilion 15 (Ryzen 5, 8GB, $600)","ASUS ZenBook 14 (i5, 16GB, $700)",-2.30859375,-0.1048583984375
12,"HP Pavilion 15 (Ryzen 5, 8GB, $600)","Lenovo ThinkPad E14 (Ryzen 5, 16GB, $800)",-1.7919921875,-0.1824951171875
12,"HP Pavilion 15 (Ryzen 5, 8GB, $600)","Dell Inspiron 16 (i7, 16GB, $1100)",-1.857421875,-0.1697998046875
12,"HP Pavilion 15 (Ryzen 5, 8GB, $600)","HP Spectre x360 (Ryzen 7, 32GB, $1200)",-2.365234375,-0.099365234375
12,"HP Pavilion 15 (Ryzen 5, 8GB, $600)","Dell XPS 15 (i7, 32GB, $1500)",-1.9375,-0.1558837890625
12,"HP Pavilion 15 (Ryzen 5, 8GB, $600)","Lenovo ThinkPad X1 Carbon (Ryzen 7, 32GB, $1400)",-1.9375,-0.1558837890625
12,"HP Pavilion 15 (Ryzen 5, 8GB, $600)","Apple MacBook Air M3 (M3, 16GB, $1800)",-1.84375,-0.1722412109375
12,"HP Pavilion 15 (Ryzen 5, 8GB, $600)","Apple MacBook Pro 14-inch (M3, 32GB, $2220)",-1.765625,-0.187744140625
12,"HP Pavilion 15 (Ryzen 5, 8GB, $600)","Apple MacBook Pro 16-inch (M3, 64GB, $2800)",-1.740234375,-0.193115234375
12,"ASUS ZenBook 14 (i5, 16GB, $700)","ASUS VivoBook 15 (i3, 8GB, $450)",-1.6630859375,-0.210205078125
12,"ASUS ZenBook 14 (i5, 16GB, $700)","Lenovo IdeaPad 3 (i5, 8GB, $550)",-1.5517578125,-0.2393798828125
12,"ASUS ZenBook 14 (i5, 16GB, $700)","HP Pavilion 15 (Ryzen 5, 8GB, $600)",-1.6630859375,-0.210205078125
12,"ASUS ZenBook 14 (i5, 16GB, $700)","Lenovo ThinkPad E14 (Ryzen 5, 16GB, $800)",-1.740234375,-0.193115234375
12,"ASUS ZenBook 14 (i5, 16GB, $700)","Dell Inspiron 16 (i7, 16GB, $1100)",-1.7529296875,-0.1904296875
12,"ASUS ZenBook 14 (i5, 16GB, $700)","HP Spectre x360 (Ryzen 7, 32GB, $1200)",-1.9775390625,-0.1492919921875
12,"ASUS ZenBook 14 (i5, 16GB, $700)","Dell XPS 15 (i7, 32GB, $1500)",-1.8046875,-0.1798095703125
12,"ASUS ZenBook 14 (i5, 16GB, $700)","Lenovo ThinkPad X1 Carbon (Ryzen 7, 32GB, $1400)",-1.8046875,-0.1798095703125
12,"ASUS ZenBook 14 (i5, 16GB, $700)","Apple MacBook Air M3 (M3, 16GB, $1800)",-1.765625,-0.1876220703125
12,"ASUS ZenBook 14 (i5, 16GB, $700)","Apple MacBook Pro 14-inch (M3, 32GB, $2220)",-1.650390625,-0.2132568359375
12,"ASUS ZenBook 14 (i5, 16GB, $700)","Apple MacBook Pro 16-inch (M3, 64GB, $2800)",-1.61328125,-0.222412109375
12,"Lenovo ThinkPad E14 (Ryzen 5, 16GB, $800)","ASUS VivoBook 15 (i3, 8GB, $450)",-1.40625,-0.28125
12,"Lenovo ThinkPad E14 (Ryzen 5, 16GB, $800)","Lenovo IdeaPad 3 (i5, 8GB, $550)",-1.517578125,-0.251708984375
12,"Lenovo ThinkPad E14 (Ryzen 5, 16GB, $800)","HP Pavilion 15 (Ryzen 5, 8GB, $600)",-1.4296875,-0.273681640625
12,"Lenovo ThinkPad E14 (Ryzen 5, 16GB, $800)","ASUS ZenBook 14 (i5, 16GB, $700)",-1.84375,-0.1722412109375
12,"Lenovo ThinkPad E14 (Ryzen 5, 16GB, $800)","Dell Inspiron 16 (i7, 16GB, $1100)",-1.5751953125,-0.23193359375
12,"Lenovo ThinkPad E14 (Ryzen 5, 16GB, $800)","HP Spectre x360 (Ryzen 7, 32GB, $1200)",-1.638671875,-0.2164306640625
12,"Lenovo ThinkPad E14 (Ryzen 5, 16GB, $800)","Dell XPS 15 (i7, 32GB, $1500)",-1.650390625,-0.2132568359375
12,"Lenovo ThinkPad E14 (Ryzen 5, 16GB, $800)","Lenovo ThinkPad X1 Carbon (Ryzen 7, 32GB, $1400)",-1.7529296875,-0.1905517578125
12,"Lenovo ThinkPad E14 (Ryzen 5, 16GB, $800)","Apple MacBook Air M3 (M3, 16GB, $1800)",-1.5263671875,-0.2451171875
12,"Lenovo ThinkPad E14 (Ryzen 5, 16GB, $800)","Apple MacBook Pro 14-inch (M3, 32GB, $2220)",-1.37109375,-0.29296875
12,"Lenovo ThinkPad E14 (Ryzen 5, 16GB, $800)","Apple MacBook Pro 16-inch (M3, 64GB, $2800)",-1.359375,-0.296875
12,"Dell Inspiron 16 (i7, 16GB, $1100)","ASUS VivoBook 15 (i3, 8GB, $450)",-1.7529296875,-0.1904296875
12,"Dell Inspiron 16 (i7, 16GB, $1100)","Lenovo IdeaPad 3 (i5, 8GB, $550)",-1.677734375,-0.208984375
12,"Dell Inspiron 16 (i7, 16GB, $1100)","HP Pavilion 15 (Ryzen 5, 8GB, $600)",-1.6884765625,-0.2044677734375
12,"Dell Inspiron 16 (i7, 16GB, $1100)","ASUS ZenBook 14 (i5, 16GB, $700)",-2.1953125,-0.11798095703125
12,"Dell Inspiron 16 (i7, 16GB, $1100)","Lenovo ThinkPad E14 (Ryzen 5, 16GB, $800)",-1.779296875,-0.1851806640625
12,"Dell Inspiron 16 (i7, 16GB, $1100)","HP Spectre x360 (Ryzen 7, 32GB, $1200)",-2.0859375,-0.1329345703125
12,"Dell Inspiron 16 (i7, 16GB, $1100)","Dell XPS 15 (i7, 32GB, $1500)",-2.251953125,-0.11138916015625
12,"Dell Inspiron 16 (i7, 16GB, $1100)","Lenovo ThinkPad X1 Carbon (Ryzen 7, 32GB, $1400)",-1.9912109375,-0.1470947265625
12,"Dell Inspiron 16 (i7, 16GB, $1100)","Apple MacBook Air M3 (M3, 16GB, $1800)",-2.017578125,-0.142822265625
12,"Dell Inspiron 16 (i7, 16GB, $1100)","Apple MacBook Pro 14-inch (M3, 32GB, $2220)",-1.8310546875,-0.1748046875
12,"Dell Inspiron 16 (i7, 16GB, $1100)","Apple MacBook Pro 16-inch (M3, 64GB, $2800)",-1.84375,-0.1722412109375
12,"HP Spectre x360 (Ryzen 7, 32GB, $1200)","ASUS VivoBook 15 (i3, 8GB, $450)",-1.1689453125,-0.372314453125
12,"HP Spectre x360 (Ryzen 7, 32GB, $1200)","Lenovo IdeaPad 3 (i5, 8GB, $550)",-1.1279296875,-0.393310546875
12,"HP Spectre x360 (Ryzen 7, 32GB, $1200)","HP Pavilion 15 (Ryzen 5, 8GB, $600)",-1.3134765625,-0.313720703125
12,"HP Spectre x360 (Ryzen 7, 32GB, $1200)","ASUS ZenBook 14 (i5, 16GB, $700)",-1.4658203125,-0.2626953125
12,"HP Spectre x360 (Ryzen 7, 32GB, $1200)","Lenovo ThinkPad E14 (Ryzen 5, 16GB, $800)",-1.291015625,-0.322265625
12,"HP Spectre x360 (Ryzen 7, 32GB, $1200)","Dell Inspiron 16 (i7, 16GB, $1100)",-1.40625,-0.281494140625
12,"HP Spectre x360 (Ryzen 7, 32GB, $1200)","Dell XPS 15 (i7, 32GB, $1500)",-1.5634765625,-0.2354736328125
12,"HP Spectre x360 (Ryzen 7, 32GB, $1200)","Lenovo ThinkPad X1 Carbon (Ryzen 7, 32GB, $1400)",-1.5390625,-0.241943359375
12,"HP Spectre x360 (Ryzen 7, 32GB, $1200)","Apple MacBook Air M3 (M3, 16GB, $1800)",-1.4658203125,-0.262939453125
12,"HP Spectre x360 (Ryzen 7, 32GB, $1200)","Apple MacBook Pro 14-inch (M3, 32GB, $2220)",-1.4658203125,-0.262939453125
12,"HP Spectre x360 (Ryzen 7, 32GB, $1200)","Apple MacBook Pro 16-inch (M3, 64GB, $2800)",-1.3828125,-0.289306640625
12,"Dell XPS 15 (i7, 32GB, $1500)","ASUS VivoBook 15 (i3, 8GB, $450)",-1.587890625,-0.228759765625
12,"Dell XPS 15 (i7, 32GB, $1500)","Lenovo IdeaPad 3 (i5, 8GB, $550)",-1.5029296875,-0.253173828125
12,"Dell XPS 15 (i7, 32GB, $1500)","HP Pavilion 15 (Ryzen 5, 8GB, $600)",-1.6005859375,-0.2255859375
12,"Dell XPS 15 (i7, 32GB, $1500)","ASUS ZenBook 14 (i5, 16GB, $700)",-1.8837890625,-0.1650390625
12,"Dell XPS 15 (i7, 32GB, $1500)","Lenovo ThinkPad E14 (Ryzen 5, 16GB, $800)",-1.587890625,-0.2288818359375
12,"Dell XPS 15 (i7, 32GB, $1500)","Dell Inspiron 16 (i7, 16GB, $1100)",-1.7919921875,-0.1824951171875
12,"Dell XPS 15 (i7, 32GB, $1500)","HP Spectre x360 (Ryzen 7, 32GB, $1200)",-1.638671875,-0.2164306640625
12,"Dell XPS 15 (i7, 32GB, $1500)","Lenovo ThinkPad X1 Carbon (Ryzen 7, 32GB, $1400)",-1.71484375,-0.19873046875
12,"Dell XPS 15 (i7, 32GB, $1500)","Apple MacBook Air M3 (M3, 16GB, $1800)",-1.71484375,-0.19873046875
12,"Dell XPS 15 (i7, 32GB, $1500)","Apple MacBook Pro 14-inch (M3, 32GB, $2220)",-1.701171875,-0.20166015625
12,"Dell XPS 15 (i7, 32GB, $1500)","Apple MacBook Pro 16-inch (M3, 64GB, $2800)",-1.6630859375,-0.2103271484375
12,"Lenovo ThinkPad X1 Carbon (Ryzen 7, 32GB, $1400)","ASUS VivoBook 15 (i3, 8GB, $450)",-1.13671875,-0.386962890625
12,"Lenovo ThinkPad X1 Carbon (Ryzen 7, 32GB, $1400)","Lenovo IdeaPad 3 (i5, 8GB, $550)",-1.2138671875,-0.3544921875
12,"Lenovo ThinkPad X1 Carbon (Ryzen 7, 32GB, $1400)","HP Pavilion 15 (Ryzen 5, 8GB, $600)",-1.1796875,-0.367431640625
12,"Lenovo ThinkPad X1 Carbon (Ryzen 7, 32GB, $1400)","ASUS ZenBook 14 (i5, 16GB, $700)",-1.44140625,-0.27001953125
12,"Lenovo ThinkPad X1 Carbon (Ryzen 7, 32GB, $1400)","Lenovo ThinkPad E14 (Ryzen 5, 16GB, $800)",-1.3251953125,-0.309326171875
12,"Lenovo ThinkPad X1 Carbon (Ryzen 7, 32GB, $1400)","Dell Inspiron 16 (i7, 16GB, $1100)",-1.3134765625,-0.3134765625
12,"Lenovo ThinkPad X1 Carbon (Ryzen 7, 32GB, $1400)","HP Spectre x360 (Ryzen 7, 32GB, $1200)",-1.34765625,-0.301025390625
12,"Lenovo ThinkPad X1 Carbon (Ryzen 7, 32GB, $1400)","Dell XPS 15 (i7, 32GB, $1500)",-1.5146484375,-0.2486572265625
12,"Lenovo ThinkPad X1 Carbon (Ryzen 7, 32GB, $1400)","Apple MacBook Air M3 (M3, 16GB, $1800)",-1.3134765625,-0.3134765625
12,"Lenovo ThinkPad X1 Carbon (Ryzen 7, 32GB, $1400)","Apple MacBook Pro 14-inch (M3, 32GB, $2220)",-1.2568359375,-0.3349609375
12,"Lenovo ThinkPad X1 Carbon (Ryzen 7, 32GB, $1400)","Apple MacBook Pro 16-inch (M3, 64GB, $2800)",-1.201171875,-0.35791015625
12,"Apple MacBook Air M3 (M3, 16GB, $1800)","ASUS VivoBook 15 (i3, 8GB, $450)",-1.3359375,-0.30517578125
12,"Apple MacBook Air M3 (M3, 16GB, $1800)","Lenovo IdeaPad 3 (i5, 8GB, $550)",-1.2802734375,-0.3271484375
12,"Apple MacBook Air M3 (M3, 16GB, $1800)","HP Pavilion 15 (Ryzen 5, 8GB, $600)",-1.2568359375,-0.335205078125
12,"Apple MacBook Air M3 (M3, 16GB, $1800)","ASUS ZenBook 14 (i5, 16GB, $700)",-1.6630859375,-0.2103271484375
12,"Apple MacBook Air M3 (M3, 16GB, $1800)","Lenovo ThinkPad E14 (Ryzen 5, 16GB, $800)",-1.34765625,-0.301025390625
12,"Apple MacBook Air M3 (M3, 16GB, $1800)","Dell Inspiron 16 (i7, 16GB, $1100)",-1.4541015625,-0.266357421875
12,"Apple MacBook Air M3 (M3, 16GB, $1800)","HP Spectre x360 (Ryzen 7, 32GB, $1200)",-1.40625,-0.281494140625
12,"Apple MacBook Air M3 (M3, 16GB, $1800)","Dell XPS 15 (i7, 32GB, $1500)",-1.55078125,-0.2386474609375
12,"Apple MacBook Air M3 (M3, 16GB, $1800)","Lenovo ThinkPad X1 Carbon (Ryzen 7, 32GB, $1400)",-1.490234375,-0.255615234375
12,"Apple MacBook Air M3 (M3, 16GB, $1800)","Apple MacBook Pro 14-inch (M3, 32GB, $2220)",-1.9375,-0.1558837890625
12,"Apple MacBook Air M3 (M3, 16GB, $1800)","Apple MacBook Pro 16-inch (M3, 64GB, $2800)",-1.857421875,-0.169921875
12,"Apple MacBook Pro 14-inch (M3, 32GB, $2220)","ASUS VivoBook 15 (i3, 8GB, $450)",-1.1162109375,-0.397216796875
12,"Apple MacBook Pro 14-inch (M3, 32GB, $2220)","Lenovo IdeaPad 3 (i5, 8GB, $550)",-1.044921875,-0.43505859375
12,"Apple MacBook Pro 14-inch (M3, 32GB, $2220)","HP Pavilion 15 (Ryzen 5, 8GB, $600)",-1.1689453125,-0.372314453125
12,"Apple MacBook Pro 14-inch (M3, 32GB, $2220)","ASUS ZenBook 14 (i5, 16GB, $700)",-1.44140625,-0.27001953125
12,"Apple MacBook Pro 14-inch (M3, 32GB, $2220)","Lenovo ThinkPad E14 (Ryzen 5, 16GB, $800)",-1.1474609375,-0.382080078125
12,"Apple MacBook Pro 14-inch (M3, 32GB, $2220)","Dell Inspiron 16 (i7, 16GB, $1100)",-1.279296875,-0.326171875
12,"Apple MacBook Pro 14-inch (M3, 32GB, $2220)","HP Spectre x360 (Ryzen 7, 32GB, $1200)",-1.291015625,-0.322021484375
12,"Apple MacBook Pro 14-inch (M3, 32GB, $2220)","Dell XPS 15 (i7, 32GB, $1500)",-1.4541015625,-0.266357421875
12,"Apple MacBook Pro 14-inch (M3, 32GB, $2220)","Lenovo ThinkPad X1 Carbon (Ryzen 7, 32GB, $1400)",-1.359375,-0.297119140625
12,"Apple MacBook Pro 14-inch (M3, 32GB, $2220)","Apple MacBook Air M3 (M3, 16GB, $1800)",-1.5146484375,-0.24853515625
12,"Apple MacBook Pro 14-inch (M3, 32GB, $2220)","Apple MacBook Pro 16-inch (M3, 64GB, $2800)",-1.6376953125,-0.2161865234375
12,"Apple MacBook Pro 16-inch (M3, 64GB, $2800)","ASUS VivoBook 15 (i3, 8GB, $450)",-1.13671875,-0.386962890625
12,"Apple MacBook Pro 16-inch (M3, 64GB, $2800)","Lenovo IdeaPad 3 (i5, 8GB, $550)",-1.095703125,-0.40869140625
12,"Apple MacBook Pro 16-inch (M3, 64GB, $2800)","HP Pavilion 15 (Ryzen 5, 8GB, $600)",-1.1796875,-0.367431640625
12,"Apple MacBook Pro 16-inch (M3, 64GB, $2800)","ASUS ZenBook 14 (i5, 16GB, $700)",-1.5146484375,-0.24853515625
12,"Apple MacBook Pro 16-inch (M3, 64GB, $2800)","Lenovo ThinkPad E14 (Ryzen 5, 16GB, $800)",-1.1904296875,-0.362548828125
12,"Apple MacBook Pro 16-inch (M3, 64GB, $2800)","Dell Inspiron 16 (i7, 16GB, $1100)",-1.359375,-0.296875
12,"Apple MacBook Pro 16-inch (M3, 64GB, $2800)","HP Spectre x360 (Ryzen 7, 32GB, $1200)",-1.3134765625,-0.3134765625
12,"Apple MacBook Pro 16-inch (M3, 64GB, $2800)","Dell XPS 15 (i7, 32GB, $1500)",-1.4658203125,-0.2626953125
12,"Apple MacBook Pro 16-inch (M3, 64GB, $2800)","Lenovo ThinkPad X1 Carbon (Ryzen 7, 32GB, $1400)",-1.39453125,-0.28515625
12,"Apple MacBook Pro 16-inch (M3, 64GB, $2800)","Apple MacBook Air M3 (M3, 16GB, $1800)",-1.6884765625,-0.204345703125
12,"Apple MacBook Pro 16-inch (M3, 64GB, $2800)","Apple MacBook Pro 14-inch (M3, 32GB, $2220)",-1.6376953125,-0.2161865234375
13,"ASUS VivoBook 15 (i3, 8GB, $450)","Lenovo IdeaPad 3 (i5, 8GB, $550)",-1.3603515625,-0.29736328125
13,"ASUS VivoBook 15 (i3, 8GB, $450)","HP Pavilion 15 (Ryzen 5, 8GB, $600)",-1.44140625,-0.27001953125
13,"ASUS VivoBook 15 (i3, 8GB, $450)","ASUS ZenBook 14 (i5, 16GB, $700)",-1.8837890625,-0.1650390625
13,"ASUS VivoBook 15 (i3, 8GB, $450)","Lenovo ThinkPad E14 (Ryzen 5, 16GB, $800)",-1.40625,-0.28125
13,"ASUS VivoBook 15 (i3, 8GB, $450)","Dell Inspiron 16 (i7, 16GB, $1100)",-1.40625,-0.28125
13,"ASUS VivoBook 15 (i3, 8GB, $450)","HP Spectre x360 (Ryzen 7, 32GB, $1200)",-1.587890625,-0.228759765625
13,"ASUS VivoBook 15 (i3, 8GB, $450)","Dell XPS 15 (i7, 32GB, $1500)",-1.4775390625,-0.259033203125
13,"ASUS VivoBook 15 (i3, 8GB, $450)","Lenovo ThinkPad X1 Carbon (Ryzen 7, 32GB, $1400)",-1.4541015625,-0.266357421875
13,"ASUS VivoBook 15 (i3, 8GB, $450)","Apple MacBook Air M3 (M3, 16GB, $1800)",-1.41796875,-0.27734375
13,"ASUS VivoBook 15 (i3, 8GB, $450)","Apple MacBook Pro 14-inch (M3, 32GB, $2220)",-1.3828125,-0.2890625
13,"ASUS VivoBook 15 (i3, 8GB, $450)","Apple MacBook Pro 16-inch (M3, 64GB, $2800)",-1.34765625,-0.301025390625
13,"Lenovo IdeaPad 3 (i5, 8GB, $550)","ASUS VivoBook 15 (i3, 8GB, $450)",-1.5029296875,-0.252685546875
13,"Lenovo IdeaPad 3 (i5, 8GB, $550)","HP Pavilion 15 (Ryzen 5, 8GB, $600)",-1.3486328125,-0.3017578125
13,"Lenovo IdeaPad 3 (i5, 8GB, $550)","ASUS ZenBook 14 (i5, 16GB, $700)",-1.818359375,-0.177978515625
13,"Lenovo IdeaPad 3 (i5, 8GB, $550)","Lenovo ThinkPad E14 (Ryzen 5, 16GB, $800)",-1.6396484375,-0.2177734375
13,"Lenovo IdeaPad 3 (i5, 8GB, $550)","Dell Inspiron 16 (i7, 16GB, $1100)",-1.4306640625,-0.2744140625
13,"Lenovo IdeaPad 3 (i5, 8GB, $550)","HP Spectre x360 (Ryzen 7, 32GB, $1200)",-1.515625,-0.2498779296875
13,"Lenovo IdeaPad 3 (i5, 8GB, $550)","Dell XPS 15 (i7, 32GB, $1500)",-1.5517578125,-0.23974609375
13,"Lenovo IdeaPad 3 (i5, 8GB, $550)","Lenovo ThinkPad X1 Carbon (Ryzen 7, 32GB, $1400)",-1.7548828125,-0.192138671875
13,"Lenovo IdeaPad 3 (i5, 8GB, $550)","Apple MacBook Air M3 (M3, 16GB, $1800)",-1.3837890625,-0.289794921875
13,"Lenovo IdeaPad 3 (i5, 8GB, $550)","Apple MacBook Pro 14-inch (M3, 32GB, $2220)",-1.291015625,-0.322509765625
13,"Lenovo IdeaPad 3 (i5, 8GB, $550)","Apple MacBook Pro 16-inch (M3, 64GB, $2800)",-1.2578125,-0.335693359375
13,"HP Pavilion 15 (Ryzen 5, 8GB, $600)","ASUS VivoBook 15 (i3, 8GB, $450)",-1.5634765625,-0.235107421875
13,"HP Pavilion 15 (Ryzen 5, 8GB, $600)","Lenovo IdeaPad 3 (i5, 8GB, $550)",-1.470703125,-0.26708984375
13,"HP Pavilion 15 (Ryzen 5, 8GB, $600)","ASUS ZenBook 14 (i5, 16GB, $700)",-2.00390625,-0.1448974609375
13,"HP Pavilion 15 (Ryzen 5, 8GB, $600)","Lenovo ThinkPad E14 (Ryzen 5, 16GB, $800)",-1.5263671875,-0.2452392578125
13,"HP Pavilion 15 (Ryzen 5, 8GB, $600)","Dell Inspiron 16 (i7, 16GB, $1100)",-1.5146484375,-0.24853515625
13,"HP Pavilion 15 (Ryzen 5, 8GB, $600)","HP Spectre x360 (Ryzen 7, 32GB, $1200)",-2.11328125,-0.1297607421875
13,"HP Pavilion 15 (Ryzen 5, 8GB, $600)","Dell XPS 15 (i7, 32GB, $1500)",-1.61328125,-0.222412109375
13,"HP Pavilion 15 (Ryzen 5, 8GB, $600)","Lenovo ThinkPad X1 Carbon (Ryzen 7, 32GB, $1400)",-1.650390625,-0.2132568359375
13,"HP Pavilion 15 (Ryzen 5, 8GB, $600)","Apple MacBook Air M3 (M3, 16GB, $1800)",-1.55078125,-0.2384033203125
13,"HP Pavilion 15 (Ryzen 5, 8GB, $600)","Apple MacBook Pro 14-inch (M3, 32GB, $2220)",-1.4296875,-0.273681640625
13,"HP Pavilion 15 (Ryzen 5, 8GB, $600)","Apple MacBook Pro 16-inch (M3, 64GB, $2800)",-1.40625,-0.28125
13,"ASUS ZenBook 14 (i5, 16GB, $700)","ASUS VivoBook 15 (i3, 8GB, $450)",-1.37109375,-0.29296875
13,"ASUS ZenBook 14 (i5, 16GB, $700)","Lenovo IdeaPad 3 (i5, 8GB, $550)",-1.26953125,-0.33203125
13,"ASUS ZenBook 14 (i5, 16GB, $700)","HP Pavilion 15 (Ryzen 5, 8GB, $600)",-1.3828125,-0.2890625
13,"ASUS ZenBook 14 (i5, 16GB, $700)","Lenovo ThinkPad E14 (Ryzen 5, 16GB, $800)",-1.44140625,-0.27001953125
13,"ASUS ZenBook 14 (i5, 16GB, $700)","Dell Inspiron 16 (i7, 16GB, $1100)",-1.4541015625,-0.266357421875
13,"ASUS ZenBook 14 (i5, 16GB, $700)","HP Spectre x360 (Ryzen 7, 32GB, $1200)",-1.7021484375,-0.20166015625
13,"ASUS ZenBook 14 (i5, 16GB, $700)","Dell XPS 15 (i7, 32GB, $1500)",-1.5146484375,-0.24853515625
13,"ASUS ZenBook 14 (i5, 16GB, $700)","Lenovo ThinkPad X1 Carbon (Ryzen 7, 32GB, $1400)",-1.490234375,-0.255615234375
13,"ASUS ZenBook 14 (i5, 16GB, $700)","Apple MacBook Air M3 (M3, 16GB, $1800)",-1.4775390625,-0.259033203125
13,"ASUS ZenBook 14 (i5, 16GB, $700)","Apple MacBook Pro 14-inch (M3, 32GB, $2220)",-1.37109375,-0.29296875
13,"ASUS ZenBook 14 (i5, 16GB, $700)","Apple MacBook Pro 16-inch (M3, 64GB, $2800)",-1.3359375,-0.304931640625
13,"Lenovo ThinkPad E14 (Ryzen 5, 16GB, $800)","ASUS VivoBook 15 (i3, 8GB, $450)",-1.1474609375,-0.382080078125
13,"Lenovo ThinkPad E14 (Ryzen 5, 16GB, $800)","Lenovo IdeaPad 3 (i5, 8GB, $550)",-1.25,-0.34375
13,"Lenovo ThinkPad E14 (Ryzen 5, 16GB, $800)","HP Pavilion 15 (Ryzen 5, 8GB, $600)",-1.13671875,-0.386962890625
13,"Lenovo ThinkPad E14 (Ryzen 5, 16GB, $800)","ASUS ZenBook 14 (i5, 16GB, $700)",-1.5146484375,-0.24853515625
13,"Lenovo ThinkPad E14 (Ryzen 5, 16GB, $800)","Dell Inspiron 16 (i7, 16GB, $1100)",-1.24609375,-0.33935546875
13,"Lenovo ThinkPad E14 (Ryzen 5, 16GB, $800)","HP Spectre x360 (Ryzen 7, 32GB, $1200)",-1.39453125,-0.285400390625
13,"Lenovo ThinkPad E14 (Ryzen 5, 16GB, $800)","Dell XPS 15 (i7, 32GB, $1500)",-1.291015625,-0.322021484375
13,"Lenovo ThinkPad E14 (Ryzen 5, 16GB, $800)","Lenovo ThinkPad X1 Carbon (Ryzen 7, 32GB, $1400)",-1.4775390625,-0.25927734375
13,"Lenovo ThinkPad E14 (Ryzen 5, 16GB, $800)","Apple MacBook Air M3 (M3, 16GB, $1800)",-1.212890625,-0.353271484375
13,"Lenovo ThinkPad E14 (Ryzen 5, 16GB, $800)","Apple MacBook Pro 14-inch (M3, 32GB, $2220)",-1.07421875,-0.41796875
13,"Lenovo ThinkPad E14 (Ryzen 5, 16GB, $800)","Apple MacBook Pro 16-inch (M3, 64GB, $2800)",-1.07421875,-0.41796875
13,"Dell Inspiron 16 (i7, 16GB, $1100)","ASUS VivoBook 15 (i3, 8GB, $450)",-1.4658203125,-0.2626953125
13,"Dell Inspiron 16 (i7, 16GB, $1100)","Lenovo IdeaPad 3 (i5, 8GB, $550)",-1.3505859375,-0.303466796875
13,"Dell Inspiron 16 (i7, 16GB, $1100)","HP Pavilion 15 (Ryzen 5, 8GB, $600)",-1.3359375,-0.30517578125
13,"Dell Inspiron 16 (i7, 16GB, $1100)","ASUS ZenBook 14 (i5, 16GB, $700)",-1.857421875,-0.1697998046875
13,"Dell Inspiron 16 (i7, 16GB, $1100)","Lenovo ThinkPad E14 (Ryzen 5, 16GB, $800)",-1.41796875,-0.277587890625
13,"Dell Inspiron 16 (i7, 16GB, $1100)","HP Spectre x360 (Ryzen 7, 32GB, $1200)",-1.8056640625,-0.18017578125
13,"Dell Inspiron 16 (i7, 16GB, $1100)","Dell XPS 15 (i7, 32GB, $1500)",-1.87109375,-0.16748046875
13,"Dell Inspiron 16 (i7, 16GB, $1100)","Lenovo ThinkPad X1 Carbon (Ryzen 7, 32GB, $1400)",-1.67578125,-0.2073974609375
13,"Dell Inspiron 16 (i7, 16GB, $1100)","Apple MacBook Air M3 (M3, 16GB, $1800)",-1.6884765625,-0.204345703125
13,"Dell Inspiron 16 (i7, 16GB, $1100)","Apple MacBook Pro 14-inch (M3, 32GB, $2220)",-1.4541015625,-0.266357421875
13,"Dell Inspiron 16 (i7, 16GB, $1100)","Apple MacBook Pro 16-inch (M3, 64GB, $2800)",-1.4658203125,-0.2626953125
13,"HP Spectre x360 (Ryzen 7, 32GB, $1200)","ASUS VivoBook 15 (i3, 8GB, $450)",-1.00390625,-0.456787109375
13,"HP Spectre x360 (Ryzen 7, 32GB, $1200)","Lenovo IdeaPad 3 (i5, 8GB, $550)",-0.95703125,-0.488037109375
13,"HP Spectre x360 (Ryzen 7, 32GB, $1200)","HP Pavilion 15 (Ryzen 5, 8GB, $600)",-1.10546875,-0.402587890625
13,"HP Spectre x360 (Ryzen 7, 32GB, $1200)","ASUS ZenBook 14 (i5, 16GB, $700)",-1.2685546875,-0.330810546875
13,"HP Spectre x360 (Ryzen 7, 32GB, $1200)","Lenovo ThinkPad E14 (Ryzen 5, 16GB, $800)",-1.095703125,-0.40771484375
13,"HP Spectre x360 (Ryzen 7, 32GB, $1200)","Dell Inspiron 16 (i7, 16GB, $1100)",-1.212890625,-0.353515625
13,"HP Spectre x360 (Ryzen 7, 32GB, $1200)","Dell XPS 15 (i7, 32GB, $1500)",-1.359375,-0.29736328125
13,"HP Spectre x360 (Ryzen 7, 32GB, $1200)","Lenovo ThinkPad X1 Carbon (Ryzen 7, 32GB, $1400)",-1.34765625,-0.30126953125
13,"HP Spectre x360 (Ryzen 7, 32GB, $1200)","Apple MacBook Air M3 (M3, 16GB, $1800)",-1.24609375,-0.339599609375
13,"HP Spectre x360 (Ryzen 7, 32GB, $1200)","Apple MacBook Pro 14-inch (M3, 32GB, $2220)",-1.2568359375,-0.335205078125
13,"HP Spectre x360 (Ryzen 7, 32GB, $1200)","Apple MacBook Pro 16-inch (M3, 64GB, $2800)",-1.1796875,-0.36767578125
13,"Dell XPS 15 (i7, 32GB, $1500)","ASUS VivoBook 15 (i3, 8GB, $450)",-1.3251953125,-0.30908203125
13,"Dell XPS 15 (i7, 32GB, $1500)","Lenovo IdeaPad 3 (i5, 8GB, $550)",-1.203125,-0.359375
13,"Dell XPS 15 (i7, 32GB, $1500)","HP Pavilion 15 (Ryzen 5, 8GB, $600)",-1.2568359375,-0.3349609375
13,"Dell XPS 15 (i7, 32GB, $1500)","ASUS ZenBook 14 (i5, 16GB, $700)",-1.5634765625,-0.2352294921875
13,"Dell XPS 15 (i7, 32GB, $1500)","Lenovo ThinkPad E14 (Ryzen 5, 16GB, $800)",-1.24609375,-0.339599609375
13,"Dell XPS 15 (i7, 32GB, $1500)","Dell Inspiron 16 (i7, 16GB, $1100)",-1.44140625,-0.27001953125
13,"Dell XPS 15 (i7, 32GB, $1500)","HP Spectre x360 (Ryzen 7, 32GB, $1200)",-1.40625,-0.281494140625
13,"Dell XPS 15 (i7, 32GB, $1500)","Lenovo ThinkPad X1 Carbon (Ryzen 7, 32GB, $1400)",-1.41796875,-0.277587890625
13,"Dell XPS 15 (i7, 32GB, $1500)","Apple MacBook Air M3 (M3, 16GB, $1800)",-1.39453125,-0.28515625
13,"Dell XPS 15 (i7, 32GB, $1500)","Apple MacBook Pro 14-inch (M3, 32GB, $2220)",-1.34765625,-0.301025390625
13,"Dell XPS 15 (i7, 32GB, $1500)","Apple MacBook Pro 16-inch (M3, 64GB, $2800)",-1.3134765625,-0.3134765625
13,"Lenovo ThinkPad X1 Carbon (Ryzen 7, 32GB, $1400)","ASUS VivoBook 15 (i3, 8GB, $450)",-0.92626953125,-0.50439453125
13,"Lenovo ThinkPad X1 Carbon (Ryzen 7, 32GB, $1400)","Lenovo IdeaPad 3 (i5, 8GB, $550)",-0.98583984375,-0.469970703125
13,"Lenovo ThinkPad X1 Carbon (Ryzen 7, 32GB, $1400)","HP Pavilion 15 (Ryzen 5, 8GB, $600)",-0.90771484375,-0.51708984375
13,"Lenovo ThinkPad X1 Carbon (Ryzen 7, 32GB, $1400)","ASUS ZenBook 14 (i5, 16GB, $700)",-1.158203125,-0.376953125
13,"Lenovo ThinkPad X1 Carbon (Ryzen 7, 32GB, $1400)","Lenovo ThinkPad E14 (Ryzen 5, 16GB, $800)",-1.0849609375,-0.412841796875
13,"Lenovo ThinkPad X1 Carbon (Ryzen 7, 32GB, $1400)","Dell Inspiron 16 (i7, 16GB, $1100)",-1.0439453125,-0.434326171875
13,"Lenovo ThinkPad X1 Carbon (Ryzen 7, 32GB, $1400)","HP Spectre x360 (Ryzen 7, 32GB, $1200)",-1.126953125,-0.39208984375
13,"Lenovo ThinkPad X1 Carbon (Ryzen 7, 32GB, $1400)","Dell XPS 15 (i7, 32GB, $1500)",-1.2236328125,-0.3486328125
13,"Lenovo ThinkPad X1 Carbon (Ryzen 7, 32GB, $1400)","Apple MacBook Air M3 (M3, 16GB, $1800)",-1.033203125,-0.439697265625
13,"Lenovo ThinkPad X1 Carbon (Ryzen 7, 32GB, $1400)","Apple MacBook Pro 14-inch (M3, 32GB, $2220)",-1.0234375,-0.4453125
13,"Lenovo ThinkPad X1 Carbon (Ryzen 7, 32GB, $1400)","Apple MacBook Pro 16-inch (M3, 64GB, $2800)",-0.96435546875,-0.480224609375
13,"Apple MacBook Air M3 (M3, 16GB, $1800)","ASUS VivoBook 15 (i3, 8GB, $450)",-1.1474609375,-0.382080078125
13,"Apple MacBook Air M3 (M3, 16GB, $1800)","Lenovo IdeaPad 3 (i5, 8GB, $550)",-1.03515625,-0.441162109375
13,"Apple MacBook Air M3 (M3, 16GB, $1800)","HP Pavilion 15 (Ryzen 5, 8GB, $600)",-1.0234375,-0.445556640625
13,"Apple MacBook Air M3 (M3, 16GB, $1800)","ASUS ZenBook 14 (i5, 16GB, $700)",-1.4296875,-0.273681640625
13,"Apple MacBook Air M3 (M3, 16GB, $1800)","Lenovo ThinkPad E14 (Ryzen 5, 16GB, $800)",-1.0849609375,-0.412841796875
13,"Apple MacBook Air M3 (M3, 16GB, $1800)","Dell Inspiron 16 (i7, 16GB, $1100)",-1.2021484375,-0.35791015625
13,"Apple MacBook Air M3 (M3, 16GB, $1800)","HP Spectre x360 (Ryzen 7, 32GB, $1200)",-1.212890625,-0.353271484375
13,"Apple MacBook Air M3 (M3, 16GB, $1800)","Dell XPS 15 (i7, 32GB, $1500)",-1.2685546875,-0.330810546875
13,"Apple MacBook Air M3 (M3, 16GB, $1800)","Lenovo ThinkPad X1 Carbon (Ryzen 7, 32GB, $1400)",-1.2685546875,-0.330810546875
13,"Apple MacBook Air M3 (M3, 16GB, $1800)","Apple MacBook Pro 14-inch (M3, 32GB, $2220)",-1.638671875,-0.21630859375
13,"Apple MacBook Air M3 (M3, 16GB, $1800)","Apple MacBook Pro 16-inch (M3, 64GB, $2800)",-1.5634765625,-0.2352294921875
13,"Apple MacBook Pro 14-inch (M3, 32GB, $2220)","ASUS VivoBook 15 (i3, 8GB, $450)",-0.9453125,-0.4921875
13,"Apple MacBook Pro 14-inch (M3, 32GB, $2220)","Lenovo IdeaPad 3 (i5, 8GB, $550)",-0.853515625,-0.556640625
13,"Apple MacBook Pro 14-inch (M3, 32GB, $2220)","HP Pavilion 15 (Ryzen 5, 8GB, $600)",-0.8798828125,-0.5361328125
13,"Apple MacBook Pro 14-inch (M3, 32GB, $2220)","ASUS ZenBook 14 (i5, 16GB, $700)",-1.1904296875,-0.362548828125
13,"Apple MacBook Pro 14-inch (M3, 32GB, $2220)","Lenovo ThinkPad E14 (Ryzen 5, 16GB, $800)",-0.93603515625,-0.498291015625
13,"Apple MacBook Pro 14-inch (M3, 32GB, $2220)","Dell Inspiron 16 (i7, 16GB, $1100)",-0.98388671875,-0.46826171875
13,"Apple MacBook Pro 14-inch (M3, 32GB, $2220)","HP Spectre x360 (Ryzen 7, 32GB, $1200)",-1.0947265625,-0.407470703125
13,"Apple MacBook Pro 14-inch (M3, 32GB, $2220)","Dell XPS 15 (i7, 32GB, $1500)",-1.13671875,-0.386962890625
13,"Apple MacBook Pro 14-inch (M3, 32GB, $2220)","Lenovo ThinkPad X1 Carbon (Ryzen 7, 32GB, $1400)",-1.158203125,-0.377197265625
13,"Apple MacBook Pro 14-inch (M3, 32GB, $2220)","Apple MacBook Air M3 (M3, 16GB, $1800)",-1.234375,-0.343994140625
13,"Apple MacBook Pro 14-inch (M3, 32GB, $2220)","Apple MacBook Pro 16-inch (M3, 64GB, $2800)",-1.3251953125,-0.30908203125
13,"Apple MacBook Pro 16-inch (M3, 64GB, $2800)","ASUS VivoBook 15 (i3, 8GB, $450)",-0.96435546875,-0.480224609375
13,"Apple MacBook Pro 16-inch (M3, 64GB, $2800)","Lenovo IdeaPad 3 (i5, 8GB, $550)",-0.9091796875,-0.5185546875
13,"Apple MacBook Pro 16-inch (M3, 64GB, $2800)","HP Pavilion 15 (Ryzen 5, 8GB, $600)",-0.88916015625,-0.52978515625
13,"Apple MacBook Pro 16-inch (M3, 64GB, $2800)","ASUS ZenBook 14 (i5, 16GB, $700)",-1.2568359375,-0.3349609375
13,"Apple MacBook Pro 16-inch (M3, 64GB, $2800)","Lenovo ThinkPad E14 (Ryzen 5, 16GB, $800)",-0.97412109375,-0.474365234375
13,"Apple MacBook Pro 16-inch (M3, 64GB, $2800)","Dell Inspiron 16 (i7, 16GB, $1100)",-1.064453125,-0.42333984375
13,"Apple MacBook Pro 16-inch (M3, 64GB, $2800)","HP Spectre x360 (Ryzen 7, 32GB, $1200)",-1.126953125,-0.39208984375
13,"Apple MacBook Pro 16-inch (M3, 64GB, $2800)","Dell XPS 15 (i7, 32GB, $1500)",-1.158203125,-0.377197265625
13,"Apple MacBook Pro 16-inch (M3, 64GB, $2800)","Lenovo ThinkPad X1 Carbon (Ryzen 7, 32GB, $1400)",-1.2021484375,-0.35791015625
13,"Apple MacBook Pro 16-inch (M3, 64GB, $2800)","Apple MacBook Air M3 (M3, 16GB, $1800)",-1.39453125,-0.28515625
13,"Apple MacBook Pro 16-inch (M3, 64GB, $2800)","Apple MacBook Pro 14-inch (M3, 32GB, $2220)",-1.3017578125,-0.317626953125
14,"ASUS VivoBook 15 (i3, 8GB, $450)","Lenovo IdeaPad 3 (i5, 8GB, $550)",-1.4658203125,-0.26318359375
14,"ASUS VivoBook 15 (i3, 8GB, $450)","HP Pavilion 15 (Ryzen 5, 8GB, $600)",-1.501953125,-0.251953125
14,"ASUS VivoBook 15 (i3, 8GB, $450)","ASUS ZenBook 14 (i5, 16GB, $700)",-1.8173828125,-0.17724609375
14,"ASUS VivoBook 15 (i3, 8GB, $450)","Lenovo ThinkPad E14 (Ryzen 5, 16GB, $800)",-1.40625,-0.28125
14,"ASUS VivoBook 15 (i3, 8GB, $450)","Dell Inspiron 16 (i7, 16GB, $1100)",-1.4658203125,-0.2626953125
14,"ASUS VivoBook 15 (i3, 8GB, $450)","HP Spectre x360 (Ryzen 7, 32GB, $1200)",-1.5634765625,-0.235107421875
14,"ASUS VivoBook 15 (i3, 8GB, $450)","Dell XPS 15 (i7, 32GB, $1500)",-1.4541015625,-0.266357421875
14,"ASUS VivoBook 15 (i3, 8GB, $450)","Lenovo ThinkPad X1 Carbon (Ryzen 7, 32GB, $1400)",-1.4296875,-0.273681640625
14,"ASUS VivoBook 15 (i3, 8GB, $450)","Apple MacBook Air M3 (M3, 16GB, $1800)",-1.34765625,-0.301025390625
14,"ASUS VivoBook 15 (i3, 8GB, $450)","Apple MacBook Pro 14-inch (M3, 32GB, $2220)",-1.39453125,-0.28515625
14,"ASUS VivoBook 15 (i3, 8GB, $450)","Apple MacBook Pro 16-inch (M3, 64GB, $2800)",-1.34765625,-0.301025390625
14,"Lenovo IdeaPad 3 (i5, 8GB, $550)","ASUS VivoBook 15 (i3, 8GB, $450)",-1.638671875,-0.2166748046875
14,"Lenovo IdeaPad 3 (i5, 8GB, $550)","HP Pavilion 15 (Ryzen 5, 8GB, $600)",-1.455078125,-0.26708984375
14,"Lenovo IdeaPad 3 (i5, 8GB, $550)","ASUS ZenBook 14 (i5, 16GB, $700)",-1.87109375,-0.1678466796875
14,"Lenovo IdeaPad 3 (i5, 8GB, $550)","Lenovo ThinkPad E14 (Ryzen 5, 16GB, $800)",-1.5400390625,-0.2430419921875
14,"Lenovo IdeaPad 3 (i5, 8GB, $550)","Dell Inspiron 16 (i7, 16GB, $1100)",-1.478515625,-0.259765625
14,"Lenovo IdeaPad 3 (i5, 8GB, $550)","HP Spectre x360 (Ryzen 7, 32GB, $1200)",-1.52734375,-0.2462158203125
14,"Lenovo IdeaPad 3 (i5, 8GB, $550)","Dell XPS 15 (i7, 32GB, $1500)",-1.4912109375,-0.256591796875
14,"Lenovo IdeaPad 3 (i5, 8GB, $550)","Lenovo ThinkPad X1 Carbon (Ryzen 7, 32GB, $1400)",-1.5517578125,-0.23974609375
14,"Lenovo IdeaPad 3 (i5, 8GB, $550)","Apple MacBook Air M3 (M3, 16GB, $1800)",-1.3369140625,-0.3056640625
14,"Lenovo IdeaPad 3 (i5, 8GB, $550)","Apple MacBook Pro 14-inch (M3, 32GB, $2220)",-1.3369140625,-0.3056640625
14,"Lenovo IdeaPad 3 (i5, 8GB, $550)","Apple MacBook Pro 16-inch (M3, 64GB, $2800)",-1.291015625,-0.322265625
14,"HP Pavilion 15 (Ryzen 5, 8GB, $600)","ASUS VivoBook 15 (i3, 8GB, $450)",-1.501953125,-0.251953125
14,"HP Pavilion 15 (Ryzen 5, 8GB, $600)","Lenovo IdeaPad 3 (i5, 8GB, $550)",-1.4208984375,-0.280517578125
14,"HP Pavilion 15 (Ryzen 5, 8GB, $600)","ASUS ZenBook 14 (i5, 16GB, $700)",-1.8837890625,-0.1649169921875
14,"HP Pavilion 15 (Ryzen 5, 8GB, $600)","Lenovo ThinkPad E14 (Ryzen 5, 16GB, $800)",-1.44140625,-0.27001953125
14,"HP Pavilion 15 (Ryzen 5, 8GB, $600)","Dell Inspiron 16 (i7, 16GB, $1100)",-1.4541015625,-0.266357421875
14,"HP Pavilion 15 (Ryzen 5, 8GB, $600)","HP Spectre x360 (Ryzen 7, 32GB, $1200)",-1.8837890625,-0.165283203125
14,"HP Pavilion 15 (Ryzen 5, 8GB, $600)","Dell XPS 15 (i7, 32GB, $1500)",-1.41796875,-0.27734375
14,"HP Pavilion 15 (Ryzen 5, 8GB, $600)","Lenovo ThinkPad X1 Carbon (Ryzen 7, 32GB, $1400)",-1.4775390625,-0.259033203125
14,"HP Pavilion 15 (Ryzen 5, 8GB, $600)","Apple MacBook Air M3 (M3, 16GB, $1800)",-1.359375,-0.296875
14,"HP Pavilion 15 (Ryzen 5, 8GB, $600)","Apple MacBook Pro 14-inch (M3, 32GB, $2220)",-1.3134765625,-0.313232421875
14,"HP Pavilion 15 (Ryzen 5, 8GB, $600)","Apple MacBook Pro 16-inch (M3, 64GB, $2800)",-1.279296875,-0.326171875
14,"ASUS ZenBook 14 (i5, 16GB, $700)","ASUS VivoBook 15 (i3, 8GB, $450)",-1.44140625,-0.27001953125
14,"ASUS ZenBook 14 (i5, 16GB, $700)","Lenovo IdeaPad 3 (i5, 8GB, $550)",-1.3955078125,-0.286376953125
14,"ASUS ZenBook 14 (i5, 16GB, $700)","HP Pavilion 15 (Ryzen 5, 8GB, $600)",-1.4775390625,-0.259033203125
14,"ASUS ZenBook 14 (i5, 16GB, $700)","Lenovo ThinkPad E14 (Ryzen 5, 16GB, $800)",-1.501953125,-0.251953125
14,"ASUS ZenBook 14 (i5, 16GB, $700)","Dell Inspiron 16 (i7, 16GB, $1100)",-1.5263671875,-0.2451171875
14,"ASUS ZenBook 14 (i5, 16GB, $700)","HP Spectre x360 (Ryzen 7, 32GB, $1200)",-1.701171875,-0.2015380859375
14,"ASUS ZenBook 14 (i5, 16GB, $700)","Dell XPS 15 (i7, 32GB, $1500)",-1.5263671875,-0.2451171875
14,"ASUS ZenBook 14 (i5, 16GB, $700)","Lenovo ThinkPad X1 Carbon (Ryzen 7, 32GB, $1400)",-1.490234375,-0.255615234375
14,"ASUS ZenBook 14 (i5, 16GB, $700)","Apple MacBook Air M3 (M3, 16GB, $1800)",-1.41796875,-0.27734375
14,"ASUS ZenBook 14 (i5, 16GB, $700)","Apple MacBook Pro 14-inch (M3, 32GB, $2220)",-1.39453125,-0.28515625
14,"ASUS ZenBook 14 (i5, 16GB, $700)","Apple MacBook Pro 16-inch (M3, 64GB, $2800)",-1.359375,-0.296875
14,"Lenovo ThinkPad E14 (Ryzen 5, 16GB, $800)","ASUS VivoBook 15 (i3, 8GB, $450)",-1.201171875,-0.35791015625
14,"Lenovo ThinkPad E14 (Ryzen 5, 16GB, $800)","Lenovo IdeaPad 3 (i5, 8GB, $550)",-1.2392578125,-0.348876953125
14,"Lenovo ThinkPad E14 (Ryzen 5, 16GB, $800)","HP Pavilion 15 (Ryzen 5, 8GB, $600)",-1.201171875,-0.35791015625
14,"Lenovo ThinkPad E14 (Ryzen 5, 16GB, $800)","ASUS ZenBook 14 (i5, 16GB, $700)",-1.55078125,-0.2384033203125
14,"Lenovo ThinkPad E14 (Ryzen 5, 16GB, $800)","Dell Inspiron 16 (i7, 16GB, $1100)",-1.267578125,-0.33056640625
14,"Lenovo ThinkPad E14 (Ryzen 5, 16GB, $800)","HP Spectre x360 (Ryzen 7, 32GB, $1200)",-1.4296875,-0.273681640625
14,"Lenovo ThinkPad E14 (Ryzen 5, 16GB, $800)","Dell XPS 15 (i7, 32GB, $1500)",-1.2568359375,-0.3349609375
14,"Lenovo ThinkPad E14 (Ryzen 5, 16GB, $800)","Lenovo ThinkPad X1 Carbon (Ryzen 7, 32GB, $1400)",-1.3359375,-0.30517578125
14,"Lenovo ThinkPad E14 (Ryzen 5, 16GB, $800)","Apple MacBook Air M3 (M3, 16GB, $1800)",-1.1259765625,-0.39208984375
14,"Lenovo ThinkPad E14 (Ryzen 5, 16GB, $800)","Apple MacBook Pro 14-inch (M3, 32GB, $2220)",-1.064453125,-0.42333984375
14,"Lenovo ThinkPad E14 (Ryzen 5, 16GB, $800)","Apple MacBook Pro 16-inch (M3, 64GB, $2800)",-1.033203125,-0.439697265625
14,"Dell Inspiron 16 (i7, 16GB, $1100)","ASUS VivoBook 15 (i3, 8GB, $450)",-1.4775390625,-0.259033203125
14,"Dell Inspiron 16 (i7, 16GB, $1100)","Lenovo IdeaPad 3 (i5, 8GB, $550)",-1.349609375,-0.302978515625
14,"Dell Inspiron 16 (i7, 16GB, $1100)","HP Pavilion 15 (Ryzen 5, 8GB, $600)",-1.34765625,-0.301025390625
14,"Dell Inspiron 16 (i7, 16GB, $1100)","ASUS ZenBook 14 (i5, 16GB, $700)",-1.8701171875,-0.1673583984375
14,"Dell Inspiron 16 (i7, 16GB, $1100)","Lenovo ThinkPad E14 (Ryzen 5, 16GB, $800)",-1.3828125,-0.2890625
14,"Dell Inspiron 16 (i7, 16GB, $1100)","HP Spectre x360 (Ryzen 7, 32GB, $1200)",-1.740234375,-0.1932373046875
14,"Dell Inspiron 16 (i7, 16GB, $1100)","Dell XPS 15 (i7, 32GB, $1500)",-1.7138671875,-0.1986083984375
14,"Dell Inspiron 16 (i7, 16GB, $1100)","Lenovo ThinkPad X1 Carbon (Ryzen 7, 32GB, $1400)",-1.5263671875,-0.2451171875
14,"Dell Inspiron 16 (i7, 16GB, $1100)","Apple MacBook Air M3 (M3, 16GB, $1800)",-1.5390625,-0.24169921875
14,"Dell Inspiron 16 (i7, 16GB, $1100)","Apple MacBook Pro 14-inch (M3, 32GB, $2220)",-1.4296875,-0.273681640625
14,"Dell Inspiron 16 (i7, 16GB, $1100)","Apple MacBook Pro 16-inch (M3, 64GB, $2800)",-1.39453125,-0.28515625
14,"HP Spectre x360 (Ryzen 7, 32GB, $1200)","ASUS VivoBook 15 (i3, 8GB, $450)",-1.064453125,-0.42333984375
14,"HP Spectre x360 (Ryzen 7, 32GB, $1200)","Lenovo IdeaPad 3 (i5, 8GB, $550)",-0.9658203125,-0.481689453125
14,"HP Spectre x360 (Ryzen 7, 32GB, $1200)","HP Pavilion 15 (Ryzen 5, 8GB, $600)",-1.126953125,-0.392333984375
14,"HP Spectre x360 (Ryzen 7, 32GB, $1200)","ASUS ZenBook 14 (i5, 16GB, $700)",-1.3251953125,-0.309326171875
14,"HP Spectre x360 (Ryzen 7, 32GB, $1200)","Lenovo ThinkPad E14 (Ryzen 5, 16GB, $800)",-1.158203125,-0.37744140625
14,"HP Spectre x360 (Ryzen 7, 32GB, $1200)","Dell Inspiron 16 (i7, 16GB, $1100)",-1.2236328125,-0.3486328125
14,"HP Spectre x360 (Ryzen 7, 32GB, $1200)","Dell XPS 15 (i7, 32GB, $1500)",-1.34765625,-0.30126953125
14,"HP Spectre x360 (Ryzen 7, 32GB, $1200)","Lenovo ThinkPad X1 Carbon (Ryzen 7, 32GB, $1400)",-1.41796875,-0.277587890625
14,"HP Spectre x360 (Ryzen 7, 32GB, $1200)","Apple MacBook Air M3 (M3, 16GB, $1800)",-1.2236328125,-0.3486328125
14,"HP Spectre x360 (Ryzen 7, 32GB, $1200)","Apple MacBook Pro 14-inch (M3, 32GB, $2220)",-1.3134765625,-0.3134765625
14,"HP Spectre x360 (Ryzen 7, 32GB, $1200)","Apple MacBook Pro 16-inch (M3, 64GB, $2800)",-1.212890625,-0.353271484375
14,"Dell XPS 15 (i7, 32GB, $1500)","ASUS VivoBook 15 (i3, 8GB, $450)",-1.3251953125,-0.30908203125
14,"Dell XPS 15 (i7, 32GB, $1500)","Lenovo IdeaPad 3 (i5, 8GB, $550)",-1.169921875,-0.373291015625
14,"Dell XPS 15 (i7, 32GB, $1500)","HP Pavilion 15 (Ryzen 5, 8GB, $600)",-1.2236328125,-0.3486328125
14,"Dell XPS 15 (i7, 32GB, $1500)","ASUS ZenBook 14 (i5, 16GB, $700)",-1.587890625,-0.2286376953125
14,"Dell XPS 15 (i7, 32GB, $1500)","Lenovo ThinkPad E14 (Ryzen 5, 16GB, $800)",-1.201171875,-0.35791015625
14,"Dell XPS 15 (i7, 32GB, $1500)","Dell Inspiron 16 (i7, 16GB, $1100)",-1.44140625,-0.27001953125
14,"Dell XPS 15 (i7, 32GB, $1500)","HP Spectre x360 (Ryzen 7, 32GB, $1200)",-1.4296875,-0.273681640625
14,"Dell XPS 15 (i7, 32GB, $1500)","Lenovo ThinkPad X1 Carbon (Ryzen 7, 32GB, $1400)",-1.359375,-0.296875
14,"Dell XPS 15 (i7, 32GB, $1500)","Apple MacBook Air M3 (M3, 16GB, $1800)",-1.267578125,-0.33056640625
14,"Dell XPS 15 (i7, 32GB, $1500)","Apple MacBook Pro 14-inch (M3, 32GB, $2220)",-1.3017578125,-0.317626953125
14,"Dell XPS 15 (i7, 32GB, $1500)","Apple MacBook Pro 16-inch (M3, 64GB, $2800)",-1.2568359375,-0.3349609375
14,"Lenovo ThinkPad X1 Carbon (Ryzen 7, 32GB, $1400)","ASUS VivoBook 15 (i3, 8GB, $450)",-1.00390625,-0.456787109375
14,"Lenovo ThinkPad X1 Carbon (Ryzen 7, 32GB, $1400)","Lenovo IdeaPad 3 (i5, 8GB, $550)",-1.025390625,-0.447265625
14,"Lenovo ThinkPad X1 Carbon (Ryzen 7, 32GB, $1400)","HP Pavilion 15 (Ryzen 5, 8GB, $600)",-0.99365234375,-0.462646484375
14,"Lenovo ThinkPad X1 Carbon (Ryzen 7, 32GB, $1400)","ASUS ZenBook 14 (i5, 16GB, $700)",-1.24609375,-0.33935546875
14,"Lenovo ThinkPad X1 Carbon (Ryzen 7, 32GB, $1400)","Lenovo ThinkPad E14 (Ryzen 5, 16GB, $800)",-1.0947265625,-0.407470703125
14,"Lenovo ThinkPad X1 Carbon (Ryzen 7, 32GB, $1400)","Dell Inspiron 16 (i7, 16GB, $1100)",-1.1162109375,-0.397216796875
14,"Lenovo ThinkPad X1 Carbon (Ryzen 7, 32GB, $1400)","HP Spectre x360 (Ryzen 7, 32GB, $1200)",-1.3134765625,-0.3134765625
14,"Lenovo ThinkPad X1 Carbon (Ryzen 7, 32GB, $1400)","Dell XPS 15 (i7, 32GB, $1500)",-1.234375,-0.343994140625
14,"Lenovo ThinkPad X1 Carbon (Ryzen 7, 32GB, $1400)","Apple MacBook Air M3 (M3, 16GB, $1800)",-1.0234375,-0.4453125
14,"Lenovo ThinkPad X1 Carbon (Ryzen 7, 32GB, $1400)","Apple MacBook Pro 14-inch (M3, 32GB, $2220)",-1.0439453125,-0.434326171875
14,"Lenovo ThinkPad X1 Carbon (Ryzen 7, 32GB, $1400)","Apple MacBook Pro 16-inch (M3, 64GB, $2800)",-0.98388671875,-0.46826171875
14,"Apple MacBook Air M3 (M3, 16GB, $1800)","ASUS VivoBook 15 (i3, 8GB, $450)",-1.1162109375,-0.39697265625
14,"Apple MacBook Air M3 (M3, 16GB, $1800)","Lenovo IdeaPad 3 (i5, 8GB, $550)",-1.0244140625,-0.4462890625
14,"Apple MacBook Air M3 (M3, 16GB, $1800)","HP Pavilion 15 (Ryzen 5, 8GB, $600)",-1.033203125,-0.43994140625
14,"Apple MacBook Air M3 (M3, 16GB, $1800)","ASUS ZenBook 14 (i5, 16GB, $700)",-1.39453125,-0.28515625
14,"Apple MacBook Air M3 (M3, 16GB, $1800)","Lenovo ThinkPad E14 (Ryzen 5, 16GB, $800)",-1.10546875,-0.40234375
14,"Apple MacBook Air M3 (M3, 16GB, $1800)","Dell Inspiron 16 (i7, 16GB, $1100)",-1.201171875,-0.35791015625
14,"Apple MacBook Air M3 (M3, 16GB, $1800)","HP Spectre x360 (Ryzen 7, 32GB, $1200)",-1.2685546875,-0.33056640625
14,"Apple MacBook Air M3 (M3, 16GB, $1800)","Dell XPS 15 (i7, 32GB, $1500)",-1.234375,-0.343994140625
14,"Apple MacBook Air M3 (M3, 16GB, $1800)","Lenovo ThinkPad X1 Carbon (Ryzen 7, 32GB, $1400)",-1.234375,-0.343994140625
14,"Apple MacBook Air M3 (M3, 16GB, $1800)","Apple MacBook Pro 14-inch (M3, 32GB, $2220)",-1.6005859375,-0.2254638671875
14,"Apple MacBook Air M3 (M3, 16GB, $1800)","Apple MacBook Pro 16-inch (M3, 64GB, $2800)",-1.5146484375,-0.24853515625
14,"Apple MacBook Pro 14-inch (M3, 32GB, $2220)","ASUS VivoBook 15 (i3, 8GB, $450)",-0.99365234375,-0.46240234375
14,"Apple MacBook Pro 14-inch (M3, 32GB, $2220)","Lenovo IdeaPad 3 (i5, 8GB, $550)",-0.88037109375,-0.53662109375
14,"Apple MacBook Pro 14-inch (M3, 32GB, $2220)","HP Pavilion 15 (Ryzen 5, 8GB, $600)",-0.9453125,-0.4921875
14,"Apple MacBook Pro 14-inch (M3, 32GB, $2220)","ASUS ZenBook 14 (i5, 16GB, $700)",-1.234375,-0.343994140625
14,"Apple MacBook Pro 14-inch (M3, 32GB, $2220)","Lenovo ThinkPad E14 (Ryzen 5, 16GB, $800)",-0.935546875,-0.498291015625
14,"Apple MacBook Pro 14-inch (M3, 32GB, $2220)","Dell Inspiron 16 (i7, 16GB, $1100)",-1.0439453125,-0.434326171875
14,"Apple MacBook Pro 14-inch (M3, 32GB, $2220)","HP Spectre x360 (Ryzen 7, 32GB, $1200)",-1.212890625,-0.353271484375
14,"Apple MacBook Pro 14-inch (M3, 32GB, $2220)","Dell XPS 15 (i7, 32GB, $1500)",-1.13671875,-0.386962890625
14,"Apple MacBook Pro 14-inch (M3, 32GB, $2220)","Lenovo ThinkPad X1 Carbon (Ryzen 7, 32GB, $1400)",-1.1474609375,-0.382080078125
14,"Apple MacBook Pro 14-inch (M3, 32GB, $2220)","Apple MacBook Air M3 (M3, 16GB, $1800)",-1.3251953125,-0.30908203125
14,"Apple MacBook Pro 14-inch (M3, 32GB, $2220)","Apple MacBook Pro 16-inch (M3, 64GB, $2800)",-1.359375,-0.296875
14,"Apple MacBook Pro 16-inch (M3, 64GB, $2800)","ASUS VivoBook 15 (i3, 8GB, $450)",-1.0439453125,-0.434326171875
14,"Apple MacBook Pro 16-inch (M3, 64GB, $2800)","Lenovo IdeaPad 3 (i5, 8GB, $550)",-0.9462890625,-0.493408203125
14,"Apple MacBook Pro 16-inch (M3, 64GB, $2800)","HP Pavilion 15 (Ryzen 5, 8GB, $600)",-0.97412109375,-0.47412109375
14,"Apple MacBook Pro 16-inch (M3, 64GB, $2800)","ASUS ZenBook 14 (i5, 16GB, $700)",-1.3251953125,-0.30908203125
14,"Apple MacBook Pro 16-inch (M3, 64GB, $2800)","Lenovo ThinkPad E14 (Ryzen 5, 16GB, $800)",-1.013671875,-0.451171875
14,"Apple MacBook Pro 16-inch (M3, 64GB, $2800)","Dell Inspiron 16 (i7, 16GB, $1100)",-1.10546875,-0.402099609375
14,"Apple MacBook Pro 16-inch (M3, 64GB, $2800)","HP Spectre x360 (Ryzen 7, 32GB, $1200)",-1.2568359375,-0.3349609375
14,"Apple MacBook Pro 16-inch (M3, 64GB, $2800)","Dell XPS 15 (i7, 32GB, $1500)",-1.158203125,-0.376953125
14,"Apple MacBook Pro 16-inch (M3, 64GB, $2800)","Lenovo ThinkPad X1 Carbon (Ryzen 7, 32GB, $1400)",-1.1904296875,-0.362548828125
14,"Apple MacBook Pro 16-inch (M3, 64GB, $2800)","Apple MacBook Air M3 (M3, 16GB, $1800)",-1.4541015625,-0.26611328125
14,"Apple MacBook Pro 16-inch (M3, 64GB, $2800)","Apple MacBook Pro 14-inch (M3, 32GB, $2220)",-1.39453125,-0.28515625
15,"ASUS VivoBook 15 (i3, 8GB, $450)","Lenovo IdeaPad 3 (i5, 8GB, $550)",-1.236328125,-0.345703125
15,"ASUS VivoBook 15 (i3, 8GB, $450)","HP Pavilion 15 (Ryzen 5, 8GB, $600)",-1.3359375,-0.30517578125
15,"ASUS VivoBook 15 (i3, 8GB, $450)","ASUS ZenBook 14 (i5, 16GB, $700)",-1.6259765625,-0.2193603515625
15,"ASUS VivoBook 15 (i3, 8GB, $450)","Lenovo ThinkPad E14 (Ryzen 5, 16GB, $800)",-1.279296875,-0.326416015625
15,"ASUS VivoBook 15 (i3, 8GB, $450)","Dell Inspiron 16 (i7, 16GB, $1100)",-1.291015625,-0.322021484375
15,"ASUS VivoBook 15 (i3, 8GB, $450)","HP Spectre x360 (Ryzen 7, 32GB, $1200)",-1.41796875,-0.277587890625
15,"ASUS VivoBook 15 (i3, 8GB, $450)","Dell XPS 15 (i7, 32GB, $1500)",-1.3134765625,-0.3134765625
15,"ASUS VivoBook 15 (i3, 8GB, $450)","Lenovo ThinkPad X1 Carbon (Ryzen 7, 32GB, $1400)",-1.3134765625,-0.3134765625
15,"ASUS VivoBook 15 (i3, 8GB, $450)","Apple MacBook Air M3 (M3, 16GB, $1800)",-1.1796875,-0.367431640625
15,"ASUS VivoBook 15 (i3, 8GB, $450)","Apple MacBook Pro 14-inch (M3, 32GB, $2220)",-1.1904296875,-0.362548828125
15,"ASUS VivoBook 15 (i3, 8GB, $450)","Apple MacBook Pro 16-inch (M3, 64GB, $2800)",-1.158203125,-0.377197265625
15,"Lenovo IdeaPad 3 (i5, 8GB, $550)","ASUS VivoBook 15 (i3, 8GB, $450)",-1.302734375,-0.31884765625
15,"Lenovo IdeaPad 3 (i5, 8GB, $550)","HP Pavilion 15 (Ryzen 5, 8GB, $600)",-1.2587890625,-0.336669921875
15,"Lenovo IdeaPad 3 (i5, 8GB, $550)","ASUS ZenBook 14 (i5, 16GB, $700)",-1.5400390625,-0.242919921875
15,"Lenovo IdeaPad 3 (i5, 8GB, $550)","Lenovo ThinkPad E14 (Ryzen 5, 16GB, $800)",-1.4697265625,-0.2666015625
15,"Lenovo IdeaPad 3 (i5, 8GB, $550)","Dell Inspiron 16 (i7, 16GB, $1100)",-1.2919921875,-0.32373046875
15,"Lenovo IdeaPad 3 (i5, 8GB, $550)","HP Spectre x360 (Ryzen 7, 32GB, $1200)",-1.3388671875,-0.307861328125
15,"Lenovo IdeaPad 3 (i5, 8GB, $550)","Dell XPS 15 (i7, 32GB, $1500)",-1.3505859375,-0.303466796875
15,"Lenovo IdeaPad 3 (i5, 8GB, $550)","Lenovo ThinkPad X1 Carbon (Ryzen 7, 32GB, $1400)",-1.5185546875,-0.25244140625
15,"Lenovo IdeaPad 3 (i5, 8GB, $550)","Apple MacBook Air M3 (M3, 16GB, $1800)",-1.138671875,-0.388427734375
15,"Lenovo IdeaPad 3 (i5, 8GB, $550)","Apple MacBook Pro 14-inch (M3, 32GB, $2220)",-1.138671875,-0.388671875
15,"Lenovo IdeaPad 3 (i5, 8GB, $550)","Apple MacBook Pro 16-inch (M3, 64GB, $2800)",-1.0966796875,-0.408935546875
15,"HP Pavilion 15 (Ryzen 5, 8GB, $600)","ASUS VivoBook 15 (i3, 8GB, $450)",-1.3828125,-0.2890625
15,"HP Pavilion 15 (Ryzen 5, 8GB, $600)","Lenovo IdeaPad 3 (i5, 8GB, $550)",-1.3369140625,-0.3212890625
15,"HP Pavilion 15 (Ryzen 5, 8GB, $600)","ASUS ZenBook 14 (i5, 16GB, $700)",-1.7529296875,-0.1904296875
15,"HP Pavilion 15 (Ryzen 5, 8GB, $600)","Lenovo ThinkPad E14 (Ryzen 5, 16GB, $800)",-1.4541015625,-0.2666015625
15,"HP Pavilion 15 (Ryzen 5, 8GB, $600)","Dell Inspiron 16 (i7, 16GB, $1100)",-1.40625,-0.28125
15,"HP Pavilion 15 (Ryzen 5, 8GB, $600)","HP Spectre x360 (Ryzen 7, 32GB, $1200)",-1.8994140625,-0.1651611328125
15,"HP Pavilion 15 (Ryzen 5, 8GB, $600)","Dell XPS 15 (i7, 32GB, $1500)",-1.4541015625,-0.2666015625
15,"HP Pavilion 15 (Ryzen 5, 8GB, $600)","Lenovo ThinkPad X1 Carbon (Ryzen 7, 32GB, $1400)",-1.490234375,-0.255859375
15,"HP Pavilion 15 (Ryzen 5, 8GB, $600)","Apple MacBook Air M3 (M3, 16GB, $1800)",-1.291015625,-0.322021484375
15,"HP Pavilion 15 (Ryzen 5, 8GB, $600)","Apple MacBook Pro 14-inch (M3, 32GB, $2220)",-1.3134765625,-0.3134765625
15,"HP Pavilion 15 (Ryzen 5, 8GB, $600)","Apple MacBook Pro 16-inch (M3, 64GB, $2800)",-1.279296875,-0.326416015625
15,"ASUS ZenBook 14 (i5, 16GB, $700)","ASUS VivoBook 15 (i3, 8GB, $450)",-1.2685546875,-0.330810546875
15,"ASUS ZenBook 14 (i5, 16GB, $700)","Lenovo IdeaPad 3 (i5, 8GB, $550)",-1.20703125,-0.36328125
15,"ASUS ZenBook 14 (i5, 16GB, $700)","HP Pavilion 15 (Ryzen 5, 8GB, $600)",-1.279296875,-0.326171875
15,"ASUS ZenBook 14 (i5, 16GB, $700)","Lenovo ThinkPad E14 (Ryzen 5, 16GB, $800)",-1.3828125,-0.2890625
15,"ASUS ZenBook 14 (i5, 16GB, $700)","Dell Inspiron 16 (i7, 16GB, $1100)",-1.3359375,-0.30517578125
15,"ASUS ZenBook 14 (i5, 16GB, $700)","HP Spectre x360 (Ryzen 7, 32GB, $1200)",-1.5517578125,-0.239013671875
15,"ASUS ZenBook 14 (i5, 16GB, $700)","Dell XPS 15 (i7, 32GB, $1500)",-1.34765625,-0.301025390625
15,"ASUS ZenBook 14 (i5, 16GB, $700)","Lenovo ThinkPad X1 Carbon (Ryzen 7, 32GB, $1400)",-1.39453125,-0.28515625
15,"ASUS ZenBook 14 (i5, 16GB, $700)","Apple MacBook Air M3 (M3, 16GB, $1800)",-1.2236328125,-0.3486328125
15,"ASUS ZenBook 14 (i5, 16GB, $700)","Apple MacBook Pro 14-inch (M3, 32GB, $2220)",-1.2021484375,-0.35791015625
15,"ASUS ZenBook 14 (i5, 16GB, $700)","Apple MacBook Pro 16-inch (M3, 64GB, $2800)",-1.158203125,-0.377197265625
15,"Lenovo ThinkPad E14 (Ryzen 5, 16GB, $800)","ASUS VivoBook 15 (i3, 8GB, $450)",-1.0234375,-0.445556640625
15,"Lenovo ThinkPad E14 (Ryzen 5, 16GB, $800)","Lenovo IdeaPad 3 (i5, 8GB, $550)",-1.1416015625,-0.40673828125
15,"Lenovo ThinkPad E14 (Ryzen 5, 16GB, $800)","HP Pavilion 15 (Ryzen 5, 8GB, $600)",-1.13671875,-0.38720703125
15,"Lenovo ThinkPad E14 (Ryzen 5, 16GB, $800)","ASUS ZenBook 14 (i5, 16GB, $700)",-1.359375,-0.296875
15,"Lenovo ThinkPad E14 (Ryzen 5, 16GB, $800)","Dell Inspiron 16 (i7, 16GB, $1100)",-1.2021484375,-0.35791015625
15,"Lenovo ThinkPad E14 (Ryzen 5, 16GB, $800)","HP Spectre x360 (Ryzen 7, 32GB, $1200)",-1.2236328125,-0.34912109375
15,"Lenovo ThinkPad E14 (Ryzen 5, 16GB, $800)","Dell XPS 15 (i7, 32GB, $1500)",-1.2236328125,-0.348876953125
15,"Lenovo ThinkPad E14 (Ryzen 5, 16GB, $800)","Lenovo ThinkPad X1 Carbon (Ryzen 7, 32GB, $1400)",-1.3134765625,-0.313720703125
15,"Lenovo ThinkPad E14 (Ryzen 5, 16GB, $800)","Apple MacBook Air M3 (M3, 16GB, $1800)",-1.033203125,-0.43994140625
15,"Lenovo ThinkPad E14 (Ryzen 5, 16GB, $800)","Apple MacBook Pro 14-inch (M3, 32GB, $2220)",-1.00390625,-0.45703125
15,"Lenovo ThinkPad E14 (Ryzen 5, 16GB, $800)","Apple MacBook Pro 16-inch (M3, 64GB, $2800)",-0.99365234375,-0.462646484375
15,"Dell Inspiron 16 (i7, 16GB, $1100)","ASUS VivoBook 15 (i3, 8GB, $450)",-1.2568359375,-0.3349609375
15,"Dell Inspiron 16 (i7, 16GB, $1100)","Lenovo IdeaPad 3 (i5, 8GB, $550)",-1.208984375,-0.364990234375
15,"Dell Inspiron 16 (i7, 16GB, $1100)","HP Pavilion 15 (Ryzen 5, 8GB, $600)",-1.212890625,-0.353271484375
15,"Dell Inspiron 16 (i7, 16GB, $1100)","ASUS ZenBook 14 (i5, 16GB, $700)",-1.587890625,-0.228759765625
15,"Dell Inspiron 16 (i7, 16GB, $1100)","Lenovo ThinkPad E14 (Ryzen 5, 16GB, $800)",-1.3251953125,-0.3095703125
15,"Dell Inspiron 16 (i7, 16GB, $1100)","HP Spectre x360 (Ryzen 7, 32GB, $1200)",-1.5888671875,-0.2294921875
15,"Dell Inspiron 16 (i7, 16GB, $1100)","Dell XPS 15 (i7, 32GB, $1500)",-1.638671875,-0.2164306640625
15,"Dell Inspiron 16 (i7, 16GB, $1100)","Lenovo ThinkPad X1 Carbon (Ryzen 7, 32GB, $1400)",-1.490234375,-0.255859375
15,"Dell Inspiron 16 (i7, 16GB, $1100)","Apple MacBook Air M3 (M3, 16GB, $1800)",-1.3134765625,-0.3134765625
15,"Dell Inspiron 16 (i7, 16GB, $1100)","Apple MacBook Pro 14-inch (M3, 32GB, $2220)",-1.279296875,-0.326416015625
15,"Dell Inspiron 16 (i7, 16GB, $1100)","Apple MacBook Pro 16-inch (M3, 64GB, $2800)",-1.2685546875,-0.33056640625
15,"HP Spectre x360 (Ryzen 7, 32GB, $1200)","ASUS VivoBook 15 (i3, 8GB, $450)",-0.974609375,-0.474609375
15,"HP Spectre x360 (Ryzen 7, 32GB, $1200)","Lenovo IdeaPad 3 (i5, 8GB, $550)",-0.9326171875,-0.5107421875
15,"HP Spectre x360 (Ryzen 7, 32GB, $1200)","HP Pavilion 15 (Ryzen 5, 8GB, $600)",-1.1064453125,-0.40283203125
15,"HP Spectre x360 (Ryzen 7, 32GB, $1200)","ASUS ZenBook 14 (i5, 16GB, $700)",-1.2021484375,-0.358154296875
15,"HP Spectre x360 (Ryzen 7, 32GB, $1200)","Lenovo ThinkPad E14 (Ryzen 5, 16GB, $800)",-1.0341796875,-0.440673828125
15,"HP Spectre x360 (Ryzen 7, 32GB, $1200)","Dell Inspiron 16 (i7, 16GB, $1100)",-1.1591796875,-0.377685546875
15,"HP Spectre x360 (Ryzen 7, 32GB, $1200)","Dell XPS 15 (i7, 32GB, $1500)",-1.2685546875,-0.331298828125
15,"HP Spectre x360 (Ryzen 7, 32GB, $1200)","Lenovo ThinkPad X1 Carbon (Ryzen 7, 32GB, $1400)",-1.2685546875,-0.3310546875
15,"HP Spectre x360 (Ryzen 7, 32GB, $1200)","Apple MacBook Air M3 (M3, 16GB, $1800)",-1.1162109375,-0.397705078125
15,"HP Spectre x360 (Ryzen 7, 32GB, $1200)","Apple MacBook Pro 14-inch (M3, 32GB, $2220)",-1.169921875,-0.373046875
15,"HP Spectre x360 (Ryzen 7, 32GB, $1200)","Apple MacBook Pro 16-inch (M3, 64GB, $2800)",-1.095703125,-0.408203125
15,"Dell XPS 15 (i7, 32GB, $1500)","ASUS VivoBook 15 (i3, 8GB, $450)",-1.158203125,-0.377197265625
15,"Dell XPS 15 (i7, 32GB, $1500)","Lenovo IdeaPad 3 (i5, 8GB, $550)",-1.109375,-0.406494140625
15,"Dell XPS 15 (i7, 32GB, $1500)","HP Pavilion 15 (Ryzen 5, 8GB, $600)",-1.1474609375,-0.38232421875
15,"Dell XPS 15 (i7, 32GB, $1500)","ASUS ZenBook 14 (i5, 16GB, $700)",-1.34765625,-0.301025390625
15,"Dell XPS 15 (i7, 32GB, $1500)","Lenovo ThinkPad E14 (Ryzen 5, 16GB, $800)",-1.1806640625,-0.36767578125
15,"Dell XPS 15 (i7, 32GB, $1500)","Dell Inspiron 16 (i7, 16GB, $1100)",-1.34765625,-0.301025390625
15,"Dell XPS 15 (i7, 32GB, $1500)","HP Spectre x360 (Ryzen 7, 32GB, $1200)",-1.2578125,-0.33544921875
15,"Dell XPS 15 (i7, 32GB, $1500)","Lenovo ThinkPad X1 Carbon (Ryzen 7, 32GB, $1400)",-1.3134765625,-0.313720703125
15,"Dell XPS 15 (i7, 32GB, $1500)","Apple MacBook Air M3 (M3, 16GB, $1800)",-1.126953125,-0.39208984375
15,"Dell XPS 15 (i7, 32GB, $1500)","Apple MacBook Pro 14-inch (M3, 32GB, $2220)",-1.212890625,-0.353515625
15,"Dell XPS 15 (i7, 32GB, $1500)","Apple MacBook Pro 16-inch (M3, 64GB, $2800)",-1.1689453125,-0.372314453125
15,"Lenovo ThinkPad X1 Carbon (Ryzen 7, 32GB, $1400)","ASUS VivoBook 15 (i3, 8GB, $450)",-0.87060546875,-0.54248046875
15,"Lenovo ThinkPad X1 Carbon (Ryzen 7, 32GB, $1400)","Lenovo IdeaPad 3 (i5, 8GB, $550)",-0.9423828125,-0.5048828125
15,"Lenovo ThinkPad X1 Carbon (Ryzen 7, 32GB, $1400)","HP Pavilion 15 (Ryzen 5, 8GB, $600)",-0.9169921875,-0.5107421875
15,"Lenovo ThinkPad X1 Carbon (Ryzen 7, 32GB, $1400)","ASUS ZenBook 14 (i5, 16GB, $700)",-1.0947265625,-0.407470703125
15,"Lenovo ThinkPad X1 Carbon (Ryzen 7, 32GB, $1400)","Lenovo ThinkPad E14 (Ryzen 5, 16GB, $800)",-1.0439453125,-0.4345703125
15,"Lenovo ThinkPad X1 Carbon (Ryzen 7, 32GB, $1400)","Dell Inspiron 16 (i7, 16GB, $1100)",-1.0234375,-0.445556640625
15,"Lenovo ThinkPad X1 Carbon (Ryzen 7, 32GB, $1400)","HP Spectre x360 (Ryzen 7, 32GB, $1200)",-1.0849609375,-0.4130859375
15,"Lenovo ThinkPad X1 Carbon (Ryzen 7, 32GB, $1400)","Dell XPS 15 (i7, 32GB, $1500)",-1.1689453125,-0.372314453125
15,"Lenovo ThinkPad X1 Carbon (Ryzen 7, 32GB, $1400)","Apple MacBook Air M3 (M3, 16GB, $1800)",-0.93603515625,-0.498291015625
15,"Lenovo ThinkPad X1 Carbon (Ryzen 7, 32GB, $1400)","Apple MacBook Pro 14-inch (M3, 32GB, $2220)",-0.955078125,-0.486328125
15,"Lenovo ThinkPad X1 Carbon (Ryzen 7, 32GB, $1400)","Apple MacBook Pro 16-inch (M3, 64GB, $2800)",-0.8984375,-0.5234375
15,"Apple MacBook Air M3 (M3, 16GB, $1800)","ASUS VivoBook 15 (i3, 8GB, $450)",-1.0341796875,-0.43994140625
15,"Apple MacBook Air M3 (M3, 16GB, $1800)","Lenovo IdeaPad 3 (i5, 8GB, $550)",-0.98779296875,-0.471923828125
15,"Apple MacBook Air M3 (M3, 16GB, $1800)","HP Pavilion 15 (Ryzen 5, 8GB, $600)",-0.955078125,-0.486328125
15,"Apple MacBook Air M3 (M3, 16GB, $1800)","ASUS ZenBook 14 (i5, 16GB, $700)",-1.2568359375,-0.335205078125
15,"Apple MacBook Air M3 (M3, 16GB, $1800)","Lenovo ThinkPad E14 (Ryzen 5, 16GB, $800)",-1.0546875,-0.42919921875
15,"Apple MacBook Air M3 (M3, 16GB, $1800)","Dell Inspiron 16 (i7, 16GB, $1100)",-1.1162109375,-0.3974609375
15,"Apple MacBook Air M3 (M3, 16GB, $1800)","HP Spectre x360 (Ryzen 7, 32GB, $1200)",-1.1591796875,-0.377685546875
15,"Apple MacBook Air M3 (M3, 16GB, $1800)","Dell XPS 15 (i7, 32GB, $1500)",-1.158203125,-0.37744140625
15,"Apple MacBook Air M3 (M3, 16GB, $1800)","Lenovo ThinkPad X1 Carbon (Ryzen 7, 32GB, $1400)",-1.19140625,-0.363037109375
15,"Apple MacBook Air M3 (M3, 16GB, $1800)","Apple MacBook Pro 14-inch (M3, 32GB, $2220)",-1.5263671875,-0.24560546875
15,"Apple MacBook Air M3 (M3, 16GB, $1800)","Apple MacBook Pro 16-inch (M3, 64GB, $2800)",-1.4423828125,-0.270263671875
15,"Apple MacBook Pro 14-inch (M3, 32GB, $2220)","ASUS VivoBook 15 (i3, 8GB, $450)",-0.87109375,-0.54296875
15,"Apple MacBook Pro 14-inch (M3, 32GB, $2220)","Lenovo IdeaPad 3 (i5, 8GB, $550)",-0.81201171875,-0.59326171875
15,"Apple MacBook Pro 14-inch (M3, 32GB, $2220)","HP Pavilion 15 (Ryzen 5, 8GB, $600)",-0.88916015625,-0.52978515625
15,"Apple MacBook Pro 14-inch (M3, 32GB, $2220)","ASUS ZenBook 14 (i5, 16GB, $700)",-1.1162109375,-0.397216796875
15,"Apple MacBook Pro 14-inch (M3, 32GB, $2220)","Lenovo ThinkPad E14 (Ryzen 5, 16GB, $800)",-0.9267578125,-0.5048828125
15,"Apple MacBook Pro 14-inch (M3, 32GB, $2220)","Dell Inspiron 16 (i7, 16GB, $1100)",-0.984375,-0.468505859375
15,"Apple MacBook Pro 14-inch (M3, 32GB, $2220)","HP Spectre x360 (Ryzen 7, 32GB, $1200)",-1.00390625,-0.457275390625
15,"Apple MacBook Pro 14-inch (M3, 32GB, $2220)","Dell XPS 15 (i7, 32GB, $1500)",-1.0849609375,-0.4130859375
15,"Apple MacBook Pro 14-inch (M3, 32GB, $2220)","Lenovo ThinkPad X1 Carbon (Ryzen 7, 32GB, $1400)",-1.0849609375,-0.4130859375
15,"Apple MacBook Pro 14-inch (M3, 32GB, $2220)","Apple MacBook Air M3 (M3, 16GB, $1800)",-1.1904296875,-0.362548828125
15,"Apple MacBook Pro 14-inch (M3, 32GB, $2220)","Apple MacBook Pro 16-inch (M3, 64GB, $2800)",-1.3134765625,-0.3134765625
15,"Apple MacBook Pro 16-inch (M3, 64GB, $2800)","ASUS VivoBook 15 (i3, 8GB, $450)",-0.8984375,-0.5234375
15,"Apple MacBook Pro 16-inch (M3, 64GB, $2800)","Lenovo IdeaPad 3 (i5, 8GB, $550)",-0.8583984375,-0.5615234375
15,"Apple MacBook Pro 16-inch (M3, 64GB, $2800)","HP Pavilion 15 (Ryzen 5, 8GB, $600)",-0.8984375,-0.5234375
15,"Apple MacBook Pro 16-inch (M3, 64GB, $2800)","ASUS ZenBook 14 (i5, 16GB, $700)",-1.1689453125,-0.372314453125
15,"Apple MacBook Pro 16-inch (M3, 64GB, $2800)","Lenovo ThinkPad E14 (Ryzen 5, 16GB, $800)",-0.984375,-0.46875
15,"Apple MacBook Pro 16-inch (M3, 64GB, $2800)","Dell Inspiron 16 (i7, 16GB, $1100)",-1.0537109375,-0.428955078125
15,"Apple MacBook Pro 16-inch (M3, 64GB, $2800)","HP Spectre x360 (Ryzen 7, 32GB, $1200)",-1.0341796875,-0.4404296875
15,"Apple MacBook Pro 16-inch (M3, 64GB, $2800)","Dell XPS 15 (i7, 32GB, $1500)",-1.095703125,-0.40771484375
15,"Apple MacBook Pro 16-inch (M3, 64GB, $2800)","Lenovo ThinkPad X1 Carbon (Ryzen 7, 32GB, $1400)",-1.10546875,-0.402587890625
15,"Apple MacBook Pro 16-inch (M3, 64GB, $2800)","Apple MacBook Air M3 (M3, 16GB, $1800)",-1.3134765625,-0.3134765625
15,"Apple MacBook Pro 16-inch (M3, 64GB, $2800)","Apple MacBook Pro 14-inch (M3, 32GB, $2220)",-1.3134765625,-0.3134765625
16,"ASUS VivoBook 15 (i3, 8GB, $450)","Lenovo IdeaPad 3 (i5, 8GB, $550)",-1.07421875,-0.41796875
16,"ASUS VivoBook 15 (i3, 8GB, $450)","HP Pavilion 15 (Ryzen 5, 8GB, $600)",-1.13671875,-0.386962890625
16,"ASUS VivoBook 15 (i3, 8GB, $450)","ASUS ZenBook 14 (i5, 16GB, $700)",-1.4658203125,-0.2626953125
16,"ASUS VivoBook 15 (i3, 8GB, $450)","Lenovo ThinkPad E14 (Ryzen 5, 16GB, $800)",-1.00390625,-0.456787109375
16,"ASUS VivoBook 15 (i3, 8GB, $450)","Dell Inspiron 16 (i7, 16GB, $1100)",-1.0849609375,-0.41259765625
16,"ASUS VivoBook 15 (i3, 8GB, $450)","HP Spectre x360 (Ryzen 7, 32GB, $1200)",-1.033203125,-0.439697265625
16,"ASUS VivoBook 15 (i3, 8GB, $450)","Dell XPS 15 (i7, 32GB, $1500)",-1.033203125,-0.439697265625
16,"ASUS VivoBook 15 (i3, 8GB, $450)","Lenovo ThinkPad X1 Carbon (Ryzen 7, 32GB, $1400)",-0.99365234375,-0.46240234375
16,"ASUS VivoBook 15 (i3, 8GB, $450)","Apple MacBook Air M3 (M3, 16GB, $1800)",-0.9072265625,-0.5166015625
16,"ASUS VivoBook 15 (i3, 8GB, $450)","Apple MacBook Pro 14-inch (M3, 32GB, $2220)",-0.86181640625,-0.54931640625
16,"ASUS VivoBook 15 (i3, 8GB, $450)","Apple MacBook Pro 16-inch (M3, 64GB, $2800)",-0.826171875,-0.576171875
16,"Lenovo IdeaPad 3 (i5, 8GB, $550)","ASUS VivoBook 15 (i3, 8GB, $450)",-1.1162109375,-0.397216796875
16,"Lenovo IdeaPad 3 (i5, 8GB, $550)","HP Pavilion 15 (Ryzen 5, 8GB, $600)",-1.10546875,-0.402587890625
16,"Lenovo IdeaPad 3 (i5, 8GB, $550)","ASUS ZenBook 14 (i5, 16GB, $700)",-1.3828125,-0.2890625
16,"Lenovo IdeaPad 3 (i5, 8GB, $550)","Lenovo ThinkPad E14 (Ryzen 5, 16GB, $800)",-1.2353515625,-0.3447265625
16,"Lenovo IdeaPad 3 (i5, 8GB, $550)","Dell Inspiron 16 (i7, 16GB, $1100)",-1.1376953125,-0.38720703125
16,"Lenovo IdeaPad 3 (i5, 8GB, $550)","HP Spectre x360 (Ryzen 7, 32GB, $1200)",-0.95556640625,-0.486572265625
16,"Lenovo IdeaPad 3 (i5, 8GB, $550)","Dell XPS 15 (i7, 32GB, $1500)",-1.1162109375,-0.3974609375
16,"Lenovo IdeaPad 3 (i5, 8GB, $550)","Lenovo ThinkPad X1 Carbon (Ryzen 7, 32GB, $1400)",-1.2353515625,-0.3447265625
16,"Lenovo IdeaPad 3 (i5, 8GB, $550)","Apple MacBook Air M3 (M3, 16GB, $1800)",-0.86181640625,-0.54931640625
16,"Lenovo IdeaPad 3 (i5, 8GB, $550)","Apple MacBook Pro 14-inch (M3, 32GB, $2220)",-0.84423828125,-0.56298828125
16,"Lenovo IdeaPad 3 (i5, 8GB, $550)","Apple MacBook Pro 16-inch (M3, 64GB, $2800)",-0.79150390625,-0.60400390625
16,"HP Pavilion 15 (Ryzen 5, 8GB, $600)","ASUS VivoBook 15 (i3, 8GB, $450)",-1.201171875,-0.357666015625
16,"HP Pavilion 15 (Ryzen 5, 8GB, $600)","Lenovo IdeaPad 3 (i5, 8GB, $550)",-1.2353515625,-0.344482421875
16,"HP Pavilion 15 (Ryzen 5, 8GB, $600)","ASUS ZenBook 14 (i5, 16GB, $700)",-1.501953125,-0.251953125
16,"HP Pavilion 15 (Ryzen 5, 8GB, $600)","Lenovo ThinkPad E14 (Ryzen 5, 16GB, $800)",-1.3017578125,-0.317626953125
16,"HP Pavilion 15 (Ryzen 5, 8GB, $600)","Dell Inspiron 16 (i7, 16GB, $1100)",-1.201171875,-0.357666015625
16,"HP Pavilion 15 (Ryzen 5, 8GB, $600)","HP Spectre x360 (Ryzen 7, 32GB, $1200)",-1.5390625,-0.2418212890625
16,"HP Pavilion 15 (Ryzen 5, 8GB, $600)","Dell XPS 15 (i7, 32GB, $1500)",-1.1474609375,-0.3818359375
16,"HP Pavilion 15 (Ryzen 5, 8GB, $600)","Lenovo ThinkPad X1 Carbon (Ryzen 7, 32GB, $1400)",-1.3017578125,-0.317626953125
16,"HP Pavilion 15 (Ryzen 5, 8GB, $600)","Apple MacBook Air M3 (M3, 16GB, $1800)",-0.9453125,-0.491943359375
16,"HP Pavilion 15 (Ryzen 5, 8GB, $600)","Apple MacBook Pro 14-inch (M3, 32GB, $2220)",-0.9169921875,-0.5107421875
16,"HP Pavilion 15 (Ryzen 5, 8GB, $600)","Apple MacBook Pro 16-inch (M3, 64GB, $2800)",-0.9072265625,-0.5166015625
16,"ASUS ZenBook 14 (i5, 16GB, $700)","ASUS VivoBook 15 (i3, 8GB, $450)",-1.1162109375,-0.39697265625
16,"ASUS ZenBook 14 (i5, 16GB, $700)","Lenovo IdeaPad 3 (i5, 8GB, $550)",-1.07421875,-0.418212890625
16,"ASUS ZenBook 14 (i5, 16GB, $700)","HP Pavilion 15 (Ryzen 5, 8GB, $600)",-1.033203125,-0.439697265625
16,"ASUS ZenBook 14 (i5, 16GB, $700)","Lenovo ThinkPad E14 (Ryzen 5, 16GB, $800)",-1.13671875,-0.386962890625
16,"ASUS ZenBook 14 (i5, 16GB, $700)","Dell Inspiron 16 (i7, 16GB, $1100)",-1.13671875,-0.386962890625
16,"ASUS ZenBook 14 (i5, 16GB, $700)","HP Spectre x360 (Ryzen 7, 32GB, $1200)",-1.1796875,-0.367431640625
16,"ASUS ZenBook 14 (i5, 16GB, $700)","Dell XPS 15 (i7, 32GB, $1500)",-1.07421875,-0.41796875
16,"ASUS ZenBook 14 (i5, 16GB, $700)","Lenovo ThinkPad X1 Carbon (Ryzen 7, 32GB, $1400)",-1.0947265625,-0.407470703125
16,"ASUS ZenBook 14 (i5, 16GB, $700)","Apple MacBook Air M3 (M3, 16GB, $1800)",-0.92626953125,-0.50439453125
16,"ASUS ZenBook 14 (i5, 16GB, $700)","Apple MacBook Pro 14-inch (M3, 32GB, $2220)",-0.826171875,-0.576171875
16,"ASUS ZenBook 14 (i5, 16GB, $700)","Apple MacBook Pro 16-inch (M3, 64GB, $2800)",-0.79150390625,-0.60400390625
16,"Lenovo ThinkPad E14 (Ryzen 5, 16GB, $800)","ASUS VivoBook 15 (i3, 8GB, $450)",-0.8173828125,-0.5830078125
16,"Lenovo ThinkPad E14 (Ryzen 5, 16GB, $800)","Lenovo IdeaPad 3 (i5, 8GB, $550)",-0.99462890625,-0.46337890625
16,"Lenovo ThinkPad E14 (Ryzen 5, 16GB, $800)","HP Pavilion 15 (Ryzen 5, 8GB, $600)",-0.92626953125,-0.50439453125
16,"Lenovo ThinkPad E14 (Ryzen 5, 16GB, $800)","ASUS ZenBook 14 (i5, 16GB, $700)",-1.234375,-0.343994140625
16,"Lenovo ThinkPad E14 (Ryzen 5, 16GB, $800)","Dell Inspiron 16 (i7, 16GB, $1100)",-1.0439453125,-0.434326171875
16,"Lenovo ThinkPad E14 (Ryzen 5, 16GB, $800)","HP Spectre x360 (Ryzen 7, 32GB, $1200)",-0.9453125,-0.4921875
16,"Lenovo ThinkPad E14 (Ryzen 5, 16GB, $800)","Dell XPS 15 (i7, 32GB, $1500)",-0.97412109375,-0.47412109375
16,"Lenovo ThinkPad E14 (Ryzen 5, 16GB, $800)","Lenovo ThinkPad X1 Carbon (Ryzen 7, 32GB, $1400)",-1.1259765625,-0.39208984375
16,"Lenovo ThinkPad E14 (Ryzen 5, 16GB, $800)","Apple MacBook Air M3 (M3, 16GB, $1800)",-0.72509765625,-0.66259765625
16,"Lenovo ThinkPad E14 (Ryzen 5, 16GB, $800)","Apple MacBook Pro 14-inch (M3, 32GB, $2220)",-0.708984375,-0.677734375
16,"Lenovo ThinkPad E14 (Ryzen 5, 16GB, $800)","Apple MacBook Pro 16-inch (M3, 64GB, $2800)",-0.685546875,-0.701171875
16,"Dell Inspiron 16 (i7, 16GB, $1100)","ASUS VivoBook 15 (i3, 8GB, $450)",-1.158203125,-0.376953125
16,"Dell Inspiron 16 (i7, 16GB, $1100)","Lenovo IdeaPad 3 (i5, 8GB, $550)",-1.1474609375,-0.38232421875
16,"Dell Inspiron 16 (i7, 16GB, $1100)","HP Pavilion 15 (Ryzen 5, 8GB, $600)",-1.033203125,-0.439697265625
16,"Dell Inspiron 16 (i7, 16GB, $1100)","ASUS ZenBook 14 (i5, 16GB, $700)",-1.501953125,-0.251953125
16,"Dell Inspiron 16 (i7, 16GB, $1100)","Lenovo ThinkPad E14 (Ryzen 5, 16GB, $800)",-1.212890625,-0.35302734375
16,"Dell Inspiron 16 (i7, 16GB, $1100)","HP Spectre x360 (Ryzen 7, 32GB, $1200)",-1.3828125,-0.2890625
16,"Dell Inspiron 16 (i7, 16GB, $1100)","Dell XPS 15 (i7, 32GB, $1500)",-1.5263671875,-0.2451171875
16,"Dell Inspiron 16 (i7, 16GB, $1100)","Lenovo ThinkPad X1 Carbon (Ryzen 7, 32GB, $1400)",-1.37109375,-0.29296875
16,"Dell Inspiron 16 (i7, 16GB, $1100)","Apple MacBook Air M3 (M3, 16GB, $1800)",-1.1689453125,-0.3720703125
16,"Dell Inspiron 16 (i7, 16GB, $1100)","Apple MacBook Pro 14-inch (M3, 32GB, $2220)",-1.0634765625,-0.42333984375
16,"Dell Inspiron 16 (i7, 16GB, $1100)","Apple MacBook Pro 16-inch (M3, 64GB, $2800)",-1.033203125,-0.439697265625
16,"HP Spectre x360 (Ryzen 7, 32GB, $1200)","ASUS VivoBook 15 (i3, 8GB, $450)",-0.708984375,-0.677734375
16,"HP Spectre x360 (Ryzen 7, 32GB, $1200)","Lenovo IdeaPad 3 (i5, 8GB, $550)",-0.69384765625,-0.69384765625
16,"HP Spectre x360 (Ryzen 7, 32GB, $1200)","HP Pavilion 15 (Ryzen 5, 8GB, $600)",-0.8349609375,-0.5693359375
16,"HP Spectre x360 (Ryzen 7, 32GB, $1200)","ASUS ZenBook 14 (i5, 16GB, $700)",-0.96435546875,-0.47998046875
16,"HP Spectre x360 (Ryzen 7, 32GB, $1200)","Lenovo ThinkPad E14 (Ryzen 5, 16GB, $800)",-0.8349609375,-0.5693359375
16,"HP Spectre x360 (Ryzen 7, 32GB, $1200)","Dell Inspiron 16 (i7, 16GB, $1100)",-1.013671875,-0.450927734375
16,"HP Spectre x360 (Ryzen 7, 32GB, $1200)","Dell XPS 15 (i7, 32GB, $1500)",-1.0849609375,-0.41259765625
16,"HP Spectre x360 (Ryzen 7, 32GB, $1200)","Lenovo ThinkPad X1 Carbon (Ryzen 7, 32GB, $1400)",-1.10546875,-0.40234375
16,"HP Spectre x360 (Ryzen 7, 32GB, $1200)","Apple MacBook Air M3 (M3, 16GB, $1800)",-0.8349609375,-0.5693359375
16,"HP Spectre x360 (Ryzen 7, 32GB, $1200)","Apple MacBook Pro 14-inch (M3, 32GB, $2220)",-0.84375,-0.5625
16,"HP Spectre x360 (Ryzen 7, 32GB, $1200)","Apple MacBook Pro 16-inch (M3, 64GB, $2800)",-0.7578125,-0.6328125
16,"Dell XPS 15 (i7, 32GB, $1500)","ASUS VivoBook 15 (i3, 8GB, $450)",-1.013671875,-0.450927734375
16,"Dell XPS 15 (i7, 32GB, $1500)","Lenovo IdeaPad 3 (i5, 8GB, $550)",-1.00390625,-0.45703125
16,"Dell XPS 15 (i7, 32GB, $1500)","HP Pavilion 15 (Ryzen 5, 8GB, $600)",-0.92626953125,-0.50439453125
16,"Dell XPS 15 (i7, 32GB, $1500)","ASUS ZenBook 14 (i5, 16GB, $700)",-1.212890625,-0.35302734375
16,"Dell XPS 15 (i7, 32GB, $1500)","Lenovo ThinkPad E14 (Ryzen 5, 16GB, $800)",-1.013671875,-0.450927734375
16,"Dell XPS 15 (i7, 32GB, $1500)","Dell Inspiron 16 (i7, 16GB, $1100)",-1.279296875,-0.326171875
16,"Dell XPS 15 (i7, 32GB, $1500)","HP Spectre x360 (Ryzen 7, 32GB, $1200)",-1.07421875,-0.41796875
16,"Dell XPS 15 (i7, 32GB, $1500)","Lenovo ThinkPad X1 Carbon (Ryzen 7, 32GB, $1400)",-1.212890625,-0.35302734375
16,"Dell XPS 15 (i7, 32GB, $1500)","Apple MacBook Air M3 (M3, 16GB, $1800)",-0.95458984375,-0.486083984375
16,"Dell XPS 15 (i7, 32GB, $1500)","Apple MacBook Pro 14-inch (M3, 32GB, $2220)",-0.97412109375,-0.47412109375
16,"Dell XPS 15 (i7, 32GB, $1500)","Apple MacBook Pro 16-inch (M3, 64GB, $2800)",-0.92626953125,-0.50439453125
16,"Lenovo ThinkPad X1 Carbon (Ryzen 7, 32GB, $1400)","ASUS VivoBook 15 (i3, 8GB, $450)",-0.61083984375,-0.78271484375
16,"Lenovo ThinkPad X1 Carbon (Ryzen 7, 32GB, $1400)","Lenovo IdeaPad 3 (i5, 8GB, $550)",-0.75,-0.640625
16,"Lenovo ThinkPad X1 Carbon (Ryzen 7, 32GB, $1400)","HP Pavilion 15 (Ryzen 5, 8GB, $600)",-0.677734375,-0.708984375
16,"Lenovo ThinkPad X1 Carbon (Ryzen 7, 32GB, $1400)","ASUS ZenBook 14 (i5, 16GB, $700)",-0.84375,-0.5625
16,"Lenovo ThinkPad X1 Carbon (Ryzen 7, 32GB, $1400)","Lenovo ThinkPad E14 (Ryzen 5, 16GB, $800)",-0.86181640625,-0.54931640625
16,"Lenovo ThinkPad X1 Carbon (Ryzen 7, 32GB, $1400)","Dell Inspiron 16 (i7, 16GB, $1100)",-0.8798828125,-0.5361328125
16,"Lenovo ThinkPad X1 Carbon (Ryzen 7, 32GB, $1400)","HP Spectre x360 (Ryzen 7, 32GB, $1200)",-0.8525390625,-0.5556640625
16,"Lenovo ThinkPad X1 Carbon (Ryzen 7, 32GB, $1400)","Dell XPS 15 (i7, 32GB, $1500)",-0.98388671875,-0.46826171875
16,"Lenovo ThinkPad X1 Carbon (Ryzen 7, 32GB, $1400)","Apple MacBook Air M3 (M3, 16GB, $1800)",-0.6474609375,-0.7412109375
16,"Lenovo ThinkPad X1 Carbon (Ryzen 7, 32GB, $1400)","Apple MacBook Pro 14-inch (M3, 32GB, $2220)",-0.685546875,-0.701171875
16,"Lenovo ThinkPad X1 Carbon (Ryzen 7, 32GB, $1400)","Apple MacBook Pro 16-inch (M3, 64GB, $2800)",-0.6181640625,-0.7744140625
16,"Apple MacBook Air M3 (M3, 16GB, $1800)","ASUS VivoBook 15 (i3, 8GB, $450)",-0.8525390625,-0.5556640625
16,"Apple MacBook Air M3 (M3, 16GB, $1800)","Lenovo IdeaPad 3 (i5, 8GB, $550)",-0.8173828125,-0.5830078125
16,"Apple MacBook Air M3 (M3, 16GB, $1800)","HP Pavilion 15 (Ryzen 5, 8GB, $600)",-0.708984375,-0.677734375
16,"Apple MacBook Air M3 (M3, 16GB, $1800)","ASUS ZenBook 14 (i5, 16GB, $700)",-1.0947265625,-0.407470703125
16,"Apple MacBook Air M3 (M3, 16GB, $1800)","Lenovo ThinkPad E14 (Ryzen 5, 16GB, $800)",-0.826171875,-0.576171875
16,"Apple MacBook Air M3 (M3, 16GB, $1800)","Dell Inspiron 16 (i7, 16GB, $1100)",-1.00390625,-0.456787109375
16,"Apple MacBook Air M3 (M3, 16GB, $1800)","HP Spectre x360 (Ryzen 7, 32GB, $1200)",-0.86181640625,-0.54931640625
16,"Apple MacBook Air M3 (M3, 16GB, $1800)","Dell XPS 15 (i7, 32GB, $1500)",-0.98388671875,-0.46826171875
16,"Apple MacBook Air M3 (M3, 16GB, $1800)","Lenovo ThinkPad X1 Carbon (Ryzen 7, 32GB, $1400)",-0.97412109375,-0.47412109375
16,"Apple MacBook Air M3 (M3, 16GB, $1800)","Apple MacBook Pro 14-inch (M3, 32GB, $2220)",-1.234375,-0.343994140625
16,"Apple MacBook Air M3 (M3, 16GB, $1800)","Apple MacBook Pro 16-inch (M3, 64GB, $2800)",-1.13671875,-0.386962890625
16,"Apple MacBook Pro 14-inch (M3, 32GB, $2220)","ASUS VivoBook 15 (i3, 8GB, $450)",-0.61083984375,-0.78271484375
16,"Apple MacBook Pro 14-inch (M3, 32GB, $2220)","Lenovo IdeaPad 3 (i5, 8GB, $550)",-0.6181640625,-0.7744140625
16,"Apple MacBook Pro 14-inch (M3, 32GB, $2220)","HP Pavilion 15 (Ryzen 5, 8GB, $600)",-0.5693359375,-0.8349609375
16,"Apple MacBook Pro 14-inch (M3, 32GB, $2220)","ASUS ZenBook 14 (i5, 16GB, $700)",-0.7998046875,-0.5966796875
16,"Apple MacBook Pro 14-inch (M3, 32GB, $2220)","Lenovo ThinkPad E14 (Ryzen 5, 16GB, $800)",-0.693359375,-0.693359375
16,"Apple MacBook Pro 14-inch (M3, 32GB, $2220)","Dell Inspiron 16 (i7, 16GB, $1100)",-0.78271484375,-0.61083984375
16,"Apple MacBook Pro 14-inch (M3, 32GB, $2220)","HP Spectre x360 (Ryzen 7, 32GB, $1200)",-0.78271484375,-0.61083984375
16,"Apple MacBook Pro 14-inch (M3, 32GB, $2220)","Dell XPS 15 (i7, 32GB, $1500)",-0.86181640625,-0.54931640625
16,"Apple MacBook Pro 14-inch (M3, 32GB, $2220)","Lenovo ThinkPad X1 Carbon (Ryzen 7, 32GB, $1400)",-0.8984375,-0.5234375
16,"Apple MacBook Pro 14-inch (M3, 32GB, $2220)","Apple MacBook Air M3 (M3, 16GB, $1800)",-1.0234375,-0.4453125
16,"Apple MacBook Pro 14-inch (M3, 32GB, $2220)","Apple MacBook Pro 16-inch (M3, 64GB, $2800)",-1.0537109375,-0.4287109375
16,"Apple MacBook Pro 16-inch (M3, 64GB, $2800)","ASUS VivoBook 15 (i3, 8GB, $450)",-0.66259765625,-0.72509765625
16,"Apple MacBook Pro 16-inch (M3, 64GB, $2800)","Lenovo IdeaPad 3 (i5, 8GB, $550)",-0.685546875,-0.701171875
16,"Apple MacBook Pro 16-inch (M3, 64GB, $2800)","HP Pavilion 15 (Ryzen 5, 8GB, $600)",-0.6181640625,-0.7744140625
16,"Apple MacBook Pro 16-inch (M3, 64GB, $2800)","ASUS ZenBook 14 (i5, 16GB, $700)",-0.89794921875,-0.52294921875
16,"Apple MacBook Pro 16-inch (M3, 64GB, $2800)","Lenovo ThinkPad E14 (Ryzen 5, 16GB, $800)",-0.78271484375,-0.61083984375
16,"Apple MacBook Pro 16-inch (M3, 64GB, $2800)","Dell Inspiron 16 (i7, 16GB, $1100)",-0.8798828125,-0.5361328125
16,"Apple MacBook Pro 16-inch (M3, 64GB, $2800)","HP Spectre x360 (Ryzen 7, 32GB, $1200)",-0.79150390625,-0.60400390625
16,"Apple MacBook Pro 16-inch (M3, 64GB, $2800)","Dell XPS 15 (i7, 32GB, $1500)",-0.88916015625,-0.52978515625
16,"Apple MacBook Pro 16-inch (M3, 64GB, $2800)","Lenovo ThinkPad X1 Carbon (Ryzen 7, 32GB, $1400)",-0.92626953125,-0.50439453125
16,"Apple MacBook Pro 16-inch (M3, 64GB, $2800)","Apple MacBook Air M3 (M3, 16GB, $1800)",-1.2236328125,-0.348388671875
16,"Apple MacBook Pro 16-inch (M3, 64GB, $2800)","Apple MacBook Pro 14-inch (M3, 32GB, $2220)",-1.0947265625,-0.407470703125
17,"ASUS VivoBook 15 (i3, 8GB, $450)","Lenovo IdeaPad 3 (i5, 8GB, $550)",-1.4306640625,-0.274169921875
17,"ASUS VivoBook 15 (i3, 8GB, $450)","HP Pavilion 15 (Ryzen 5, 8GB, $600)",-1.513671875,-0.24853515625
17,"ASUS VivoBook 15 (i3, 8GB, $450)","ASUS ZenBook 14 (i5, 16GB, $700)",-1.84375,-0.1722412109375
17,"ASUS VivoBook 15 (i3, 8GB, $450)","Lenovo ThinkPad E14 (Ryzen 5, 16GB, $800)",-1.4296875,-0.273681640625
17,"ASUS VivoBook 15 (i3, 8GB, $450)","Dell Inspiron 16 (i7, 16GB, $1100)",-1.4541015625,-0.266357421875
17,"ASUS VivoBook 15 (i3, 8GB, $450)","HP Spectre x360 (Ryzen 7, 32GB, $1200)",-1.6259765625,-0.2193603515625
17,"ASUS VivoBook 15 (i3, 8GB, $450)","Dell XPS 15 (i7, 32GB, $1500)",-1.4775390625,-0.259033203125
17,"ASUS VivoBook 15 (i3, 8GB, $450)","Lenovo ThinkPad X1 Carbon (Ryzen 7, 32GB, $1400)",-1.4775390625,-0.259033203125
17,"ASUS VivoBook 15 (i3, 8GB, $450)","Apple MacBook Air M3 (M3, 16GB, $1800)",-1.359375,-0.296875
17,"ASUS VivoBook 15 (i3, 8GB, $450)","Apple MacBook Pro 14-inch (M3, 32GB, $2220)",-1.3134765625,-0.313232421875
17,"ASUS VivoBook 15 (i3, 8GB, $450)","Apple MacBook Pro 16-inch (M3, 64GB, $2800)",-1.267578125,-0.33056640625
17,"Lenovo IdeaPad 3 (i5, 8GB, $550)","ASUS VivoBook 15 (i3, 8GB, $450)",-1.5517578125,-0.2388916015625
17,"Lenovo IdeaPad 3 (i5, 8GB, $550)","HP Pavilion 15 (Ryzen 5, 8GB, $600)",-1.3955078125,-0.285888671875
17,"Lenovo IdeaPad 3 (i5, 8GB, $550)","ASUS ZenBook 14 (i5, 16GB, $700)",-1.7919921875,-0.182861328125
17,"Lenovo IdeaPad 3 (i5, 8GB, $550)","Lenovo ThinkPad E14 (Ryzen 5, 16GB, $800)",-1.5400390625,-0.2432861328125
17,"Lenovo IdeaPad 3 (i5, 8GB, $550)","Dell Inspiron 16 (i7, 16GB, $1100)",-1.4423828125,-0.270751953125
17,"Lenovo IdeaPad 3 (i5, 8GB, $550)","HP Spectre x360 (Ryzen 7, 32GB, $1200)",-1.52734375,-0.2464599609375
17,"Lenovo IdeaPad 3 (i5, 8GB, $550)","Dell XPS 15 (i7, 32GB, $1500)",-1.4912109375,-0.2568359375
17,"Lenovo IdeaPad 3 (i5, 8GB, $550)","Lenovo ThinkPad X1 Carbon (Ryzen 7, 32GB, $1400)",-1.6142578125,-0.2237548828125
17,"Lenovo IdeaPad 3 (i5, 8GB, $550)","Apple MacBook Air M3 (M3, 16GB, $1800)",-1.302734375,-0.318115234375
17,"Lenovo IdeaPad 3 (i5, 8GB, $550)","Apple MacBook Pro 14-inch (M3, 32GB, $2220)",-1.2353515625,-0.3447265625
17,"Lenovo IdeaPad 3 (i5, 8GB, $550)","Apple MacBook Pro 16-inch (M3, 64GB, $2800)",-1.19140625,-0.36328125
17,"HP Pavilion 15 (Ryzen 5, 8GB, $600)","ASUS VivoBook 15 (i3, 8GB, $450)",-1.6005859375,-0.2254638671875
17,"HP Pavilion 15 (Ryzen 5, 8GB, $600)","Lenovo IdeaPad 3 (i5, 8GB, $550)",-1.482421875,-0.263671875
17,"HP Pavilion 15 (Ryzen 5, 8GB, $600)","ASUS ZenBook 14 (i5, 16GB, $700)",-1.9638671875,-0.1512451171875
17,"HP Pavilion 15 (Ryzen 5, 8GB, $600)","Lenovo ThinkPad E14 (Ryzen 5, 16GB, $800)",-1.5390625,-0.2418212890625
17,"HP Pavilion 15 (Ryzen 5, 8GB, $600)","Dell Inspiron 16 (i7, 16GB, $1100)",-1.55078125,-0.2384033203125
17,"HP Pavilion 15 (Ryzen 5, 8GB, $600)","HP Spectre x360 (Ryzen 7, 32GB, $1200)",-1.9375,-0.15625
17,"HP Pavilion 15 (Ryzen 5, 8GB, $600)","Dell XPS 15 (i7, 32GB, $1500)",-1.587890625,-0.2286376953125
17,"HP Pavilion 15 (Ryzen 5, 8GB, $600)","Lenovo ThinkPad X1 Carbon (Ryzen 7, 32GB, $1400)",-1.587890625,-0.2286376953125
17,"HP Pavilion 15 (Ryzen 5, 8GB, $600)","Apple MacBook Air M3 (M3, 16GB, $1800)",-1.4658203125,-0.2626953125
17,"HP Pavilion 15 (Ryzen 5, 8GB, $600)","Apple MacBook Pro 14-inch (M3, 32GB, $2220)",-1.39453125,-0.28515625
17,"HP Pavilion 15 (Ryzen 5, 8GB, $600)","Apple MacBook Pro 16-inch (M3, 64GB, $2800)",-1.37109375,-0.29296875
17,"ASUS ZenBook 14 (i5, 16GB, $700)","ASUS VivoBook 15 (i3, 8GB, $450)",-1.44140625,-0.27001953125
17,"ASUS ZenBook 14 (i5, 16GB, $700)","Lenovo IdeaPad 3 (i5, 8GB, $550)",-1.408203125,-0.283203125
17,"ASUS ZenBook 14 (i5, 16GB, $700)","HP Pavilion 15 (Ryzen 5, 8GB, $600)",-1.4775390625,-0.259033203125
17,"ASUS ZenBook 14 (i5, 16GB, $700)","Lenovo ThinkPad E14 (Ryzen 5, 16GB, $800)",-1.501953125,-0.251953125
17,"ASUS ZenBook 14 (i5, 16GB, $700)","Dell Inspiron 16 (i7, 16GB, $1100)",-1.513671875,-0.24853515625
17,"ASUS ZenBook 14 (i5, 16GB, $700)","HP Spectre x360 (Ryzen 7, 32GB, $1200)",-1.7275390625,-0.196044921875
17,"ASUS ZenBook 14 (i5, 16GB, $700)","Dell XPS 15 (i7, 32GB, $1500)",-1.5146484375,-0.24853515625
17,"ASUS ZenBook 14 (i5, 16GB, $700)","Lenovo ThinkPad X1 Carbon (Ryzen 7, 32GB, $1400)",-1.5390625,-0.24169921875
17,"ASUS ZenBook 14 (i5, 16GB, $700)","Apple MacBook Air M3 (M3, 16GB, $1800)",-1.40625,-0.28125
17,"ASUS ZenBook 14 (i5, 16GB, $700)","Apple MacBook Pro 14-inch (M3, 32GB, $2220)",-1.34765625,-0.301025390625
17,"ASUS ZenBook 14 (i5, 16GB, $700)","Apple MacBook Pro 16-inch (M3, 64GB, $2800)",-1.3017578125,-0.317626953125
17,"Lenovo ThinkPad E14 (Ryzen 5, 16GB, $800)","ASUS VivoBook 15 (i3, 8GB, $450)",-1.291015625,-0.32177734375
17,"Lenovo ThinkPad E14 (Ryzen 5, 16GB, $800)","Lenovo IdeaPad 3 (i5, 8GB, $550)",-1.30859375,-0.324462890625
17,"Lenovo ThinkPad E14 (Ryzen 5, 16GB, $800)","HP Pavilion 15 (Ryzen 5, 8GB, $600)",-1.279296875,-0.326171875
17,"Lenovo ThinkPad E14 (Ryzen 5, 16GB, $800)","ASUS ZenBook 14 (i5, 16GB, $700)",-1.6376953125,-0.2161865234375
17,"Lenovo ThinkPad E14 (Ryzen 5, 16GB, $800)","Dell Inspiron 16 (i7, 16GB, $1100)",-1.34765625,-0.301025390625
17,"Lenovo ThinkPad E14 (Ryzen 5, 16GB, $800)","HP Spectre x360 (Ryzen 7, 32GB, $1200)",-1.39453125,-0.28515625
17,"Lenovo ThinkPad E14 (Ryzen 5, 16GB, $800)","Dell XPS 15 (i7, 32GB, $1500)",-1.34765625,-0.301025390625
17,"Lenovo ThinkPad E14 (Ryzen 5, 16GB, $800)","Lenovo ThinkPad X1 Carbon (Ryzen 7, 32GB, $1400)",-1.39453125,-0.28515625
17,"Lenovo ThinkPad E14 (Ryzen 5, 16GB, $800)","Apple MacBook Air M3 (M3, 16GB, $1800)",-1.212890625,-0.35302734375
17,"Lenovo ThinkPad E14 (Ryzen 5, 16GB, $800)","Apple MacBook Pro 14-inch (M3, 32GB, $2220)",-1.10546875,-0.40234375
17,"Lenovo ThinkPad E14 (Ryzen 5, 16GB, $800)","Apple MacBook Pro 16-inch (M3, 64GB, $2800)",-1.0849609375,-0.41259765625
17,"Dell Inspiron 16 (i7, 16GB, $1100)","ASUS VivoBook 15 (i3, 8GB, $450)",-1.5263671875,-0.2451171875
17,"Dell Inspiron 16 (i7, 16GB, $1100)","Lenovo IdeaPad 3 (i5, 8GB, $550)",-1.3974609375,-0.288330078125
17,"Dell Inspiron 16 (i7, 16GB, $1100)","HP Pavilion 15 (Ryzen 5, 8GB, $600)",-1.40625,-0.28125
17,"Dell Inspiron 16 (i7, 16GB, $1100)","ASUS ZenBook 14 (i5, 16GB, $700)",-1.8701171875,-0.1673583984375
17,"Dell Inspiron 16 (i7, 16GB, $1100)","Lenovo ThinkPad E14 (Ryzen 5, 16GB, $800)",-1.4541015625,-0.266357421875
17,"Dell Inspiron 16 (i7, 16GB, $1100)","HP Spectre x360 (Ryzen 7, 32GB, $1200)",-1.740234375,-0.193359375
17,"Dell Inspiron 16 (i7, 16GB, $1100)","Dell XPS 15 (i7, 32GB, $1500)",-1.765625,-0.187744140625
17,"Dell Inspiron 16 (i7, 16GB, $1100)","Lenovo ThinkPad X1 Carbon (Ryzen 7, 32GB, $1400)",-1.6005859375,-0.2254638671875
17,"Dell Inspiron 16 (i7, 16GB, $1100)","Apple MacBook Air M3 (M3, 16GB, $1800)",-1.5390625,-0.24169921875
17,"Dell Inspiron 16 (i7, 16GB, $1100)","Apple MacBook Pro 14-inch (M3, 32GB, $2220)",-1.4296875,-0.273681640625
17,"Dell Inspiron 16 (i7, 16GB, $1100)","Apple MacBook Pro 16-inch (M3, 64GB, $2800)",-1.4296875,-0.273681640625
17,"HP Spectre x360 (Ryzen 7, 32GB, $1200)","ASUS VivoBook 15 (i3, 8GB, $450)",-1.1796875,-0.367431640625
17,"HP Spectre x360 (Ryzen 7, 32GB, $1200)","Lenovo IdeaPad 3 (i5, 8GB, $550)",-1.1181640625,-0.399658203125
17,"HP Spectre x360 (Ryzen 7, 32GB, $1200)","HP Pavilion 15 (Ryzen 5, 8GB, $600)",-1.2021484375,-0.358154296875
17,"HP Spectre x360 (Ryzen 7, 32GB, $1200)","ASUS ZenBook 14 (i5, 16GB, $700)",-1.41796875,-0.277587890625
17,"HP Spectre x360 (Ryzen 7, 32GB, $1200)","Lenovo ThinkPad E14 (Ryzen 5, 16GB, $800)",-1.158203125,-0.37744140625
17,"HP Spectre x360 (Ryzen 7, 32GB, $1200)","Dell Inspiron 16 (i7, 16GB, $1100)",-1.3134765625,-0.3134765625
17,"HP Spectre x360 (Ryzen 7, 32GB, $1200)","Dell XPS 15 (i7, 32GB, $1500)",-1.39453125,-0.285400390625
17,"HP Spectre x360 (Ryzen 7, 32GB, $1200)","Lenovo ThinkPad X1 Carbon (Ryzen 7, 32GB, $1400)",-1.37109375,-0.29296875
17,"HP Spectre x360 (Ryzen 7, 32GB, $1200)","Apple MacBook Air M3 (M3, 16GB, $1800)",-1.279296875,-0.326416015625
17,"HP Spectre x360 (Ryzen 7, 32GB, $1200)","Apple MacBook Pro 14-inch (M3, 32GB, $2220)",-1.234375,-0.34423828125
17,"HP Spectre x360 (Ryzen 7, 32GB, $1200)","Apple MacBook Pro 16-inch (M3, 64GB, $2800)",-1.1796875,-0.367431640625
17,"Dell XPS 15 (i7, 32GB, $1500)","ASUS VivoBook 15 (i3, 8GB, $450)",-1.39453125,-0.28515625
17,"Dell XPS 15 (i7, 32GB, $1500)","Lenovo IdeaPad 3 (i5, 8GB, $550)",-1.2587890625,-0.337158203125
17,"Dell XPS 15 (i7, 32GB, $1500)","HP Pavilion 15 (Ryzen 5, 8GB, $600)",-1.3134765625,-0.3134765625
17,"Dell XPS 15 (i7, 32GB, $1500)","ASUS ZenBook 14 (i5, 16GB, $700)",-1.6005859375,-0.2254638671875
17,"Dell XPS 15 (i7, 32GB, $1500)","Lenovo ThinkPad E14 (Ryzen 5, 16GB, $800)",-1.279296875,-0.326171875
17,"Dell XPS 15 (i7, 32GB, $1500)","Dell Inspiron 16 (i7, 16GB, $1100)",-1.501953125,-0.251953125
17,"Dell XPS 15 (i7, 32GB, $1500)","HP Spectre x360 (Ryzen 7, 32GB, $1200)",-1.4296875,-0.27392578125
17,"Dell XPS 15 (i7, 32GB, $1500)","Lenovo ThinkPad X1 Carbon (Ryzen 7, 32GB, $1400)",-1.41796875,-0.277587890625
17,"Dell XPS 15 (i7, 32GB, $1500)","Apple MacBook Air M3 (M3, 16GB, $1800)",-1.3134765625,-0.3134765625
17,"Dell XPS 15 (i7, 32GB, $1500)","Apple MacBook Pro 14-inch (M3, 32GB, $2220)",-1.3134765625,-0.3134765625
17,"Dell XPS 15 (i7, 32GB, $1500)","Apple MacBook Pro 16-inch (M3, 64GB, $2800)",-1.279296875,-0.326171875
17,"Lenovo ThinkPad X1 Carbon (Ryzen 7, 32GB, $1400)","ASUS VivoBook 15 (i3, 8GB, $450)",-1.10546875,-0.402099609375
17,"Lenovo ThinkPad X1 Carbon (Ryzen 7, 32GB, $1400)","Lenovo IdeaPad 3 (i5, 8GB, $550)",-1.09765625,-0.409912109375
17,"Lenovo ThinkPad X1 Carbon (Ryzen 7, 32GB, $1400)","HP Pavilion 15 (Ryzen 5, 8GB, $600)",-1.07421875,-0.41796875
17,"Lenovo ThinkPad X1 Carbon (Ryzen 7, 32GB, $1400)","ASUS ZenBook 14 (i5, 16GB, $700)",-1.34765625,-0.301025390625
17,"Lenovo ThinkPad X1 Carbon (Ryzen 7, 32GB, $1400)","Lenovo ThinkPad E14 (Ryzen 5, 16GB, $800)",-1.1162109375,-0.397216796875
17,"Lenovo ThinkPad X1 Carbon (Ryzen 7, 32GB, $1400)","Dell Inspiron 16 (i7, 16GB, $1100)",-1.1904296875,-0.362548828125
17,"Lenovo ThinkPad X1 Carbon (Ryzen 7, 32GB, $1400)","HP Spectre x360 (Ryzen 7, 32GB, $1200)",-1.2236328125,-0.3486328125
17,"Lenovo ThinkPad X1 Carbon (Ryzen 7, 32GB, $1400)","Dell XPS 15 (i7, 32GB, $1500)",-1.291015625,-0.32177734375
17,"Lenovo ThinkPad X1 Carbon (Ryzen 7, 32GB, $1400)","Apple MacBook Air M3 (M3, 16GB, $1800)",-1.0947265625,-0.407470703125
17,"Lenovo ThinkPad X1 Carbon (Ryzen 7, 32GB, $1400)","Apple MacBook Pro 14-inch (M3, 32GB, $2220)",-1.0537109375,-0.4287109375
17,"Lenovo ThinkPad X1 Carbon (Ryzen 7, 32GB, $1400)","Apple MacBook Pro 16-inch (M3, 64GB, $2800)",-1.00390625,-0.456787109375
17,"Apple MacBook Air M3 (M3, 16GB, $1800)","ASUS VivoBook 15 (i3, 8GB, $450)",-1.291015625,-0.32177734375
17,"Apple MacBook Air M3 (M3, 16GB, $1800)","Lenovo IdeaPad 3 (i5, 8GB, $550)",-1.181640625,-0.369140625
17,"Apple MacBook Air M3 (M3, 16GB, $1800)","HP Pavilion 15 (Ryzen 5, 8GB, $600)",-1.1689453125,-0.372314453125
17,"Apple MacBook Air M3 (M3, 16GB, $1800)","ASUS ZenBook 14 (i5, 16GB, $700)",-1.5390625,-0.2418212890625
17,"Apple MacBook Air M3 (M3, 16GB, $1800)","Lenovo ThinkPad E14 (Ryzen 5, 16GB, $800)",-1.1904296875,-0.362548828125
17,"Apple MacBook Air M3 (M3, 16GB, $1800)","Dell Inspiron 16 (i7, 16GB, $1100)",-1.3134765625,-0.3134765625
17,"Apple MacBook Air M3 (M3, 16GB, $1800)","HP Spectre x360 (Ryzen 7, 32GB, $1200)",-1.3017578125,-0.317626953125
17,"Apple MacBook Air M3 (M3, 16GB, $1800)","Dell XPS 15 (i7, 32GB, $1500)",-1.3359375,-0.30517578125
17,"Apple MacBook Air M3 (M3, 16GB, $1800)","Lenovo ThinkPad X1 Carbon (Ryzen 7, 32GB, $1400)",-1.3251953125,-0.309326171875
17,"Apple MacBook Air M3 (M3, 16GB, $1800)","Apple MacBook Pro 14-inch (M3, 32GB, $2220)",-1.6005859375,-0.2255859375
17,"Apple MacBook Air M3 (M3, 16GB, $1800)","Apple MacBook Pro 16-inch (M3, 64GB, $2800)",-1.5263671875,-0.2451171875
17,"Apple MacBook Pro 14-inch (M3, 32GB, $2220)","ASUS VivoBook 15 (i3, 8GB, $450)",-1.0849609375,-0.41259765625
17,"Apple MacBook Pro 14-inch (M3, 32GB, $2220)","Lenovo IdeaPad 3 (i5, 8GB, $550)",-0.9658203125,-0.481689453125
17,"Apple MacBook Pro 14-inch (M3, 32GB, $2220)","HP Pavilion 15 (Ryzen 5, 8GB, $600)",-1.0439453125,-0.434326171875
17,"Apple MacBook Pro 14-inch (M3, 32GB, $2220)","ASUS ZenBook 14 (i5, 16GB, $700)",-1.3359375,-0.304931640625
17,"Apple MacBook Pro 14-inch (M3, 32GB, $2220)","Lenovo ThinkPad E14 (Ryzen 5, 16GB, $800)",-1.0234375,-0.445556640625
17,"Apple MacBook Pro 14-inch (M3, 32GB, $2220)","Dell Inspiron 16 (i7, 16GB, $1100)",-1.1259765625,-0.39208984375
17,"Apple MacBook Pro 14-inch (M3, 32GB, $2220)","HP Spectre x360 (Ryzen 7, 32GB, $1200)",-1.1689453125,-0.372314453125
17,"Apple MacBook Pro 14-inch (M3, 32GB, $2220)","Dell XPS 15 (i7, 32GB, $1500)",-1.201171875,-0.35791015625
17,"Apple MacBook Pro 14-inch (M3, 32GB, $2220)","Lenovo ThinkPad X1 Carbon (Ryzen 7, 32GB, $1400)",-1.1689453125,-0.372314453125
17,"Apple MacBook Pro 14-inch (M3, 32GB, $2220)","Apple MacBook Air M3 (M3, 16GB, $1800)",-1.3251953125,-0.30908203125
17,"Apple MacBook Pro 14-inch (M3, 32GB, $2220)","Apple MacBook Pro 16-inch (M3, 64GB, $2800)",-1.37109375,-0.29296875
17,"Apple MacBook Pro 16-inch (M3, 64GB, $2800)","ASUS VivoBook 15 (i3, 8GB, $450)",-1.1162109375,-0.39697265625
17,"Apple MacBook Pro 16-inch (M3, 64GB, $2800)","Lenovo IdeaPad 3 (i5, 8GB, $550)",-1.025390625,-0.44775390625
17,"Apple MacBook Pro 16-inch (M3, 64GB, $2800)","HP Pavilion 15 (Ryzen 5, 8GB, $600)",-1.07421875,-0.41796875
17,"Apple MacBook Pro 16-inch (M3, 64GB, $2800)","ASUS ZenBook 14 (i5, 16GB, $700)",-1.39453125,-0.28515625
17,"Apple MacBook Pro 16-inch (M3, 64GB, $2800)","Lenovo ThinkPad E14 (Ryzen 5, 16GB, $800)",-1.0537109375,-0.428955078125
17,"Apple MacBook Pro 16-inch (M3, 64GB, $2800)","Dell Inspiron 16 (i7, 16GB, $1100)",-1.212890625,-0.353271484375
17,"Apple MacBook Pro 16-inch (M3, 64GB, $2800)","HP Spectre x360 (Ryzen 7, 32GB, $1200)",-1.1904296875,-0.36279296875
17,"Apple MacBook Pro 16-inch (M3, 64GB, $2800)","Dell XPS 15 (i7, 32GB, $1500)",-1.2236328125,-0.3486328125
17,"Apple MacBook Pro 16-inch (M3, 64GB, $2800)","Lenovo ThinkPad X1 Carbon (Ryzen 7, 32GB, $1400)",-1.212890625,-0.353271484375
17,"Apple MacBook Pro 16-inch (M3, 64GB, $2800)","Apple MacBook Air M3 (M3, 16GB, $1800)",-1.4658203125,-0.2626953125
17,"Apple MacBook Pro 16-inch (M3, 64GB, $2800)","Apple MacBook Pro 14-inch (M3, 32GB, $2220)",-1.3828125,-0.2890625
18,"ASUS VivoBook 15 (i3, 8GB, $450)","Lenovo IdeaPad 3 (i5, 8GB, $550)",-1.7275390625,-0.1962890625
18,"ASUS VivoBook 15 (i3, 8GB, $450)","HP Pavilion 15 (Ryzen 5, 8GB, $600)",-1.8310546875,-0.1746826171875
18,"ASUS VivoBook 15 (i3, 8GB, $450)","ASUS ZenBook 14 (i5, 16GB, $700)",-2.392578125,-0.09588623046875
18,"ASUS VivoBook 15 (i3, 8GB, $450)","Lenovo ThinkPad E14 (Ryzen 5, 16GB, $800)",-1.740234375,-0.193115234375
18,"ASUS VivoBook 15 (i3, 8GB, $450)","Dell Inspiron 16 (i7, 16GB, $1100)",-1.7783203125,-0.18505859375
18,"ASUS VivoBook 15 (i3, 8GB, $450)","HP Spectre x360 (Ryzen 7, 32GB, $1200)",-1.9775390625,-0.149169921875
18,"ASUS VivoBook 15 (i3, 8GB, $450)","Dell XPS 15 (i7, 32GB, $1500)",-1.84375,-0.1722412109375
18,"ASUS VivoBook 15 (i3, 8GB, $450)","Lenovo ThinkPad X1 Carbon (Ryzen 7, 32GB, $1400)",-1.84375,-0.1722412109375
18,"ASUS VivoBook 15 (i3, 8GB, $450)","Apple MacBook Air M3 (M3, 16GB, $1800)",-1.740234375,-0.193115234375
18,"ASUS VivoBook 15 (i3, 8GB, $450)","Apple MacBook Pro 14-inch (M3, 32GB, $2220)",-1.67578125,-0.207275390625
18,"ASUS VivoBook 15 (i3, 8GB, $450)","Apple MacBook Pro 16-inch (M3, 64GB, $2800)",-1.6259765625,-0.21923828125
18,"Lenovo IdeaPad 3 (i5, 8GB, $550)","ASUS VivoBook 15 (i3, 8GB, $450)",-1.923828125,-0.158447265625
18,"Lenovo IdeaPad 3 (i5, 8GB, $550)","HP Pavilion 15 (Ryzen 5, 8GB, $600)",-1.75390625,-0.1912841796875
18,"Lenovo IdeaPad 3 (i5, 8GB, $550)","ASUS ZenBook 14 (i5, 16GB, $700)",-2.3515625,-0.100830078125
18,"Lenovo IdeaPad 3 (i5, 8GB, $550)","Lenovo ThinkPad E14 (Ryzen 5, 16GB, $800)",-2.033203125,-0.1424560546875
18,"Lenovo IdeaPad 3 (i5, 8GB, $550)","Dell Inspiron 16 (i7, 16GB, $1100)",-1.87109375,-0.1683349609375
18,"Lenovo IdeaPad 3 (i5, 8GB, $550)","HP Spectre x360 (Ryzen 7, 32GB, $1200)",-1.912109375,-0.16162109375
18,"Lenovo IdeaPad 3 (i5, 8GB, $550)","Dell XPS 15 (i7, 32GB, $1500)",-1.978515625,-0.150390625
18,"Lenovo IdeaPad 3 (i5, 8GB, $550)","Lenovo ThinkPad X1 Carbon (Ryzen 7, 32GB, $1400)",-2.169921875,-0.12335205078125
18,"Lenovo IdeaPad 3 (i5, 8GB, $550)","Apple MacBook Air M3 (M3, 16GB, $1800)",-1.740234375,-0.19384765625
18,"Lenovo IdeaPad 3 (i5, 8GB, $550)","Apple MacBook Pro 14-inch (M3, 32GB, $2220)",-1.6142578125,-0.22314453125
18,"Lenovo IdeaPad 3 (i5, 8GB, $550)","Apple MacBook Pro 16-inch (M3, 64GB, $2800)",-1.5517578125,-0.2391357421875
18,"HP Pavilion 15 (Ryzen 5, 8GB, $600)","ASUS VivoBook 15 (i3, 8GB, $450)",-1.857421875,-0.1697998046875
18,"HP Pavilion 15 (Ryzen 5, 8GB, $600)","Lenovo IdeaPad 3 (i5, 8GB, $550)",-1.7451171875,-0.1981201171875
18,"HP Pavilion 15 (Ryzen 5, 8GB, $600)","ASUS ZenBook 14 (i5, 16GB, $700)",-2.46484375,-0.0889892578125
18,"HP Pavilion 15 (Ryzen 5, 8GB, $600)","Lenovo ThinkPad E14 (Ryzen 5, 16GB, $800)",-1.8046875,-0.179931640625
18,"HP Pavilion 15 (Ryzen 5, 8GB, $600)","Dell Inspiron 16 (i7, 16GB, $1100)",-1.91015625,-0.1602783203125
18,"HP Pavilion 15 (Ryzen 5, 8GB, $600)","HP Spectre x360 (Ryzen 7, 32GB, $1200)",-2.5078125,-0.0859375
18,"HP Pavilion 15 (Ryzen 5, 8GB, $600)","Dell XPS 15 (i7, 32GB, $1500)",-1.9912109375,-0.1470947265625
18,"HP Pavilion 15 (Ryzen 5, 8GB, $600)","Lenovo ThinkPad X1 Carbon (Ryzen 7, 32GB, $1400)",-1.9638671875,-0.1513671875
18,"HP Pavilion 15 (Ryzen 5, 8GB, $600)","Apple MacBook Air M3 (M3, 16GB, $1800)",-1.8701171875,-0.1673583984375
18,"HP Pavilion 15 (Ryzen 5, 8GB, $600)","Apple MacBook Pro 14-inch (M3, 32GB, $2220)",-1.740234375,-0.193115234375
18,"HP Pavilion 15 (Ryzen 5, 8GB, $600)","Apple MacBook Pro 16-inch (M3, 64GB, $2800)",-1.701171875,-0.2015380859375
18,"ASUS ZenBook 14 (i5, 16GB, $700)","ASUS VivoBook 15 (i3, 8GB, $450)",-1.7529296875,-0.1904296875
18,"ASUS ZenBook 14 (i5, 16GB, $700)","Lenovo IdeaPad 3 (i5, 8GB, $550)",-1.626953125,-0.2205810546875
18,"ASUS ZenBook 14 (i5, 16GB, $700)","HP Pavilion 15 (Ryzen 5, 8GB, $600)",-1.765625,-0.1876220703125
18,"ASUS ZenBook 14 (i5, 16GB, $700)","Lenovo ThinkPad E14 (Ryzen 5, 16GB, $800)",-1.818359375,-0.17724609375
18,"ASUS ZenBook 14 (i5, 16GB, $700)","Dell Inspiron 16 (i7, 16GB, $1100)",-1.8701171875,-0.1673583984375
18,"ASUS ZenBook 14 (i5, 16GB, $700)","HP Spectre x360 (Ryzen 7, 32GB, $1200)",-2.0859375,-0.1328125
18,"ASUS ZenBook 14 (i5, 16GB, $700)","Dell XPS 15 (i7, 32GB, $1500)",-1.91015625,-0.1602783203125
18,"ASUS ZenBook 14 (i5, 16GB, $700)","Lenovo ThinkPad X1 Carbon (Ryzen 7, 32GB, $1400)",-1.8837890625,-0.1650390625
18,"ASUS ZenBook 14 (i5, 16GB, $700)","Apple MacBook Air M3 (M3, 16GB, $1800)",-1.8173828125,-0.17724609375
18,"ASUS ZenBook 14 (i5, 16GB, $700)","Apple MacBook Pro 14-inch (M3, 32GB, $2220)",-1.701171875,-0.2015380859375
18,"ASUS ZenBook 14 (i5, 16GB, $700)","Apple MacBook Pro 16-inch (M3, 64GB, $2800)",-1.650390625,-0.213134765625
18,"Lenovo ThinkPad E14 (Ryzen 5, 16GB, $800)","ASUS VivoBook 15 (i3, 8GB, $450)",-1.4658203125,-0.2626953125
18,"Lenovo ThinkPad E14 (Ryzen 5, 16GB, $800)","Lenovo IdeaPad 3 (i5, 8GB, $550)",-1.5693359375,-0.2410888671875
18,"Lenovo ThinkPad E14 (Ryzen 5, 16GB, $800)","HP Pavilion 15 (Ryzen 5, 8GB, $600)",-1.4541015625,-0.266357421875
18,"Lenovo ThinkPad E14 (Ryzen 5, 16GB, $800)","ASUS ZenBook 14 (i5, 16GB, $700)",-1.9638671875,-0.1512451171875
18,"Lenovo ThinkPad E14 (Ryzen 5, 16GB, $800)","Dell Inspiron 16 (i7, 16GB, $1100)",-1.6005859375,-0.2254638671875
18,"Lenovo ThinkPad E14 (Ryzen 5, 16GB, $800)","HP Spectre x360 (Ryzen 7, 32GB, $1200)",-1.7021484375,-0.20166015625
18,"Lenovo ThinkPad E14 (Ryzen 5, 16GB, $800)","Dell XPS 15 (i7, 32GB, $1500)",-1.650390625,-0.2132568359375
18,"Lenovo ThinkPad E14 (Ryzen 5, 16GB, $800)","Lenovo ThinkPad X1 Carbon (Ryzen 7, 32GB, $1400)",-1.7919921875,-0.1824951171875
18,"Lenovo ThinkPad E14 (Ryzen 5, 16GB, $800)","Apple MacBook Air M3 (M3, 16GB, $1800)",-1.5263671875,-0.2451171875
18,"Lenovo ThinkPad E14 (Ryzen 5, 16GB, $800)","Apple MacBook Pro 14-inch (M3, 32GB, $2220)",-1.3251953125,-0.30908203125
18,"Lenovo ThinkPad E14 (Ryzen 5, 16GB, $800)","Apple MacBook Pro 16-inch (M3, 64GB, $2800)",-1.3134765625,-0.313232421875
18,"Dell Inspiron 16 (i7, 16GB, $1100)","ASUS VivoBook 15 (i3, 8GB, $450)",-1.818359375,-0.17724609375
18,"Dell Inspiron 16 (i7, 16GB, $1100)","Lenovo IdeaPad 3 (i5, 8GB, $550)",-1.6787109375,-0.2099609375
18,"Dell Inspiron 16 (i7, 16GB, $1100)","HP Pavilion 15 (Ryzen 5, 8GB, $600)",-1.701171875,-0.2015380859375
18,"Dell Inspiron 16 (i7, 16GB, $1100)","ASUS ZenBook 14 (i5, 16GB, $700)",-2.349609375,-0.10028076171875
18,"Dell Inspiron 16 (i7, 16GB, $1100)","Lenovo ThinkPad E14 (Ryzen 5, 16GB, $800)",-1.765625,-0.187744140625
18,"Dell Inspiron 16 (i7, 16GB, $1100)","HP Spectre x360 (Ryzen 7, 32GB, $1200)",-2.154296875,-0.1236572265625
18,"Dell Inspiron 16 (i7, 16GB, $1100)","Dell XPS 15 (i7, 32GB, $1500)",-2.349609375,-0.10040283203125
18,"Dell Inspiron 16 (i7, 16GB, $1100)","Lenovo ThinkPad X1 Carbon (Ryzen 7, 32GB, $1400)",-2.03125,-0.1407470703125
18,"Dell Inspiron 16 (i7, 16GB, $1100)","Apple MacBook Air M3 (M3, 16GB, $1800)",-2.044921875,-0.138671875
18,"Dell Inspiron 16 (i7, 16GB, $1100)","Apple MacBook Pro 14-inch (M3, 32GB, $2220)",-1.84375,-0.1722412109375
18,"Dell Inspiron 16 (i7, 16GB, $1100)","Apple MacBook Pro 16-inch (M3, 64GB, $2800)",-1.84375,-0.1722412109375
18,"HP Spectre x360 (Ryzen 7, 32GB, $1200)","ASUS VivoBook 15 (i3, 8GB, $450)",-1.1689453125,-0.372314453125
18,"HP Spectre x360 (Ryzen 7, 32GB, $1200)","Lenovo IdeaPad 3 (i5, 8GB, $550)",-1.0966796875,-0.4091796875
18,"HP Spectre x360 (Ryzen 7, 32GB, $1200)","HP Pavilion 15 (Ryzen 5, 8GB, $600)",-1.3017578125,-0.31787109375
18,"HP Spectre x360 (Ryzen 7, 32GB, $1200)","ASUS ZenBook 14 (i5, 16GB, $700)",-1.501953125,-0.252197265625
18,"HP Spectre x360 (Ryzen 7, 32GB, $1200)","Lenovo ThinkPad E14 (Ryzen 5, 16GB, $800)",-1.2568359375,-0.335205078125
18,"HP Spectre x360 (Ryzen 7, 32GB, $1200)","Dell Inspiron 16 (i7, 16GB, $1100)",-1.40625,-0.281494140625
18,"HP Spectre x360 (Ryzen 7, 32GB, $1200)","Dell XPS 15 (i7, 32GB, $1500)",-1.576171875,-0.2322998046875
18,"HP Spectre x360 (Ryzen 7, 32GB, $1200)","Lenovo ThinkPad X1 Carbon (Ryzen 7, 32GB, $1400)",-1.55078125,-0.2386474609375
18,"HP Spectre x360 (Ryzen 7, 32GB, $1200)","Apple MacBook Air M3 (M3, 16GB, $1800)",-1.4541015625,-0.2666015625
18,"HP Spectre x360 (Ryzen 7, 32GB, $1200)","Apple MacBook Pro 14-inch (M3, 32GB, $2220)",-1.40625,-0.281494140625
18,"HP Spectre x360 (Ryzen 7, 32GB, $1200)","Apple MacBook Pro 16-inch (M3, 64GB, $2800)",-1.3369140625,-0.30517578125
18,"Dell XPS 15 (i7, 32GB, $1500)","ASUS VivoBook 15 (i3, 8GB, $450)",-1.6259765625,-0.21923828125
18,"Dell XPS 15 (i7, 32GB, $1500)","Lenovo IdeaPad 3 (i5, 8GB, $550)",-1.466796875,-0.263916015625
18,"Dell XPS 15 (i7, 32GB, $1500)","HP Pavilion 15 (Ryzen 5, 8GB, $600)",-1.61328125,-0.222412109375
18,"Dell XPS 15 (i7, 32GB, $1500)","ASUS ZenBook 14 (i5, 16GB, $700)",-1.9638671875,-0.1513671875
18,"Dell XPS 15 (i7, 32GB, $1500)","Lenovo ThinkPad E14 (Ryzen 5, 16GB, $800)",-1.5390625,-0.2418212890625
18,"Dell XPS 15 (i7, 32GB, $1500)","Dell Inspiron 16 (i7, 16GB, $1100)",-1.857421875,-0.1697998046875
18,"Dell XPS 15 (i7, 32GB, $1500)","HP Spectre x360 (Ryzen 7, 32GB, $1200)",-1.650390625,-0.21337890625
18,"Dell XPS 15 (i7, 32GB, $1500)","Lenovo ThinkPad X1 Carbon (Ryzen 7, 32GB, $1400)",-1.701171875,-0.2015380859375
18,"Dell XPS 15 (i7, 32GB, $1500)","Apple MacBook Air M3 (M3, 16GB, $1800)",-1.67578125,-0.207275390625
18,"Dell XPS 15 (i7, 32GB, $1500)","Apple MacBook Pro 14-inch (M3, 32GB, $2220)",-1.650390625,-0.2132568359375
18,"Dell XPS 15 (i7, 32GB, $1500)","Apple MacBook Pro 16-inch (M3, 64GB, $2800)",-1.61328125,-0.222412109375
18,"Lenovo ThinkPad X1 Carbon (Ryzen 7, 32GB, $1400)","ASUS VivoBook 15 (i3, 8GB, $450)",-1.1689453125,-0.3720703125
18,"Lenovo ThinkPad X1 Carbon (Ryzen 7, 32GB, $1400)","Lenovo IdeaPad 3 (i5, 8GB, $550)",-1.236328125,-0.345947265625
18,"Lenovo ThinkPad X1 Carbon (Ryzen 7, 32GB, $1400)","HP Pavilion 15 (Ryzen 5, 8GB, $600)",-1.1474609375,-0.382080078125
18,"Lenovo ThinkPad X1 Carbon (Ryzen 7, 32GB, $1400)","ASUS ZenBook 14 (i5, 16GB, $700)",-1.501953125,-0.251953125
18,"Lenovo ThinkPad X1 Carbon (Ryzen 7, 32GB, $1400)","Lenovo ThinkPad E14 (Ryzen 5, 16GB, $800)",-1.3359375,-0.30517578125
18,"Lenovo ThinkPad X1 Carbon (Ryzen 7, 32GB, $1400)","Dell Inspiron 16 (i7, 16GB, $1100)",-1.3017578125,-0.317626953125
18,"Lenovo ThinkPad X1 Carbon (Ryzen 7, 32GB, $1400)","HP Spectre x360 (Ryzen 7, 32GB, $1200)",-1.39453125,-0.28515625
18,"Lenovo ThinkPad X1 Carbon (Ryzen 7, 32GB, $1400)","Dell XPS 15 (i7, 32GB, $1500)",-1.5146484375,-0.2486572265625
18,"Lenovo ThinkPad X1 Carbon (Ryzen 7, 32GB, $1400)","Apple MacBook Air M3 (M3, 16GB, $1800)",-1.3134765625,-0.313232421875
18,"Lenovo ThinkPad X1 Carbon (Ryzen 7, 32GB, $1400)","Apple MacBook Pro 14-inch (M3, 32GB, $2220)",-1.2236328125,-0.3486328125
18,"Lenovo ThinkPad X1 Carbon (Ryzen 7, 32GB, $1400)","Apple MacBook Pro 16-inch (M3, 64GB, $2800)",-1.1689453125,-0.3720703125
18,"Apple MacBook Air M3 (M3, 16GB, $1800)","ASUS VivoBook 15 (i3, 8GB, $450)",-1.3828125,-0.2890625
18,"Apple MacBook Air M3 (M3, 16GB, $1800)","Lenovo IdeaPad 3 (i5, 8GB, $550)",-1.2578125,-0.336181640625
18,"Apple MacBook Air M3 (M3, 16GB, $1800)","HP Pavilion 15 (Ryzen 5, 8GB, $600)",-1.2568359375,-0.3349609375
18,"Apple MacBook Air M3 (M3, 16GB, $1800)","ASUS ZenBook 14 (i5, 16GB, $700)",-1.740234375,-0.193115234375
18,"Apple MacBook Air M3 (M3, 16GB, $1800)","Lenovo ThinkPad E14 (Ryzen 5, 16GB, $800)",-1.3359375,-0.30517578125
18,"Apple MacBook Air M3 (M3, 16GB, $1800)","Dell Inspiron 16 (i7, 16GB, $1100)",-1.4775390625,-0.259033203125
18,"Apple MacBook Air M3 (M3, 16GB, $1800)","HP Spectre x360 (Ryzen 7, 32GB, $1200)",-1.4541015625,-0.266357421875
18,"Apple MacBook Air M3 (M3, 16GB, $1800)","Dell XPS 15 (i7, 32GB, $1500)",-1.5634765625,-0.2352294921875
18,"Apple MacBook Air M3 (M3, 16GB, $1800)","Lenovo ThinkPad X1 Carbon (Ryzen 7, 32GB, $1400)",-1.5263671875,-0.2452392578125
18,"Apple MacBook Air M3 (M3, 16GB, $1800)","Apple MacBook Pro 14-inch (M3, 32GB, $2220)",-2.017578125,-0.142822265625
18,"Apple MacBook Air M3 (M3, 16GB, $1800)","Apple MacBook Pro 16-inch (M3, 64GB, $2800)",-1.8974609375,-0.1627197265625
18,"Apple MacBook Pro 14-inch (M3, 32GB, $2220)","ASUS VivoBook 15 (i3, 8GB, $450)",-1.0947265625,-0.407470703125
18,"Apple MacBook Pro 14-inch (M3, 32GB, $2220)","Lenovo IdeaPad 3 (i5, 8GB, $550)",-0.96533203125,-0.48095703125
18,"Apple MacBook Pro 14-inch (M3, 32GB, $2220)","HP Pavilion 15 (Ryzen 5, 8GB, $600)",-1.10546875,-0.40234375
18,"Apple MacBook Pro 14-inch (M3, 32GB, $2220)","ASUS ZenBook 14 (i5, 16GB, $700)",-1.4658203125,-0.2626953125
18,"Apple MacBook Pro 14-inch (M3, 32GB, $2220)","Lenovo ThinkPad E14 (Ryzen 5, 16GB, $800)",-1.0849609375,-0.412841796875
18,"Apple MacBook Pro 14-inch (M3, 32GB, $2220)","Dell Inspiron 16 (i7, 16GB, $1100)",-1.2236328125,-0.3486328125
18,"Apple MacBook Pro 14-inch (M3, 32GB, $2220)","HP Spectre x360 (Ryzen 7, 32GB, $1200)",-1.2685546875,-0.33056640625
18,"Apple MacBook Pro 14-inch (M3, 32GB, $2220)","Dell XPS 15 (i7, 32GB, $1500)",-1.39453125,-0.28515625
18,"Apple MacBook Pro 14-inch (M3, 32GB, $2220)","Lenovo ThinkPad X1 Carbon (Ryzen 7, 32GB, $1400)",-1.3134765625,-0.3134765625
18,"Apple MacBook Pro 14-inch (M3, 32GB, $2220)","Apple MacBook Air M3 (M3, 16GB, $1800)",-1.5146484375,-0.24853515625
18,"Apple MacBook Pro 14-inch (M3, 32GB, $2220)","Apple MacBook Pro 16-inch (M3, 64GB, $2800)",-1.6630859375,-0.210205078125
18,"Apple MacBook Pro 16-inch (M3, 64GB, $2800)","ASUS VivoBook 15 (i3, 8GB, $450)",-1.1162109375,-0.397216796875
18,"Apple MacBook Pro 16-inch (M3, 64GB, $2800)","Lenovo IdeaPad 3 (i5, 8GB, $550)",-1.0146484375,-0.45263671875
18,"Apple MacBook Pro 16-inch (M3, 64GB, $2800)","HP Pavilion 15 (Ryzen 5, 8GB, $600)",-1.1162109375,-0.397216796875
18,"Apple MacBook Pro 16-inch (M3, 64GB, $2800)","ASUS ZenBook 14 (i5, 16GB, $700)",-1.5390625,-0.2418212890625
18,"Apple MacBook Pro 16-inch (M3, 64GB, $2800)","Lenovo ThinkPad E14 (Ryzen 5, 16GB, $800)",-1.126953125,-0.39208984375
18,"Apple MacBook Pro 16-inch (M3, 64GB, $2800)","Dell Inspiron 16 (i7, 16GB, $1100)",-1.3251953125,-0.30908203125
18,"Apple MacBook Pro 16-inch (M3, 64GB, $2800)","HP Spectre x360 (Ryzen 7, 32GB, $1200)",-1.291015625,-0.322021484375
18,"Apple MacBook Pro 16-inch (M3, 64GB, $2800)","Dell XPS 15 (i7, 32GB, $1500)",-1.40625,-0.28125
18,"Apple MacBook Pro 16-inch (M3, 64GB, $2800)","Lenovo ThinkPad X1 Carbon (Ryzen 7, 32GB, $1400)",-1.34765625,-0.301025390625
18,"Apple MacBook Pro 16-inch (M3, 64GB, $2800)","Apple MacBook Air M3 (M3, 16GB, $1800)",-1.6884765625,-0.204345703125
18,"Apple MacBook Pro 16-inch (M3, 64GB, $2800)","Apple MacBook Pro 14-inch (M3, 32GB, $2220)",-1.6630859375,-0.210205078125
19,"ASUS VivoBook 15 (i3, 8GB, $450)","Lenovo IdeaPad 3 (i5, 8GB, $550)",-0.52294921875,-0.89794921875
19,"ASUS VivoBook 15 (i3, 8GB, $450)","HP Pavilion 15 (Ryzen 5, 8GB, $600)",-0.491943359375,-0.9453125
19,"ASUS VivoBook 15 (i3, 8GB, $450)","ASUS ZenBook 14 (i5, 16GB, $700)",-0.5966796875,-0.7998046875
19,"ASUS VivoBook 15 (i3, 8GB, $450)","Lenovo ThinkPad E14 (Ryzen 5, 16GB, $800)",-0.498046875,-0.935546875
19,"ASUS VivoBook 15 (i3, 8GB, $450)","Dell Inspiron 16 (i7, 16GB, $1100)",-0.498046875,-0.935546875
19,"ASUS VivoBook 15 (i3, 8GB, $450)","HP Spectre x360 (Ryzen 7, 32GB, $1200)",-0.498046875,-0.935546875
19,"ASUS VivoBook 15 (i3, 8GB, $450)","Dell XPS 15 (i7, 32GB, $1500)",-0.50439453125,-0.92626953125
19,"ASUS VivoBook 15 (i3, 8GB, $450)","Lenovo ThinkPad X1 Carbon (Ryzen 7, 32GB, $1400)",-0.50439453125,-0.92626953125
19,"ASUS VivoBook 15 (i3, 8GB, $450)","Apple MacBook Air M3 (M3, 16GB, $1800)",-0.43408203125,-1.0439453125
19,"ASUS VivoBook 15 (i3, 8GB, $450)","Apple MacBook Pro 14-inch (M3, 32GB, $2220)",-0.450927734375,-1.013671875
19,"ASUS VivoBook 15 (i3, 8GB, $450)","Apple MacBook Pro 16-inch (M3, 64GB, $2800)",-0.4453125,-1.0234375
19,"Lenovo IdeaPad 3 (i5, 8GB, $550)","ASUS VivoBook 15 (i3, 8GB, $450)",-0.58984375,-0.80859375
19,"Lenovo IdeaPad 3 (i5, 8GB, $550)","HP Pavilion 15 (Ryzen 5, 8GB, $600)",-0.51708984375,-0.90771484375
19,"Lenovo IdeaPad 3 (i5, 8GB, $550)","ASUS ZenBook 14 (i5, 16GB, $700)",-0.6328125,-0.7578125
19,"Lenovo IdeaPad 3 (i5, 8GB, $550)","Lenovo ThinkPad E14 (Ryzen 5, 16GB, $800)",-0.60400390625,-0.79150390625
19,"Lenovo IdeaPad 3 (i5, 8GB, $550)","Dell Inspiron 16 (i7, 16GB, $1100)",-0.5361328125,-0.8798828125
19,"Lenovo IdeaPad 3 (i5, 8GB, $550)","HP Spectre x360 (Ryzen 7, 32GB, $1200)",-0.54248046875,-0.87060546875
19,"Lenovo IdeaPad 3 (i5, 8GB, $550)","Dell XPS 15 (i7, 32GB, $1500)",-0.5556640625,-0.8525390625
19,"Lenovo IdeaPad 3 (i5, 8GB, $550)","Lenovo ThinkPad X1 Carbon (Ryzen 7, 32GB, $1400)",-0.62548828125,-0.76611328125
19,"Lenovo IdeaPad 3 (i5, 8GB, $550)","Apple MacBook Air M3 (M3, 16GB, $1800)",-0.50439453125,-0.92626953125
19,"Lenovo IdeaPad 3 (i5, 8GB, $550)","Apple MacBook Pro 14-inch (M3, 32GB, $2220)",-0.4921875,-0.9453125
19,"Lenovo IdeaPad 3 (i5, 8GB, $550)","Apple MacBook Pro 16-inch (M3, 64GB, $2800)",-0.4921875,-0.9453125
19,"HP Pavilion 15 (Ryzen 5, 8GB, $600)","ASUS VivoBook 15 (i3, 8GB, $450)",-0.54248046875,-0.87060546875
19,"HP Pavilion 15 (Ryzen 5, 8GB, $600)","Lenovo IdeaPad 3 (i5, 8GB, $550)",-0.54248046875,-0.87060546875
19,"HP Pavilion 15 (Ryzen 5, 8GB, $600)","ASUS ZenBook 14 (i5, 16GB, $700)",-0.6328125,-0.7578125
19,"HP Pavilion 15 (Ryzen 5, 8GB, $600)","Lenovo ThinkPad E14 (Ryzen 5, 16GB, $800)",-0.5361328125,-0.8798828125
19,"HP Pavilion 15 (Ryzen 5, 8GB, $600)","Dell Inspiron 16 (i7, 16GB, $1100)",-0.54248046875,-0.87060546875
19,"HP Pavilion 15 (Ryzen 5, 8GB, $600)","HP Spectre x360 (Ryzen 7, 32GB, $1200)",-0.58984375,-0.80859375
19,"HP Pavilion 15 (Ryzen 5, 8GB, $600)","Dell XPS 15 (i7, 32GB, $1500)",-0.5556640625,-0.8525390625
19,"HP Pavilion 15 (Ryzen 5, 8GB, $600)","Lenovo ThinkPad X1 Carbon (Ryzen 7, 32GB, $1400)",-0.5556640625,-0.8525390625
19,"HP Pavilion 15 (Ryzen 5, 8GB, $600)","Apple MacBook Air M3 (M3, 16GB, $1800)",-0.491943359375,-0.9453125
19,"HP Pavilion 15 (Ryzen 5, 8GB, $600)","Apple MacBook Pro 14-inch (M3, 32GB, $2220)",-0.47412109375,-0.97412109375
19,"HP Pavilion 15 (Ryzen 5, 8GB, $600)","Apple MacBook Pro 16-inch (M3, 64GB, $2800)",-0.46240234375,-0.99365234375
19,"ASUS ZenBook 14 (i5, 16GB, $700)","ASUS VivoBook 15 (i3, 8GB, $450)",-0.5166015625,-0.9072265625
19,"ASUS ZenBook 14 (i5, 16GB, $700)","Lenovo IdeaPad 3 (i5, 8GB, $550)",-0.4921875,-0.9453125
19,"ASUS ZenBook 14 (i5, 16GB, $700)","HP Pavilion 15 (Ryzen 5, 8GB, $600)",-0.491943359375,-0.9453125
19,"ASUS ZenBook 14 (i5, 16GB, $700)","Lenovo ThinkPad E14 (Ryzen 5, 16GB, $800)",-0.529296875,-0.888671875
19,"ASUS ZenBook 14 (i5, 16GB, $700)","Dell Inspiron 16 (i7, 16GB, $1100)",-0.529296875,-0.888671875
19,"ASUS ZenBook 14 (i5, 16GB, $700)","HP Spectre x360 (Ryzen 7, 32GB, $1200)",-0.54248046875,-0.87060546875
19,"ASUS ZenBook 14 (i5, 16GB, $700)","Dell XPS 15 (i7, 32GB, $1500)",-0.5361328125,-0.8798828125
19,"ASUS ZenBook 14 (i5, 16GB, $700)","Lenovo ThinkPad X1 Carbon (Ryzen 7, 32GB, $1400)",-0.5361328125,-0.8798828125
19,"ASUS ZenBook 14 (i5, 16GB, $700)","Apple MacBook Air M3 (M3, 16GB, $1800)",-0.47412109375,-0.97412109375
19,"ASUS ZenBook 14 (i5, 16GB, $700)","Apple MacBook Pro 14-inch (M3, 32GB, $2220)",-0.46826171875,-0.98388671875
19,"ASUS ZenBook 14 (i5, 16GB, $700)","Apple MacBook Pro 16-inch (M3, 64GB, $2800)",-0.46240234375,-0.99365234375
19,"Lenovo ThinkPad E14 (Ryzen 5, 16GB, $800)","ASUS VivoBook 15 (i3, 8GB, $450)",-0.439697265625,-1.033203125
19,"Lenovo ThinkPad E14 (Ryzen 5, 16GB, $800)","Lenovo IdeaPad 3 (i5, 8GB, $550)",-0.486328125,-0.955078125
19,"Lenovo ThinkPad E14 (Ryzen 5, 16GB, $800)","HP Pavilion 15 (Ryzen 5, 8GB, $600)",-0.41796875,-1.07421875
19,"Lenovo ThinkPad E14 (Ryzen 5, 16GB, $800)","ASUS ZenBook 14 (i5, 16GB, $700)",-0.54248046875,-0.87060546875
19,"Lenovo ThinkPad E14 (Ryzen 5, 16GB, $800)","Dell Inspiron 16 (i7, 16GB, $1100)",-0.46826171875,-0.98388671875
19,"Lenovo ThinkPad E14 (Ryzen 5, 16GB, $800)","HP Spectre x360 (Ryzen 7, 32GB, $1200)",-0.450927734375,-1.013671875
19,"Lenovo ThinkPad E14 (Ryzen 5, 16GB, $800)","Dell XPS 15 (i7, 32GB, $1500)",-0.46240234375,-0.99365234375
19,"Lenovo ThinkPad E14 (Ryzen 5, 16GB, $800)","Lenovo ThinkPad X1 Carbon (Ryzen 7, 32GB, $1400)",-0.498046875,-0.935546875
19,"Lenovo ThinkPad E14 (Ryzen 5, 16GB, $800)","Apple MacBook Air M3 (M3, 16GB, $1800)",-0.41796875,-1.07421875
19,"Lenovo ThinkPad E14 (Ryzen 5, 16GB, $800)","Apple MacBook Pro 14-inch (M3, 32GB, $2220)",-0.3720703125,-1.1689453125
19,"Lenovo ThinkPad E14 (Ryzen 5, 16GB, $800)","Apple MacBook Pro 16-inch (M3, 64GB, $2800)",-0.3818359375,-1.1474609375
19,"Dell Inspiron 16 (i7, 16GB, $1100)","ASUS VivoBook 15 (i3, 8GB, $450)",-0.529296875,-0.888671875
19,"Dell Inspiron 16 (i7, 16GB, $1100)","Lenovo IdeaPad 3 (i5, 8GB, $550)",-0.51708984375,-0.90771484375
19,"Dell Inspiron 16 (i7, 16GB, $1100)","HP Pavilion 15 (Ryzen 5, 8GB, $600)",-0.491943359375,-0.9453125
19,"Dell Inspiron 16 (i7, 16GB, $1100)","ASUS ZenBook 14 (i5, 16GB, $700)",-0.6328125,-0.7578125
19,"Dell Inspiron 16 (i7, 16GB, $1100)","Lenovo ThinkPad E14 (Ryzen 5, 16GB, $800)",-0.52294921875,-0.89794921875
19,"Dell Inspiron 16 (i7, 16GB, $1100)","HP Spectre x360 (Ryzen 7, 32GB, $1200)",-0.5625,-0.84375
19,"Dell Inspiron 16 (i7, 16GB, $1100)","Dell XPS 15 (i7, 32GB, $1500)",-0.61083984375,-0.78271484375
19,"Dell Inspiron 16 (i7, 16GB, $1100)","Lenovo ThinkPad X1 Carbon (Ryzen 7, 32GB, $1400)",-0.5693359375,-0.8349609375
19,"Dell Inspiron 16 (i7, 16GB, $1100)","Apple MacBook Air M3 (M3, 16GB, $1800)",-0.548828125,-0.861328125
19,"Dell Inspiron 16 (i7, 16GB, $1100)","Apple MacBook Pro 14-inch (M3, 32GB, $2220)",-0.498046875,-0.935546875
19,"Dell Inspiron 16 (i7, 16GB, $1100)","Apple MacBook Pro 16-inch (M3, 64GB, $2800)",-0.5107421875,-0.9169921875
19,"HP Spectre x360 (Ryzen 7, 32GB, $1200)","ASUS VivoBook 15 (i3, 8GB, $450)",-0.450927734375,-1.013671875
19,"HP Spectre x360 (Ryzen 7, 32GB, $1200)","Lenovo IdeaPad 3 (i5, 8GB, $550)",-0.46826171875,-0.98388671875
19,"HP Spectre x360 (Ryzen 7, 32GB, $1200)","HP Pavilion 15 (Ryzen 5, 8GB, $600)",-0.439697265625,-1.033203125
19,"HP Spectre x360 (Ryzen 7, 32GB, $1200)","ASUS ZenBook 14 (i5, 16GB, $700)",-0.5107421875,-0.9169921875
19,"HP Spectre x360 (Ryzen 7, 32GB, $1200)","Lenovo ThinkPad E14 (Ryzen 5, 16GB, $800)",-0.450927734375,-1.013671875
19,"HP Spectre x360 (Ryzen 7, 32GB, $1200)","Dell Inspiron 16 (i7, 16GB, $1100)",-0.47412109375,-0.97412109375
19,"HP Spectre x360 (Ryzen 7, 32GB, $1200)","Dell XPS 15 (i7, 32GB, $1500)",-0.50439453125,-0.92626953125
19,"HP Spectre x360 (Ryzen 7, 32GB, $1200)","Lenovo ThinkPad X1 Carbon (Ryzen 7, 32GB, $1400)",-0.5107421875,-0.9169921875
19,"HP Spectre x360 (Ryzen 7, 32GB, $1200)","Apple MacBook Air M3 (M3, 16GB, $1800)",-0.46240234375,-0.99365234375
19,"HP Spectre x360 (Ryzen 7, 32GB, $1200)","Apple MacBook Pro 14-inch (M3, 32GB, $2220)",-0.456787109375,-1.00390625
19,"HP Spectre x360 (Ryzen 7, 32GB, $1200)","Apple MacBook Pro 16-inch (M3, 64GB, $2800)",-0.434326171875,-1.0439453125
19,"Dell XPS 15 (i7, 32GB, $1500)","ASUS VivoBook 15 (i3, 8GB, $450)",-0.47998046875,-0.96435546875
19,"Dell XPS 15 (i7, 32GB, $1500)","Lenovo IdeaPad 3 (i5, 8GB, $550)",-0.46826171875,-0.98388671875
19,"Dell XPS 15 (i7, 32GB, $1500)","HP Pavilion 15 (Ryzen 5, 8GB, $600)",-0.4453125,-1.0234375
19,"Dell XPS 15 (i7, 32GB, $1500)","ASUS ZenBook 14 (i5, 16GB, $700)",-0.5361328125,-0.8798828125
19,"Dell XPS 15 (i7, 32GB, $1500)","Lenovo ThinkPad E14 (Ryzen 5, 16GB, $800)",-0.46240234375,-0.99365234375
19,"Dell XPS 15 (i7, 32GB, $1500)","Dell Inspiron 16 (i7, 16GB, $1100)",-0.52294921875,-0.89794921875
19,"Dell XPS 15 (i7, 32GB, $1500)","HP Spectre x360 (Ryzen 7, 32GB, $1200)",-0.450927734375,-1.013671875
19,"Dell XPS 15 (i7, 32GB, $1500)","Lenovo ThinkPad X1 Carbon (Ryzen 7, 32GB, $1400)",-0.50439453125,-0.92626953125
19,"Dell XPS 15 (i7, 32GB, $1500)","Apple MacBook Air M3 (M3, 16GB, $1800)",-0.46826171875,-0.98388671875
19,"Dell XPS 15 (i7, 32GB, $1500)","Apple MacBook Pro 14-inch (M3, 32GB, $2220)",-0.46826171875,-0.98388671875
19,"Dell XPS 15 (i7, 32GB, $1500)","Apple MacBook Pro 16-inch (M3, 64GB, $2800)",-0.46826171875,-0.98388671875
19,"Lenovo ThinkPad X1 Carbon (Ryzen 7, 32GB, $1400)","ASUS VivoBook 15 (i3, 8GB, $450)",-0.391845703125,-1.1259765625
19,"Lenovo ThinkPad X1 Carbon (Ryzen 7, 32GB, $1400)","Lenovo IdeaPad 3 (i5, 8GB, $550)",-0.434326171875,-1.0439453125
19,"Lenovo ThinkPad X1 Carbon (Ryzen 7, 32GB, $1400)","HP Pavilion 15 (Ryzen 5, 8GB, $600)",-0.362548828125,-1.1904296875
19,"Lenovo ThinkPad X1 Carbon (Ryzen 7, 32GB, $1400)","ASUS ZenBook 14 (i5, 16GB, $700)",-0.4453125,-1.0234375
19,"Lenovo ThinkPad X1 Carbon (Ryzen 7, 32GB, $1400)","Lenovo ThinkPad E14 (Ryzen 5, 16GB, $800)",-0.41259765625,-1.0849609375
19,"Lenovo ThinkPad X1 Carbon (Ryzen 7, 32GB, $1400)","Dell Inspiron 16 (i7, 16GB, $1100)",-0.407470703125,-1.0947265625
19,"Lenovo ThinkPad X1 Carbon (Ryzen 7, 32GB, $1400)","HP Spectre x360 (Ryzen 7, 32GB, $1200)",-0.407470703125,-1.0947265625
19,"Lenovo ThinkPad X1 Carbon (Ryzen 7, 32GB, $1400)","Dell XPS 15 (i7, 32GB, $1500)",-0.439697265625,-1.033203125
19,"Lenovo ThinkPad X1 Carbon (Ryzen 7, 32GB, $1400)","Apple MacBook Air M3 (M3, 16GB, $1800)",-0.3818359375,-1.1474609375
19,"Lenovo ThinkPad X1 Carbon (Ryzen 7, 32GB, $1400)","Apple MacBook Pro 14-inch (M3, 32GB, $2220)",-0.3720703125,-1.1689453125
19,"Lenovo ThinkPad X1 Carbon (Ryzen 7, 32GB, $1400)","Apple MacBook Pro 16-inch (M3, 64GB, $2800)",-0.357666015625,-1.201171875
19,"Apple MacBook Air M3 (M3, 16GB, $1800)","ASUS VivoBook 15 (i3, 8GB, $450)",-0.41796875,-1.07421875
19,"Apple MacBook Air M3 (M3, 16GB, $1800)","Lenovo IdeaPad 3 (i5, 8GB, $550)",-0.41796875,-1.07421875
19,"Apple MacBook Air M3 (M3, 16GB, $1800)","HP Pavilion 15 (Ryzen 5, 8GB, $600)",-0.3818359375,-1.1474609375
19,"Apple MacBook Air M3 (M3, 16GB, $1800)","ASUS ZenBook 14 (i5, 16GB, $700)",-0.486083984375,-0.95458984375
19,"Apple MacBook Air M3 (M3, 16GB, $1800)","Lenovo ThinkPad E14 (Ryzen 5, 16GB, $800)",-0.42333984375,-1.0634765625
19,"Apple MacBook Air M3 (M3, 16GB, $1800)","Dell Inspiron 16 (i7, 16GB, $1100)",-0.4453125,-1.0234375
19,"Apple MacBook Air M3 (M3, 16GB, $1800)","HP Spectre x360 (Ryzen 7, 32GB, $1200)",-0.42333984375,-1.0634765625
19,"Apple MacBook Air M3 (M3, 16GB, $1800)","Dell XPS 15 (i7, 32GB, $1500)",-0.450927734375,-1.013671875
19,"Apple MacBook Air M3 (M3, 16GB, $1800)","Lenovo ThinkPad X1 Carbon (Ryzen 7, 32GB, $1400)",-0.45654296875,-1.00390625
19,"Apple MacBook Air M3 (M3, 16GB, $1800)","Apple MacBook Pro 14-inch (M3, 32GB, $2220)",-0.52294921875,-0.89794921875
19,"Apple MacBook Air M3 (M3, 16GB, $1800)","Apple MacBook Pro 16-inch (M3, 64GB, $2800)",-0.5107421875,-0.9169921875
19,"Apple MacBook Pro 14-inch (M3, 32GB, $2220)","ASUS VivoBook 15 (i3, 8GB, $450)",-0.3818359375,-1.1474609375
19,"Apple MacBook Pro 14-inch (M3, 32GB, $2220)","Lenovo IdeaPad 3 (i5, 8GB, $550)",-0.376953125,-1.158203125
19,"Apple MacBook Pro 14-inch (M3, 32GB, $2220)","HP Pavilion 15 (Ryzen 5, 8GB, $600)",-0.348388671875,-1.2236328125
19,"Apple MacBook Pro 14-inch (M3, 32GB, $2220)","ASUS ZenBook 14 (i5, 16GB, $700)",-0.439697265625,-1.033203125
19,"Apple MacBook Pro 14-inch (M3, 32GB, $2220)","Lenovo ThinkPad E14 (Ryzen 5, 16GB, $800)",-0.357666015625,-1.201171875
19,"Apple MacBook Pro 14-inch (M3, 32GB, $2220)","Dell Inspiron 16 (i7, 16GB, $1100)",-0.391845703125,-1.1259765625
19,"Apple MacBook Pro 14-inch (M3, 32GB, $2220)","HP Spectre x360 (Ryzen 7, 32GB, $1200)",-0.39697265625,-1.1162109375
19,"Apple MacBook Pro 14-inch (M3, 32GB, $2220)","Dell XPS 15 (i7, 32GB, $1500)",-0.42333984375,-1.0634765625
19,"Apple MacBook Pro 14-inch (M3, 32GB, $2220)","Lenovo ThinkPad X1 Carbon (Ryzen 7, 32GB, $1400)",-0.4287109375,-1.0537109375
19,"Apple MacBook Pro 14-inch (M3, 32GB, $2220)","Apple MacBook Air M3 (M3, 16GB, $1800)",-0.47412109375,-0.97412109375
19,"Apple MacBook Pro 14-inch (M3, 32GB, $2220)","Apple MacBook Pro 16-inch (M3, 64GB, $2800)",-0.46240234375,-0.99365234375
19,"Apple MacBook Pro 16-inch (M3, 64GB, $2800)","ASUS VivoBook 15 (i3, 8GB, $450)",-0.391845703125,-1.1259765625
19,"Apple MacBook Pro 16-inch (M3, 64GB, $2800)","Lenovo IdeaPad 3 (i5, 8GB, $550)",-0.39697265625,-1.1162109375
19,"Apple MacBook Pro 16-inch (M3, 64GB, $2800)","HP Pavilion 15 (Ryzen 5, 8GB, $600)",-0.357666015625,-1.201171875
19,"Apple MacBook Pro 16-inch (M3, 64GB, $2800)","ASUS ZenBook 14 (i5, 16GB, $700)",-0.47412109375,-0.97412109375
19,"Apple MacBook Pro 16-inch (M3, 64GB, $2800)","Lenovo ThinkPad E14 (Ryzen 5, 16GB, $800)",-0.386962890625,-1.13671875
19,"Apple MacBook Pro 16-inch (M3, 64GB, $2800)","Dell Inspiron 16 (i7, 16GB, $1100)",-0.41796875,-1.07421875
19,"Apple MacBook Pro 16-inch (M3, 64GB, $2800)","HP Spectre x360 (Ryzen 7, 32GB, $1200)",-0.41259765625,-1.0849609375
19,"Apple MacBook Pro 16-inch (M3, 64GB, $2800)","Dell XPS 15 (i7, 32GB, $1500)",-0.4287109375,-1.0537109375
19,"Apple MacBook Pro 16-inch (M3, 64GB, $2800)","Lenovo ThinkPad X1 Carbon (Ryzen 7, 32GB, $1400)",-0.4453125,-1.0234375
19,"Apple MacBook Pro 16-inch (M3, 64GB, $2800)","Apple MacBook Air M3 (M3, 16GB, $1800)",-0.5166015625,-0.9072265625
19,"Apple MacBook Pro 16-inch (M3, 64GB, $2800)","Apple MacBook Pro 14-inch (M3, 32GB, $2220)",-0.46240234375,-0.99365234375
20,"ASUS VivoBook 15 (i3, 8GB, $450)","Lenovo IdeaPad 3 (i5, 8GB, $550)",-0.54931640625,-0.86181640625
20,"ASUS VivoBook 15 (i3, 8GB, $450)","HP Pavilion 15 (Ryzen 5, 8GB, $600)",-0.5625,-0.84375
20,"ASUS VivoBook 15 (i3, 8GB, $450)","ASUS ZenBook 14 (i5, 16GB, $700)",-0.693359375,-0.693359375
20,"ASUS VivoBook 15 (i3, 8GB, $450)","Lenovo ThinkPad E14 (Ryzen 5, 16GB, $800)",-0.5556640625,-0.8525390625
20,"ASUS VivoBook 15 (i3, 8GB, $450)","Dell Inspiron 16 (i7, 16GB, $1100)",-0.5556640625,-0.8525390625
20,"ASUS VivoBook 15 (i3, 8GB, $450)","HP Spectre x360 (Ryzen 7, 32GB, $1200)",-0.58984375,-0.80859375
20,"ASUS VivoBook 15 (i3, 8GB, $450)","Dell XPS 15 (i7, 32GB, $1500)",-0.5830078125,-0.8173828125
20,"ASUS VivoBook 15 (i3, 8GB, $450)","Lenovo ThinkPad X1 Carbon (Ryzen 7, 32GB, $1400)",-0.58984375,-0.80859375
20,"ASUS VivoBook 15 (i3, 8GB, $450)","Apple MacBook Air M3 (M3, 16GB, $1800)",-0.50439453125,-0.92626953125
20,"ASUS VivoBook 15 (i3, 8GB, $450)","Apple MacBook Pro 14-inch (M3, 32GB, $2220)",-0.5107421875,-0.9169921875
20,"ASUS VivoBook 15 (i3, 8GB, $450)","Apple MacBook Pro 16-inch (M3, 64GB, $2800)",-0.5166015625,-0.9072265625
20,"Lenovo IdeaPad 3 (i5, 8GB, $550)","ASUS VivoBook 15 (i3, 8GB, $450)",-0.611328125,-0.783203125
20,"Lenovo IdeaPad 3 (i5, 8GB, $550)","HP Pavilion 15 (Ryzen 5, 8GB, $600)",-0.56298828125,-0.84423828125
20,"Lenovo IdeaPad 3 (i5, 8GB, $550)","ASUS ZenBook 14 (i5, 16GB, $700)",-0.67822265625,-0.70947265625
20,"Lenovo IdeaPad 3 (i5, 8GB, $550)","Lenovo ThinkPad E14 (Ryzen 5, 16GB, $800)",-0.640625,-0.75
20,"Lenovo IdeaPad 3 (i5, 8GB, $550)","Dell Inspiron 16 (i7, 16GB, $1100)",-0.56298828125,-0.84423828125
20,"Lenovo IdeaPad 3 (i5, 8GB, $550)","HP Spectre x360 (Ryzen 7, 32GB, $1200)",-0.59765625,-0.80078125
20,"Lenovo IdeaPad 3 (i5, 8GB, $550)","Dell XPS 15 (i7, 32GB, $1500)",-0.61181640625,-0.78369140625
20,"Lenovo IdeaPad 3 (i5, 8GB, $550)","Lenovo ThinkPad X1 Carbon (Ryzen 7, 32GB, $1400)",-0.7177734375,-0.6708984375
20,"Lenovo IdeaPad 3 (i5, 8GB, $550)","Apple MacBook Air M3 (M3, 16GB, $1800)",-0.51123046875,-0.91748046875
20,"Lenovo IdeaPad 3 (i5, 8GB, $550)","Apple MacBook Pro 14-inch (M3, 32GB, $2220)",-0.5048828125,-0.9267578125
20,"Lenovo IdeaPad 3 (i5, 8GB, $550)","Apple MacBook Pro 16-inch (M3, 64GB, $2800)",-0.498779296875,-0.9365234375
20,"HP Pavilion 15 (Ryzen 5, 8GB, $600)","ASUS VivoBook 15 (i3, 8GB, $450)",-0.6328125,-0.7578125
20,"HP Pavilion 15 (Ryzen 5, 8GB, $600)","Lenovo IdeaPad 3 (i5, 8GB, $550)",-0.61865234375,-0.77490234375
20,"HP Pavilion 15 (Ryzen 5, 8GB, $600)","ASUS ZenBook 14 (i5, 16GB, $700)",-0.76611328125,-0.62548828125
20,"HP Pavilion 15 (Ryzen 5, 8GB, $600)","Lenovo ThinkPad E14 (Ryzen 5, 16GB, $800)",-0.61083984375,-0.78271484375
20,"HP Pavilion 15 (Ryzen 5, 8GB, $600)","Dell Inspiron 16 (i7, 16GB, $1100)",-0.61083984375,-0.78271484375
20,"HP Pavilion 15 (Ryzen 5, 8GB, $600)","HP Spectre x360 (Ryzen 7, 32GB, $1200)",-0.7998046875,-0.5966796875
20,"HP Pavilion 15 (Ryzen 5, 8GB, $600)","Dell XPS 15 (i7, 32GB, $1500)",-0.65478515625,-0.73291015625
20,"HP Pavilion 15 (Ryzen 5, 8GB, $600)","Lenovo ThinkPad X1 Carbon (Ryzen 7, 32GB, $1400)",-0.693359375,-0.693359375
20,"HP Pavilion 15 (Ryzen 5, 8GB, $600)","Apple MacBook Air M3 (M3, 16GB, $1800)",-0.5966796875,-0.7998046875
20,"HP Pavilion 15 (Ryzen 5, 8GB, $600)","Apple MacBook Pro 14-inch (M3, 32GB, $2220)",-0.5556640625,-0.8525390625
20,"HP Pavilion 15 (Ryzen 5, 8GB, $600)","Apple MacBook Pro 16-inch (M3, 64GB, $2800)",-0.54248046875,-0.87060546875
20,"ASUS ZenBook 14 (i5, 16GB, $700)","ASUS VivoBook 15 (i3, 8GB, $450)",-0.5625,-0.84375
20,"ASUS ZenBook 14 (i5, 16GB, $700)","Lenovo IdeaPad 3 (i5, 8GB, $550)",-0.498291015625,-0.93603515625
20,"ASUS ZenBook 14 (i5, 16GB, $700)","HP Pavilion 15 (Ryzen 5, 8GB, $600)",-0.5361328125,-0.8798828125
20,"ASUS ZenBook 14 (i5, 16GB, $700)","Lenovo ThinkPad E14 (Ryzen 5, 16GB, $800)",-0.54931640625,-0.86181640625
20,"ASUS ZenBook 14 (i5, 16GB, $700)","Dell Inspiron 16 (i7, 16GB, $1100)",-0.5556640625,-0.8525390625
20,"ASUS ZenBook 14 (i5, 16GB, $700)","HP Spectre x360 (Ryzen 7, 32GB, $1200)",-0.6181640625,-0.7744140625
20,"ASUS ZenBook 14 (i5, 16GB, $700)","Dell XPS 15 (i7, 32GB, $1500)",-0.60400390625,-0.79150390625
20,"ASUS ZenBook 14 (i5, 16GB, $700)","Lenovo ThinkPad X1 Carbon (Ryzen 7, 32GB, $1400)",-0.58984375,-0.80859375
20,"ASUS ZenBook 14 (i5, 16GB, $700)","Apple MacBook Air M3 (M3, 16GB, $1800)",-0.5361328125,-0.8798828125
20,"ASUS ZenBook 14 (i5, 16GB, $700)","Apple MacBook Pro 14-inch (M3, 32GB, $2220)",-0.5107421875,-0.9169921875
20,"ASUS ZenBook 14 (i5, 16GB, $700)","Apple MacBook Pro 16-inch (M3, 64GB, $2800)",-0.5107421875,-0.9169921875
20,"Lenovo ThinkPad E14 (Ryzen 5, 16GB, $800)","ASUS VivoBook 15 (i3, 8GB, $450)",-0.486083984375,-0.95458984375
20,"Lenovo ThinkPad E14 (Ryzen 5, 16GB, $800)","Lenovo IdeaPad 3 (i5, 8GB, $550)",-0.51123046875,-0.91748046875
20,"Lenovo ThinkPad E14 (Ryzen 5, 16GB, $800)","HP Pavilion 15 (Ryzen 5, 8GB, $600)",-0.450927734375,-1.013671875
20,"Lenovo ThinkPad E14 (Ryzen 5, 16GB, $800)","ASUS ZenBook 14 (i5, 16GB, $700)",-0.58984375,-0.80859375
20,"Lenovo ThinkPad E14 (Ryzen 5, 16GB, $800)","Dell Inspiron 16 (i7, 16GB, $1100)",-0.486083984375,-0.95458984375
20,"Lenovo ThinkPad E14 (Ryzen 5, 16GB, $800)","HP Spectre x360 (Ryzen 7, 32GB, $1200)",-0.54931640625,-0.86181640625
20,"Lenovo ThinkPad E14 (Ryzen 5, 16GB, $800)","Dell XPS 15 (i7, 32GB, $1500)",-0.5234375,-0.8984375
20,"Lenovo ThinkPad E14 (Ryzen 5, 16GB, $800)","Lenovo ThinkPad X1 Carbon (Ryzen 7, 32GB, $1400)",-0.62548828125,-0.76611328125
20,"Lenovo ThinkPad E14 (Ryzen 5, 16GB, $800)","Apple MacBook Air M3 (M3, 16GB, $1800)",-0.46826171875,-0.98388671875
20,"Lenovo ThinkPad E14 (Ryzen 5, 16GB, $800)","Apple MacBook Pro 14-inch (M3, 32GB, $2220)",-0.41259765625,-1.0849609375
20,"Lenovo ThinkPad E14 (Ryzen 5, 16GB, $800)","Apple MacBook Pro 16-inch (M3, 64GB, $2800)",-0.41259765625,-1.0849609375
20,"Dell Inspiron 16 (i7, 16GB, $1100)","ASUS VivoBook 15 (i3, 8GB, $450)",-0.576171875,-0.826171875
20,"Dell Inspiron 16 (i7, 16GB, $1100)","Lenovo IdeaPad 3 (i5, 8GB, $550)",-0.5361328125,-0.8798828125
20,"Dell Inspiron 16 (i7, 16GB, $1100)","HP Pavilion 15 (Ryzen 5, 8GB, $600)",-0.52978515625,-0.88916015625
20,"Dell Inspiron 16 (i7, 16GB, $1100)","ASUS ZenBook 14 (i5, 16GB, $700)",-0.693359375,-0.693359375
20,"Dell Inspiron 16 (i7, 16GB, $1100)","Lenovo ThinkPad E14 (Ryzen 5, 16GB, $800)",-0.5361328125,-0.8798828125
20,"Dell Inspiron 16 (i7, 16GB, $1100)","HP Spectre x360 (Ryzen 7, 32GB, $1200)",-0.669921875,-0.716796875
20,"Dell Inspiron 16 (i7, 16GB, $1100)","Dell XPS 15 (i7, 32GB, $1500)",-0.716796875,-0.669921875
20,"Dell Inspiron 16 (i7, 16GB, $1100)","Lenovo ThinkPad X1 Carbon (Ryzen 7, 32GB, $1400)",-0.65478515625,-0.73291015625
20,"Dell Inspiron 16 (i7, 16GB, $1100)","Apple MacBook Air M3 (M3, 16GB, $1800)",-0.6181640625,-0.7744140625
20,"Dell Inspiron 16 (i7, 16GB, $1100)","Apple MacBook Pro 14-inch (M3, 32GB, $2220)",-0.5556640625,-0.8525390625
20,"Dell Inspiron 16 (i7, 16GB, $1100)","Apple MacBook Pro 16-inch (M3, 64GB, $2800)",-0.5556640625,-0.8525390625
20,"HP Spectre x360 (Ryzen 7, 32GB, $1200)","ASUS VivoBook 15 (i3, 8GB, $450)",-0.456787109375,-1.00390625
20,"HP Spectre x360 (Ryzen 7, 32GB, $1200)","Lenovo IdeaPad 3 (i5, 8GB, $550)",-0.446044921875,-1.0244140625
20,"HP Spectre x360 (Ryzen 7, 32GB, $1200)","HP Pavilion 15 (Ryzen 5, 8GB, $600)",-0.474365234375,-0.97412109375
20,"HP Spectre x360 (Ryzen 7, 32GB, $1200)","ASUS ZenBook 14 (i5, 16GB, $700)",-0.5234375,-0.8984375
20,"HP Spectre x360 (Ryzen 7, 32GB, $1200)","Lenovo ThinkPad E14 (Ryzen 5, 16GB, $800)",-0.462646484375,-0.99365234375
20,"HP Spectre x360 (Ryzen 7, 32GB, $1200)","Dell Inspiron 16 (i7, 16GB, $1100)",-0.474365234375,-0.97412109375
20,"HP Spectre x360 (Ryzen 7, 32GB, $1200)","Dell XPS 15 (i7, 32GB, $1500)",-0.55615234375,-0.85302734375
20,"HP Spectre x360 (Ryzen 7, 32GB, $1200)","Lenovo ThinkPad X1 Carbon (Ryzen 7, 32GB, $1400)",-0.60400390625,-0.79150390625
20,"HP Spectre x360 (Ryzen 7, 32GB, $1200)","Apple MacBook Air M3 (M3, 16GB, $1800)",-0.5107421875,-0.9169921875
20,"HP Spectre x360 (Ryzen 7, 32GB, $1200)","Apple MacBook Pro 14-inch (M3, 32GB, $2220)",-0.51708984375,-0.90771484375
20,"HP Spectre x360 (Ryzen 7, 32GB, $1200)","Apple MacBook Pro 16-inch (M3, 64GB, $2800)",-0.486328125,-0.955078125
20,"Dell XPS 15 (i7, 32GB, $1500)","ASUS VivoBook 15 (i3, 8GB, $450)",-0.5166015625,-0.9072265625
20,"Dell XPS 15 (i7, 32GB, $1500)","Lenovo IdeaPad 3 (i5, 8GB, $550)",-0.474365234375,-0.97412109375
20,"Dell XPS 15 (i7, 32GB, $1500)","HP Pavilion 15 (Ryzen 5, 8GB, $600)",-0.47998046875,-0.96435546875
20,"Dell XPS 15 (i7, 32GB, $1500)","ASUS ZenBook 14 (i5, 16GB, $700)",-0.58984375,-0.80859375
20,"Dell XPS 15 (i7, 32GB, $1500)","Lenovo ThinkPad E14 (Ryzen 5, 16GB, $800)",-0.46240234375,-0.99365234375
20,"Dell XPS 15 (i7, 32GB, $1500)","Dell Inspiron 16 (i7, 16GB, $1100)",-0.52978515625,-0.88916015625
20,"Dell XPS 15 (i7, 32GB, $1500)","HP Spectre x360 (Ryzen 7, 32GB, $1200)",-0.51708984375,-0.90771484375
20,"Dell XPS 15 (i7, 32GB, $1500)","Lenovo ThinkPad X1 Carbon (Ryzen 7, 32GB, $1400)",-0.5556640625,-0.8525390625
20,"Dell XPS 15 (i7, 32GB, $1500)","Apple MacBook Air M3 (M3, 16GB, $1800)",-0.50439453125,-0.92626953125
20,"Dell XPS 15 (i7, 32GB, $1500)","Apple MacBook Pro 14-inch (M3, 32GB, $2220)",-0.498291015625,-0.935546875
20,"Dell XPS 15 (i7, 32GB, $1500)","Apple MacBook Pro 16-inch (M3, 64GB, $2800)",-0.4921875,-0.9453125
20,"Lenovo ThinkPad X1 Carbon (Ryzen 7, 32GB, $1400)","ASUS VivoBook 15 (i3, 8GB, $450)",-0.402099609375,-1.10546875
20,"Lenovo ThinkPad X1 Carbon (Ryzen 7, 32GB, $1400)","Lenovo IdeaPad 3 (i5, 8GB, $550)",-0.423583984375,-1.064453125
20,"Lenovo ThinkPad X1 Carbon (Ryzen 7, 32GB, $1400)","HP Pavilion 15 (Ryzen 5, 8GB, $600)",-0.3720703125,-1.1689453125
20,"Lenovo ThinkPad X1 Carbon (Ryzen 7, 32GB, $1400)","ASUS ZenBook 14 (i5, 16GB, $700)",-0.456787109375,-1.00390625
20,"Lenovo ThinkPad X1 Carbon (Ryzen 7, 32GB, $1400)","Lenovo ThinkPad E14 (Ryzen 5, 16GB, $800)",-0.434326171875,-1.0439453125
20,"Lenovo ThinkPad X1 Carbon (Ryzen 7, 32GB, $1400)","Dell Inspiron 16 (i7, 16GB, $1100)",-0.39697265625,-1.1162109375
20,"Lenovo ThinkPad X1 Carbon (Ryzen 7, 32GB, $1400)","HP Spectre x360 (Ryzen 7, 32GB, $1200)",-0.456787109375,-1.00390625
20,"Lenovo ThinkPad X1 Carbon (Ryzen 7, 32GB, $1400)","Dell XPS 15 (i7, 32GB, $1500)",-0.47998046875,-0.96435546875
20,"Lenovo ThinkPad X1 Carbon (Ryzen 7, 32GB, $1400)","Apple MacBook Air M3 (M3, 16GB, $1800)",-0.407470703125,-1.0947265625
20,"Lenovo ThinkPad X1 Carbon (Ryzen 7, 32GB, $1400)","Apple MacBook Pro 14-inch (M3, 32GB, $2220)",-0.39697265625,-1.1162109375
20,"Lenovo ThinkPad X1 Carbon (Ryzen 7, 32GB, $1400)","Apple MacBook Pro 16-inch (M3, 64GB, $2800)",-0.386962890625,-1.13671875
20,"Apple MacBook Air M3 (M3, 16GB, $1800)","ASUS VivoBook 15 (i3, 8GB, $450)",-0.439697265625,-1.033203125
20,"Apple MacBook Air M3 (M3, 16GB, $1800)","Lenovo IdeaPad 3 (i5, 8GB, $550)",-0.40234375,-1.10546875
20,"Apple MacBook Air M3 (M3, 16GB, $1800)","HP Pavilion 15 (Ryzen 5, 8GB, $600)",-0.391845703125,-1.1259765625
20,"Apple MacBook Air M3 (M3, 16GB, $1800)","ASUS ZenBook 14 (i5, 16GB, $700)",-0.5166015625,-0.9072265625
20,"Apple MacBook Air M3 (M3, 16GB, $1800)","Lenovo ThinkPad E14 (Ryzen 5, 16GB, $800)",-0.42333984375,-1.064453125
20,"Apple MacBook Air M3 (M3, 16GB, $1800)","Dell Inspiron 16 (i7, 16GB, $1100)",-0.439697265625,-1.033203125
20,"Apple MacBook Air M3 (M3, 16GB, $1800)","HP Spectre x360 (Ryzen 7, 32GB, $1200)",-0.47412109375,-0.97412109375
20,"Apple MacBook Air M3 (M3, 16GB, $1800)","Dell XPS 15 (i7, 32GB, $1500)",-0.47412109375,-0.97412109375
20,"Apple MacBook Air M3 (M3, 16GB, $1800)","Lenovo ThinkPad X1 Carbon (Ryzen 7, 32GB, $1400)",-0.50439453125,-0.92626953125
20,"Apple MacBook Air M3 (M3, 16GB, $1800)","Apple MacBook Pro 14-inch (M3, 32GB, $2220)",-0.5966796875,-0.7998046875
20,"Apple MacBook Air M3 (M3, 16GB, $1800)","Apple MacBook Pro 16-inch (M3, 64GB, $2800)",-0.5830078125,-0.8173828125
20,"Apple MacBook Pro 14-inch (M3, 32GB, $2220)","ASUS VivoBook 15 (i3, 8GB, $450)",-0.3720703125,-1.1689453125
20,"Apple MacBook Pro 14-inch (M3, 32GB, $2220)","Lenovo IdeaPad 3 (i5, 8GB, $550)",-0.343994140625,-1.234375
20,"Apple MacBook Pro 14-inch (M3, 32GB, $2220)","HP Pavilion 15 (Ryzen 5, 8GB, $600)",-0.3349609375,-1.2568359375
20,"Apple MacBook Pro 14-inch (M3, 32GB, $2220)","ASUS ZenBook 14 (i5, 16GB, $700)",-0.42333984375,-1.0634765625
20,"Apple MacBook Pro 14-inch (M3, 32GB, $2220)","Lenovo ThinkPad E14 (Ryzen 5, 16GB, $800)",-0.33935546875,-1.24609375
20,"Apple MacBook Pro 14-inch (M3, 32GB, $2220)","Dell Inspiron 16 (i7, 16GB, $1100)",-0.348388671875,-1.2236328125
20,"Apple MacBook Pro 14-inch (M3, 32GB, $2220)","HP Spectre x360 (Ryzen 7, 32GB, $1200)",-0.42333984375,-1.0634765625
20,"Apple MacBook Pro 14-inch (M3, 32GB, $2220)","Dell XPS 15 (i7, 32GB, $1500)",-0.41259765625,-1.0849609375
20,"Apple MacBook Pro 14-inch (M3, 32GB, $2220)","Lenovo ThinkPad X1 Carbon (Ryzen 7, 32GB, $1400)",-0.4453125,-1.0234375
20,"Apple MacBook Pro 14-inch (M3, 32GB, $2220)","Apple MacBook Air M3 (M3, 16GB, $1800)",-0.45654296875,-1.00390625
20,"Apple MacBook Pro 14-inch (M3, 32GB, $2220)","Apple MacBook Pro 16-inch (M3, 64GB, $2800)",-0.498046875,-0.935546875
20,"Apple MacBook Pro 16-inch (M3, 64GB, $2800)","ASUS VivoBook 15 (i3, 8GB, $450)",-0.386962890625,-1.13671875
20,"Apple MacBook Pro 16-inch (M3, 64GB, $2800)","Lenovo IdeaPad 3 (i5, 8GB, $550)",-0.367431640625,-1.1796875
20,"Apple MacBook Pro 16-inch (M3, 64GB, $2800)","HP Pavilion 15 (Ryzen 5, 8GB, $600)",-0.343994140625,-1.234375
20,"Apple MacBook Pro 16-inch (M3, 64GB, $2800)","ASUS ZenBook 14 (i5, 16GB, $700)",-0.456787109375,-1.00390625
20,"Apple MacBook Pro 16-inch (M3, 64GB, $2800)","Lenovo ThinkPad E14 (Ryzen 5, 16GB, $800)",-0.3720703125,-1.1689453125
20,"Apple MacBook Pro 16-inch (M3, 64GB, $2800)","Dell Inspiron 16 (i7, 16GB, $1100)",-0.3720703125,-1.1689453125
20,"Apple MacBook Pro 16-inch (M3, 64GB, $2800)","HP Spectre x360 (Ryzen 7, 32GB, $1200)",-0.434326171875,-1.0439453125
20,"Apple MacBook Pro 16-inch (M3, 64GB, $2800)","Dell XPS 15 (i7, 32GB, $1500)",-0.42333984375,-1.0634765625
20,"Apple MacBook Pro 16-inch (M3, 64GB, $2800)","Lenovo ThinkPad X1 Carbon (Ryzen 7, 32GB, $1400)",-0.46240234375,-0.99365234375
20,"Apple MacBook Pro 16-inch (M3, 64GB, $2800)","Apple MacBook Air M3 (M3, 16GB, $1800)",-0.5107421875,-0.9169921875
20,"Apple MacBook Pro 16-inch (M3, 64GB, $2800)","Apple MacBook Pro 14-inch (M3, 32GB, $2220)",-0.47998046875,-0.96435546875
21,"ASUS VivoBook 15 (i3, 8GB, $450)","Lenovo IdeaPad 3 (i5, 8GB, $550)",-0.3349609375,-1.2568359375
21,"ASUS VivoBook 15 (i3, 8GB, $450)","HP Pavilion 15 (Ryzen 5, 8GB, $600)",-0.362548828125,-1.1904296875
21,"ASUS VivoBook 15 (i3, 8GB, $450)","ASUS ZenBook 14 (i5, 16GB, $700)",-0.46826171875,-0.98388671875
21,"ASUS VivoBook 15 (i3, 8GB, $450)","Lenovo ThinkPad E14 (Ryzen 5, 16GB, $800)",-0.362548828125,-1.1904296875
21,"ASUS VivoBook 15 (i3, 8GB, $450)","Dell Inspiron 16 (i7, 16GB, $1100)",-0.348388671875,-1.2236328125
21,"ASUS VivoBook 15 (i3, 8GB, $450)","HP Spectre x360 (Ryzen 7, 32GB, $1200)",-0.3818359375,-1.1474609375
21,"ASUS VivoBook 15 (i3, 8GB, $450)","Dell XPS 15 (i7, 32GB, $1500)",-0.3671875,-1.1796875
21,"ASUS VivoBook 15 (i3, 8GB, $450)","Lenovo ThinkPad X1 Carbon (Ryzen 7, 32GB, $1400)",-0.391845703125,-1.1259765625
21,"ASUS VivoBook 15 (i3, 8GB, $450)","Apple MacBook Air M3 (M3, 16GB, $1800)",-0.30908203125,-1.3251953125
21,"ASUS VivoBook 15 (i3, 8GB, $450)","Apple MacBook Pro 14-inch (M3, 32GB, $2220)",-0.33056640625,-1.267578125
21,"ASUS VivoBook 15 (i3, 8GB, $450)","Apple MacBook Pro 16-inch (M3, 64GB, $2800)",-0.326171875,-1.279296875
21,"Lenovo IdeaPad 3 (i5, 8GB, $550)","ASUS VivoBook 15 (i3, 8GB, $450)",-0.418212890625,-1.07421875
21,"Lenovo IdeaPad 3 (i5, 8GB, $550)","HP Pavilion 15 (Ryzen 5, 8GB, $600)",-0.38720703125,-1.13671875
21,"Lenovo IdeaPad 3 (i5, 8GB, $550)","ASUS ZenBook 14 (i5, 16GB, $700)",-0.486328125,-0.955078125
21,"Lenovo IdeaPad 3 (i5, 8GB, $550)","Lenovo ThinkPad E14 (Ryzen 5, 16GB, $800)",-0.43994140625,-1.0341796875
21,"Lenovo IdeaPad 3 (i5, 8GB, $550)","Dell Inspiron 16 (i7, 16GB, $1100)",-0.392333984375,-1.126953125
21,"Lenovo IdeaPad 3 (i5, 8GB, $550)","HP Spectre x360 (Ryzen 7, 32GB, $1200)",-0.3974609375,-1.1162109375
21,"Lenovo IdeaPad 3 (i5, 8GB, $550)","Dell XPS 15 (i7, 32GB, $1500)",-0.40771484375,-1.095703125
21,"Lenovo IdeaPad 3 (i5, 8GB, $550)","Lenovo ThinkPad X1 Carbon (Ryzen 7, 32GB, $1400)",-0.49853515625,-0.93603515625
21,"Lenovo IdeaPad 3 (i5, 8GB, $550)","Apple MacBook Air M3 (M3, 16GB, $1800)",-0.339599609375,-1.24609375
21,"Lenovo IdeaPad 3 (i5, 8GB, $550)","Apple MacBook Pro 14-inch (M3, 32GB, $2220)",-0.335205078125,-1.2568359375
21,"Lenovo IdeaPad 3 (i5, 8GB, $550)","Apple MacBook Pro 16-inch (M3, 64GB, $2800)",-0.322021484375,-1.291015625
21,"HP Pavilion 15 (Ryzen 5, 8GB, $600)","ASUS VivoBook 15 (i3, 8GB, $450)",-0.39697265625,-1.1162109375
21,"HP Pavilion 15 (Ryzen 5, 8GB, $600)","Lenovo IdeaPad 3 (i5, 8GB, $550)",-0.3720703125,-1.1689453125
21,"HP Pavilion 15 (Ryzen 5, 8GB, $600)","ASUS ZenBook 14 (i5, 16GB, $700)",-0.498046875,-0.935546875
21,"HP Pavilion 15 (Ryzen 5, 8GB, $600)","Lenovo ThinkPad E14 (Ryzen 5, 16GB, $800)",-0.4287109375,-1.0537109375
21,"HP Pavilion 15 (Ryzen 5, 8GB, $600)","Dell Inspiron 16 (i7, 16GB, $1100)",-0.42333984375,-1.0634765625
21,"HP Pavilion 15 (Ryzen 5, 8GB, $600)","HP Spectre x360 (Ryzen 7, 32GB, $1200)",-0.5361328125,-0.8798828125
21,"HP Pavilion 15 (Ryzen 5, 8GB, $600)","Dell XPS 15 (i7, 32GB, $1500)",-0.450927734375,-1.013671875
21,"HP Pavilion 15 (Ryzen 5, 8GB, $600)","Lenovo ThinkPad X1 Carbon (Ryzen 7, 32GB, $1400)",-0.47998046875,-0.96435546875
21,"HP Pavilion 15 (Ryzen 5, 8GB, $600)","Apple MacBook Air M3 (M3, 16GB, $1800)",-0.3720703125,-1.1689453125
21,"HP Pavilion 15 (Ryzen 5, 8GB, $600)","Apple MacBook Pro 14-inch (M3, 32GB, $2220)",-0.3720703125,-1.1689453125
21,"HP Pavilion 15 (Ryzen 5, 8GB, $600)","Apple MacBook Pro 16-inch (M3, 64GB, $2800)",-0.3671875,-1.1796875
21,"ASUS ZenBook 14 (i5, 16GB, $700)","ASUS VivoBook 15 (i3, 8GB, $450)",-0.35302734375,-1.212890625
21,"ASUS ZenBook 14 (i5, 16GB, $700)","Lenovo IdeaPad 3 (i5, 8GB, $550)",-0.29296875,-1.37109375
21,"ASUS ZenBook 14 (i5, 16GB, $700)","HP Pavilion 15 (Ryzen 5, 8GB, $600)",-0.343994140625,-1.234375
21,"ASUS ZenBook 14 (i5, 16GB, $700)","Lenovo ThinkPad E14 (Ryzen 5, 16GB, $800)",-0.386962890625,-1.13671875
21,"ASUS ZenBook 14 (i5, 16GB, $700)","Dell Inspiron 16 (i7, 16GB, $1100)",-0.3720703125,-1.1689453125
21,"ASUS ZenBook 14 (i5, 16GB, $700)","HP Spectre x360 (Ryzen 7, 32GB, $1200)",-0.42333984375,-1.0634765625
21,"ASUS ZenBook 14 (i5, 16GB, $700)","Dell XPS 15 (i7, 32GB, $1500)",-0.391845703125,-1.1259765625
21,"ASUS ZenBook 14 (i5, 16GB, $700)","Lenovo ThinkPad X1 Carbon (Ryzen 7, 32GB, $1400)",-0.41796875,-1.07421875
21,"ASUS ZenBook 14 (i5, 16GB, $700)","Apple MacBook Air M3 (M3, 16GB, $1800)",-0.326171875,-1.279296875
21,"ASUS ZenBook 14 (i5, 16GB, $700)","Apple MacBook Pro 14-inch (M3, 32GB, $2220)",-0.343994140625,-1.234375
21,"ASUS ZenBook 14 (i5, 16GB, $700)","Apple MacBook Pro 16-inch (M3, 64GB, $2800)",-0.3349609375,-1.2568359375
21,"Lenovo ThinkPad E14 (Ryzen 5, 16GB, $800)","ASUS VivoBook 15 (i3, 8GB, $450)",-0.29296875,-1.37109375
21,"Lenovo ThinkPad E14 (Ryzen 5, 16GB, $800)","Lenovo IdeaPad 3 (i5, 8GB, $550)",-0.3134765625,-1.3134765625
21,"Lenovo ThinkPad E14 (Ryzen 5, 16GB, $800)","HP Pavilion 15 (Ryzen 5, 8GB, $600)",-0.30078125,-1.34765625
21,"Lenovo ThinkPad E14 (Ryzen 5, 16GB, $800)","ASUS ZenBook 14 (i5, 16GB, $700)",-0.407470703125,-1.0947265625
21,"Lenovo ThinkPad E14 (Ryzen 5, 16GB, $800)","Dell Inspiron 16 (i7, 16GB, $1100)",-0.35302734375,-1.212890625
21,"Lenovo ThinkPad E14 (Ryzen 5, 16GB, $800)","HP Spectre x360 (Ryzen 7, 32GB, $1200)",-0.343994140625,-1.234375
21,"Lenovo ThinkPad E14 (Ryzen 5, 16GB, $800)","Dell XPS 15 (i7, 32GB, $1500)",-0.357666015625,-1.201171875
21,"Lenovo ThinkPad E14 (Ryzen 5, 16GB, $800)","Lenovo ThinkPad X1 Carbon (Ryzen 7, 32GB, $1400)",-0.42333984375,-1.0634765625
21,"Lenovo ThinkPad E14 (Ryzen 5, 16GB, $800)","Apple MacBook Air M3 (M3, 16GB, $1800)",-0.30908203125,-1.3251953125
21,"Lenovo ThinkPad E14 (Ryzen 5, 16GB, $800)","Apple MacBook Pro 14-inch (M3, 32GB, $2220)",-0.284912109375,-1.39453125
21,"Lenovo ThinkPad E14 (Ryzen 5, 16GB, $800)","Apple MacBook Pro 16-inch (M3, 64GB, $2800)",-0.284912109375,-1.39453125
21,"Dell Inspiron 16 (i7, 16GB, $1100)","ASUS VivoBook 15 (i3, 8GB, $450)",-0.3720703125,-1.1689453125
21,"Dell Inspiron 16 (i7, 16GB, $1100)","Lenovo IdeaPad 3 (i5, 8GB, $550)",-0.3349609375,-1.2568359375
21,"Dell Inspiron 16 (i7, 16GB, $1100)","HP Pavilion 15 (Ryzen 5, 8GB, $600)",-0.362548828125,-1.1904296875
21,"Dell Inspiron 16 (i7, 16GB, $1100)","ASUS ZenBook 14 (i5, 16GB, $700)",-0.486083984375,-0.95458984375
21,"Dell Inspiron 16 (i7, 16GB, $1100)","Lenovo ThinkPad E14 (Ryzen 5, 16GB, $800)",-0.402099609375,-1.10546875
21,"Dell Inspiron 16 (i7, 16GB, $1100)","HP Spectre x360 (Ryzen 7, 32GB, $1200)",-0.4921875,-0.9453125
21,"Dell Inspiron 16 (i7, 16GB, $1100)","Dell XPS 15 (i7, 32GB, $1500)",-0.5166015625,-0.9072265625
21,"Dell Inspiron 16 (i7, 16GB, $1100)","Lenovo ThinkPad X1 Carbon (Ryzen 7, 32GB, $1400)",-0.491943359375,-0.9453125
21,"Dell Inspiron 16 (i7, 16GB, $1100)","Apple MacBook Air M3 (M3, 16GB, $1800)",-0.43408203125,-1.0439453125
21,"Dell Inspiron 16 (i7, 16GB, $1100)","Apple MacBook Pro 14-inch (M3, 32GB, $2220)",-0.41259765625,-1.0849609375
21,"Dell Inspiron 16 (i7, 16GB, $1100)","Apple MacBook Pro 16-inch (M3, 64GB, $2800)",-0.41796875,-1.07421875
21,"HP Spectre x360 (Ryzen 7, 32GB, $1200)","ASUS VivoBook 15 (i3, 8GB, $450)",-0.2890625,-1.3828125
21,"HP Spectre x360 (Ryzen 7, 32GB, $1200)","Lenovo IdeaPad 3 (i5, 8GB, $550)",-0.2626953125,-1.4658203125
21,"HP Spectre x360 (Ryzen 7, 32GB, $1200)","HP Pavilion 15 (Ryzen 5, 8GB, $600)",-0.304931640625,-1.3359375
21,"HP Spectre x360 (Ryzen 7, 32GB, $1200)","ASUS ZenBook 14 (i5, 16GB, $700)",-0.3671875,-1.1796875
21,"HP Spectre x360 (Ryzen 7, 32GB, $1200)","Lenovo ThinkPad E14 (Ryzen 5, 16GB, $800)",-0.2890625,-1.3828125
21,"HP Spectre x360 (Ryzen 7, 32GB, $1200)","Dell Inspiron 16 (i7, 16GB, $1100)",-0.3349609375,-1.2568359375
21,"HP Spectre x360 (Ryzen 7, 32GB, $1200)","Dell XPS 15 (i7, 32GB, $1500)",-0.39208984375,-1.1259765625
21,"HP Spectre x360 (Ryzen 7, 32GB, $1200)","Lenovo ThinkPad X1 Carbon (Ryzen 7, 32GB, $1400)",-0.407470703125,-1.0947265625
21,"HP Spectre x360 (Ryzen 7, 32GB, $1200)","Apple MacBook Air M3 (M3, 16GB, $1800)",-0.33935546875,-1.24609375
21,"HP Spectre x360 (Ryzen 7, 32GB, $1200)","Apple MacBook Pro 14-inch (M3, 32GB, $2220)",-0.35791015625,-1.201171875
21,"HP Spectre x360 (Ryzen 7, 32GB, $1200)","Apple MacBook Pro 16-inch (M3, 64GB, $2800)",-0.326171875,-1.279296875
21,"Dell XPS 15 (i7, 32GB, $1500)","ASUS VivoBook 15 (i3, 8GB, $450)",-0.30908203125,-1.3251953125
21,"Dell XPS 15 (i7, 32GB, $1500)","Lenovo IdeaPad 3 (i5, 8GB, $550)",-0.29296875,-1.37109375
21,"Dell XPS 15 (i7, 32GB, $1500)","HP Pavilion 15 (Ryzen 5, 8GB, $600)",-0.313232421875,-1.3134765625
21,"Dell XPS 15 (i7, 32GB, $1500)","ASUS ZenBook 14 (i5, 16GB, $700)",-0.3818359375,-1.1474609375
21,"Dell XPS 15 (i7, 32GB, $1500)","Lenovo ThinkPad E14 (Ryzen 5, 16GB, $800)",-0.326171875,-1.279296875
21,"Dell XPS 15 (i7, 32GB, $1500)","Dell Inspiron 16 (i7, 16GB, $1100)",-0.3720703125,-1.1689453125
21,"Dell XPS 15 (i7, 32GB, $1500)","HP Spectre x360 (Ryzen 7, 32GB, $1200)",-0.35302734375,-1.212890625
21,"Dell XPS 15 (i7, 32GB, $1500)","Lenovo ThinkPad X1 Carbon (Ryzen 7, 32GB, $1400)",-0.407470703125,-1.0947265625
21,"Dell XPS 15 (i7, 32GB, $1500)","Apple MacBook Air M3 (M3, 16GB, $1800)",-0.3349609375,-1.2568359375
21,"Dell XPS 15 (i7, 32GB, $1500)","Apple MacBook Pro 14-inch (M3, 32GB, $2220)",-0.362548828125,-1.1904296875
21,"Dell XPS 15 (i7, 32GB, $1500)","Apple MacBook Pro 16-inch (M3, 64GB, $2800)",-0.35302734375,-1.212890625
21,"Lenovo ThinkPad X1 Carbon (Ryzen 7, 32GB, $1400)","ASUS VivoBook 15 (i3, 8GB, $450)",-0.24853515625,-1.513671875
21,"Lenovo ThinkPad X1 Carbon (Ryzen 7, 32GB, $1400)","Lenovo IdeaPad 3 (i5, 8GB, $550)",-0.2626953125,-1.4658203125
21,"Lenovo ThinkPad X1 Carbon (Ryzen 7, 32GB, $1400)","HP Pavilion 15 (Ryzen 5, 8GB, $600)",-0.24169921875,-1.5390625
21,"Lenovo ThinkPad X1 Carbon (Ryzen 7, 32GB, $1400)","ASUS ZenBook 14 (i5, 16GB, $700)",-0.30908203125,-1.3251953125
21,"Lenovo ThinkPad X1 Carbon (Ryzen 7, 32GB, $1400)","Lenovo ThinkPad E14 (Ryzen 5, 16GB, $800)",-0.28125,-1.40625
21,"Lenovo ThinkPad X1 Carbon (Ryzen 7, 32GB, $1400)","Dell Inspiron 16 (i7, 16GB, $1100)",-0.27734375,-1.41796875
21,"Lenovo ThinkPad X1 Carbon (Ryzen 7, 32GB, $1400)","HP Spectre x360 (Ryzen 7, 32GB, $1200)",-0.29296875,-1.37109375
21,"Lenovo ThinkPad X1 Carbon (Ryzen 7, 32GB, $1400)","Dell XPS 15 (i7, 32GB, $1500)",-0.3349609375,-1.2568359375
21,"Lenovo ThinkPad X1 Carbon (Ryzen 7, 32GB, $1400)","Apple MacBook Air M3 (M3, 16GB, $1800)",-0.273681640625,-1.4296875
21,"Lenovo ThinkPad X1 Carbon (Ryzen 7, 32GB, $1400)","Apple MacBook Pro 14-inch (M3, 32GB, $2220)",-0.27734375,-1.41796875
21,"Lenovo ThinkPad X1 Carbon (Ryzen 7, 32GB, $1400)","Apple MacBook Pro 16-inch (M3, 64GB, $2800)",-0.2626953125,-1.4658203125
21,"Apple MacBook Air M3 (M3, 16GB, $1800)","ASUS VivoBook 15 (i3, 8GB, $450)",-0.28125,-1.40625
21,"Apple MacBook Air M3 (M3, 16GB, $1800)","Lenovo IdeaPad 3 (i5, 8GB, $550)",-0.24853515625,-1.513671875
21,"Apple MacBook Air M3 (M3, 16GB, $1800)","HP Pavilion 15 (Ryzen 5, 8GB, $600)",-0.251953125,-1.501953125
21,"Apple MacBook Air M3 (M3, 16GB, $1800)","ASUS ZenBook 14 (i5, 16GB, $700)",-0.348388671875,-1.2236328125
21,"Apple MacBook Air M3 (M3, 16GB, $1800)","Lenovo ThinkPad E14 (Ryzen 5, 16GB, $800)",-0.296875,-1.359375
21,"Apple MacBook Air M3 (M3, 16GB, $1800)","Dell Inspiron 16 (i7, 16GB, $1100)",-0.304931640625,-1.3359375
21,"Apple MacBook Air M3 (M3, 16GB, $1800)","HP Spectre x360 (Ryzen 7, 32GB, $1200)",-0.326171875,-1.279296875
21,"Apple MacBook Air M3 (M3, 16GB, $1800)","Dell XPS 15 (i7, 32GB, $1500)",-0.33056640625,-1.267578125
21,"Apple MacBook Air M3 (M3, 16GB, $1800)","Lenovo ThinkPad X1 Carbon (Ryzen 7, 32GB, $1400)",-0.357666015625,-1.201171875
21,"Apple MacBook Air M3 (M3, 16GB, $1800)","Apple MacBook Pro 14-inch (M3, 32GB, $2220)",-0.439697265625,-1.033203125
21,"Apple MacBook Air M3 (M3, 16GB, $1800)","Apple MacBook Pro 16-inch (M3, 64GB, $2800)",-0.4287109375,-1.0537109375
21,"Apple MacBook Pro 14-inch (M3, 32GB, $2220)","ASUS VivoBook 15 (i3, 8GB, $450)",-0.2071533203125,-1.67578125
21,"Apple MacBook Pro 14-inch (M3, 32GB, $2220)","Lenovo IdeaPad 3 (i5, 8GB, $550)",-0.1697998046875,-1.857421875
21,"Apple MacBook Pro 14-inch (M3, 32GB, $2220)","HP Pavilion 15 (Ryzen 5, 8GB, $600)",-0.19580078125,-1.7265625
21,"Apple MacBook Pro 14-inch (M3, 32GB, $2220)","ASUS ZenBook 14 (i5, 16GB, $700)",-0.251953125,-1.501953125
21,"Apple MacBook Pro 14-inch (M3, 32GB, $2220)","Lenovo ThinkPad E14 (Ryzen 5, 16GB, $800)",-0.210205078125,-1.6630859375
21,"Apple MacBook Pro 14-inch (M3, 32GB, $2220)","Dell Inspiron 16 (i7, 16GB, $1100)",-0.21923828125,-1.625
21,"Apple MacBook Pro 14-inch (M3, 32GB, $2220)","HP Spectre x360 (Ryzen 7, 32GB, $1200)",-0.251953125,-1.501953125
21,"Apple MacBook Pro 14-inch (M3, 32GB, $2220)","Dell XPS 15 (i7, 32GB, $1500)",-0.26611328125,-1.4541015625
21,"Apple MacBook Pro 14-inch (M3, 32GB, $2220)","Lenovo ThinkPad X1 Carbon (Ryzen 7, 32GB, $1400)",-0.288818359375,-1.3828125
21,"Apple MacBook Pro 14-inch (M3, 32GB, $2220)","Apple MacBook Air M3 (M3, 16GB, $1800)",-0.313232421875,-1.3134765625
21,"Apple MacBook Pro 14-inch (M3, 32GB, $2220)","Apple MacBook Pro 16-inch (M3, 64GB, $2800)",-0.348388671875,-1.2236328125
21,"Apple MacBook Pro 16-inch (M3, 64GB, $2800)","ASUS VivoBook 15 (i3, 8GB, $450)",-0.2161865234375,-1.6376953125
21,"Apple MacBook Pro 16-inch (M3, 64GB, $2800)","Lenovo IdeaPad 3 (i5, 8GB, $550)",-0.1903076171875,-1.7529296875
21,"Apple MacBook Pro 16-inch (M3, 64GB, $2800)","HP Pavilion 15 (Ryzen 5, 8GB, $600)",-0.213134765625,-1.650390625
21,"Apple MacBook Pro 16-inch (M3, 64GB, $2800)","ASUS ZenBook 14 (i5, 16GB, $700)",-0.288818359375,-1.3828125
21,"Apple MacBook Pro 16-inch (M3, 64GB, $2800)","Lenovo ThinkPad E14 (Ryzen 5, 16GB, $800)",-0.2384033203125,-1.55078125
21,"Apple MacBook Pro 16-inch (M3, 64GB, $2800)","Dell Inspiron 16 (i7, 16GB, $1100)",-0.2451171875,-1.5263671875
21,"Apple MacBook Pro 16-inch (M3, 64GB, $2800)","HP Spectre x360 (Ryzen 7, 32GB, $1200)",-0.26611328125,-1.4541015625
21,"Apple MacBook Pro 16-inch (M3, 64GB, $2800)","Dell XPS 15 (i7, 32GB, $1500)",-0.27734375,-1.41796875
21,"Apple MacBook Pro 16-inch (M3, 64GB, $2800)","Lenovo ThinkPad X1 Carbon (Ryzen 7, 32GB, $1400)",-0.304931640625,-1.3359375
21,"Apple MacBook Pro 16-inch (M3, 64GB, $2800)","Apple MacBook Air M3 (M3, 16GB, $1800)",-0.376953125,-1.158203125
21,"Apple MacBook Pro 16-inch (M3, 64GB, $2800)","Apple MacBook Pro 14-inch (M3, 32GB, $2220)",-0.343994140625,-1.234375
22,"ASUS VivoBook 15 (i3, 8GB, $450)","Lenovo IdeaPad 3 (i5, 8GB, $550)",-0.890625,-0.53125
22,"ASUS VivoBook 15 (i3, 8GB, $450)","HP Pavilion 15 (Ryzen 5, 8GB, $600)",-0.935546875,-0.498291015625
22,"ASUS VivoBook 15 (i3, 8GB, $450)","ASUS ZenBook 14 (i5, 16GB, $700)",-1.1259765625,-0.39208984375
22,"ASUS VivoBook 15 (i3, 8GB, $450)","Lenovo ThinkPad E14 (Ryzen 5, 16GB, $800)",-0.87060546875,-0.54248046875
22,"ASUS VivoBook 15 (i3, 8GB, $450)","Dell Inspiron 16 (i7, 16GB, $1100)",-0.88916015625,-0.52978515625
22,"ASUS VivoBook 15 (i3, 8GB, $450)","HP Spectre x360 (Ryzen 7, 32GB, $1200)",-0.984375,-0.468505859375
22,"ASUS VivoBook 15 (i3, 8GB, $450)","Dell XPS 15 (i7, 32GB, $1500)",-0.88916015625,-0.52978515625
22,"ASUS VivoBook 15 (i3, 8GB, $450)","Lenovo ThinkPad X1 Carbon (Ryzen 7, 32GB, $1400)",-0.88916015625,-0.52978515625
22,"ASUS VivoBook 15 (i3, 8GB, $450)","Apple MacBook Air M3 (M3, 16GB, $1800)",-0.8525390625,-0.5556640625
22,"ASUS VivoBook 15 (i3, 8GB, $450)","Apple MacBook Pro 14-inch (M3, 32GB, $2220)",-0.8525390625,-0.5556640625
22,"ASUS VivoBook 15 (i3, 8GB, $450)","Apple MacBook Pro 16-inch (M3, 64GB, $2800)",-0.86181640625,-0.54931640625
22,"Lenovo IdeaPad 3 (i5, 8GB, $550)","ASUS VivoBook 15 (i3, 8GB, $450)",-0.9755859375,-0.4755859375
22,"Lenovo IdeaPad 3 (i5, 8GB, $550)","HP Pavilion 15 (Ryzen 5, 8GB, $600)",-0.92822265625,-0.50634765625
22,"Lenovo IdeaPad 3 (i5, 8GB, $550)","ASUS ZenBook 14 (i5, 16GB, $700)",-1.1591796875,-0.37841796875
22,"Lenovo IdeaPad 3 (i5, 8GB, $550)","Lenovo ThinkPad E14 (Ryzen 5, 16GB, $800)",-1.0263671875,-0.448486328125
22,"Lenovo IdeaPad 3 (i5, 8GB, $550)","Dell Inspiron 16 (i7, 16GB, $1100)",-0.95654296875,-0.48779296875
22,"Lenovo IdeaPad 3 (i5, 8GB, $550)","HP Spectre x360 (Ryzen 7, 32GB, $1200)",-0.98779296875,-0.472412109375
22,"Lenovo IdeaPad 3 (i5, 8GB, $550)","Dell XPS 15 (i7, 32GB, $1500)",-0.966796875,-0.482421875
22,"Lenovo IdeaPad 3 (i5, 8GB, $550)","Lenovo ThinkPad X1 Carbon (Ryzen 7, 32GB, $1400)",-1.046875,-0.437744140625
22,"Lenovo IdeaPad 3 (i5, 8GB, $550)","Apple MacBook Air M3 (M3, 16GB, $1800)",-0.88134765625,-0.53759765625
22,"Lenovo IdeaPad 3 (i5, 8GB, $550)","Apple MacBook Pro 14-inch (M3, 32GB, $2220)",-0.88134765625,-0.53759765625
22,"Lenovo IdeaPad 3 (i5, 8GB, $550)","Apple MacBook Pro 16-inch (M3, 64GB, $2800)",-0.8720703125,-0.5439453125
22,"HP Pavilion 15 (Ryzen 5, 8GB, $600)","ASUS VivoBook 15 (i3, 8GB, $450)",-0.98388671875,-0.46826171875
22,"HP Pavilion 15 (Ryzen 5, 8GB, $600)","Lenovo IdeaPad 3 (i5, 8GB, $550)",-0.9482421875,-0.5107421875
22,"HP Pavilion 15 (Ryzen 5, 8GB, $600)","ASUS ZenBook 14 (i5, 16GB, $700)",-1.24609375,-0.339599609375
22,"HP Pavilion 15 (Ryzen 5, 8GB, $600)","Lenovo ThinkPad E14 (Ryzen 5, 16GB, $800)",-1.013671875,-0.451171875
22,"HP Pavilion 15 (Ryzen 5, 8GB, $600)","Dell Inspiron 16 (i7, 16GB, $1100)",-0.97412109375,-0.47412109375
22,"HP Pavilion 15 (Ryzen 5, 8GB, $600)","HP Spectre x360 (Ryzen 7, 32GB, $1200)",-1.2919921875,-0.32373046875
22,"HP Pavilion 15 (Ryzen 5, 8GB, $600)","Dell XPS 15 (i7, 32GB, $1500)",-0.98388671875,-0.468505859375
22,"HP Pavilion 15 (Ryzen 5, 8GB, $600)","Lenovo ThinkPad X1 Carbon (Ryzen 7, 32GB, $1400)",-1.033203125,-0.43994140625
22,"HP Pavilion 15 (Ryzen 5, 8GB, $600)","Apple MacBook Air M3 (M3, 16GB, $1800)",-0.9453125,-0.4921875
22,"HP Pavilion 15 (Ryzen 5, 8GB, $600)","Apple MacBook Pro 14-inch (M3, 32GB, $2220)",-0.8984375,-0.5234375
22,"HP Pavilion 15 (Ryzen 5, 8GB, $600)","Apple MacBook Pro 16-inch (M3, 64GB, $2800)",-0.8984375,-0.5234375
22,"ASUS ZenBook 14 (i5, 16GB, $700)","ASUS VivoBook 15 (i3, 8GB, $450)",-0.8798828125,-0.5361328125
22,"ASUS ZenBook 14 (i5, 16GB, $700)","Lenovo IdeaPad 3 (i5, 8GB, $550)",-0.83056640625,-0.58056640625
22,"ASUS ZenBook 14 (i5, 16GB, $700)","HP Pavilion 15 (Ryzen 5, 8GB, $600)",-0.9169921875,-0.5107421875
22,"ASUS ZenBook 14 (i5, 16GB, $700)","Lenovo ThinkPad E14 (Ryzen 5, 16GB, $800)",-0.97412109375,-0.47412109375
22,"ASUS ZenBook 14 (i5, 16GB, $700)","Dell Inspiron 16 (i7, 16GB, $1100)",-0.95458984375,-0.486083984375
22,"ASUS ZenBook 14 (i5, 16GB, $700)","HP Spectre x360 (Ryzen 7, 32GB, $1200)",-1.10546875,-0.402587890625
22,"ASUS ZenBook 14 (i5, 16GB, $700)","Dell XPS 15 (i7, 32GB, $1500)",-0.9453125,-0.4921875
22,"ASUS ZenBook 14 (i5, 16GB, $700)","Lenovo ThinkPad X1 Carbon (Ryzen 7, 32GB, $1400)",-0.9453125,-0.4921875
22,"ASUS ZenBook 14 (i5, 16GB, $700)","Apple MacBook Air M3 (M3, 16GB, $1800)",-0.935546875,-0.498291015625
22,"ASUS ZenBook 14 (i5, 16GB, $700)","Apple MacBook Pro 14-inch (M3, 32GB, $2220)",-0.8798828125,-0.5361328125
22,"ASUS ZenBook 14 (i5, 16GB, $700)","Apple MacBook Pro 16-inch (M3, 64GB, $2800)",-0.88916015625,-0.52978515625
22,"Lenovo ThinkPad E14 (Ryzen 5, 16GB, $800)","ASUS VivoBook 15 (i3, 8GB, $450)",-0.7578125,-0.6328125
22,"Lenovo ThinkPad E14 (Ryzen 5, 16GB, $800)","Lenovo IdeaPad 3 (i5, 8GB, $550)",-0.79931640625,-0.62744140625
22,"Lenovo ThinkPad E14 (Ryzen 5, 16GB, $800)","HP Pavilion 15 (Ryzen 5, 8GB, $600)",-0.78271484375,-0.61083984375
22,"Lenovo ThinkPad E14 (Ryzen 5, 16GB, $800)","ASUS ZenBook 14 (i5, 16GB, $700)",-1.00390625,-0.456787109375
22,"Lenovo ThinkPad E14 (Ryzen 5, 16GB, $800)","Dell Inspiron 16 (i7, 16GB, $1100)",-0.84375,-0.5625
22,"Lenovo ThinkPad E14 (Ryzen 5, 16GB, $800)","HP Spectre x360 (Ryzen 7, 32GB, $1200)",-0.95556640625,-0.486572265625
22,"Lenovo ThinkPad E14 (Ryzen 5, 16GB, $800)","Dell XPS 15 (i7, 32GB, $1500)",-0.8349609375,-0.5693359375
22,"Lenovo ThinkPad E14 (Ryzen 5, 16GB, $800)","Lenovo ThinkPad X1 Carbon (Ryzen 7, 32GB, $1400)",-0.92626953125,-0.50439453125
22,"Lenovo ThinkPad E14 (Ryzen 5, 16GB, $800)","Apple MacBook Air M3 (M3, 16GB, $1800)",-0.79150390625,-0.60400390625
22,"Lenovo ThinkPad E14 (Ryzen 5, 16GB, $800)","Apple MacBook Pro 14-inch (M3, 32GB, $2220)",-0.73291015625,-0.65478515625
22,"Lenovo ThinkPad E14 (Ryzen 5, 16GB, $800)","Apple MacBook Pro 16-inch (M3, 64GB, $2800)",-0.7578125,-0.6328125
22,"Dell Inspiron 16 (i7, 16GB, $1100)","ASUS VivoBook 15 (i3, 8GB, $450)",-0.9169921875,-0.5107421875
22,"Dell Inspiron 16 (i7, 16GB, $1100)","Lenovo IdeaPad 3 (i5, 8GB, $550)",-0.85205078125,-0.57080078125
22,"Dell Inspiron 16 (i7, 16GB, $1100)","HP Pavilion 15 (Ryzen 5, 8GB, $600)",-0.86181640625,-0.54931640625
22,"Dell Inspiron 16 (i7, 16GB, $1100)","ASUS ZenBook 14 (i5, 16GB, $700)",-1.1904296875,-0.362548828125
22,"Dell Inspiron 16 (i7, 16GB, $1100)","Lenovo ThinkPad E14 (Ryzen 5, 16GB, $800)",-0.90771484375,-0.51708984375
22,"Dell Inspiron 16 (i7, 16GB, $1100)","HP Spectre x360 (Ryzen 7, 32GB, $1200)",-1.1591796875,-0.377685546875
22,"Dell Inspiron 16 (i7, 16GB, $1100)","Dell XPS 15 (i7, 32GB, $1500)",-1.1162109375,-0.397216796875
22,"Dell Inspiron 16 (i7, 16GB, $1100)","Lenovo ThinkPad X1 Carbon (Ryzen 7, 32GB, $1400)",-1.033203125,-0.43994140625
22,"Dell Inspiron 16 (i7, 16GB, $1100)","Apple MacBook Air M3 (M3, 16GB, $1800)",-1.0439453125,-0.434326171875
22,"Dell Inspiron 16 (i7, 16GB, $1100)","Apple MacBook Pro 14-inch (M3, 32GB, $2220)",-0.935546875,-0.498291015625
22,"Dell Inspiron 16 (i7, 16GB, $1100)","Apple MacBook Pro 16-inch (M3, 64GB, $2800)",-0.9453125,-0.4921875
22,"HP Spectre x360 (Ryzen 7, 32GB, $1200)","ASUS VivoBook 15 (i3, 8GB, $450)",-0.6630859375,-0.7255859375
22,"HP Spectre x360 (Ryzen 7, 32GB, $1200)","Lenovo IdeaPad 3 (i5, 8GB, $550)",-0.611328125,-0.798828125
22,"HP Spectre x360 (Ryzen 7, 32GB, $1200)","HP Pavilion 15 (Ryzen 5, 8GB, $600)",-0.73388671875,-0.65576171875
22,"HP Spectre x360 (Ryzen 7, 32GB, $1200)","ASUS ZenBook 14 (i5, 16GB, $700)",-0.83544921875,-0.56982421875
22,"HP Spectre x360 (Ryzen 7, 32GB, $1200)","Lenovo ThinkPad E14 (Ryzen 5, 16GB, $800)",-0.73388671875,-0.65576171875
22,"HP Spectre x360 (Ryzen 7, 32GB, $1200)","Dell Inspiron 16 (i7, 16GB, $1100)",-0.80029296875,-0.59716796875
22,"HP Spectre x360 (Ryzen 7, 32GB, $1200)","Dell XPS 15 (i7, 32GB, $1500)",-0.8896484375,-0.5302734375
22,"HP Spectre x360 (Ryzen 7, 32GB, $1200)","Lenovo ThinkPad X1 Carbon (Ryzen 7, 32GB, $1400)",-0.95556640625,-0.486572265625
22,"HP Spectre x360 (Ryzen 7, 32GB, $1200)","Apple MacBook Air M3 (M3, 16GB, $1800)",-0.80078125,-0.59765625
22,"HP Spectre x360 (Ryzen 7, 32GB, $1200)","Apple MacBook Pro 14-inch (M3, 32GB, $2220)",-0.8623046875,-0.5498046875
22,"HP Spectre x360 (Ryzen 7, 32GB, $1200)","Apple MacBook Pro 16-inch (M3, 64GB, $2800)",-0.81787109375,-0.58349609375
22,"Dell XPS 15 (i7, 32GB, $1500)","ASUS VivoBook 15 (i3, 8GB, $450)",-0.8173828125,-0.5830078125
22,"Dell XPS 15 (i7, 32GB, $1500)","Lenovo IdeaPad 3 (i5, 8GB, $550)",-0.76123046875,-0.63623046875
22,"Dell XPS 15 (i7, 32GB, $1500)","HP Pavilion 15 (Ryzen 5, 8GB, $600)",-0.79150390625,-0.60400390625
22,"Dell XPS 15 (i7, 32GB, $1500)","ASUS ZenBook 14 (i5, 16GB, $700)",-0.99365234375,-0.462646484375
22,"Dell XPS 15 (i7, 32GB, $1500)","Lenovo ThinkPad E14 (Ryzen 5, 16GB, $800)",-0.7744140625,-0.6181640625
22,"Dell XPS 15 (i7, 32GB, $1500)","Dell Inspiron 16 (i7, 16GB, $1100)",-0.9169921875,-0.5107421875
22,"Dell XPS 15 (i7, 32GB, $1500)","HP Spectre x360 (Ryzen 7, 32GB, $1200)",-0.91748046875,-0.51123046875
22,"Dell XPS 15 (i7, 32GB, $1500)","Lenovo ThinkPad X1 Carbon (Ryzen 7, 32GB, $1400)",-0.8984375,-0.5234375
22,"Dell XPS 15 (i7, 32GB, $1500)","Apple MacBook Air M3 (M3, 16GB, $1800)",-0.8349609375,-0.5693359375
22,"Dell XPS 15 (i7, 32GB, $1500)","Apple MacBook Pro 14-inch (M3, 32GB, $2220)",-0.8349609375,-0.5693359375
22,"Dell XPS 15 (i7, 32GB, $1500)","Apple MacBook Pro 16-inch (M3, 64GB, $2800)",-0.8173828125,-0.5830078125
22,"Lenovo ThinkPad X1 Carbon (Ryzen 7, 32GB, $1400)","ASUS VivoBook 15 (i3, 8GB, $450)",-0.61083984375,-0.78271484375
22,"Lenovo ThinkPad X1 Carbon (Ryzen 7, 32GB, $1400)","Lenovo IdeaPad 3 (i5, 8GB, $550)",-0.646484375,-0.755859375
22,"Lenovo ThinkPad X1 Carbon (Ryzen 7, 32GB, $1400)","HP Pavilion 15 (Ryzen 5, 8GB, $600)",-0.62548828125,-0.76611328125
22,"Lenovo ThinkPad X1 Carbon (Ryzen 7, 32GB, $1400)","ASUS ZenBook 14 (i5, 16GB, $700)",-0.7744140625,-0.6181640625
22,"Lenovo ThinkPad X1 Carbon (Ryzen 7, 32GB, $1400)","Lenovo ThinkPad E14 (Ryzen 5, 16GB, $800)",-0.708984375,-0.677734375
22,"Lenovo ThinkPad X1 Carbon (Ryzen 7, 32GB, $1400)","Dell Inspiron 16 (i7, 16GB, $1100)",-0.701171875,-0.685546875
22,"Lenovo ThinkPad X1 Carbon (Ryzen 7, 32GB, $1400)","HP Spectre x360 (Ryzen 7, 32GB, $1200)",-0.84423828125,-0.56298828125
22,"Lenovo ThinkPad X1 Carbon (Ryzen 7, 32GB, $1400)","Dell XPS 15 (i7, 32GB, $1500)",-0.80029296875,-0.59716796875
22,"Lenovo ThinkPad X1 Carbon (Ryzen 7, 32GB, $1400)","Apple MacBook Air M3 (M3, 16GB, $1800)",-0.677734375,-0.708984375
22,"Lenovo ThinkPad X1 Carbon (Ryzen 7, 32GB, $1400)","Apple MacBook Pro 14-inch (M3, 32GB, $2220)",-0.708984375,-0.677734375
22,"Lenovo ThinkPad X1 Carbon (Ryzen 7, 32GB, $1400)","Apple MacBook Pro 16-inch (M3, 64GB, $2800)",-0.677734375,-0.708984375
22,"Apple MacBook Air M3 (M3, 16GB, $1800)","ASUS VivoBook 15 (i3, 8GB, $450)",-0.71728515625,-0.67041015625
22,"Apple MacBook Air M3 (M3, 16GB, $1800)","Lenovo IdeaPad 3 (i5, 8GB, $550)",-0.6728515625,-0.7197265625
22,"Apple MacBook Air M3 (M3, 16GB, $1800)","HP Pavilion 15 (Ryzen 5, 8GB, $600)",-0.685546875,-0.701171875
22,"Apple MacBook Air M3 (M3, 16GB, $1800)","ASUS ZenBook 14 (i5, 16GB, $700)",-0.9169921875,-0.5107421875
22,"Apple MacBook Air M3 (M3, 16GB, $1800)","Lenovo ThinkPad E14 (Ryzen 5, 16GB, $800)",-0.74951171875,-0.64013671875
22,"Apple MacBook Air M3 (M3, 16GB, $1800)","Dell Inspiron 16 (i7, 16GB, $1100)",-0.79150390625,-0.60400390625
22,"Apple MacBook Air M3 (M3, 16GB, $1800)","HP Spectre x360 (Ryzen 7, 32GB, $1200)",-0.8623046875,-0.5498046875
22,"Apple MacBook Air M3 (M3, 16GB, $1800)","Dell XPS 15 (i7, 32GB, $1500)",-0.80859375,-0.58984375
22,"Apple MacBook Air M3 (M3, 16GB, $1800)","Lenovo ThinkPad X1 Carbon (Ryzen 7, 32GB, $1400)",-0.8349609375,-0.5693359375
22,"Apple MacBook Air M3 (M3, 16GB, $1800)","Apple MacBook Pro 14-inch (M3, 32GB, $2220)",-1.07421875,-0.418212890625
22,"Apple MacBook Air M3 (M3, 16GB, $1800)","Apple MacBook Pro 16-inch (M3, 64GB, $2800)",-1.0537109375,-0.428955078125
22,"Apple MacBook Pro 14-inch (M3, 32GB, $2220)","ASUS VivoBook 15 (i3, 8GB, $450)",-0.576171875,-0.826171875
22,"Apple MacBook Pro 14-inch (M3, 32GB, $2220)","Lenovo IdeaPad 3 (i5, 8GB, $550)",-0.54541015625,-0.87353515625
22,"Apple MacBook Pro 14-inch (M3, 32GB, $2220)","HP Pavilion 15 (Ryzen 5, 8GB, $600)",-0.576171875,-0.826171875
22,"Apple MacBook Pro 14-inch (M3, 32GB, $2220)","ASUS ZenBook 14 (i5, 16GB, $700)",-0.73291015625,-0.65478515625
22,"Apple MacBook Pro 14-inch (M3, 32GB, $2220)","Lenovo ThinkPad E14 (Ryzen 5, 16GB, $800)",-0.5830078125,-0.8173828125
22,"Apple MacBook Pro 14-inch (M3, 32GB, $2220)","Dell Inspiron 16 (i7, 16GB, $1100)",-0.6181640625,-0.7744140625
22,"Apple MacBook Pro 14-inch (M3, 32GB, $2220)","HP Spectre x360 (Ryzen 7, 32GB, $1200)",-0.7255859375,-0.6630859375
22,"Apple MacBook Pro 14-inch (M3, 32GB, $2220)","Dell XPS 15 (i7, 32GB, $1500)",-0.685546875,-0.701171875
22,"Apple MacBook Pro 14-inch (M3, 32GB, $2220)","Lenovo ThinkPad X1 Carbon (Ryzen 7, 32GB, $1400)",-0.716796875,-0.669921875
22,"Apple MacBook Pro 14-inch (M3, 32GB, $2220)","Apple MacBook Air M3 (M3, 16GB, $1800)",-0.78271484375,-0.61083984375
22,"Apple MacBook Pro 14-inch (M3, 32GB, $2220)","Apple MacBook Pro 16-inch (M3, 64GB, $2800)",-0.9169921875,-0.5107421875
22,"Apple MacBook Pro 16-inch (M3, 64GB, $2800)","ASUS VivoBook 15 (i3, 8GB, $450)",-0.60400390625,-0.79150390625
22,"Apple MacBook Pro 16-inch (M3, 64GB, $2800)","Lenovo IdeaPad 3 (i5, 8GB, $550)",-0.58056640625,-0.83056640625
22,"Apple MacBook Pro 16-inch (M3, 64GB, $2800)","HP Pavilion 15 (Ryzen 5, 8GB, $600)",-0.60400390625,-0.79150390625
22,"Apple MacBook Pro 16-inch (M3, 64GB, $2800)","ASUS ZenBook 14 (i5, 16GB, $700)",-0.7998046875,-0.5966796875
22,"Apple MacBook Pro 16-inch (M3, 64GB, $2800)","Lenovo ThinkPad E14 (Ryzen 5, 16GB, $800)",-0.6328125,-0.7578125
22,"Apple MacBook Pro 16-inch (M3, 64GB, $2800)","Dell Inspiron 16 (i7, 16GB, $1100)",-0.677734375,-0.708984375
22,"Apple MacBook Pro 16-inch (M3, 64GB, $2800)","HP Spectre x360 (Ryzen 7, 32GB, $1200)",-0.75830078125,-0.63330078125
22,"Apple MacBook Pro 16-inch (M3, 64GB, $2800)","Dell XPS 15 (i7, 32GB, $1500)",-0.701171875,-0.685546875
22,"Apple MacBook Pro 16-inch (M3, 64GB, $2800)","Lenovo ThinkPad X1 Carbon (Ryzen 7, 32GB, $1400)",-0.7412109375,-0.6474609375
22,"Apple MacBook Pro 16-inch (M3, 64GB, $2800)","Apple MacBook Air M3 (M3, 16GB, $1800)",-0.8984375,-0.5234375
22,"Apple MacBook Pro 16-inch (M3, 64GB, $2800)","Apple MacBook Pro 14-inch (M3, 32GB, $2220)",-0.8984375,-0.5234375
23,"ASUS VivoBook 15 (i3, 8GB, $450)","Lenovo IdeaPad 3 (i5, 8GB, $550)",-1.1162109375,-0.39697265625
23,"ASUS VivoBook 15 (i3, 8GB, $450)","HP Pavilion 15 (Ryzen 5, 8GB, $600)",-1.1689453125,-0.3720703125
23,"ASUS VivoBook 15 (i3, 8GB, $450)","ASUS ZenBook 14 (i5, 16GB, $700)",-1.37109375,-0.29296875
23,"ASUS VivoBook 15 (i3, 8GB, $450)","Lenovo ThinkPad E14 (Ryzen 5, 16GB, $800)",-1.13671875,-0.386962890625
23,"ASUS VivoBook 15 (i3, 8GB, $450)","Dell Inspiron 16 (i7, 16GB, $1100)",-1.1259765625,-0.391845703125
23,"ASUS VivoBook 15 (i3, 8GB, $450)","HP Spectre x360 (Ryzen 7, 32GB, $1200)",-1.201171875,-0.357666015625
23,"ASUS VivoBook 15 (i3, 8GB, $450)","Dell XPS 15 (i7, 32GB, $1500)",-1.1162109375,-0.39697265625
23,"ASUS VivoBook 15 (i3, 8GB, $450)","Lenovo ThinkPad X1 Carbon (Ryzen 7, 32GB, $1400)",-1.1796875,-0.3671875
23,"ASUS VivoBook 15 (i3, 8GB, $450)","Apple MacBook Air M3 (M3, 16GB, $1800)",-1.07421875,-0.41796875
23,"ASUS VivoBook 15 (i3, 8GB, $450)","Apple MacBook Pro 14-inch (M3, 32GB, $2220)",-1.10546875,-0.402099609375
23,"ASUS VivoBook 15 (i3, 8GB, $450)","Apple MacBook Pro 16-inch (M3, 64GB, $2800)",-1.0947265625,-0.407470703125
23,"Lenovo IdeaPad 3 (i5, 8GB, $550)","ASUS VivoBook 15 (i3, 8GB, $450)",-1.2236328125,-0.3486328125
23,"Lenovo IdeaPad 3 (i5, 8GB, $550)","HP Pavilion 15 (Ryzen 5, 8GB, $600)",-1.158203125,-0.377197265625
23,"Lenovo IdeaPad 3 (i5, 8GB, $550)","ASUS ZenBook 14 (i5, 16GB, $700)",-1.37109375,-0.29296875
23,"Lenovo IdeaPad 3 (i5, 8GB, $550)","Lenovo ThinkPad E14 (Ryzen 5, 16GB, $800)",-1.3017578125,-0.317626953125
23,"Lenovo IdeaPad 3 (i5, 8GB, $550)","Dell Inspiron 16 (i7, 16GB, $1100)",-1.1796875,-0.367431640625
23,"Lenovo IdeaPad 3 (i5, 8GB, $550)","HP Spectre x360 (Ryzen 7, 32GB, $1200)",-1.212890625,-0.353271484375
23,"Lenovo IdeaPad 3 (i5, 8GB, $550)","Dell XPS 15 (i7, 32GB, $1500)",-1.1904296875,-0.362548828125
23,"Lenovo IdeaPad 3 (i5, 8GB, $550)","Lenovo ThinkPad X1 Carbon (Ryzen 7, 32GB, $1400)",-1.359375,-0.296875
23,"Lenovo IdeaPad 3 (i5, 8GB, $550)","Apple MacBook Air M3 (M3, 16GB, $1800)",-1.1259765625,-0.39208984375
23,"Lenovo IdeaPad 3 (i5, 8GB, $550)","Apple MacBook Pro 14-inch (M3, 32GB, $2220)",-1.10546875,-0.40234375
23,"Lenovo IdeaPad 3 (i5, 8GB, $550)","Apple MacBook Pro 16-inch (M3, 64GB, $2800)",-1.10546875,-0.40234375
23,"HP Pavilion 15 (Ryzen 5, 8GB, $600)","ASUS VivoBook 15 (i3, 8GB, $450)",-1.1689453125,-0.3720703125
23,"HP Pavilion 15 (Ryzen 5, 8GB, $600)","Lenovo IdeaPad 3 (i5, 8GB, $550)",-1.1484375,-0.38232421875
23,"HP Pavilion 15 (Ryzen 5, 8GB, $600)","ASUS ZenBook 14 (i5, 16GB, $700)",-1.4296875,-0.273681640625
23,"HP Pavilion 15 (Ryzen 5, 8GB, $600)","Lenovo ThinkPad E14 (Ryzen 5, 16GB, $800)",-1.1904296875,-0.362548828125
23,"HP Pavilion 15 (Ryzen 5, 8GB, $600)","Dell Inspiron 16 (i7, 16GB, $1100)",-1.1796875,-0.3671875
23,"HP Pavilion 15 (Ryzen 5, 8GB, $600)","HP Spectre x360 (Ryzen 7, 32GB, $1200)",-1.5390625,-0.2418212890625
23,"HP Pavilion 15 (Ryzen 5, 8GB, $600)","Dell XPS 15 (i7, 32GB, $1500)",-1.1796875,-0.3671875
23,"HP Pavilion 15 (Ryzen 5, 8GB, $600)","Lenovo ThinkPad X1 Carbon (Ryzen 7, 32GB, $1400)",-1.3017578125,-0.317626953125
23,"HP Pavilion 15 (Ryzen 5, 8GB, $600)","Apple MacBook Air M3 (M3, 16GB, $1800)",-1.158203125,-0.376953125
23,"HP Pavilion 15 (Ryzen 5, 8GB, $600)","Apple MacBook Pro 14-inch (M3, 32GB, $2220)",-1.1474609375,-0.3818359375
23,"HP Pavilion 15 (Ryzen 5, 8GB, $600)","Apple MacBook Pro 16-inch (M3, 64GB, $2800)",-1.13671875,-0.386962890625
23,"ASUS ZenBook 14 (i5, 16GB, $700)","ASUS VivoBook 15 (i3, 8GB, $450)",-1.10546875,-0.402099609375
23,"ASUS ZenBook 14 (i5, 16GB, $700)","Lenovo IdeaPad 3 (i5, 8GB, $550)",-1.033203125,-0.43994140625
23,"ASUS ZenBook 14 (i5, 16GB, $700)","HP Pavilion 15 (Ryzen 5, 8GB, $600)",-1.1259765625,-0.391845703125
23,"ASUS ZenBook 14 (i5, 16GB, $700)","Lenovo ThinkPad E14 (Ryzen 5, 16GB, $800)",-1.1689453125,-0.3720703125
23,"ASUS ZenBook 14 (i5, 16GB, $700)","Dell Inspiron 16 (i7, 16GB, $1100)",-1.1259765625,-0.391845703125
23,"ASUS ZenBook 14 (i5, 16GB, $700)","HP Spectre x360 (Ryzen 7, 32GB, $1200)",-1.267578125,-0.33056640625
23,"ASUS ZenBook 14 (i5, 16GB, $700)","Dell XPS 15 (i7, 32GB, $1500)",-1.13671875,-0.386962890625
23,"ASUS ZenBook 14 (i5, 16GB, $700)","Lenovo ThinkPad X1 Carbon (Ryzen 7, 32GB, $1400)",-1.201171875,-0.357666015625
23,"ASUS ZenBook 14 (i5, 16GB, $700)","Apple MacBook Air M3 (M3, 16GB, $1800)",-1.1162109375,-0.39697265625
23,"ASUS ZenBook 14 (i5, 16GB, $700)","Apple MacBook Pro 14-inch (M3, 32GB, $2220)",-1.0849609375,-0.41259765625
23,"ASUS ZenBook 14 (i5, 16GB, $700)","Apple MacBook Pro 16-inch (M3, 64GB, $2800)",-1.0849609375,-0.41259765625
23,"Lenovo ThinkPad E14 (Ryzen 5, 16GB, $800)","ASUS VivoBook 15 (i3, 8GB, $450)",-0.96435546875,-0.47998046875
23,"Lenovo ThinkPad E14 (Ryzen 5, 16GB, $800)","Lenovo IdeaPad 3 (i5, 8GB, $550)",-1.0244140625,-0.446044921875
23,"Lenovo ThinkPad E14 (Ryzen 5, 16GB, $800)","HP Pavilion 15 (Ryzen 5, 8GB, $600)",-0.96435546875,-0.47998046875
23,"Lenovo ThinkPad E14 (Ryzen 5, 16GB, $800)","ASUS ZenBook 14 (i5, 16GB, $700)",-1.158203125,-0.376953125
23,"Lenovo ThinkPad E14 (Ryzen 5, 16GB, $800)","Dell Inspiron 16 (i7, 16GB, $1100)",-1.013671875,-0.450927734375
23,"Lenovo ThinkPad E14 (Ryzen 5, 16GB, $800)","HP Spectre x360 (Ryzen 7, 32GB, $1200)",-1.13671875,-0.386962890625
23,"Lenovo ThinkPad E14 (Ryzen 5, 16GB, $800)","Dell XPS 15 (i7, 32GB, $1500)",-1.00390625,-0.45654296875
23,"Lenovo ThinkPad E14 (Ryzen 5, 16GB, $800)","Lenovo ThinkPad X1 Carbon (Ryzen 7, 32GB, $1400)",-1.234375,-0.343994140625
23,"Lenovo ThinkPad E14 (Ryzen 5, 16GB, $800)","Apple MacBook Air M3 (M3, 16GB, $1800)",-0.97412109375,-0.47412109375
23,"Lenovo ThinkPad E14 (Ryzen 5, 16GB, $800)","Apple MacBook Pro 14-inch (M3, 32GB, $2220)",-0.935546875,-0.498046875
23,"Lenovo ThinkPad E14 (Ryzen 5, 16GB, $800)","Apple MacBook Pro 16-inch (M3, 64GB, $2800)",-0.9453125,-0.491943359375
23,"Dell Inspiron 16 (i7, 16GB, $1100)","ASUS VivoBook 15 (i3, 8GB, $450)",-1.13671875,-0.386962890625
23,"Dell Inspiron 16 (i7, 16GB, $1100)","Lenovo IdeaPad 3 (i5, 8GB, $550)",-1.0849609375,-0.412841796875
23,"Dell Inspiron 16 (i7, 16GB, $1100)","HP Pavilion 15 (Ryzen 5, 8GB, $600)",-1.1259765625,-0.391845703125
23,"Dell Inspiron 16 (i7, 16GB, $1100)","ASUS ZenBook 14 (i5, 16GB, $700)",-1.34765625,-0.30078125
23,"Dell Inspiron 16 (i7, 16GB, $1100)","Lenovo ThinkPad E14 (Ryzen 5, 16GB, $800)",-1.1474609375,-0.3818359375
23,"Dell Inspiron 16 (i7, 16GB, $1100)","HP Spectre x360 (Ryzen 7, 32GB, $1200)",-1.3359375,-0.304931640625
23,"Dell Inspiron 16 (i7, 16GB, $1100)","Dell XPS 15 (i7, 32GB, $1500)",-1.3017578125,-0.317626953125
23,"Dell Inspiron 16 (i7, 16GB, $1100)","Lenovo ThinkPad X1 Carbon (Ryzen 7, 32GB, $1400)",-1.291015625,-0.32177734375
23,"Dell Inspiron 16 (i7, 16GB, $1100)","Apple MacBook Air M3 (M3, 16GB, $1800)",-1.234375,-0.343994140625
23,"Dell Inspiron 16 (i7, 16GB, $1100)","Apple MacBook Pro 14-inch (M3, 32GB, $2220)",-1.1689453125,-0.3720703125
23,"Dell Inspiron 16 (i7, 16GB, $1100)","Apple MacBook Pro 16-inch (M3, 64GB, $2800)",-1.1796875,-0.3671875
23,"HP Spectre x360 (Ryzen 7, 32GB, $1200)","ASUS VivoBook 15 (i3, 8GB, $450)",-0.87060546875,-0.54248046875
23,"HP Spectre x360 (Ryzen 7, 32GB, $1200)","Lenovo IdeaPad 3 (i5, 8GB, $550)",-0.84375,-0.5625
23,"HP Spectre x360 (Ryzen 7, 32GB, $1200)","HP Pavilion 15 (Ryzen 5, 8GB, $600)",-0.98388671875,-0.46826171875
23,"HP Spectre x360 (Ryzen 7, 32GB, $1200)","ASUS ZenBook 14 (i5, 16GB, $700)",-0.99365234375,-0.46240234375
23,"HP Spectre x360 (Ryzen 7, 32GB, $1200)","Lenovo ThinkPad E14 (Ryzen 5, 16GB, $800)",-0.96435546875,-0.47998046875
23,"HP Spectre x360 (Ryzen 7, 32GB, $1200)","Dell Inspiron 16 (i7, 16GB, $1100)",-0.97412109375,-0.47412109375
23,"HP Spectre x360 (Ryzen 7, 32GB, $1200)","Dell XPS 15 (i7, 32GB, $1500)",-1.033203125,-0.439697265625
23,"HP Spectre x360 (Ryzen 7, 32GB, $1200)","Lenovo ThinkPad X1 Carbon (Ryzen 7, 32GB, $1400)",-1.1162109375,-0.39697265625
23,"HP Spectre x360 (Ryzen 7, 32GB, $1200)","Apple MacBook Air M3 (M3, 16GB, $1800)",-0.97412109375,-0.47412109375
23,"HP Spectre x360 (Ryzen 7, 32GB, $1200)","Apple MacBook Pro 14-inch (M3, 32GB, $2220)",-1.0634765625,-0.42333984375
23,"HP Spectre x360 (Ryzen 7, 32GB, $1200)","Apple MacBook Pro 16-inch (M3, 64GB, $2800)",-1.013671875,-0.450927734375
23,"Dell XPS 15 (i7, 32GB, $1500)","ASUS VivoBook 15 (i3, 8GB, $450)",-1.0234375,-0.4453125
23,"Dell XPS 15 (i7, 32GB, $1500)","Lenovo IdeaPad 3 (i5, 8GB, $550)",-0.96435546875,-0.480224609375
23,"Dell XPS 15 (i7, 32GB, $1500)","HP Pavilion 15 (Ryzen 5, 8GB, $600)",-1.0234375,-0.4453125
23,"Dell XPS 15 (i7, 32GB, $1500)","ASUS ZenBook 14 (i5, 16GB, $700)",-1.158203125,-0.376953125
23,"Dell XPS 15 (i7, 32GB, $1500)","Lenovo ThinkPad E14 (Ryzen 5, 16GB, $800)",-1.013671875,-0.450927734375
23,"Dell XPS 15 (i7, 32GB, $1500)","Dell Inspiron 16 (i7, 16GB, $1100)",-1.0849609375,-0.41259765625
23,"Dell XPS 15 (i7, 32GB, $1500)","HP Spectre x360 (Ryzen 7, 32GB, $1200)",-1.07421875,-0.41796875
23,"Dell XPS 15 (i7, 32GB, $1500)","Lenovo ThinkPad X1 Carbon (Ryzen 7, 32GB, $1400)",-1.0849609375,-0.41259765625
23,"Dell XPS 15 (i7, 32GB, $1500)","Apple MacBook Air M3 (M3, 16GB, $1800)",-1.0537109375,-0.4287109375
23,"Dell XPS 15 (i7, 32GB, $1500)","Apple MacBook Pro 14-inch (M3, 32GB, $2220)",-1.0537109375,-0.4287109375
23,"Dell XPS 15 (i7, 32GB, $1500)","Apple MacBook Pro 16-inch (M3, 64GB, $2800)",-1.0439453125,-0.43408203125
23,"Lenovo ThinkPad X1 Carbon (Ryzen 7, 32GB, $1400)","ASUS VivoBook 15 (i3, 8GB, $450)",-0.84375,-0.5625
23,"Lenovo ThinkPad X1 Carbon (Ryzen 7, 32GB, $1400)","Lenovo IdeaPad 3 (i5, 8GB, $550)",-0.8798828125,-0.5361328125
23,"Lenovo ThinkPad X1 Carbon (Ryzen 7, 32GB, $1400)","HP Pavilion 15 (Ryzen 5, 8GB, $600)",-0.86181640625,-0.54931640625
23,"Lenovo ThinkPad X1 Carbon (Ryzen 7, 32GB, $1400)","ASUS ZenBook 14 (i5, 16GB, $700)",-0.96435546875,-0.47998046875
23,"Lenovo ThinkPad X1 Carbon (Ryzen 7, 32GB, $1400)","Lenovo ThinkPad E14 (Ryzen 5, 16GB, $800)",-0.97412109375,-0.47412109375
23,"Lenovo ThinkPad X1 Carbon (Ryzen 7, 32GB, $1400)","Dell Inspiron 16 (i7, 16GB, $1100)",-0.888671875,-0.529296875
23,"Lenovo ThinkPad X1 Carbon (Ryzen 7, 32GB, $1400)","HP Spectre x360 (Ryzen 7, 32GB, $1200)",-0.96435546875,-0.47998046875
23,"Lenovo ThinkPad X1 Carbon (Ryzen 7, 32GB, $1400)","Dell XPS 15 (i7, 32GB, $1500)",-0.95458984375,-0.486083984375
23,"Lenovo ThinkPad X1 Carbon (Ryzen 7, 32GB, $1400)","Apple MacBook Air M3 (M3, 16GB, $1800)",-0.87060546875,-0.54248046875
23,"Lenovo ThinkPad X1 Carbon (Ryzen 7, 32GB, $1400)","Apple MacBook Pro 14-inch (M3, 32GB, $2220)",-0.9169921875,-0.5107421875
23,"Lenovo ThinkPad X1 Carbon (Ryzen 7, 32GB, $1400)","Apple MacBook Pro 16-inch (M3, 64GB, $2800)",-0.8798828125,-0.5361328125
23,"Apple MacBook Air M3 (M3, 16GB, $1800)","ASUS VivoBook 15 (i3, 8GB, $450)",-0.9072265625,-0.5166015625
23,"Apple MacBook Air M3 (M3, 16GB, $1800)","Lenovo IdeaPad 3 (i5, 8GB, $550)",-0.87060546875,-0.54248046875
23,"Apple MacBook Air M3 (M3, 16GB, $1800)","HP Pavilion 15 (Ryzen 5, 8GB, $600)",-0.9072265625,-0.5166015625
23,"Apple MacBook Air M3 (M3, 16GB, $1800)","ASUS ZenBook 14 (i5, 16GB, $700)",-1.0537109375,-0.4287109375
23,"Apple MacBook Air M3 (M3, 16GB, $1800)","Lenovo ThinkPad E14 (Ryzen 5, 16GB, $800)",-0.935546875,-0.498046875
23,"Apple MacBook Air M3 (M3, 16GB, $1800)","Dell Inspiron 16 (i7, 16GB, $1100)",-0.95458984375,-0.486083984375
23,"Apple MacBook Air M3 (M3, 16GB, $1800)","HP Spectre x360 (Ryzen 7, 32GB, $1200)",-0.97412109375,-0.47412109375
23,"Apple MacBook Air M3 (M3, 16GB, $1800)","Dell XPS 15 (i7, 32GB, $1500)",-0.97412109375,-0.47412109375
23,"Apple MacBook Air M3 (M3, 16GB, $1800)","Lenovo ThinkPad X1 Carbon (Ryzen 7, 32GB, $1400)",-1.0234375,-0.4453125
23,"Apple MacBook Air M3 (M3, 16GB, $1800)","Apple MacBook Pro 14-inch (M3, 32GB, $2220)",-1.24609375,-0.33935546875
23,"Apple MacBook Air M3 (M3, 16GB, $1800)","Apple MacBook Pro 16-inch (M3, 64GB, $2800)",-1.201171875,-0.357666015625
23,"Apple MacBook Pro 14-inch (M3, 32GB, $2220)","ASUS VivoBook 15 (i3, 8GB, $450)",-0.8173828125,-0.5830078125
23,"Apple MacBook Pro 14-inch (M3, 32GB, $2220)","Lenovo IdeaPad 3 (i5, 8GB, $550)",-0.7744140625,-0.6181640625
23,"Apple MacBook Pro 14-inch (M3, 32GB, $2220)","HP Pavilion 15 (Ryzen 5, 8GB, $600)",-0.826171875,-0.576171875
23,"Apple MacBook Pro 14-inch (M3, 32GB, $2220)","ASUS ZenBook 14 (i5, 16GB, $700)",-0.935546875,-0.498046875
23,"Apple MacBook Pro 14-inch (M3, 32GB, $2220)","Lenovo ThinkPad E14 (Ryzen 5, 16GB, $800)",-0.8173828125,-0.5830078125
23,"Apple MacBook Pro 14-inch (M3, 32GB, $2220)","Dell Inspiron 16 (i7, 16GB, $1100)",-0.8349609375,-0.5693359375
23,"Apple MacBook Pro 14-inch (M3, 32GB, $2220)","HP Spectre x360 (Ryzen 7, 32GB, $1200)",-0.9169921875,-0.5107421875
23,"Apple MacBook Pro 14-inch (M3, 32GB, $2220)","Dell XPS 15 (i7, 32GB, $1500)",-0.888671875,-0.529296875
23,"Apple MacBook Pro 14-inch (M3, 32GB, $2220)","Lenovo ThinkPad X1 Carbon (Ryzen 7, 32GB, $1400)",-0.9453125,-0.491943359375
23,"Apple MacBook Pro 14-inch (M3, 32GB, $2220)","Apple MacBook Air M3 (M3, 16GB, $1800)",-0.97412109375,-0.47412109375
23,"Apple MacBook Pro 14-inch (M3, 32GB, $2220)","Apple MacBook Pro 16-inch (M3, 64GB, $2800)",-1.07421875,-0.41796875
23,"Apple MacBook Pro 16-inch (M3, 64GB, $2800)","ASUS VivoBook 15 (i3, 8GB, $450)",-0.8173828125,-0.5830078125
23,"Apple MacBook Pro 16-inch (M3, 64GB, $2800)","Lenovo IdeaPad 3 (i5, 8GB, $550)",-0.7998046875,-0.5966796875
23,"Apple MacBook Pro 16-inch (M3, 64GB, $2800)","HP Pavilion 15 (Ryzen 5, 8GB, $600)",-0.8349609375,-0.5693359375
23,"Apple MacBook Pro 16-inch (M3, 64GB, $2800)","ASUS ZenBook 14 (i5, 16GB, $700)",-0.97412109375,-0.47412109375
23,"Apple MacBook Pro 16-inch (M3, 64GB, $2800)","Lenovo ThinkPad E14 (Ryzen 5, 16GB, $800)",-0.84375,-0.5625
23,"Apple MacBook Pro 16-inch (M3, 64GB, $2800)","Dell Inspiron 16 (i7, 16GB, $1100)",-0.861328125,-0.548828125
23,"Apple MacBook Pro 16-inch (M3, 64GB, $2800)","HP Spectre x360 (Ryzen 7, 32GB, $1200)",-0.9453125,-0.491943359375
23,"Apple MacBook Pro 16-inch (M3, 64GB, $2800)","Dell XPS 15 (i7, 32GB, $1500)",-0.89794921875,-0.52294921875
23,"Apple MacBook Pro 16-inch (M3, 64GB, $2800)","Lenovo ThinkPad X1 Carbon (Ryzen 7, 32GB, $1400)",-0.97412109375,-0.47412109375
23,"Apple MacBook Pro 16-inch (M3, 64GB, $2800)","Apple MacBook Air M3 (M3, 16GB, $1800)",-1.0537109375,-0.4287109375
23,"Apple MacBook Pro 16-inch (M3, 64GB, $2800)","Apple MacBook Pro 14-inch (M3, 32GB, $2220)",-1.0537109375,-0.4287109375
24,"ASUS VivoBook 15 (i3, 8GB, $450)","Lenovo IdeaPad 3 (i5, 8GB, $550)",-0.66259765625,-0.72509765625
24,"ASUS VivoBook 15 (i3, 8GB, $450)","HP Pavilion 15 (Ryzen 5, 8GB, $600)",-0.716796875,-0.669921875
24,"ASUS VivoBook 15 (i3, 8GB, $450)","ASUS ZenBook 14 (i5, 16GB, $700)",-0.95458984375,-0.486083984375
24,"ASUS VivoBook 15 (i3, 8GB, $450)","Lenovo ThinkPad E14 (Ryzen 5, 16GB, $800)",-0.72509765625,-0.66259765625
24,"ASUS VivoBook 15 (i3, 8GB, $450)","Dell Inspiron 16 (i7, 16GB, $1100)",-0.72509765625,-0.66259765625
24,"ASUS VivoBook 15 (i3, 8GB, $450)","HP Spectre x360 (Ryzen 7, 32GB, $1200)",-0.8173828125,-0.5830078125
24,"ASUS VivoBook 15 (i3, 8GB, $450)","Dell XPS 15 (i7, 32GB, $1500)",-0.716796875,-0.669921875
24,"ASUS VivoBook 15 (i3, 8GB, $450)","Lenovo ThinkPad X1 Carbon (Ryzen 7, 32GB, $1400)",-0.74951171875,-0.64013671875
24,"ASUS VivoBook 15 (i3, 8GB, $450)","Apple MacBook Air M3 (M3, 16GB, $1800)",-0.5966796875,-0.7998046875
24,"ASUS VivoBook 15 (i3, 8GB, $450)","Apple MacBook Pro 14-inch (M3, 32GB, $2220)",-0.669921875,-0.716796875
24,"ASUS VivoBook 15 (i3, 8GB, $450)","Apple MacBook Pro 16-inch (M3, 64GB, $2800)",-0.65478515625,-0.73291015625
24,"Lenovo IdeaPad 3 (i5, 8GB, $550)","ASUS VivoBook 15 (i3, 8GB, $450)",-0.8525390625,-0.5556640625
24,"Lenovo IdeaPad 3 (i5, 8GB, $550)","HP Pavilion 15 (Ryzen 5, 8GB, $600)",-0.7578125,-0.6328125
24,"Lenovo IdeaPad 3 (i5, 8GB, $550)","ASUS ZenBook 14 (i5, 16GB, $700)",-0.99365234375,-0.46240234375
24,"Lenovo IdeaPad 3 (i5, 8GB, $550)","Lenovo ThinkPad E14 (Ryzen 5, 16GB, $800)",-0.98388671875,-0.46826171875
24,"Lenovo IdeaPad 3 (i5, 8GB, $550)","Dell Inspiron 16 (i7, 16GB, $1100)",-0.8173828125,-0.5830078125
24,"Lenovo IdeaPad 3 (i5, 8GB, $550)","HP Spectre x360 (Ryzen 7, 32GB, $1200)",-0.87060546875,-0.54248046875
24,"Lenovo IdeaPad 3 (i5, 8GB, $550)","Dell XPS 15 (i7, 32GB, $1500)",-0.84375,-0.5625
24,"Lenovo IdeaPad 3 (i5, 8GB, $550)","Lenovo ThinkPad X1 Carbon (Ryzen 7, 32GB, $1400)",-1.07421875,-0.41796875
24,"Lenovo IdeaPad 3 (i5, 8GB, $550)","Apple MacBook Air M3 (M3, 16GB, $1800)",-0.6474609375,-0.7412109375
24,"Lenovo IdeaPad 3 (i5, 8GB, $550)","Apple MacBook Pro 14-inch (M3, 32GB, $2220)",-0.701171875,-0.685546875
24,"Lenovo IdeaPad 3 (i5, 8GB, $550)","Apple MacBook Pro 16-inch (M3, 64GB, $2800)",-0.65478515625,-0.73291015625
24,"HP Pavilion 15 (Ryzen 5, 8GB, $600)","ASUS VivoBook 15 (i3, 8GB, $450)",-0.74951171875,-0.64013671875
24,"HP Pavilion 15 (Ryzen 5, 8GB, $600)","Lenovo IdeaPad 3 (i5, 8GB, $550)",-0.716796875,-0.669921875
24,"HP Pavilion 15 (Ryzen 5, 8GB, $600)","ASUS ZenBook 14 (i5, 16GB, $700)",-1.0234375,-0.4453125
24,"HP Pavilion 15 (Ryzen 5, 8GB, $600)","Lenovo ThinkPad E14 (Ryzen 5, 16GB, $800)",-0.80859375,-0.58984375
24,"HP Pavilion 15 (Ryzen 5, 8GB, $600)","Dell Inspiron 16 (i7, 16GB, $1100)",-0.8173828125,-0.5830078125
24,"HP Pavilion 15 (Ryzen 5, 8GB, $600)","HP Spectre x360 (Ryzen 7, 32GB, $1200)",-1.1904296875,-0.362548828125
24,"HP Pavilion 15 (Ryzen 5, 8GB, $600)","Dell XPS 15 (i7, 32GB, $1500)",-0.80859375,-0.58984375
24,"HP Pavilion 15 (Ryzen 5, 8GB, $600)","Lenovo ThinkPad X1 Carbon (Ryzen 7, 32GB, $1400)",-0.9169921875,-0.5107421875
24,"HP Pavilion 15 (Ryzen 5, 8GB, $600)","Apple MacBook Air M3 (M3, 16GB, $1800)",-0.669921875,-0.716796875
24,"HP Pavilion 15 (Ryzen 5, 8GB, $600)","Apple MacBook Pro 14-inch (M3, 32GB, $2220)",-0.6474609375,-0.7412109375
24,"HP Pavilion 15 (Ryzen 5, 8GB, $600)","Apple MacBook Pro 16-inch (M3, 64GB, $2800)",-0.64013671875,-0.74951171875
24,"ASUS ZenBook 14 (i5, 16GB, $700)","ASUS VivoBook 15 (i3, 8GB, $450)",-0.66259765625,-0.72509765625
24,"ASUS ZenBook 14 (i5, 16GB, $700)","Lenovo IdeaPad 3 (i5, 8GB, $550)",-0.5625,-0.84375
24,"ASUS ZenBook 14 (i5, 16GB, $700)","HP Pavilion 15 (Ryzen 5, 8GB, $600)",-0.66259765625,-0.72509765625
24,"ASUS ZenBook 14 (i5, 16GB, $700)","Lenovo ThinkPad E14 (Ryzen 5, 16GB, $800)",-0.7412109375,-0.6474609375
24,"ASUS ZenBook 14 (i5, 16GB, $700)","Dell Inspiron 16 (i7, 16GB, $1100)",-0.7412109375,-0.6474609375
24,"ASUS ZenBook 14 (i5, 16GB, $700)","HP Spectre x360 (Ryzen 7, 32GB, $1200)",-0.888671875,-0.529296875
24,"ASUS ZenBook 14 (i5, 16GB, $700)","Dell XPS 15 (i7, 32GB, $1500)",-0.74951171875,-0.64013671875
24,"ASUS ZenBook 14 (i5, 16GB, $700)","Lenovo ThinkPad X1 Carbon (Ryzen 7, 32GB, $1400)",-0.7744140625,-0.6181640625
24,"ASUS ZenBook 14 (i5, 16GB, $700)","Apple MacBook Air M3 (M3, 16GB, $1800)",-0.64013671875,-0.74951171875
24,"ASUS ZenBook 14 (i5, 16GB, $700)","Apple MacBook Pro 14-inch (M3, 32GB, $2220)",-0.64013671875,-0.74951171875
24,"ASUS ZenBook 14 (i5, 16GB, $700)","Apple MacBook Pro 16-inch (M3, 64GB, $2800)",-0.61083984375,-0.78271484375
24,"Lenovo ThinkPad E14 (Ryzen 5, 16GB, $800)","ASUS VivoBook 15 (i3, 8GB, $450)",-0.529296875,-0.888671875
24,"Lenovo ThinkPad E14 (Ryzen 5, 16GB, $800)","Lenovo IdeaPad 3 (i5, 8GB, $550)",-0.60400390625,-0.79150390625
24,"Lenovo ThinkPad E14 (Ryzen 5, 16GB, $800)","HP Pavilion 15 (Ryzen 5, 8GB, $600)",-0.5361328125,-0.8798828125
24,"Lenovo ThinkPad E14 (Ryzen 5, 16GB, $800)","ASUS ZenBook 14 (i5, 16GB, $700)",-0.7412109375,-0.6474609375
24,"Lenovo ThinkPad E14 (Ryzen 5, 16GB, $800)","Dell Inspiron 16 (i7, 16GB, $1100)",-0.61083984375,-0.78271484375
24,"Lenovo ThinkPad E14 (Ryzen 5, 16GB, $800)","HP Spectre x360 (Ryzen 7, 32GB, $1200)",-0.72509765625,-0.66259765625
24,"Lenovo ThinkPad E14 (Ryzen 5, 16GB, $800)","Dell XPS 15 (i7, 32GB, $1500)",-0.61083984375,-0.78271484375
24,"Lenovo ThinkPad E14 (Ryzen 5, 16GB, $800)","Lenovo ThinkPad X1 Carbon (Ryzen 7, 32GB, $1400)",-0.8349609375,-0.5693359375
24,"Lenovo ThinkPad E14 (Ryzen 5, 16GB, $800)","Apple MacBook Air M3 (M3, 16GB, $1800)",-0.5107421875,-0.9169921875
24,"Lenovo ThinkPad E14 (Ryzen 5, 16GB, $800)","Apple MacBook Pro 14-inch (M3, 32GB, $2220)",-0.46826171875,-0.98388671875
24,"Lenovo ThinkPad E14 (Ryzen 5, 16GB, $800)","Apple MacBook Pro 16-inch (M3, 64GB, $2800)",-0.46240234375,-0.99365234375
24,"Dell Inspiron 16 (i7, 16GB, $1100)","ASUS VivoBook 15 (i3, 8GB, $450)",-0.73291015625,-0.65478515625
24,"Dell Inspiron 16 (i7, 16GB, $1100)","Lenovo IdeaPad 3 (i5, 8GB, $550)",-0.669921875,-0.716796875
24,"Dell Inspiron 16 (i7, 16GB, $1100)","HP Pavilion 15 (Ryzen 5, 8GB, $600)",-0.701171875,-0.685546875
24,"Dell Inspiron 16 (i7, 16GB, $1100)","ASUS ZenBook 14 (i5, 16GB, $700)",-0.96435546875,-0.47998046875
24,"Dell Inspiron 16 (i7, 16GB, $1100)","Lenovo ThinkPad E14 (Ryzen 5, 16GB, $800)",-0.7578125,-0.6328125
24,"Dell Inspiron 16 (i7, 16GB, $1100)","HP Spectre x360 (Ryzen 7, 32GB, $1200)",-1.033203125,-0.439697265625
24,"Dell Inspiron 16 (i7, 16GB, $1100)","Dell XPS 15 (i7, 32GB, $1500)",-1.0537109375,-0.4287109375
24,"Dell Inspiron 16 (i7, 16GB, $1100)","Lenovo ThinkPad X1 Carbon (Ryzen 7, 32GB, $1400)",-0.935546875,-0.498046875
24,"Dell Inspiron 16 (i7, 16GB, $1100)","Apple MacBook Air M3 (M3, 16GB, $1800)",-0.80859375,-0.58984375
24,"Dell Inspiron 16 (i7, 16GB, $1100)","Apple MacBook Pro 14-inch (M3, 32GB, $2220)",-0.7412109375,-0.6474609375
24,"Dell Inspiron 16 (i7, 16GB, $1100)","Apple MacBook Pro 16-inch (M3, 64GB, $2800)",-0.73291015625,-0.65478515625
24,"HP Spectre x360 (Ryzen 7, 32GB, $1200)","ASUS VivoBook 15 (i3, 8GB, $450)",-0.45654296875,-1.00390625
24,"HP Spectre x360 (Ryzen 7, 32GB, $1200)","Lenovo IdeaPad 3 (i5, 8GB, $550)",-0.41796875,-1.07421875
24,"HP Spectre x360 (Ryzen 7, 32GB, $1200)","HP Pavilion 15 (Ryzen 5, 8GB, $600)",-0.5556640625,-0.8525390625
24,"HP Spectre x360 (Ryzen 7, 32GB, $1200)","ASUS ZenBook 14 (i5, 16GB, $700)",-0.61083984375,-0.78271484375
24,"HP Spectre x360 (Ryzen 7, 32GB, $1200)","Lenovo ThinkPad E14 (Ryzen 5, 16GB, $800)",-0.5556640625,-0.8525390625
24,"HP Spectre x360 (Ryzen 7, 32GB, $1200)","Dell Inspiron 16 (i7, 16GB, $1100)",-0.60400390625,-0.79150390625
24,"HP Spectre x360 (Ryzen 7, 32GB, $1200)","Dell XPS 15 (i7, 32GB, $1500)",-0.685546875,-0.701171875
24,"HP Spectre x360 (Ryzen 7, 32GB, $1200)","Lenovo ThinkPad X1 Carbon (Ryzen 7, 32GB, $1400)",-0.73291015625,-0.65478515625
24,"HP Spectre x360 (Ryzen 7, 32GB, $1200)","Apple MacBook Air M3 (M3, 16GB, $1800)",-0.5361328125,-0.8798828125
24,"HP Spectre x360 (Ryzen 7, 32GB, $1200)","Apple MacBook Pro 14-inch (M3, 32GB, $2220)",-0.61083984375,-0.78271484375
24,"HP Spectre x360 (Ryzen 7, 32GB, $1200)","Apple MacBook Pro 16-inch (M3, 64GB, $2800)",-0.54248046875,-0.87060546875
24,"Dell XPS 15 (i7, 32GB, $1500)","ASUS VivoBook 15 (i3, 8GB, $450)",-0.54248046875,-0.87060546875
24,"Dell XPS 15 (i7, 32GB, $1500)","Lenovo IdeaPad 3 (i5, 8GB, $550)",-0.486083984375,-0.95458984375
24,"Dell XPS 15 (i7, 32GB, $1500)","HP Pavilion 15 (Ryzen 5, 8GB, $600)",-0.529296875,-0.888671875
24,"Dell XPS 15 (i7, 32GB, $1500)","ASUS ZenBook 14 (i5, 16GB, $700)",-0.669921875,-0.716796875
24,"Dell XPS 15 (i7, 32GB, $1500)","Lenovo ThinkPad E14 (Ryzen 5, 16GB, $800)",-0.5361328125,-0.8798828125
24,"Dell XPS 15 (i7, 32GB, $1500)","Dell Inspiron 16 (i7, 16GB, $1100)",-0.669921875,-0.716796875
24,"Dell XPS 15 (i7, 32GB, $1500)","HP Spectre x360 (Ryzen 7, 32GB, $1200)",-0.6474609375,-0.7412109375
24,"Dell XPS 15 (i7, 32GB, $1500)","Lenovo ThinkPad X1 Carbon (Ryzen 7, 32GB, $1400)",-0.66259765625,-0.72509765625
24,"Dell XPS 15 (i7, 32GB, $1500)","Apple MacBook Air M3 (M3, 16GB, $1800)",-0.5361328125,-0.8798828125
24,"Dell XPS 15 (i7, 32GB, $1500)","Apple MacBook Pro 14-inch (M3, 32GB, $2220)",-0.548828125,-0.861328125
24,"Dell XPS 15 (i7, 32GB, $1500)","Apple MacBook Pro 16-inch (M3, 64GB, $2800)",-0.529296875,-0.888671875
24,"Lenovo ThinkPad X1 Carbon (Ryzen 7, 32GB, $1400)","ASUS VivoBook 15 (i3, 8GB, $450)",-0.4287109375,-1.0537109375
24,"Lenovo ThinkPad X1 Carbon (Ryzen 7, 32GB, $1400)","Lenovo IdeaPad 3 (i5, 8GB, $550)",-0.46826171875,-0.98388671875
24,"Lenovo ThinkPad X1 Carbon (Ryzen 7, 32GB, $1400)","HP Pavilion 15 (Ryzen 5, 8GB, $600)",-0.4287109375,-1.0537109375
24,"Lenovo ThinkPad X1 Carbon (Ryzen 7, 32GB, $1400)","ASUS ZenBook 14 (i5, 16GB, $700)",-0.529296875,-0.888671875
24,"Lenovo ThinkPad X1 Carbon (Ryzen 7, 32GB, $1400)","Lenovo ThinkPad E14 (Ryzen 5, 16GB, $800)",-0.5693359375,-0.8349609375
24,"Lenovo ThinkPad X1 Carbon (Ryzen 7, 32GB, $1400)","Dell Inspiron 16 (i7, 16GB, $1100)",-0.498046875,-0.935546875
24,"Lenovo ThinkPad X1 Carbon (Ryzen 7, 32GB, $1400)","HP Spectre x360 (Ryzen 7, 32GB, $1200)",-0.60400390625,-0.79150390625
24,"Lenovo ThinkPad X1 Carbon (Ryzen 7, 32GB, $1400)","Dell XPS 15 (i7, 32GB, $1500)",-0.5966796875,-0.7998046875
24,"Lenovo ThinkPad X1 Carbon (Ryzen 7, 32GB, $1400)","Apple MacBook Air M3 (M3, 16GB, $1800)",-0.4287109375,-1.0537109375
24,"Lenovo ThinkPad X1 Carbon (Ryzen 7, 32GB, $1400)","Apple MacBook Pro 14-inch (M3, 32GB, $2220)",-0.47412109375,-0.97412109375
24,"Lenovo ThinkPad X1 Carbon (Ryzen 7, 32GB, $1400)","Apple MacBook Pro 16-inch (M3, 64GB, $2800)",-0.4287109375,-1.0537109375
24,"Apple MacBook Air M3 (M3, 16GB, $1800)","ASUS VivoBook 15 (i3, 8GB, $450)",-0.450927734375,-1.013671875
24,"Apple MacBook Air M3 (M3, 16GB, $1800)","Lenovo IdeaPad 3 (i5, 8GB, $550)",-0.376953125,-1.158203125
24,"Apple MacBook Air M3 (M3, 16GB, $1800)","HP Pavilion 15 (Ryzen 5, 8GB, $600)",-0.41796875,-1.07421875
24,"Apple MacBook Air M3 (M3, 16GB, $1800)","ASUS ZenBook 14 (i5, 16GB, $700)",-0.5966796875,-0.7998046875
24,"Apple MacBook Air M3 (M3, 16GB, $1800)","Lenovo ThinkPad E14 (Ryzen 5, 16GB, $800)",-0.486083984375,-0.95458984375
24,"Apple MacBook Air M3 (M3, 16GB, $1800)","Dell Inspiron 16 (i7, 16GB, $1100)",-0.54248046875,-0.87060546875
24,"Apple MacBook Air M3 (M3, 16GB, $1800)","HP Spectre x360 (Ryzen 7, 32GB, $1200)",-0.576171875,-0.826171875
24,"Apple MacBook Air M3 (M3, 16GB, $1800)","Dell XPS 15 (i7, 32GB, $1500)",-0.5556640625,-0.8525390625
24,"Apple MacBook Air M3 (M3, 16GB, $1800)","Lenovo ThinkPad X1 Carbon (Ryzen 7, 32GB, $1400)",-0.5693359375,-0.8349609375
24,"Apple MacBook Air M3 (M3, 16GB, $1800)","Apple MacBook Pro 14-inch (M3, 32GB, $2220)",-0.84375,-0.5625
24,"Apple MacBook Air M3 (M3, 16GB, $1800)","Apple MacBook Pro 16-inch (M3, 64GB, $2800)",-0.7744140625,-0.6181640625
24,"Apple MacBook Pro 14-inch (M3, 32GB, $2220)","ASUS VivoBook 15 (i3, 8GB, $450)",-0.32177734375,-1.2900390625
24,"Apple MacBook Pro 14-inch (M3, 32GB, $2220)","Lenovo IdeaPad 3 (i5, 8GB, $550)",-0.269775390625,-1.44140625
24,"Apple MacBook Pro 14-inch (M3, 32GB, $2220)","HP Pavilion 15 (Ryzen 5, 8GB, $600)",-0.29296875,-1.37109375
24,"Apple MacBook Pro 14-inch (M3, 32GB, $2220)","ASUS ZenBook 14 (i5, 16GB, $700)",-0.402099609375,-1.10546875
24,"Apple MacBook Pro 14-inch (M3, 32GB, $2220)","Lenovo ThinkPad E14 (Ryzen 5, 16GB, $800)",-0.33056640625,-1.267578125
24,"Apple MacBook Pro 14-inch (M3, 32GB, $2220)","Dell Inspiron 16 (i7, 16GB, $1100)",-0.3720703125,-1.1689453125
24,"Apple MacBook Pro 14-inch (M3, 32GB, $2220)","HP Spectre x360 (Ryzen 7, 32GB, $1200)",-0.46826171875,-0.98388671875
24,"Apple MacBook Pro 14-inch (M3, 32GB, $2220)","Dell XPS 15 (i7, 32GB, $1500)",-0.4287109375,-1.0537109375
24,"Apple MacBook Pro 14-inch (M3, 32GB, $2220)","Lenovo ThinkPad X1 Carbon (Ryzen 7, 32GB, $1400)",-0.47412109375,-0.97412109375
24,"Apple MacBook Pro 14-inch (M3, 32GB, $2220)","Apple MacBook Air M3 (M3, 16GB, $1800)",-0.548828125,-0.861328125
24,"Apple MacBook Pro 14-inch (M3, 32GB, $2220)","Apple MacBook Pro 16-inch (M3, 64GB, $2800)",-0.58984375,-0.80859375
24,"Apple MacBook Pro 16-inch (M3, 64GB, $2800)","ASUS VivoBook 15 (i3, 8GB, $450)",-0.33935546875,-1.24609375
24,"Apple MacBook Pro 16-inch (M3, 64GB, $2800)","Lenovo IdeaPad 3 (i5, 8GB, $550)",-0.30078125,-1.34765625
24,"Apple MacBook Pro 16-inch (M3, 64GB, $2800)","HP Pavilion 15 (Ryzen 5, 8GB, $600)",-0.30908203125,-1.3251953125
24,"Apple MacBook Pro 16-inch (M3, 64GB, $2800)","ASUS ZenBook 14 (i5, 16GB, $700)",-0.47412109375,-0.97412109375
24,"Apple MacBook Pro 16-inch (M3, 64GB, $2800)","Lenovo ThinkPad E14 (Ryzen 5, 16GB, $800)",-0.3818359375,-1.1474609375
24,"Apple MacBook Pro 16-inch (M3, 64GB, $2800)","Dell Inspiron 16 (i7, 16GB, $1100)",-0.41796875,-1.07421875
24,"Apple MacBook Pro 16-inch (M3, 64GB, $2800)","HP Spectre x360 (Ryzen 7, 32GB, $1200)",-0.498046875,-0.935546875
24,"Apple MacBook Pro 16-inch (M3, 64GB, $2800)","Dell XPS 15 (i7, 32GB, $1500)",-0.439697265625,-1.033203125
24,"Apple MacBook Pro 16-inch (M3, 64GB, $2800)","Lenovo ThinkPad X1 Carbon (Ryzen 7, 32GB, $1400)",-0.50439453125,-0.92626953125
24,"Apple MacBook Pro 16-inch (M3, 64GB, $2800)","Apple MacBook Air M3 (M3, 16GB, $1800)",-0.66259765625,-0.72509765625
24,"Apple MacBook Pro 16-inch (M3, 64GB, $2800)","Apple MacBook Pro 14-inch (M3, 32GB, $2220)",-0.576171875,-0.826171875
25,"ASUS VivoBook 15 (i3, 8GB, $450)","Lenovo IdeaPad 3 (i5, 8GB, $550)",-0.304931640625,-1.3359375
25,"ASUS VivoBook 15 (i3, 8GB, $450)","HP Pavilion 15 (Ryzen 5, 8GB, $600)",-0.304931640625,-1.3359375
25,"ASUS VivoBook 15 (i3, 8GB, $450)","ASUS ZenBook 14 (i5, 16GB, $700)",-0.391845703125,-1.1259765625
25,"ASUS VivoBook 15 (i3, 8GB, $450)","Lenovo ThinkPad E14 (Ryzen 5, 16GB, $800)",-0.301025390625,-1.34765625
25,"ASUS VivoBook 15 (i3, 8GB, $450)","Dell Inspiron 16 (i7, 16GB, $1100)",-0.301025390625,-1.34765625
25,"ASUS VivoBook 15 (i3, 8GB, $450)","HP Spectre x360 (Ryzen 7, 32GB, $1200)",-0.32177734375,-1.291015625
25,"ASUS VivoBook 15 (i3, 8GB, $450)","Dell XPS 15 (i7, 32GB, $1500)",-0.317626953125,-1.3017578125
25,"ASUS VivoBook 15 (i3, 8GB, $450)","Lenovo ThinkPad X1 Carbon (Ryzen 7, 32GB, $1400)",-0.326171875,-1.279296875
25,"ASUS VivoBook 15 (i3, 8GB, $450)","Apple MacBook Air M3 (M3, 16GB, $1800)",-0.259033203125,-1.4775390625
25,"ASUS VivoBook 15 (i3, 8GB, $450)","Apple MacBook Pro 14-inch (M3, 32GB, $2220)",-0.28125,-1.40625
25,"ASUS VivoBook 15 (i3, 8GB, $450)","Apple MacBook Pro 16-inch (M3, 64GB, $2800)",-0.28125,-1.40625
25,"Lenovo IdeaPad 3 (i5, 8GB, $550)","ASUS VivoBook 15 (i3, 8GB, $450)",-0.36767578125,-1.1796875
25,"Lenovo IdeaPad 3 (i5, 8GB, $550)","HP Pavilion 15 (Ryzen 5, 8GB, $600)",-0.313720703125,-1.3134765625
25,"Lenovo IdeaPad 3 (i5, 8GB, $550)","ASUS ZenBook 14 (i5, 16GB, $700)",-0.402587890625,-1.10546875
25,"Lenovo IdeaPad 3 (i5, 8GB, $550)","Lenovo ThinkPad E14 (Ryzen 5, 16GB, $800)",-0.348876953125,-1.2236328125
25,"Lenovo IdeaPad 3 (i5, 8GB, $550)","Dell Inspiron 16 (i7, 16GB, $1100)",-0.31787109375,-1.302734375
25,"Lenovo IdeaPad 3 (i5, 8GB, $550)","HP Spectre x360 (Ryzen 7, 32GB, $1200)",-0.33984375,-1.24609375
25,"Lenovo IdeaPad 3 (i5, 8GB, $550)","Dell XPS 15 (i7, 32GB, $1500)",-0.3310546875,-1.2685546875
25,"Lenovo IdeaPad 3 (i5, 8GB, $550)","Lenovo ThinkPad X1 Carbon (Ryzen 7, 32GB, $1400)",-0.402587890625,-1.10546875
25,"Lenovo IdeaPad 3 (i5, 8GB, $550)","Apple MacBook Air M3 (M3, 16GB, $1800)",-0.289306640625,-1.3828125
25,"Lenovo IdeaPad 3 (i5, 8GB, $550)","Apple MacBook Pro 14-inch (M3, 32GB, $2220)",-0.281494140625,-1.40625
25,"Lenovo IdeaPad 3 (i5, 8GB, $550)","Apple MacBook Pro 16-inch (M3, 64GB, $2800)",-0.281494140625,-1.40625
25,"HP Pavilion 15 (Ryzen 5, 8GB, $600)","ASUS VivoBook 15 (i3, 8GB, $450)",-0.3349609375,-1.2568359375
25,"HP Pavilion 15 (Ryzen 5, 8GB, $600)","Lenovo IdeaPad 3 (i5, 8GB, $550)",-0.322021484375,-1.291015625
25,"HP Pavilion 15 (Ryzen 5, 8GB, $600)","ASUS ZenBook 14 (i5, 16GB, $700)",-0.41259765625,-1.0849609375
25,"HP Pavilion 15 (Ryzen 5, 8GB, $600)","Lenovo ThinkPad E14 (Ryzen 5, 16GB, $800)",-0.348388671875,-1.2236328125
25,"HP Pavilion 15 (Ryzen 5, 8GB, $600)","Dell Inspiron 16 (i7, 16GB, $1100)",-0.362548828125,-1.1904296875
25,"HP Pavilion 15 (Ryzen 5, 8GB, $600)","HP Spectre x360 (Ryzen 7, 32GB, $1200)",-0.386962890625,-1.13671875
25,"HP Pavilion 15 (Ryzen 5, 8GB, $600)","Dell XPS 15 (i7, 32GB, $1500)",-0.3818359375,-1.1474609375
25,"HP Pavilion 15 (Ryzen 5, 8GB, $600)","Lenovo ThinkPad X1 Carbon (Ryzen 7, 32GB, $1400)",-0.362548828125,-1.1904296875
25,"HP Pavilion 15 (Ryzen 5, 8GB, $600)","Apple MacBook Air M3 (M3, 16GB, $1800)",-0.32177734375,-1.291015625
25,"HP Pavilion 15 (Ryzen 5, 8GB, $600)","Apple MacBook Pro 14-inch (M3, 32GB, $2220)",-0.32177734375,-1.291015625
25,"HP Pavilion 15 (Ryzen 5, 8GB, $600)","Apple MacBook Pro 16-inch (M3, 64GB, $2800)",-0.313232421875,-1.3134765625
25,"ASUS ZenBook 14 (i5, 16GB, $700)","ASUS VivoBook 15 (i3, 8GB, $450)",-0.317626953125,-1.3017578125
25,"ASUS ZenBook 14 (i5, 16GB, $700)","Lenovo IdeaPad 3 (i5, 8GB, $550)",-0.266357421875,-1.4541015625
25,"ASUS ZenBook 14 (i5, 16GB, $700)","HP Pavilion 15 (Ryzen 5, 8GB, $600)",-0.301025390625,-1.34765625
25,"ASUS ZenBook 14 (i5, 16GB, $700)","Lenovo ThinkPad E14 (Ryzen 5, 16GB, $800)",-0.326171875,-1.279296875
25,"ASUS ZenBook 14 (i5, 16GB, $700)","Dell Inspiron 16 (i7, 16GB, $1100)",-0.33935546875,-1.24609375
25,"ASUS ZenBook 14 (i5, 16GB, $700)","HP Spectre x360 (Ryzen 7, 32GB, $1200)",-0.348388671875,-1.2236328125
25,"ASUS ZenBook 14 (i5, 16GB, $700)","Dell XPS 15 (i7, 32GB, $1500)",-0.343994140625,-1.234375
25,"ASUS ZenBook 14 (i5, 16GB, $700)","Lenovo ThinkPad X1 Carbon (Ryzen 7, 32GB, $1400)",-0.348388671875,-1.2236328125
25,"ASUS ZenBook 14 (i5, 16GB, $700)","Apple MacBook Air M3 (M3, 16GB, $1800)",-0.29296875,-1.37109375
25,"ASUS ZenBook 14 (i5, 16GB, $700)","Apple MacBook Pro 14-inch (M3, 32GB, $2220)",-0.304931640625,-1.3359375
25,"ASUS ZenBook 14 (i5, 16GB, $700)","Apple MacBook Pro 16-inch (M3, 64GB, $2800)",-0.304931640625,-1.3359375
25,"Lenovo ThinkPad E14 (Ryzen 5, 16GB, $800)","ASUS VivoBook 15 (i3, 8GB, $450)",-0.273681640625,-1.4296875
25,"Lenovo ThinkPad E14 (Ryzen 5, 16GB, $800)","Lenovo IdeaPad 3 (i5, 8GB, $550)",-0.27392578125,-1.4296875
25,"Lenovo ThinkPad E14 (Ryzen 5, 16GB, $800)","HP Pavilion 15 (Ryzen 5, 8GB, $600)",-0.273681640625,-1.4296875
25,"Lenovo ThinkPad E14 (Ryzen 5, 16GB, $800)","ASUS ZenBook 14 (i5, 16GB, $700)",-0.35302734375,-1.212890625
25,"Lenovo ThinkPad E14 (Ryzen 5, 16GB, $800)","Dell Inspiron 16 (i7, 16GB, $1100)",-0.30908203125,-1.3251953125
25,"Lenovo ThinkPad E14 (Ryzen 5, 16GB, $800)","HP Spectre x360 (Ryzen 7, 32GB, $1200)",-0.27734375,-1.41796875
25,"Lenovo ThinkPad E14 (Ryzen 5, 16GB, $800)","Dell XPS 15 (i7, 32GB, $1500)",-0.313232421875,-1.3134765625
25,"Lenovo ThinkPad E14 (Ryzen 5, 16GB, $800)","Lenovo ThinkPad X1 Carbon (Ryzen 7, 32GB, $1400)",-0.32177734375,-1.291015625
25,"Lenovo ThinkPad E14 (Ryzen 5, 16GB, $800)","Apple MacBook Air M3 (M3, 16GB, $1800)",-0.28125,-1.40625
25,"Lenovo ThinkPad E14 (Ryzen 5, 16GB, $800)","Apple MacBook Pro 14-inch (M3, 32GB, $2220)",-0.24853515625,-1.513671875
25,"Lenovo ThinkPad E14 (Ryzen 5, 16GB, $800)","Apple MacBook Pro 16-inch (M3, 64GB, $2800)",-0.24853515625,-1.513671875
25,"Dell Inspiron 16 (i7, 16GB, $1100)","ASUS VivoBook 15 (i3, 8GB, $450)",-0.313232421875,-1.3134765625
25,"Dell Inspiron 16 (i7, 16GB, $1100)","Lenovo IdeaPad 3 (i5, 8GB, $550)",-0.277587890625,-1.41796875
25,"Dell Inspiron 16 (i7, 16GB, $1100)","HP Pavilion 15 (Ryzen 5, 8GB, $600)",-0.313232421875,-1.3134765625
25,"Dell Inspiron 16 (i7, 16GB, $1100)","ASUS ZenBook 14 (i5, 16GB, $700)",-0.39697265625,-1.1162109375
25,"Dell Inspiron 16 (i7, 16GB, $1100)","Lenovo ThinkPad E14 (Ryzen 5, 16GB, $800)",-0.317626953125,-1.3017578125
25,"Dell Inspiron 16 (i7, 16GB, $1100)","HP Spectre x360 (Ryzen 7, 32GB, $1200)",-0.35791015625,-1.201171875
25,"Dell Inspiron 16 (i7, 16GB, $1100)","Dell XPS 15 (i7, 32GB, $1500)",-0.41259765625,-1.0849609375
25,"Dell Inspiron 16 (i7, 16GB, $1100)","Lenovo ThinkPad X1 Carbon (Ryzen 7, 32GB, $1400)",-0.3671875,-1.1796875
25,"Dell Inspiron 16 (i7, 16GB, $1100)","Apple MacBook Air M3 (M3, 16GB, $1800)",-0.348388671875,-1.2236328125
25,"Dell Inspiron 16 (i7, 16GB, $1100)","Apple MacBook Pro 14-inch (M3, 32GB, $2220)",-0.3349609375,-1.2568359375
25,"Dell Inspiron 16 (i7, 16GB, $1100)","Apple MacBook Pro 16-inch (M3, 64GB, $2800)",-0.343994140625,-1.234375
25,"HP Spectre x360 (Ryzen 7, 32GB, $1200)","ASUS VivoBook 15 (i3, 8GB, $450)",-0.259033203125,-1.4775390625
25,"HP Spectre x360 (Ryzen 7, 32GB, $1200)","Lenovo IdeaPad 3 (i5, 8GB, $550)",-0.252197265625,-1.501953125
25,"HP Spectre x360 (Ryzen 7, 32GB, $1200)","HP Pavilion 15 (Ryzen 5, 8GB, $600)",-0.2418212890625,-1.5390625
25,"HP Spectre x360 (Ryzen 7, 32GB, $1200)","ASUS ZenBook 14 (i5, 16GB, $700)",-0.29296875,-1.37109375
25,"HP Spectre x360 (Ryzen 7, 32GB, $1200)","Lenovo ThinkPad E14 (Ryzen 5, 16GB, $800)",-0.228759765625,-1.587890625
25,"HP Spectre x360 (Ryzen 7, 32GB, $1200)","Dell Inspiron 16 (i7, 16GB, $1100)",-0.255615234375,-1.490234375
25,"HP Spectre x360 (Ryzen 7, 32GB, $1200)","Dell XPS 15 (i7, 32GB, $1500)",-0.2890625,-1.3828125
25,"HP Spectre x360 (Ryzen 7, 32GB, $1200)","Lenovo ThinkPad X1 Carbon (Ryzen 7, 32GB, $1400)",-0.301025390625,-1.34765625
25,"HP Spectre x360 (Ryzen 7, 32GB, $1200)","Apple MacBook Air M3 (M3, 16GB, $1800)",-0.266357421875,-1.4541015625
25,"HP Spectre x360 (Ryzen 7, 32GB, $1200)","Apple MacBook Pro 14-inch (M3, 32GB, $2220)",-0.2626953125,-1.4658203125
25,"HP Spectre x360 (Ryzen 7, 32GB, $1200)","Apple MacBook Pro 16-inch (M3, 64GB, $2800)",-0.2486572265625,-1.5146484375
25,"Dell XPS 15 (i7, 32GB, $1500)","ASUS VivoBook 15 (i3, 8GB, $450)",-0.273681640625,-1.4296875
25,"Dell XPS 15 (i7, 32GB, $1500)","Lenovo IdeaPad 3 (i5, 8GB, $550)",-0.251953125,-1.501953125
25,"Dell XPS 15 (i7, 32GB, $1500)","HP Pavilion 15 (Ryzen 5, 8GB, $600)",-0.28125,-1.40625
25,"Dell XPS 15 (i7, 32GB, $1500)","ASUS ZenBook 14 (i5, 16GB, $700)",-0.33056640625,-1.267578125
25,"Dell XPS 15 (i7, 32GB, $1500)","Lenovo ThinkPad E14 (Ryzen 5, 16GB, $800)",-0.28125,-1.40625
25,"Dell XPS 15 (i7, 32GB, $1500)","Dell Inspiron 16 (i7, 16GB, $1100)",-0.3349609375,-1.2568359375
25,"Dell XPS 15 (i7, 32GB, $1500)","HP Spectre x360 (Ryzen 7, 32GB, $1200)",-0.28515625,-1.39453125
25,"Dell XPS 15 (i7, 32GB, $1500)","Lenovo ThinkPad X1 Carbon (Ryzen 7, 32GB, $1400)",-0.326171875,-1.279296875
25,"Dell XPS 15 (i7, 32GB, $1500)","Apple MacBook Air M3 (M3, 16GB, $1800)",-0.28515625,-1.39453125
25,"Dell XPS 15 (i7, 32GB, $1500)","Apple MacBook Pro 14-inch (M3, 32GB, $2220)",-0.313232421875,-1.3134765625
25,"Dell XPS 15 (i7, 32GB, $1500)","Apple MacBook Pro 16-inch (M3, 64GB, $2800)",-0.30908203125,-1.3251953125
25,"Lenovo ThinkPad X1 Carbon (Ryzen 7, 32GB, $1400)","ASUS VivoBook 15 (i3, 8GB, $450)",-0.235107421875,-1.5634765625
25,"Lenovo ThinkPad X1 Carbon (Ryzen 7, 32GB, $1400)","Lenovo IdeaPad 3 (i5, 8GB, $550)",-0.238525390625,-1.55078125
25,"Lenovo ThinkPad X1 Carbon (Ryzen 7, 32GB, $1400)","HP Pavilion 15 (Ryzen 5, 8GB, $600)",-0.213134765625,-1.650390625
25,"Lenovo ThinkPad X1 Carbon (Ryzen 7, 32GB, $1400)","ASUS ZenBook 14 (i5, 16GB, $700)",-0.27734375,-1.41796875
25,"Lenovo ThinkPad X1 Carbon (Ryzen 7, 32GB, $1400)","Lenovo ThinkPad E14 (Ryzen 5, 16GB, $800)",-0.2286376953125,-1.587890625
25,"Lenovo ThinkPad X1 Carbon (Ryzen 7, 32GB, $1400)","Dell Inspiron 16 (i7, 16GB, $1100)",-0.2384033203125,-1.55078125
25,"Lenovo ThinkPad X1 Carbon (Ryzen 7, 32GB, $1400)","HP Spectre x360 (Ryzen 7, 32GB, $1200)",-0.2451171875,-1.5263671875
25,"Lenovo ThinkPad X1 Carbon (Ryzen 7, 32GB, $1400)","Dell XPS 15 (i7, 32GB, $1500)",-0.27001953125,-1.44140625
25,"Lenovo ThinkPad X1 Carbon (Ryzen 7, 32GB, $1400)","Apple MacBook Air M3 (M3, 16GB, $1800)",-0.2451171875,-1.5263671875
25,"Lenovo ThinkPad X1 Carbon (Ryzen 7, 32GB, $1400)","Apple MacBook Pro 14-inch (M3, 32GB, $2220)",-0.2222900390625,-1.61328125
25,"Lenovo ThinkPad X1 Carbon (Ryzen 7, 32GB, $1400)","Apple MacBook Pro 16-inch (M3, 64GB, $2800)",-0.2161865234375,-1.6376953125
25,"Apple MacBook Air M3 (M3, 16GB, $1800)","ASUS VivoBook 15 (i3, 8GB, $450)",-0.2254638671875,-1.6005859375
25,"Apple MacBook Air M3 (M3, 16GB, $1800)","Lenovo IdeaPad 3 (i5, 8GB, $550)",-0.204345703125,-1.6884765625
25,"Apple MacBook Air M3 (M3, 16GB, $1800)","HP Pavilion 15 (Ryzen 5, 8GB, $600)",-0.207275390625,-1.67578125
25,"Apple MacBook Air M3 (M3, 16GB, $1800)","ASUS ZenBook 14 (i5, 16GB, $700)",-0.28515625,-1.39453125
25,"Apple MacBook Air M3 (M3, 16GB, $1800)","Lenovo ThinkPad E14 (Ryzen 5, 16GB, $800)",-0.2318115234375,-1.5751953125
25,"Apple MacBook Air M3 (M3, 16GB, $1800)","Dell Inspiron 16 (i7, 16GB, $1100)",-0.251953125,-1.501953125
25,"Apple MacBook Air M3 (M3, 16GB, $1800)","HP Spectre x360 (Ryzen 7, 32GB, $1200)",-0.2451171875,-1.5263671875
25,"Apple MacBook Air M3 (M3, 16GB, $1800)","Dell XPS 15 (i7, 32GB, $1500)",-0.25537109375,-1.490234375
25,"Apple MacBook Air M3 (M3, 16GB, $1800)","Lenovo ThinkPad X1 Carbon (Ryzen 7, 32GB, $1400)",-0.27001953125,-1.44140625
25,"Apple MacBook Air M3 (M3, 16GB, $1800)","Apple MacBook Pro 14-inch (M3, 32GB, $2220)",-0.326171875,-1.279296875
25,"Apple MacBook Air M3 (M3, 16GB, $1800)","Apple MacBook Pro 16-inch (M3, 64GB, $2800)",-0.317626953125,-1.3017578125
25,"Apple MacBook Pro 14-inch (M3, 32GB, $2220)","ASUS VivoBook 15 (i3, 8GB, $450)",-0.1798095703125,-1.8046875
25,"Apple MacBook Pro 14-inch (M3, 32GB, $2220)","Lenovo IdeaPad 3 (i5, 8GB, $550)",-0.1512451171875,-1.9638671875
25,"Apple MacBook Pro 14-inch (M3, 32GB, $2220)","HP Pavilion 15 (Ryzen 5, 8GB, $600)",-0.1722412109375,-1.84375
25,"Apple MacBook Pro 14-inch (M3, 32GB, $2220)","ASUS ZenBook 14 (i5, 16GB, $700)",-0.2254638671875,-1.6005859375
25,"Apple MacBook Pro 14-inch (M3, 32GB, $2220)","Lenovo ThinkPad E14 (Ryzen 5, 16GB, $800)",-0.1673583984375,-1.8701171875
25,"Apple MacBook Pro 14-inch (M3, 32GB, $2220)","Dell Inspiron 16 (i7, 16GB, $1100)",-0.193115234375,-1.740234375
25,"Apple MacBook Pro 14-inch (M3, 32GB, $2220)","HP Spectre x360 (Ryzen 7, 32GB, $1200)",-0.1986083984375,-1.7138671875
25,"Apple MacBook Pro 14-inch (M3, 32GB, $2220)","Dell XPS 15 (i7, 32GB, $1500)",-0.2254638671875,-1.6005859375
25,"Apple MacBook Pro 14-inch (M3, 32GB, $2220)","Lenovo ThinkPad X1 Carbon (Ryzen 7, 32GB, $1400)",-0.2161865234375,-1.6376953125
25,"Apple MacBook Pro 14-inch (M3, 32GB, $2220)","Apple MacBook Air M3 (M3, 16GB, $1800)",-0.259033203125,-1.4775390625
25,"Apple MacBook Pro 14-inch (M3, 32GB, $2220)","Apple MacBook Pro 16-inch (M3, 64GB, $2800)",-0.2626953125,-1.4658203125
25,"Apple MacBook Pro 16-inch (M3, 64GB, $2800)","ASUS VivoBook 15 (i3, 8GB, $450)",-0.19580078125,-1.7275390625
25,"Apple MacBook Pro 16-inch (M3, 64GB, $2800)","Lenovo IdeaPad 3 (i5, 8GB, $550)",-0.1697998046875,-1.857421875
25,"Apple MacBook Pro 16-inch (M3, 64GB, $2800)","HP Pavilion 15 (Ryzen 5, 8GB, $600)",-0.1903076171875,-1.7529296875
25,"Apple MacBook Pro 16-inch (M3, 64GB, $2800)","ASUS ZenBook 14 (i5, 16GB, $700)",-0.25537109375,-1.490234375
25,"Apple MacBook Pro 16-inch (M3, 64GB, $2800)","Lenovo ThinkPad E14 (Ryzen 5, 16GB, $800)",-0.1876220703125,-1.765625
25,"Apple MacBook Pro 16-inch (M3, 64GB, $2800)","Dell Inspiron 16 (i7, 16GB, $1100)",-0.21923828125,-1.625
25,"Apple MacBook Pro 16-inch (M3, 64GB, $2800)","HP Spectre x360 (Ryzen 7, 32GB, $1200)",-0.213134765625,-1.650390625
25,"Apple MacBook Pro 16-inch (M3, 64GB, $2800)","Dell XPS 15 (i7, 32GB, $1500)",-0.235107421875,-1.5634765625
25,"Apple MacBook Pro 16-inch (M3, 64GB, $2800)","Lenovo ThinkPad X1 Carbon (Ryzen 7, 32GB, $1400)",-0.2286376953125,-1.587890625
25,"Apple MacBook Pro 16-inch (M3, 64GB, $2800)","Apple MacBook Air M3 (M3, 16GB, $1800)",-0.30908203125,-1.3251953125
25,"Apple MacBook Pro 16-inch (M3, 64GB, $2800)","Apple MacBook Pro 14-inch (M3, 32GB, $2220)",-0.269775390625,-1.44140625
26,"ASUS VivoBook 15 (i3, 8GB, $450)","Lenovo IdeaPad 3 (i5, 8GB, $550)",-0.83544921875,-0.56982421875
26,"ASUS VivoBook 15 (i3, 8GB, $450)","HP Pavilion 15 (Ryzen 5, 8GB, $600)",-0.8525390625,-0.5556640625
26,"ASUS VivoBook 15 (i3, 8GB, $450)","ASUS ZenBook 14 (i5, 16GB, $700)",-1.0439453125,-0.434326171875
26,"ASUS VivoBook 15 (i3, 8GB, $450)","Lenovo ThinkPad E14 (Ryzen 5, 16GB, $800)",-0.86181640625,-0.54931640625
26,"ASUS VivoBook 15 (i3, 8GB, $450)","Dell Inspiron 16 (i7, 16GB, $1100)",-0.8798828125,-0.5361328125
26,"ASUS VivoBook 15 (i3, 8GB, $450)","HP Spectre x360 (Ryzen 7, 32GB, $1200)",-0.90771484375,-0.51708984375
26,"ASUS VivoBook 15 (i3, 8GB, $450)","Dell XPS 15 (i7, 32GB, $1500)",-0.86181640625,-0.54931640625
26,"ASUS VivoBook 15 (i3, 8GB, $450)","Lenovo ThinkPad X1 Carbon (Ryzen 7, 32GB, $1400)",-0.88916015625,-0.52978515625
26,"ASUS VivoBook 15 (i3, 8GB, $450)","Apple MacBook Air M3 (M3, 16GB, $1800)",-0.74951171875,-0.64013671875
26,"ASUS VivoBook 15 (i3, 8GB, $450)","Apple MacBook Pro 14-inch (M3, 32GB, $2220)",-0.79150390625,-0.60400390625
26,"ASUS VivoBook 15 (i3, 8GB, $450)","Apple MacBook Pro 16-inch (M3, 64GB, $2800)",-0.7744140625,-0.6181640625
26,"Lenovo IdeaPad 3 (i5, 8GB, $550)","ASUS VivoBook 15 (i3, 8GB, $450)",-0.91748046875,-0.51123046875
26,"Lenovo IdeaPad 3 (i5, 8GB, $550)","HP Pavilion 15 (Ryzen 5, 8GB, $600)",-0.83544921875,-0.56982421875
26,"Lenovo IdeaPad 3 (i5, 8GB, $550)","ASUS ZenBook 14 (i5, 16GB, $700)",-1.0341796875,-0.4404296875
26,"Lenovo IdeaPad 3 (i5, 8GB, $550)","Lenovo ThinkPad E14 (Ryzen 5, 16GB, $800)",-0.9755859375,-0.4755859375
26,"Lenovo IdeaPad 3 (i5, 8GB, $550)","Dell Inspiron 16 (i7, 16GB, $1100)",-0.91748046875,-0.51123046875
26,"Lenovo IdeaPad 3 (i5, 8GB, $550)","HP Spectre x360 (Ryzen 7, 32GB, $1200)",-0.90869140625,-0.51806640625
26,"Lenovo IdeaPad 3 (i5, 8GB, $550)","Dell XPS 15 (i7, 32GB, $1500)",-0.91796875,-0.51171875
26,"Lenovo IdeaPad 3 (i5, 8GB, $550)","Lenovo ThinkPad X1 Carbon (Ryzen 7, 32GB, $1400)",-1.0146484375,-0.452392578125
26,"Lenovo IdeaPad 3 (i5, 8GB, $550)","Apple MacBook Air M3 (M3, 16GB, $1800)",-0.78369140625,-0.61181640625
26,"Lenovo IdeaPad 3 (i5, 8GB, $550)","Apple MacBook Pro 14-inch (M3, 32GB, $2220)",-0.80029296875,-0.59716796875
26,"Lenovo IdeaPad 3 (i5, 8GB, $550)","Apple MacBook Pro 16-inch (M3, 64GB, $2800)",-0.77490234375,-0.61865234375
26,"HP Pavilion 15 (Ryzen 5, 8GB, $600)","ASUS VivoBook 15 (i3, 8GB, $450)",-0.87060546875,-0.54248046875
26,"HP Pavilion 15 (Ryzen 5, 8GB, $600)","Lenovo IdeaPad 3 (i5, 8GB, $550)",-0.85546875,-0.55859375
26,"HP Pavilion 15 (Ryzen 5, 8GB, $600)","ASUS ZenBook 14 (i5, 16GB, $700)",-1.064453125,-0.42333984375
26,"HP Pavilion 15 (Ryzen 5, 8GB, $600)","Lenovo ThinkPad E14 (Ryzen 5, 16GB, $800)",-0.90771484375,-0.51708984375
26,"HP Pavilion 15 (Ryzen 5, 8GB, $600)","Dell Inspiron 16 (i7, 16GB, $1100)",-0.8984375,-0.5234375
26,"HP Pavilion 15 (Ryzen 5, 8GB, $600)","HP Spectre x360 (Ryzen 7, 32GB, $1200)",-1.064453125,-0.423583984375
26,"HP Pavilion 15 (Ryzen 5, 8GB, $600)","Dell XPS 15 (i7, 32GB, $1500)",-0.88916015625,-0.52978515625
26,"HP Pavilion 15 (Ryzen 5, 8GB, $600)","Lenovo ThinkPad X1 Carbon (Ryzen 7, 32GB, $1400)",-0.955078125,-0.486083984375
26,"HP Pavilion 15 (Ryzen 5, 8GB, $600)","Apple MacBook Air M3 (M3, 16GB, $1800)",-0.79150390625,-0.60400390625
26,"HP Pavilion 15 (Ryzen 5, 8GB, $600)","Apple MacBook Pro 14-inch (M3, 32GB, $2220)",-0.7998046875,-0.5966796875
26,"HP Pavilion 15 (Ryzen 5, 8GB, $600)","Apple MacBook Pro 16-inch (M3, 64GB, $2800)",-0.78271484375,-0.61083984375
26,"ASUS ZenBook 14 (i5, 16GB, $700)","ASUS VivoBook 15 (i3, 8GB, $450)",-0.86181640625,-0.54931640625
26,"ASUS ZenBook 14 (i5, 16GB, $700)","Lenovo IdeaPad 3 (i5, 8GB, $550)",-0.8271484375,-0.5771484375
26,"ASUS ZenBook 14 (i5, 16GB, $700)","HP Pavilion 15 (Ryzen 5, 8GB, $600)",-0.84375,-0.5625
26,"ASUS ZenBook 14 (i5, 16GB, $700)","Lenovo ThinkPad E14 (Ryzen 5, 16GB, $800)",-0.92626953125,-0.50439453125
26,"ASUS ZenBook 14 (i5, 16GB, $700)","Dell Inspiron 16 (i7, 16GB, $1100)",-0.935546875,-0.498291015625
26,"ASUS ZenBook 14 (i5, 16GB, $700)","HP Spectre x360 (Ryzen 7, 32GB, $1200)",-1.013671875,-0.451171875
26,"ASUS ZenBook 14 (i5, 16GB, $700)","Dell XPS 15 (i7, 32GB, $1500)",-0.9169921875,-0.5107421875
26,"ASUS ZenBook 14 (i5, 16GB, $700)","Lenovo ThinkPad X1 Carbon (Ryzen 7, 32GB, $1400)",-0.955078125,-0.486083984375
26,"ASUS ZenBook 14 (i5, 16GB, $700)","Apple MacBook Air M3 (M3, 16GB, $1800)",-0.826171875,-0.576171875
26,"ASUS ZenBook 14 (i5, 16GB, $700)","Apple MacBook Pro 14-inch (M3, 32GB, $2220)",-0.80859375,-0.58984375
26,"ASUS ZenBook 14 (i5, 16GB, $700)","Apple MacBook Pro 16-inch (M3, 64GB, $2800)",-0.79150390625,-0.60400390625
26,"Lenovo ThinkPad E14 (Ryzen 5, 16GB, $800)","ASUS VivoBook 15 (i3, 8GB, $450)",-0.72509765625,-0.66259765625
26,"Lenovo ThinkPad E14 (Ryzen 5, 16GB, $800)","Lenovo IdeaPad 3 (i5, 8GB, $550)",-0.7880859375,-0.6162109375
26,"Lenovo ThinkPad E14 (Ryzen 5, 16GB, $800)","HP Pavilion 15 (Ryzen 5, 8GB, $600)",-0.716796875,-0.669921875
26,"Lenovo ThinkPad E14 (Ryzen 5, 16GB, $800)","ASUS ZenBook 14 (i5, 16GB, $700)",-0.8984375,-0.5234375
26,"Lenovo ThinkPad E14 (Ryzen 5, 16GB, $800)","Dell Inspiron 16 (i7, 16GB, $1100)",-0.79150390625,-0.60400390625
26,"Lenovo ThinkPad E14 (Ryzen 5, 16GB, $800)","HP Spectre x360 (Ryzen 7, 32GB, $1200)",-0.8173828125,-0.5830078125
26,"Lenovo ThinkPad E14 (Ryzen 5, 16GB, $800)","Dell XPS 15 (i7, 32GB, $1500)",-0.78271484375,-0.61083984375
26,"Lenovo ThinkPad E14 (Ryzen 5, 16GB, $800)","Lenovo ThinkPad X1 Carbon (Ryzen 7, 32GB, $1400)",-0.86181640625,-0.54931640625
26,"Lenovo ThinkPad E14 (Ryzen 5, 16GB, $800)","Apple MacBook Air M3 (M3, 16GB, $1800)",-0.677734375,-0.708984375
26,"Lenovo ThinkPad E14 (Ryzen 5, 16GB, $800)","Apple MacBook Pro 14-inch (M3, 32GB, $2220)",-0.669921875,-0.716796875
26,"Lenovo ThinkPad E14 (Ryzen 5, 16GB, $800)","Apple MacBook Pro 16-inch (M3, 64GB, $2800)",-0.66259765625,-0.72509765625
26,"Dell Inspiron 16 (i7, 16GB, $1100)","ASUS VivoBook 15 (i3, 8GB, $450)",-0.8984375,-0.5234375
26,"Dell Inspiron 16 (i7, 16GB, $1100)","Lenovo IdeaPad 3 (i5, 8GB, $550)",-0.86376953125,-0.55126953125
26,"Dell Inspiron 16 (i7, 16GB, $1100)","HP Pavilion 15 (Ryzen 5, 8GB, $600)",-0.8173828125,-0.5830078125
26,"Dell Inspiron 16 (i7, 16GB, $1100)","ASUS ZenBook 14 (i5, 16GB, $700)",-1.0849609375,-0.41259765625
26,"Dell Inspiron 16 (i7, 16GB, $1100)","Lenovo ThinkPad E14 (Ryzen 5, 16GB, $800)",-0.88916015625,-0.52978515625
26,"Dell Inspiron 16 (i7, 16GB, $1100)","HP Spectre x360 (Ryzen 7, 32GB, $1200)",-1.0439453125,-0.4345703125
26,"Dell Inspiron 16 (i7, 16GB, $1100)","Dell XPS 15 (i7, 32GB, $1500)",-1.064453125,-0.42333984375
26,"Dell Inspiron 16 (i7, 16GB, $1100)","Lenovo ThinkPad X1 Carbon (Ryzen 7, 32GB, $1400)",-1.013671875,-0.451171875
26,"Dell Inspiron 16 (i7, 16GB, $1100)","Apple MacBook Air M3 (M3, 16GB, $1800)",-0.9169921875,-0.5107421875
26,"Dell Inspiron 16 (i7, 16GB, $1100)","Apple MacBook Pro 14-inch (M3, 32GB, $2220)",-0.86181640625,-0.54931640625
26,"Dell Inspiron 16 (i7, 16GB, $1100)","Apple MacBook Pro 16-inch (M3, 64GB, $2800)",-0.86181640625,-0.54931640625
26,"HP Spectre x360 (Ryzen 7, 32GB, $1200)","ASUS VivoBook 15 (i3, 8GB, $450)",-0.71728515625,-0.67041015625
26,"HP Spectre x360 (Ryzen 7, 32GB, $1200)","Lenovo IdeaPad 3 (i5, 8GB, $550)",-0.68798828125,-0.70361328125
26,"HP Spectre x360 (Ryzen 7, 32GB, $1200)","HP Pavilion 15 (Ryzen 5, 8GB, $600)",-0.7412109375,-0.6474609375
26,"HP Spectre x360 (Ryzen 7, 32GB, $1200)","ASUS ZenBook 14 (i5, 16GB, $700)",-0.84375,-0.5625
26,"HP Spectre x360 (Ryzen 7, 32GB, $1200)","Lenovo ThinkPad E14 (Ryzen 5, 16GB, $800)",-0.7578125,-0.6328125
26,"HP Spectre x360 (Ryzen 7, 32GB, $1200)","Dell Inspiron 16 (i7, 16GB, $1100)",-0.8349609375,-0.5693359375
26,"HP Spectre x360 (Ryzen 7, 32GB, $1200)","Dell XPS 15 (i7, 32GB, $1500)",-0.87109375,-0.54296875
26,"HP Spectre x360 (Ryzen 7, 32GB, $1200)","Lenovo ThinkPad X1 Carbon (Ryzen 7, 32GB, $1400)",-0.90771484375,-0.51708984375
26,"HP Spectre x360 (Ryzen 7, 32GB, $1200)","Apple MacBook Air M3 (M3, 16GB, $1800)",-0.7412109375,-0.6474609375
26,"HP Spectre x360 (Ryzen 7, 32GB, $1200)","Apple MacBook Pro 14-inch (M3, 32GB, $2220)",-0.79150390625,-0.60400390625
26,"HP Spectre x360 (Ryzen 7, 32GB, $1200)","Apple MacBook Pro 16-inch (M3, 64GB, $2800)",-0.7578125,-0.6328125
26,"Dell XPS 15 (i7, 32GB, $1500)","ASUS VivoBook 15 (i3, 8GB, $450)",-0.80859375,-0.58984375
26,"Dell XPS 15 (i7, 32GB, $1500)","Lenovo IdeaPad 3 (i5, 8GB, $550)",-0.75048828125,-0.64111328125
26,"Dell XPS 15 (i7, 32GB, $1500)","HP Pavilion 15 (Ryzen 5, 8GB, $600)",-0.72509765625,-0.66259765625
26,"Dell XPS 15 (i7, 32GB, $1500)","ASUS ZenBook 14 (i5, 16GB, $700)",-0.9169921875,-0.5107421875
26,"Dell XPS 15 (i7, 32GB, $1500)","Lenovo ThinkPad E14 (Ryzen 5, 16GB, $800)",-0.76611328125,-0.62548828125
26,"Dell XPS 15 (i7, 32GB, $1500)","Dell Inspiron 16 (i7, 16GB, $1100)",-0.8984375,-0.5234375
26,"Dell XPS 15 (i7, 32GB, $1500)","HP Spectre x360 (Ryzen 7, 32GB, $1200)",-0.85302734375,-0.55615234375
26,"Dell XPS 15 (i7, 32GB, $1500)","Lenovo ThinkPad X1 Carbon (Ryzen 7, 32GB, $1400)",-0.8798828125,-0.5361328125
26,"Dell XPS 15 (i7, 32GB, $1500)","Apple MacBook Air M3 (M3, 16GB, $1800)",-0.7578125,-0.6328125
26,"Dell XPS 15 (i7, 32GB, $1500)","Apple MacBook Pro 14-inch (M3, 32GB, $2220)",-0.7744140625,-0.6181640625
26,"Dell XPS 15 (i7, 32GB, $1500)","Apple MacBook Pro 16-inch (M3, 64GB, $2800)",-0.7578125,-0.6328125
26,"Lenovo ThinkPad X1 Carbon (Ryzen 7, 32GB, $1400)","ASUS VivoBook 15 (i3, 8GB, $450)",-0.6328125,-0.7578125
26,"Lenovo ThinkPad X1 Carbon (Ryzen 7, 32GB, $1400)","Lenovo IdeaPad 3 (i5, 8GB, $550)",-0.6650390625,-0.7275390625
26,"Lenovo ThinkPad X1 Carbon (Ryzen 7, 32GB, $1400)","HP Pavilion 15 (Ryzen 5, 8GB, $600)",-0.6181640625,-0.7744140625
26,"Lenovo ThinkPad X1 Carbon (Ryzen 7, 32GB, $1400)","ASUS ZenBook 14 (i5, 16GB, $700)",-0.73291015625,-0.65478515625
26,"Lenovo ThinkPad X1 Carbon (Ryzen 7, 32GB, $1400)","Lenovo ThinkPad E14 (Ryzen 5, 16GB, $800)",-0.701171875,-0.685546875
26,"Lenovo ThinkPad X1 Carbon (Ryzen 7, 32GB, $1400)","Dell Inspiron 16 (i7, 16GB, $1100)",-0.716796875,-0.669921875
26,"Lenovo ThinkPad X1 Carbon (Ryzen 7, 32GB, $1400)","HP Spectre x360 (Ryzen 7, 32GB, $1200)",-0.74951171875,-0.64013671875
26,"Lenovo ThinkPad X1 Carbon (Ryzen 7, 32GB, $1400)","Dell XPS 15 (i7, 32GB, $1500)",-0.76611328125,-0.62548828125
26,"Lenovo ThinkPad X1 Carbon (Ryzen 7, 32GB, $1400)","Apple MacBook Air M3 (M3, 16GB, $1800)",-0.60400390625,-0.79150390625
26,"Lenovo ThinkPad X1 Carbon (Ryzen 7, 32GB, $1400)","Apple MacBook Pro 14-inch (M3, 32GB, $2220)",-0.6474609375,-0.7412109375
26,"Lenovo ThinkPad X1 Carbon (Ryzen 7, 32GB, $1400)","Apple MacBook Pro 16-inch (M3, 64GB, $2800)",-0.62548828125,-0.76611328125
26,"Apple MacBook Air M3 (M3, 16GB, $1800)","ASUS VivoBook 15 (i3, 8GB, $450)",-0.73291015625,-0.65478515625
26,"Apple MacBook Air M3 (M3, 16GB, $1800)","Lenovo IdeaPad 3 (i5, 8GB, $550)",-0.6865234375,-0.7021484375
26,"Apple MacBook Air M3 (M3, 16GB, $1800)","HP Pavilion 15 (Ryzen 5, 8GB, $600)",-0.685546875,-0.701171875
26,"Apple MacBook Air M3 (M3, 16GB, $1800)","ASUS ZenBook 14 (i5, 16GB, $700)",-0.87060546875,-0.54248046875
26,"Apple MacBook Air M3 (M3, 16GB, $1800)","Lenovo ThinkPad E14 (Ryzen 5, 16GB, $800)",-0.7412109375,-0.6474609375
26,"Apple MacBook Air M3 (M3, 16GB, $1800)","Dell Inspiron 16 (i7, 16GB, $1100)",-0.79150390625,-0.60400390625
26,"Apple MacBook Air M3 (M3, 16GB, $1800)","HP Spectre x360 (Ryzen 7, 32GB, $1200)",-0.8173828125,-0.5830078125
26,"Apple MacBook Air M3 (M3, 16GB, $1800)","Dell XPS 15 (i7, 32GB, $1500)",-0.79150390625,-0.60400390625
26,"Apple MacBook Air M3 (M3, 16GB, $1800)","Lenovo ThinkPad X1 Carbon (Ryzen 7, 32GB, $1400)",-0.8349609375,-0.5693359375
26,"Apple MacBook Air M3 (M3, 16GB, $1800)","Apple MacBook Pro 14-inch (M3, 32GB, $2220)",-0.98388671875,-0.46826171875
26,"Apple MacBook Air M3 (M3, 16GB, $1800)","Apple MacBook Pro 16-inch (M3, 64GB, $2800)",-0.955078125,-0.486083984375
26,"Apple MacBook Pro 14-inch (M3, 32GB, $2220)","ASUS VivoBook 15 (i3, 8GB, $450)",-0.669921875,-0.716796875
26,"Apple MacBook Pro 14-inch (M3, 32GB, $2220)","Lenovo IdeaPad 3 (i5, 8GB, $550)",-0.619140625,-0.775390625
26,"Apple MacBook Pro 14-inch (M3, 32GB, $2220)","HP Pavilion 15 (Ryzen 5, 8GB, $600)",-0.61083984375,-0.78271484375
26,"Apple MacBook Pro 14-inch (M3, 32GB, $2220)","ASUS ZenBook 14 (i5, 16GB, $700)",-0.7744140625,-0.6181640625
26,"Apple MacBook Pro 14-inch (M3, 32GB, $2220)","Lenovo ThinkPad E14 (Ryzen 5, 16GB, $800)",-0.66259765625,-0.72509765625
26,"Apple MacBook Pro 14-inch (M3, 32GB, $2220)","Dell Inspiron 16 (i7, 16GB, $1100)",-0.693359375,-0.693359375
26,"Apple MacBook Pro 14-inch (M3, 32GB, $2220)","HP Spectre x360 (Ryzen 7, 32GB, $1200)",-0.74951171875,-0.64013671875
26,"Apple MacBook Pro 14-inch (M3, 32GB, $2220)","Dell XPS 15 (i7, 32GB, $1500)",-0.72509765625,-0.66259765625
26,"Apple MacBook Pro 14-inch (M3, 32GB, $2220)","Lenovo ThinkPad X1 Carbon (Ryzen 7, 32GB, $1400)",-0.78271484375,-0.61083984375
26,"Apple MacBook Pro 14-inch (M3, 32GB, $2220)","Apple MacBook Air M3 (M3, 16GB, $1800)",-0.8349609375,-0.5693359375
26,"Apple MacBook Pro 14-inch (M3, 32GB, $2220)","Apple MacBook Pro 16-inch (M3, 64GB, $2800)",-0.87060546875,-0.54248046875
26,"Apple MacBook Pro 16-inch (M3, 64GB, $2800)","ASUS VivoBook 15 (i3, 8GB, $450)",-0.685546875,-0.701171875
26,"Apple MacBook Pro 16-inch (M3, 64GB, $2800)","Lenovo IdeaPad 3 (i5, 8GB, $550)",-0.64892578125,-0.74267578125
26,"Apple MacBook Pro 16-inch (M3, 64GB, $2800)","HP Pavilion 15 (Ryzen 5, 8GB, $600)",-0.64013671875,-0.74951171875
26,"Apple MacBook Pro 16-inch (M3, 64GB, $2800)","ASUS ZenBook 14 (i5, 16GB, $700)",-0.8349609375,-0.5693359375
26,"Apple MacBook Pro 16-inch (M3, 64GB, $2800)","Lenovo ThinkPad E14 (Ryzen 5, 16GB, $800)",-0.701171875,-0.685546875
26,"Apple MacBook Pro 16-inch (M3, 64GB, $2800)","Dell Inspiron 16 (i7, 16GB, $1100)",-0.73291015625,-0.65478515625
26,"Apple MacBook Pro 16-inch (M3, 64GB, $2800)","HP Spectre x360 (Ryzen 7, 32GB, $1200)",-0.7744140625,-0.6181640625
26,"Apple MacBook Pro 16-inch (M3, 64GB, $2800)","Dell XPS 15 (i7, 32GB, $1500)",-0.7412109375,-0.6474609375
26,"Apple MacBook Pro 16-inch (M3, 64GB, $2800)","Lenovo ThinkPad X1 Carbon (Ryzen 7, 32GB, $1400)",-0.80859375,-0.58984375
26,"Apple MacBook Pro 16-inch (M3, 64GB, $2800)","Apple MacBook Air M3 (M3, 16GB, $1800)",-0.92626953125,-0.50439453125
26,"Apple MacBook Pro 16-inch (M3, 64GB, $2800)","Apple MacBook Pro 14-inch (M3, 32GB, $2220)",-0.87060546875,-0.54248046875
27,"ASUS VivoBook 15 (i3, 8GB, $450)","Lenovo IdeaPad 3 (i5, 8GB, $550)",-0.8984375,-0.5234375
27,"ASUS VivoBook 15 (i3, 8GB, $450)","HP Pavilion 15 (Ryzen 5, 8GB, $600)",-0.935546875,-0.498046875
27,"ASUS VivoBook 15 (i3, 8GB, $450)","ASUS ZenBook 14 (i5, 16GB, $700)",-1.1474609375,-0.3818359375
27,"ASUS VivoBook 15 (i3, 8GB, $450)","Lenovo ThinkPad E14 (Ryzen 5, 16GB, $800)",-0.8798828125,-0.5361328125
27,"ASUS VivoBook 15 (i3, 8GB, $450)","Dell Inspiron 16 (i7, 16GB, $1100)",-0.9072265625,-0.5166015625
27,"ASUS VivoBook 15 (i3, 8GB, $450)","HP Spectre x360 (Ryzen 7, 32GB, $1200)",-0.96435546875,-0.47998046875
27,"ASUS VivoBook 15 (i3, 8GB, $450)","Dell XPS 15 (i7, 32GB, $1500)",-0.92626953125,-0.50439453125
27,"ASUS VivoBook 15 (i3, 8GB, $450)","Lenovo ThinkPad X1 Carbon (Ryzen 7, 32GB, $1400)",-0.9169921875,-0.5107421875
27,"ASUS VivoBook 15 (i3, 8GB, $450)","Apple MacBook Air M3 (M3, 16GB, $1800)",-0.8349609375,-0.5693359375
27,"ASUS VivoBook 15 (i3, 8GB, $450)","Apple MacBook Pro 14-inch (M3, 32GB, $2220)",-0.86181640625,-0.54931640625
27,"ASUS VivoBook 15 (i3, 8GB, $450)","Apple MacBook Pro 16-inch (M3, 64GB, $2800)",-0.86181640625,-0.54931640625
27,"Lenovo IdeaPad 3 (i5, 8GB, $550)","ASUS VivoBook 15 (i3, 8GB, $450)",-1.0234375,-0.445556640625
27,"Lenovo IdeaPad 3 (i5, 8GB, $550)","HP Pavilion 15 (Ryzen 5, 8GB, $600)",-0.93603515625,-0.498291015625
27,"Lenovo IdeaPad 3 (i5, 8GB, $550)","ASUS ZenBook 14 (i5, 16GB, $700)",-1.1796875,-0.367431640625
27,"Lenovo IdeaPad 3 (i5, 8GB, $550)","Lenovo ThinkPad E14 (Ryzen 5, 16GB, $800)",-1.0947265625,-0.40771484375
27,"Lenovo IdeaPad 3 (i5, 8GB, $550)","Dell Inspiron 16 (i7, 16GB, $1100)",-0.97412109375,-0.474365234375
27,"Lenovo IdeaPad 3 (i5, 8GB, $550)","HP Spectre x360 (Ryzen 7, 32GB, $1200)",-1.00390625,-0.45703125
27,"Lenovo IdeaPad 3 (i5, 8GB, $550)","Dell XPS 15 (i7, 32GB, $1500)",-1.013671875,-0.451171875
27,"Lenovo IdeaPad 3 (i5, 8GB, $550)","Lenovo ThinkPad X1 Carbon (Ryzen 7, 32GB, $1400)",-1.1474609375,-0.38232421875
27,"Lenovo IdeaPad 3 (i5, 8GB, $550)","Apple MacBook Air M3 (M3, 16GB, $1800)",-0.88916015625,-0.52978515625
27,"Lenovo IdeaPad 3 (i5, 8GB, $550)","Apple MacBook Pro 14-inch (M3, 32GB, $2220)",-0.88916015625,-0.52978515625
27,"Lenovo IdeaPad 3 (i5, 8GB, $550)","Apple MacBook Pro 16-inch (M3, 64GB, $2800)",-0.8798828125,-0.5361328125
27,"HP Pavilion 15 (Ryzen 5, 8GB, $600)","ASUS VivoBook 15 (i3, 8GB, $450)",-1.0234375,-0.4453125
27,"HP Pavilion 15 (Ryzen 5, 8GB, $600)","Lenovo IdeaPad 3 (i5, 8GB, $550)",-1.00390625,-0.45751953125
27,"HP Pavilion 15 (Ryzen 5, 8GB, $600)","ASUS ZenBook 14 (i5, 16GB, $700)",-1.267578125,-0.33056640625
27,"HP Pavilion 15 (Ryzen 5, 8GB, $600)","Lenovo ThinkPad E14 (Ryzen 5, 16GB, $800)",-0.97412109375,-0.47412109375
27,"HP Pavilion 15 (Ryzen 5, 8GB, $600)","Dell Inspiron 16 (i7, 16GB, $1100)",-1.00390625,-0.45654296875
27,"HP Pavilion 15 (Ryzen 5, 8GB, $600)","HP Spectre x360 (Ryzen 7, 32GB, $1200)",-1.3359375,-0.30517578125
27,"HP Pavilion 15 (Ryzen 5, 8GB, $600)","Dell XPS 15 (i7, 32GB, $1500)",-1.0234375,-0.4453125
27,"HP Pavilion 15 (Ryzen 5, 8GB, $600)","Lenovo ThinkPad X1 Carbon (Ryzen 7, 32GB, $1400)",-1.0849609375,-0.41259765625
27,"HP Pavilion 15 (Ryzen 5, 8GB, $600)","Apple MacBook Air M3 (M3, 16GB, $1800)",-0.97412109375,-0.47412109375
27,"HP Pavilion 15 (Ryzen 5, 8GB, $600)","Apple MacBook Pro 14-inch (M3, 32GB, $2220)",-0.92626953125,-0.50439453125
27,"HP Pavilion 15 (Ryzen 5, 8GB, $600)","Apple MacBook Pro 16-inch (M3, 64GB, $2800)",-0.9169921875,-0.5107421875
27,"ASUS ZenBook 14 (i5, 16GB, $700)","ASUS VivoBook 15 (i3, 8GB, $450)",-0.9072265625,-0.5166015625
27,"ASUS ZenBook 14 (i5, 16GB, $700)","Lenovo IdeaPad 3 (i5, 8GB, $550)",-0.826171875,-0.576171875
27,"ASUS ZenBook 14 (i5, 16GB, $700)","HP Pavilion 15 (Ryzen 5, 8GB, $600)",-0.8798828125,-0.5361328125
27,"ASUS ZenBook 14 (i5, 16GB, $700)","Lenovo ThinkPad E14 (Ryzen 5, 16GB, $800)",-0.9169921875,-0.5107421875
27,"ASUS ZenBook 14 (i5, 16GB, $700)","Dell Inspiron 16 (i7, 16GB, $1100)",-0.92626953125,-0.50439453125
27,"ASUS ZenBook 14 (i5, 16GB, $700)","HP Spectre x360 (Ryzen 7, 32GB, $1200)",-1.0537109375,-0.4287109375
27,"ASUS ZenBook 14 (i5, 16GB, $700)","Dell XPS 15 (i7, 32GB, $1500)",-0.96435546875,-0.47998046875
27,"ASUS ZenBook 14 (i5, 16GB, $700)","Lenovo ThinkPad X1 Carbon (Ryzen 7, 32GB, $1400)",-0.9453125,-0.491943359375
27,"ASUS ZenBook 14 (i5, 16GB, $700)","Apple MacBook Air M3 (M3, 16GB, $1800)",-0.9072265625,-0.5166015625
27,"ASUS ZenBook 14 (i5, 16GB, $700)","Apple MacBook Pro 14-inch (M3, 32GB, $2220)",-0.86181640625,-0.54931640625
27,"ASUS ZenBook 14 (i5, 16GB, $700)","Apple MacBook Pro 16-inch (M3, 64GB, $2800)",-0.8525390625,-0.5556640625
27,"Lenovo ThinkPad E14 (Ryzen 5, 16GB, $800)","ASUS VivoBook 15 (i3, 8GB, $450)",-0.78271484375,-0.61083984375
27,"Lenovo ThinkPad E14 (Ryzen 5, 16GB, $800)","Lenovo IdeaPad 3 (i5, 8GB, $550)",-0.89013671875,-0.53076171875
27,"Lenovo ThinkPad E14 (Ryzen 5, 16GB, $800)","HP Pavilion 15 (Ryzen 5, 8GB, $600)",-0.7578125,-0.6328125
27,"Lenovo ThinkPad E14 (Ryzen 5, 16GB, $800)","ASUS ZenBook 14 (i5, 16GB, $700)",-1.00390625,-0.456787109375
27,"Lenovo ThinkPad E14 (Ryzen 5, 16GB, $800)","Dell Inspiron 16 (i7, 16GB, $1100)",-0.84375,-0.5625
27,"Lenovo ThinkPad E14 (Ryzen 5, 16GB, $800)","HP Spectre x360 (Ryzen 7, 32GB, $1200)",-0.95458984375,-0.486083984375
27,"Lenovo ThinkPad E14 (Ryzen 5, 16GB, $800)","Dell XPS 15 (i7, 32GB, $1500)",-0.8525390625,-0.5556640625
27,"Lenovo ThinkPad E14 (Ryzen 5, 16GB, $800)","Lenovo ThinkPad X1 Carbon (Ryzen 7, 32GB, $1400)",-1.033203125,-0.439697265625
27,"Lenovo ThinkPad E14 (Ryzen 5, 16GB, $800)","Apple MacBook Air M3 (M3, 16GB, $1800)",-0.7998046875,-0.5966796875
27,"Lenovo ThinkPad E14 (Ryzen 5, 16GB, $800)","Apple MacBook Pro 14-inch (M3, 32GB, $2220)",-0.7412109375,-0.6474609375
27,"Lenovo ThinkPad E14 (Ryzen 5, 16GB, $800)","Apple MacBook Pro 16-inch (M3, 64GB, $2800)",-0.7412109375,-0.6474609375
27,"Dell Inspiron 16 (i7, 16GB, $1100)","ASUS VivoBook 15 (i3, 8GB, $450)",-0.97412109375,-0.47412109375
27,"Dell Inspiron 16 (i7, 16GB, $1100)","Lenovo IdeaPad 3 (i5, 8GB, $550)",-0.91748046875,-0.51123046875
27,"Dell Inspiron 16 (i7, 16GB, $1100)","HP Pavilion 15 (Ryzen 5, 8GB, $600)",-0.88916015625,-0.52978515625
27,"Dell Inspiron 16 (i7, 16GB, $1100)","ASUS ZenBook 14 (i5, 16GB, $700)",-1.1904296875,-0.362548828125
27,"Dell Inspiron 16 (i7, 16GB, $1100)","Lenovo ThinkPad E14 (Ryzen 5, 16GB, $800)",-0.935546875,-0.498291015625
27,"Dell Inspiron 16 (i7, 16GB, $1100)","HP Spectre x360 (Ryzen 7, 32GB, $1200)",-1.158203125,-0.376953125
27,"Dell Inspiron 16 (i7, 16GB, $1100)","Dell XPS 15 (i7, 32GB, $1500)",-1.1474609375,-0.3818359375
27,"Dell Inspiron 16 (i7, 16GB, $1100)","Lenovo ThinkPad X1 Carbon (Ryzen 7, 32GB, $1400)",-1.0849609375,-0.41259765625
27,"Dell Inspiron 16 (i7, 16GB, $1100)","Apple MacBook Air M3 (M3, 16GB, $1800)",-1.0634765625,-0.42333984375
27,"Dell Inspiron 16 (i7, 16GB, $1100)","Apple MacBook Pro 14-inch (M3, 32GB, $2220)",-0.95458984375,-0.486083984375
27,"Dell Inspiron 16 (i7, 16GB, $1100)","Apple MacBook Pro 16-inch (M3, 64GB, $2800)",-0.96435546875,-0.47998046875
27,"HP Spectre x360 (Ryzen 7, 32GB, $1200)","ASUS VivoBook 15 (i3, 8GB, $450)",-0.708984375,-0.677734375
27,"HP Spectre x360 (Ryzen 7, 32GB, $1200)","Lenovo IdeaPad 3 (i5, 8GB, $550)",-0.68603515625,-0.70166015625
27,"HP Spectre x360 (Ryzen 7, 32GB, $1200)","HP Pavilion 15 (Ryzen 5, 8GB, $600)",-0.76611328125,-0.62548828125
27,"HP Spectre x360 (Ryzen 7, 32GB, $1200)","ASUS ZenBook 14 (i5, 16GB, $700)",-0.8525390625,-0.5556640625
27,"HP Spectre x360 (Ryzen 7, 32GB, $1200)","Lenovo ThinkPad E14 (Ryzen 5, 16GB, $800)",-0.76611328125,-0.62548828125
27,"HP Spectre x360 (Ryzen 7, 32GB, $1200)","Dell Inspiron 16 (i7, 16GB, $1100)",-0.8173828125,-0.5830078125
27,"HP Spectre x360 (Ryzen 7, 32GB, $1200)","Dell XPS 15 (i7, 32GB, $1500)",-0.88916015625,-0.52978515625
27,"HP Spectre x360 (Ryzen 7, 32GB, $1200)","Lenovo ThinkPad X1 Carbon (Ryzen 7, 32GB, $1400)",-0.9453125,-0.4921875
27,"HP Spectre x360 (Ryzen 7, 32GB, $1200)","Apple MacBook Air M3 (M3, 16GB, $1800)",-0.8173828125,-0.5830078125
27,"HP Spectre x360 (Ryzen 7, 32GB, $1200)","Apple MacBook Pro 14-inch (M3, 32GB, $2220)",-0.8798828125,-0.5361328125
27,"HP Spectre x360 (Ryzen 7, 32GB, $1200)","Apple MacBook Pro 16-inch (M3, 64GB, $2800)",-0.826171875,-0.576171875
27,"Dell XPS 15 (i7, 32GB, $1500)","ASUS VivoBook 15 (i3, 8GB, $450)",-0.87060546875,-0.54248046875
27,"Dell XPS 15 (i7, 32GB, $1500)","Lenovo IdeaPad 3 (i5, 8GB, $550)",-0.8173828125,-0.5830078125
27,"Dell XPS 15 (i7, 32GB, $1500)","HP Pavilion 15 (Ryzen 5, 8GB, $600)",-0.80859375,-0.58984375
27,"Dell XPS 15 (i7, 32GB, $1500)","ASUS ZenBook 14 (i5, 16GB, $700)",-1.013671875,-0.450927734375
27,"Dell XPS 15 (i7, 32GB, $1500)","Lenovo ThinkPad E14 (Ryzen 5, 16GB, $800)",-0.7998046875,-0.5966796875
27,"Dell XPS 15 (i7, 32GB, $1500)","Dell Inspiron 16 (i7, 16GB, $1100)",-0.9072265625,-0.5166015625
27,"Dell XPS 15 (i7, 32GB, $1500)","HP Spectre x360 (Ryzen 7, 32GB, $1200)",-0.89794921875,-0.52294921875
27,"Dell XPS 15 (i7, 32GB, $1500)","Lenovo ThinkPad X1 Carbon (Ryzen 7, 32GB, $1400)",-0.9169921875,-0.5107421875
27,"Dell XPS 15 (i7, 32GB, $1500)","Apple MacBook Air M3 (M3, 16GB, $1800)",-0.87060546875,-0.54248046875
27,"Dell XPS 15 (i7, 32GB, $1500)","Apple MacBook Pro 14-inch (M3, 32GB, $2220)",-0.8525390625,-0.5556640625
27,"Dell XPS 15 (i7, 32GB, $1500)","Apple MacBook Pro 16-inch (M3, 64GB, $2800)",-0.84375,-0.5625
27,"Lenovo ThinkPad X1 Carbon (Ryzen 7, 32GB, $1400)","ASUS VivoBook 15 (i3, 8GB, $450)",-0.66259765625,-0.72509765625
27,"Lenovo ThinkPad X1 Carbon (Ryzen 7, 32GB, $1400)","Lenovo IdeaPad 3 (i5, 8GB, $550)",-0.7333984375,-0.6552734375
27,"Lenovo ThinkPad X1 Carbon (Ryzen 7, 32GB, $1400)","HP Pavilion 15 (Ryzen 5, 8GB, $600)",-0.6328125,-0.7578125
27,"Lenovo ThinkPad X1 Carbon (Ryzen 7, 32GB, $1400)","ASUS ZenBook 14 (i5, 16GB, $700)",-0.79150390625,-0.60400390625
27,"Lenovo ThinkPad X1 Carbon (Ryzen 7, 32GB, $1400)","Lenovo ThinkPad E14 (Ryzen 5, 16GB, $800)",-0.7744140625,-0.6181640625
27,"Lenovo ThinkPad X1 Carbon (Ryzen 7, 32GB, $1400)","Dell Inspiron 16 (i7, 16GB, $1100)",-0.708984375,-0.677734375
27,"Lenovo ThinkPad X1 Carbon (Ryzen 7, 32GB, $1400)","HP Spectre x360 (Ryzen 7, 32GB, $1200)",-0.80859375,-0.58984375
27,"Lenovo ThinkPad X1 Carbon (Ryzen 7, 32GB, $1400)","Dell XPS 15 (i7, 32GB, $1500)",-0.80859375,-0.58984375
27,"Lenovo ThinkPad X1 Carbon (Ryzen 7, 32GB, $1400)","Apple MacBook Air M3 (M3, 16GB, $1800)",-0.701171875,-0.685546875
27,"Lenovo ThinkPad X1 Carbon (Ryzen 7, 32GB, $1400)","Apple MacBook Pro 14-inch (M3, 32GB, $2220)",-0.72509765625,-0.66259765625
27,"Lenovo ThinkPad X1 Carbon (Ryzen 7, 32GB, $1400)","Apple MacBook Pro 16-inch (M3, 64GB, $2800)",-0.693359375,-0.693359375
27,"Apple MacBook Air M3 (M3, 16GB, $1800)","ASUS VivoBook 15 (i3, 8GB, $450)",-0.708984375,-0.677734375
27,"Apple MacBook Air M3 (M3, 16GB, $1800)","Lenovo IdeaPad 3 (i5, 8GB, $550)",-0.677734375,-0.708984375
27,"Apple MacBook Air M3 (M3, 16GB, $1800)","HP Pavilion 15 (Ryzen 5, 8GB, $600)",-0.66259765625,-0.72509765625
27,"Apple MacBook Air M3 (M3, 16GB, $1800)","ASUS ZenBook 14 (i5, 16GB, $700)",-0.8798828125,-0.5361328125
27,"Apple MacBook Air M3 (M3, 16GB, $1800)","Lenovo ThinkPad E14 (Ryzen 5, 16GB, $800)",-0.716796875,-0.669921875
27,"Apple MacBook Air M3 (M3, 16GB, $1800)","Dell Inspiron 16 (i7, 16GB, $1100)",-0.7578125,-0.6328125
27,"Apple MacBook Air M3 (M3, 16GB, $1800)","HP Spectre x360 (Ryzen 7, 32GB, $1200)",-0.78271484375,-0.61083984375
27,"Apple MacBook Air M3 (M3, 16GB, $1800)","Dell XPS 15 (i7, 32GB, $1500)",-0.79150390625,-0.60400390625
27,"Apple MacBook Air M3 (M3, 16GB, $1800)","Lenovo ThinkPad X1 Carbon (Ryzen 7, 32GB, $1400)",-0.80859375,-0.58984375
27,"Apple MacBook Air M3 (M3, 16GB, $1800)","Apple MacBook Pro 14-inch (M3, 32GB, $2220)",-1.0234375,-0.4453125
27,"Apple MacBook Air M3 (M3, 16GB, $1800)","Apple MacBook Pro 16-inch (M3, 64GB, $2800)",-0.98388671875,-0.46826171875
27,"Apple MacBook Pro 14-inch (M3, 32GB, $2220)","ASUS VivoBook 15 (i3, 8GB, $450)",-0.62548828125,-0.76611328125
27,"Apple MacBook Pro 14-inch (M3, 32GB, $2220)","Lenovo IdeaPad 3 (i5, 8GB, $550)",-0.60400390625,-0.79150390625
27,"Apple MacBook Pro 14-inch (M3, 32GB, $2220)","HP Pavilion 15 (Ryzen 5, 8GB, $600)",-0.576171875,-0.826171875
27,"Apple MacBook Pro 14-inch (M3, 32GB, $2220)","ASUS ZenBook 14 (i5, 16GB, $700)",-0.7412109375,-0.6474609375
27,"Apple MacBook Pro 14-inch (M3, 32GB, $2220)","Lenovo ThinkPad E14 (Ryzen 5, 16GB, $800)",-0.5966796875,-0.7998046875
27,"Apple MacBook Pro 14-inch (M3, 32GB, $2220)","Dell Inspiron 16 (i7, 16GB, $1100)",-0.62548828125,-0.76611328125
27,"Apple MacBook Pro 14-inch (M3, 32GB, $2220)","HP Spectre x360 (Ryzen 7, 32GB, $1200)",-0.7412109375,-0.6474609375
27,"Apple MacBook Pro 14-inch (M3, 32GB, $2220)","Dell XPS 15 (i7, 32GB, $1500)",-0.701171875,-0.685546875
27,"Apple MacBook Pro 14-inch (M3, 32GB, $2220)","Lenovo ThinkPad X1 Carbon (Ryzen 7, 32GB, $1400)",-0.7578125,-0.6328125
27,"Apple MacBook Pro 14-inch (M3, 32GB, $2220)","Apple MacBook Air M3 (M3, 16GB, $1800)",-0.79150390625,-0.60400390625
27,"Apple MacBook Pro 14-inch (M3, 32GB, $2220)","Apple MacBook Pro 16-inch (M3, 64GB, $2800)",-0.87060546875,-0.54248046875
27,"Apple MacBook Pro 16-inch (M3, 64GB, $2800)","ASUS VivoBook 15 (i3, 8GB, $450)",-0.6474609375,-0.7412109375
27,"Apple MacBook Pro 16-inch (M3, 64GB, $2800)","Lenovo IdeaPad 3 (i5, 8GB, $550)",-0.6328125,-0.7578125
27,"Apple MacBook Pro 16-inch (M3, 64GB, $2800)","HP Pavilion 15 (Ryzen 5, 8GB, $600)",-0.5966796875,-0.7998046875
27,"Apple MacBook Pro 16-inch (M3, 64GB, $2800)","ASUS ZenBook 14 (i5, 16GB, $700)",-0.7998046875,-0.5966796875
27,"Apple MacBook Pro 16-inch (M3, 64GB, $2800)","Lenovo ThinkPad E14 (Ryzen 5, 16GB, $800)",-0.6328125,-0.7578125
27,"Apple MacBook Pro 16-inch (M3, 64GB, $2800)","Dell Inspiron 16 (i7, 16GB, $1100)",-0.669921875,-0.716796875
27,"Apple MacBook Pro 16-inch (M3, 64GB, $2800)","HP Spectre x360 (Ryzen 7, 32GB, $1200)",-0.7744140625,-0.6181640625
27,"Apple MacBook Pro 16-inch (M3, 64GB, $2800)","Dell XPS 15 (i7, 32GB, $1500)",-0.716796875,-0.669921875
27,"Apple MacBook Pro 16-inch (M3, 64GB, $2800)","Lenovo ThinkPad X1 Carbon (Ryzen 7, 32GB, $1400)",-0.78271484375,-0.61083984375
27,"Apple MacBook Pro 16-inch (M3, 64GB, $2800)","Apple MacBook Air M3 (M3, 16GB, $1800)",-0.8798828125,-0.5361328125
27,"Apple MacBook Pro 16-inch (M3, 64GB, $2800)","Apple MacBook Pro 14-inch (M3, 32GB, $2220)",-0.86181640625,-0.54931640625
28,"ASUS VivoBook 15 (i3, 8GB, $450)","Lenovo IdeaPad 3 (i5, 8GB, $550)",-0.64013671875,-0.74951171875
28,"ASUS VivoBook 15 (i3, 8GB, $450)","HP Pavilion 15 (Ryzen 5, 8GB, $600)",-0.693359375,-0.693359375
28,"ASUS VivoBook 15 (i3, 8GB, $450)","ASUS ZenBook 14 (i5, 16GB, $700)",-0.79150390625,-0.60400390625
28,"ASUS VivoBook 15 (i3, 8GB, $450)","Lenovo ThinkPad E14 (Ryzen 5, 16GB, $800)",-0.6474609375,-0.7412109375
28,"ASUS VivoBook 15 (i3, 8GB, $450)","Dell Inspiron 16 (i7, 16GB, $1100)",-0.685546875,-0.701171875
28,"ASUS VivoBook 15 (i3, 8GB, $450)","HP Spectre x360 (Ryzen 7, 32GB, $1200)",-0.66259765625,-0.72509765625
28,"ASUS VivoBook 15 (i3, 8GB, $450)","Dell XPS 15 (i7, 32GB, $1500)",-0.685546875,-0.701171875
28,"ASUS VivoBook 15 (i3, 8GB, $450)","Lenovo ThinkPad X1 Carbon (Ryzen 7, 32GB, $1400)",-0.677734375,-0.708984375
28,"ASUS VivoBook 15 (i3, 8GB, $450)","Apple MacBook Air M3 (M3, 16GB, $1800)",-0.60400390625,-0.79150390625
28,"ASUS VivoBook 15 (i3, 8GB, $450)","Apple MacBook Pro 14-inch (M3, 32GB, $2220)",-0.62548828125,-0.76611328125
28,"ASUS VivoBook 15 (i3, 8GB, $450)","Apple MacBook Pro 16-inch (M3, 64GB, $2800)",-0.6181640625,-0.7744140625
28,"Lenovo IdeaPad 3 (i5, 8GB, $550)","ASUS VivoBook 15 (i3, 8GB, $450)",-0.708984375,-0.677734375
28,"Lenovo IdeaPad 3 (i5, 8GB, $550)","HP Pavilion 15 (Ryzen 5, 8GB, $600)",-0.701171875,-0.685546875
28,"Lenovo IdeaPad 3 (i5, 8GB, $550)","ASUS ZenBook 14 (i5, 16GB, $700)",-0.7744140625,-0.6181640625
28,"Lenovo IdeaPad 3 (i5, 8GB, $550)","Lenovo ThinkPad E14 (Ryzen 5, 16GB, $800)",-0.71728515625,-0.67041015625
28,"Lenovo IdeaPad 3 (i5, 8GB, $550)","Dell Inspiron 16 (i7, 16GB, $1100)",-0.708984375,-0.677734375
28,"Lenovo IdeaPad 3 (i5, 8GB, $550)","HP Spectre x360 (Ryzen 7, 32GB, $1200)",-0.6552734375,-0.7333984375
28,"Lenovo IdeaPad 3 (i5, 8GB, $550)","Dell XPS 15 (i7, 32GB, $1500)",-0.72509765625,-0.66259765625
28,"Lenovo IdeaPad 3 (i5, 8GB, $550)","Lenovo ThinkPad X1 Carbon (Ryzen 7, 32GB, $1400)",-0.74951171875,-0.64013671875
28,"Lenovo IdeaPad 3 (i5, 8GB, $550)","Apple MacBook Air M3 (M3, 16GB, $1800)",-0.62548828125,-0.76611328125
28,"Lenovo IdeaPad 3 (i5, 8GB, $550)","Apple MacBook Pro 14-inch (M3, 32GB, $2220)",-0.64013671875,-0.74951171875
28,"Lenovo IdeaPad 3 (i5, 8GB, $550)","Apple MacBook Pro 16-inch (M3, 64GB, $2800)",-0.62548828125,-0.76611328125
28,"HP Pavilion 15 (Ryzen 5, 8GB, $600)","ASUS VivoBook 15 (i3, 8GB, $450)",-0.73291015625,-0.65478515625
28,"HP Pavilion 15 (Ryzen 5, 8GB, $600)","Lenovo IdeaPad 3 (i5, 8GB, $550)",-0.708984375,-0.677734375
28,"HP Pavilion 15 (Ryzen 5, 8GB, $600)","ASUS ZenBook 14 (i5, 16GB, $700)",-0.8173828125,-0.5830078125
28,"HP Pavilion 15 (Ryzen 5, 8GB, $600)","Lenovo ThinkPad E14 (Ryzen 5, 16GB, $800)",-0.73291015625,-0.65478515625
28,"HP Pavilion 15 (Ryzen 5, 8GB, $600)","Dell Inspiron 16 (i7, 16GB, $1100)",-0.73291015625,-0.65478515625
28,"HP Pavilion 15 (Ryzen 5, 8GB, $600)","HP Spectre x360 (Ryzen 7, 32GB, $1200)",-0.79150390625,-0.60400390625
28,"HP Pavilion 15 (Ryzen 5, 8GB, $600)","Dell XPS 15 (i7, 32GB, $1500)",-0.73291015625,-0.65478515625
28,"HP Pavilion 15 (Ryzen 5, 8GB, $600)","Lenovo ThinkPad X1 Carbon (Ryzen 7, 32GB, $1400)",-0.76611328125,-0.62548828125
28,"HP Pavilion 15 (Ryzen 5, 8GB, $600)","Apple MacBook Air M3 (M3, 16GB, $1800)",-0.669921875,-0.716796875
28,"HP Pavilion 15 (Ryzen 5, 8GB, $600)","Apple MacBook Pro 14-inch (M3, 32GB, $2220)",-0.669921875,-0.716796875
28,"HP Pavilion 15 (Ryzen 5, 8GB, $600)","Apple MacBook Pro 16-inch (M3, 64GB, $2800)",-0.66259765625,-0.72509765625
28,"ASUS ZenBook 14 (i5, 16GB, $700)","ASUS VivoBook 15 (i3, 8GB, $450)",-0.669921875,-0.716796875
28,"ASUS ZenBook 14 (i5, 16GB, $700)","Lenovo IdeaPad 3 (i5, 8GB, $550)",-0.61083984375,-0.78271484375
28,"ASUS ZenBook 14 (i5, 16GB, $700)","HP Pavilion 15 (Ryzen 5, 8GB, $600)",-0.669921875,-0.716796875
28,"ASUS ZenBook 14 (i5, 16GB, $700)","Lenovo ThinkPad E14 (Ryzen 5, 16GB, $800)",-0.669921875,-0.716796875
28,"ASUS ZenBook 14 (i5, 16GB, $700)","Dell Inspiron 16 (i7, 16GB, $1100)",-0.693359375,-0.693359375
28,"ASUS ZenBook 14 (i5, 16GB, $700)","HP Spectre x360 (Ryzen 7, 32GB, $1200)",-0.708984375,-0.677734375
28,"ASUS ZenBook 14 (i5, 16GB, $700)","Dell XPS 15 (i7, 32GB, $1500)",-0.708984375,-0.677734375
28,"ASUS ZenBook 14 (i5, 16GB, $700)","Lenovo ThinkPad X1 Carbon (Ryzen 7, 32GB, $1400)",-0.701171875,-0.685546875
28,"ASUS ZenBook 14 (i5, 16GB, $700)","Apple MacBook Air M3 (M3, 16GB, $1800)",-0.6328125,-0.7578125
28,"ASUS ZenBook 14 (i5, 16GB, $700)","Apple MacBook Pro 14-inch (M3, 32GB, $2220)",-0.62548828125,-0.76611328125
28,"ASUS ZenBook 14 (i5, 16GB, $700)","Apple MacBook Pro 16-inch (M3, 64GB, $2800)",-0.61083984375,-0.78271484375
28,"Lenovo ThinkPad E14 (Ryzen 5, 16GB, $800)","ASUS VivoBook 15 (i3, 8GB, $450)",-0.5556640625,-0.8525390625
28,"Lenovo ThinkPad E14 (Ryzen 5, 16GB, $800)","Lenovo IdeaPad 3 (i5, 8GB, $550)",-0.576171875,-0.826171875
28,"Lenovo ThinkPad E14 (Ryzen 5, 16GB, $800)","HP Pavilion 15 (Ryzen 5, 8GB, $600)",-0.5966796875,-0.7998046875
28,"Lenovo ThinkPad E14 (Ryzen 5, 16GB, $800)","ASUS ZenBook 14 (i5, 16GB, $700)",-0.66259765625,-0.72509765625
28,"Lenovo ThinkPad E14 (Ryzen 5, 16GB, $800)","Dell Inspiron 16 (i7, 16GB, $1100)",-0.62548828125,-0.76611328125
28,"Lenovo ThinkPad E14 (Ryzen 5, 16GB, $800)","HP Spectre x360 (Ryzen 7, 32GB, $1200)",-0.60400390625,-0.79150390625
28,"Lenovo ThinkPad E14 (Ryzen 5, 16GB, $800)","Dell XPS 15 (i7, 32GB, $1500)",-0.6328125,-0.7578125
28,"Lenovo ThinkPad E14 (Ryzen 5, 16GB, $800)","Lenovo ThinkPad X1 Carbon (Ryzen 7, 32GB, $1400)",-0.677734375,-0.708984375
28,"Lenovo ThinkPad E14 (Ryzen 5, 16GB, $800)","Apple MacBook Air M3 (M3, 16GB, $1800)",-0.5625,-0.84375
28,"Lenovo ThinkPad E14 (Ryzen 5, 16GB, $800)","Apple MacBook Pro 14-inch (M3, 32GB, $2220)",-0.54931640625,-0.86181640625
28,"Lenovo ThinkPad E14 (Ryzen 5, 16GB, $800)","Apple MacBook Pro 16-inch (M3, 64GB, $2800)",-0.54248046875,-0.87060546875
28,"Dell Inspiron 16 (i7, 16GB, $1100)","ASUS VivoBook 15 (i3, 8GB, $450)",-0.685546875,-0.701171875
28,"Dell Inspiron 16 (i7, 16GB, $1100)","Lenovo IdeaPad 3 (i5, 8GB, $550)",-0.6474609375,-0.7412109375
28,"Dell Inspiron 16 (i7, 16GB, $1100)","HP Pavilion 15 (Ryzen 5, 8GB, $600)",-0.66259765625,-0.72509765625
28,"Dell Inspiron 16 (i7, 16GB, $1100)","ASUS ZenBook 14 (i5, 16GB, $700)",-0.76611328125,-0.62548828125
28,"Dell Inspiron 16 (i7, 16GB, $1100)","Lenovo ThinkPad E14 (Ryzen 5, 16GB, $800)",-0.677734375,-0.708984375
28,"Dell Inspiron 16 (i7, 16GB, $1100)","HP Spectre x360 (Ryzen 7, 32GB, $1200)",-0.74951171875,-0.64013671875
28,"Dell Inspiron 16 (i7, 16GB, $1100)","Dell XPS 15 (i7, 32GB, $1500)",-0.7578125,-0.6328125
28,"Dell Inspiron 16 (i7, 16GB, $1100)","Lenovo ThinkPad X1 Carbon (Ryzen 7, 32GB, $1400)",-0.76611328125,-0.62548828125
28,"Dell Inspiron 16 (i7, 16GB, $1100)","Apple MacBook Air M3 (M3, 16GB, $1800)",-0.693359375,-0.693359375
28,"Dell Inspiron 16 (i7, 16GB, $1100)","Apple MacBook Pro 14-inch (M3, 32GB, $2220)",-0.677734375,-0.708984375
28,"Dell Inspiron 16 (i7, 16GB, $1100)","Apple MacBook Pro 16-inch (M3, 64GB, $2800)",-0.677734375,-0.708984375
28,"HP Spectre x360 (Ryzen 7, 32GB, $1200)","ASUS VivoBook 15 (i3, 8GB, $450)",-0.5556640625,-0.8525390625
28,"HP Spectre x360 (Ryzen 7, 32GB, $1200)","Lenovo IdeaPad 3 (i5, 8GB, $550)",-0.5234375,-0.8984375
28,"HP Spectre x360 (Ryzen 7, 32GB, $1200)","HP Pavilion 15 (Ryzen 5, 8GB, $600)",-0.61083984375,-0.78271484375
28,"HP Spectre x360 (Ryzen 7, 32GB, $1200)","ASUS ZenBook 14 (i5, 16GB, $700)",-0.6181640625,-0.7744140625
28,"HP Spectre x360 (Ryzen 7, 32GB, $1200)","Lenovo ThinkPad E14 (Ryzen 5, 16GB, $800)",-0.576171875,-0.826171875
28,"HP Spectre x360 (Ryzen 7, 32GB, $1200)","Dell Inspiron 16 (i7, 16GB, $1100)",-0.62548828125,-0.76611328125
28,"HP Spectre x360 (Ryzen 7, 32GB, $1200)","Dell XPS 15 (i7, 32GB, $1500)",-0.65478515625,-0.73291015625
28,"HP Spectre x360 (Ryzen 7, 32GB, $1200)","Lenovo ThinkPad X1 Carbon (Ryzen 7, 32GB, $1400)",-0.685546875,-0.701171875
28,"HP Spectre x360 (Ryzen 7, 32GB, $1200)","Apple MacBook Air M3 (M3, 16GB, $1800)",-0.5966796875,-0.7998046875
28,"HP Spectre x360 (Ryzen 7, 32GB, $1200)","Apple MacBook Pro 14-inch (M3, 32GB, $2220)",-0.62548828125,-0.76611328125
28,"HP Spectre x360 (Ryzen 7, 32GB, $1200)","Apple MacBook Pro 16-inch (M3, 64GB, $2800)",-0.5966796875,-0.7998046875
28,"Dell XPS 15 (i7, 32GB, $1500)","ASUS VivoBook 15 (i3, 8GB, $450)",-0.6328125,-0.7578125
28,"Dell XPS 15 (i7, 32GB, $1500)","Lenovo IdeaPad 3 (i5, 8GB, $550)",-0.58984375,-0.80859375
28,"Dell XPS 15 (i7, 32GB, $1500)","HP Pavilion 15 (Ryzen 5, 8GB, $600)",-0.6181640625,-0.7744140625
28,"Dell XPS 15 (i7, 32GB, $1500)","ASUS ZenBook 14 (i5, 16GB, $700)",-0.677734375,-0.708984375
28,"Dell XPS 15 (i7, 32GB, $1500)","Lenovo ThinkPad E14 (Ryzen 5, 16GB, $800)",-0.61083984375,-0.78271484375
28,"Dell XPS 15 (i7, 32GB, $1500)","Dell Inspiron 16 (i7, 16GB, $1100)",-0.65478515625,-0.73291015625
28,"Dell XPS 15 (i7, 32GB, $1500)","HP Spectre x360 (Ryzen 7, 32GB, $1200)",-0.6328125,-0.7578125
28,"Dell XPS 15 (i7, 32GB, $1500)","Lenovo ThinkPad X1 Carbon (Ryzen 7, 32GB, $1400)",-0.693359375,-0.693359375
28,"Dell XPS 15 (i7, 32GB, $1500)","Apple MacBook Air M3 (M3, 16GB, $1800)",-0.5966796875,-0.7998046875
28,"Dell XPS 15 (i7, 32GB, $1500)","Apple MacBook Pro 14-inch (M3, 32GB, $2220)",-0.62548828125,-0.76611328125
28,"Dell XPS 15 (i7, 32GB, $1500)","Apple MacBook Pro 16-inch (M3, 64GB, $2800)",-0.62548828125,-0.76611328125
28,"Lenovo ThinkPad X1 Carbon (Ryzen 7, 32GB, $1400)","ASUS VivoBook 15 (i3, 8GB, $450)",-0.5166015625,-0.9072265625
28,"Lenovo ThinkPad X1 Carbon (Ryzen 7, 32GB, $1400)","Lenovo IdeaPad 3 (i5, 8GB, $550)",-0.5107421875,-0.9169921875
28,"Lenovo ThinkPad X1 Carbon (Ryzen 7, 32GB, $1400)","HP Pavilion 15 (Ryzen 5, 8GB, $600)",-0.5361328125,-0.8798828125
28,"Lenovo ThinkPad X1 Carbon (Ryzen 7, 32GB, $1400)","ASUS ZenBook 14 (i5, 16GB, $700)",-0.576171875,-0.826171875
28,"Lenovo ThinkPad X1 Carbon (Ryzen 7, 32GB, $1400)","Lenovo ThinkPad E14 (Ryzen 5, 16GB, $800)",-0.5625,-0.84375
28,"Lenovo ThinkPad X1 Carbon (Ryzen 7, 32GB, $1400)","Dell Inspiron 16 (i7, 16GB, $1100)",-0.58984375,-0.80859375
28,"Lenovo ThinkPad X1 Carbon (Ryzen 7, 32GB, $1400)","HP Spectre x360 (Ryzen 7, 32GB, $1200)",-0.576171875,-0.826171875
28,"Lenovo ThinkPad X1 Carbon (Ryzen 7, 32GB, $1400)","Dell XPS 15 (i7, 32GB, $1500)",-0.62548828125,-0.76611328125
28,"Lenovo ThinkPad X1 Carbon (Ryzen 7, 32GB, $1400)","Apple MacBook Air M3 (M3, 16GB, $1800)",-0.52978515625,-0.88916015625
28,"Lenovo ThinkPad X1 Carbon (Ryzen 7, 32GB, $1400)","Apple MacBook Pro 14-inch (M3, 32GB, $2220)",-0.54248046875,-0.87060546875
28,"Lenovo ThinkPad X1 Carbon (Ryzen 7, 32GB, $1400)","Apple MacBook Pro 16-inch (M3, 64GB, $2800)",-0.52978515625,-0.88916015625
28,"Apple MacBook Air M3 (M3, 16GB, $1800)","ASUS VivoBook 15 (i3, 8GB, $450)",-0.5830078125,-0.8173828125
28,"Apple MacBook Air M3 (M3, 16GB, $1800)","Lenovo IdeaPad 3 (i5, 8GB, $550)",-0.54248046875,-0.87060546875
28,"Apple MacBook Air M3 (M3, 16GB, $1800)","HP Pavilion 15 (Ryzen 5, 8GB, $600)",-0.54931640625,-0.86181640625
28,"Apple MacBook Air M3 (M3, 16GB, $1800)","ASUS ZenBook 14 (i5, 16GB, $700)",-0.64013671875,-0.74951171875
28,"Apple MacBook Air M3 (M3, 16GB, $1800)","Lenovo ThinkPad E14 (Ryzen 5, 16GB, $800)",-0.576171875,-0.826171875
28,"Apple MacBook Air M3 (M3, 16GB, $1800)","Dell Inspiron 16 (i7, 16GB, $1100)",-0.61083984375,-0.78271484375
28,"Apple MacBook Air M3 (M3, 16GB, $1800)","HP Spectre x360 (Ryzen 7, 32GB, $1200)",-0.61083984375,-0.78271484375
28,"Apple MacBook Air M3 (M3, 16GB, $1800)","Dell XPS 15 (i7, 32GB, $1500)",-0.62548828125,-0.76611328125
28,"Apple MacBook Air M3 (M3, 16GB, $1800)","Lenovo ThinkPad X1 Carbon (Ryzen 7, 32GB, $1400)",-0.6474609375,-0.7412109375
28,"Apple MacBook Air M3 (M3, 16GB, $1800)","Apple MacBook Pro 14-inch (M3, 32GB, $2220)",-0.716796875,-0.669921875
28,"Apple MacBook Air M3 (M3, 16GB, $1800)","Apple MacBook Pro 16-inch (M3, 64GB, $2800)",-0.708984375,-0.677734375
28,"Apple MacBook Pro 14-inch (M3, 32GB, $2220)","ASUS VivoBook 15 (i3, 8GB, $450)",-0.46240234375,-0.99365234375
28,"Apple MacBook Pro 14-inch (M3, 32GB, $2220)","Lenovo IdeaPad 3 (i5, 8GB, $550)",-0.434326171875,-1.0439453125
28,"Apple MacBook Pro 14-inch (M3, 32GB, $2220)","HP Pavilion 15 (Ryzen 5, 8GB, $600)",-0.46826171875,-0.98388671875
28,"Apple MacBook Pro 14-inch (M3, 32GB, $2220)","ASUS ZenBook 14 (i5, 16GB, $700)",-0.50439453125,-0.92626953125
28,"Apple MacBook Pro 14-inch (M3, 32GB, $2220)","Lenovo ThinkPad E14 (Ryzen 5, 16GB, $800)",-0.46826171875,-0.98388671875
28,"Apple MacBook Pro 14-inch (M3, 32GB, $2220)","Dell Inspiron 16 (i7, 16GB, $1100)",-0.498046875,-0.935546875
28,"Apple MacBook Pro 14-inch (M3, 32GB, $2220)","HP Spectre x360 (Ryzen 7, 32GB, $1200)",-0.50439453125,-0.92626953125
28,"Apple MacBook Pro 14-inch (M3, 32GB, $2220)","Dell XPS 15 (i7, 32GB, $1500)",-0.54248046875,-0.87060546875
28,"Apple MacBook Pro 14-inch (M3, 32GB, $2220)","Lenovo ThinkPad X1 Carbon (Ryzen 7, 32GB, $1400)",-0.5556640625,-0.8525390625
28,"Apple MacBook Pro 14-inch (M3, 32GB, $2220)","Apple MacBook Air M3 (M3, 16GB, $1800)",-0.54931640625,-0.86181640625
28,"Apple MacBook Pro 14-inch (M3, 32GB, $2220)","Apple MacBook Pro 16-inch (M3, 64GB, $2800)",-0.64013671875,-0.74951171875
28,"Apple MacBook Pro 16-inch (M3, 64GB, $2800)","ASUS VivoBook 15 (i3, 8GB, $450)",-0.486083984375,-0.95458984375
28,"Apple MacBook Pro 16-inch (M3, 64GB, $2800)","Lenovo IdeaPad 3 (i5, 8GB, $550)",-0.46240234375,-0.99365234375
28,"Apple MacBook Pro 16-inch (M3, 64GB, $2800)","HP Pavilion 15 (Ryzen 5, 8GB, $600)",-0.491943359375,-0.9453125
28,"Apple MacBook Pro 16-inch (M3, 64GB, $2800)","ASUS ZenBook 14 (i5, 16GB, $700)",-0.54931640625,-0.86181640625
28,"Apple MacBook Pro 16-inch (M3, 64GB, $2800)","Lenovo ThinkPad E14 (Ryzen 5, 16GB, $800)",-0.50439453125,-0.92626953125
28,"Apple MacBook Pro 16-inch (M3, 64GB, $2800)","Dell Inspiron 16 (i7, 16GB, $1100)",-0.529296875,-0.888671875
28,"Apple MacBook Pro 16-inch (M3, 64GB, $2800)","HP Spectre x360 (Ryzen 7, 32GB, $1200)",-0.52294921875,-0.89794921875
28,"Apple MacBook Pro 16-inch (M3, 64GB, $2800)","Dell XPS 15 (i7, 32GB, $1500)",-0.5556640625,-0.8525390625
28,"Apple MacBook Pro 16-inch (M3, 64GB, $2800)","Lenovo ThinkPad X1 Carbon (Ryzen 7, 32GB, $1400)",-0.576171875,-0.826171875
28,"Apple MacBook Pro 16-inch (M3, 64GB, $2800)","Apple MacBook Air M3 (M3, 16GB, $1800)",-0.60400390625,-0.79150390625
28,"Apple MacBook Pro 16-inch (M3, 64GB, $2800)","Apple MacBook Pro 14-inch (M3, 32GB, $2220)",-0.64013671875,-0.74951171875
29,"ASUS VivoBook 15 (i3, 8GB, $450)","Lenovo IdeaPad 3 (i5, 8GB, $550)",-0.91796875,-0.51171875
29,"ASUS VivoBook 15 (i3, 8GB, $450)","HP Pavilion 15 (Ryzen 5, 8GB, $600)",-0.9453125,-0.4921875
29,"ASUS VivoBook 15 (i3, 8GB, $450)","ASUS ZenBook 14 (i5, 16GB, $700)",-1.2236328125,-0.348388671875
29,"ASUS VivoBook 15 (i3, 8GB, $450)","Lenovo ThinkPad E14 (Ryzen 5, 16GB, $800)",-0.92626953125,-0.50439453125
29,"ASUS VivoBook 15 (i3, 8GB, $450)","Dell Inspiron 16 (i7, 16GB, $1100)",-0.97412109375,-0.47412109375
29,"ASUS VivoBook 15 (i3, 8GB, $450)","HP Spectre x360 (Ryzen 7, 32GB, $1200)",-1.126953125,-0.39208984375
29,"ASUS VivoBook 15 (i3, 8GB, $450)","Dell XPS 15 (i7, 32GB, $1500)",-0.99365234375,-0.46240234375
29,"ASUS VivoBook 15 (i3, 8GB, $450)","Lenovo ThinkPad X1 Carbon (Ryzen 7, 32GB, $1400)",-0.98388671875,-0.46826171875
29,"ASUS VivoBook 15 (i3, 8GB, $450)","Apple MacBook Air M3 (M3, 16GB, $1800)",-0.95458984375,-0.486083984375
29,"ASUS VivoBook 15 (i3, 8GB, $450)","Apple MacBook Pro 14-inch (M3, 32GB, $2220)",-0.95458984375,-0.486083984375
29,"ASUS VivoBook 15 (i3, 8GB, $450)","Apple MacBook Pro 16-inch (M3, 64GB, $2800)",-0.95458984375,-0.486083984375
29,"Lenovo IdeaPad 3 (i5, 8GB, $550)","ASUS VivoBook 15 (i3, 8GB, $450)",-0.974609375,-0.474609375
29,"Lenovo IdeaPad 3 (i5, 8GB, $550)","HP Pavilion 15 (Ryzen 5, 8GB, $600)",-0.96533203125,-0.48095703125
29,"Lenovo IdeaPad 3 (i5, 8GB, $550)","ASUS ZenBook 14 (i5, 16GB, $700)",-1.2353515625,-0.344482421875
29,"Lenovo IdeaPad 3 (i5, 8GB, $550)","Lenovo ThinkPad E14 (Ryzen 5, 16GB, $800)",-1.0859375,-0.4140625
29,"Lenovo IdeaPad 3 (i5, 8GB, $550)","Dell Inspiron 16 (i7, 16GB, $1100)",-1.0546875,-0.4296875
29,"Lenovo IdeaPad 3 (i5, 8GB, $550)","HP Spectre x360 (Ryzen 7, 32GB, $1200)",-1.138671875,-0.388916015625
29,"Lenovo IdeaPad 3 (i5, 8GB, $550)","Dell XPS 15 (i7, 32GB, $1500)",-1.0859375,-0.4140625
29,"Lenovo IdeaPad 3 (i5, 8GB, $550)","Lenovo ThinkPad X1 Carbon (Ryzen 7, 32GB, $1400)",-1.1708984375,-0.373779296875
29,"Lenovo IdeaPad 3 (i5, 8GB, $550)","Apple MacBook Air M3 (M3, 16GB, $1800)",-0.98486328125,-0.468994140625
29,"Lenovo IdeaPad 3 (i5, 8GB, $550)","Apple MacBook Pro 14-inch (M3, 32GB, $2220)",-0.96533203125,-0.480712890625
29,"Lenovo IdeaPad 3 (i5, 8GB, $550)","Apple MacBook Pro 16-inch (M3, 64GB, $2800)",-0.95556640625,-0.48681640625
29,"HP Pavilion 15 (Ryzen 5, 8GB, $600)","ASUS VivoBook 15 (i3, 8GB, $450)",-0.9453125,-0.4921875
29,"HP Pavilion 15 (Ryzen 5, 8GB, $600)","Lenovo IdeaPad 3 (i5, 8GB, $550)",-0.96044921875,-0.491455078125
29,"HP Pavilion 15 (Ryzen 5, 8GB, $600)","ASUS ZenBook 14 (i5, 16GB, $700)",-1.34765625,-0.301025390625
29,"HP Pavilion 15 (Ryzen 5, 8GB, $600)","Lenovo ThinkPad E14 (Ryzen 5, 16GB, $800)",-1.00390625,-0.456787109375
29,"HP Pavilion 15 (Ryzen 5, 8GB, $600)","Dell Inspiron 16 (i7, 16GB, $1100)",-1.064453125,-0.42333984375
29,"HP Pavilion 15 (Ryzen 5, 8GB, $600)","HP Spectre x360 (Ryzen 7, 32GB, $1200)",-1.4306640625,-0.2744140625
29,"HP Pavilion 15 (Ryzen 5, 8GB, $600)","Dell XPS 15 (i7, 32GB, $1500)",-1.0537109375,-0.4287109375
29,"HP Pavilion 15 (Ryzen 5, 8GB, $600)","Lenovo ThinkPad X1 Carbon (Ryzen 7, 32GB, $1400)",-1.1162109375,-0.397216796875
29,"HP Pavilion 15 (Ryzen 5, 8GB, $600)","Apple MacBook Air M3 (M3, 16GB, $1800)",-1.0234375,-0.4453125
29,"HP Pavilion 15 (Ryzen 5, 8GB, $600)","Apple MacBook Pro 14-inch (M3, 32GB, $2220)",-1.00390625,-0.456787109375
29,"HP Pavilion 15 (Ryzen 5, 8GB, $600)","Apple MacBook Pro 16-inch (M3, 64GB, $2800)",-0.99365234375,-0.46240234375
29,"ASUS ZenBook 14 (i5, 16GB, $700)","ASUS VivoBook 15 (i3, 8GB, $450)",-0.8525390625,-0.5556640625
29,"ASUS ZenBook 14 (i5, 16GB, $700)","Lenovo IdeaPad 3 (i5, 8GB, $550)",-0.828125,-0.578125
29,"ASUS ZenBook 14 (i5, 16GB, $700)","HP Pavilion 15 (Ryzen 5, 8GB, $600)",-0.935546875,-0.498291015625
29,"ASUS ZenBook 14 (i5, 16GB, $700)","Lenovo ThinkPad E14 (Ryzen 5, 16GB, $800)",-1.00390625,-0.456787109375
29,"ASUS ZenBook 14 (i5, 16GB, $700)","Dell Inspiron 16 (i7, 16GB, $1100)",-1.013671875,-0.450927734375
29,"ASUS ZenBook 14 (i5, 16GB, $700)","HP Spectre x360 (Ryzen 7, 32GB, $1200)",-1.24609375,-0.339599609375
29,"ASUS ZenBook 14 (i5, 16GB, $700)","Dell XPS 15 (i7, 32GB, $1500)",-1.033203125,-0.439697265625
29,"ASUS ZenBook 14 (i5, 16GB, $700)","Lenovo ThinkPad X1 Carbon (Ryzen 7, 32GB, $1400)",-1.0439453125,-0.434326171875
29,"ASUS ZenBook 14 (i5, 16GB, $700)","Apple MacBook Air M3 (M3, 16GB, $1800)",-1.013671875,-0.450927734375
29,"ASUS ZenBook 14 (i5, 16GB, $700)","Apple MacBook Pro 14-inch (M3, 32GB, $2220)",-1.00390625,-0.456787109375
29,"ASUS ZenBook 14 (i5, 16GB, $700)","Apple MacBook Pro 16-inch (M3, 64GB, $2800)",-0.98388671875,-0.46826171875
29,"Lenovo ThinkPad E14 (Ryzen 5, 16GB, $800)","ASUS VivoBook 15 (i3, 8GB, $450)",-0.701171875,-0.685546875
29,"Lenovo ThinkPad E14 (Ryzen 5, 16GB, $800)","Lenovo IdeaPad 3 (i5, 8GB, $550)",-0.7734375,-0.6328125
29,"Lenovo ThinkPad E14 (Ryzen 5, 16GB, $800)","HP Pavilion 15 (Ryzen 5, 8GB, $600)",-0.7578125,-0.6328125
29,"Lenovo ThinkPad E14 (Ryzen 5, 16GB, $800)","ASUS ZenBook 14 (i5, 16GB, $700)",-1.0439453125,-0.434326171875
29,"Lenovo ThinkPad E14 (Ryzen 5, 16GB, $800)","Dell Inspiron 16 (i7, 16GB, $1100)",-0.9169921875,-0.5107421875
29,"Lenovo ThinkPad E14 (Ryzen 5, 16GB, $800)","HP Spectre x360 (Ryzen 7, 32GB, $1200)",-1.013671875,-0.451416015625
29,"Lenovo ThinkPad E14 (Ryzen 5, 16GB, $800)","Dell XPS 15 (i7, 32GB, $1500)",-0.92626953125,-0.50439453125
29,"Lenovo ThinkPad E14 (Ryzen 5, 16GB, $800)","Lenovo ThinkPad X1 Carbon (Ryzen 7, 32GB, $1400)",-0.955078125,-0.486083984375
29,"Lenovo ThinkPad E14 (Ryzen 5, 16GB, $800)","Apple MacBook Air M3 (M3, 16GB, $1800)",-0.86181640625,-0.54931640625
29,"Lenovo ThinkPad E14 (Ryzen 5, 16GB, $800)","Apple MacBook Pro 14-inch (M3, 32GB, $2220)",-0.80859375,-0.58984375
29,"Lenovo ThinkPad E14 (Ryzen 5, 16GB, $800)","Apple MacBook Pro 16-inch (M3, 64GB, $2800)",-0.8173828125,-0.5830078125
29,"Dell Inspiron 16 (i7, 16GB, $1100)","ASUS VivoBook 15 (i3, 8GB, $450)",-0.89794921875,-0.52294921875
29,"Dell Inspiron 16 (i7, 16GB, $1100)","Lenovo IdeaPad 3 (i5, 8GB, $550)",-0.89306640625,-0.53369140625
29,"Dell Inspiron 16 (i7, 16GB, $1100)","HP Pavilion 15 (Ryzen 5, 8GB, $600)",-0.8984375,-0.5234375
29,"Dell Inspiron 16 (i7, 16GB, $1100)","ASUS ZenBook 14 (i5, 16GB, $700)",-1.234375,-0.343994140625
29,"Dell Inspiron 16 (i7, 16GB, $1100)","Lenovo ThinkPad E14 (Ryzen 5, 16GB, $800)",-0.97412109375,-0.47412109375
29,"Dell Inspiron 16 (i7, 16GB, $1100)","HP Spectre x360 (Ryzen 7, 32GB, $1200)",-1.3369140625,-0.305419921875
29,"Dell Inspiron 16 (i7, 16GB, $1100)","Dell XPS 15 (i7, 32GB, $1500)",-1.212890625,-0.353271484375
29,"Dell Inspiron 16 (i7, 16GB, $1100)","Lenovo ThinkPad X1 Carbon (Ryzen 7, 32GB, $1400)",-1.158203125,-0.376953125
29,"Dell Inspiron 16 (i7, 16GB, $1100)","Apple MacBook Air M3 (M3, 16GB, $1800)",-1.13671875,-0.386962890625
29,"Dell Inspiron 16 (i7, 16GB, $1100)","Apple MacBook Pro 14-inch (M3, 32GB, $2220)",-1.07421875,-0.41796875
29,"Dell Inspiron 16 (i7, 16GB, $1100)","Apple MacBook Pro 16-inch (M3, 64GB, $2800)",-1.0849609375,-0.41259765625
29,"HP Spectre x360 (Ryzen 7, 32GB, $1200)","ASUS VivoBook 15 (i3, 8GB, $450)",-0.65478515625,-0.73291015625
29,"HP Spectre x360 (Ryzen 7, 32GB, $1200)","Lenovo IdeaPad 3 (i5, 8GB, $550)",-0.63525390625,-0.76025390625
29,"HP Spectre x360 (Ryzen 7, 32GB, $1200)","HP Pavilion 15 (Ryzen 5, 8GB, $600)",-0.74169921875,-0.64794921875
29,"HP Spectre x360 (Ryzen 7, 32GB, $1200)","ASUS ZenBook 14 (i5, 16GB, $700)",-0.87060546875,-0.54248046875
29,"HP Spectre x360 (Ryzen 7, 32GB, $1200)","Lenovo ThinkPad E14 (Ryzen 5, 16GB, $800)",-0.7666015625,-0.6259765625
29,"HP Spectre x360 (Ryzen 7, 32GB, $1200)","Dell Inspiron 16 (i7, 16GB, $1100)",-0.8798828125,-0.5361328125
29,"HP Spectre x360 (Ryzen 7, 32GB, $1200)","Dell XPS 15 (i7, 32GB, $1500)",-0.974609375,-0.474365234375
29,"HP Spectre x360 (Ryzen 7, 32GB, $1200)","Lenovo ThinkPad X1 Carbon (Ryzen 7, 32GB, $1400)",-0.974609375,-0.474365234375
29,"HP Spectre x360 (Ryzen 7, 32GB, $1200)","Apple MacBook Air M3 (M3, 16GB, $1800)",-0.9169921875,-0.5107421875
29,"HP Spectre x360 (Ryzen 7, 32GB, $1200)","Apple MacBook Pro 14-inch (M3, 32GB, $2220)",-0.955078125,-0.486328125
29,"HP Spectre x360 (Ryzen 7, 32GB, $1200)","Apple MacBook Pro 16-inch (M3, 64GB, $2800)",-0.90771484375,-0.51708984375
29,"Dell XPS 15 (i7, 32GB, $1500)","ASUS VivoBook 15 (i3, 8GB, $450)",-0.76611328125,-0.62548828125
29,"Dell XPS 15 (i7, 32GB, $1500)","Lenovo IdeaPad 3 (i5, 8GB, $550)",-0.74365234375,-0.64990234375
29,"Dell XPS 15 (i7, 32GB, $1500)","HP Pavilion 15 (Ryzen 5, 8GB, $600)",-0.79150390625,-0.60400390625
29,"Dell XPS 15 (i7, 32GB, $1500)","ASUS ZenBook 14 (i5, 16GB, $700)",-0.99365234375,-0.46240234375
29,"Dell XPS 15 (i7, 32GB, $1500)","Lenovo ThinkPad E14 (Ryzen 5, 16GB, $800)",-0.8173828125,-0.5830078125
29,"Dell XPS 15 (i7, 32GB, $1500)","Dell Inspiron 16 (i7, 16GB, $1100)",-0.92626953125,-0.50439453125
29,"Dell XPS 15 (i7, 32GB, $1500)","HP Spectre x360 (Ryzen 7, 32GB, $1200)",-0.974609375,-0.474365234375
29,"Dell XPS 15 (i7, 32GB, $1500)","Lenovo ThinkPad X1 Carbon (Ryzen 7, 32GB, $1400)",-0.935546875,-0.498291015625
29,"Dell XPS 15 (i7, 32GB, $1500)","Apple MacBook Air M3 (M3, 16GB, $1800)",-0.88916015625,-0.52978515625
29,"Dell XPS 15 (i7, 32GB, $1500)","Apple MacBook Pro 14-inch (M3, 32GB, $2220)",-0.9453125,-0.4921875
29,"Dell XPS 15 (i7, 32GB, $1500)","Apple MacBook Pro 16-inch (M3, 64GB, $2800)",-0.92626953125,-0.50439453125
29,"Lenovo ThinkPad X1 Carbon (Ryzen 7, 32GB, $1400)","ASUS VivoBook 15 (i3, 8GB, $450)",-0.5966796875,-0.7998046875
29,"Lenovo ThinkPad X1 Carbon (Ryzen 7, 32GB, $1400)","Lenovo IdeaPad 3 (i5, 8GB, $550)",-0.6357421875,-0.7607421875
29,"Lenovo ThinkPad X1 Carbon (Ryzen 7, 32GB, $1400)","HP Pavilion 15 (Ryzen 5, 8GB, $600)",-0.6328125,-0.7578125
29,"Lenovo ThinkPad X1 Carbon (Ryzen 7, 32GB, $1400)","ASUS ZenBook 14 (i5, 16GB, $700)",-0.7998046875,-0.5966796875
29,"Lenovo ThinkPad X1 Carbon (Ryzen 7, 32GB, $1400)","Lenovo ThinkPad E14 (Ryzen 5, 16GB, $800)",-0.693359375,-0.693359375
29,"Lenovo ThinkPad X1 Carbon (Ryzen 7, 32GB, $1400)","Dell Inspiron 16 (i7, 16GB, $1100)",-0.7744140625,-0.6181640625
29,"Lenovo ThinkPad X1 Carbon (Ryzen 7, 32GB, $1400)","HP Spectre x360 (Ryzen 7, 32GB, $1200)",-0.84375,-0.5625
29,"Lenovo ThinkPad X1 Carbon (Ryzen 7, 32GB, $1400)","Dell XPS 15 (i7, 32GB, $1500)",-0.8798828125,-0.5361328125
29,"Lenovo ThinkPad X1 Carbon (Ryzen 7, 32GB, $1400)","Apple MacBook Air M3 (M3, 16GB, $1800)",-0.76611328125,-0.62548828125
29,"Lenovo ThinkPad X1 Carbon (Ryzen 7, 32GB, $1400)","Apple MacBook Pro 14-inch (M3, 32GB, $2220)",-0.7744140625,-0.6181640625
29,"Lenovo ThinkPad X1 Carbon (Ryzen 7, 32GB, $1400)","Apple MacBook Pro 16-inch (M3, 64GB, $2800)",-0.7412109375,-0.6474609375
29,"Apple MacBook Air M3 (M3, 16GB, $1800)","ASUS VivoBook 15 (i3, 8GB, $450)",-0.64013671875,-0.74951171875
29,"Apple MacBook Air M3 (M3, 16GB, $1800)","Lenovo IdeaPad 3 (i5, 8GB, $550)",-0.6416015625,-0.7509765625
29,"Apple MacBook Air M3 (M3, 16GB, $1800)","HP Pavilion 15 (Ryzen 5, 8GB, $600)",-0.66259765625,-0.72509765625
29,"Apple MacBook Air M3 (M3, 16GB, $1800)","ASUS ZenBook 14 (i5, 16GB, $700)",-0.8798828125,-0.5361328125
29,"Apple MacBook Air M3 (M3, 16GB, $1800)","Lenovo ThinkPad E14 (Ryzen 5, 16GB, $800)",-0.72509765625,-0.66259765625
29,"Apple MacBook Air M3 (M3, 16GB, $1800)","Dell Inspiron 16 (i7, 16GB, $1100)",-0.7998046875,-0.5966796875
29,"Apple MacBook Air M3 (M3, 16GB, $1800)","HP Spectre x360 (Ryzen 7, 32GB, $1200)",-0.88916015625,-0.52978515625
29,"Apple MacBook Air M3 (M3, 16GB, $1800)","Dell XPS 15 (i7, 32GB, $1500)",-0.8349609375,-0.5693359375
29,"Apple MacBook Air M3 (M3, 16GB, $1800)","Lenovo ThinkPad X1 Carbon (Ryzen 7, 32GB, $1400)",-0.8525390625,-0.5556640625
29,"Apple MacBook Air M3 (M3, 16GB, $1800)","Apple MacBook Pro 14-inch (M3, 32GB, $2220)",-1.0849609375,-0.41259765625
29,"Apple MacBook Air M3 (M3, 16GB, $1800)","Apple MacBook Pro 16-inch (M3, 64GB, $2800)",-1.0537109375,-0.4287109375
29,"Apple MacBook Pro 14-inch (M3, 32GB, $2220)","ASUS VivoBook 15 (i3, 8GB, $450)",-0.5693359375,-0.8349609375
29,"Apple MacBook Pro 14-inch (M3, 32GB, $2220)","Lenovo IdeaPad 3 (i5, 8GB, $550)",-0.5439453125,-0.8720703125
29,"Apple MacBook Pro 14-inch (M3, 32GB, $2220)","HP Pavilion 15 (Ryzen 5, 8GB, $600)",-0.61083984375,-0.78271484375
29,"Apple MacBook Pro 14-inch (M3, 32GB, $2220)","ASUS ZenBook 14 (i5, 16GB, $700)",-0.7578125,-0.6328125
29,"Apple MacBook Pro 14-inch (M3, 32GB, $2220)","Lenovo ThinkPad E14 (Ryzen 5, 16GB, $800)",-0.6181640625,-0.7744140625
29,"Apple MacBook Pro 14-inch (M3, 32GB, $2220)","Dell Inspiron 16 (i7, 16GB, $1100)",-0.701171875,-0.685546875
29,"Apple MacBook Pro 14-inch (M3, 32GB, $2220)","HP Spectre x360 (Ryzen 7, 32GB, $1200)",-0.79150390625,-0.60400390625
29,"Apple MacBook Pro 14-inch (M3, 32GB, $2220)","Dell XPS 15 (i7, 32GB, $1500)",-0.7744140625,-0.6181640625
29,"Apple MacBook Pro 14-inch (M3, 32GB, $2220)","Lenovo ThinkPad X1 Carbon (Ryzen 7, 32GB, $1400)",-0.76611328125,-0.62548828125
29,"Apple MacBook Pro 14-inch (M3, 32GB, $2220)","Apple MacBook Air M3 (M3, 16GB, $1800)",-0.80859375,-0.58984375
29,"Apple MacBook Pro 14-inch (M3, 32GB, $2220)","Apple MacBook Pro 16-inch (M3, 64GB, $2800)",-0.9072265625,-0.5166015625
29,"Apple MacBook Pro 16-inch (M3, 64GB, $2800)","ASUS VivoBook 15 (i3, 8GB, $450)",-0.5693359375,-0.8349609375
29,"Apple MacBook Pro 16-inch (M3, 64GB, $2800)","Lenovo IdeaPad 3 (i5, 8GB, $550)",-0.5712890625,-0.8369140625
29,"Apple MacBook Pro 16-inch (M3, 64GB, $2800)","HP Pavilion 15 (Ryzen 5, 8GB, $600)",-0.61083984375,-0.78271484375
29,"Apple MacBook Pro 16-inch (M3, 64GB, $2800)","ASUS ZenBook 14 (i5, 16GB, $700)",-0.80859375,-0.58984375
29,"Apple MacBook Pro 16-inch (M3, 64GB, $2800)","Lenovo ThinkPad E14 (Ryzen 5, 16GB, $800)",-0.65478515625,-0.73291015625
29,"Apple MacBook Pro 16-inch (M3, 64GB, $2800)","Dell Inspiron 16 (i7, 16GB, $1100)",-0.73291015625,-0.65478515625
29,"Apple MacBook Pro 16-inch (M3, 64GB, $2800)","HP Spectre x360 (Ryzen 7, 32GB, $1200)",-0.80859375,-0.58984375
29,"Apple MacBook Pro 16-inch (M3, 64GB, $2800)","Dell XPS 15 (i7, 32GB, $1500)",-0.7744140625,-0.6181640625
29,"Apple MacBook Pro 16-inch (M3, 64GB, $2800)","Lenovo ThinkPad X1 Carbon (Ryzen 7, 32GB, $1400)",-0.79150390625,-0.60400390625
29,"Apple MacBook Pro 16-inch (M3, 64GB, $2800)","Apple MacBook Air M3 (M3, 16GB, $1800)",-0.9169921875,-0.5107421875
29,"Apple MacBook Pro 16-inch (M3, 64GB, $2800)","Apple MacBook Pro 14-inch (M3, 32GB, $2220)",-0.87060546875,-0.54248046875
30,"ASUS VivoBook 15 (i3, 8GB, $450)","Lenovo IdeaPad 3 (i5, 8GB, $550)",-1.212890625,-0.353271484375
30,"ASUS VivoBook 15 (i3, 8GB, $450)","HP Pavilion 15 (Ryzen 5, 8GB, $600)",-1.234375,-0.343994140625
30,"ASUS VivoBook 15 (i3, 8GB, $450)","ASUS ZenBook 14 (i5, 16GB, $700)",-1.501953125,-0.251953125
30,"ASUS VivoBook 15 (i3, 8GB, $450)","Lenovo ThinkPad E14 (Ryzen 5, 16GB, $800)",-1.1904296875,-0.362548828125
30,"ASUS VivoBook 15 (i3, 8GB, $450)","Dell Inspiron 16 (i7, 16GB, $1100)",-1.212890625,-0.35302734375
30,"ASUS VivoBook 15 (i3, 8GB, $450)","HP Spectre x360 (Ryzen 7, 32GB, $1200)",-1.3359375,-0.304931640625
30,"ASUS VivoBook 15 (i3, 8GB, $450)","Dell XPS 15 (i7, 32GB, $1500)",-1.212890625,-0.35302734375
30,"ASUS VivoBook 15 (i3, 8GB, $450)","Lenovo ThinkPad X1 Carbon (Ryzen 7, 32GB, $1400)",-1.234375,-0.343994140625
30,"ASUS VivoBook 15 (i3, 8GB, $450)","Apple MacBook Air M3 (M3, 16GB, $1800)",-1.13671875,-0.386962890625
30,"ASUS VivoBook 15 (i3, 8GB, $450)","Apple MacBook Pro 14-inch (M3, 32GB, $2220)",-1.158203125,-0.376953125
30,"ASUS VivoBook 15 (i3, 8GB, $450)","Apple MacBook Pro 16-inch (M3, 64GB, $2800)",-1.13671875,-0.386962890625
30,"Lenovo IdeaPad 3 (i5, 8GB, $550)","ASUS VivoBook 15 (i3, 8GB, $450)",-1.359375,-0.297119140625
30,"Lenovo IdeaPad 3 (i5, 8GB, $550)","HP Pavilion 15 (Ryzen 5, 8GB, $600)",-1.2568359375,-0.335205078125
30,"Lenovo IdeaPad 3 (i5, 8GB, $550)","ASUS ZenBook 14 (i5, 16GB, $700)",-1.5634765625,-0.2352294921875
30,"Lenovo IdeaPad 3 (i5, 8GB, $550)","Lenovo ThinkPad E14 (Ryzen 5, 16GB, $800)",-1.4189453125,-0.27783203125
30,"Lenovo IdeaPad 3 (i5, 8GB, $550)","Dell Inspiron 16 (i7, 16GB, $1100)",-1.291015625,-0.322021484375
30,"Lenovo IdeaPad 3 (i5, 8GB, $550)","HP Spectre x360 (Ryzen 7, 32GB, $1200)",-1.3369140625,-0.305419921875
30,"Lenovo IdeaPad 3 (i5, 8GB, $550)","Dell XPS 15 (i7, 32GB, $1500)",-1.3251953125,-0.309326171875
30,"Lenovo IdeaPad 3 (i5, 8GB, $550)","Lenovo ThinkPad X1 Carbon (Ryzen 7, 32GB, $1400)",-1.4658203125,-0.26318359375
30,"Lenovo IdeaPad 3 (i5, 8GB, $550)","Apple MacBook Air M3 (M3, 16GB, $1800)",-1.2021484375,-0.35791015625
30,"Lenovo IdeaPad 3 (i5, 8GB, $550)","Apple MacBook Pro 14-inch (M3, 32GB, $2220)",-1.1904296875,-0.36279296875
30,"Lenovo IdeaPad 3 (i5, 8GB, $550)","Apple MacBook Pro 16-inch (M3, 64GB, $2800)",-1.1689453125,-0.372314453125
30,"HP Pavilion 15 (Ryzen 5, 8GB, $600)","ASUS VivoBook 15 (i3, 8GB, $450)",-1.291015625,-0.32177734375
30,"HP Pavilion 15 (Ryzen 5, 8GB, $600)","Lenovo IdeaPad 3 (i5, 8GB, $550)",-1.2705078125,-0.33251953125
30,"HP Pavilion 15 (Ryzen 5, 8GB, $600)","ASUS ZenBook 14 (i5, 16GB, $700)",-1.61328125,-0.2222900390625
30,"HP Pavilion 15 (Ryzen 5, 8GB, $600)","Lenovo ThinkPad E14 (Ryzen 5, 16GB, $800)",-1.267578125,-0.33056640625
30,"HP Pavilion 15 (Ryzen 5, 8GB, $600)","Dell Inspiron 16 (i7, 16GB, $1100)",-1.267578125,-0.33056640625
30,"HP Pavilion 15 (Ryzen 5, 8GB, $600)","HP Spectre x360 (Ryzen 7, 32GB, $1200)",-1.6630859375,-0.2103271484375
30,"HP Pavilion 15 (Ryzen 5, 8GB, $600)","Dell XPS 15 (i7, 32GB, $1500)",-1.267578125,-0.33056640625
30,"HP Pavilion 15 (Ryzen 5, 8GB, $600)","Lenovo ThinkPad X1 Carbon (Ryzen 7, 32GB, $1400)",-1.34765625,-0.301025390625
30,"HP Pavilion 15 (Ryzen 5, 8GB, $600)","Apple MacBook Air M3 (M3, 16GB, $1800)",-1.2236328125,-0.348388671875
30,"HP Pavilion 15 (Ryzen 5, 8GB, $600)","Apple MacBook Pro 14-inch (M3, 32GB, $2220)",-1.201171875,-0.357666015625
30,"HP Pavilion 15 (Ryzen 5, 8GB, $600)","Apple MacBook Pro 16-inch (M3, 64GB, $2800)",-1.201171875,-0.357666015625
30,"ASUS ZenBook 14 (i5, 16GB, $700)","ASUS VivoBook 15 (i3, 8GB, $450)",-1.201171875,-0.357666015625
30,"ASUS ZenBook 14 (i5, 16GB, $700)","Lenovo IdeaPad 3 (i5, 8GB, $550)",-1.1484375,-0.382568359375
30,"ASUS ZenBook 14 (i5, 16GB, $700)","HP Pavilion 15 (Ryzen 5, 8GB, $600)",-1.212890625,-0.35302734375
30,"ASUS ZenBook 14 (i5, 16GB, $700)","Lenovo ThinkPad E14 (Ryzen 5, 16GB, $800)",-1.24609375,-0.33935546875
30,"ASUS ZenBook 14 (i5, 16GB, $700)","Dell Inspiron 16 (i7, 16GB, $1100)",-1.2236328125,-0.348388671875
30,"ASUS ZenBook 14 (i5, 16GB, $700)","HP Spectre x360 (Ryzen 7, 32GB, $1200)",-1.44140625,-0.27001953125
30,"ASUS ZenBook 14 (i5, 16GB, $700)","Dell XPS 15 (i7, 32GB, $1500)",-1.234375,-0.343994140625
30,"ASUS ZenBook 14 (i5, 16GB, $700)","Lenovo ThinkPad X1 Carbon (Ryzen 7, 32GB, $1400)",-1.291015625,-0.32177734375
30,"ASUS ZenBook 14 (i5, 16GB, $700)","Apple MacBook Air M3 (M3, 16GB, $1800)",-1.212890625,-0.35302734375
30,"ASUS ZenBook 14 (i5, 16GB, $700)","Apple MacBook Pro 14-inch (M3, 32GB, $2220)",-1.1689453125,-0.3720703125
30,"ASUS ZenBook 14 (i5, 16GB, $700)","Apple MacBook Pro 16-inch (M3, 64GB, $2800)",-1.158203125,-0.376953125
30,"Lenovo ThinkPad E14 (Ryzen 5, 16GB, $800)","ASUS VivoBook 15 (i3, 8GB, $450)",-1.013671875,-0.450927734375
30,"Lenovo ThinkPad E14 (Ryzen 5, 16GB, $800)","Lenovo IdeaPad 3 (i5, 8GB, $550)",-1.109375,-0.406494140625
30,"Lenovo ThinkPad E14 (Ryzen 5, 16GB, $800)","HP Pavilion 15 (Ryzen 5, 8GB, $600)",-0.99365234375,-0.46240234375
30,"Lenovo ThinkPad E14 (Ryzen 5, 16GB, $800)","ASUS ZenBook 14 (i5, 16GB, $700)",-1.279296875,-0.326171875
30,"Lenovo ThinkPad E14 (Ryzen 5, 16GB, $800)","Dell Inspiron 16 (i7, 16GB, $1100)",-1.0947265625,-0.407470703125
30,"Lenovo ThinkPad E14 (Ryzen 5, 16GB, $800)","HP Spectre x360 (Ryzen 7, 32GB, $1200)",-1.201171875,-0.35791015625
30,"Lenovo ThinkPad E14 (Ryzen 5, 16GB, $800)","Dell XPS 15 (i7, 32GB, $1500)",-1.0947265625,-0.407470703125
30,"Lenovo ThinkPad E14 (Ryzen 5, 16GB, $800)","Lenovo ThinkPad X1 Carbon (Ryzen 7, 32GB, $1400)",-1.2236328125,-0.348388671875
30,"Lenovo ThinkPad E14 (Ryzen 5, 16GB, $800)","Apple MacBook Air M3 (M3, 16GB, $1800)",-0.99365234375,-0.46240234375
30,"Lenovo ThinkPad E14 (Ryzen 5, 16GB, $800)","Apple MacBook Pro 14-inch (M3, 32GB, $2220)",-0.97412109375,-0.47412109375
30,"Lenovo ThinkPad E14 (Ryzen 5, 16GB, $800)","Apple MacBook Pro 16-inch (M3, 64GB, $2800)",-0.96435546875,-0.47998046875
30,"Dell Inspiron 16 (i7, 16GB, $1100)","ASUS VivoBook 15 (i3, 8GB, $450)",-1.267578125,-0.33056640625
30,"Dell Inspiron 16 (i7, 16GB, $1100)","Lenovo IdeaPad 3 (i5, 8GB, $550)",-1.2138671875,-0.3544921875
30,"Dell Inspiron 16 (i7, 16GB, $1100)","HP Pavilion 15 (Ryzen 5, 8GB, $600)",-1.158203125,-0.376953125
30,"Dell Inspiron 16 (i7, 16GB, $1100)","ASUS ZenBook 14 (i5, 16GB, $700)",-1.5380859375,-0.24169921875
30,"Dell Inspiron 16 (i7, 16GB, $1100)","Lenovo ThinkPad E14 (Ryzen 5, 16GB, $800)",-1.2236328125,-0.348388671875
30,"Dell Inspiron 16 (i7, 16GB, $1100)","HP Spectre x360 (Ryzen 7, 32GB, $1200)",-1.490234375,-0.255615234375
30,"Dell Inspiron 16 (i7, 16GB, $1100)","Dell XPS 15 (i7, 32GB, $1500)",-1.4541015625,-0.26611328125
30,"Dell Inspiron 16 (i7, 16GB, $1100)","Lenovo ThinkPad X1 Carbon (Ryzen 7, 32GB, $1400)",-1.3828125,-0.288818359375
30,"Dell Inspiron 16 (i7, 16GB, $1100)","Apple MacBook Air M3 (M3, 16GB, $1800)",-1.3359375,-0.304931640625
30,"Dell Inspiron 16 (i7, 16GB, $1100)","Apple MacBook Pro 14-inch (M3, 32GB, $2220)",-1.234375,-0.343994140625
30,"Dell Inspiron 16 (i7, 16GB, $1100)","Apple MacBook Pro 16-inch (M3, 64GB, $2800)",-1.234375,-0.343994140625
30,"HP Spectre x360 (Ryzen 7, 32GB, $1200)","ASUS VivoBook 15 (i3, 8GB, $450)",-0.98388671875,-0.46826171875
30,"HP Spectre x360 (Ryzen 7, 32GB, $1200)","Lenovo IdeaPad 3 (i5, 8GB, $550)",-0.92724609375,-0.50537109375
30,"HP Spectre x360 (Ryzen 7, 32GB, $1200)","HP Pavilion 15 (Ryzen 5, 8GB, $600)",-1.0439453125,-0.434326171875
30,"HP Spectre x360 (Ryzen 7, 32GB, $1200)","ASUS ZenBook 14 (i5, 16GB, $700)",-1.1796875,-0.3671875
30,"HP Spectre x360 (Ryzen 7, 32GB, $1200)","Lenovo ThinkPad E14 (Ryzen 5, 16GB, $800)",-1.033203125,-0.43994140625
30,"HP Spectre x360 (Ryzen 7, 32GB, $1200)","Dell Inspiron 16 (i7, 16GB, $1100)",-1.10546875,-0.40234375
30,"HP Spectre x360 (Ryzen 7, 32GB, $1200)","Dell XPS 15 (i7, 32GB, $1500)",-1.212890625,-0.353271484375
30,"HP Spectre x360 (Ryzen 7, 32GB, $1200)","Lenovo ThinkPad X1 Carbon (Ryzen 7, 32GB, $1400)",-1.2236328125,-0.3486328125
30,"HP Spectre x360 (Ryzen 7, 32GB, $1200)","Apple MacBook Air M3 (M3, 16GB, $1800)",-1.1259765625,-0.39208984375
30,"HP Spectre x360 (Ryzen 7, 32GB, $1200)","Apple MacBook Pro 14-inch (M3, 32GB, $2220)",-1.1796875,-0.367431640625
30,"HP Spectre x360 (Ryzen 7, 32GB, $1200)","Apple MacBook Pro 16-inch (M3, 64GB, $2800)",-1.1259765625,-0.39208984375
30,"Dell XPS 15 (i7, 32GB, $1500)","ASUS VivoBook 15 (i3, 8GB, $450)",-1.158203125,-0.376953125
30,"Dell XPS 15 (i7, 32GB, $1500)","Lenovo IdeaPad 3 (i5, 8GB, $550)",-1.0751953125,-0.41845703125
30,"Dell XPS 15 (i7, 32GB, $1500)","HP Pavilion 15 (Ryzen 5, 8GB, $600)",-1.0634765625,-0.42333984375
30,"Dell XPS 15 (i7, 32GB, $1500)","ASUS ZenBook 14 (i5, 16GB, $700)",-1.3134765625,-0.313232421875
30,"Dell XPS 15 (i7, 32GB, $1500)","Lenovo ThinkPad E14 (Ryzen 5, 16GB, $800)",-1.0849609375,-0.41259765625
30,"Dell XPS 15 (i7, 32GB, $1500)","Dell Inspiron 16 (i7, 16GB, $1100)",-1.1904296875,-0.362548828125
30,"Dell XPS 15 (i7, 32GB, $1500)","HP Spectre x360 (Ryzen 7, 32GB, $1200)",-1.1796875,-0.3671875
30,"Dell XPS 15 (i7, 32GB, $1500)","Lenovo ThinkPad X1 Carbon (Ryzen 7, 32GB, $1400)",-1.1904296875,-0.362548828125
30,"Dell XPS 15 (i7, 32GB, $1500)","Apple MacBook Air M3 (M3, 16GB, $1800)",-1.1162109375,-0.39697265625
30,"Dell XPS 15 (i7, 32GB, $1500)","Apple MacBook Pro 14-inch (M3, 32GB, $2220)",-1.1162109375,-0.39697265625
30,"Dell XPS 15 (i7, 32GB, $1500)","Apple MacBook Pro 16-inch (M3, 64GB, $2800)",-1.0947265625,-0.407470703125
30,"Lenovo ThinkPad X1 Carbon (Ryzen 7, 32GB, $1400)","ASUS VivoBook 15 (i3, 8GB, $450)",-0.89794921875,-0.52294921875
30,"Lenovo ThinkPad X1 Carbon (Ryzen 7, 32GB, $1400)","Lenovo IdeaPad 3 (i5, 8GB, $550)",-0.93701171875,-0.49951171875
30,"Lenovo ThinkPad X1 Carbon (Ryzen 7, 32GB, $1400)","HP Pavilion 15 (Ryzen 5, 8GB, $600)",-0.89794921875,-0.52294921875
30,"Lenovo ThinkPad X1 Carbon (Ryzen 7, 32GB, $1400)","ASUS ZenBook 14 (i5, 16GB, $700)",-1.0849609375,-0.41259765625
30,"Lenovo ThinkPad X1 Carbon (Ryzen 7, 32GB, $1400)","Lenovo ThinkPad E14 (Ryzen 5, 16GB, $800)",-0.98388671875,-0.46826171875
30,"Lenovo ThinkPad X1 Carbon (Ryzen 7, 32GB, $1400)","Dell Inspiron 16 (i7, 16GB, $1100)",-0.97412109375,-0.47412109375
30,"Lenovo ThinkPad X1 Carbon (Ryzen 7, 32GB, $1400)","HP Spectre x360 (Ryzen 7, 32GB, $1200)",-1.0439453125,-0.434326171875
30,"Lenovo ThinkPad X1 Carbon (Ryzen 7, 32GB, $1400)","Dell XPS 15 (i7, 32GB, $1500)",-1.07421875,-0.41796875
30,"Lenovo ThinkPad X1 Carbon (Ryzen 7, 32GB, $1400)","Apple MacBook Air M3 (M3, 16GB, $1800)",-0.9169921875,-0.5107421875
30,"Lenovo ThinkPad X1 Carbon (Ryzen 7, 32GB, $1400)","Apple MacBook Pro 14-inch (M3, 32GB, $2220)",-0.9453125,-0.491943359375
30,"Lenovo ThinkPad X1 Carbon (Ryzen 7, 32GB, $1400)","Apple MacBook Pro 16-inch (M3, 64GB, $2800)",-0.9072265625,-0.5166015625
30,"Apple MacBook Air M3 (M3, 16GB, $1800)","ASUS VivoBook 15 (i3, 8GB, $450)",-1.013671875,-0.450927734375
30,"Apple MacBook Air M3 (M3, 16GB, $1800)","Lenovo IdeaPad 3 (i5, 8GB, $550)",-0.94580078125,-0.492431640625
30,"Apple MacBook Air M3 (M3, 16GB, $1800)","HP Pavilion 15 (Ryzen 5, 8GB, $600)",-0.96435546875,-0.47998046875
30,"Apple MacBook Air M3 (M3, 16GB, $1800)","ASUS ZenBook 14 (i5, 16GB, $700)",-1.212890625,-0.35302734375
30,"Apple MacBook Air M3 (M3, 16GB, $1800)","Lenovo ThinkPad E14 (Ryzen 5, 16GB, $800)",-0.99365234375,-0.46240234375
30,"Apple MacBook Air M3 (M3, 16GB, $1800)","Dell Inspiron 16 (i7, 16GB, $1100)",-1.0537109375,-0.4287109375
30,"Apple MacBook Air M3 (M3, 16GB, $1800)","HP Spectre x360 (Ryzen 7, 32GB, $1200)",-1.0947265625,-0.407470703125
30,"Apple MacBook Air M3 (M3, 16GB, $1800)","Dell XPS 15 (i7, 32GB, $1500)",-1.0849609375,-0.41259765625
30,"Apple MacBook Air M3 (M3, 16GB, $1800)","Lenovo ThinkPad X1 Carbon (Ryzen 7, 32GB, $1400)",-1.1162109375,-0.39697265625
30,"Apple MacBook Air M3 (M3, 16GB, $1800)","Apple MacBook Pro 14-inch (M3, 32GB, $2220)",-1.3828125,-0.288818359375
30,"Apple MacBook Air M3 (M3, 16GB, $1800)","Apple MacBook Pro 16-inch (M3, 64GB, $2800)",-1.3251953125,-0.30908203125
30,"Apple MacBook Pro 14-inch (M3, 32GB, $2220)","ASUS VivoBook 15 (i3, 8GB, $450)",-0.888671875,-0.529296875
30,"Apple MacBook Pro 14-inch (M3, 32GB, $2220)","Lenovo IdeaPad 3 (i5, 8GB, $550)",-0.82666015625,-0.57666015625
30,"Apple MacBook Pro 14-inch (M3, 32GB, $2220)","HP Pavilion 15 (Ryzen 5, 8GB, $600)",-0.87060546875,-0.54248046875
30,"Apple MacBook Pro 14-inch (M3, 32GB, $2220)","ASUS ZenBook 14 (i5, 16GB, $700)",-1.07421875,-0.41796875
30,"Apple MacBook Pro 14-inch (M3, 32GB, $2220)","Lenovo ThinkPad E14 (Ryzen 5, 16GB, $800)",-0.87060546875,-0.54248046875
30,"Apple MacBook Pro 14-inch (M3, 32GB, $2220)","Dell Inspiron 16 (i7, 16GB, $1100)",-0.9072265625,-0.5166015625
30,"Apple MacBook Pro 14-inch (M3, 32GB, $2220)","HP Spectre x360 (Ryzen 7, 32GB, $1200)",-0.99365234375,-0.46240234375
30,"Apple MacBook Pro 14-inch (M3, 32GB, $2220)","Dell XPS 15 (i7, 32GB, $1500)",-0.98388671875,-0.46826171875
30,"Apple MacBook Pro 14-inch (M3, 32GB, $2220)","Lenovo ThinkPad X1 Carbon (Ryzen 7, 32GB, $1400)",-1.00390625,-0.456787109375
30,"Apple MacBook Pro 14-inch (M3, 32GB, $2220)","Apple MacBook Air M3 (M3, 16GB, $1800)",-1.07421875,-0.41796875
30,"Apple MacBook Pro 14-inch (M3, 32GB, $2220)","Apple MacBook Pro 16-inch (M3, 64GB, $2800)",-1.158203125,-0.376953125
30,"Apple MacBook Pro 16-inch (M3, 64GB, $2800)","ASUS VivoBook 15 (i3, 8GB, $450)",-0.9072265625,-0.5166015625
30,"Apple MacBook Pro 16-inch (M3, 64GB, $2800)","Lenovo IdeaPad 3 (i5, 8GB, $550)",-0.88037109375,-0.53662109375
30,"Apple MacBook Pro 16-inch (M3, 64GB, $2800)","HP Pavilion 15 (Ryzen 5, 8GB, $600)",-0.88916015625,-0.52978515625
30,"Apple MacBook Pro 16-inch (M3, 64GB, $2800)","ASUS ZenBook 14 (i5, 16GB, $700)",-1.1259765625,-0.391845703125
30,"Apple MacBook Pro 16-inch (M3, 64GB, $2800)","Lenovo ThinkPad E14 (Ryzen 5, 16GB, $800)",-0.9169921875,-0.5107421875
30,"Apple MacBook Pro 16-inch (M3, 64GB, $2800)","Dell Inspiron 16 (i7, 16GB, $1100)",-0.95458984375,-0.486083984375
30,"Apple MacBook Pro 16-inch (M3, 64GB, $2800)","HP Spectre x360 (Ryzen 7, 32GB, $1200)",-1.033203125,-0.439697265625
30,"Apple MacBook Pro 16-inch (M3, 64GB, $2800)","Dell XPS 15 (i7, 32GB, $1500)",-0.99365234375,-0.46240234375
30,"Apple MacBook Pro 16-inch (M3, 64GB, $2800)","Lenovo ThinkPad X1 Carbon (Ryzen 7, 32GB, $1400)",-1.0439453125,-0.434326171875
30,"Apple MacBook Pro 16-inch (M3, 64GB, $2800)","Apple MacBook Air M3 (M3, 16GB, $1800)",-1.1689453125,-0.3720703125
30,"Apple MacBook Pro 16-inch (M3, 64GB, $2800)","Apple MacBook Pro 14-inch (M3, 32GB, $2220)",-1.13671875,-0.386962890625
31,"ASUS VivoBook 15 (i3, 8GB, $450)","Lenovo IdeaPad 3 (i5, 8GB, $550)",-0.5556640625,-0.8525390625
31,"ASUS VivoBook 15 (i3, 8GB, $450)","HP Pavilion 15 (Ryzen 5, 8GB, $600)",-0.5625,-0.84375
31,"ASUS VivoBook 15 (i3, 8GB, $450)","ASUS ZenBook 14 (i5, 16GB, $700)",-0.66259765625,-0.72509765625
31,"ASUS VivoBook 15 (i3, 8GB, $450)","Lenovo ThinkPad E14 (Ryzen 5, 16GB, $800)",-0.54248046875,-0.87060546875
31,"ASUS VivoBook 15 (i3, 8GB, $450)","Dell Inspiron 16 (i7, 16GB, $1100)",-0.5693359375,-0.8349609375
31,"ASUS VivoBook 15 (i3, 8GB, $450)","HP Spectre x360 (Ryzen 7, 32GB, $1200)",-0.5361328125,-0.8798828125
31,"ASUS VivoBook 15 (i3, 8GB, $450)","Dell XPS 15 (i7, 32GB, $1500)",-0.5556640625,-0.8525390625
31,"ASUS VivoBook 15 (i3, 8GB, $450)","Lenovo ThinkPad X1 Carbon (Ryzen 7, 32GB, $1400)",-0.5625,-0.84375
31,"ASUS VivoBook 15 (i3, 8GB, $450)","Apple MacBook Air M3 (M3, 16GB, $1800)",-0.47998046875,-0.96435546875
31,"ASUS VivoBook 15 (i3, 8GB, $450)","Apple MacBook Pro 14-inch (M3, 32GB, $2220)",-0.47998046875,-0.96435546875
31,"ASUS VivoBook 15 (i3, 8GB, $450)","Apple MacBook Pro 16-inch (M3, 64GB, $2800)",-0.47412109375,-0.97412109375
31,"Lenovo IdeaPad 3 (i5, 8GB, $550)","ASUS VivoBook 15 (i3, 8GB, $450)",-0.6328125,-0.7578125
31,"Lenovo IdeaPad 3 (i5, 8GB, $550)","HP Pavilion 15 (Ryzen 5, 8GB, $600)",-0.5830078125,-0.8173828125
31,"Lenovo IdeaPad 3 (i5, 8GB, $550)","ASUS ZenBook 14 (i5, 16GB, $700)",-0.685546875,-0.701171875
31,"Lenovo IdeaPad 3 (i5, 8GB, $550)","Lenovo ThinkPad E14 (Ryzen 5, 16GB, $800)",-0.62548828125,-0.76611328125
31,"Lenovo IdeaPad 3 (i5, 8GB, $550)","Dell Inspiron 16 (i7, 16GB, $1100)",-0.62548828125,-0.76611328125
31,"Lenovo IdeaPad 3 (i5, 8GB, $550)","HP Spectre x360 (Ryzen 7, 32GB, $1200)",-0.5693359375,-0.8349609375
31,"Lenovo IdeaPad 3 (i5, 8GB, $550)","Dell XPS 15 (i7, 32GB, $1500)",-0.6181640625,-0.7744140625
31,"Lenovo IdeaPad 3 (i5, 8GB, $550)","Lenovo ThinkPad X1 Carbon (Ryzen 7, 32GB, $1400)",-0.669921875,-0.716796875
31,"Lenovo IdeaPad 3 (i5, 8GB, $550)","Apple MacBook Air M3 (M3, 16GB, $1800)",-0.54931640625,-0.86181640625
31,"Lenovo IdeaPad 3 (i5, 8GB, $550)","Apple MacBook Pro 14-inch (M3, 32GB, $2220)",-0.5234375,-0.8984375
31,"Lenovo IdeaPad 3 (i5, 8GB, $550)","Apple MacBook Pro 16-inch (M3, 64GB, $2800)",-0.5234375,-0.8984375
31,"HP Pavilion 15 (Ryzen 5, 8GB, $600)","ASUS VivoBook 15 (i3, 8GB, $450)",-0.61083984375,-0.78271484375
31,"HP Pavilion 15 (Ryzen 5, 8GB, $600)","Lenovo IdeaPad 3 (i5, 8GB, $550)",-0.6181640625,-0.7744140625
31,"HP Pavilion 15 (Ryzen 5, 8GB, $600)","ASUS ZenBook 14 (i5, 16GB, $700)",-0.701171875,-0.685546875
31,"HP Pavilion 15 (Ryzen 5, 8GB, $600)","Lenovo ThinkPad E14 (Ryzen 5, 16GB, $800)",-0.61083984375,-0.78271484375
31,"HP Pavilion 15 (Ryzen 5, 8GB, $600)","Dell Inspiron 16 (i7, 16GB, $1100)",-0.6474609375,-0.7412109375
31,"HP Pavilion 15 (Ryzen 5, 8GB, $600)","HP Spectre x360 (Ryzen 7, 32GB, $1200)",-0.6474609375,-0.7412109375
31,"HP Pavilion 15 (Ryzen 5, 8GB, $600)","Dell XPS 15 (i7, 32GB, $1500)",-0.6328125,-0.7578125
31,"HP Pavilion 15 (Ryzen 5, 8GB, $600)","Lenovo ThinkPad X1 Carbon (Ryzen 7, 32GB, $1400)",-0.6474609375,-0.7412109375
31,"HP Pavilion 15 (Ryzen 5, 8GB, $600)","Apple MacBook Air M3 (M3, 16GB, $1800)",-0.5693359375,-0.8349609375
31,"HP Pavilion 15 (Ryzen 5, 8GB, $600)","Apple MacBook Pro 14-inch (M3, 32GB, $2220)",-0.548828125,-0.861328125
31,"HP Pavilion 15 (Ryzen 5, 8GB, $600)","Apple MacBook Pro 16-inch (M3, 64GB, $2800)",-0.54248046875,-0.87060546875
31,"ASUS ZenBook 14 (i5, 16GB, $700)","ASUS VivoBook 15 (i3, 8GB, $450)",-0.5830078125,-0.8173828125
31,"ASUS ZenBook 14 (i5, 16GB, $700)","Lenovo IdeaPad 3 (i5, 8GB, $550)",-0.54248046875,-0.87060546875
31,"ASUS ZenBook 14 (i5, 16GB, $700)","HP Pavilion 15 (Ryzen 5, 8GB, $600)",-0.54248046875,-0.87060546875
31,"ASUS ZenBook 14 (i5, 16GB, $700)","Lenovo ThinkPad E14 (Ryzen 5, 16GB, $800)",-0.5693359375,-0.8349609375
31,"ASUS ZenBook 14 (i5, 16GB, $700)","Dell Inspiron 16 (i7, 16GB, $1100)",-0.58984375,-0.80859375
31,"ASUS ZenBook 14 (i5, 16GB, $700)","HP Spectre x360 (Ryzen 7, 32GB, $1200)",-0.5830078125,-0.8173828125
31,"ASUS ZenBook 14 (i5, 16GB, $700)","Dell XPS 15 (i7, 32GB, $1500)",-0.576171875,-0.826171875
31,"ASUS ZenBook 14 (i5, 16GB, $700)","Lenovo ThinkPad X1 Carbon (Ryzen 7, 32GB, $1400)",-0.5966796875,-0.7998046875
31,"ASUS ZenBook 14 (i5, 16GB, $700)","Apple MacBook Air M3 (M3, 16GB, $1800)",-0.5107421875,-0.9169921875
31,"ASUS ZenBook 14 (i5, 16GB, $700)","Apple MacBook Pro 14-inch (M3, 32GB, $2220)",-0.498046875,-0.935546875
31,"ASUS ZenBook 14 (i5, 16GB, $700)","Apple MacBook Pro 16-inch (M3, 64GB, $2800)",-0.498046875,-0.935546875
31,"Lenovo ThinkPad E14 (Ryzen 5, 16GB, $800)","ASUS VivoBook 15 (i3, 8GB, $450)",-0.491943359375,-0.9453125
31,"Lenovo ThinkPad E14 (Ryzen 5, 16GB, $800)","Lenovo IdeaPad 3 (i5, 8GB, $550)",-0.51708984375,-0.90771484375
31,"Lenovo ThinkPad E14 (Ryzen 5, 16GB, $800)","HP Pavilion 15 (Ryzen 5, 8GB, $600)",-0.498046875,-0.935546875
31,"Lenovo ThinkPad E14 (Ryzen 5, 16GB, $800)","ASUS ZenBook 14 (i5, 16GB, $700)",-0.576171875,-0.826171875
31,"Lenovo ThinkPad E14 (Ryzen 5, 16GB, $800)","Dell Inspiron 16 (i7, 16GB, $1100)",-0.5556640625,-0.8525390625
31,"Lenovo ThinkPad E14 (Ryzen 5, 16GB, $800)","HP Spectre x360 (Ryzen 7, 32GB, $1200)",-0.498046875,-0.935546875
31,"Lenovo ThinkPad E14 (Ryzen 5, 16GB, $800)","Dell XPS 15 (i7, 32GB, $1500)",-0.529296875,-0.888671875
31,"Lenovo ThinkPad E14 (Ryzen 5, 16GB, $800)","Lenovo ThinkPad X1 Carbon (Ryzen 7, 32GB, $1400)",-0.576171875,-0.826171875
31,"Lenovo ThinkPad E14 (Ryzen 5, 16GB, $800)","Apple MacBook Air M3 (M3, 16GB, $1800)",-0.47412109375,-0.97412109375
31,"Lenovo ThinkPad E14 (Ryzen 5, 16GB, $800)","Apple MacBook Pro 14-inch (M3, 32GB, $2220)",-0.439697265625,-1.033203125
31,"Lenovo ThinkPad E14 (Ryzen 5, 16GB, $800)","Apple MacBook Pro 16-inch (M3, 64GB, $2800)",-0.4453125,-1.0234375
31,"Dell Inspiron 16 (i7, 16GB, $1100)","ASUS VivoBook 15 (i3, 8GB, $450)",-0.60400390625,-0.79150390625
31,"Dell Inspiron 16 (i7, 16GB, $1100)","Lenovo IdeaPad 3 (i5, 8GB, $550)",-0.576171875,-0.826171875
31,"Dell Inspiron 16 (i7, 16GB, $1100)","HP Pavilion 15 (Ryzen 5, 8GB, $600)",-0.576171875,-0.826171875
31,"Dell Inspiron 16 (i7, 16GB, $1100)","ASUS ZenBook 14 (i5, 16GB, $700)",-0.677734375,-0.708984375
31,"Dell Inspiron 16 (i7, 16GB, $1100)","Lenovo ThinkPad E14 (Ryzen 5, 16GB, $800)",-0.5966796875,-0.7998046875
31,"Dell Inspiron 16 (i7, 16GB, $1100)","HP Spectre x360 (Ryzen 7, 32GB, $1200)",-0.6181640625,-0.7744140625
31,"Dell Inspiron 16 (i7, 16GB, $1100)","Dell XPS 15 (i7, 32GB, $1500)",-0.65478515625,-0.73291015625
31,"Dell Inspiron 16 (i7, 16GB, $1100)","Lenovo ThinkPad X1 Carbon (Ryzen 7, 32GB, $1400)",-0.65478515625,-0.73291015625
31,"Dell Inspiron 16 (i7, 16GB, $1100)","Apple MacBook Air M3 (M3, 16GB, $1800)",-0.5966796875,-0.7998046875
31,"Dell Inspiron 16 (i7, 16GB, $1100)","Apple MacBook Pro 14-inch (M3, 32GB, $2220)",-0.5556640625,-0.8525390625
31,"Dell Inspiron 16 (i7, 16GB, $1100)","Apple MacBook Pro 16-inch (M3, 64GB, $2800)",-0.5693359375,-0.8349609375
31,"HP Spectre x360 (Ryzen 7, 32GB, $1200)","ASUS VivoBook 15 (i3, 8GB, $450)",-0.50439453125,-0.92626953125
31,"HP Spectre x360 (Ryzen 7, 32GB, $1200)","Lenovo IdeaPad 3 (i5, 8GB, $550)",-0.50439453125,-0.92626953125
31,"HP Spectre x360 (Ryzen 7, 32GB, $1200)","HP Pavilion 15 (Ryzen 5, 8GB, $600)",-0.5166015625,-0.9072265625
31,"HP Spectre x360 (Ryzen 7, 32GB, $1200)","ASUS ZenBook 14 (i5, 16GB, $700)",-0.5625,-0.84375
31,"HP Spectre x360 (Ryzen 7, 32GB, $1200)","Lenovo ThinkPad E14 (Ryzen 5, 16GB, $800)",-0.50439453125,-0.92626953125
31,"HP Spectre x360 (Ryzen 7, 32GB, $1200)","Dell Inspiron 16 (i7, 16GB, $1100)",-0.5625,-0.84375
31,"HP Spectre x360 (Ryzen 7, 32GB, $1200)","Dell XPS 15 (i7, 32GB, $1500)",-0.5556640625,-0.8525390625
31,"HP Spectre x360 (Ryzen 7, 32GB, $1200)","Lenovo ThinkPad X1 Carbon (Ryzen 7, 32GB, $1400)",-0.576171875,-0.826171875
31,"HP Spectre x360 (Ryzen 7, 32GB, $1200)","Apple MacBook Air M3 (M3, 16GB, $1800)",-0.5166015625,-0.9072265625
31,"HP Spectre x360 (Ryzen 7, 32GB, $1200)","Apple MacBook Pro 14-inch (M3, 32GB, $2220)",-0.50439453125,-0.92626953125
31,"HP Spectre x360 (Ryzen 7, 32GB, $1200)","Apple MacBook Pro 16-inch (M3, 64GB, $2800)",-0.486083984375,-0.95458984375
31,"Dell XPS 15 (i7, 32GB, $1500)","ASUS VivoBook 15 (i3, 8GB, $450)",-0.5625,-0.84375
31,"Dell XPS 15 (i7, 32GB, $1500)","Lenovo IdeaPad 3 (i5, 8GB, $550)",-0.54931640625,-0.86181640625
31,"Dell XPS 15 (i7, 32GB, $1500)","HP Pavilion 15 (Ryzen 5, 8GB, $600)",-0.529296875,-0.888671875
31,"Dell XPS 15 (i7, 32GB, $1500)","ASUS ZenBook 14 (i5, 16GB, $700)",-0.61083984375,-0.78271484375
31,"Dell XPS 15 (i7, 32GB, $1500)","Lenovo ThinkPad E14 (Ryzen 5, 16GB, $800)",-0.54248046875,-0.87060546875
31,"Dell XPS 15 (i7, 32GB, $1500)","Dell Inspiron 16 (i7, 16GB, $1100)",-0.6181640625,-0.7744140625
31,"Dell XPS 15 (i7, 32GB, $1500)","HP Spectre x360 (Ryzen 7, 32GB, $1200)",-0.52294921875,-0.89794921875
31,"Dell XPS 15 (i7, 32GB, $1500)","Lenovo ThinkPad X1 Carbon (Ryzen 7, 32GB, $1400)",-0.60400390625,-0.79150390625
31,"Dell XPS 15 (i7, 32GB, $1500)","Apple MacBook Air M3 (M3, 16GB, $1800)",-0.529296875,-0.888671875
31,"Dell XPS 15 (i7, 32GB, $1500)","Apple MacBook Pro 14-inch (M3, 32GB, $2220)",-0.5361328125,-0.8798828125
31,"Dell XPS 15 (i7, 32GB, $1500)","Apple MacBook Pro 16-inch (M3, 64GB, $2800)",-0.5361328125,-0.8798828125
31,"Lenovo ThinkPad X1 Carbon (Ryzen 7, 32GB, $1400)","ASUS VivoBook 15 (i3, 8GB, $450)",-0.450927734375,-1.013671875
31,"Lenovo ThinkPad X1 Carbon (Ryzen 7, 32GB, $1400)","Lenovo IdeaPad 3 (i5, 8GB, $550)",-0.46826171875,-0.98388671875
31,"Lenovo ThinkPad X1 Carbon (Ryzen 7, 32GB, $1400)","HP Pavilion 15 (Ryzen 5, 8GB, $600)",-0.450927734375,-1.013671875
31,"Lenovo ThinkPad X1 Carbon (Ryzen 7, 32GB, $1400)","ASUS ZenBook 14 (i5, 16GB, $700)",-0.5166015625,-0.9072265625
31,"Lenovo ThinkPad X1 Carbon (Ryzen 7, 32GB, $1400)","Lenovo ThinkPad E14 (Ryzen 5, 16GB, $800)",-0.47412109375,-0.97412109375
31,"Lenovo ThinkPad X1 Carbon (Ryzen 7, 32GB, $1400)","Dell Inspiron 16 (i7, 16GB, $1100)",-0.5166015625,-0.9072265625
31,"Lenovo ThinkPad X1 Carbon (Ryzen 7, 32GB, $1400)","HP Spectre x360 (Ryzen 7, 32GB, $1200)",-0.46826171875,-0.98388671875
31,"Lenovo ThinkPad X1 Carbon (Ryzen 7, 32GB, $1400)","Dell XPS 15 (i7, 32GB, $1500)",-0.5166015625,-0.9072265625
31,"Lenovo ThinkPad X1 Carbon (Ryzen 7, 32GB, $1400)","Apple MacBook Air M3 (M3, 16GB, $1800)",-0.439697265625,-1.033203125
31,"Lenovo ThinkPad X1 Carbon (Ryzen 7, 32GB, $1400)","Apple MacBook Pro 14-inch (M3, 32GB, $2220)",-0.42333984375,-1.0634765625
31,"Lenovo ThinkPad X1 Carbon (Ryzen 7, 32GB, $1400)","Apple MacBook Pro 16-inch (M3, 64GB, $2800)",-0.41796875,-1.07421875
31,"Apple MacBook Air M3 (M3, 16GB, $1800)","ASUS VivoBook 15 (i3, 8GB, $450)",-0.50439453125,-0.92626953125
31,"Apple MacBook Air M3 (M3, 16GB, $1800)","Lenovo IdeaPad 3 (i5, 8GB, $550)",-0.498291015625,-0.935546875
31,"Apple MacBook Air M3 (M3, 16GB, $1800)","HP Pavilion 15 (Ryzen 5, 8GB, $600)",-0.47412109375,-0.97412109375
31,"Apple MacBook Air M3 (M3, 16GB, $1800)","ASUS ZenBook 14 (i5, 16GB, $700)",-0.576171875,-0.826171875
31,"Apple MacBook Air M3 (M3, 16GB, $1800)","Lenovo ThinkPad E14 (Ryzen 5, 16GB, $800)",-0.498046875,-0.935546875
31,"Apple MacBook Air M3 (M3, 16GB, $1800)","Dell Inspiron 16 (i7, 16GB, $1100)",-0.548828125,-0.861328125
31,"Apple MacBook Air M3 (M3, 16GB, $1800)","HP Spectre x360 (Ryzen 7, 32GB, $1200)",-0.498046875,-0.935546875
31,"Apple MacBook Air M3 (M3, 16GB, $1800)","Dell XPS 15 (i7, 32GB, $1500)",-0.529296875,-0.888671875
31,"Apple MacBook Air M3 (M3, 16GB, $1800)","Lenovo ThinkPad X1 Carbon (Ryzen 7, 32GB, $1400)",-0.548828125,-0.861328125
31,"Apple MacBook Air M3 (M3, 16GB, $1800)","Apple MacBook Pro 14-inch (M3, 32GB, $2220)",-0.576171875,-0.826171875
31,"Apple MacBook Air M3 (M3, 16GB, $1800)","Apple MacBook Pro 16-inch (M3, 64GB, $2800)",-0.5693359375,-0.8349609375
31,"Apple MacBook Pro 14-inch (M3, 32GB, $2220)","ASUS VivoBook 15 (i3, 8GB, $450)",-0.43408203125,-1.0439453125
31,"Apple MacBook Pro 14-inch (M3, 32GB, $2220)","Lenovo IdeaPad 3 (i5, 8GB, $550)",-0.42333984375,-1.0634765625
31,"Apple MacBook Pro 14-inch (M3, 32GB, $2220)","HP Pavilion 15 (Ryzen 5, 8GB, $600)",-0.42333984375,-1.0634765625
31,"Apple MacBook Pro 14-inch (M3, 32GB, $2220)","ASUS ZenBook 14 (i5, 16GB, $700)",-0.498046875,-0.935546875
31,"Apple MacBook Pro 14-inch (M3, 32GB, $2220)","Lenovo ThinkPad E14 (Ryzen 5, 16GB, $800)",-0.41796875,-1.07421875
31,"Apple MacBook Pro 14-inch (M3, 32GB, $2220)","Dell Inspiron 16 (i7, 16GB, $1100)",-0.47412109375,-0.97412109375
31,"Apple MacBook Pro 14-inch (M3, 32GB, $2220)","HP Spectre x360 (Ryzen 7, 32GB, $1200)",-0.439697265625,-1.033203125
31,"Apple MacBook Pro 14-inch (M3, 32GB, $2220)","Dell XPS 15 (i7, 32GB, $1500)",-0.47998046875,-0.96435546875
31,"Apple MacBook Pro 14-inch (M3, 32GB, $2220)","Lenovo ThinkPad X1 Carbon (Ryzen 7, 32GB, $1400)",-0.47998046875,-0.96435546875
31,"Apple MacBook Pro 14-inch (M3, 32GB, $2220)","Apple MacBook Air M3 (M3, 16GB, $1800)",-0.5166015625,-0.9072265625
31,"Apple MacBook Pro 14-inch (M3, 32GB, $2220)","Apple MacBook Pro 16-inch (M3, 64GB, $2800)",-0.498046875,-0.935546875
31,"Apple MacBook Pro 16-inch (M3, 64GB, $2800)","ASUS VivoBook 15 (i3, 8GB, $450)",-0.45654296875,-1.00390625
31,"Apple MacBook Pro 16-inch (M3, 64GB, $2800)","Lenovo IdeaPad 3 (i5, 8GB, $550)",-0.4453125,-1.0234375
31,"Apple MacBook Pro 16-inch (M3, 64GB, $2800)","HP Pavilion 15 (Ryzen 5, 8GB, $600)",-0.4453125,-1.0234375
31,"Apple MacBook Pro 16-inch (M3, 64GB, $2800)","ASUS ZenBook 14 (i5, 16GB, $700)",-0.54248046875,-0.87060546875
31,"Apple MacBook Pro 16-inch (M3, 64GB, $2800)","Lenovo ThinkPad E14 (Ryzen 5, 16GB, $800)",-0.450927734375,-1.013671875
31,"Apple MacBook Pro 16-inch (M3, 64GB, $2800)","Dell Inspiron 16 (i7, 16GB, $1100)",-0.5107421875,-0.9169921875
31,"Apple MacBook Pro 16-inch (M3, 64GB, $2800)","HP Spectre x360 (Ryzen 7, 32GB, $1200)",-0.46240234375,-0.99365234375
31,"Apple MacBook Pro 16-inch (M3, 64GB, $2800)","Dell XPS 15 (i7, 32GB, $1500)",-0.498046875,-0.935546875
31,"Apple MacBook Pro 16-inch (M3, 64GB, $2800)","Lenovo ThinkPad X1 Carbon (Ryzen 7, 32GB, $1400)",-0.50439453125,-0.92626953125
31,"Apple MacBook Pro 16-inch (M3, 64GB, $2800)","Apple MacBook Air M3 (M3, 16GB, $1800)",-0.5830078125,-0.8173828125
31,"Apple MacBook Pro 16-inch (M3, 64GB, $2800)","Apple MacBook Pro 14-inch (M3, 32GB, $2220)",-0.5166015625,-0.9072265625
32,"ASUS VivoBook 15 (i3, 8GB, $450)","Lenovo IdeaPad 3 (i5, 8GB, $550)",-0.97412109375,-0.474365234375
32,"ASUS VivoBook 15 (i3, 8GB, $450)","HP Pavilion 15 (Ryzen 5, 8GB, $600)",-0.99365234375,-0.46240234375
32,"ASUS VivoBook 15 (i3, 8GB, $450)","ASUS ZenBook 14 (i5, 16GB, $700)",-1.1162109375,-0.39697265625
32,"ASUS VivoBook 15 (i3, 8GB, $450)","Lenovo ThinkPad E14 (Ryzen 5, 16GB, $800)",-0.97412109375,-0.47412109375
32,"ASUS VivoBook 15 (i3, 8GB, $450)","Dell Inspiron 16 (i7, 16GB, $1100)",-1.00390625,-0.45654296875
32,"ASUS VivoBook 15 (i3, 8GB, $450)","HP Spectre x360 (Ryzen 7, 32GB, $1200)",-0.99365234375,-0.46240234375
32,"ASUS VivoBook 15 (i3, 8GB, $450)","Dell XPS 15 (i7, 32GB, $1500)",-0.97412109375,-0.47412109375
32,"ASUS VivoBook 15 (i3, 8GB, $450)","Lenovo ThinkPad X1 Carbon (Ryzen 7, 32GB, $1400)",-0.99365234375,-0.46240234375
32,"ASUS VivoBook 15 (i3, 8GB, $450)","Apple MacBook Air M3 (M3, 16GB, $1800)",-0.8525390625,-0.5556640625
32,"ASUS VivoBook 15 (i3, 8GB, $450)","Apple MacBook Pro 14-inch (M3, 32GB, $2220)",-0.89794921875,-0.52294921875
32,"ASUS VivoBook 15 (i3, 8GB, $450)","Apple MacBook Pro 16-inch (M3, 64GB, $2800)",-0.888671875,-0.529296875
32,"Lenovo IdeaPad 3 (i5, 8GB, $550)","ASUS VivoBook 15 (i3, 8GB, $450)",-1.07421875,-0.41796875
32,"Lenovo IdeaPad 3 (i5, 8GB, $550)","HP Pavilion 15 (Ryzen 5, 8GB, $600)",-1.033203125,-0.43994140625
32,"Lenovo IdeaPad 3 (i5, 8GB, $550)","ASUS ZenBook 14 (i5, 16GB, $700)",-1.1689453125,-0.372314453125
32,"Lenovo IdeaPad 3 (i5, 8GB, $550)","Lenovo ThinkPad E14 (Ryzen 5, 16GB, $800)",-1.13671875,-0.38720703125
32,"Lenovo IdeaPad 3 (i5, 8GB, $550)","Dell Inspiron 16 (i7, 16GB, $1100)",-1.0947265625,-0.407470703125
32,"Lenovo IdeaPad 3 (i5, 8GB, $550)","HP Spectre x360 (Ryzen 7, 32GB, $1200)",-1.0537109375,-0.428955078125
32,"Lenovo IdeaPad 3 (i5, 8GB, $550)","Dell XPS 15 (i7, 32GB, $1500)",-1.0849609375,-0.412841796875
32,"Lenovo IdeaPad 3 (i5, 8GB, $550)","Lenovo ThinkPad X1 Carbon (Ryzen 7, 32GB, $1400)",-1.158203125,-0.377197265625
32,"Lenovo IdeaPad 3 (i5, 8GB, $550)","Apple MacBook Air M3 (M3, 16GB, $1800)",-0.92626953125,-0.50439453125
32,"Lenovo IdeaPad 3 (i5, 8GB, $550)","Apple MacBook Pro 14-inch (M3, 32GB, $2220)",-0.96435546875,-0.480224609375
32,"Lenovo IdeaPad 3 (i5, 8GB, $550)","Apple MacBook Pro 16-inch (M3, 64GB, $2800)",-0.955078125,-0.486083984375
32,"HP Pavilion 15 (Ryzen 5, 8GB, $600)","ASUS VivoBook 15 (i3, 8GB, $450)",-1.0947265625,-0.407470703125
32,"HP Pavilion 15 (Ryzen 5, 8GB, $600)","Lenovo IdeaPad 3 (i5, 8GB, $550)",-1.1171875,-0.398193359375
32,"HP Pavilion 15 (Ryzen 5, 8GB, $600)","ASUS ZenBook 14 (i5, 16GB, $700)",-1.2568359375,-0.3349609375
32,"HP Pavilion 15 (Ryzen 5, 8GB, $600)","Lenovo ThinkPad E14 (Ryzen 5, 16GB, $800)",-1.0947265625,-0.407470703125
32,"HP Pavilion 15 (Ryzen 5, 8GB, $600)","Dell Inspiron 16 (i7, 16GB, $1100)",-1.1259765625,-0.391845703125
32,"HP Pavilion 15 (Ryzen 5, 8GB, $600)","HP Spectre x360 (Ryzen 7, 32GB, $1200)",-1.24609375,-0.339599609375
32,"HP Pavilion 15 (Ryzen 5, 8GB, $600)","Dell XPS 15 (i7, 32GB, $1500)",-1.1162109375,-0.39697265625
32,"HP Pavilion 15 (Ryzen 5, 8GB, $600)","Lenovo ThinkPad X1 Carbon (Ryzen 7, 32GB, $1400)",-1.158203125,-0.376953125
32,"HP Pavilion 15 (Ryzen 5, 8GB, $600)","Apple MacBook Air M3 (M3, 16GB, $1800)",-1.00390625,-0.45654296875
32,"HP Pavilion 15 (Ryzen 5, 8GB, $600)","Apple MacBook Pro 14-inch (M3, 32GB, $2220)",-1.013671875,-0.450927734375
32,"HP Pavilion 15 (Ryzen 5, 8GB, $600)","Apple MacBook Pro 16-inch (M3, 64GB, $2800)",-1.00390625,-0.45654296875
32,"ASUS ZenBook 14 (i5, 16GB, $700)","ASUS VivoBook 15 (i3, 8GB, $450)",-0.99365234375,-0.46240234375
32,"ASUS ZenBook 14 (i5, 16GB, $700)","Lenovo IdeaPad 3 (i5, 8GB, $550)",-0.994140625,-0.462890625
32,"ASUS ZenBook 14 (i5, 16GB, $700)","HP Pavilion 15 (Ryzen 5, 8GB, $600)",-1.0234375,-0.4453125
32,"ASUS ZenBook 14 (i5, 16GB, $700)","Lenovo ThinkPad E14 (Ryzen 5, 16GB, $800)",-1.033203125,-0.439697265625
32,"ASUS ZenBook 14 (i5, 16GB, $700)","Dell Inspiron 16 (i7, 16GB, $1100)",-1.0537109375,-0.4287109375
32,"ASUS ZenBook 14 (i5, 16GB, $700)","HP Spectre x360 (Ryzen 7, 32GB, $1200)",-1.0849609375,-0.41259765625
32,"ASUS ZenBook 14 (i5, 16GB, $700)","Dell XPS 15 (i7, 32GB, $1500)",-1.0439453125,-0.43408203125
32,"ASUS ZenBook 14 (i5, 16GB, $700)","Lenovo ThinkPad X1 Carbon (Ryzen 7, 32GB, $1400)",-1.0439453125,-0.43408203125
32,"ASUS ZenBook 14 (i5, 16GB, $700)","Apple MacBook Air M3 (M3, 16GB, $1800)",-0.92626953125,-0.50439453125
32,"ASUS ZenBook 14 (i5, 16GB, $700)","Apple MacBook Pro 14-inch (M3, 32GB, $2220)",-0.9453125,-0.491943359375
32,"ASUS ZenBook 14 (i5, 16GB, $700)","Apple MacBook Pro 16-inch (M3, 64GB, $2800)",-0.935546875,-0.498046875
32,"Lenovo ThinkPad E14 (Ryzen 5, 16GB, $800)","ASUS VivoBook 15 (i3, 8GB, $450)",-0.9169921875,-0.5107421875
32,"Lenovo ThinkPad E14 (Ryzen 5, 16GB, $800)","Lenovo IdeaPad 3 (i5, 8GB, $550)",-1.0048828125,-0.458251953125
32,"Lenovo ThinkPad E14 (Ryzen 5, 16GB, $800)","HP Pavilion 15 (Ryzen 5, 8GB, $600)",-0.9169921875,-0.5107421875
32,"Lenovo ThinkPad E14 (Ryzen 5, 16GB, $800)","ASUS ZenBook 14 (i5, 16GB, $700)",-1.0537109375,-0.4287109375
32,"Lenovo ThinkPad E14 (Ryzen 5, 16GB, $800)","Dell Inspiron 16 (i7, 16GB, $1100)",-0.95458984375,-0.486083984375
32,"Lenovo ThinkPad E14 (Ryzen 5, 16GB, $800)","HP Spectre x360 (Ryzen 7, 32GB, $1200)",-0.96435546875,-0.47998046875
32,"Lenovo ThinkPad E14 (Ryzen 5, 16GB, $800)","Dell XPS 15 (i7, 32GB, $1500)",-0.95458984375,-0.486083984375
32,"Lenovo ThinkPad E14 (Ryzen 5, 16GB, $800)","Lenovo ThinkPad X1 Carbon (Ryzen 7, 32GB, $1400)",-1.013671875,-0.450927734375
32,"Lenovo ThinkPad E14 (Ryzen 5, 16GB, $800)","Apple MacBook Air M3 (M3, 16GB, $1800)",-0.8349609375,-0.5693359375
32,"Lenovo ThinkPad E14 (Ryzen 5, 16GB, $800)","Apple MacBook Pro 14-inch (M3, 32GB, $2220)",-0.84375,-0.5625
32,"Lenovo ThinkPad E14 (Ryzen 5, 16GB, $800)","Apple MacBook Pro 16-inch (M3, 64GB, $2800)",-0.8349609375,-0.5693359375
32,"Dell Inspiron 16 (i7, 16GB, $1100)","ASUS VivoBook 15 (i3, 8GB, $450)",-1.07421875,-0.41796875
32,"Dell Inspiron 16 (i7, 16GB, $1100)","Lenovo IdeaPad 3 (i5, 8GB, $550)",-1.064453125,-0.424072265625
32,"Dell Inspiron 16 (i7, 16GB, $1100)","HP Pavilion 15 (Ryzen 5, 8GB, $600)",-1.0537109375,-0.4287109375
32,"Dell Inspiron 16 (i7, 16GB, $1100)","ASUS ZenBook 14 (i5, 16GB, $700)",-1.24609375,-0.33935546875
32,"Dell Inspiron 16 (i7, 16GB, $1100)","Lenovo ThinkPad E14 (Ryzen 5, 16GB, $800)",-1.0537109375,-0.4287109375
32,"Dell Inspiron 16 (i7, 16GB, $1100)","HP Spectre x360 (Ryzen 7, 32GB, $1200)",-1.1796875,-0.367431640625
32,"Dell Inspiron 16 (i7, 16GB, $1100)","Dell XPS 15 (i7, 32GB, $1500)",-1.2236328125,-0.348388671875
32,"Dell Inspiron 16 (i7, 16GB, $1100)","Lenovo ThinkPad X1 Carbon (Ryzen 7, 32GB, $1400)",-1.13671875,-0.386962890625
32,"Dell Inspiron 16 (i7, 16GB, $1100)","Apple MacBook Air M3 (M3, 16GB, $1800)",-1.07421875,-0.41796875
32,"Dell Inspiron 16 (i7, 16GB, $1100)","Apple MacBook Pro 14-inch (M3, 32GB, $2220)",-1.013671875,-0.450927734375
32,"Dell Inspiron 16 (i7, 16GB, $1100)","Apple MacBook Pro 16-inch (M3, 64GB, $2800)",-1.033203125,-0.439697265625
32,"HP Spectre x360 (Ryzen 7, 32GB, $1200)","ASUS VivoBook 15 (i3, 8GB, $450)",-0.935546875,-0.498291015625
32,"HP Spectre x360 (Ryzen 7, 32GB, $1200)","Lenovo IdeaPad 3 (i5, 8GB, $550)",-0.95556640625,-0.48681640625
32,"HP Spectre x360 (Ryzen 7, 32GB, $1200)","HP Pavilion 15 (Ryzen 5, 8GB, $600)",-1.013671875,-0.450927734375
32,"HP Spectre x360 (Ryzen 7, 32GB, $1200)","ASUS ZenBook 14 (i5, 16GB, $700)",-1.0634765625,-0.42333984375
32,"HP Spectre x360 (Ryzen 7, 32GB, $1200)","Lenovo ThinkPad E14 (Ryzen 5, 16GB, $800)",-0.96435546875,-0.47998046875
32,"HP Spectre x360 (Ryzen 7, 32GB, $1200)","Dell Inspiron 16 (i7, 16GB, $1100)",-1.0439453125,-0.434326171875
32,"HP Spectre x360 (Ryzen 7, 32GB, $1200)","Dell XPS 15 (i7, 32GB, $1500)",-1.07421875,-0.41796875
32,"HP Spectre x360 (Ryzen 7, 32GB, $1200)","Lenovo ThinkPad X1 Carbon (Ryzen 7, 32GB, $1400)",-1.0537109375,-0.4287109375
32,"HP Spectre x360 (Ryzen 7, 32GB, $1200)","Apple MacBook Air M3 (M3, 16GB, $1800)",-0.935546875,-0.498291015625
32,"HP Spectre x360 (Ryzen 7, 32GB, $1200)","Apple MacBook Pro 14-inch (M3, 32GB, $2220)",-0.99365234375,-0.46240234375
32,"HP Spectre x360 (Ryzen 7, 32GB, $1200)","Apple MacBook Pro 16-inch (M3, 64GB, $2800)",-0.96435546875,-0.47998046875
32,"Dell XPS 15 (i7, 32GB, $1500)","ASUS VivoBook 15 (i3, 8GB, $450)",-1.0439453125,-0.43408203125
32,"Dell XPS 15 (i7, 32GB, $1500)","Lenovo IdeaPad 3 (i5, 8GB, $550)",-1.0341796875,-0.440185546875
32,"Dell XPS 15 (i7, 32GB, $1500)","HP Pavilion 15 (Ryzen 5, 8GB, $600)",-1.033203125,-0.439697265625
32,"Dell XPS 15 (i7, 32GB, $1500)","ASUS ZenBook 14 (i5, 16GB, $700)",-1.1474609375,-0.3818359375
32,"Dell XPS 15 (i7, 32GB, $1500)","Lenovo ThinkPad E14 (Ryzen 5, 16GB, $800)",-1.013671875,-0.450927734375
32,"Dell XPS 15 (i7, 32GB, $1500)","Dell Inspiron 16 (i7, 16GB, $1100)",-1.1474609375,-0.3818359375
32,"Dell XPS 15 (i7, 32GB, $1500)","HP Spectre x360 (Ryzen 7, 32GB, $1200)",-1.0537109375,-0.4287109375
32,"Dell XPS 15 (i7, 32GB, $1500)","Lenovo ThinkPad X1 Carbon (Ryzen 7, 32GB, $1400)",-1.07421875,-0.41796875
32,"Dell XPS 15 (i7, 32GB, $1500)","Apple MacBook Air M3 (M3, 16GB, $1800)",-0.97412109375,-0.47412109375
32,"Dell XPS 15 (i7, 32GB, $1500)","Apple MacBook Pro 14-inch (M3, 32GB, $2220)",-0.98388671875,-0.46826171875
32,"Dell XPS 15 (i7, 32GB, $1500)","Apple MacBook Pro 16-inch (M3, 64GB, $2800)",-0.98388671875,-0.46826171875
32,"Lenovo ThinkPad X1 Carbon (Ryzen 7, 32GB, $1400)","ASUS VivoBook 15 (i3, 8GB, $450)",-0.8349609375,-0.5693359375
32,"Lenovo ThinkPad X1 Carbon (Ryzen 7, 32GB, $1400)","Lenovo IdeaPad 3 (i5, 8GB, $550)",-0.908203125,-0.517578125
32,"Lenovo ThinkPad X1 Carbon (Ryzen 7, 32GB, $1400)","HP Pavilion 15 (Ryzen 5, 8GB, $600)",-0.84375,-0.5625
32,"Lenovo ThinkPad X1 Carbon (Ryzen 7, 32GB, $1400)","ASUS ZenBook 14 (i5, 16GB, $700)",-0.92626953125,-0.50439453125
32,"Lenovo ThinkPad X1 Carbon (Ryzen 7, 32GB, $1400)","Lenovo ThinkPad E14 (Ryzen 5, 16GB, $800)",-0.9169921875,-0.5107421875
32,"Lenovo ThinkPad X1 Carbon (Ryzen 7, 32GB, $1400)","Dell Inspiron 16 (i7, 16GB, $1100)",-0.9072265625,-0.5166015625
32,"Lenovo ThinkPad X1 Carbon (Ryzen 7, 32GB, $1400)","HP Spectre x360 (Ryzen 7, 32GB, $1200)",-0.88916015625,-0.52978515625
32,"Lenovo ThinkPad X1 Carbon (Ryzen 7, 32GB, $1400)","Dell XPS 15 (i7, 32GB, $1500)",-0.935546875,-0.498046875
32,"Lenovo ThinkPad X1 Carbon (Ryzen 7, 32GB, $1400)","Apple MacBook Air M3 (M3, 16GB, $1800)",-0.7744140625,-0.6181640625
32,"Lenovo ThinkPad X1 Carbon (Ryzen 7, 32GB, $1400)","Apple MacBook Pro 14-inch (M3, 32GB, $2220)",-0.8173828125,-0.5830078125
32,"Lenovo ThinkPad X1 Carbon (Ryzen 7, 32GB, $1400)","Apple MacBook Pro 16-inch (M3, 64GB, $2800)",-0.7998046875,-0.5966796875
32,"Apple MacBook Air M3 (M3, 16GB, $1800)","ASUS VivoBook 15 (i3, 8GB, $450)",-0.9453125,-0.491943359375
32,"Apple MacBook Air M3 (M3, 16GB, $1800)","Lenovo IdeaPad 3 (i5, 8GB, $550)",-0.93603515625,-0.49853515625
32,"Apple MacBook Air M3 (M3, 16GB, $1800)","HP Pavilion 15 (Ryzen 5, 8GB, $600)",-0.935546875,-0.498046875
32,"Apple MacBook Air M3 (M3, 16GB, $1800)","ASUS ZenBook 14 (i5, 16GB, $700)",-1.07421875,-0.41796875
32,"Apple MacBook Air M3 (M3, 16GB, $1800)","Lenovo ThinkPad E14 (Ryzen 5, 16GB, $800)",-0.9453125,-0.491943359375
32,"Apple MacBook Air M3 (M3, 16GB, $1800)","Dell Inspiron 16 (i7, 16GB, $1100)",-0.99365234375,-0.46240234375
32,"Apple MacBook Air M3 (M3, 16GB, $1800)","HP Spectre x360 (Ryzen 7, 32GB, $1200)",-0.99365234375,-0.46240234375
32,"Apple MacBook Air M3 (M3, 16GB, $1800)","Dell XPS 15 (i7, 32GB, $1500)",-0.99365234375,-0.46240234375
32,"Apple MacBook Air M3 (M3, 16GB, $1800)","Lenovo ThinkPad X1 Carbon (Ryzen 7, 32GB, $1400)",-1.00390625,-0.456787109375
32,"Apple MacBook Air M3 (M3, 16GB, $1800)","Apple MacBook Pro 14-inch (M3, 32GB, $2220)",-1.13671875,-0.386962890625
32,"Apple MacBook Air M3 (M3, 16GB, $1800)","Apple MacBook Pro 16-inch (M3, 64GB, $2800)",-1.10546875,-0.402099609375
32,"Apple MacBook Pro 14-inch (M3, 32GB, $2220)","ASUS VivoBook 15 (i3, 8GB, $450)",-0.8798828125,-0.5361328125
32,"Apple MacBook Pro 14-inch (M3, 32GB, $2220)","Lenovo IdeaPad 3 (i5, 8GB, $550)",-0.87109375,-0.54296875
32,"Apple MacBook Pro 14-inch (M3, 32GB, $2220)","HP Pavilion 15 (Ryzen 5, 8GB, $600)",-0.8798828125,-0.5361328125
32,"Apple MacBook Pro 14-inch (M3, 32GB, $2220)","ASUS ZenBook 14 (i5, 16GB, $700)",-0.99365234375,-0.46240234375
32,"Apple MacBook Pro 14-inch (M3, 32GB, $2220)","Lenovo ThinkPad E14 (Ryzen 5, 16GB, $800)",-0.8798828125,-0.5361328125
32,"Apple MacBook Pro 14-inch (M3, 32GB, $2220)","Dell Inspiron 16 (i7, 16GB, $1100)",-0.9072265625,-0.5166015625
32,"Apple MacBook Pro 14-inch (M3, 32GB, $2220)","HP Spectre x360 (Ryzen 7, 32GB, $1200)",-0.935546875,-0.498291015625
32,"Apple MacBook Pro 14-inch (M3, 32GB, $2220)","Dell XPS 15 (i7, 32GB, $1500)",-0.935546875,-0.498046875
32,"Apple MacBook Pro 14-inch (M3, 32GB, $2220)","Lenovo ThinkPad X1 Carbon (Ryzen 7, 32GB, $1400)",-0.96435546875,-0.47998046875
32,"Apple MacBook Pro 14-inch (M3, 32GB, $2220)","Apple MacBook Air M3 (M3, 16GB, $1800)",-1.0234375,-0.4453125
32,"Apple MacBook Pro 14-inch (M3, 32GB, $2220)","Apple MacBook Pro 16-inch (M3, 64GB, $2800)",-1.0234375,-0.4453125
32,"Apple MacBook Pro 16-inch (M3, 64GB, $2800)","ASUS VivoBook 15 (i3, 8GB, $450)",-0.9169921875,-0.5107421875
32,"Apple MacBook Pro 16-inch (M3, 64GB, $2800)","Lenovo IdeaPad 3 (i5, 8GB, $550)",-0.91748046875,-0.51123046875
32,"Apple MacBook Pro 16-inch (M3, 64GB, $2800)","HP Pavilion 15 (Ryzen 5, 8GB, $600)",-0.9072265625,-0.5166015625
32,"Apple MacBook Pro 16-inch (M3, 64GB, $2800)","ASUS ZenBook 14 (i5, 16GB, $700)",-1.0537109375,-0.4287109375
32,"Apple MacBook Pro 16-inch (M3, 64GB, $2800)","Lenovo ThinkPad E14 (Ryzen 5, 16GB, $800)",-0.92626953125,-0.50439453125
32,"Apple MacBook Pro 16-inch (M3, 64GB, $2800)","Dell Inspiron 16 (i7, 16GB, $1100)",-0.95458984375,-0.486083984375
32,"Apple MacBook Pro 16-inch (M3, 64GB, $2800)","HP Spectre x360 (Ryzen 7, 32GB, $1200)",-0.98388671875,-0.46826171875
32,"Apple MacBook Pro 16-inch (M3, 64GB, $2800)","Dell XPS 15 (i7, 32GB, $1500)",-0.96435546875,-0.47998046875
32,"Apple MacBook Pro 16-inch (M3, 64GB, $2800)","Lenovo ThinkPad X1 Carbon (Ryzen 7, 32GB, $1400)",-1.013671875,-0.450927734375
32,"Apple MacBook Pro 16-inch (M3, 64GB, $2800)","Apple MacBook Air M3 (M3, 16GB, $1800)",-1.10546875,-0.402099609375
32,"Apple MacBook Pro 16-inch (M3, 64GB, $2800)","Apple MacBook Pro 14-inch (M3, 32GB, $2220)",-1.0849609375,-0.41259765625
33,"ASUS VivoBook 15 (i3, 8GB, $450)","Lenovo IdeaPad 3 (i5, 8GB, $550)",-1.3828125,-0.289306640625
33,"ASUS VivoBook 15 (i3, 8GB, $450)","HP Pavilion 15 (Ryzen 5, 8GB, $600)",-1.44140625,-0.269775390625
33,"ASUS VivoBook 15 (i3, 8GB, $450)","ASUS ZenBook 14 (i5, 16GB, $700)",-1.765625,-0.1876220703125
33,"ASUS VivoBook 15 (i3, 8GB, $450)","Lenovo ThinkPad E14 (Ryzen 5, 16GB, $800)",-1.37109375,-0.29296875
33,"ASUS VivoBook 15 (i3, 8GB, $450)","Dell Inspiron 16 (i7, 16GB, $1100)",-1.40625,-0.28125
33,"ASUS VivoBook 15 (i3, 8GB, $450)","HP Spectre x360 (Ryzen 7, 32GB, $1200)",-1.501953125,-0.251953125
33,"ASUS VivoBook 15 (i3, 8GB, $450)","Dell XPS 15 (i7, 32GB, $1500)",-1.41796875,-0.27734375
33,"ASUS VivoBook 15 (i3, 8GB, $450)","Lenovo ThinkPad X1 Carbon (Ryzen 7, 32GB, $1400)",-1.37109375,-0.29296875
33,"ASUS VivoBook 15 (i3, 8GB, $450)","Apple MacBook Air M3 (M3, 16GB, $1800)",-1.34765625,-0.30078125
33,"ASUS VivoBook 15 (i3, 8GB, $450)","Apple MacBook Pro 14-inch (M3, 32GB, $2220)",-1.37109375,-0.29296875
33,"ASUS VivoBook 15 (i3, 8GB, $450)","Apple MacBook Pro 16-inch (M3, 64GB, $2800)",-1.359375,-0.296875
33,"Lenovo IdeaPad 3 (i5, 8GB, $550)","ASUS VivoBook 15 (i3, 8GB, $450)",-1.587890625,-0.228759765625
33,"Lenovo IdeaPad 3 (i5, 8GB, $550)","HP Pavilion 15 (Ryzen 5, 8GB, $600)",-1.4296875,-0.27392578125
33,"Lenovo IdeaPad 3 (i5, 8GB, $550)","ASUS ZenBook 14 (i5, 16GB, $700)",-1.7919921875,-0.1824951171875
33,"Lenovo IdeaPad 3 (i5, 8GB, $550)","Lenovo ThinkPad E14 (Ryzen 5, 16GB, $800)",-1.61328125,-0.2230224609375
33,"Lenovo IdeaPad 3 (i5, 8GB, $550)","Dell Inspiron 16 (i7, 16GB, $1100)",-1.4775390625,-0.25927734375
33,"Lenovo IdeaPad 3 (i5, 8GB, $550)","HP Spectre x360 (Ryzen 7, 32GB, $1200)",-1.5263671875,-0.24560546875
33,"Lenovo IdeaPad 3 (i5, 8GB, $550)","Dell XPS 15 (i7, 32GB, $1500)",-1.501953125,-0.25244140625
33,"Lenovo IdeaPad 3 (i5, 8GB, $550)","Lenovo ThinkPad X1 Carbon (Ryzen 7, 32GB, $1400)",-1.6015625,-0.22607421875
33,"Lenovo IdeaPad 3 (i5, 8GB, $550)","Apple MacBook Air M3 (M3, 16GB, $1800)",-1.3828125,-0.2890625
33,"Lenovo IdeaPad 3 (i5, 8GB, $550)","Apple MacBook Pro 14-inch (M3, 32GB, $2220)",-1.40625,-0.28125
33,"Lenovo IdeaPad 3 (i5, 8GB, $550)","Apple MacBook Pro 16-inch (M3, 64GB, $2800)",-1.3828125,-0.2890625
33,"HP Pavilion 15 (Ryzen 5, 8GB, $600)","ASUS VivoBook 15 (i3, 8GB, $450)",-1.513671875,-0.24853515625
33,"HP Pavilion 15 (Ryzen 5, 8GB, $600)","Lenovo IdeaPad 3 (i5, 8GB, $550)",-1.4443359375,-0.2724609375
33,"HP Pavilion 15 (Ryzen 5, 8GB, $600)","ASUS ZenBook 14 (i5, 16GB, $700)",-1.8173828125,-0.17724609375
33,"HP Pavilion 15 (Ryzen 5, 8GB, $600)","Lenovo ThinkPad E14 (Ryzen 5, 16GB, $800)",-1.41796875,-0.27734375
33,"HP Pavilion 15 (Ryzen 5, 8GB, $600)","Dell Inspiron 16 (i7, 16GB, $1100)",-1.40625,-0.28125
33,"HP Pavilion 15 (Ryzen 5, 8GB, $600)","HP Spectre x360 (Ryzen 7, 32GB, $1200)",-1.8046875,-0.179931640625
33,"HP Pavilion 15 (Ryzen 5, 8GB, $600)","Dell XPS 15 (i7, 32GB, $1500)",-1.40625,-0.28125
33,"HP Pavilion 15 (Ryzen 5, 8GB, $600)","Lenovo ThinkPad X1 Carbon (Ryzen 7, 32GB, $1400)",-1.4541015625,-0.266357421875
33,"HP Pavilion 15 (Ryzen 5, 8GB, $600)","Apple MacBook Air M3 (M3, 16GB, $1800)",-1.3828125,-0.288818359375
33,"HP Pavilion 15 (Ryzen 5, 8GB, $600)","Apple MacBook Pro 14-inch (M3, 32GB, $2220)",-1.34765625,-0.30078125
33,"HP Pavilion 15 (Ryzen 5, 8GB, $600)","Apple MacBook Pro 16-inch (M3, 64GB, $2800)",-1.3134765625,-0.313232421875
33,"ASUS ZenBook 14 (i5, 16GB, $700)","ASUS VivoBook 15 (i3, 8GB, $450)",-1.4541015625,-0.26611328125
33,"ASUS ZenBook 14 (i5, 16GB, $700)","Lenovo IdeaPad 3 (i5, 8GB, $550)",-1.3486328125,-0.3017578125
33,"ASUS ZenBook 14 (i5, 16GB, $700)","HP Pavilion 15 (Ryzen 5, 8GB, $600)",-1.41796875,-0.27734375
33,"ASUS ZenBook 14 (i5, 16GB, $700)","Lenovo ThinkPad E14 (Ryzen 5, 16GB, $800)",-1.44140625,-0.269775390625
33,"ASUS ZenBook 14 (i5, 16GB, $700)","Dell Inspiron 16 (i7, 16GB, $1100)",-1.4541015625,-0.26611328125
33,"ASUS ZenBook 14 (i5, 16GB, $700)","HP Spectre x360 (Ryzen 7, 32GB, $1200)",-1.6259765625,-0.21923828125
33,"ASUS ZenBook 14 (i5, 16GB, $700)","Dell XPS 15 (i7, 32GB, $1500)",-1.4541015625,-0.26611328125
33,"ASUS ZenBook 14 (i5, 16GB, $700)","Lenovo ThinkPad X1 Carbon (Ryzen 7, 32GB, $1400)",-1.4296875,-0.273681640625
33,"ASUS ZenBook 14 (i5, 16GB, $700)","Apple MacBook Air M3 (M3, 16GB, $1800)",-1.4541015625,-0.26611328125
33,"ASUS ZenBook 14 (i5, 16GB, $700)","Apple MacBook Pro 14-inch (M3, 32GB, $2220)",-1.3828125,-0.288818359375
33,"ASUS ZenBook 14 (i5, 16GB, $700)","Apple MacBook Pro 16-inch (M3, 64GB, $2800)",-1.359375,-0.296875
33,"Lenovo ThinkPad E14 (Ryzen 5, 16GB, $800)","ASUS VivoBook 15 (i3, 8GB, $450)",-1.234375,-0.343994140625
33,"Lenovo ThinkPad E14 (Ryzen 5, 16GB, $800)","Lenovo IdeaPad 3 (i5, 8GB, $550)",-1.306640625,-0.322509765625
33,"Lenovo ThinkPad E14 (Ryzen 5, 16GB, $800)","HP Pavilion 15 (Ryzen 5, 8GB, $600)",-1.1474609375,-0.3818359375
33,"Lenovo ThinkPad E14 (Ryzen 5, 16GB, $800)","ASUS ZenBook 14 (i5, 16GB, $700)",-1.501953125,-0.251953125
33,"Lenovo ThinkPad E14 (Ryzen 5, 16GB, $800)","Dell Inspiron 16 (i7, 16GB, $1100)",-1.212890625,-0.35302734375
33,"Lenovo ThinkPad E14 (Ryzen 5, 16GB, $800)","HP Spectre x360 (Ryzen 7, 32GB, $1200)",-1.3828125,-0.2890625
33,"Lenovo ThinkPad E14 (Ryzen 5, 16GB, $800)","Dell XPS 15 (i7, 32GB, $1500)",-1.2236328125,-0.348388671875
33,"Lenovo ThinkPad E14 (Ryzen 5, 16GB, $800)","Lenovo ThinkPad X1 Carbon (Ryzen 7, 32GB, $1400)",-1.359375,-0.296875
33,"Lenovo ThinkPad E14 (Ryzen 5, 16GB, $800)","Apple MacBook Air M3 (M3, 16GB, $1800)",-1.1474609375,-0.3818359375
33,"Lenovo ThinkPad E14 (Ryzen 5, 16GB, $800)","Apple MacBook Pro 14-inch (M3, 32GB, $2220)",-1.1162109375,-0.39697265625
33,"Lenovo ThinkPad E14 (Ryzen 5, 16GB, $800)","Apple MacBook Pro 16-inch (M3, 64GB, $2800)",-1.0947265625,-0.407470703125
33,"Dell Inspiron 16 (i7, 16GB, $1100)","ASUS VivoBook 15 (i3, 8GB, $450)",-1.5390625,-0.24169921875
33,"Dell Inspiron 16 (i7, 16GB, $1100)","Lenovo IdeaPad 3 (i5, 8GB, $550)",-1.408203125,-0.28271484375
33,"Dell Inspiron 16 (i7, 16GB, $1100)","HP Pavilion 15 (Ryzen 5, 8GB, $600)",-1.359375,-0.296875
33,"Dell Inspiron 16 (i7, 16GB, $1100)","ASUS ZenBook 14 (i5, 16GB, $700)",-1.8310546875,-0.1746826171875
33,"Dell Inspiron 16 (i7, 16GB, $1100)","Lenovo ThinkPad E14 (Ryzen 5, 16GB, $800)",-1.39453125,-0.28515625
33,"Dell Inspiron 16 (i7, 16GB, $1100)","HP Spectre x360 (Ryzen 7, 32GB, $1200)",-1.701171875,-0.2015380859375
33,"Dell Inspiron 16 (i7, 16GB, $1100)","Dell XPS 15 (i7, 32GB, $1500)",-1.650390625,-0.213134765625
33,"Dell Inspiron 16 (i7, 16GB, $1100)","Lenovo ThinkPad X1 Carbon (Ryzen 7, 32GB, $1400)",-1.513671875,-0.24853515625
33,"Dell Inspiron 16 (i7, 16GB, $1100)","Apple MacBook Air M3 (M3, 16GB, $1800)",-1.5634765625,-0.235107421875
33,"Dell Inspiron 16 (i7, 16GB, $1100)","Apple MacBook Pro 14-inch (M3, 32GB, $2220)",-1.41796875,-0.27734375
33,"Dell Inspiron 16 (i7, 16GB, $1100)","Apple MacBook Pro 16-inch (M3, 64GB, $2800)",-1.4296875,-0.273681640625
33,"HP Spectre x360 (Ryzen 7, 32GB, $1200)","ASUS VivoBook 15 (i3, 8GB, $450)",-1.1162109375,-0.39697265625
33,"HP Spectre x360 (Ryzen 7, 32GB, $1200)","Lenovo IdeaPad 3 (i5, 8GB, $550)",-1.0751953125,-0.4189453125
33,"HP Spectre x360 (Ryzen 7, 32GB, $1200)","HP Pavilion 15 (Ryzen 5, 8GB, $600)",-1.1904296875,-0.362548828125
33,"HP Spectre x360 (Ryzen 7, 32GB, $1200)","ASUS ZenBook 14 (i5, 16GB, $700)",-1.3359375,-0.304931640625
33,"HP Spectre x360 (Ryzen 7, 32GB, $1200)","Lenovo ThinkPad E14 (Ryzen 5, 16GB, $800)",-1.1904296875,-0.362548828125
33,"HP Spectre x360 (Ryzen 7, 32GB, $1200)","Dell Inspiron 16 (i7, 16GB, $1100)",-1.234375,-0.343994140625
33,"HP Spectre x360 (Ryzen 7, 32GB, $1200)","Dell XPS 15 (i7, 32GB, $1500)",-1.3251953125,-0.309326171875
33,"HP Spectre x360 (Ryzen 7, 32GB, $1200)","Lenovo ThinkPad X1 Carbon (Ryzen 7, 32GB, $1400)",-1.37109375,-0.29296875
33,"HP Spectre x360 (Ryzen 7, 32GB, $1200)","Apple MacBook Air M3 (M3, 16GB, $1800)",-1.24609375,-0.33935546875
33,"HP Spectre x360 (Ryzen 7, 32GB, $1200)","Apple MacBook Pro 14-inch (M3, 32GB, $2220)",-1.3251953125,-0.30908203125
33,"HP Spectre x360 (Ryzen 7, 32GB, $1200)","Apple MacBook Pro 16-inch (M3, 64GB, $2800)",-1.267578125,-0.33056640625
33,"Dell XPS 15 (i7, 32GB, $1500)","ASUS VivoBook 15 (i3, 8GB, $450)",-1.4296875,-0.273681640625
33,"Dell XPS 15 (i7, 32GB, $1500)","Lenovo IdeaPad 3 (i5, 8GB, $550)",-1.2578125,-0.33544921875
33,"Dell XPS 15 (i7, 32GB, $1500)","HP Pavilion 15 (Ryzen 5, 8GB, $600)",-1.279296875,-0.326171875
33,"Dell XPS 15 (i7, 32GB, $1500)","ASUS ZenBook 14 (i5, 16GB, $700)",-1.587890625,-0.2286376953125
33,"Dell XPS 15 (i7, 32GB, $1500)","Lenovo ThinkPad E14 (Ryzen 5, 16GB, $800)",-1.234375,-0.343994140625
33,"Dell XPS 15 (i7, 32GB, $1500)","Dell Inspiron 16 (i7, 16GB, $1100)",-1.41796875,-0.27734375
33,"Dell XPS 15 (i7, 32GB, $1500)","HP Spectre x360 (Ryzen 7, 32GB, $1200)",-1.39453125,-0.28515625
33,"Dell XPS 15 (i7, 32GB, $1500)","Lenovo ThinkPad X1 Carbon (Ryzen 7, 32GB, $1400)",-1.3251953125,-0.30908203125
33,"Dell XPS 15 (i7, 32GB, $1500)","Apple MacBook Air M3 (M3, 16GB, $1800)",-1.3134765625,-0.313232421875
33,"Dell XPS 15 (i7, 32GB, $1500)","Apple MacBook Pro 14-inch (M3, 32GB, $2220)",-1.3017578125,-0.317626953125
33,"Dell XPS 15 (i7, 32GB, $1500)","Apple MacBook Pro 16-inch (M3, 64GB, $2800)",-1.267578125,-0.33056640625
33,"Lenovo ThinkPad X1 Carbon (Ryzen 7, 32GB, $1400)","ASUS VivoBook 15 (i3, 8GB, $450)",-1.0634765625,-0.42333984375
33,"Lenovo ThinkPad X1 Carbon (Ryzen 7, 32GB, $1400)","Lenovo IdeaPad 3 (i5, 8GB, $550)",-1.1171875,-0.3984375
33,"Lenovo ThinkPad X1 Carbon (Ryzen 7, 32GB, $1400)","HP Pavilion 15 (Ryzen 5, 8GB, $600)",-1.013671875,-0.450927734375
33,"Lenovo ThinkPad X1 Carbon (Ryzen 7, 32GB, $1400)","ASUS ZenBook 14 (i5, 16GB, $700)",-1.24609375,-0.33935546875
33,"Lenovo ThinkPad X1 Carbon (Ryzen 7, 32GB, $1400)","Lenovo ThinkPad E14 (Ryzen 5, 16GB, $800)",-1.1689453125,-0.3720703125
33,"Lenovo ThinkPad X1 Carbon (Ryzen 7, 32GB, $1400)","Dell Inspiron 16 (i7, 16GB, $1100)",-1.0849609375,-0.41259765625
33,"Lenovo ThinkPad X1 Carbon (Ryzen 7, 32GB, $1400)","HP Spectre x360 (Ryzen 7, 32GB, $1200)",-1.2568359375,-0.3349609375
33,"Lenovo ThinkPad X1 Carbon (Ryzen 7, 32GB, $1400)","Dell XPS 15 (i7, 32GB, $1500)",-1.201171875,-0.35791015625
33,"Lenovo ThinkPad X1 Carbon (Ryzen 7, 32GB, $1400)","Apple MacBook Air M3 (M3, 16GB, $1800)",-1.0439453125,-0.434326171875
33,"Lenovo ThinkPad X1 Carbon (Ryzen 7, 32GB, $1400)","Apple MacBook Pro 14-inch (M3, 32GB, $2220)",-1.0849609375,-0.41259765625
33,"Lenovo ThinkPad X1 Carbon (Ryzen 7, 32GB, $1400)","Apple MacBook Pro 16-inch (M3, 64GB, $2800)",-1.033203125,-0.439697265625
33,"Apple MacBook Air M3 (M3, 16GB, $1800)","ASUS VivoBook 15 (i3, 8GB, $450)",-1.1796875,-0.3671875
33,"Apple MacBook Air M3 (M3, 16GB, $1800)","Lenovo IdeaPad 3 (i5, 8GB, $550)",-1.0947265625,-0.40771484375
33,"Apple MacBook Air M3 (M3, 16GB, $1800)","HP Pavilion 15 (Ryzen 5, 8GB, $600)",-1.1162109375,-0.39697265625
33,"Apple MacBook Air M3 (M3, 16GB, $1800)","ASUS ZenBook 14 (i5, 16GB, $700)",-1.39453125,-0.284912109375
33,"Apple MacBook Air M3 (M3, 16GB, $1800)","Lenovo ThinkPad E14 (Ryzen 5, 16GB, $800)",-1.1474609375,-0.3818359375
33,"Apple MacBook Air M3 (M3, 16GB, $1800)","Dell Inspiron 16 (i7, 16GB, $1100)",-1.201171875,-0.357666015625
33,"Apple MacBook Air M3 (M3, 16GB, $1800)","HP Spectre x360 (Ryzen 7, 32GB, $1200)",-1.2568359375,-0.3349609375
33,"Apple MacBook Air M3 (M3, 16GB, $1800)","Dell XPS 15 (i7, 32GB, $1500)",-1.234375,-0.343994140625
33,"Apple MacBook Air M3 (M3, 16GB, $1800)","Lenovo ThinkPad X1 Carbon (Ryzen 7, 32GB, $1400)",-1.2236328125,-0.348388671875
33,"Apple MacBook Air M3 (M3, 16GB, $1800)","Apple MacBook Pro 14-inch (M3, 32GB, $2220)",-1.5634765625,-0.235107421875
33,"Apple MacBook Air M3 (M3, 16GB, $1800)","Apple MacBook Pro 16-inch (M3, 64GB, $2800)",-1.513671875,-0.24853515625
33,"Apple MacBook Pro 14-inch (M3, 32GB, $2220)","ASUS VivoBook 15 (i3, 8GB, $450)",-1.0634765625,-0.42333984375
33,"Apple MacBook Pro 14-inch (M3, 32GB, $2220)","Lenovo IdeaPad 3 (i5, 8GB, $550)",-0.984375,-0.468505859375
33,"Apple MacBook Pro 14-inch (M3, 32GB, $2220)","HP Pavilion 15 (Ryzen 5, 8GB, $600)",-0.99365234375,-0.46240234375
33,"Apple MacBook Pro 14-inch (M3, 32GB, $2220)","ASUS ZenBook 14 (i5, 16GB, $700)",-1.234375,-0.343994140625
33,"Apple MacBook Pro 14-inch (M3, 32GB, $2220)","Lenovo ThinkPad E14 (Ryzen 5, 16GB, $800)",-1.00390625,-0.456787109375
33,"Apple MacBook Pro 14-inch (M3, 32GB, $2220)","Dell Inspiron 16 (i7, 16GB, $1100)",-1.0439453125,-0.43408203125
33,"Apple MacBook Pro 14-inch (M3, 32GB, $2220)","HP Spectre x360 (Ryzen 7, 32GB, $1200)",-1.1689453125,-0.3720703125
33,"Apple MacBook Pro 14-inch (M3, 32GB, $2220)","Dell XPS 15 (i7, 32GB, $1500)",-1.10546875,-0.402099609375
33,"Apple MacBook Pro 14-inch (M3, 32GB, $2220)","Lenovo ThinkPad X1 Carbon (Ryzen 7, 32GB, $1400)",-1.1259765625,-0.391845703125
33,"Apple MacBook Pro 14-inch (M3, 32GB, $2220)","Apple MacBook Air M3 (M3, 16GB, $1800)",-1.24609375,-0.33935546875
33,"Apple MacBook Pro 14-inch (M3, 32GB, $2220)","Apple MacBook Pro 16-inch (M3, 64GB, $2800)",-1.3251953125,-0.30908203125
33,"Apple MacBook Pro 16-inch (M3, 64GB, $2800)","ASUS VivoBook 15 (i3, 8GB, $450)",-1.07421875,-0.41796875
33,"Apple MacBook Pro 16-inch (M3, 64GB, $2800)","Lenovo IdeaPad 3 (i5, 8GB, $550)",-1.013671875,-0.45166015625
33,"Apple MacBook Pro 16-inch (M3, 64GB, $2800)","HP Pavilion 15 (Ryzen 5, 8GB, $600)",-1.00390625,-0.45654296875
33,"Apple MacBook Pro 16-inch (M3, 64GB, $2800)","ASUS ZenBook 14 (i5, 16GB, $700)",-1.291015625,-0.32177734375
33,"Apple MacBook Pro 16-inch (M3, 64GB, $2800)","Lenovo ThinkPad E14 (Ryzen 5, 16GB, $800)",-1.033203125,-0.439697265625
33,"Apple MacBook Pro 16-inch (M3, 64GB, $2800)","Dell Inspiron 16 (i7, 16GB, $1100)",-1.07421875,-0.41796875
33,"Apple MacBook Pro 16-inch (M3, 64GB, $2800)","HP Spectre x360 (Ryzen 7, 32GB, $1200)",-1.1796875,-0.3671875
33,"Apple MacBook Pro 16-inch (M3, 64GB, $2800)","Dell XPS 15 (i7, 32GB, $1500)",-1.1162109375,-0.39697265625
33,"Apple MacBook Pro 16-inch (M3, 64GB, $2800)","Lenovo ThinkPad X1 Carbon (Ryzen 7, 32GB, $1400)",-1.1474609375,-0.3818359375
33,"Apple MacBook Pro 16-inch (M3, 64GB, $2800)","Apple MacBook Air M3 (M3, 16GB, $1800)",-1.3251953125,-0.30908203125
33,"Apple MacBook Pro 16-inch (M3, 64GB, $2800)","Apple MacBook Pro 14-inch (M3, 32GB, $2220)",-1.3359375,-0.304931640625
34,"ASUS VivoBook 15 (i3, 8GB, $450)","Lenovo IdeaPad 3 (i5, 8GB, $550)",-0.78271484375,-0.61083984375
34,"ASUS VivoBook 15 (i3, 8GB, $450)","HP Pavilion 15 (Ryzen 5, 8GB, $600)",-0.826171875,-0.576171875
34,"ASUS VivoBook 15 (i3, 8GB, $450)","ASUS ZenBook 14 (i5, 16GB, $700)",-0.95458984375,-0.486083984375
34,"ASUS VivoBook 15 (i3, 8GB, $450)","Lenovo ThinkPad E14 (Ryzen 5, 16GB, $800)",-0.78271484375,-0.61083984375
34,"ASUS VivoBook 15 (i3, 8GB, $450)","Dell Inspiron 16 (i7, 16GB, $1100)",-0.80859375,-0.58984375
34,"ASUS VivoBook 15 (i3, 8GB, $450)","HP Spectre x360 (Ryzen 7, 32GB, $1200)",-0.8173828125,-0.5830078125
34,"ASUS VivoBook 15 (i3, 8GB, $450)","Dell XPS 15 (i7, 32GB, $1500)",-0.826171875,-0.576171875
34,"ASUS VivoBook 15 (i3, 8GB, $450)","Lenovo ThinkPad X1 Carbon (Ryzen 7, 32GB, $1400)",-0.7998046875,-0.5966796875
34,"ASUS VivoBook 15 (i3, 8GB, $450)","Apple MacBook Air M3 (M3, 16GB, $1800)",-0.73291015625,-0.65478515625
34,"ASUS VivoBook 15 (i3, 8GB, $450)","Apple MacBook Pro 14-inch (M3, 32GB, $2220)",-0.7744140625,-0.6181640625
34,"ASUS VivoBook 15 (i3, 8GB, $450)","Apple MacBook Pro 16-inch (M3, 64GB, $2800)",-0.7578125,-0.6328125
34,"Lenovo IdeaPad 3 (i5, 8GB, $550)","ASUS VivoBook 15 (i3, 8GB, $450)",-0.8984375,-0.5234375
34,"Lenovo IdeaPad 3 (i5, 8GB, $550)","HP Pavilion 15 (Ryzen 5, 8GB, $600)",-0.85302734375,-0.55615234375
34,"Lenovo IdeaPad 3 (i5, 8GB, $550)","ASUS ZenBook 14 (i5, 16GB, $700)",-0.994140625,-0.462646484375
34,"Lenovo IdeaPad 3 (i5, 8GB, $550)","Lenovo ThinkPad E14 (Ryzen 5, 16GB, $800)",-0.94580078125,-0.492431640625
34,"Lenovo IdeaPad 3 (i5, 8GB, $550)","Dell Inspiron 16 (i7, 16GB, $1100)",-0.90771484375,-0.51708984375
34,"Lenovo IdeaPad 3 (i5, 8GB, $550)","HP Spectre x360 (Ryzen 7, 32GB, $1200)",-0.88037109375,-0.53662109375
34,"Lenovo IdeaPad 3 (i5, 8GB, $550)","Dell XPS 15 (i7, 32GB, $1500)",-0.8984375,-0.5234375
34,"Lenovo IdeaPad 3 (i5, 8GB, $550)","Lenovo ThinkPad X1 Carbon (Ryzen 7, 32GB, $1400)",-0.96484375,-0.48046875
34,"Lenovo IdeaPad 3 (i5, 8GB, $550)","Apple MacBook Air M3 (M3, 16GB, $1800)",-0.783203125,-0.611328125
34,"Lenovo IdeaPad 3 (i5, 8GB, $550)","Apple MacBook Pro 14-inch (M3, 32GB, $2220)",-0.8173828125,-0.5830078125
34,"Lenovo IdeaPad 3 (i5, 8GB, $550)","Apple MacBook Pro 16-inch (M3, 64GB, $2800)",-0.80029296875,-0.59716796875
34,"HP Pavilion 15 (Ryzen 5, 8GB, $600)","ASUS VivoBook 15 (i3, 8GB, $450)",-0.89794921875,-0.52294921875
34,"HP Pavilion 15 (Ryzen 5, 8GB, $600)","Lenovo IdeaPad 3 (i5, 8GB, $550)",-0.87158203125,-0.54345703125
34,"HP Pavilion 15 (Ryzen 5, 8GB, $600)","ASUS ZenBook 14 (i5, 16GB, $700)",-1.0537109375,-0.4287109375
34,"HP Pavilion 15 (Ryzen 5, 8GB, $600)","Lenovo ThinkPad E14 (Ryzen 5, 16GB, $800)",-0.88916015625,-0.52978515625
34,"HP Pavilion 15 (Ryzen 5, 8GB, $600)","Dell Inspiron 16 (i7, 16GB, $1100)",-0.9072265625,-0.5166015625
34,"HP Pavilion 15 (Ryzen 5, 8GB, $600)","HP Spectre x360 (Ryzen 7, 32GB, $1200)",-1.064453125,-0.42333984375
34,"HP Pavilion 15 (Ryzen 5, 8GB, $600)","Dell XPS 15 (i7, 32GB, $1500)",-0.9169921875,-0.5107421875
34,"HP Pavilion 15 (Ryzen 5, 8GB, $600)","Lenovo ThinkPad X1 Carbon (Ryzen 7, 32GB, $1400)",-0.935546875,-0.498291015625
34,"HP Pavilion 15 (Ryzen 5, 8GB, $600)","Apple MacBook Air M3 (M3, 16GB, $1800)",-0.84375,-0.5625
34,"HP Pavilion 15 (Ryzen 5, 8GB, $600)","Apple MacBook Pro 14-inch (M3, 32GB, $2220)",-0.826171875,-0.576171875
34,"HP Pavilion 15 (Ryzen 5, 8GB, $600)","Apple MacBook Pro 16-inch (M3, 64GB, $2800)",-0.80859375,-0.58984375
34,"ASUS ZenBook 14 (i5, 16GB, $700)","ASUS VivoBook 15 (i3, 8GB, $450)",-0.79150390625,-0.60400390625
34,"ASUS ZenBook 14 (i5, 16GB, $700)","Lenovo IdeaPad 3 (i5, 8GB, $550)",-0.72509765625,-0.66259765625
34,"ASUS ZenBook 14 (i5, 16GB, $700)","HP Pavilion 15 (Ryzen 5, 8GB, $600)",-0.79150390625,-0.60400390625
34,"ASUS ZenBook 14 (i5, 16GB, $700)","Lenovo ThinkPad E14 (Ryzen 5, 16GB, $800)",-0.8173828125,-0.5830078125
34,"ASUS ZenBook 14 (i5, 16GB, $700)","Dell Inspiron 16 (i7, 16GB, $1100)",-0.8349609375,-0.5693359375
34,"ASUS ZenBook 14 (i5, 16GB, $700)","HP Spectre x360 (Ryzen 7, 32GB, $1200)",-0.86181640625,-0.54931640625
34,"ASUS ZenBook 14 (i5, 16GB, $700)","Dell XPS 15 (i7, 32GB, $1500)",-0.84375,-0.5625
34,"ASUS ZenBook 14 (i5, 16GB, $700)","Lenovo ThinkPad X1 Carbon (Ryzen 7, 32GB, $1400)",-0.80859375,-0.58984375
34,"ASUS ZenBook 14 (i5, 16GB, $700)","Apple MacBook Air M3 (M3, 16GB, $1800)",-0.76611328125,-0.62548828125
34,"ASUS ZenBook 14 (i5, 16GB, $700)","Apple MacBook Pro 14-inch (M3, 32GB, $2220)",-0.7578125,-0.6328125
34,"ASUS ZenBook 14 (i5, 16GB, $700)","Apple MacBook Pro 16-inch (M3, 64GB, $2800)",-0.74951171875,-0.64013671875
34,"Lenovo ThinkPad E14 (Ryzen 5, 16GB, $800)","ASUS VivoBook 15 (i3, 8GB, $450)",-0.685546875,-0.701171875
34,"Lenovo ThinkPad E14 (Ryzen 5, 16GB, $800)","Lenovo IdeaPad 3 (i5, 8GB, $550)",-0.7265625,-0.6640625
34,"Lenovo ThinkPad E14 (Ryzen 5, 16GB, $800)","HP Pavilion 15 (Ryzen 5, 8GB, $600)",-0.669921875,-0.716796875
34,"Lenovo ThinkPad E14 (Ryzen 5, 16GB, $800)","ASUS ZenBook 14 (i5, 16GB, $700)",-0.8173828125,-0.5830078125
34,"Lenovo ThinkPad E14 (Ryzen 5, 16GB, $800)","Dell Inspiron 16 (i7, 16GB, $1100)",-0.74951171875,-0.64013671875
34,"Lenovo ThinkPad E14 (Ryzen 5, 16GB, $800)","HP Spectre x360 (Ryzen 7, 32GB, $1200)",-0.7744140625,-0.6181640625
34,"Lenovo ThinkPad E14 (Ryzen 5, 16GB, $800)","Dell XPS 15 (i7, 32GB, $1500)",-0.73291015625,-0.65478515625
34,"Lenovo ThinkPad E14 (Ryzen 5, 16GB, $800)","Lenovo ThinkPad X1 Carbon (Ryzen 7, 32GB, $1400)",-0.7998046875,-0.5966796875
34,"Lenovo ThinkPad E14 (Ryzen 5, 16GB, $800)","Apple MacBook Air M3 (M3, 16GB, $1800)",-0.669921875,-0.716796875
34,"Lenovo ThinkPad E14 (Ryzen 5, 16GB, $800)","Apple MacBook Pro 14-inch (M3, 32GB, $2220)",-0.64013671875,-0.74951171875
34,"Lenovo ThinkPad E14 (Ryzen 5, 16GB, $800)","Apple MacBook Pro 16-inch (M3, 64GB, $2800)",-0.64013671875,-0.74951171875
34,"Dell Inspiron 16 (i7, 16GB, $1100)","ASUS VivoBook 15 (i3, 8GB, $450)",-0.8349609375,-0.5693359375
34,"Dell Inspiron 16 (i7, 16GB, $1100)","Lenovo IdeaPad 3 (i5, 8GB, $550)",-0.7919921875,-0.6044921875
34,"Dell Inspiron 16 (i7, 16GB, $1100)","HP Pavilion 15 (Ryzen 5, 8GB, $600)",-0.78271484375,-0.61083984375
34,"Dell Inspiron 16 (i7, 16GB, $1100)","ASUS ZenBook 14 (i5, 16GB, $700)",-0.97412109375,-0.47412109375
34,"Dell Inspiron 16 (i7, 16GB, $1100)","Lenovo ThinkPad E14 (Ryzen 5, 16GB, $800)",-0.80859375,-0.58984375
34,"Dell Inspiron 16 (i7, 16GB, $1100)","HP Spectre x360 (Ryzen 7, 32GB, $1200)",-0.96435546875,-0.47998046875
34,"Dell Inspiron 16 (i7, 16GB, $1100)","Dell XPS 15 (i7, 32GB, $1500)",-0.99365234375,-0.46240234375
34,"Dell Inspiron 16 (i7, 16GB, $1100)","Lenovo ThinkPad X1 Carbon (Ryzen 7, 32GB, $1400)",-0.935546875,-0.498291015625
34,"Dell Inspiron 16 (i7, 16GB, $1100)","Apple MacBook Air M3 (M3, 16GB, $1800)",-0.8798828125,-0.5361328125
34,"Dell Inspiron 16 (i7, 16GB, $1100)","Apple MacBook Pro 14-inch (M3, 32GB, $2220)",-0.826171875,-0.576171875
34,"Dell Inspiron 16 (i7, 16GB, $1100)","Apple MacBook Pro 16-inch (M3, 64GB, $2800)",-0.84375,-0.5625
34,"HP Spectre x360 (Ryzen 7, 32GB, $1200)","ASUS VivoBook 15 (i3, 8GB, $450)",-0.61083984375,-0.78271484375
34,"HP Spectre x360 (Ryzen 7, 32GB, $1200)","Lenovo IdeaPad 3 (i5, 8GB, $550)",-0.59716796875,-0.80029296875
34,"HP Spectre x360 (Ryzen 7, 32GB, $1200)","HP Pavilion 15 (Ryzen 5, 8GB, $600)",-0.669921875,-0.716796875
34,"HP Spectre x360 (Ryzen 7, 32GB, $1200)","ASUS ZenBook 14 (i5, 16GB, $700)",-0.708984375,-0.677734375
34,"HP Spectre x360 (Ryzen 7, 32GB, $1200)","Lenovo ThinkPad E14 (Ryzen 5, 16GB, $800)",-0.66259765625,-0.72509765625
34,"HP Spectre x360 (Ryzen 7, 32GB, $1200)","Dell Inspiron 16 (i7, 16GB, $1100)",-0.73291015625,-0.65478515625
34,"HP Spectre x360 (Ryzen 7, 32GB, $1200)","Dell XPS 15 (i7, 32GB, $1500)",-0.78271484375,-0.61083984375
34,"HP Spectre x360 (Ryzen 7, 32GB, $1200)","Lenovo ThinkPad X1 Carbon (Ryzen 7, 32GB, $1400)",-0.8173828125,-0.5830078125
34,"HP Spectre x360 (Ryzen 7, 32GB, $1200)","Apple MacBook Air M3 (M3, 16GB, $1800)",-0.701171875,-0.685546875
34,"HP Spectre x360 (Ryzen 7, 32GB, $1200)","Apple MacBook Pro 14-inch (M3, 32GB, $2220)",-0.74951171875,-0.64013671875
34,"HP Spectre x360 (Ryzen 7, 32GB, $1200)","Apple MacBook Pro 16-inch (M3, 64GB, $2800)",-0.708984375,-0.677734375
34,"Dell XPS 15 (i7, 32GB, $1500)","ASUS VivoBook 15 (i3, 8GB, $450)",-0.7578125,-0.6328125
34,"Dell XPS 15 (i7, 32GB, $1500)","Lenovo IdeaPad 3 (i5, 8GB, $550)",-0.70947265625,-0.67822265625
34,"Dell XPS 15 (i7, 32GB, $1500)","HP Pavilion 15 (Ryzen 5, 8GB, $600)",-0.716796875,-0.669921875
34,"Dell XPS 15 (i7, 32GB, $1500)","ASUS ZenBook 14 (i5, 16GB, $700)",-0.826171875,-0.576171875
34,"Dell XPS 15 (i7, 32GB, $1500)","Lenovo ThinkPad E14 (Ryzen 5, 16GB, $800)",-0.685546875,-0.701171875
34,"Dell XPS 15 (i7, 32GB, $1500)","Dell Inspiron 16 (i7, 16GB, $1100)",-0.80859375,-0.58984375
34,"Dell XPS 15 (i7, 32GB, $1500)","HP Spectre x360 (Ryzen 7, 32GB, $1200)",-0.7578125,-0.6328125
34,"Dell XPS 15 (i7, 32GB, $1500)","Lenovo ThinkPad X1 Carbon (Ryzen 7, 32GB, $1400)",-0.78271484375,-0.61083984375
34,"Dell XPS 15 (i7, 32GB, $1500)","Apple MacBook Air M3 (M3, 16GB, $1800)",-0.72509765625,-0.66259765625
34,"Dell XPS 15 (i7, 32GB, $1500)","Apple MacBook Pro 14-inch (M3, 32GB, $2220)",-0.7412109375,-0.6474609375
34,"Dell XPS 15 (i7, 32GB, $1500)","Apple MacBook Pro 16-inch (M3, 64GB, $2800)",-0.72509765625,-0.66259765625
34,"Lenovo ThinkPad X1 Carbon (Ryzen 7, 32GB, $1400)","ASUS VivoBook 15 (i3, 8GB, $450)",-0.5693359375,-0.8349609375
34,"Lenovo ThinkPad X1 Carbon (Ryzen 7, 32GB, $1400)","Lenovo IdeaPad 3 (i5, 8GB, $550)",-0.59716796875,-0.80029296875
34,"Lenovo ThinkPad X1 Carbon (Ryzen 7, 32GB, $1400)","HP Pavilion 15 (Ryzen 5, 8GB, $600)",-0.5625,-0.84375
34,"Lenovo ThinkPad X1 Carbon (Ryzen 7, 32GB, $1400)","ASUS ZenBook 14 (i5, 16GB, $700)",-0.6474609375,-0.7412109375
34,"Lenovo ThinkPad X1 Carbon (Ryzen 7, 32GB, $1400)","Lenovo ThinkPad E14 (Ryzen 5, 16GB, $800)",-0.6181640625,-0.7744140625
34,"Lenovo ThinkPad X1 Carbon (Ryzen 7, 32GB, $1400)","Dell Inspiron 16 (i7, 16GB, $1100)",-0.64013671875,-0.74951171875
34,"Lenovo ThinkPad X1 Carbon (Ryzen 7, 32GB, $1400)","HP Spectre x360 (Ryzen 7, 32GB, $1200)",-0.669921875,-0.716796875
34,"Lenovo ThinkPad X1 Carbon (Ryzen 7, 32GB, $1400)","Dell XPS 15 (i7, 32GB, $1500)",-0.693359375,-0.693359375
34,"Lenovo ThinkPad X1 Carbon (Ryzen 7, 32GB, $1400)","Apple MacBook Air M3 (M3, 16GB, $1800)",-0.5830078125,-0.8173828125
34,"Lenovo ThinkPad X1 Carbon (Ryzen 7, 32GB, $1400)","Apple MacBook Pro 14-inch (M3, 32GB, $2220)",-0.60400390625,-0.79150390625
34,"Lenovo ThinkPad X1 Carbon (Ryzen 7, 32GB, $1400)","Apple MacBook Pro 16-inch (M3, 64GB, $2800)",-0.58984375,-0.80859375
34,"Apple MacBook Air M3 (M3, 16GB, $1800)","ASUS VivoBook 15 (i3, 8GB, $450)",-0.669921875,-0.716796875
34,"Apple MacBook Air M3 (M3, 16GB, $1800)","Lenovo IdeaPad 3 (i5, 8GB, $550)",-0.6328125,-0.7578125
34,"Apple MacBook Air M3 (M3, 16GB, $1800)","HP Pavilion 15 (Ryzen 5, 8GB, $600)",-0.6181640625,-0.7744140625
34,"Apple MacBook Air M3 (M3, 16GB, $1800)","ASUS ZenBook 14 (i5, 16GB, $700)",-0.7578125,-0.6328125
34,"Apple MacBook Air M3 (M3, 16GB, $1800)","Lenovo ThinkPad E14 (Ryzen 5, 16GB, $800)",-0.65478515625,-0.73291015625
34,"Apple MacBook Air M3 (M3, 16GB, $1800)","Dell Inspiron 16 (i7, 16GB, $1100)",-0.716796875,-0.669921875
34,"Apple MacBook Air M3 (M3, 16GB, $1800)","HP Spectre x360 (Ryzen 7, 32GB, $1200)",-0.693359375,-0.693359375
34,"Apple MacBook Air M3 (M3, 16GB, $1800)","Dell XPS 15 (i7, 32GB, $1500)",-0.72509765625,-0.66259765625
34,"Apple MacBook Air M3 (M3, 16GB, $1800)","Lenovo ThinkPad X1 Carbon (Ryzen 7, 32GB, $1400)",-0.72509765625,-0.66259765625
34,"Apple MacBook Air M3 (M3, 16GB, $1800)","Apple MacBook Pro 14-inch (M3, 32GB, $2220)",-0.89794921875,-0.52294921875
34,"Apple MacBook Air M3 (M3, 16GB, $1800)","Apple MacBook Pro 16-inch (M3, 64GB, $2800)",-0.86181640625,-0.54931640625
34,"Apple MacBook Pro 14-inch (M3, 32GB, $2220)","ASUS VivoBook 15 (i3, 8GB, $450)",-0.54931640625,-0.86181640625
34,"Apple MacBook Pro 14-inch (M3, 32GB, $2220)","Lenovo IdeaPad 3 (i5, 8GB, $550)",-0.5361328125,-0.8798828125
34,"Apple MacBook Pro 14-inch (M3, 32GB, $2220)","HP Pavilion 15 (Ryzen 5, 8GB, $600)",-0.498046875,-0.935546875
34,"Apple MacBook Pro 14-inch (M3, 32GB, $2220)","ASUS ZenBook 14 (i5, 16GB, $700)",-0.60400390625,-0.79150390625
34,"Apple MacBook Pro 14-inch (M3, 32GB, $2220)","Lenovo ThinkPad E14 (Ryzen 5, 16GB, $800)",-0.52294921875,-0.89794921875
34,"Apple MacBook Pro 14-inch (M3, 32GB, $2220)","Dell Inspiron 16 (i7, 16GB, $1100)",-0.5693359375,-0.8349609375
34,"Apple MacBook Pro 14-inch (M3, 32GB, $2220)","HP Spectre x360 (Ryzen 7, 32GB, $1200)",-0.58984375,-0.80859375
34,"Apple MacBook Pro 14-inch (M3, 32GB, $2220)","Dell XPS 15 (i7, 32GB, $1500)",-0.61083984375,-0.78271484375
34,"Apple MacBook Pro 14-inch (M3, 32GB, $2220)","Lenovo ThinkPad X1 Carbon (Ryzen 7, 32GB, $1400)",-0.6328125,-0.7578125
34,"Apple MacBook Pro 14-inch (M3, 32GB, $2220)","Apple MacBook Air M3 (M3, 16GB, $1800)",-0.6474609375,-0.7412109375
34,"Apple MacBook Pro 14-inch (M3, 32GB, $2220)","Apple MacBook Pro 16-inch (M3, 64GB, $2800)",-0.73291015625,-0.65478515625
34,"Apple MacBook Pro 16-inch (M3, 64GB, $2800)","ASUS VivoBook 15 (i3, 8GB, $450)",-0.5625,-0.84375
34,"Apple MacBook Pro 16-inch (M3, 64GB, $2800)","Lenovo IdeaPad 3 (i5, 8GB, $550)",-0.54931640625,-0.86181640625
34,"Apple MacBook Pro 16-inch (M3, 64GB, $2800)","HP Pavilion 15 (Ryzen 5, 8GB, $600)",-0.5166015625,-0.9072265625
34,"Apple MacBook Pro 16-inch (M3, 64GB, $2800)","ASUS ZenBook 14 (i5, 16GB, $700)",-0.6474609375,-0.7412109375
34,"Apple MacBook Pro 16-inch (M3, 64GB, $2800)","Lenovo ThinkPad E14 (Ryzen 5, 16GB, $800)",-0.5625,-0.84375
34,"Apple MacBook Pro 16-inch (M3, 64GB, $2800)","Dell Inspiron 16 (i7, 16GB, $1100)",-0.60400390625,-0.79150390625
34,"Apple MacBook Pro 16-inch (M3, 64GB, $2800)","HP Spectre x360 (Ryzen 7, 32GB, $1200)",-0.61083984375,-0.78271484375
34,"Apple MacBook Pro 16-inch (M3, 64GB, $2800)","Dell XPS 15 (i7, 32GB, $1500)",-0.62548828125,-0.76611328125
34,"Apple MacBook Pro 16-inch (M3, 64GB, $2800)","Lenovo ThinkPad X1 Carbon (Ryzen 7, 32GB, $1400)",-0.65478515625,-0.73291015625
34,"Apple MacBook Pro 16-inch (M3, 64GB, $2800)","Apple MacBook Air M3 (M3, 16GB, $1800)",-0.72509765625,-0.66259765625
34,"Apple MacBook Pro 16-inch (M3, 64GB, $2800)","Apple MacBook Pro 14-inch (M3, 32GB, $2220)",-0.72509765625,-0.66259765625
35,"ASUS VivoBook 15 (i3, 8GB, $450)","Lenovo IdeaPad 3 (i5, 8GB, $550)",-1.4423828125,-0.27001953125
35,"ASUS VivoBook 15 (i3, 8GB, $450)","HP Pavilion 15 (Ryzen 5, 8GB, $600)",-1.490234375,-0.25537109375
35,"ASUS VivoBook 15 (i3, 8GB, $450)","ASUS ZenBook 14 (i5, 16GB, $700)",-1.7529296875,-0.1903076171875
35,"ASUS VivoBook 15 (i3, 8GB, $450)","Lenovo ThinkPad E14 (Ryzen 5, 16GB, $800)",-1.44140625,-0.269775390625
35,"ASUS VivoBook 15 (i3, 8GB, $450)","Dell Inspiron 16 (i7, 16GB, $1100)",-1.4541015625,-0.26611328125
35,"ASUS VivoBook 15 (i3, 8GB, $450)","HP Spectre x360 (Ryzen 7, 32GB, $1200)",-1.5751953125,-0.2318115234375
35,"ASUS VivoBook 15 (i3, 8GB, $450)","Dell XPS 15 (i7, 32GB, $1500)",-1.4541015625,-0.26611328125
35,"ASUS VivoBook 15 (i3, 8GB, $450)","Lenovo ThinkPad X1 Carbon (Ryzen 7, 32GB, $1400)",-1.4541015625,-0.26611328125
35,"ASUS VivoBook 15 (i3, 8GB, $450)","Apple MacBook Air M3 (M3, 16GB, $1800)",-1.3251953125,-0.30908203125
35,"ASUS VivoBook 15 (i3, 8GB, $450)","Apple MacBook Pro 14-inch (M3, 32GB, $2220)",-1.3134765625,-0.313232421875
35,"ASUS VivoBook 15 (i3, 8GB, $450)","Apple MacBook Pro 16-inch (M3, 64GB, $2800)",-1.291015625,-0.32177734375
35,"Lenovo IdeaPad 3 (i5, 8GB, $550)","ASUS VivoBook 15 (i3, 8GB, $450)",-1.638671875,-0.21630859375
35,"Lenovo IdeaPad 3 (i5, 8GB, $550)","HP Pavilion 15 (Ryzen 5, 8GB, $600)",-1.55078125,-0.2386474609375
35,"Lenovo IdeaPad 3 (i5, 8GB, $550)","ASUS ZenBook 14 (i5, 16GB, $700)",-1.857421875,-0.169921875
35,"Lenovo IdeaPad 3 (i5, 8GB, $550)","Lenovo ThinkPad E14 (Ryzen 5, 16GB, $800)",-1.71484375,-0.19921875
35,"Lenovo IdeaPad 3 (i5, 8GB, $550)","Dell Inspiron 16 (i7, 16GB, $1100)",-1.6005859375,-0.2257080078125
35,"Lenovo IdeaPad 3 (i5, 8GB, $550)","HP Spectre x360 (Ryzen 7, 32GB, $1200)",-1.6259765625,-0.2198486328125
35,"Lenovo IdeaPad 3 (i5, 8GB, $550)","Dell XPS 15 (i7, 32GB, $1500)",-1.6259765625,-0.2196044921875
35,"Lenovo IdeaPad 3 (i5, 8GB, $550)","Lenovo ThinkPad X1 Carbon (Ryzen 7, 32GB, $1400)",-1.7275390625,-0.196533203125
35,"Lenovo IdeaPad 3 (i5, 8GB, $550)","Apple MacBook Air M3 (M3, 16GB, $1800)",-1.39453125,-0.285400390625
35,"Lenovo IdeaPad 3 (i5, 8GB, $550)","Apple MacBook Pro 14-inch (M3, 32GB, $2220)",-1.40625,-0.281494140625
35,"Lenovo IdeaPad 3 (i5, 8GB, $550)","Apple MacBook Pro 16-inch (M3, 64GB, $2800)",-1.3828125,-0.2890625
35,"HP Pavilion 15 (Ryzen 5, 8GB, $600)","ASUS VivoBook 15 (i3, 8GB, $450)",-1.5390625,-0.24169921875
35,"HP Pavilion 15 (Ryzen 5, 8GB, $600)","Lenovo IdeaPad 3 (i5, 8GB, $550)",-1.5400390625,-0.2431640625
35,"HP Pavilion 15 (Ryzen 5, 8GB, $600)","ASUS ZenBook 14 (i5, 16GB, $700)",-1.84375,-0.1722412109375
35,"HP Pavilion 15 (Ryzen 5, 8GB, $600)","Lenovo ThinkPad E14 (Ryzen 5, 16GB, $800)",-1.501953125,-0.251953125
35,"HP Pavilion 15 (Ryzen 5, 8GB, $600)","Dell Inspiron 16 (i7, 16GB, $1100)",-1.513671875,-0.24853515625
35,"HP Pavilion 15 (Ryzen 5, 8GB, $600)","HP Spectre x360 (Ryzen 7, 32GB, $1200)",-1.8701171875,-0.16748046875
35,"HP Pavilion 15 (Ryzen 5, 8GB, $600)","Dell XPS 15 (i7, 32GB, $1500)",-1.5263671875,-0.2451171875
35,"HP Pavilion 15 (Ryzen 5, 8GB, $600)","Lenovo ThinkPad X1 Carbon (Ryzen 7, 32GB, $1400)",-1.587890625,-0.2286376953125
35,"HP Pavilion 15 (Ryzen 5, 8GB, $600)","Apple MacBook Air M3 (M3, 16GB, $1800)",-1.41796875,-0.27734375
35,"HP Pavilion 15 (Ryzen 5, 8GB, $600)","Apple MacBook Pro 14-inch (M3, 32GB, $2220)",-1.37109375,-0.29296875
35,"HP Pavilion 15 (Ryzen 5, 8GB, $600)","Apple MacBook Pro 16-inch (M3, 64GB, $2800)",-1.359375,-0.296875
35,"ASUS ZenBook 14 (i5, 16GB, $700)","ASUS VivoBook 15 (i3, 8GB, $450)",-1.501953125,-0.251953125
35,"ASUS ZenBook 14 (i5, 16GB, $700)","Lenovo IdeaPad 3 (i5, 8GB, $550)",-1.4306640625,-0.274169921875
35,"ASUS ZenBook 14 (i5, 16GB, $700)","HP Pavilion 15 (Ryzen 5, 8GB, $600)",-1.501953125,-0.251953125
35,"ASUS ZenBook 14 (i5, 16GB, $700)","Lenovo ThinkPad E14 (Ryzen 5, 16GB, $800)",-1.5390625,-0.24169921875
35,"ASUS ZenBook 14 (i5, 16GB, $700)","Dell Inspiron 16 (i7, 16GB, $1100)",-1.5263671875,-0.2451171875
35,"ASUS ZenBook 14 (i5, 16GB, $700)","HP Spectre x360 (Ryzen 7, 32GB, $1200)",-1.7275390625,-0.19580078125
35,"ASUS ZenBook 14 (i5, 16GB, $700)","Dell XPS 15 (i7, 32GB, $1500)",-1.5263671875,-0.2451171875
35,"ASUS ZenBook 14 (i5, 16GB, $700)","Lenovo ThinkPad X1 Carbon (Ryzen 7, 32GB, $1400)",-1.55078125,-0.2384033203125
35,"ASUS ZenBook 14 (i5, 16GB, $700)","Apple MacBook Air M3 (M3, 16GB, $1800)",-1.44140625,-0.269775390625
35,"ASUS ZenBook 14 (i5, 16GB, $700)","Apple MacBook Pro 14-inch (M3, 32GB, $2220)",-1.37109375,-0.29296875
35,"ASUS ZenBook 14 (i5, 16GB, $700)","Apple MacBook Pro 16-inch (M3, 64GB, $2800)",-1.34765625,-0.30078125
35,"Lenovo ThinkPad E14 (Ryzen 5, 16GB, $800)","ASUS VivoBook 15 (i3, 8GB, $450)",-1.291015625,-0.32177734375
35,"Lenovo ThinkPad E14 (Ryzen 5, 16GB, $800)","Lenovo IdeaPad 3 (i5, 8GB, $550)",-1.43359375,-0.277099609375
35,"Lenovo ThinkPad E14 (Ryzen 5, 16GB, $800)","HP Pavilion 15 (Ryzen 5, 8GB, $600)",-1.279296875,-0.326171875
35,"Lenovo ThinkPad E14 (Ryzen 5, 16GB, $800)","ASUS ZenBook 14 (i5, 16GB, $700)",-1.5751953125,-0.2318115234375
35,"Lenovo ThinkPad E14 (Ryzen 5, 16GB, $800)","Dell Inspiron 16 (i7, 16GB, $1100)",-1.3828125,-0.2890625
35,"Lenovo ThinkPad E14 (Ryzen 5, 16GB, $800)","HP Spectre x360 (Ryzen 7, 32GB, $1200)",-1.490234375,-0.255615234375
35,"Lenovo ThinkPad E14 (Ryzen 5, 16GB, $800)","Dell XPS 15 (i7, 32GB, $1500)",-1.39453125,-0.28515625
35,"Lenovo ThinkPad E14 (Ryzen 5, 16GB, $800)","Lenovo ThinkPad X1 Carbon (Ryzen 7, 32GB, $1400)",-1.5146484375,-0.24853515625
35,"Lenovo ThinkPad E14 (Ryzen 5, 16GB, $800)","Apple MacBook Air M3 (M3, 16GB, $1800)",-1.212890625,-0.35302734375
35,"Lenovo ThinkPad E14 (Ryzen 5, 16GB, $800)","Apple MacBook Pro 14-inch (M3, 32GB, $2220)",-1.1904296875,-0.362548828125
35,"Lenovo ThinkPad E14 (Ryzen 5, 16GB, $800)","Apple MacBook Pro 16-inch (M3, 64GB, $2800)",-1.1904296875,-0.362548828125
35,"Dell Inspiron 16 (i7, 16GB, $1100)","ASUS VivoBook 15 (i3, 8GB, $450)",-1.587890625,-0.2286376953125
35,"Dell Inspiron 16 (i7, 16GB, $1100)","Lenovo IdeaPad 3 (i5, 8GB, $550)",-1.564453125,-0.2362060546875
35,"Dell Inspiron 16 (i7, 16GB, $1100)","HP Pavilion 15 (Ryzen 5, 8GB, $600)",-1.4658203125,-0.2626953125
35,"Dell Inspiron 16 (i7, 16GB, $1100)","ASUS ZenBook 14 (i5, 16GB, $700)",-1.857421875,-0.1697998046875
35,"Dell Inspiron 16 (i7, 16GB, $1100)","Lenovo ThinkPad E14 (Ryzen 5, 16GB, $800)",-1.55078125,-0.2384033203125
35,"Dell Inspiron 16 (i7, 16GB, $1100)","HP Spectre x360 (Ryzen 7, 32GB, $1200)",-1.7919921875,-0.1824951171875
35,"Dell Inspiron 16 (i7, 16GB, $1100)","Dell XPS 15 (i7, 32GB, $1500)",-1.7138671875,-0.1986083984375
35,"Dell Inspiron 16 (i7, 16GB, $1100)","Lenovo ThinkPad X1 Carbon (Ryzen 7, 32GB, $1400)",-1.67578125,-0.207275390625
35,"Dell Inspiron 16 (i7, 16GB, $1100)","Apple MacBook Air M3 (M3, 16GB, $1800)",-1.5751953125,-0.2318115234375
35,"Dell Inspiron 16 (i7, 16GB, $1100)","Apple MacBook Pro 14-inch (M3, 32GB, $2220)",-1.44140625,-0.269775390625
35,"Dell Inspiron 16 (i7, 16GB, $1100)","Apple MacBook Pro 16-inch (M3, 64GB, $2800)",-1.4541015625,-0.26611328125
35,"HP Spectre x360 (Ryzen 7, 32GB, $1200)","ASUS VivoBook 15 (i3, 8GB, $450)",-1.201171875,-0.35791015625
35,"HP Spectre x360 (Ryzen 7, 32GB, $1200)","Lenovo IdeaPad 3 (i5, 8GB, $550)",-1.1484375,-0.3828125
35,"HP Spectre x360 (Ryzen 7, 32GB, $1200)","HP Pavilion 15 (Ryzen 5, 8GB, $600)",-1.279296875,-0.326171875
35,"HP Spectre x360 (Ryzen 7, 32GB, $1200)","ASUS ZenBook 14 (i5, 16GB, $700)",-1.41796875,-0.27734375
35,"HP Spectre x360 (Ryzen 7, 32GB, $1200)","Lenovo ThinkPad E14 (Ryzen 5, 16GB, $800)",-1.291015625,-0.322021484375
35,"HP Spectre x360 (Ryzen 7, 32GB, $1200)","Dell Inspiron 16 (i7, 16GB, $1100)",-1.359375,-0.296875
35,"HP Spectre x360 (Ryzen 7, 32GB, $1200)","Dell XPS 15 (i7, 32GB, $1500)",-1.4658203125,-0.2626953125
35,"HP Spectre x360 (Ryzen 7, 32GB, $1200)","Lenovo ThinkPad X1 Carbon (Ryzen 7, 32GB, $1400)",-1.4541015625,-0.266357421875
35,"HP Spectre x360 (Ryzen 7, 32GB, $1200)","Apple MacBook Air M3 (M3, 16GB, $1800)",-1.3359375,-0.30517578125
35,"HP Spectre x360 (Ryzen 7, 32GB, $1200)","Apple MacBook Pro 14-inch (M3, 32GB, $2220)",-1.359375,-0.296875
35,"HP Spectre x360 (Ryzen 7, 32GB, $1200)","Apple MacBook Pro 16-inch (M3, 64GB, $2800)",-1.3134765625,-0.3134765625
35,"Dell XPS 15 (i7, 32GB, $1500)","ASUS VivoBook 15 (i3, 8GB, $450)",-1.490234375,-0.25537109375
35,"Dell XPS 15 (i7, 32GB, $1500)","Lenovo IdeaPad 3 (i5, 8GB, $550)",-1.4189453125,-0.27783203125
35,"Dell XPS 15 (i7, 32GB, $1500)","HP Pavilion 15 (Ryzen 5, 8GB, $600)",-1.3828125,-0.2890625
35,"Dell XPS 15 (i7, 32GB, $1500)","ASUS ZenBook 14 (i5, 16GB, $700)",-1.650390625,-0.213134765625
35,"Dell XPS 15 (i7, 32GB, $1500)","Lenovo ThinkPad E14 (Ryzen 5, 16GB, $800)",-1.39453125,-0.28515625
35,"Dell XPS 15 (i7, 32GB, $1500)","Dell Inspiron 16 (i7, 16GB, $1100)",-1.501953125,-0.251953125
35,"Dell XPS 15 (i7, 32GB, $1500)","HP Spectre x360 (Ryzen 7, 32GB, $1200)",-1.501953125,-0.251953125
35,"Dell XPS 15 (i7, 32GB, $1500)","Lenovo ThinkPad X1 Carbon (Ryzen 7, 32GB, $1400)",-1.490234375,-0.25537109375
35,"Dell XPS 15 (i7, 32GB, $1500)","Apple MacBook Air M3 (M3, 16GB, $1800)",-1.34765625,-0.301025390625
35,"Dell XPS 15 (i7, 32GB, $1500)","Apple MacBook Pro 14-inch (M3, 32GB, $2220)",-1.3359375,-0.304931640625
35,"Dell XPS 15 (i7, 32GB, $1500)","Apple MacBook Pro 16-inch (M3, 64GB, $2800)",-1.3134765625,-0.313232421875
35,"Lenovo ThinkPad X1 Carbon (Ryzen 7, 32GB, $1400)","ASUS VivoBook 15 (i3, 8GB, $450)",-1.1474609375,-0.3818359375
35,"Lenovo ThinkPad X1 Carbon (Ryzen 7, 32GB, $1400)","Lenovo IdeaPad 3 (i5, 8GB, $550)",-1.2353515625,-0.34521484375
35,"Lenovo ThinkPad X1 Carbon (Ryzen 7, 32GB, $1400)","HP Pavilion 15 (Ryzen 5, 8GB, $600)",-1.1689453125,-0.3720703125
35,"Lenovo ThinkPad X1 Carbon (Ryzen 7, 32GB, $1400)","ASUS ZenBook 14 (i5, 16GB, $700)",-1.34765625,-0.301025390625
35,"Lenovo ThinkPad X1 Carbon (Ryzen 7, 32GB, $1400)","Lenovo ThinkPad E14 (Ryzen 5, 16GB, $800)",-1.3017578125,-0.317626953125
35,"Lenovo ThinkPad X1 Carbon (Ryzen 7, 32GB, $1400)","Dell Inspiron 16 (i7, 16GB, $1100)",-1.2568359375,-0.3349609375
35,"Lenovo ThinkPad X1 Carbon (Ryzen 7, 32GB, $1400)","HP Spectre x360 (Ryzen 7, 32GB, $1200)",-1.3251953125,-0.30908203125
35,"Lenovo ThinkPad X1 Carbon (Ryzen 7, 32GB, $1400)","Dell XPS 15 (i7, 32GB, $1500)",-1.37109375,-0.29296875
35,"Lenovo ThinkPad X1 Carbon (Ryzen 7, 32GB, $1400)","Apple MacBook Air M3 (M3, 16GB, $1800)",-1.1474609375,-0.3818359375
35,"Lenovo ThinkPad X1 Carbon (Ryzen 7, 32GB, $1400)","Apple MacBook Pro 14-inch (M3, 32GB, $2220)",-1.1689453125,-0.3720703125
35,"Lenovo ThinkPad X1 Carbon (Ryzen 7, 32GB, $1400)","Apple MacBook Pro 16-inch (M3, 64GB, $2800)",-1.13671875,-0.386962890625
35,"Apple MacBook Air M3 (M3, 16GB, $1800)","ASUS VivoBook 15 (i3, 8GB, $450)",-1.201171875,-0.357666015625
35,"Apple MacBook Air M3 (M3, 16GB, $1800)","Lenovo IdeaPad 3 (i5, 8GB, $550)",-1.1689453125,-0.372314453125
35,"Apple MacBook Air M3 (M3, 16GB, $1800)","HP Pavilion 15 (Ryzen 5, 8GB, $600)",-1.1796875,-0.3671875
35,"Apple MacBook Air M3 (M3, 16GB, $1800)","ASUS ZenBook 14 (i5, 16GB, $700)",-1.41796875,-0.27734375
35,"Apple MacBook Air M3 (M3, 16GB, $1800)","Lenovo ThinkPad E14 (Ryzen 5, 16GB, $800)",-1.234375,-0.343994140625
35,"Apple MacBook Air M3 (M3, 16GB, $1800)","Dell Inspiron 16 (i7, 16GB, $1100)",-1.267578125,-0.33056640625
35,"Apple MacBook Air M3 (M3, 16GB, $1800)","HP Spectre x360 (Ryzen 7, 32GB, $1200)",-1.3251953125,-0.30908203125
35,"Apple MacBook Air M3 (M3, 16GB, $1800)","Dell XPS 15 (i7, 32GB, $1500)",-1.3017578125,-0.317626953125
35,"Apple MacBook Air M3 (M3, 16GB, $1800)","Lenovo ThinkPad X1 Carbon (Ryzen 7, 32GB, $1400)",-1.3359375,-0.304931640625
35,"Apple MacBook Air M3 (M3, 16GB, $1800)","Apple MacBook Pro 14-inch (M3, 32GB, $2220)",-1.513671875,-0.24853515625
35,"Apple MacBook Air M3 (M3, 16GB, $1800)","Apple MacBook Pro 16-inch (M3, 64GB, $2800)",-1.4658203125,-0.2626953125
35,"Apple MacBook Pro 14-inch (M3, 32GB, $2220)","ASUS VivoBook 15 (i3, 8GB, $450)",-1.0537109375,-0.4287109375
35,"Apple MacBook Pro 14-inch (M3, 32GB, $2220)","Lenovo IdeaPad 3 (i5, 8GB, $550)",-1.0439453125,-0.4345703125
35,"Apple MacBook Pro 14-inch (M3, 32GB, $2220)","HP Pavilion 15 (Ryzen 5, 8GB, $600)",-1.0537109375,-0.4287109375
35,"Apple MacBook Pro 14-inch (M3, 32GB, $2220)","ASUS ZenBook 14 (i5, 16GB, $700)",-1.234375,-0.343994140625
35,"Apple MacBook Pro 14-inch (M3, 32GB, $2220)","Lenovo ThinkPad E14 (Ryzen 5, 16GB, $800)",-1.0849609375,-0.41259765625
35,"Apple MacBook Pro 14-inch (M3, 32GB, $2220)","Dell Inspiron 16 (i7, 16GB, $1100)",-1.10546875,-0.402099609375
35,"Apple MacBook Pro 14-inch (M3, 32GB, $2220)","HP Spectre x360 (Ryzen 7, 32GB, $1200)",-1.212890625,-0.35302734375
35,"Apple MacBook Pro 14-inch (M3, 32GB, $2220)","Dell XPS 15 (i7, 32GB, $1500)",-1.1796875,-0.3671875
35,"Apple MacBook Pro 14-inch (M3, 32GB, $2220)","Lenovo ThinkPad X1 Carbon (Ryzen 7, 32GB, $1400)",-1.212890625,-0.35302734375
35,"Apple MacBook Pro 14-inch (M3, 32GB, $2220)","Apple MacBook Air M3 (M3, 16GB, $1800)",-1.212890625,-0.35302734375
35,"Apple MacBook Pro 14-inch (M3, 32GB, $2220)","Apple MacBook Pro 16-inch (M3, 64GB, $2800)",-1.3134765625,-0.313232421875
35,"Apple MacBook Pro 16-inch (M3, 64GB, $2800)","ASUS VivoBook 15 (i3, 8GB, $450)",-1.0634765625,-0.42333984375
35,"Apple MacBook Pro 16-inch (M3, 64GB, $2800)","Lenovo IdeaPad 3 (i5, 8GB, $550)",-1.07421875,-0.41845703125
35,"Apple MacBook Pro 16-inch (M3, 64GB, $2800)","HP Pavilion 15 (Ryzen 5, 8GB, $600)",-1.07421875,-0.41796875
35,"Apple MacBook Pro 16-inch (M3, 64GB, $2800)","ASUS ZenBook 14 (i5, 16GB, $700)",-1.279296875,-0.326171875
35,"Apple MacBook Pro 16-inch (M3, 64GB, $2800)","Lenovo ThinkPad E14 (Ryzen 5, 16GB, $800)",-1.13671875,-0.386962890625
35,"Apple MacBook Pro 16-inch (M3, 64GB, $2800)","Dell Inspiron 16 (i7, 16GB, $1100)",-1.1474609375,-0.3818359375
35,"Apple MacBook Pro 16-inch (M3, 64GB, $2800)","HP Spectre x360 (Ryzen 7, 32GB, $1200)",-1.24609375,-0.33935546875
35,"Apple MacBook Pro 16-inch (M3, 64GB, $2800)","Dell XPS 15 (i7, 32GB, $1500)",-1.201171875,-0.357666015625
35,"Apple MacBook Pro 16-inch (M3, 64GB, $2800)","Lenovo ThinkPad X1 Carbon (Ryzen 7, 32GB, $1400)",-1.2568359375,-0.3349609375
35,"Apple MacBook Pro 16-inch (M3, 64GB, $2800)","Apple MacBook Air M3 (M3, 16GB, $1800)",-1.3134765625,-0.313232421875
35,"Apple MacBook Pro 16-inch (M3, 64GB, $2800)","Apple MacBook Pro 14-inch (M3, 32GB, $2220)",-1.3359375,-0.304931640625
36,"ASUS VivoBook 15 (i3, 8GB, $450)","Lenovo IdeaPad 3 (i5, 8GB, $550)",-0.95556640625,-0.486572265625
36,"ASUS VivoBook 15 (i3, 8GB, $450)","HP Pavilion 15 (Ryzen 5, 8GB, $600)",-0.96435546875,-0.47998046875
36,"ASUS VivoBook 15 (i3, 8GB, $450)","ASUS ZenBook 14 (i5, 16GB, $700)",-1.1689453125,-0.3720703125
36,"ASUS VivoBook 15 (i3, 8GB, $450)","Lenovo ThinkPad E14 (Ryzen 5, 16GB, $800)",-0.96435546875,-0.47998046875
36,"ASUS VivoBook 15 (i3, 8GB, $450)","Dell Inspiron 16 (i7, 16GB, $1100)",-0.99365234375,-0.46240234375
36,"ASUS VivoBook 15 (i3, 8GB, $450)","HP Spectre x360 (Ryzen 7, 32GB, $1200)",-1.0849609375,-0.412841796875
36,"ASUS VivoBook 15 (i3, 8GB, $450)","Dell XPS 15 (i7, 32GB, $1500)",-0.96435546875,-0.47998046875
36,"ASUS VivoBook 15 (i3, 8GB, $450)","Lenovo ThinkPad X1 Carbon (Ryzen 7, 32GB, $1400)",-1.00390625,-0.456787109375
36,"ASUS VivoBook 15 (i3, 8GB, $450)","Apple MacBook Air M3 (M3, 16GB, $1800)",-0.87060546875,-0.54248046875
36,"ASUS VivoBook 15 (i3, 8GB, $450)","Apple MacBook Pro 14-inch (M3, 32GB, $2220)",-0.9169921875,-0.5107421875
36,"ASUS VivoBook 15 (i3, 8GB, $450)","Apple MacBook Pro 16-inch (M3, 64GB, $2800)",-0.9072265625,-0.5166015625
36,"Lenovo IdeaPad 3 (i5, 8GB, $550)","ASUS VivoBook 15 (i3, 8GB, $450)",-1.0849609375,-0.4130859375
36,"Lenovo IdeaPad 3 (i5, 8GB, $550)","HP Pavilion 15 (Ryzen 5, 8GB, $600)",-0.994140625,-0.462890625
36,"Lenovo IdeaPad 3 (i5, 8GB, $550)","ASUS ZenBook 14 (i5, 16GB, $700)",-1.2021484375,-0.358154296875
36,"Lenovo IdeaPad 3 (i5, 8GB, $550)","Lenovo ThinkPad E14 (Ryzen 5, 16GB, $800)",-1.126953125,-0.39306640625
36,"Lenovo IdeaPad 3 (i5, 8GB, $550)","Dell Inspiron 16 (i7, 16GB, $1100)",-1.064453125,-0.423828125
36,"Lenovo IdeaPad 3 (i5, 8GB, $550)","HP Spectre x360 (Ryzen 7, 32GB, $1200)",-1.1171875,-0.398681640625
36,"Lenovo IdeaPad 3 (i5, 8GB, $550)","Dell XPS 15 (i7, 32GB, $1500)",-1.0751953125,-0.418701171875
36,"Lenovo IdeaPad 3 (i5, 8GB, $550)","Lenovo ThinkPad X1 Carbon (Ryzen 7, 32GB, $1400)",-1.1806640625,-0.368408203125
36,"Lenovo IdeaPad 3 (i5, 8GB, $550)","Apple MacBook Air M3 (M3, 16GB, $1800)",-0.91748046875,-0.51123046875
36,"Lenovo IdeaPad 3 (i5, 8GB, $550)","Apple MacBook Pro 14-inch (M3, 32GB, $2220)",-0.94580078125,-0.492431640625
36,"Lenovo IdeaPad 3 (i5, 8GB, $550)","Apple MacBook Pro 16-inch (M3, 64GB, $2800)",-0.9267578125,-0.5048828125
36,"HP Pavilion 15 (Ryzen 5, 8GB, $600)","ASUS VivoBook 15 (i3, 8GB, $450)",-1.0849609375,-0.41259765625
36,"HP Pavilion 15 (Ryzen 5, 8GB, $600)","Lenovo IdeaPad 3 (i5, 8GB, $550)",-1.068359375,-0.427734375
36,"HP Pavilion 15 (Ryzen 5, 8GB, $600)","ASUS ZenBook 14 (i5, 16GB, $700)",-1.3134765625,-0.313232421875
36,"HP Pavilion 15 (Ryzen 5, 8GB, $600)","Lenovo ThinkPad E14 (Ryzen 5, 16GB, $800)",-1.064453125,-0.42333984375
36,"HP Pavilion 15 (Ryzen 5, 8GB, $600)","Dell Inspiron 16 (i7, 16GB, $1100)",-1.07421875,-0.41796875
36,"HP Pavilion 15 (Ryzen 5, 8GB, $600)","HP Spectre x360 (Ryzen 7, 32GB, $1200)",-1.3369140625,-0.3056640625
36,"HP Pavilion 15 (Ryzen 5, 8GB, $600)","Dell XPS 15 (i7, 32GB, $1500)",-1.07421875,-0.41796875
36,"HP Pavilion 15 (Ryzen 5, 8GB, $600)","Lenovo ThinkPad X1 Carbon (Ryzen 7, 32GB, $1400)",-1.1259765625,-0.39208984375
36,"HP Pavilion 15 (Ryzen 5, 8GB, $600)","Apple MacBook Air M3 (M3, 16GB, $1800)",-0.98388671875,-0.46826171875
36,"HP Pavilion 15 (Ryzen 5, 8GB, $600)","Apple MacBook Pro 14-inch (M3, 32GB, $2220)",-1.00390625,-0.456787109375
36,"HP Pavilion 15 (Ryzen 5, 8GB, $600)","Apple MacBook Pro 16-inch (M3, 64GB, $2800)",-0.98388671875,-0.46826171875
36,"ASUS ZenBook 14 (i5, 16GB, $700)","ASUS VivoBook 15 (i3, 8GB, $450)",-0.95458984375,-0.486083984375
36,"ASUS ZenBook 14 (i5, 16GB, $700)","Lenovo IdeaPad 3 (i5, 8GB, $550)",-0.9091796875,-0.5185546875
36,"ASUS ZenBook 14 (i5, 16GB, $700)","HP Pavilion 15 (Ryzen 5, 8GB, $600)",-0.95458984375,-0.486083984375
36,"ASUS ZenBook 14 (i5, 16GB, $700)","Lenovo ThinkPad E14 (Ryzen 5, 16GB, $800)",-1.013671875,-0.450927734375
36,"ASUS ZenBook 14 (i5, 16GB, $700)","Dell Inspiron 16 (i7, 16GB, $1100)",-1.013671875,-0.450927734375
36,"ASUS ZenBook 14 (i5, 16GB, $700)","HP Spectre x360 (Ryzen 7, 32GB, $1200)",-1.1689453125,-0.372314453125
36,"ASUS ZenBook 14 (i5, 16GB, $700)","Dell XPS 15 (i7, 32GB, $1500)",-1.013671875,-0.450927734375
36,"ASUS ZenBook 14 (i5, 16GB, $700)","Lenovo ThinkPad X1 Carbon (Ryzen 7, 32GB, $1400)",-1.0439453125,-0.434326171875
36,"ASUS ZenBook 14 (i5, 16GB, $700)","Apple MacBook Air M3 (M3, 16GB, $1800)",-0.9169921875,-0.5107421875
36,"ASUS ZenBook 14 (i5, 16GB, $700)","Apple MacBook Pro 14-inch (M3, 32GB, $2220)",-0.935546875,-0.498291015625
36,"ASUS ZenBook 14 (i5, 16GB, $700)","Apple MacBook Pro 16-inch (M3, 64GB, $2800)",-0.92626953125,-0.50439453125
36,"Lenovo ThinkPad E14 (Ryzen 5, 16GB, $800)","ASUS VivoBook 15 (i3, 8GB, $450)",-0.86181640625,-0.54931640625
36,"Lenovo ThinkPad E14 (Ryzen 5, 16GB, $800)","Lenovo IdeaPad 3 (i5, 8GB, $550)",-0.923828125,-0.517578125
36,"Lenovo ThinkPad E14 (Ryzen 5, 16GB, $800)","HP Pavilion 15 (Ryzen 5, 8GB, $600)",-0.8349609375,-0.5693359375
36,"Lenovo ThinkPad E14 (Ryzen 5, 16GB, $800)","ASUS ZenBook 14 (i5, 16GB, $700)",-1.0634765625,-0.42333984375
36,"Lenovo ThinkPad E14 (Ryzen 5, 16GB, $800)","Dell Inspiron 16 (i7, 16GB, $1100)",-0.935546875,-0.498291015625
36,"Lenovo ThinkPad E14 (Ryzen 5, 16GB, $800)","HP Spectre x360 (Ryzen 7, 32GB, $1200)",-1.00390625,-0.45703125
36,"Lenovo ThinkPad E14 (Ryzen 5, 16GB, $800)","Dell XPS 15 (i7, 32GB, $1500)",-0.92626953125,-0.50439453125
36,"Lenovo ThinkPad E14 (Ryzen 5, 16GB, $800)","Lenovo ThinkPad X1 Carbon (Ryzen 7, 32GB, $1400)",-0.97412109375,-0.47412109375
36,"Lenovo ThinkPad E14 (Ryzen 5, 16GB, $800)","Apple MacBook Air M3 (M3, 16GB, $1800)",-0.826171875,-0.576171875
36,"Lenovo ThinkPad E14 (Ryzen 5, 16GB, $800)","Apple MacBook Pro 14-inch (M3, 32GB, $2220)",-0.8349609375,-0.5693359375
36,"Lenovo ThinkPad E14 (Ryzen 5, 16GB, $800)","Apple MacBook Pro 16-inch (M3, 64GB, $2800)",-0.8173828125,-0.5830078125
36,"Dell Inspiron 16 (i7, 16GB, $1100)","ASUS VivoBook 15 (i3, 8GB, $450)",-1.033203125,-0.439697265625
36,"Dell Inspiron 16 (i7, 16GB, $1100)","Lenovo IdeaPad 3 (i5, 8GB, $550)",-0.9765625,-0.476806640625
36,"Dell Inspiron 16 (i7, 16GB, $1100)","HP Pavilion 15 (Ryzen 5, 8GB, $600)",-0.9453125,-0.4921875
36,"Dell Inspiron 16 (i7, 16GB, $1100)","ASUS ZenBook 14 (i5, 16GB, $700)",-1.24609375,-0.33935546875
36,"Dell Inspiron 16 (i7, 16GB, $1100)","Lenovo ThinkPad E14 (Ryzen 5, 16GB, $800)",-1.013671875,-0.450927734375
36,"Dell Inspiron 16 (i7, 16GB, $1100)","HP Spectre x360 (Ryzen 7, 32GB, $1200)",-1.2568359375,-0.335205078125
36,"Dell Inspiron 16 (i7, 16GB, $1100)","Dell XPS 15 (i7, 32GB, $1500)",-1.1796875,-0.367431640625
36,"Dell Inspiron 16 (i7, 16GB, $1100)","Lenovo ThinkPad X1 Carbon (Ryzen 7, 32GB, $1400)",-1.1474609375,-0.3818359375
36,"Dell Inspiron 16 (i7, 16GB, $1100)","Apple MacBook Air M3 (M3, 16GB, $1800)",-1.0439453125,-0.434326171875
36,"Dell Inspiron 16 (i7, 16GB, $1100)","Apple MacBook Pro 14-inch (M3, 32GB, $2220)",-1.00390625,-0.456787109375
36,"Dell Inspiron 16 (i7, 16GB, $1100)","Apple MacBook Pro 16-inch (M3, 64GB, $2800)",-1.00390625,-0.456787109375
36,"HP Spectre x360 (Ryzen 7, 32GB, $1200)","ASUS VivoBook 15 (i3, 8GB, $450)",-0.8798828125,-0.5361328125
36,"HP Spectre x360 (Ryzen 7, 32GB, $1200)","Lenovo IdeaPad 3 (i5, 8GB, $550)",-0.865234375,-0.552734375
36,"HP Spectre x360 (Ryzen 7, 32GB, $1200)","HP Pavilion 15 (Ryzen 5, 8GB, $600)",-0.8984375,-0.5234375
36,"HP Spectre x360 (Ryzen 7, 32GB, $1200)","ASUS ZenBook 14 (i5, 16GB, $700)",-1.033203125,-0.43994140625
36,"HP Spectre x360 (Ryzen 7, 32GB, $1200)","Lenovo ThinkPad E14 (Ryzen 5, 16GB, $800)",-0.88916015625,-0.52978515625
36,"HP Spectre x360 (Ryzen 7, 32GB, $1200)","Dell Inspiron 16 (i7, 16GB, $1100)",-0.99365234375,-0.462646484375
36,"HP Spectre x360 (Ryzen 7, 32GB, $1200)","Dell XPS 15 (i7, 32GB, $1500)",-1.0537109375,-0.428955078125
36,"HP Spectre x360 (Ryzen 7, 32GB, $1200)","Lenovo ThinkPad X1 Carbon (Ryzen 7, 32GB, $1400)",-1.0537109375,-0.428955078125
36,"HP Spectre x360 (Ryzen 7, 32GB, $1200)","Apple MacBook Air M3 (M3, 16GB, $1800)",-0.9453125,-0.4921875
36,"HP Spectre x360 (Ryzen 7, 32GB, $1200)","Apple MacBook Pro 14-inch (M3, 32GB, $2220)",-1.033203125,-0.43994140625
36,"HP Spectre x360 (Ryzen 7, 32GB, $1200)","Apple MacBook Pro 16-inch (M3, 64GB, $2800)",-0.97412109375,-0.474365234375
36,"Dell XPS 15 (i7, 32GB, $1500)","ASUS VivoBook 15 (i3, 8GB, $450)",-0.95458984375,-0.486083984375
36,"Dell XPS 15 (i7, 32GB, $1500)","Lenovo IdeaPad 3 (i5, 8GB, $550)",-0.88134765625,-0.53759765625
36,"Dell XPS 15 (i7, 32GB, $1500)","HP Pavilion 15 (Ryzen 5, 8GB, $600)",-0.8798828125,-0.5361328125
36,"Dell XPS 15 (i7, 32GB, $1500)","ASUS ZenBook 14 (i5, 16GB, $700)",-1.07421875,-0.41796875
36,"Dell XPS 15 (i7, 32GB, $1500)","Lenovo ThinkPad E14 (Ryzen 5, 16GB, $800)",-0.88916015625,-0.52978515625
36,"Dell XPS 15 (i7, 32GB, $1500)","Dell Inspiron 16 (i7, 16GB, $1100)",-0.99365234375,-0.46240234375
36,"Dell XPS 15 (i7, 32GB, $1500)","HP Spectre x360 (Ryzen 7, 32GB, $1200)",-1.0234375,-0.445556640625
36,"Dell XPS 15 (i7, 32GB, $1500)","Lenovo ThinkPad X1 Carbon (Ryzen 7, 32GB, $1400)",-1.013671875,-0.450927734375
36,"Dell XPS 15 (i7, 32GB, $1500)","Apple MacBook Air M3 (M3, 16GB, $1800)",-0.88916015625,-0.52978515625
36,"Dell XPS 15 (i7, 32GB, $1500)","Apple MacBook Pro 14-inch (M3, 32GB, $2220)",-0.935546875,-0.498291015625
36,"Dell XPS 15 (i7, 32GB, $1500)","Apple MacBook Pro 16-inch (M3, 64GB, $2800)",-0.9072265625,-0.5166015625
36,"Lenovo ThinkPad X1 Carbon (Ryzen 7, 32GB, $1400)","ASUS VivoBook 15 (i3, 8GB, $450)",-0.74951171875,-0.64013671875
36,"Lenovo ThinkPad X1 Carbon (Ryzen 7, 32GB, $1400)","Lenovo IdeaPad 3 (i5, 8GB, $550)",-0.77734375,-0.62109375
36,"Lenovo ThinkPad X1 Carbon (Ryzen 7, 32GB, $1400)","HP Pavilion 15 (Ryzen 5, 8GB, $600)",-0.73291015625,-0.65478515625
36,"Lenovo ThinkPad X1 Carbon (Ryzen 7, 32GB, $1400)","ASUS ZenBook 14 (i5, 16GB, $700)",-0.8798828125,-0.5361328125
36,"Lenovo ThinkPad X1 Carbon (Ryzen 7, 32GB, $1400)","Lenovo ThinkPad E14 (Ryzen 5, 16GB, $800)",-0.78271484375,-0.61083984375
36,"Lenovo ThinkPad X1 Carbon (Ryzen 7, 32GB, $1400)","Dell Inspiron 16 (i7, 16GB, $1100)",-0.84375,-0.5625
36,"Lenovo ThinkPad X1 Carbon (Ryzen 7, 32GB, $1400)","HP Spectre x360 (Ryzen 7, 32GB, $1200)",-0.8984375,-0.5234375
36,"Lenovo ThinkPad X1 Carbon (Ryzen 7, 32GB, $1400)","Dell XPS 15 (i7, 32GB, $1500)",-0.90771484375,-0.51708984375
36,"Lenovo ThinkPad X1 Carbon (Ryzen 7, 32GB, $1400)","Apple MacBook Air M3 (M3, 16GB, $1800)",-0.7412109375,-0.6474609375
36,"Lenovo ThinkPad X1 Carbon (Ryzen 7, 32GB, $1400)","Apple MacBook Pro 14-inch (M3, 32GB, $2220)",-0.7998046875,-0.5966796875
36,"Lenovo ThinkPad X1 Carbon (Ryzen 7, 32GB, $1400)","Apple MacBook Pro 16-inch (M3, 64GB, $2800)",-0.7578125,-0.6328125
36,"Apple MacBook Air M3 (M3, 16GB, $1800)","ASUS VivoBook 15 (i3, 8GB, $450)",-0.8525390625,-0.5556640625
36,"Apple MacBook Air M3 (M3, 16GB, $1800)","Lenovo IdeaPad 3 (i5, 8GB, $550)",-0.8095703125,-0.5908203125
36,"Apple MacBook Air M3 (M3, 16GB, $1800)","HP Pavilion 15 (Ryzen 5, 8GB, $600)",-0.826171875,-0.576171875
36,"Apple MacBook Air M3 (M3, 16GB, $1800)","ASUS ZenBook 14 (i5, 16GB, $700)",-1.013671875,-0.450927734375
36,"Apple MacBook Air M3 (M3, 16GB, $1800)","Lenovo ThinkPad E14 (Ryzen 5, 16GB, $800)",-0.87060546875,-0.54248046875
36,"Apple MacBook Air M3 (M3, 16GB, $1800)","Dell Inspiron 16 (i7, 16GB, $1100)",-0.9169921875,-0.5107421875
36,"Apple MacBook Air M3 (M3, 16GB, $1800)","HP Spectre x360 (Ryzen 7, 32GB, $1200)",-0.99365234375,-0.462646484375
36,"Apple MacBook Air M3 (M3, 16GB, $1800)","Dell XPS 15 (i7, 32GB, $1500)",-0.90771484375,-0.51708984375
36,"Apple MacBook Air M3 (M3, 16GB, $1800)","Lenovo ThinkPad X1 Carbon (Ryzen 7, 32GB, $1400)",-0.96435546875,-0.47998046875
36,"Apple MacBook Air M3 (M3, 16GB, $1800)","Apple MacBook Pro 14-inch (M3, 32GB, $2220)",-1.158203125,-0.376953125
36,"Apple MacBook Air M3 (M3, 16GB, $1800)","Apple MacBook Pro 16-inch (M3, 64GB, $2800)",-1.10546875,-0.402099609375
36,"Apple MacBook Pro 14-inch (M3, 32GB, $2220)","ASUS VivoBook 15 (i3, 8GB, $450)",-0.7578125,-0.6328125
36,"Apple MacBook Pro 14-inch (M3, 32GB, $2220)","Lenovo IdeaPad 3 (i5, 8GB, $550)",-0.72607421875,-0.66357421875
36,"Apple MacBook Pro 14-inch (M3, 32GB, $2220)","HP Pavilion 15 (Ryzen 5, 8GB, $600)",-0.7412109375,-0.6474609375
36,"Apple MacBook Pro 14-inch (M3, 32GB, $2220)","ASUS ZenBook 14 (i5, 16GB, $700)",-0.89794921875,-0.52294921875
36,"Apple MacBook Pro 14-inch (M3, 32GB, $2220)","Lenovo ThinkPad E14 (Ryzen 5, 16GB, $800)",-0.76611328125,-0.62548828125
36,"Apple MacBook Pro 14-inch (M3, 32GB, $2220)","Dell Inspiron 16 (i7, 16GB, $1100)",-0.79150390625,-0.60400390625
36,"Apple MacBook Pro 14-inch (M3, 32GB, $2220)","HP Spectre x360 (Ryzen 7, 32GB, $1200)",-0.8798828125,-0.5361328125
36,"Apple MacBook Pro 14-inch (M3, 32GB, $2220)","Dell XPS 15 (i7, 32GB, $1500)",-0.8349609375,-0.5693359375
36,"Apple MacBook Pro 14-inch (M3, 32GB, $2220)","Lenovo ThinkPad X1 Carbon (Ryzen 7, 32GB, $1400)",-0.88916015625,-0.52978515625
36,"Apple MacBook Pro 14-inch (M3, 32GB, $2220)","Apple MacBook Air M3 (M3, 16GB, $1800)",-0.89794921875,-0.52294921875
36,"Apple MacBook Pro 14-inch (M3, 32GB, $2220)","Apple MacBook Pro 16-inch (M3, 64GB, $2800)",-0.9453125,-0.4921875
36,"Apple MacBook Pro 16-inch (M3, 64GB, $2800)","ASUS VivoBook 15 (i3, 8GB, $450)",-0.7744140625,-0.6181640625
36,"Apple MacBook Pro 16-inch (M3, 64GB, $2800)","Lenovo IdeaPad 3 (i5, 8GB, $550)",-0.759765625,-0.634765625
36,"Apple MacBook Pro 16-inch (M3, 64GB, $2800)","HP Pavilion 15 (Ryzen 5, 8GB, $600)",-0.7578125,-0.6328125
36,"Apple MacBook Pro 16-inch (M3, 64GB, $2800)","ASUS ZenBook 14 (i5, 16GB, $700)",-0.95458984375,-0.486083984375
36,"Apple MacBook Pro 16-inch (M3, 64GB, $2800)","Lenovo ThinkPad E14 (Ryzen 5, 16GB, $800)",-0.7998046875,-0.5966796875
36,"Apple MacBook Pro 16-inch (M3, 64GB, $2800)","Dell Inspiron 16 (i7, 16GB, $1100)",-0.8349609375,-0.5693359375
36,"Apple MacBook Pro 16-inch (M3, 64GB, $2800)","HP Spectre x360 (Ryzen 7, 32GB, $1200)",-0.90771484375,-0.51708984375
36,"Apple MacBook Pro 16-inch (M3, 64GB, $2800)","Dell XPS 15 (i7, 32GB, $1500)",-0.8349609375,-0.5693359375
36,"Apple MacBook Pro 16-inch (M3, 64GB, $2800)","Lenovo ThinkPad X1 Carbon (Ryzen 7, 32GB, $1400)",-0.92626953125,-0.50439453125
36,"Apple MacBook Pro 16-inch (M3, 64GB, $2800)","Apple MacBook Air M3 (M3, 16GB, $1800)",-1.00390625,-0.456787109375
36,"Apple MacBook Pro 16-inch (M3, 64GB, $2800)","Apple MacBook Pro 14-inch (M3, 32GB, $2220)",-0.9453125,-0.4921875
37,"ASUS VivoBook 15 (i3, 8GB, $450)","Lenovo IdeaPad 3 (i5, 8GB, $550)",-0.6181640625,-0.7744140625
37,"ASUS VivoBook 15 (i3, 8GB, $450)","HP Pavilion 15 (Ryzen 5, 8GB, $600)",-0.62548828125,-0.76611328125
37,"ASUS VivoBook 15 (i3, 8GB, $450)","ASUS ZenBook 14 (i5, 16GB, $700)",-0.87060546875,-0.54248046875
37,"ASUS VivoBook 15 (i3, 8GB, $450)","Lenovo ThinkPad E14 (Ryzen 5, 16GB, $800)",-0.6328125,-0.7578125
37,"ASUS VivoBook 15 (i3, 8GB, $450)","Dell Inspiron 16 (i7, 16GB, $1100)",-0.66259765625,-0.72509765625
37,"ASUS VivoBook 15 (i3, 8GB, $450)","HP Spectre x360 (Ryzen 7, 32GB, $1200)",-0.64013671875,-0.74951171875
37,"ASUS VivoBook 15 (i3, 8GB, $450)","Dell XPS 15 (i7, 32GB, $1500)",-0.6474609375,-0.7412109375
37,"ASUS VivoBook 15 (i3, 8GB, $450)","Lenovo ThinkPad X1 Carbon (Ryzen 7, 32GB, $1400)",-0.64013671875,-0.74951171875
37,"ASUS VivoBook 15 (i3, 8GB, $450)","Apple MacBook Air M3 (M3, 16GB, $1800)",-0.52978515625,-0.88916015625
37,"ASUS VivoBook 15 (i3, 8GB, $450)","Apple MacBook Pro 14-inch (M3, 32GB, $2220)",-0.5693359375,-0.8349609375
37,"ASUS VivoBook 15 (i3, 8GB, $450)","Apple MacBook Pro 16-inch (M3, 64GB, $2800)",-0.5693359375,-0.8349609375
37,"Lenovo IdeaPad 3 (i5, 8GB, $550)","ASUS VivoBook 15 (i3, 8GB, $450)",-0.67822265625,-0.70947265625
37,"Lenovo IdeaPad 3 (i5, 8GB, $550)","HP Pavilion 15 (Ryzen 5, 8GB, $600)",-0.56982421875,-0.83544921875
37,"Lenovo IdeaPad 3 (i5, 8GB, $550)","ASUS ZenBook 14 (i5, 16GB, $700)",-0.8173828125,-0.5830078125
37,"Lenovo IdeaPad 3 (i5, 8GB, $550)","Lenovo ThinkPad E14 (Ryzen 5, 16GB, $800)",-0.69384765625,-0.69384765625
37,"Lenovo IdeaPad 3 (i5, 8GB, $550)","Dell Inspiron 16 (i7, 16GB, $1100)",-0.640625,-0.75
37,"Lenovo IdeaPad 3 (i5, 8GB, $550)","HP Spectre x360 (Ryzen 7, 32GB, $1200)",-0.56298828125,-0.84423828125
37,"Lenovo IdeaPad 3 (i5, 8GB, $550)","Dell XPS 15 (i7, 32GB, $1500)",-0.63330078125,-0.75830078125
37,"Lenovo IdeaPad 3 (i5, 8GB, $550)","Lenovo ThinkPad X1 Carbon (Ryzen 7, 32GB, $1400)",-0.69384765625,-0.69384765625
37,"Lenovo IdeaPad 3 (i5, 8GB, $550)","Apple MacBook Air M3 (M3, 16GB, $1800)",-0.486328125,-0.955078125
37,"Lenovo IdeaPad 3 (i5, 8GB, $550)","Apple MacBook Pro 14-inch (M3, 32GB, $2220)",-0.5234375,-0.8984375
37,"Lenovo IdeaPad 3 (i5, 8GB, $550)","Apple MacBook Pro 16-inch (M3, 64GB, $2800)",-0.51708984375,-0.90771484375
37,"HP Pavilion 15 (Ryzen 5, 8GB, $600)","ASUS VivoBook 15 (i3, 8GB, $450)",-0.5966796875,-0.7998046875
37,"HP Pavilion 15 (Ryzen 5, 8GB, $600)","Lenovo IdeaPad 3 (i5, 8GB, $550)",-0.57666015625,-0.82666015625
37,"HP Pavilion 15 (Ryzen 5, 8GB, $600)","ASUS ZenBook 14 (i5, 16GB, $700)",-0.76611328125,-0.62548828125
37,"HP Pavilion 15 (Ryzen 5, 8GB, $600)","Lenovo ThinkPad E14 (Ryzen 5, 16GB, $800)",-0.6181640625,-0.7744140625
37,"HP Pavilion 15 (Ryzen 5, 8GB, $600)","Dell Inspiron 16 (i7, 16GB, $1100)",-0.5556640625,-0.8525390625
37,"HP Pavilion 15 (Ryzen 5, 8GB, $600)","HP Spectre x360 (Ryzen 7, 32GB, $1200)",-0.716796875,-0.669921875
37,"HP Pavilion 15 (Ryzen 5, 8GB, $600)","Dell XPS 15 (i7, 32GB, $1500)",-0.52294921875,-0.89794921875
37,"HP Pavilion 15 (Ryzen 5, 8GB, $600)","Lenovo ThinkPad X1 Carbon (Ryzen 7, 32GB, $1400)",-0.64013671875,-0.74951171875
37,"HP Pavilion 15 (Ryzen 5, 8GB, $600)","Apple MacBook Air M3 (M3, 16GB, $1800)",-0.47412109375,-0.97412109375
37,"HP Pavilion 15 (Ryzen 5, 8GB, $600)","Apple MacBook Pro 14-inch (M3, 32GB, $2220)",-0.46826171875,-0.98388671875
37,"HP Pavilion 15 (Ryzen 5, 8GB, $600)","Apple MacBook Pro 16-inch (M3, 64GB, $2800)",-0.456787109375,-1.00390625
37,"ASUS ZenBook 14 (i5, 16GB, $700)","ASUS VivoBook 15 (i3, 8GB, $450)",-0.669921875,-0.716796875
37,"ASUS ZenBook 14 (i5, 16GB, $700)","Lenovo IdeaPad 3 (i5, 8GB, $550)",-0.6181640625,-0.7744140625
37,"ASUS ZenBook 14 (i5, 16GB, $700)","HP Pavilion 15 (Ryzen 5, 8GB, $600)",-0.60400390625,-0.79150390625
37,"ASUS ZenBook 14 (i5, 16GB, $700)","Lenovo ThinkPad E14 (Ryzen 5, 16GB, $800)",-0.716796875,-0.669921875
37,"ASUS ZenBook 14 (i5, 16GB, $700)","Dell Inspiron 16 (i7, 16GB, $1100)",-0.716796875,-0.669921875
37,"ASUS ZenBook 14 (i5, 16GB, $700)","HP Spectre x360 (Ryzen 7, 32GB, $1200)",-0.7578125,-0.6328125
37,"ASUS ZenBook 14 (i5, 16GB, $700)","Dell XPS 15 (i7, 32GB, $1500)",-0.685546875,-0.701171875
37,"ASUS ZenBook 14 (i5, 16GB, $700)","Lenovo ThinkPad X1 Carbon (Ryzen 7, 32GB, $1400)",-0.716796875,-0.669921875
37,"ASUS ZenBook 14 (i5, 16GB, $700)","Apple MacBook Air M3 (M3, 16GB, $1800)",-0.5966796875,-0.7998046875
37,"ASUS ZenBook 14 (i5, 16GB, $700)","Apple MacBook Pro 14-inch (M3, 32GB, $2220)",-0.576171875,-0.826171875
37,"ASUS ZenBook 14 (i5, 16GB, $700)","Apple MacBook Pro 16-inch (M3, 64GB, $2800)",-0.5625,-0.84375
37,"Lenovo ThinkPad E14 (Ryzen 5, 16GB, $800)","ASUS VivoBook 15 (i3, 8GB, $450)",-0.47412109375,-0.97412109375
37,"Lenovo ThinkPad E14 (Ryzen 5, 16GB, $800)","Lenovo IdeaPad 3 (i5, 8GB, $550)",-0.5244140625,-0.8994140625
37,"Lenovo ThinkPad E14 (Ryzen 5, 16GB, $800)","HP Pavilion 15 (Ryzen 5, 8GB, $600)",-0.434326171875,-1.0439453125
37,"Lenovo ThinkPad E14 (Ryzen 5, 16GB, $800)","ASUS ZenBook 14 (i5, 16GB, $700)",-0.693359375,-0.693359375
37,"Lenovo ThinkPad E14 (Ryzen 5, 16GB, $800)","Dell Inspiron 16 (i7, 16GB, $1100)",-0.52978515625,-0.88916015625
37,"Lenovo ThinkPad E14 (Ryzen 5, 16GB, $800)","HP Spectre x360 (Ryzen 7, 32GB, $1200)",-0.5556640625,-0.8525390625
37,"Lenovo ThinkPad E14 (Ryzen 5, 16GB, $800)","Dell XPS 15 (i7, 32GB, $1500)",-0.498291015625,-0.935546875
37,"Lenovo ThinkPad E14 (Ryzen 5, 16GB, $800)","Lenovo ThinkPad X1 Carbon (Ryzen 7, 32GB, $1400)",-0.62548828125,-0.76611328125
37,"Lenovo ThinkPad E14 (Ryzen 5, 16GB, $800)","Apple MacBook Air M3 (M3, 16GB, $1800)",-0.407470703125,-1.0947265625
37,"Lenovo ThinkPad E14 (Ryzen 5, 16GB, $800)","Apple MacBook Pro 14-inch (M3, 32GB, $2220)",-0.41259765625,-1.0849609375
37,"Lenovo ThinkPad E14 (Ryzen 5, 16GB, $800)","Apple MacBook Pro 16-inch (M3, 64GB, $2800)",-0.41259765625,-1.0849609375
37,"Dell Inspiron 16 (i7, 16GB, $1100)","ASUS VivoBook 15 (i3, 8GB, $450)",-0.677734375,-0.708984375
37,"Dell Inspiron 16 (i7, 16GB, $1100)","Lenovo IdeaPad 3 (i5, 8GB, $550)",-0.59033203125,-0.80908203125
37,"Dell Inspiron 16 (i7, 16GB, $1100)","HP Pavilion 15 (Ryzen 5, 8GB, $600)",-0.51708984375,-0.90771484375
37,"Dell Inspiron 16 (i7, 16GB, $1100)","ASUS ZenBook 14 (i5, 16GB, $700)",-0.9072265625,-0.5166015625
37,"Dell Inspiron 16 (i7, 16GB, $1100)","Lenovo ThinkPad E14 (Ryzen 5, 16GB, $800)",-0.6474609375,-0.7412109375
37,"Dell Inspiron 16 (i7, 16GB, $1100)","HP Spectre x360 (Ryzen 7, 32GB, $1200)",-0.7998046875,-0.5966796875
37,"Dell Inspiron 16 (i7, 16GB, $1100)","Dell XPS 15 (i7, 32GB, $1500)",-0.79150390625,-0.60400390625
37,"Dell Inspiron 16 (i7, 16GB, $1100)","Lenovo ThinkPad X1 Carbon (Ryzen 7, 32GB, $1400)",-0.76611328125,-0.62548828125
37,"Dell Inspiron 16 (i7, 16GB, $1100)","Apple MacBook Air M3 (M3, 16GB, $1800)",-0.6474609375,-0.7412109375
37,"Dell Inspiron 16 (i7, 16GB, $1100)","Apple MacBook Pro 14-inch (M3, 32GB, $2220)",-0.576171875,-0.826171875
37,"Dell Inspiron 16 (i7, 16GB, $1100)","Apple MacBook Pro 16-inch (M3, 64GB, $2800)",-0.5693359375,-0.8349609375
37,"HP Spectre x360 (Ryzen 7, 32GB, $1200)","ASUS VivoBook 15 (i3, 8GB, $450)",-0.46240234375,-0.99365234375
37,"HP Spectre x360 (Ryzen 7, 32GB, $1200)","Lenovo IdeaPad 3 (i5, 8GB, $550)",-0.434814453125,-1.0439453125
37,"HP Spectre x360 (Ryzen 7, 32GB, $1200)","HP Pavilion 15 (Ryzen 5, 8GB, $600)",-0.498291015625,-0.93603515625
37,"HP Spectre x360 (Ryzen 7, 32GB, $1200)","ASUS ZenBook 14 (i5, 16GB, $700)",-0.64013671875,-0.74951171875
37,"HP Spectre x360 (Ryzen 7, 32GB, $1200)","Lenovo ThinkPad E14 (Ryzen 5, 16GB, $800)",-0.55615234375,-0.85302734375
37,"HP Spectre x360 (Ryzen 7, 32GB, $1200)","Dell Inspiron 16 (i7, 16GB, $1100)",-0.62548828125,-0.76611328125
37,"HP Spectre x360 (Ryzen 7, 32GB, $1200)","Dell XPS 15 (i7, 32GB, $1500)",-0.685546875,-0.701171875
37,"HP Spectre x360 (Ryzen 7, 32GB, $1200)","Lenovo ThinkPad X1 Carbon (Ryzen 7, 32GB, $1400)",-0.73291015625,-0.65478515625
37,"HP Spectre x360 (Ryzen 7, 32GB, $1200)","Apple MacBook Air M3 (M3, 16GB, $1800)",-0.5234375,-0.8984375
37,"HP Spectre x360 (Ryzen 7, 32GB, $1200)","Apple MacBook Pro 14-inch (M3, 32GB, $2220)",-0.60400390625,-0.79150390625
37,"HP Spectre x360 (Ryzen 7, 32GB, $1200)","Apple MacBook Pro 16-inch (M3, 64GB, $2800)",-0.54248046875,-0.87060546875
37,"Dell XPS 15 (i7, 32GB, $1500)","ASUS VivoBook 15 (i3, 8GB, $450)",-0.58984375,-0.80859375
37,"Dell XPS 15 (i7, 32GB, $1500)","Lenovo IdeaPad 3 (i5, 8GB, $550)",-0.5048828125,-0.9267578125
37,"Dell XPS 15 (i7, 32GB, $1500)","HP Pavilion 15 (Ryzen 5, 8GB, $600)",-0.439697265625,-1.033203125
37,"Dell XPS 15 (i7, 32GB, $1500)","ASUS ZenBook 14 (i5, 16GB, $700)",-0.708984375,-0.677734375
37,"Dell XPS 15 (i7, 32GB, $1500)","Lenovo ThinkPad E14 (Ryzen 5, 16GB, $800)",-0.51708984375,-0.90771484375
37,"Dell XPS 15 (i7, 32GB, $1500)","Dell Inspiron 16 (i7, 16GB, $1100)",-0.65478515625,-0.73291015625
37,"Dell XPS 15 (i7, 32GB, $1500)","HP Spectre x360 (Ryzen 7, 32GB, $1200)",-0.62548828125,-0.76611328125
37,"Dell XPS 15 (i7, 32GB, $1500)","Lenovo ThinkPad X1 Carbon (Ryzen 7, 32GB, $1400)",-0.677734375,-0.708984375
37,"Dell XPS 15 (i7, 32GB, $1500)","Apple MacBook Air M3 (M3, 16GB, $1800)",-0.50439453125,-0.92626953125
37,"Dell XPS 15 (i7, 32GB, $1500)","Apple MacBook Pro 14-inch (M3, 32GB, $2220)",-0.52978515625,-0.88916015625
37,"Dell XPS 15 (i7, 32GB, $1500)","Apple MacBook Pro 16-inch (M3, 64GB, $2800)",-0.498291015625,-0.935546875
37,"Lenovo ThinkPad X1 Carbon (Ryzen 7, 32GB, $1400)","ASUS VivoBook 15 (i3, 8GB, $450)",-0.3671875,-1.1796875
37,"Lenovo ThinkPad X1 Carbon (Ryzen 7, 32GB, $1400)","Lenovo IdeaPad 3 (i5, 8GB, $550)",-0.3974609375,-1.1162109375
37,"Lenovo ThinkPad X1 Carbon (Ryzen 7, 32GB, $1400)","HP Pavilion 15 (Ryzen 5, 8GB, $600)",-0.343994140625,-1.234375
37,"Lenovo ThinkPad X1 Carbon (Ryzen 7, 32GB, $1400)","ASUS ZenBook 14 (i5, 16GB, $700)",-0.47998046875,-0.96435546875
37,"Lenovo ThinkPad X1 Carbon (Ryzen 7, 32GB, $1400)","Lenovo ThinkPad E14 (Ryzen 5, 16GB, $800)",-0.486083984375,-0.955078125
37,"Lenovo ThinkPad X1 Carbon (Ryzen 7, 32GB, $1400)","Dell Inspiron 16 (i7, 16GB, $1100)",-0.46240234375,-0.99365234375
37,"Lenovo ThinkPad X1 Carbon (Ryzen 7, 32GB, $1400)","HP Spectre x360 (Ryzen 7, 32GB, $1200)",-0.5361328125,-0.8798828125
37,"Lenovo ThinkPad X1 Carbon (Ryzen 7, 32GB, $1400)","Dell XPS 15 (i7, 32GB, $1500)",-0.5361328125,-0.8798828125
37,"Lenovo ThinkPad X1 Carbon (Ryzen 7, 32GB, $1400)","Apple MacBook Air M3 (M3, 16GB, $1800)",-0.348388671875,-1.2236328125
37,"Lenovo ThinkPad X1 Carbon (Ryzen 7, 32GB, $1400)","Apple MacBook Pro 14-inch (M3, 32GB, $2220)",-0.41259765625,-1.0849609375
37,"Lenovo ThinkPad X1 Carbon (Ryzen 7, 32GB, $1400)","Apple MacBook Pro 16-inch (M3, 64GB, $2800)",-0.3818359375,-1.1474609375
37,"Apple MacBook Air M3 (M3, 16GB, $1800)","ASUS VivoBook 15 (i3, 8GB, $450)",-0.439697265625,-1.033203125
37,"Apple MacBook Air M3 (M3, 16GB, $1800)","Lenovo IdeaPad 3 (i5, 8GB, $550)",-0.377197265625,-1.158203125
37,"Apple MacBook Air M3 (M3, 16GB, $1800)","HP Pavilion 15 (Ryzen 5, 8GB, $600)",-0.367431640625,-1.1796875
37,"Apple MacBook Air M3 (M3, 16GB, $1800)","ASUS ZenBook 14 (i5, 16GB, $700)",-0.61083984375,-0.78271484375
37,"Apple MacBook Air M3 (M3, 16GB, $1800)","Lenovo ThinkPad E14 (Ryzen 5, 16GB, $800)",-0.4453125,-1.0234375
37,"Apple MacBook Air M3 (M3, 16GB, $1800)","Dell Inspiron 16 (i7, 16GB, $1100)",-0.5107421875,-0.9169921875
37,"Apple MacBook Air M3 (M3, 16GB, $1800)","HP Spectre x360 (Ryzen 7, 32GB, $1200)",-0.50439453125,-0.92626953125
37,"Apple MacBook Air M3 (M3, 16GB, $1800)","Dell XPS 15 (i7, 32GB, $1500)",-0.5107421875,-0.9169921875
37,"Apple MacBook Air M3 (M3, 16GB, $1800)","Lenovo ThinkPad X1 Carbon (Ryzen 7, 32GB, $1400)",-0.5361328125,-0.8798828125
37,"Apple MacBook Air M3 (M3, 16GB, $1800)","Apple MacBook Pro 14-inch (M3, 32GB, $2220)",-0.7412109375,-0.6474609375
37,"Apple MacBook Air M3 (M3, 16GB, $1800)","Apple MacBook Pro 16-inch (M3, 64GB, $2800)",-0.701171875,-0.685546875
37,"Apple MacBook Pro 14-inch (M3, 32GB, $2220)","ASUS VivoBook 15 (i3, 8GB, $450)",-0.3671875,-1.1796875
37,"Apple MacBook Pro 14-inch (M3, 32GB, $2220)","Lenovo IdeaPad 3 (i5, 8GB, $550)",-0.317626953125,-1.3017578125
37,"Apple MacBook Pro 14-inch (M3, 32GB, $2220)","HP Pavilion 15 (Ryzen 5, 8GB, $600)",-0.304931640625,-1.3359375
37,"Apple MacBook Pro 14-inch (M3, 32GB, $2220)","ASUS ZenBook 14 (i5, 16GB, $700)",-0.46240234375,-0.99365234375
37,"Apple MacBook Pro 14-inch (M3, 32GB, $2220)","Lenovo ThinkPad E14 (Ryzen 5, 16GB, $800)",-0.3720703125,-1.1689453125
37,"Apple MacBook Pro 14-inch (M3, 32GB, $2220)","Dell Inspiron 16 (i7, 16GB, $1100)",-0.386962890625,-1.13671875
37,"Apple MacBook Pro 14-inch (M3, 32GB, $2220)","HP Spectre x360 (Ryzen 7, 32GB, $1200)",-0.47412109375,-0.97412109375
37,"Apple MacBook Pro 14-inch (M3, 32GB, $2220)","Dell XPS 15 (i7, 32GB, $1500)",-0.4453125,-1.0234375
37,"Apple MacBook Pro 14-inch (M3, 32GB, $2220)","Lenovo ThinkPad X1 Carbon (Ryzen 7, 32GB, $1400)",-0.5107421875,-0.9169921875
37,"Apple MacBook Pro 14-inch (M3, 32GB, $2220)","Apple MacBook Air M3 (M3, 16GB, $1800)",-0.61083984375,-0.78271484375
37,"Apple MacBook Pro 14-inch (M3, 32GB, $2220)","Apple MacBook Pro 16-inch (M3, 64GB, $2800)",-0.65478515625,-0.73291015625
37,"Apple MacBook Pro 16-inch (M3, 64GB, $2800)","ASUS VivoBook 15 (i3, 8GB, $450)",-0.376953125,-1.158203125
37,"Apple MacBook Pro 16-inch (M3, 64GB, $2800)","Lenovo IdeaPad 3 (i5, 8GB, $550)",-0.34423828125,-1.234375
37,"Apple MacBook Pro 16-inch (M3, 64GB, $2800)","HP Pavilion 15 (Ryzen 5, 8GB, $600)",-0.313232421875,-1.3134765625
37,"Apple MacBook Pro 16-inch (M3, 64GB, $2800)","ASUS ZenBook 14 (i5, 16GB, $700)",-0.52294921875,-0.89794921875
37,"Apple MacBook Pro 16-inch (M3, 64GB, $2800)","Lenovo ThinkPad E14 (Ryzen 5, 16GB, $800)",-0.41796875,-1.07421875
37,"Apple MacBook Pro 16-inch (M3, 64GB, $2800)","Dell Inspiron 16 (i7, 16GB, $1100)",-0.42333984375,-1.0634765625
37,"Apple MacBook Pro 16-inch (M3, 64GB, $2800)","HP Spectre x360 (Ryzen 7, 32GB, $1200)",-0.480224609375,-0.96435546875
37,"Apple MacBook Pro 16-inch (M3, 64GB, $2800)","Dell XPS 15 (i7, 32GB, $1500)",-0.439697265625,-1.033203125
37,"Apple MacBook Pro 16-inch (M3, 64GB, $2800)","Lenovo ThinkPad X1 Carbon (Ryzen 7, 32GB, $1400)",-0.52294921875,-0.89794921875
37,"Apple MacBook Pro 16-inch (M3, 64GB, $2800)","Apple MacBook Air M3 (M3, 16GB, $1800)",-0.716796875,-0.669921875
37,"Apple MacBook Pro 16-inch (M3, 64GB, $2800)","Apple MacBook Pro 14-inch (M3, 32GB, $2220)",-0.66259765625,-0.72509765625
38,"ASUS VivoBook 15 (i3, 8GB, $450)","Lenovo IdeaPad 3 (i5, 8GB, $550)",-0.85302734375,-0.55615234375
38,"ASUS VivoBook 15 (i3, 8GB, $450)","HP Pavilion 15 (Ryzen 5, 8GB, $600)",-0.9169921875,-0.5107421875
38,"ASUS VivoBook 15 (i3, 8GB, $450)","ASUS ZenBook 14 (i5, 16GB, $700)",-1.07421875,-0.41796875
38,"ASUS VivoBook 15 (i3, 8GB, $450)","Lenovo ThinkPad E14 (Ryzen 5, 16GB, $800)",-0.8525390625,-0.5556640625
38,"ASUS VivoBook 15 (i3, 8GB, $450)","Dell Inspiron 16 (i7, 16GB, $1100)",-0.8798828125,-0.5361328125
38,"ASUS VivoBook 15 (i3, 8GB, $450)","HP Spectre x360 (Ryzen 7, 32GB, $1200)",-0.9169921875,-0.5107421875
38,"ASUS VivoBook 15 (i3, 8GB, $450)","Dell XPS 15 (i7, 32GB, $1500)",-0.8525390625,-0.5556640625
38,"ASUS VivoBook 15 (i3, 8GB, $450)","Lenovo ThinkPad X1 Carbon (Ryzen 7, 32GB, $1400)",-0.8798828125,-0.5361328125
38,"ASUS VivoBook 15 (i3, 8GB, $450)","Apple MacBook Air M3 (M3, 16GB, $1800)",-0.8173828125,-0.5830078125
38,"ASUS VivoBook 15 (i3, 8GB, $450)","Apple MacBook Pro 14-inch (M3, 32GB, $2220)",-0.84375,-0.5625
38,"ASUS VivoBook 15 (i3, 8GB, $450)","Apple MacBook Pro 16-inch (M3, 64GB, $2800)",-0.826171875,-0.576171875
38,"Lenovo IdeaPad 3 (i5, 8GB, $550)","ASUS VivoBook 15 (i3, 8GB, $450)",-0.96484375,-0.480224609375
38,"Lenovo IdeaPad 3 (i5, 8GB, $550)","HP Pavilion 15 (Ryzen 5, 8GB, $600)",-0.93603515625,-0.49853515625
38,"Lenovo IdeaPad 3 (i5, 8GB, $550)","ASUS ZenBook 14 (i5, 16GB, $700)",-1.07421875,-0.418212890625
38,"Lenovo IdeaPad 3 (i5, 8GB, $550)","Lenovo ThinkPad E14 (Ryzen 5, 16GB, $800)",-1.00390625,-0.457275390625
38,"Lenovo IdeaPad 3 (i5, 8GB, $550)","Dell Inspiron 16 (i7, 16GB, $1100)",-0.93603515625,-0.49853515625
38,"Lenovo IdeaPad 3 (i5, 8GB, $550)","HP Spectre x360 (Ryzen 7, 32GB, $1200)",-0.9267578125,-0.5048828125
38,"Lenovo IdeaPad 3 (i5, 8GB, $550)","Dell XPS 15 (i7, 32GB, $1500)",-0.9267578125,-0.5048828125
38,"Lenovo IdeaPad 3 (i5, 8GB, $550)","Lenovo ThinkPad X1 Carbon (Ryzen 7, 32GB, $1400)",-1.0439453125,-0.434814453125
38,"Lenovo IdeaPad 3 (i5, 8GB, $550)","Apple MacBook Air M3 (M3, 16GB, $1800)",-0.84375,-0.5625
38,"Lenovo IdeaPad 3 (i5, 8GB, $550)","Apple MacBook Pro 14-inch (M3, 32GB, $2220)",-0.86181640625,-0.54931640625
38,"Lenovo IdeaPad 3 (i5, 8GB, $550)","Apple MacBook Pro 16-inch (M3, 64GB, $2800)",-0.84375,-0.5625
38,"HP Pavilion 15 (Ryzen 5, 8GB, $600)","ASUS VivoBook 15 (i3, 8GB, $450)",-0.935546875,-0.498291015625
38,"HP Pavilion 15 (Ryzen 5, 8GB, $600)","Lenovo IdeaPad 3 (i5, 8GB, $550)",-0.90869140625,-0.51806640625
38,"HP Pavilion 15 (Ryzen 5, 8GB, $600)","ASUS ZenBook 14 (i5, 16GB, $700)",-1.1162109375,-0.39697265625
38,"HP Pavilion 15 (Ryzen 5, 8GB, $600)","Lenovo ThinkPad E14 (Ryzen 5, 16GB, $800)",-0.935546875,-0.498291015625
38,"HP Pavilion 15 (Ryzen 5, 8GB, $600)","Dell Inspiron 16 (i7, 16GB, $1100)",-0.9169921875,-0.5107421875
38,"HP Pavilion 15 (Ryzen 5, 8GB, $600)","HP Spectre x360 (Ryzen 7, 32GB, $1200)",-1.126953125,-0.39208984375
38,"HP Pavilion 15 (Ryzen 5, 8GB, $600)","Dell XPS 15 (i7, 32GB, $1500)",-0.90771484375,-0.51708984375
38,"HP Pavilion 15 (Ryzen 5, 8GB, $600)","Lenovo ThinkPad X1 Carbon (Ryzen 7, 32GB, $1400)",-0.99365234375,-0.46240234375
38,"HP Pavilion 15 (Ryzen 5, 8GB, $600)","Apple MacBook Air M3 (M3, 16GB, $1800)",-0.88916015625,-0.52978515625
38,"HP Pavilion 15 (Ryzen 5, 8GB, $600)","Apple MacBook Pro 14-inch (M3, 32GB, $2220)",-0.88916015625,-0.52978515625
38,"HP Pavilion 15 (Ryzen 5, 8GB, $600)","Apple MacBook Pro 16-inch (M3, 64GB, $2800)",-0.86181640625,-0.54931640625
38,"ASUS ZenBook 14 (i5, 16GB, $700)","ASUS VivoBook 15 (i3, 8GB, $450)",-0.88916015625,-0.52978515625
38,"ASUS ZenBook 14 (i5, 16GB, $700)","Lenovo IdeaPad 3 (i5, 8GB, $550)",-0.82666015625,-0.57666015625
38,"ASUS ZenBook 14 (i5, 16GB, $700)","HP Pavilion 15 (Ryzen 5, 8GB, $600)",-0.88916015625,-0.52978515625
38,"ASUS ZenBook 14 (i5, 16GB, $700)","Lenovo ThinkPad E14 (Ryzen 5, 16GB, $800)",-0.9072265625,-0.5166015625
38,"ASUS ZenBook 14 (i5, 16GB, $700)","Dell Inspiron 16 (i7, 16GB, $1100)",-0.88916015625,-0.52978515625
38,"ASUS ZenBook 14 (i5, 16GB, $700)","HP Spectre x360 (Ryzen 7, 32GB, $1200)",-0.99365234375,-0.46240234375
38,"ASUS ZenBook 14 (i5, 16GB, $700)","Dell XPS 15 (i7, 32GB, $1500)",-0.88916015625,-0.52978515625
38,"ASUS ZenBook 14 (i5, 16GB, $700)","Lenovo ThinkPad X1 Carbon (Ryzen 7, 32GB, $1400)",-0.92626953125,-0.50439453125
38,"ASUS ZenBook 14 (i5, 16GB, $700)","Apple MacBook Air M3 (M3, 16GB, $1800)",-0.84375,-0.5625
38,"ASUS ZenBook 14 (i5, 16GB, $700)","Apple MacBook Pro 14-inch (M3, 32GB, $2220)",-0.84375,-0.5625
38,"ASUS ZenBook 14 (i5, 16GB, $700)","Apple MacBook Pro 16-inch (M3, 64GB, $2800)",-0.826171875,-0.576171875
38,"Lenovo ThinkPad E14 (Ryzen 5, 16GB, $800)","ASUS VivoBook 15 (i3, 8GB, $450)",-0.7744140625,-0.6181640625
38,"Lenovo ThinkPad E14 (Ryzen 5, 16GB, $800)","Lenovo IdeaPad 3 (i5, 8GB, $550)",-0.828125,-0.578125
38,"Lenovo ThinkPad E14 (Ryzen 5, 16GB, $800)","HP Pavilion 15 (Ryzen 5, 8GB, $600)",-0.7744140625,-0.6181640625
38,"Lenovo ThinkPad E14 (Ryzen 5, 16GB, $800)","ASUS ZenBook 14 (i5, 16GB, $700)",-0.9453125,-0.4921875
38,"Lenovo ThinkPad E14 (Ryzen 5, 16GB, $800)","Dell Inspiron 16 (i7, 16GB, $1100)",-0.80859375,-0.58984375
38,"Lenovo ThinkPad E14 (Ryzen 5, 16GB, $800)","HP Spectre x360 (Ryzen 7, 32GB, $1200)",-0.8798828125,-0.5361328125
38,"Lenovo ThinkPad E14 (Ryzen 5, 16GB, $800)","Dell XPS 15 (i7, 32GB, $1500)",-0.80859375,-0.58984375
38,"Lenovo ThinkPad E14 (Ryzen 5, 16GB, $800)","Lenovo ThinkPad X1 Carbon (Ryzen 7, 32GB, $1400)",-0.9453125,-0.4921875
38,"Lenovo ThinkPad E14 (Ryzen 5, 16GB, $800)","Apple MacBook Air M3 (M3, 16GB, $1800)",-0.74951171875,-0.64013671875
38,"Lenovo ThinkPad E14 (Ryzen 5, 16GB, $800)","Apple MacBook Pro 14-inch (M3, 32GB, $2220)",-0.7578125,-0.6328125
38,"Lenovo ThinkPad E14 (Ryzen 5, 16GB, $800)","Apple MacBook Pro 16-inch (M3, 64GB, $2800)",-0.74951171875,-0.64013671875
38,"Dell Inspiron 16 (i7, 16GB, $1100)","ASUS VivoBook 15 (i3, 8GB, $450)",-0.935546875,-0.498291015625
38,"Dell Inspiron 16 (i7, 16GB, $1100)","Lenovo IdeaPad 3 (i5, 8GB, $550)",-0.8896484375,-0.5302734375
38,"Dell Inspiron 16 (i7, 16GB, $1100)","HP Pavilion 15 (Ryzen 5, 8GB, $600)",-0.88916015625,-0.52978515625
38,"Dell Inspiron 16 (i7, 16GB, $1100)","ASUS ZenBook 14 (i5, 16GB, $700)",-1.0947265625,-0.407470703125
38,"Dell Inspiron 16 (i7, 16GB, $1100)","Lenovo ThinkPad E14 (Ryzen 5, 16GB, $800)",-0.9169921875,-0.5107421875
38,"Dell Inspiron 16 (i7, 16GB, $1100)","HP Spectre x360 (Ryzen 7, 32GB, $1200)",-1.0849609375,-0.412841796875
38,"Dell Inspiron 16 (i7, 16GB, $1100)","Dell XPS 15 (i7, 32GB, $1500)",-1.0849609375,-0.41259765625
38,"Dell Inspiron 16 (i7, 16GB, $1100)","Lenovo ThinkPad X1 Carbon (Ryzen 7, 32GB, $1400)",-1.0537109375,-0.4287109375
38,"Dell Inspiron 16 (i7, 16GB, $1100)","Apple MacBook Air M3 (M3, 16GB, $1800)",-0.99365234375,-0.46240234375
38,"Dell Inspiron 16 (i7, 16GB, $1100)","Apple MacBook Pro 14-inch (M3, 32GB, $2220)",-0.9453125,-0.4921875
38,"Dell Inspiron 16 (i7, 16GB, $1100)","Apple MacBook Pro 16-inch (M3, 64GB, $2800)",-0.935546875,-0.498291015625
38,"HP Spectre x360 (Ryzen 7, 32GB, $1200)","ASUS VivoBook 15 (i3, 8GB, $450)",-0.716796875,-0.669921875
38,"HP Spectre x360 (Ryzen 7, 32GB, $1200)","Lenovo IdeaPad 3 (i5, 8GB, $550)",-0.68603515625,-0.70166015625
38,"HP Spectre x360 (Ryzen 7, 32GB, $1200)","HP Pavilion 15 (Ryzen 5, 8GB, $600)",-0.79150390625,-0.60400390625
38,"HP Spectre x360 (Ryzen 7, 32GB, $1200)","ASUS ZenBook 14 (i5, 16GB, $700)",-0.84375,-0.5625
38,"HP Spectre x360 (Ryzen 7, 32GB, $1200)","Lenovo ThinkPad E14 (Ryzen 5, 16GB, $800)",-0.76611328125,-0.62548828125
38,"HP Spectre x360 (Ryzen 7, 32GB, $1200)","Dell Inspiron 16 (i7, 16GB, $1100)",-0.826171875,-0.576171875
38,"HP Spectre x360 (Ryzen 7, 32GB, $1200)","Dell XPS 15 (i7, 32GB, $1500)",-0.87060546875,-0.54248046875
38,"HP Spectre x360 (Ryzen 7, 32GB, $1200)","Lenovo ThinkPad X1 Carbon (Ryzen 7, 32GB, $1400)",-0.90771484375,-0.51708984375
38,"HP Spectre x360 (Ryzen 7, 32GB, $1200)","Apple MacBook Air M3 (M3, 16GB, $1800)",-0.7998046875,-0.5966796875
38,"HP Spectre x360 (Ryzen 7, 32GB, $1200)","Apple MacBook Pro 14-inch (M3, 32GB, $2220)",-0.86181640625,-0.54931640625
38,"HP Spectre x360 (Ryzen 7, 32GB, $1200)","Apple MacBook Pro 16-inch (M3, 64GB, $2800)",-0.8173828125,-0.5830078125
38,"Dell XPS 15 (i7, 32GB, $1500)","ASUS VivoBook 15 (i3, 8GB, $450)",-0.8525390625,-0.5556640625
38,"Dell XPS 15 (i7, 32GB, $1500)","Lenovo IdeaPad 3 (i5, 8GB, $550)",-0.80029296875,-0.59716796875
38,"Dell XPS 15 (i7, 32GB, $1500)","HP Pavilion 15 (Ryzen 5, 8GB, $600)",-0.8173828125,-0.5830078125
38,"Dell XPS 15 (i7, 32GB, $1500)","ASUS ZenBook 14 (i5, 16GB, $700)",-0.9453125,-0.4921875
38,"Dell XPS 15 (i7, 32GB, $1500)","Lenovo ThinkPad E14 (Ryzen 5, 16GB, $800)",-0.80859375,-0.58984375
38,"Dell XPS 15 (i7, 32GB, $1500)","Dell Inspiron 16 (i7, 16GB, $1100)",-0.9169921875,-0.5107421875
38,"Dell XPS 15 (i7, 32GB, $1500)","HP Spectre x360 (Ryzen 7, 32GB, $1200)",-0.8984375,-0.5234375
38,"Dell XPS 15 (i7, 32GB, $1500)","Lenovo ThinkPad X1 Carbon (Ryzen 7, 32GB, $1400)",-0.90771484375,-0.51708984375
38,"Dell XPS 15 (i7, 32GB, $1500)","Apple MacBook Air M3 (M3, 16GB, $1800)",-0.84375,-0.5625
38,"Dell XPS 15 (i7, 32GB, $1500)","Apple MacBook Pro 14-inch (M3, 32GB, $2220)",-0.86181640625,-0.54931640625
38,"Dell XPS 15 (i7, 32GB, $1500)","Apple MacBook Pro 16-inch (M3, 64GB, $2800)",-0.8349609375,-0.5693359375
38,"Lenovo ThinkPad X1 Carbon (Ryzen 7, 32GB, $1400)","ASUS VivoBook 15 (i3, 8GB, $450)",-0.701171875,-0.685546875
38,"Lenovo ThinkPad X1 Carbon (Ryzen 7, 32GB, $1400)","Lenovo IdeaPad 3 (i5, 8GB, $550)",-0.7421875,-0.6484375
38,"Lenovo ThinkPad X1 Carbon (Ryzen 7, 32GB, $1400)","HP Pavilion 15 (Ryzen 5, 8GB, $600)",-0.708984375,-0.677734375
38,"Lenovo ThinkPad X1 Carbon (Ryzen 7, 32GB, $1400)","ASUS ZenBook 14 (i5, 16GB, $700)",-0.80859375,-0.58984375
38,"Lenovo ThinkPad X1 Carbon (Ryzen 7, 32GB, $1400)","Lenovo ThinkPad E14 (Ryzen 5, 16GB, $800)",-0.80859375,-0.58984375
38,"Lenovo ThinkPad X1 Carbon (Ryzen 7, 32GB, $1400)","Dell Inspiron 16 (i7, 16GB, $1100)",-0.76611328125,-0.62548828125
38,"Lenovo ThinkPad X1 Carbon (Ryzen 7, 32GB, $1400)","HP Spectre x360 (Ryzen 7, 32GB, $1200)",-0.84375,-0.5625
38,"Lenovo ThinkPad X1 Carbon (Ryzen 7, 32GB, $1400)","Dell XPS 15 (i7, 32GB, $1500)",-0.826171875,-0.576171875
38,"Lenovo ThinkPad X1 Carbon (Ryzen 7, 32GB, $1400)","Apple MacBook Air M3 (M3, 16GB, $1800)",-0.716796875,-0.669921875
38,"Lenovo ThinkPad X1 Carbon (Ryzen 7, 32GB, $1400)","Apple MacBook Pro 14-inch (M3, 32GB, $2220)",-0.76611328125,-0.62548828125
38,"Lenovo ThinkPad X1 Carbon (Ryzen 7, 32GB, $1400)","Apple MacBook Pro 16-inch (M3, 64GB, $2800)",-0.7412109375,-0.6474609375
38,"Apple MacBook Air M3 (M3, 16GB, $1800)","ASUS VivoBook 15 (i3, 8GB, $450)",-0.79150390625,-0.60400390625
38,"Apple MacBook Air M3 (M3, 16GB, $1800)","Lenovo IdeaPad 3 (i5, 8GB, $550)",-0.72509765625,-0.66259765625
38,"Apple MacBook Air M3 (M3, 16GB, $1800)","HP Pavilion 15 (Ryzen 5, 8GB, $600)",-0.76611328125,-0.62548828125
38,"Apple MacBook Air M3 (M3, 16GB, $1800)","ASUS ZenBook 14 (i5, 16GB, $700)",-0.9169921875,-0.5107421875
38,"Apple MacBook Air M3 (M3, 16GB, $1800)","Lenovo ThinkPad E14 (Ryzen 5, 16GB, $800)",-0.78271484375,-0.61083984375
38,"Apple MacBook Air M3 (M3, 16GB, $1800)","Dell Inspiron 16 (i7, 16GB, $1100)",-0.8349609375,-0.5693359375
38,"Apple MacBook Air M3 (M3, 16GB, $1800)","HP Spectre x360 (Ryzen 7, 32GB, $1200)",-0.8525390625,-0.5556640625
38,"Apple MacBook Air M3 (M3, 16GB, $1800)","Dell XPS 15 (i7, 32GB, $1500)",-0.8349609375,-0.5693359375
38,"Apple MacBook Air M3 (M3, 16GB, $1800)","Lenovo ThinkPad X1 Carbon (Ryzen 7, 32GB, $1400)",-0.86181640625,-0.54931640625
38,"Apple MacBook Air M3 (M3, 16GB, $1800)","Apple MacBook Pro 14-inch (M3, 32GB, $2220)",-1.0849609375,-0.41259765625
38,"Apple MacBook Air M3 (M3, 16GB, $1800)","Apple MacBook Pro 16-inch (M3, 64GB, $2800)",-1.0439453125,-0.434326171875
38,"Apple MacBook Pro 14-inch (M3, 32GB, $2220)","ASUS VivoBook 15 (i3, 8GB, $450)",-0.72509765625,-0.66259765625
38,"Apple MacBook Pro 14-inch (M3, 32GB, $2220)","Lenovo IdeaPad 3 (i5, 8GB, $550)",-0.67041015625,-0.71728515625
38,"Apple MacBook Pro 14-inch (M3, 32GB, $2220)","HP Pavilion 15 (Ryzen 5, 8GB, $600)",-0.708984375,-0.677734375
38,"Apple MacBook Pro 14-inch (M3, 32GB, $2220)","ASUS ZenBook 14 (i5, 16GB, $700)",-0.80859375,-0.58984375
38,"Apple MacBook Pro 14-inch (M3, 32GB, $2220)","Lenovo ThinkPad E14 (Ryzen 5, 16GB, $800)",-0.701171875,-0.685546875
38,"Apple MacBook Pro 14-inch (M3, 32GB, $2220)","Dell Inspiron 16 (i7, 16GB, $1100)",-0.73291015625,-0.65478515625
38,"Apple MacBook Pro 14-inch (M3, 32GB, $2220)","HP Spectre x360 (Ryzen 7, 32GB, $1200)",-0.80859375,-0.58984375
38,"Apple MacBook Pro 14-inch (M3, 32GB, $2220)","Dell XPS 15 (i7, 32GB, $1500)",-0.7744140625,-0.6181640625
38,"Apple MacBook Pro 14-inch (M3, 32GB, $2220)","Lenovo ThinkPad X1 Carbon (Ryzen 7, 32GB, $1400)",-0.80859375,-0.58984375
38,"Apple MacBook Pro 14-inch (M3, 32GB, $2220)","Apple MacBook Air M3 (M3, 16GB, $1800)",-0.9072265625,-0.5166015625
38,"Apple MacBook Pro 14-inch (M3, 32GB, $2220)","Apple MacBook Pro 16-inch (M3, 64GB, $2800)",-0.96435546875,-0.47998046875
38,"Apple MacBook Pro 16-inch (M3, 64GB, $2800)","ASUS VivoBook 15 (i3, 8GB, $450)",-0.716796875,-0.669921875
38,"Apple MacBook Pro 16-inch (M3, 64GB, $2800)","Lenovo IdeaPad 3 (i5, 8GB, $550)",-0.67822265625,-0.70947265625
38,"Apple MacBook Pro 16-inch (M3, 64GB, $2800)","HP Pavilion 15 (Ryzen 5, 8GB, $600)",-0.708984375,-0.677734375
38,"Apple MacBook Pro 16-inch (M3, 64GB, $2800)","ASUS ZenBook 14 (i5, 16GB, $700)",-0.8349609375,-0.5693359375
38,"Apple MacBook Pro 16-inch (M3, 64GB, $2800)","Lenovo ThinkPad E14 (Ryzen 5, 16GB, $800)",-0.72509765625,-0.66259765625
38,"Apple MacBook Pro 16-inch (M3, 64GB, $2800)","Dell Inspiron 16 (i7, 16GB, $1100)",-0.7412109375,-0.6474609375
38,"Apple MacBook Pro 16-inch (M3, 64GB, $2800)","HP Spectre x360 (Ryzen 7, 32GB, $1200)",-0.80859375,-0.58984375
38,"Apple MacBook Pro 16-inch (M3, 64GB, $2800)","Dell XPS 15 (i7, 32GB, $1500)",-0.7744140625,-0.6181640625
38,"Apple MacBook Pro 16-inch (M3, 64GB, $2800)","Lenovo ThinkPad X1 Carbon (Ryzen 7, 32GB, $1400)",-0.8173828125,-0.5830078125
38,"Apple MacBook Pro 16-inch (M3, 64GB, $2800)","Apple MacBook Air M3 (M3, 16GB, $1800)",-0.97412109375,-0.47412109375
38,"Apple MacBook Pro 16-inch (M3, 64GB, $2800)","Apple MacBook Pro 14-inch (M3, 32GB, $2220)",-0.96435546875,-0.47998046875
39,"ASUS VivoBook 15 (i3, 8GB, $450)","Lenovo IdeaPad 3 (i5, 8GB, $550)",-0.955078125,-0.486328125
39,"ASUS VivoBook 15 (i3, 8GB, $450)","HP Pavilion 15 (Ryzen 5, 8GB, $600)",-0.98388671875,-0.46826171875
39,"ASUS VivoBook 15 (i3, 8GB, $450)","ASUS ZenBook 14 (i5, 16GB, $700)",-1.1474609375,-0.3818359375
39,"ASUS VivoBook 15 (i3, 8GB, $450)","Lenovo ThinkPad E14 (Ryzen 5, 16GB, $800)",-0.95458984375,-0.486083984375
39,"ASUS VivoBook 15 (i3, 8GB, $450)","Dell Inspiron 16 (i7, 16GB, $1100)",-0.98388671875,-0.46826171875
39,"ASUS VivoBook 15 (i3, 8GB, $450)","HP Spectre x360 (Ryzen 7, 32GB, $1200)",-0.98388671875,-0.46826171875
39,"ASUS VivoBook 15 (i3, 8GB, $450)","Dell XPS 15 (i7, 32GB, $1500)",-0.96435546875,-0.47998046875
39,"ASUS VivoBook 15 (i3, 8GB, $450)","Lenovo ThinkPad X1 Carbon (Ryzen 7, 32GB, $1400)",-0.95458984375,-0.486083984375
39,"ASUS VivoBook 15 (i3, 8GB, $450)","Apple MacBook Air M3 (M3, 16GB, $1800)",-0.87060546875,-0.54248046875
39,"ASUS VivoBook 15 (i3, 8GB, $450)","Apple MacBook Pro 14-inch (M3, 32GB, $2220)",-0.89794921875,-0.52294921875
39,"ASUS VivoBook 15 (i3, 8GB, $450)","Apple MacBook Pro 16-inch (M3, 64GB, $2800)",-0.888671875,-0.529296875
39,"Lenovo IdeaPad 3 (i5, 8GB, $550)","ASUS VivoBook 15 (i3, 8GB, $450)",-1.0439453125,-0.4345703125
39,"Lenovo IdeaPad 3 (i5, 8GB, $550)","HP Pavilion 15 (Ryzen 5, 8GB, $600)",-0.974609375,-0.474365234375
39,"Lenovo IdeaPad 3 (i5, 8GB, $550)","ASUS ZenBook 14 (i5, 16GB, $700)",-1.13671875,-0.38720703125
39,"Lenovo IdeaPad 3 (i5, 8GB, $550)","Lenovo ThinkPad E14 (Ryzen 5, 16GB, $800)",-1.07421875,-0.41845703125
39,"Lenovo IdeaPad 3 (i5, 8GB, $550)","Dell Inspiron 16 (i7, 16GB, $1100)",-1.013671875,-0.451171875
39,"Lenovo IdeaPad 3 (i5, 8GB, $550)","HP Spectre x360 (Ryzen 7, 32GB, $1200)",-0.994140625,-0.462890625
39,"Lenovo IdeaPad 3 (i5, 8GB, $550)","Dell XPS 15 (i7, 32GB, $1500)",-1.013671875,-0.451416015625
39,"Lenovo IdeaPad 3 (i5, 8GB, $550)","Lenovo ThinkPad X1 Carbon (Ryzen 7, 32GB, $1400)",-1.07421875,-0.41845703125
39,"Lenovo IdeaPad 3 (i5, 8GB, $550)","Apple MacBook Air M3 (M3, 16GB, $1800)",-0.8984375,-0.5234375
39,"Lenovo IdeaPad 3 (i5, 8GB, $550)","Apple MacBook Pro 14-inch (M3, 32GB, $2220)",-0.9169921875,-0.5107421875
39,"Lenovo IdeaPad 3 (i5, 8GB, $550)","Apple MacBook Pro 16-inch (M3, 64GB, $2800)",-0.88916015625,-0.52978515625
39,"HP Pavilion 15 (Ryzen 5, 8GB, $600)","ASUS VivoBook 15 (i3, 8GB, $450)",-1.0234375,-0.4453125
39,"HP Pavilion 15 (Ryzen 5, 8GB, $600)","Lenovo IdeaPad 3 (i5, 8GB, $550)",-0.9658203125,-0.481201171875
39,"HP Pavilion 15 (Ryzen 5, 8GB, $600)","ASUS ZenBook 14 (i5, 16GB, $700)",-1.1796875,-0.3671875
39,"HP Pavilion 15 (Ryzen 5, 8GB, $600)","Lenovo ThinkPad E14 (Ryzen 5, 16GB, $800)",-0.96435546875,-0.47998046875
39,"HP Pavilion 15 (Ryzen 5, 8GB, $600)","Dell Inspiron 16 (i7, 16GB, $1100)",-0.98388671875,-0.46826171875
39,"HP Pavilion 15 (Ryzen 5, 8GB, $600)","HP Spectre x360 (Ryzen 7, 32GB, $1200)",-1.1904296875,-0.362548828125
39,"HP Pavilion 15 (Ryzen 5, 8GB, $600)","Dell XPS 15 (i7, 32GB, $1500)",-0.95458984375,-0.486083984375
39,"HP Pavilion 15 (Ryzen 5, 8GB, $600)","Lenovo ThinkPad X1 Carbon (Ryzen 7, 32GB, $1400)",-1.00390625,-0.456787109375
39,"HP Pavilion 15 (Ryzen 5, 8GB, $600)","Apple MacBook Air M3 (M3, 16GB, $1800)",-0.9072265625,-0.5166015625
39,"HP Pavilion 15 (Ryzen 5, 8GB, $600)","Apple MacBook Pro 14-inch (M3, 32GB, $2220)",-0.87060546875,-0.54248046875
39,"HP Pavilion 15 (Ryzen 5, 8GB, $600)","Apple MacBook Pro 16-inch (M3, 64GB, $2800)",-0.8525390625,-0.5556640625
39,"ASUS ZenBook 14 (i5, 16GB, $700)","ASUS VivoBook 15 (i3, 8GB, $450)",-0.97412109375,-0.47412109375
39,"ASUS ZenBook 14 (i5, 16GB, $700)","Lenovo IdeaPad 3 (i5, 8GB, $550)",-0.908203125,-0.517578125
39,"ASUS ZenBook 14 (i5, 16GB, $700)","HP Pavilion 15 (Ryzen 5, 8GB, $600)",-0.98388671875,-0.46826171875
39,"ASUS ZenBook 14 (i5, 16GB, $700)","Lenovo ThinkPad E14 (Ryzen 5, 16GB, $800)",-0.98388671875,-0.46826171875
39,"ASUS ZenBook 14 (i5, 16GB, $700)","Dell Inspiron 16 (i7, 16GB, $1100)",-1.013671875,-0.450927734375
39,"ASUS ZenBook 14 (i5, 16GB, $700)","HP Spectre x360 (Ryzen 7, 32GB, $1200)",-1.07421875,-0.41796875
39,"ASUS ZenBook 14 (i5, 16GB, $700)","Dell XPS 15 (i7, 32GB, $1500)",-0.99365234375,-0.46240234375
39,"ASUS ZenBook 14 (i5, 16GB, $700)","Lenovo ThinkPad X1 Carbon (Ryzen 7, 32GB, $1400)",-0.98388671875,-0.46826171875
39,"ASUS ZenBook 14 (i5, 16GB, $700)","Apple MacBook Air M3 (M3, 16GB, $1800)",-0.92626953125,-0.50439453125
39,"ASUS ZenBook 14 (i5, 16GB, $700)","Apple MacBook Pro 14-inch (M3, 32GB, $2220)",-0.89794921875,-0.52294921875
39,"ASUS ZenBook 14 (i5, 16GB, $700)","Apple MacBook Pro 16-inch (M3, 64GB, $2800)",-0.8798828125,-0.5361328125
39,"Lenovo ThinkPad E14 (Ryzen 5, 16GB, $800)","ASUS VivoBook 15 (i3, 8GB, $450)",-0.86181640625,-0.54931640625
39,"Lenovo ThinkPad E14 (Ryzen 5, 16GB, $800)","Lenovo IdeaPad 3 (i5, 8GB, $550)",-0.90966796875,-0.51904296875
39,"Lenovo ThinkPad E14 (Ryzen 5, 16GB, $800)","HP Pavilion 15 (Ryzen 5, 8GB, $600)",-0.826171875,-0.576171875
39,"Lenovo ThinkPad E14 (Ryzen 5, 16GB, $800)","ASUS ZenBook 14 (i5, 16GB, $700)",-1.013671875,-0.450927734375
39,"Lenovo ThinkPad E14 (Ryzen 5, 16GB, $800)","Dell Inspiron 16 (i7, 16GB, $1100)",-0.88916015625,-0.52978515625
39,"Lenovo ThinkPad E14 (Ryzen 5, 16GB, $800)","HP Spectre x360 (Ryzen 7, 32GB, $1200)",-0.9453125,-0.4921875
39,"Lenovo ThinkPad E14 (Ryzen 5, 16GB, $800)","Dell XPS 15 (i7, 32GB, $1500)",-0.86181640625,-0.54931640625
39,"Lenovo ThinkPad E14 (Ryzen 5, 16GB, $800)","Lenovo ThinkPad X1 Carbon (Ryzen 7, 32GB, $1400)",-0.96435546875,-0.47998046875
39,"Lenovo ThinkPad E14 (Ryzen 5, 16GB, $800)","Apple MacBook Air M3 (M3, 16GB, $1800)",-0.7744140625,-0.6181640625
39,"Lenovo ThinkPad E14 (Ryzen 5, 16GB, $800)","Apple MacBook Pro 14-inch (M3, 32GB, $2220)",-0.73291015625,-0.65478515625
39,"Lenovo ThinkPad E14 (Ryzen 5, 16GB, $800)","Apple MacBook Pro 16-inch (M3, 64GB, $2800)",-0.72509765625,-0.66259765625
39,"Dell Inspiron 16 (i7, 16GB, $1100)","ASUS VivoBook 15 (i3, 8GB, $450)",-1.033203125,-0.439697265625
39,"Dell Inspiron 16 (i7, 16GB, $1100)","Lenovo IdeaPad 3 (i5, 8GB, $550)",-0.96533203125,-0.480712890625
39,"Dell Inspiron 16 (i7, 16GB, $1100)","HP Pavilion 15 (Ryzen 5, 8GB, $600)",-0.9453125,-0.4921875
39,"Dell Inspiron 16 (i7, 16GB, $1100)","ASUS ZenBook 14 (i5, 16GB, $700)",-1.201171875,-0.357666015625
39,"Dell Inspiron 16 (i7, 16GB, $1100)","Lenovo ThinkPad E14 (Ryzen 5, 16GB, $800)",-0.96435546875,-0.47998046875
39,"Dell Inspiron 16 (i7, 16GB, $1100)","HP Spectre x360 (Ryzen 7, 32GB, $1200)",-1.1259765625,-0.39208984375
39,"Dell Inspiron 16 (i7, 16GB, $1100)","Dell XPS 15 (i7, 32GB, $1500)",-1.13671875,-0.386962890625
39,"Dell Inspiron 16 (i7, 16GB, $1100)","Lenovo ThinkPad X1 Carbon (Ryzen 7, 32GB, $1400)",-1.0439453125,-0.434326171875
39,"Dell Inspiron 16 (i7, 16GB, $1100)","Apple MacBook Air M3 (M3, 16GB, $1800)",-1.013671875,-0.450927734375
39,"Dell Inspiron 16 (i7, 16GB, $1100)","Apple MacBook Pro 14-inch (M3, 32GB, $2220)",-0.935546875,-0.498046875
39,"Dell Inspiron 16 (i7, 16GB, $1100)","Apple MacBook Pro 16-inch (M3, 64GB, $2800)",-0.9169921875,-0.5107421875
39,"HP Spectre x360 (Ryzen 7, 32GB, $1200)","ASUS VivoBook 15 (i3, 8GB, $450)",-0.8173828125,-0.5830078125
39,"HP Spectre x360 (Ryzen 7, 32GB, $1200)","Lenovo IdeaPad 3 (i5, 8GB, $550)",-0.775390625,-0.619140625
39,"HP Spectre x360 (Ryzen 7, 32GB, $1200)","HP Pavilion 15 (Ryzen 5, 8GB, $600)",-0.86181640625,-0.54931640625
39,"HP Spectre x360 (Ryzen 7, 32GB, $1200)","ASUS ZenBook 14 (i5, 16GB, $700)",-0.92626953125,-0.50439453125
39,"HP Spectre x360 (Ryzen 7, 32GB, $1200)","Lenovo ThinkPad E14 (Ryzen 5, 16GB, $800)",-0.86181640625,-0.54931640625
39,"HP Spectre x360 (Ryzen 7, 32GB, $1200)","Dell Inspiron 16 (i7, 16GB, $1100)",-0.92626953125,-0.50439453125
39,"HP Spectre x360 (Ryzen 7, 32GB, $1200)","Dell XPS 15 (i7, 32GB, $1500)",-0.96435546875,-0.480224609375
39,"HP Spectre x360 (Ryzen 7, 32GB, $1200)","Lenovo ThinkPad X1 Carbon (Ryzen 7, 32GB, $1400)",-0.98388671875,-0.46826171875
39,"HP Spectre x360 (Ryzen 7, 32GB, $1200)","Apple MacBook Air M3 (M3, 16GB, $1800)",-0.84375,-0.5625
39,"HP Spectre x360 (Ryzen 7, 32GB, $1200)","Apple MacBook Pro 14-inch (M3, 32GB, $2220)",-0.88916015625,-0.52978515625
39,"HP Spectre x360 (Ryzen 7, 32GB, $1200)","Apple MacBook Pro 16-inch (M3, 64GB, $2800)",-0.8525390625,-0.5556640625
39,"Dell XPS 15 (i7, 32GB, $1500)","ASUS VivoBook 15 (i3, 8GB, $450)",-0.9453125,-0.491943359375
39,"Dell XPS 15 (i7, 32GB, $1500)","Lenovo IdeaPad 3 (i5, 8GB, $550)",-0.87109375,-0.54296875
39,"Dell XPS 15 (i7, 32GB, $1500)","HP Pavilion 15 (Ryzen 5, 8GB, $600)",-0.87060546875,-0.54248046875
39,"Dell XPS 15 (i7, 32GB, $1500)","ASUS ZenBook 14 (i5, 16GB, $700)",-1.0537109375,-0.4287109375
39,"Dell XPS 15 (i7, 32GB, $1500)","Lenovo ThinkPad E14 (Ryzen 5, 16GB, $800)",-0.86181640625,-0.54931640625
39,"Dell XPS 15 (i7, 32GB, $1500)","Dell Inspiron 16 (i7, 16GB, $1100)",-1.00390625,-0.45654296875
39,"Dell XPS 15 (i7, 32GB, $1500)","HP Spectre x360 (Ryzen 7, 32GB, $1200)",-0.96435546875,-0.47998046875
39,"Dell XPS 15 (i7, 32GB, $1500)","Lenovo ThinkPad X1 Carbon (Ryzen 7, 32GB, $1400)",-0.9453125,-0.4921875
39,"Dell XPS 15 (i7, 32GB, $1500)","Apple MacBook Air M3 (M3, 16GB, $1800)",-0.89794921875,-0.52294921875
39,"Dell XPS 15 (i7, 32GB, $1500)","Apple MacBook Pro 14-inch (M3, 32GB, $2220)",-0.8798828125,-0.5361328125
39,"Dell XPS 15 (i7, 32GB, $1500)","Apple MacBook Pro 16-inch (M3, 64GB, $2800)",-0.8525390625,-0.5556640625
39,"Lenovo ThinkPad X1 Carbon (Ryzen 7, 32GB, $1400)","ASUS VivoBook 15 (i3, 8GB, $450)",-0.7578125,-0.6328125
39,"Lenovo ThinkPad X1 Carbon (Ryzen 7, 32GB, $1400)","Lenovo IdeaPad 3 (i5, 8GB, $550)",-0.78369140625,-0.61181640625
39,"Lenovo ThinkPad X1 Carbon (Ryzen 7, 32GB, $1400)","HP Pavilion 15 (Ryzen 5, 8GB, $600)",-0.7412109375,-0.6474609375
39,"Lenovo ThinkPad X1 Carbon (Ryzen 7, 32GB, $1400)","ASUS ZenBook 14 (i5, 16GB, $700)",-0.8349609375,-0.5693359375
39,"Lenovo ThinkPad X1 Carbon (Ryzen 7, 32GB, $1400)","Lenovo ThinkPad E14 (Ryzen 5, 16GB, $800)",-0.8349609375,-0.5693359375
39,"Lenovo ThinkPad X1 Carbon (Ryzen 7, 32GB, $1400)","Dell Inspiron 16 (i7, 16GB, $1100)",-0.80859375,-0.58984375
39,"Lenovo ThinkPad X1 Carbon (Ryzen 7, 32GB, $1400)","HP Spectre x360 (Ryzen 7, 32GB, $1200)",-0.8798828125,-0.5361328125
39,"Lenovo ThinkPad X1 Carbon (Ryzen 7, 32GB, $1400)","Dell XPS 15 (i7, 32GB, $1500)",-0.8525390625,-0.5556640625
39,"Lenovo ThinkPad X1 Carbon (Ryzen 7, 32GB, $1400)","Apple MacBook Air M3 (M3, 16GB, $1800)",-0.701171875,-0.685546875
39,"Lenovo ThinkPad X1 Carbon (Ryzen 7, 32GB, $1400)","Apple MacBook Pro 14-inch (M3, 32GB, $2220)",-0.73291015625,-0.65478515625
39,"Lenovo ThinkPad X1 Carbon (Ryzen 7, 32GB, $1400)","Apple MacBook Pro 16-inch (M3, 64GB, $2800)",-0.708984375,-0.677734375
39,"Apple MacBook Air M3 (M3, 16GB, $1800)","ASUS VivoBook 15 (i3, 8GB, $450)",-0.8173828125,-0.5830078125
39,"Apple MacBook Air M3 (M3, 16GB, $1800)","Lenovo IdeaPad 3 (i5, 8GB, $550)",-0.74951171875,-0.64013671875
39,"Apple MacBook Air M3 (M3, 16GB, $1800)","HP Pavilion 15 (Ryzen 5, 8GB, $600)",-0.7744140625,-0.6181640625
39,"Apple MacBook Air M3 (M3, 16GB, $1800)","ASUS ZenBook 14 (i5, 16GB, $700)",-0.9453125,-0.4921875
39,"Apple MacBook Air M3 (M3, 16GB, $1800)","Lenovo ThinkPad E14 (Ryzen 5, 16GB, $800)",-0.80859375,-0.58984375
39,"Apple MacBook Air M3 (M3, 16GB, $1800)","Dell Inspiron 16 (i7, 16GB, $1100)",-0.8798828125,-0.5361328125
39,"Apple MacBook Air M3 (M3, 16GB, $1800)","HP Spectre x360 (Ryzen 7, 32GB, $1200)",-0.8525390625,-0.5556640625
39,"Apple MacBook Air M3 (M3, 16GB, $1800)","Dell XPS 15 (i7, 32GB, $1500)",-0.86181640625,-0.54931640625
39,"Apple MacBook Air M3 (M3, 16GB, $1800)","Lenovo ThinkPad X1 Carbon (Ryzen 7, 32GB, $1400)",-0.86181640625,-0.54931640625
39,"Apple MacBook Air M3 (M3, 16GB, $1800)","Apple MacBook Pro 14-inch (M3, 32GB, $2220)",-1.013671875,-0.450927734375
39,"Apple MacBook Air M3 (M3, 16GB, $1800)","Apple MacBook Pro 16-inch (M3, 64GB, $2800)",-0.98388671875,-0.46826171875
39,"Apple MacBook Pro 14-inch (M3, 32GB, $2220)","ASUS VivoBook 15 (i3, 8GB, $450)",-0.74951171875,-0.64013671875
39,"Apple MacBook Pro 14-inch (M3, 32GB, $2220)","Lenovo IdeaPad 3 (i5, 8GB, $550)",-0.70947265625,-0.67822265625
39,"Apple MacBook Pro 14-inch (M3, 32GB, $2220)","HP Pavilion 15 (Ryzen 5, 8GB, $600)",-0.716796875,-0.669921875
39,"Apple MacBook Pro 14-inch (M3, 32GB, $2220)","ASUS ZenBook 14 (i5, 16GB, $700)",-0.8525390625,-0.5556640625
39,"Apple MacBook Pro 14-inch (M3, 32GB, $2220)","Lenovo ThinkPad E14 (Ryzen 5, 16GB, $800)",-0.716796875,-0.669921875
39,"Apple MacBook Pro 14-inch (M3, 32GB, $2220)","Dell Inspiron 16 (i7, 16GB, $1100)",-0.76611328125,-0.62548828125
39,"Apple MacBook Pro 14-inch (M3, 32GB, $2220)","HP Spectre x360 (Ryzen 7, 32GB, $1200)",-0.8349609375,-0.5693359375
39,"Apple MacBook Pro 14-inch (M3, 32GB, $2220)","Dell XPS 15 (i7, 32GB, $1500)",-0.7998046875,-0.5966796875
39,"Apple MacBook Pro 14-inch (M3, 32GB, $2220)","Lenovo ThinkPad X1 Carbon (Ryzen 7, 32GB, $1400)",-0.826171875,-0.576171875
39,"Apple MacBook Pro 14-inch (M3, 32GB, $2220)","Apple MacBook Air M3 (M3, 16GB, $1800)",-0.888671875,-0.529296875
39,"Apple MacBook Pro 14-inch (M3, 32GB, $2220)","Apple MacBook Pro 16-inch (M3, 64GB, $2800)",-0.8525390625,-0.5556640625
39,"Apple MacBook Pro 16-inch (M3, 64GB, $2800)","ASUS VivoBook 15 (i3, 8GB, $450)",-0.76611328125,-0.62548828125
39,"Apple MacBook Pro 16-inch (M3, 64GB, $2800)","Lenovo IdeaPad 3 (i5, 8GB, $550)",-0.7333984375,-0.6552734375
39,"Apple MacBook Pro 16-inch (M3, 64GB, $2800)","HP Pavilion 15 (Ryzen 5, 8GB, $600)",-0.716796875,-0.669921875
39,"Apple MacBook Pro 16-inch (M3, 64GB, $2800)","ASUS ZenBook 14 (i5, 16GB, $700)",-0.89794921875,-0.52294921875
39,"Apple MacBook Pro 16-inch (M3, 64GB, $2800)","Lenovo ThinkPad E14 (Ryzen 5, 16GB, $800)",-0.74951171875,-0.64013671875
39,"Apple MacBook Pro 16-inch (M3, 64GB, $2800)","Dell Inspiron 16 (i7, 16GB, $1100)",-0.7998046875,-0.5966796875
39,"Apple MacBook Pro 16-inch (M3, 64GB, $2800)","HP Spectre x360 (Ryzen 7, 32GB, $1200)",-0.8525390625,-0.5556640625
39,"Apple MacBook Pro 16-inch (M3, 64GB, $2800)","Dell XPS 15 (i7, 32GB, $1500)",-0.7998046875,-0.5966796875
39,"Apple MacBook Pro 16-inch (M3, 64GB, $2800)","Lenovo ThinkPad X1 Carbon (Ryzen 7, 32GB, $1400)",-0.84375,-0.5625
39,"Apple MacBook Pro 16-inch (M3, 64GB, $2800)","Apple MacBook Air M3 (M3, 16GB, $1800)",-0.98388671875,-0.46826171875
39,"Apple MacBook Pro 16-inch (M3, 64GB, $2800)","Apple MacBook Pro 14-inch (M3, 32GB, $2220)",-0.87060546875,-0.54248046875
40,"ASUS VivoBook 15 (i3, 8GB, $450)","Lenovo IdeaPad 3 (i5, 8GB, $550)",-1.1162109375,-0.397705078125
40,"ASUS VivoBook 15 (i3, 8GB, $450)","HP Pavilion 15 (Ryzen 5, 8GB, $600)",-1.158203125,-0.376953125
40,"ASUS VivoBook 15 (i3, 8GB, $450)","ASUS ZenBook 14 (i5, 16GB, $700)",-1.41796875,-0.27734375
40,"ASUS VivoBook 15 (i3, 8GB, $450)","Lenovo ThinkPad E14 (Ryzen 5, 16GB, $800)",-1.1474609375,-0.3818359375
40,"ASUS VivoBook 15 (i3, 8GB, $450)","Dell Inspiron 16 (i7, 16GB, $1100)",-1.1689453125,-0.3720703125
40,"ASUS VivoBook 15 (i3, 8GB, $450)","HP Spectre x360 (Ryzen 7, 32GB, $1200)",-1.3134765625,-0.313232421875
40,"ASUS VivoBook 15 (i3, 8GB, $450)","Dell XPS 15 (i7, 32GB, $1500)",-1.1689453125,-0.3720703125
40,"ASUS VivoBook 15 (i3, 8GB, $450)","Lenovo ThinkPad X1 Carbon (Ryzen 7, 32GB, $1400)",-1.1796875,-0.3671875
40,"ASUS VivoBook 15 (i3, 8GB, $450)","Apple MacBook Air M3 (M3, 16GB, $1800)",-1.0537109375,-0.4287109375
40,"ASUS VivoBook 15 (i3, 8GB, $450)","Apple MacBook Pro 14-inch (M3, 32GB, $2220)",-1.0947265625,-0.407470703125
40,"ASUS VivoBook 15 (i3, 8GB, $450)","Apple MacBook Pro 16-inch (M3, 64GB, $2800)",-1.0634765625,-0.42333984375
40,"Lenovo IdeaPad 3 (i5, 8GB, $550)","ASUS VivoBook 15 (i3, 8GB, $450)",-1.279296875,-0.326416015625
40,"Lenovo IdeaPad 3 (i5, 8GB, $550)","HP Pavilion 15 (Ryzen 5, 8GB, $600)",-1.169921875,-0.37255859375
40,"Lenovo IdeaPad 3 (i5, 8GB, $550)","ASUS ZenBook 14 (i5, 16GB, $700)",-1.478515625,-0.25927734375
40,"Lenovo IdeaPad 3 (i5, 8GB, $550)","Lenovo ThinkPad E14 (Ryzen 5, 16GB, $800)",-1.314453125,-0.314453125
40,"Lenovo IdeaPad 3 (i5, 8GB, $550)","Dell Inspiron 16 (i7, 16GB, $1100)",-1.24609375,-0.33984375
40,"Lenovo IdeaPad 3 (i5, 8GB, $550)","HP Spectre x360 (Ryzen 7, 32GB, $1200)",-1.337890625,-0.306396484375
40,"Lenovo IdeaPad 3 (i5, 8GB, $550)","Dell XPS 15 (i7, 32GB, $1500)",-1.2802734375,-0.326904296875
40,"Lenovo IdeaPad 3 (i5, 8GB, $550)","Lenovo ThinkPad X1 Carbon (Ryzen 7, 32GB, $1400)",-1.3720703125,-0.2939453125
40,"Lenovo IdeaPad 3 (i5, 8GB, $550)","Apple MacBook Air M3 (M3, 16GB, $1800)",-1.126953125,-0.392578125
40,"Lenovo IdeaPad 3 (i5, 8GB, $550)","Apple MacBook Pro 14-inch (M3, 32GB, $2220)",-1.126953125,-0.392333984375
40,"Lenovo IdeaPad 3 (i5, 8GB, $550)","Apple MacBook Pro 16-inch (M3, 64GB, $2800)",-1.10546875,-0.402587890625
40,"HP Pavilion 15 (Ryzen 5, 8GB, $600)","ASUS VivoBook 15 (i3, 8GB, $450)",-1.279296875,-0.326171875
40,"HP Pavilion 15 (Ryzen 5, 8GB, $600)","Lenovo IdeaPad 3 (i5, 8GB, $550)",-1.240234375,-0.349609375
40,"HP Pavilion 15 (Ryzen 5, 8GB, $600)","ASUS ZenBook 14 (i5, 16GB, $700)",-1.587890625,-0.2286376953125
40,"HP Pavilion 15 (Ryzen 5, 8GB, $600)","Lenovo ThinkPad E14 (Ryzen 5, 16GB, $800)",-1.2236328125,-0.3486328125
40,"HP Pavilion 15 (Ryzen 5, 8GB, $600)","Dell Inspiron 16 (i7, 16GB, $1100)",-1.2568359375,-0.3349609375
40,"HP Pavilion 15 (Ryzen 5, 8GB, $600)","HP Spectre x360 (Ryzen 7, 32GB, $1200)",-1.6005859375,-0.2259521484375
40,"HP Pavilion 15 (Ryzen 5, 8GB, $600)","Dell XPS 15 (i7, 32GB, $1500)",-1.267578125,-0.33056640625
40,"HP Pavilion 15 (Ryzen 5, 8GB, $600)","Lenovo ThinkPad X1 Carbon (Ryzen 7, 32GB, $1400)",-1.3017578125,-0.317626953125
40,"HP Pavilion 15 (Ryzen 5, 8GB, $600)","Apple MacBook Air M3 (M3, 16GB, $1800)",-1.201171875,-0.357666015625
40,"HP Pavilion 15 (Ryzen 5, 8GB, $600)","Apple MacBook Pro 14-inch (M3, 32GB, $2220)",-1.1796875,-0.3671875
40,"HP Pavilion 15 (Ryzen 5, 8GB, $600)","Apple MacBook Pro 16-inch (M3, 64GB, $2800)",-1.158203125,-0.376953125
40,"ASUS ZenBook 14 (i5, 16GB, $700)","ASUS VivoBook 15 (i3, 8GB, $450)",-1.0947265625,-0.407470703125
40,"ASUS ZenBook 14 (i5, 16GB, $700)","Lenovo IdeaPad 3 (i5, 8GB, $550)",-1.0556640625,-0.4306640625
40,"ASUS ZenBook 14 (i5, 16GB, $700)","HP Pavilion 15 (Ryzen 5, 8GB, $600)",-1.1474609375,-0.3818359375
40,"ASUS ZenBook 14 (i5, 16GB, $700)","Lenovo ThinkPad E14 (Ryzen 5, 16GB, $800)",-1.201171875,-0.35791015625
40,"ASUS ZenBook 14 (i5, 16GB, $700)","Dell Inspiron 16 (i7, 16GB, $1100)",-1.1904296875,-0.362548828125
40,"ASUS ZenBook 14 (i5, 16GB, $700)","HP Spectre x360 (Ryzen 7, 32GB, $1200)",-1.39453125,-0.28515625
40,"ASUS ZenBook 14 (i5, 16GB, $700)","Dell XPS 15 (i7, 32GB, $1500)",-1.201171875,-0.357666015625
40,"ASUS ZenBook 14 (i5, 16GB, $700)","Lenovo ThinkPad X1 Carbon (Ryzen 7, 32GB, $1400)",-1.2236328125,-0.348388671875
40,"ASUS ZenBook 14 (i5, 16GB, $700)","Apple MacBook Air M3 (M3, 16GB, $1800)",-1.1259765625,-0.391845703125
40,"ASUS ZenBook 14 (i5, 16GB, $700)","Apple MacBook Pro 14-inch (M3, 32GB, $2220)",-1.1162109375,-0.39697265625
40,"ASUS ZenBook 14 (i5, 16GB, $700)","Apple MacBook Pro 16-inch (M3, 64GB, $2800)",-1.0849609375,-0.41259765625
40,"Lenovo ThinkPad E14 (Ryzen 5, 16GB, $800)","ASUS VivoBook 15 (i3, 8GB, $450)",-0.99365234375,-0.46240234375
40,"Lenovo ThinkPad E14 (Ryzen 5, 16GB, $800)","Lenovo IdeaPad 3 (i5, 8GB, $550)",-1.0322265625,-0.45458984375
40,"Lenovo ThinkPad E14 (Ryzen 5, 16GB, $800)","HP Pavilion 15 (Ryzen 5, 8GB, $600)",-0.95458984375,-0.486083984375
40,"Lenovo ThinkPad E14 (Ryzen 5, 16GB, $800)","ASUS ZenBook 14 (i5, 16GB, $700)",-1.267578125,-0.33056640625
40,"Lenovo ThinkPad E14 (Ryzen 5, 16GB, $800)","Dell Inspiron 16 (i7, 16GB, $1100)",-1.0634765625,-0.42333984375
40,"Lenovo ThinkPad E14 (Ryzen 5, 16GB, $800)","HP Spectre x360 (Ryzen 7, 32GB, $1200)",-1.1904296875,-0.36279296875
40,"Lenovo ThinkPad E14 (Ryzen 5, 16GB, $800)","Dell XPS 15 (i7, 32GB, $1500)",-1.07421875,-0.41796875
40,"Lenovo ThinkPad E14 (Ryzen 5, 16GB, $800)","Lenovo ThinkPad X1 Carbon (Ryzen 7, 32GB, $1400)",-1.0849609375,-0.41259765625
40,"Lenovo ThinkPad E14 (Ryzen 5, 16GB, $800)","Apple MacBook Air M3 (M3, 16GB, $1800)",-0.97412109375,-0.47412109375
40,"Lenovo ThinkPad E14 (Ryzen 5, 16GB, $800)","Apple MacBook Pro 14-inch (M3, 32GB, $2220)",-0.9169921875,-0.5107421875
40,"Lenovo ThinkPad E14 (Ryzen 5, 16GB, $800)","Apple MacBook Pro 16-inch (M3, 64GB, $2800)",-0.89794921875,-0.52294921875
40,"Dell Inspiron 16 (i7, 16GB, $1100)","ASUS VivoBook 15 (i3, 8GB, $450)",-1.201171875,-0.357666015625
40,"Dell Inspiron 16 (i7, 16GB, $1100)","Lenovo IdeaPad 3 (i5, 8GB, $550)",-1.119140625,-0.400634765625
40,"Dell Inspiron 16 (i7, 16GB, $1100)","HP Pavilion 15 (Ryzen 5, 8GB, $600)",-1.1162109375,-0.39697265625
40,"Dell Inspiron 16 (i7, 16GB, $1100)","ASUS ZenBook 14 (i5, 16GB, $700)",-1.501953125,-0.251953125
40,"Dell Inspiron 16 (i7, 16GB, $1100)","Lenovo ThinkPad E14 (Ryzen 5, 16GB, $800)",-1.1689453125,-0.3720703125
40,"Dell Inspiron 16 (i7, 16GB, $1100)","HP Spectre x360 (Ryzen 7, 32GB, $1200)",-1.4775390625,-0.25927734375
40,"Dell Inspiron 16 (i7, 16GB, $1100)","Dell XPS 15 (i7, 32GB, $1500)",-1.39453125,-0.28515625
40,"Dell Inspiron 16 (i7, 16GB, $1100)","Lenovo ThinkPad X1 Carbon (Ryzen 7, 32GB, $1400)",-1.3134765625,-0.313232421875
40,"Dell Inspiron 16 (i7, 16GB, $1100)","Apple MacBook Air M3 (M3, 16GB, $1800)",-1.291015625,-0.32177734375
40,"Dell Inspiron 16 (i7, 16GB, $1100)","Apple MacBook Pro 14-inch (M3, 32GB, $2220)",-1.201171875,-0.357666015625
40,"Dell Inspiron 16 (i7, 16GB, $1100)","Apple MacBook Pro 16-inch (M3, 64GB, $2800)",-1.1904296875,-0.362548828125
40,"HP Spectre x360 (Ryzen 7, 32GB, $1200)","ASUS VivoBook 15 (i3, 8GB, $450)",-0.96435546875,-0.480224609375
40,"HP Spectre x360 (Ryzen 7, 32GB, $1200)","Lenovo IdeaPad 3 (i5, 8GB, $550)",-0.939453125,-0.501953125
40,"HP Spectre x360 (Ryzen 7, 32GB, $1200)","HP Pavilion 15 (Ryzen 5, 8GB, $600)",-0.97412109375,-0.474365234375
40,"HP Spectre x360 (Ryzen 7, 32GB, $1200)","ASUS ZenBook 14 (i5, 16GB, $700)",-1.158203125,-0.376953125
40,"HP Spectre x360 (Ryzen 7, 32GB, $1200)","Lenovo ThinkPad E14 (Ryzen 5, 16GB, $800)",-0.994140625,-0.462646484375
40,"HP Spectre x360 (Ryzen 7, 32GB, $1200)","Dell Inspiron 16 (i7, 16GB, $1100)",-1.0849609375,-0.412841796875
40,"HP Spectre x360 (Ryzen 7, 32GB, $1200)","Dell XPS 15 (i7, 32GB, $1500)",-1.1689453125,-0.372314453125
40,"HP Spectre x360 (Ryzen 7, 32GB, $1200)","Lenovo ThinkPad X1 Carbon (Ryzen 7, 32GB, $1400)",-1.1904296875,-0.362548828125
40,"HP Spectre x360 (Ryzen 7, 32GB, $1200)","Apple MacBook Air M3 (M3, 16GB, $1800)",-1.0849609375,-0.412841796875
40,"HP Spectre x360 (Ryzen 7, 32GB, $1200)","Apple MacBook Pro 14-inch (M3, 32GB, $2220)",-1.1796875,-0.367431640625
40,"HP Spectre x360 (Ryzen 7, 32GB, $1200)","Apple MacBook Pro 16-inch (M3, 64GB, $2800)",-1.10546875,-0.40234375
40,"Dell XPS 15 (i7, 32GB, $1500)","ASUS VivoBook 15 (i3, 8GB, $450)",-1.0947265625,-0.407470703125
40,"Dell XPS 15 (i7, 32GB, $1500)","Lenovo IdeaPad 3 (i5, 8GB, $550)",-1.005859375,-0.458740234375
40,"Dell XPS 15 (i7, 32GB, $1500)","HP Pavilion 15 (Ryzen 5, 8GB, $600)",-1.013671875,-0.450927734375
40,"Dell XPS 15 (i7, 32GB, $1500)","ASUS ZenBook 14 (i5, 16GB, $700)",-1.279296875,-0.326171875
40,"Dell XPS 15 (i7, 32GB, $1500)","Lenovo ThinkPad E14 (Ryzen 5, 16GB, $800)",-1.013671875,-0.451171875
40,"Dell XPS 15 (i7, 32GB, $1500)","Dell Inspiron 16 (i7, 16GB, $1100)",-1.1474609375,-0.3818359375
40,"Dell XPS 15 (i7, 32GB, $1500)","HP Spectre x360 (Ryzen 7, 32GB, $1200)",-1.1796875,-0.367431640625
40,"Dell XPS 15 (i7, 32GB, $1500)","Lenovo ThinkPad X1 Carbon (Ryzen 7, 32GB, $1400)",-1.1259765625,-0.39208984375
40,"Dell XPS 15 (i7, 32GB, $1500)","Apple MacBook Air M3 (M3, 16GB, $1800)",-1.0634765625,-0.42333984375
40,"Dell XPS 15 (i7, 32GB, $1500)","Apple MacBook Pro 14-inch (M3, 32GB, $2220)",-1.10546875,-0.402099609375
40,"Dell XPS 15 (i7, 32GB, $1500)","Apple MacBook Pro 16-inch (M3, 64GB, $2800)",-1.0634765625,-0.42333984375
40,"Lenovo ThinkPad X1 Carbon (Ryzen 7, 32GB, $1400)","ASUS VivoBook 15 (i3, 8GB, $450)",-0.84375,-0.5625
40,"Lenovo ThinkPad X1 Carbon (Ryzen 7, 32GB, $1400)","Lenovo IdeaPad 3 (i5, 8GB, $550)",-0.8564453125,-0.5595703125
40,"Lenovo ThinkPad X1 Carbon (Ryzen 7, 32GB, $1400)","HP Pavilion 15 (Ryzen 5, 8GB, $600)",-0.79150390625,-0.60400390625
40,"Lenovo ThinkPad X1 Carbon (Ryzen 7, 32GB, $1400)","ASUS ZenBook 14 (i5, 16GB, $700)",-1.013671875,-0.450927734375
40,"Lenovo ThinkPad X1 Carbon (Ryzen 7, 32GB, $1400)","Lenovo ThinkPad E14 (Ryzen 5, 16GB, $800)",-0.8525390625,-0.5556640625
40,"Lenovo ThinkPad X1 Carbon (Ryzen 7, 32GB, $1400)","Dell Inspiron 16 (i7, 16GB, $1100)",-0.9072265625,-0.5166015625
40,"Lenovo ThinkPad X1 Carbon (Ryzen 7, 32GB, $1400)","HP Spectre x360 (Ryzen 7, 32GB, $1200)",-1.033203125,-0.43994140625
40,"Lenovo ThinkPad X1 Carbon (Ryzen 7, 32GB, $1400)","Dell XPS 15 (i7, 32GB, $1500)",-1.013671875,-0.450927734375
40,"Lenovo ThinkPad X1 Carbon (Ryzen 7, 32GB, $1400)","Apple MacBook Air M3 (M3, 16GB, $1800)",-0.8525390625,-0.5556640625
40,"Lenovo ThinkPad X1 Carbon (Ryzen 7, 32GB, $1400)","Apple MacBook Pro 14-inch (M3, 32GB, $2220)",-0.8798828125,-0.5361328125
40,"Lenovo ThinkPad X1 Carbon (Ryzen 7, 32GB, $1400)","Apple MacBook Pro 16-inch (M3, 64GB, $2800)",-0.8349609375,-0.5693359375
40,"Apple MacBook Air M3 (M3, 16GB, $1800)","ASUS VivoBook 15 (i3, 8GB, $450)",-0.98388671875,-0.46826171875
40,"Apple MacBook Air M3 (M3, 16GB, $1800)","Lenovo IdeaPad 3 (i5, 8GB, $550)",-0.90869140625,-0.51806640625
40,"Apple MacBook Air M3 (M3, 16GB, $1800)","HP Pavilion 15 (Ryzen 5, 8GB, $600)",-0.935546875,-0.498291015625
40,"Apple MacBook Air M3 (M3, 16GB, $1800)","ASUS ZenBook 14 (i5, 16GB, $700)",-1.201171875,-0.35791015625
40,"Apple MacBook Air M3 (M3, 16GB, $1800)","Lenovo ThinkPad E14 (Ryzen 5, 16GB, $800)",-0.98388671875,-0.46826171875
40,"Apple MacBook Air M3 (M3, 16GB, $1800)","Dell Inspiron 16 (i7, 16GB, $1100)",-1.033203125,-0.439697265625
40,"Apple MacBook Air M3 (M3, 16GB, $1800)","HP Spectre x360 (Ryzen 7, 32GB, $1200)",-1.1162109375,-0.397216796875
40,"Apple MacBook Air M3 (M3, 16GB, $1800)","Dell XPS 15 (i7, 32GB, $1500)",-1.0537109375,-0.4287109375
40,"Apple MacBook Air M3 (M3, 16GB, $1800)","Lenovo ThinkPad X1 Carbon (Ryzen 7, 32GB, $1400)",-1.10546875,-0.40234375
40,"Apple MacBook Air M3 (M3, 16GB, $1800)","Apple MacBook Pro 14-inch (M3, 32GB, $2220)",-1.359375,-0.296875
40,"Apple MacBook Air M3 (M3, 16GB, $1800)","Apple MacBook Pro 16-inch (M3, 64GB, $2800)",-1.291015625,-0.32177734375
40,"Apple MacBook Pro 14-inch (M3, 32GB, $2220)","ASUS VivoBook 15 (i3, 8GB, $450)",-0.88916015625,-0.52978515625
40,"Apple MacBook Pro 14-inch (M3, 32GB, $2220)","Lenovo IdeaPad 3 (i5, 8GB, $550)",-0.82763671875,-0.57763671875
40,"Apple MacBook Pro 14-inch (M3, 32GB, $2220)","HP Pavilion 15 (Ryzen 5, 8GB, $600)",-0.8525390625,-0.5556640625
40,"Apple MacBook Pro 14-inch (M3, 32GB, $2220)","ASUS ZenBook 14 (i5, 16GB, $700)",-1.07421875,-0.41796875
40,"Apple MacBook Pro 14-inch (M3, 32GB, $2220)","Lenovo ThinkPad E14 (Ryzen 5, 16GB, $800)",-0.8525390625,-0.5556640625
40,"Apple MacBook Pro 14-inch (M3, 32GB, $2220)","Dell Inspiron 16 (i7, 16GB, $1100)",-0.89794921875,-0.52294921875
40,"Apple MacBook Pro 14-inch (M3, 32GB, $2220)","HP Spectre x360 (Ryzen 7, 32GB, $1200)",-1.0234375,-0.445556640625
40,"Apple MacBook Pro 14-inch (M3, 32GB, $2220)","Dell XPS 15 (i7, 32GB, $1500)",-0.97412109375,-0.47412109375
40,"Apple MacBook Pro 14-inch (M3, 32GB, $2220)","Lenovo ThinkPad X1 Carbon (Ryzen 7, 32GB, $1400)",-1.00390625,-0.456787109375
40,"Apple MacBook Pro 14-inch (M3, 32GB, $2220)","Apple MacBook Air M3 (M3, 16GB, $1800)",-1.0634765625,-0.42333984375
40,"Apple MacBook Pro 14-inch (M3, 32GB, $2220)","Apple MacBook Pro 16-inch (M3, 64GB, $2800)",-1.1259765625,-0.391845703125
40,"Apple MacBook Pro 16-inch (M3, 64GB, $2800)","ASUS VivoBook 15 (i3, 8GB, $450)",-0.89794921875,-0.52294921875
40,"Apple MacBook Pro 16-inch (M3, 64GB, $2800)","Lenovo IdeaPad 3 (i5, 8GB, $550)",-0.8642578125,-0.5517578125
40,"Apple MacBook Pro 16-inch (M3, 64GB, $2800)","HP Pavilion 15 (Ryzen 5, 8GB, $600)",-0.87060546875,-0.54248046875
40,"Apple MacBook Pro 16-inch (M3, 64GB, $2800)","ASUS ZenBook 14 (i5, 16GB, $700)",-1.1474609375,-0.3818359375
40,"Apple MacBook Pro 16-inch (M3, 64GB, $2800)","Lenovo ThinkPad E14 (Ryzen 5, 16GB, $800)",-0.8984375,-0.5234375
40,"Apple MacBook Pro 16-inch (M3, 64GB, $2800)","Dell Inspiron 16 (i7, 16GB, $1100)",-0.9453125,-0.4921875
40,"Apple MacBook Pro 16-inch (M3, 64GB, $2800)","HP Spectre x360 (Ryzen 7, 32GB, $1200)",-1.07421875,-0.418212890625
40,"Apple MacBook Pro 16-inch (M3, 64GB, $2800)","Dell XPS 15 (i7, 32GB, $1500)",-0.98388671875,-0.46826171875
40,"Apple MacBook Pro 16-inch (M3, 64GB, $2800)","Lenovo ThinkPad X1 Carbon (Ryzen 7, 32GB, $1400)",-1.0439453125,-0.434326171875
40,"Apple MacBook Pro 16-inch (M3, 64GB, $2800)","Apple MacBook Air M3 (M3, 16GB, $1800)",-1.1796875,-0.3671875
40,"Apple MacBook Pro 16-inch (M3, 64GB, $2800)","Apple MacBook Pro 14-inch (M3, 32GB, $2220)",-1.13671875,-0.386962890625
41,"ASUS VivoBook 15 (i3, 8GB, $450)","Lenovo IdeaPad 3 (i5, 8GB, $550)",-1.2236328125,-0.3486328125
41,"ASUS VivoBook 15 (i3, 8GB, $450)","HP Pavilion 15 (Ryzen 5, 8GB, $600)",-1.2236328125,-0.348388671875
41,"ASUS VivoBook 15 (i3, 8GB, $450)","ASUS ZenBook 14 (i5, 16GB, $700)",-1.513671875,-0.24853515625
41,"ASUS VivoBook 15 (i3, 8GB, $450)","Lenovo ThinkPad E14 (Ryzen 5, 16GB, $800)",-1.1689453125,-0.3720703125
41,"ASUS VivoBook 15 (i3, 8GB, $450)","Dell Inspiron 16 (i7, 16GB, $1100)",-1.212890625,-0.35302734375
41,"ASUS VivoBook 15 (i3, 8GB, $450)","HP Spectre x360 (Ryzen 7, 32GB, $1200)",-1.267578125,-0.33056640625
41,"ASUS VivoBook 15 (i3, 8GB, $450)","Dell XPS 15 (i7, 32GB, $1500)",-1.1904296875,-0.362548828125
41,"ASUS VivoBook 15 (i3, 8GB, $450)","Lenovo ThinkPad X1 Carbon (Ryzen 7, 32GB, $1400)",-1.1904296875,-0.362548828125
41,"ASUS VivoBook 15 (i3, 8GB, $450)","Apple MacBook Air M3 (M3, 16GB, $1800)",-1.1474609375,-0.3818359375
41,"ASUS VivoBook 15 (i3, 8GB, $450)","Apple MacBook Pro 14-inch (M3, 32GB, $2220)",-1.158203125,-0.376953125
41,"ASUS VivoBook 15 (i3, 8GB, $450)","Apple MacBook Pro 16-inch (M3, 64GB, $2800)",-1.1259765625,-0.391845703125
41,"Lenovo IdeaPad 3 (i5, 8GB, $550)","ASUS VivoBook 15 (i3, 8GB, $450)",-1.3828125,-0.2890625
41,"Lenovo IdeaPad 3 (i5, 8GB, $550)","HP Pavilion 15 (Ryzen 5, 8GB, $600)",-1.24609375,-0.339599609375
41,"Lenovo IdeaPad 3 (i5, 8GB, $550)","ASUS ZenBook 14 (i5, 16GB, $700)",-1.576171875,-0.2320556640625
41,"Lenovo IdeaPad 3 (i5, 8GB, $550)","Lenovo ThinkPad E14 (Ryzen 5, 16GB, $800)",-1.3828125,-0.289306640625
41,"Lenovo IdeaPad 3 (i5, 8GB, $550)","Dell Inspiron 16 (i7, 16GB, $1100)",-1.3017578125,-0.31787109375
41,"Lenovo IdeaPad 3 (i5, 8GB, $550)","HP Spectre x360 (Ryzen 7, 32GB, $1200)",-1.3134765625,-0.313720703125
41,"Lenovo IdeaPad 3 (i5, 8GB, $550)","Dell XPS 15 (i7, 32GB, $1500)",-1.291015625,-0.322265625
41,"Lenovo IdeaPad 3 (i5, 8GB, $550)","Lenovo ThinkPad X1 Carbon (Ryzen 7, 32GB, $1400)",-1.40625,-0.28173828125
41,"Lenovo IdeaPad 3 (i5, 8GB, $550)","Apple MacBook Air M3 (M3, 16GB, $1800)",-1.234375,-0.34423828125
41,"Lenovo IdeaPad 3 (i5, 8GB, $550)","Apple MacBook Pro 14-inch (M3, 32GB, $2220)",-1.1904296875,-0.36279296875
41,"Lenovo IdeaPad 3 (i5, 8GB, $550)","Apple MacBook Pro 16-inch (M3, 64GB, $2800)",-1.1689453125,-0.372314453125
41,"HP Pavilion 15 (Ryzen 5, 8GB, $600)","ASUS VivoBook 15 (i3, 8GB, $450)",-1.2236328125,-0.348388671875
41,"HP Pavilion 15 (Ryzen 5, 8GB, $600)","Lenovo IdeaPad 3 (i5, 8GB, $550)",-1.21484375,-0.35546875
41,"HP Pavilion 15 (Ryzen 5, 8GB, $600)","ASUS ZenBook 14 (i5, 16GB, $700)",-1.5380859375,-0.24169921875
41,"HP Pavilion 15 (Ryzen 5, 8GB, $600)","Lenovo ThinkPad E14 (Ryzen 5, 16GB, $800)",-1.1904296875,-0.362548828125
41,"HP Pavilion 15 (Ryzen 5, 8GB, $600)","Dell Inspiron 16 (i7, 16GB, $1100)",-1.212890625,-0.35302734375
41,"HP Pavilion 15 (Ryzen 5, 8GB, $600)","HP Spectre x360 (Ryzen 7, 32GB, $1200)",-1.5146484375,-0.24853515625
41,"HP Pavilion 15 (Ryzen 5, 8GB, $600)","Dell XPS 15 (i7, 32GB, $1500)",-1.1796875,-0.3671875
41,"HP Pavilion 15 (Ryzen 5, 8GB, $600)","Lenovo ThinkPad X1 Carbon (Ryzen 7, 32GB, $1400)",-1.2568359375,-0.3349609375
41,"HP Pavilion 15 (Ryzen 5, 8GB, $600)","Apple MacBook Air M3 (M3, 16GB, $1800)",-1.1796875,-0.3671875
41,"HP Pavilion 15 (Ryzen 5, 8GB, $600)","Apple MacBook Pro 14-inch (M3, 32GB, $2220)",-1.10546875,-0.402099609375
41,"HP Pavilion 15 (Ryzen 5, 8GB, $600)","Apple MacBook Pro 16-inch (M3, 64GB, $2800)",-1.0849609375,-0.41259765625
41,"ASUS ZenBook 14 (i5, 16GB, $700)","ASUS VivoBook 15 (i3, 8GB, $450)",-1.234375,-0.343994140625
41,"ASUS ZenBook 14 (i5, 16GB, $700)","Lenovo IdeaPad 3 (i5, 8GB, $550)",-1.2021484375,-0.3583984375
41,"ASUS ZenBook 14 (i5, 16GB, $700)","HP Pavilion 15 (Ryzen 5, 8GB, $600)",-1.212890625,-0.35302734375
41,"ASUS ZenBook 14 (i5, 16GB, $700)","Lenovo ThinkPad E14 (Ryzen 5, 16GB, $800)",-1.2568359375,-0.3349609375
41,"ASUS ZenBook 14 (i5, 16GB, $700)","Dell Inspiron 16 (i7, 16GB, $1100)",-1.279296875,-0.326171875
41,"ASUS ZenBook 14 (i5, 16GB, $700)","HP Spectre x360 (Ryzen 7, 32GB, $1200)",-1.3828125,-0.288818359375
41,"ASUS ZenBook 14 (i5, 16GB, $700)","Dell XPS 15 (i7, 32GB, $1500)",-1.2568359375,-0.3349609375
41,"ASUS ZenBook 14 (i5, 16GB, $700)","Lenovo ThinkPad X1 Carbon (Ryzen 7, 32GB, $1400)",-1.24609375,-0.33935546875
41,"ASUS ZenBook 14 (i5, 16GB, $700)","Apple MacBook Air M3 (M3, 16GB, $1800)",-1.24609375,-0.33935546875
41,"ASUS ZenBook 14 (i5, 16GB, $700)","Apple MacBook Pro 14-inch (M3, 32GB, $2220)",-1.1904296875,-0.362548828125
41,"ASUS ZenBook 14 (i5, 16GB, $700)","Apple MacBook Pro 16-inch (M3, 64GB, $2800)",-1.158203125,-0.376953125
41,"Lenovo ThinkPad E14 (Ryzen 5, 16GB, $800)","ASUS VivoBook 15 (i3, 8GB, $450)",-1.033203125,-0.439697265625
41,"Lenovo ThinkPad E14 (Ryzen 5, 16GB, $800)","Lenovo IdeaPad 3 (i5, 8GB, $550)",-1.1298828125,-0.395751953125
41,"Lenovo ThinkPad E14 (Ryzen 5, 16GB, $800)","HP Pavilion 15 (Ryzen 5, 8GB, $600)",-0.98388671875,-0.46826171875
41,"Lenovo ThinkPad E14 (Ryzen 5, 16GB, $800)","ASUS ZenBook 14 (i5, 16GB, $700)",-1.291015625,-0.32177734375
41,"Lenovo ThinkPad E14 (Ryzen 5, 16GB, $800)","Dell Inspiron 16 (i7, 16GB, $1100)",-1.0849609375,-0.41259765625
41,"Lenovo ThinkPad E14 (Ryzen 5, 16GB, $800)","HP Spectre x360 (Ryzen 7, 32GB, $1200)",-1.201171875,-0.35791015625
41,"Lenovo ThinkPad E14 (Ryzen 5, 16GB, $800)","Dell XPS 15 (i7, 32GB, $1500)",-1.0439453125,-0.434326171875
41,"Lenovo ThinkPad E14 (Ryzen 5, 16GB, $800)","Lenovo ThinkPad X1 Carbon (Ryzen 7, 32GB, $1400)",-1.212890625,-0.35302734375
41,"Lenovo ThinkPad E14 (Ryzen 5, 16GB, $800)","Apple MacBook Air M3 (M3, 16GB, $1800)",-1.013671875,-0.450927734375
41,"Lenovo ThinkPad E14 (Ryzen 5, 16GB, $800)","Apple MacBook Pro 14-inch (M3, 32GB, $2220)",-0.935546875,-0.498046875
41,"Lenovo ThinkPad E14 (Ryzen 5, 16GB, $800)","Apple MacBook Pro 16-inch (M3, 64GB, $2800)",-0.935546875,-0.498046875
41,"Dell Inspiron 16 (i7, 16GB, $1100)","ASUS VivoBook 15 (i3, 8GB, $450)",-1.3134765625,-0.313232421875
41,"Dell Inspiron 16 (i7, 16GB, $1100)","Lenovo IdeaPad 3 (i5, 8GB, $550)",-1.236328125,-0.34521484375
41,"Dell Inspiron 16 (i7, 16GB, $1100)","HP Pavilion 15 (Ryzen 5, 8GB, $600)",-1.1796875,-0.3671875
41,"Dell Inspiron 16 (i7, 16GB, $1100)","ASUS ZenBook 14 (i5, 16GB, $700)",-1.6005859375,-0.2254638671875
41,"Dell Inspiron 16 (i7, 16GB, $1100)","Lenovo ThinkPad E14 (Ryzen 5, 16GB, $800)",-1.2236328125,-0.348388671875
41,"Dell Inspiron 16 (i7, 16GB, $1100)","HP Spectre x360 (Ryzen 7, 32GB, $1200)",-1.490234375,-0.25537109375
41,"Dell Inspiron 16 (i7, 16GB, $1100)","Dell XPS 15 (i7, 32GB, $1500)",-1.4541015625,-0.26611328125
41,"Dell Inspiron 16 (i7, 16GB, $1100)","Lenovo ThinkPad X1 Carbon (Ryzen 7, 32GB, $1400)",-1.359375,-0.296875
41,"Dell Inspiron 16 (i7, 16GB, $1100)","Apple MacBook Air M3 (M3, 16GB, $1800)",-1.3828125,-0.288818359375
41,"Dell Inspiron 16 (i7, 16GB, $1100)","Apple MacBook Pro 14-inch (M3, 32GB, $2220)",-1.24609375,-0.33935546875
41,"Dell Inspiron 16 (i7, 16GB, $1100)","Apple MacBook Pro 16-inch (M3, 64GB, $2800)",-1.24609375,-0.33935546875
41,"HP Spectre x360 (Ryzen 7, 32GB, $1200)","ASUS VivoBook 15 (i3, 8GB, $450)",-0.935546875,-0.498291015625
41,"HP Spectre x360 (Ryzen 7, 32GB, $1200)","Lenovo IdeaPad 3 (i5, 8GB, $550)",-0.89892578125,-0.52392578125
41,"HP Spectre x360 (Ryzen 7, 32GB, $1200)","HP Pavilion 15 (Ryzen 5, 8GB, $600)",-0.96435546875,-0.480224609375
41,"HP Spectre x360 (Ryzen 7, 32GB, $1200)","ASUS ZenBook 14 (i5, 16GB, $700)",-1.1162109375,-0.39697265625
41,"HP Spectre x360 (Ryzen 7, 32GB, $1200)","Lenovo ThinkPad E14 (Ryzen 5, 16GB, $800)",-1.00390625,-0.456787109375
41,"HP Spectre x360 (Ryzen 7, 32GB, $1200)","Dell Inspiron 16 (i7, 16GB, $1100)",-1.0439453125,-0.434326171875
41,"HP Spectre x360 (Ryzen 7, 32GB, $1200)","Dell XPS 15 (i7, 32GB, $1500)",-1.0947265625,-0.407470703125
41,"HP Spectre x360 (Ryzen 7, 32GB, $1200)","Lenovo ThinkPad X1 Carbon (Ryzen 7, 32GB, $1400)",-1.1904296875,-0.362548828125
41,"HP Spectre x360 (Ryzen 7, 32GB, $1200)","Apple MacBook Air M3 (M3, 16GB, $1800)",-1.0439453125,-0.434326171875
41,"HP Spectre x360 (Ryzen 7, 32GB, $1200)","Apple MacBook Pro 14-inch (M3, 32GB, $2220)",-1.0947265625,-0.407470703125
41,"HP Spectre x360 (Ryzen 7, 32GB, $1200)","Apple MacBook Pro 16-inch (M3, 64GB, $2800)",-1.033203125,-0.439697265625
41,"Dell XPS 15 (i7, 32GB, $1500)","ASUS VivoBook 15 (i3, 8GB, $450)",-1.1689453125,-0.3720703125
41,"Dell XPS 15 (i7, 32GB, $1500)","Lenovo IdeaPad 3 (i5, 8GB, $550)",-1.0849609375,-0.4130859375
41,"Dell XPS 15 (i7, 32GB, $1500)","HP Pavilion 15 (Ryzen 5, 8GB, $600)",-1.07421875,-0.41796875
41,"Dell XPS 15 (i7, 32GB, $1500)","ASUS ZenBook 14 (i5, 16GB, $700)",-1.34765625,-0.30078125
41,"Dell XPS 15 (i7, 32GB, $1500)","Lenovo ThinkPad E14 (Ryzen 5, 16GB, $800)",-1.07421875,-0.41796875
41,"Dell XPS 15 (i7, 32GB, $1500)","Dell Inspiron 16 (i7, 16GB, $1100)",-1.234375,-0.343994140625
41,"Dell XPS 15 (i7, 32GB, $1500)","HP Spectre x360 (Ryzen 7, 32GB, $1200)",-1.1689453125,-0.3720703125
41,"Dell XPS 15 (i7, 32GB, $1500)","Lenovo ThinkPad X1 Carbon (Ryzen 7, 32GB, $1400)",-1.1474609375,-0.3818359375
41,"Dell XPS 15 (i7, 32GB, $1500)","Apple MacBook Air M3 (M3, 16GB, $1800)",-1.1474609375,-0.3818359375
41,"Dell XPS 15 (i7, 32GB, $1500)","Apple MacBook Pro 14-inch (M3, 32GB, $2220)",-1.1259765625,-0.391845703125
41,"Dell XPS 15 (i7, 32GB, $1500)","Apple MacBook Pro 16-inch (M3, 64GB, $2800)",-1.10546875,-0.402099609375
41,"Lenovo ThinkPad X1 Carbon (Ryzen 7, 32GB, $1400)","ASUS VivoBook 15 (i3, 8GB, $450)",-0.9072265625,-0.5166015625
41,"Lenovo ThinkPad X1 Carbon (Ryzen 7, 32GB, $1400)","Lenovo IdeaPad 3 (i5, 8GB, $550)",-0.96533203125,-0.481201171875
41,"Lenovo ThinkPad X1 Carbon (Ryzen 7, 32GB, $1400)","HP Pavilion 15 (Ryzen 5, 8GB, $600)",-0.87060546875,-0.54248046875
41,"Lenovo ThinkPad X1 Carbon (Ryzen 7, 32GB, $1400)","ASUS ZenBook 14 (i5, 16GB, $700)",-1.07421875,-0.41796875
41,"Lenovo ThinkPad X1 Carbon (Ryzen 7, 32GB, $1400)","Lenovo ThinkPad E14 (Ryzen 5, 16GB, $800)",-1.00390625,-0.456787109375
41,"Lenovo ThinkPad X1 Carbon (Ryzen 7, 32GB, $1400)","Dell Inspiron 16 (i7, 16GB, $1100)",-0.96435546875,-0.47998046875
41,"Lenovo ThinkPad X1 Carbon (Ryzen 7, 32GB, $1400)","HP Spectre x360 (Ryzen 7, 32GB, $1200)",-1.0849609375,-0.41259765625
41,"Lenovo ThinkPad X1 Carbon (Ryzen 7, 32GB, $1400)","Dell XPS 15 (i7, 32GB, $1500)",-1.0234375,-0.4453125
41,"Lenovo ThinkPad X1 Carbon (Ryzen 7, 32GB, $1400)","Apple MacBook Air M3 (M3, 16GB, $1800)",-0.92626953125,-0.50439453125
41,"Lenovo ThinkPad X1 Carbon (Ryzen 7, 32GB, $1400)","Apple MacBook Pro 14-inch (M3, 32GB, $2220)",-0.9169921875,-0.5107421875
41,"Lenovo ThinkPad X1 Carbon (Ryzen 7, 32GB, $1400)","Apple MacBook Pro 16-inch (M3, 64GB, $2800)",-0.8798828125,-0.5361328125
41,"Apple MacBook Air M3 (M3, 16GB, $1800)","ASUS VivoBook 15 (i3, 8GB, $450)",-1.0234375,-0.4453125
41,"Apple MacBook Air M3 (M3, 16GB, $1800)","Lenovo IdeaPad 3 (i5, 8GB, $550)",-0.96484375,-0.48046875
41,"Apple MacBook Air M3 (M3, 16GB, $1800)","HP Pavilion 15 (Ryzen 5, 8GB, $600)",-0.95458984375,-0.486083984375
41,"Apple MacBook Air M3 (M3, 16GB, $1800)","ASUS ZenBook 14 (i5, 16GB, $700)",-1.212890625,-0.35302734375
41,"Apple MacBook Air M3 (M3, 16GB, $1800)","Lenovo ThinkPad E14 (Ryzen 5, 16GB, $800)",-0.99365234375,-0.46240234375
41,"Apple MacBook Air M3 (M3, 16GB, $1800)","Dell Inspiron 16 (i7, 16GB, $1100)",-1.0634765625,-0.42333984375
41,"Apple MacBook Air M3 (M3, 16GB, $1800)","HP Spectre x360 (Ryzen 7, 32GB, $1200)",-1.0849609375,-0.41259765625
41,"Apple MacBook Air M3 (M3, 16GB, $1800)","Dell XPS 15 (i7, 32GB, $1500)",-1.0634765625,-0.42333984375
41,"Apple MacBook Air M3 (M3, 16GB, $1800)","Lenovo ThinkPad X1 Carbon (Ryzen 7, 32GB, $1400)",-1.0849609375,-0.41259765625
41,"Apple MacBook Air M3 (M3, 16GB, $1800)","Apple MacBook Pro 14-inch (M3, 32GB, $2220)",-1.3359375,-0.304931640625
41,"Apple MacBook Air M3 (M3, 16GB, $1800)","Apple MacBook Pro 16-inch (M3, 64GB, $2800)",-1.279296875,-0.326171875
41,"Apple MacBook Pro 14-inch (M3, 32GB, $2220)","ASUS VivoBook 15 (i3, 8GB, $450)",-0.888671875,-0.529296875
41,"Apple MacBook Pro 14-inch (M3, 32GB, $2220)","Lenovo IdeaPad 3 (i5, 8GB, $550)",-0.8349609375,-0.5693359375
41,"Apple MacBook Pro 14-inch (M3, 32GB, $2220)","HP Pavilion 15 (Ryzen 5, 8GB, $600)",-0.84375,-0.5625
41,"Apple MacBook Pro 14-inch (M3, 32GB, $2220)","ASUS ZenBook 14 (i5, 16GB, $700)",-1.0634765625,-0.42333984375
41,"Apple MacBook Pro 14-inch (M3, 32GB, $2220)","Lenovo ThinkPad E14 (Ryzen 5, 16GB, $800)",-0.8525390625,-0.5556640625
41,"Apple MacBook Pro 14-inch (M3, 32GB, $2220)","Dell Inspiron 16 (i7, 16GB, $1100)",-0.9169921875,-0.5107421875
41,"Apple MacBook Pro 14-inch (M3, 32GB, $2220)","HP Spectre x360 (Ryzen 7, 32GB, $1200)",-1.013671875,-0.450927734375
41,"Apple MacBook Pro 14-inch (M3, 32GB, $2220)","Dell XPS 15 (i7, 32GB, $1500)",-0.9453125,-0.491943359375
41,"Apple MacBook Pro 14-inch (M3, 32GB, $2220)","Lenovo ThinkPad X1 Carbon (Ryzen 7, 32GB, $1400)",-0.97412109375,-0.47412109375
41,"Apple MacBook Pro 14-inch (M3, 32GB, $2220)","Apple MacBook Air M3 (M3, 16GB, $1800)",-1.0849609375,-0.41259765625
41,"Apple MacBook Pro 14-inch (M3, 32GB, $2220)","Apple MacBook Pro 16-inch (M3, 64GB, $2800)",-1.0947265625,-0.407470703125
41,"Apple MacBook Pro 16-inch (M3, 64GB, $2800)","ASUS VivoBook 15 (i3, 8GB, $450)",-0.9169921875,-0.5107421875
41,"Apple MacBook Pro 16-inch (M3, 64GB, $2800)","Lenovo IdeaPad 3 (i5, 8GB, $550)",-0.8896484375,-0.5302734375
41,"Apple MacBook Pro 16-inch (M3, 64GB, $2800)","HP Pavilion 15 (Ryzen 5, 8GB, $600)",-0.86181640625,-0.54931640625
41,"Apple MacBook Pro 16-inch (M3, 64GB, $2800)","ASUS ZenBook 14 (i5, 16GB, $700)",-1.1259765625,-0.391845703125
41,"Apple MacBook Pro 16-inch (M3, 64GB, $2800)","Lenovo ThinkPad E14 (Ryzen 5, 16GB, $800)",-0.9072265625,-0.5166015625
41,"Apple MacBook Pro 16-inch (M3, 64GB, $2800)","Dell Inspiron 16 (i7, 16GB, $1100)",-0.96435546875,-0.47998046875
41,"Apple MacBook Pro 16-inch (M3, 64GB, $2800)","HP Spectre x360 (Ryzen 7, 32GB, $1200)",-1.0537109375,-0.4287109375
41,"Apple MacBook Pro 16-inch (M3, 64GB, $2800)","Dell XPS 15 (i7, 32GB, $1500)",-0.97412109375,-0.47412109375
41,"Apple MacBook Pro 16-inch (M3, 64GB, $2800)","Lenovo ThinkPad X1 Carbon (Ryzen 7, 32GB, $1400)",-1.0234375,-0.4453125
41,"Apple MacBook Pro 16-inch (M3, 64GB, $2800)","Apple MacBook Air M3 (M3, 16GB, $1800)",-1.1904296875,-0.362548828125
41,"Apple MacBook Pro 16-inch (M3, 64GB, $2800)","Apple MacBook Pro 14-inch (M3, 32GB, $2220)",-1.10546875,-0.402099609375
42,"ASUS VivoBook 15 (i3, 8GB, $450)","Lenovo IdeaPad 3 (i5, 8GB, $550)",-0.434326171875,-1.0439453125
42,"ASUS VivoBook 15 (i3, 8GB, $450)","HP Pavilion 15 (Ryzen 5, 8GB, $600)",-0.439697265625,-1.033203125
42,"ASUS VivoBook 15 (i3, 8GB, $450)","ASUS ZenBook 14 (i5, 16GB, $700)",-0.50439453125,-0.92626953125
42,"ASUS VivoBook 15 (i3, 8GB, $450)","Lenovo ThinkPad E14 (Ryzen 5, 16GB, $800)",-0.42333984375,-1.064453125
42,"ASUS VivoBook 15 (i3, 8GB, $450)","Dell Inspiron 16 (i7, 16GB, $1100)",-0.4453125,-1.0234375
42,"ASUS VivoBook 15 (i3, 8GB, $450)","HP Spectre x360 (Ryzen 7, 32GB, $1200)",-0.41796875,-1.07421875
42,"ASUS VivoBook 15 (i3, 8GB, $450)","Dell XPS 15 (i7, 32GB, $1500)",-0.434326171875,-1.0439453125
42,"ASUS VivoBook 15 (i3, 8GB, $450)","Lenovo ThinkPad X1 Carbon (Ryzen 7, 32GB, $1400)",-0.4287109375,-1.0537109375
42,"ASUS VivoBook 15 (i3, 8GB, $450)","Apple MacBook Air M3 (M3, 16GB, $1800)",-0.362548828125,-1.1904296875
42,"ASUS VivoBook 15 (i3, 8GB, $450)","Apple MacBook Pro 14-inch (M3, 32GB, $2220)",-0.3720703125,-1.1689453125
42,"ASUS VivoBook 15 (i3, 8GB, $450)","Apple MacBook Pro 16-inch (M3, 64GB, $2800)",-0.3818359375,-1.1474609375
42,"Lenovo IdeaPad 3 (i5, 8GB, $550)","ASUS VivoBook 15 (i3, 8GB, $450)",-0.480224609375,-0.96484375
42,"Lenovo IdeaPad 3 (i5, 8GB, $550)","HP Pavilion 15 (Ryzen 5, 8GB, $600)",-0.4345703125,-1.0439453125
42,"Lenovo IdeaPad 3 (i5, 8GB, $550)","ASUS ZenBook 14 (i5, 16GB, $700)",-0.49853515625,-0.93603515625
42,"Lenovo IdeaPad 3 (i5, 8GB, $550)","Lenovo ThinkPad E14 (Ryzen 5, 16GB, $800)",-0.462646484375,-0.994140625
42,"Lenovo IdeaPad 3 (i5, 8GB, $550)","Dell Inspiron 16 (i7, 16GB, $1100)",-0.45703125,-1.00390625
42,"Lenovo IdeaPad 3 (i5, 8GB, $550)","HP Spectre x360 (Ryzen 7, 32GB, $1200)",-0.423583984375,-1.064453125
42,"Lenovo IdeaPad 3 (i5, 8GB, $550)","Dell XPS 15 (i7, 32GB, $1500)",-0.451416015625,-1.013671875
42,"Lenovo IdeaPad 3 (i5, 8GB, $550)","Lenovo ThinkPad X1 Carbon (Ryzen 7, 32GB, $1400)",-0.474365234375,-0.974609375
42,"Lenovo IdeaPad 3 (i5, 8GB, $550)","Apple MacBook Air M3 (M3, 16GB, $1800)",-0.382080078125,-1.1474609375
42,"Lenovo IdeaPad 3 (i5, 8GB, $550)","Apple MacBook Pro 14-inch (M3, 32GB, $2220)",-0.372314453125,-1.1689453125
42,"Lenovo IdeaPad 3 (i5, 8GB, $550)","Apple MacBook Pro 16-inch (M3, 64GB, $2800)",-0.377197265625,-1.158203125
42,"HP Pavilion 15 (Ryzen 5, 8GB, $600)","ASUS VivoBook 15 (i3, 8GB, $450)",-0.439697265625,-1.033203125
42,"HP Pavilion 15 (Ryzen 5, 8GB, $600)","Lenovo IdeaPad 3 (i5, 8GB, $550)",-0.428955078125,-1.0537109375
42,"HP Pavilion 15 (Ryzen 5, 8GB, $600)","ASUS ZenBook 14 (i5, 16GB, $700)",-0.498291015625,-0.935546875
42,"HP Pavilion 15 (Ryzen 5, 8GB, $600)","Lenovo ThinkPad E14 (Ryzen 5, 16GB, $800)",-0.4287109375,-1.0537109375
42,"HP Pavilion 15 (Ryzen 5, 8GB, $600)","Dell Inspiron 16 (i7, 16GB, $1100)",-0.456787109375,-1.00390625
42,"HP Pavilion 15 (Ryzen 5, 8GB, $600)","HP Spectre x360 (Ryzen 7, 32GB, $1200)",-0.456787109375,-1.00390625
42,"HP Pavilion 15 (Ryzen 5, 8GB, $600)","Dell XPS 15 (i7, 32GB, $1500)",-0.4453125,-1.0234375
42,"HP Pavilion 15 (Ryzen 5, 8GB, $600)","Lenovo ThinkPad X1 Carbon (Ryzen 7, 32GB, $1400)",-0.4453125,-1.0234375
42,"HP Pavilion 15 (Ryzen 5, 8GB, $600)","Apple MacBook Air M3 (M3, 16GB, $1800)",-0.376953125,-1.158203125
42,"HP Pavilion 15 (Ryzen 5, 8GB, $600)","Apple MacBook Pro 14-inch (M3, 32GB, $2220)",-0.3671875,-1.1796875
42,"HP Pavilion 15 (Ryzen 5, 8GB, $600)","Apple MacBook Pro 16-inch (M3, 64GB, $2800)",-0.3720703125,-1.1689453125
42,"ASUS ZenBook 14 (i5, 16GB, $700)","ASUS VivoBook 15 (i3, 8GB, $450)",-0.46826171875,-0.98388671875
42,"ASUS ZenBook 14 (i5, 16GB, $700)","Lenovo IdeaPad 3 (i5, 8GB, $550)",-0.423583984375,-1.064453125
42,"ASUS ZenBook 14 (i5, 16GB, $700)","HP Pavilion 15 (Ryzen 5, 8GB, $600)",-0.434326171875,-1.0439453125
42,"ASUS ZenBook 14 (i5, 16GB, $700)","Lenovo ThinkPad E14 (Ryzen 5, 16GB, $800)",-0.46240234375,-0.99365234375
42,"ASUS ZenBook 14 (i5, 16GB, $700)","Dell Inspiron 16 (i7, 16GB, $1100)",-0.47412109375,-0.97412109375
42,"ASUS ZenBook 14 (i5, 16GB, $700)","HP Spectre x360 (Ryzen 7, 32GB, $1200)",-0.450927734375,-1.013671875
42,"ASUS ZenBook 14 (i5, 16GB, $700)","Dell XPS 15 (i7, 32GB, $1500)",-0.456787109375,-1.00390625
42,"ASUS ZenBook 14 (i5, 16GB, $700)","Lenovo ThinkPad X1 Carbon (Ryzen 7, 32GB, $1400)",-0.456787109375,-1.00390625
42,"ASUS ZenBook 14 (i5, 16GB, $700)","Apple MacBook Air M3 (M3, 16GB, $1800)",-0.386962890625,-1.13671875
42,"ASUS ZenBook 14 (i5, 16GB, $700)","Apple MacBook Pro 14-inch (M3, 32GB, $2220)",-0.376953125,-1.158203125
42,"ASUS ZenBook 14 (i5, 16GB, $700)","Apple MacBook Pro 16-inch (M3, 64GB, $2800)",-0.39208984375,-1.1259765625
42,"Lenovo ThinkPad E14 (Ryzen 5, 16GB, $800)","ASUS VivoBook 15 (i3, 8GB, $450)",-0.407470703125,-1.0947265625
42,"Lenovo ThinkPad E14 (Ryzen 5, 16GB, $800)","Lenovo IdeaPad 3 (i5, 8GB, $550)",-0.423583984375,-1.064453125
42,"Lenovo ThinkPad E14 (Ryzen 5, 16GB, $800)","HP Pavilion 15 (Ryzen 5, 8GB, $600)",-0.39697265625,-1.1162109375
42,"Lenovo ThinkPad E14 (Ryzen 5, 16GB, $800)","ASUS ZenBook 14 (i5, 16GB, $700)",-0.47412109375,-0.97412109375
42,"Lenovo ThinkPad E14 (Ryzen 5, 16GB, $800)","Dell Inspiron 16 (i7, 16GB, $1100)",-0.439697265625,-1.033203125
42,"Lenovo ThinkPad E14 (Ryzen 5, 16GB, $800)","HP Spectre x360 (Ryzen 7, 32GB, $1200)",-0.386962890625,-1.13671875
42,"Lenovo ThinkPad E14 (Ryzen 5, 16GB, $800)","Dell XPS 15 (i7, 32GB, $1500)",-0.41796875,-1.07421875
42,"Lenovo ThinkPad E14 (Ryzen 5, 16GB, $800)","Lenovo ThinkPad X1 Carbon (Ryzen 7, 32GB, $1400)",-0.450927734375,-1.013671875
42,"Lenovo ThinkPad E14 (Ryzen 5, 16GB, $800)","Apple MacBook Air M3 (M3, 16GB, $1800)",-0.35302734375,-1.212890625
42,"Lenovo ThinkPad E14 (Ryzen 5, 16GB, $800)","Apple MacBook Pro 14-inch (M3, 32GB, $2220)",-0.326171875,-1.279296875
42,"Lenovo ThinkPad E14 (Ryzen 5, 16GB, $800)","Apple MacBook Pro 16-inch (M3, 64GB, $2800)",-0.3349609375,-1.2568359375
42,"Dell Inspiron 16 (i7, 16GB, $1100)","ASUS VivoBook 15 (i3, 8GB, $450)",-0.47412109375,-0.97412109375
42,"Dell Inspiron 16 (i7, 16GB, $1100)","Lenovo IdeaPad 3 (i5, 8GB, $550)",-0.462646484375,-0.994140625
42,"Dell Inspiron 16 (i7, 16GB, $1100)","HP Pavilion 15 (Ryzen 5, 8GB, $600)",-0.450927734375,-1.013671875
42,"Dell Inspiron 16 (i7, 16GB, $1100)","ASUS ZenBook 14 (i5, 16GB, $700)",-0.5361328125,-0.8798828125
42,"Dell Inspiron 16 (i7, 16GB, $1100)","Lenovo ThinkPad E14 (Ryzen 5, 16GB, $800)",-0.456787109375,-1.00390625
42,"Dell Inspiron 16 (i7, 16GB, $1100)","HP Spectre x360 (Ryzen 7, 32GB, $1200)",-0.480224609375,-0.96435546875
42,"Dell Inspiron 16 (i7, 16GB, $1100)","Dell XPS 15 (i7, 32GB, $1500)",-0.5234375,-0.8984375
42,"Dell Inspiron 16 (i7, 16GB, $1100)","Lenovo ThinkPad X1 Carbon (Ryzen 7, 32GB, $1400)",-0.486083984375,-0.95458984375
42,"Dell Inspiron 16 (i7, 16GB, $1100)","Apple MacBook Air M3 (M3, 16GB, $1800)",-0.456787109375,-1.00390625
42,"Dell Inspiron 16 (i7, 16GB, $1100)","Apple MacBook Pro 14-inch (M3, 32GB, $2220)",-0.4287109375,-1.0537109375
42,"Dell Inspiron 16 (i7, 16GB, $1100)","Apple MacBook Pro 16-inch (M3, 64GB, $2800)",-0.439697265625,-1.033203125
42,"HP Spectre x360 (Ryzen 7, 32GB, $1200)","ASUS VivoBook 15 (i3, 8GB, $450)",-0.3720703125,-1.1689453125
42,"HP Spectre x360 (Ryzen 7, 32GB, $1200)","Lenovo IdeaPad 3 (i5, 8GB, $550)",-0.367431640625,-1.1796875
42,"HP Spectre x360 (Ryzen 7, 32GB, $1200)","HP Pavilion 15 (Ryzen 5, 8GB, $600)",-0.372314453125,-1.1689453125
42,"HP Spectre x360 (Ryzen 7, 32GB, $1200)","ASUS ZenBook 14 (i5, 16GB, $700)",-0.407470703125,-1.0947265625
42,"HP Spectre x360 (Ryzen 7, 32GB, $1200)","Lenovo ThinkPad E14 (Ryzen 5, 16GB, $800)",-0.35791015625,-1.201171875
42,"HP Spectre x360 (Ryzen 7, 32GB, $1200)","Dell Inspiron 16 (i7, 16GB, $1100)",-0.386962890625,-1.13671875
42,"HP Spectre x360 (Ryzen 7, 32GB, $1200)","Dell XPS 15 (i7, 32GB, $1500)",-0.39208984375,-1.1259765625
42,"HP Spectre x360 (Ryzen 7, 32GB, $1200)","Lenovo ThinkPad X1 Carbon (Ryzen 7, 32GB, $1400)",-0.41259765625,-1.0849609375
42,"HP Spectre x360 (Ryzen 7, 32GB, $1200)","Apple MacBook Air M3 (M3, 16GB, $1800)",-0.33935546875,-1.24609375
42,"HP Spectre x360 (Ryzen 7, 32GB, $1200)","Apple MacBook Pro 14-inch (M3, 32GB, $2220)",-0.33056640625,-1.2685546875
42,"HP Spectre x360 (Ryzen 7, 32GB, $1200)","Apple MacBook Pro 16-inch (M3, 64GB, $2800)",-0.32177734375,-1.291015625
42,"Dell XPS 15 (i7, 32GB, $1500)","ASUS VivoBook 15 (i3, 8GB, $450)",-0.46240234375,-0.99365234375
42,"Dell XPS 15 (i7, 32GB, $1500)","Lenovo IdeaPad 3 (i5, 8GB, $550)",-0.445556640625,-1.0234375
42,"Dell XPS 15 (i7, 32GB, $1500)","HP Pavilion 15 (Ryzen 5, 8GB, $600)",-0.439697265625,-1.033203125
42,"Dell XPS 15 (i7, 32GB, $1500)","ASUS ZenBook 14 (i5, 16GB, $700)",-0.498291015625,-0.935546875
42,"Dell XPS 15 (i7, 32GB, $1500)","Lenovo ThinkPad E14 (Ryzen 5, 16GB, $800)",-0.439697265625,-1.033203125
42,"Dell XPS 15 (i7, 32GB, $1500)","Dell Inspiron 16 (i7, 16GB, $1100)",-0.4921875,-0.9453125
42,"Dell XPS 15 (i7, 32GB, $1500)","HP Spectre x360 (Ryzen 7, 32GB, $1200)",-0.42333984375,-1.064453125
42,"Dell XPS 15 (i7, 32GB, $1500)","Lenovo ThinkPad X1 Carbon (Ryzen 7, 32GB, $1400)",-0.46240234375,-0.99365234375
42,"Dell XPS 15 (i7, 32GB, $1500)","Apple MacBook Air M3 (M3, 16GB, $1800)",-0.41259765625,-1.0849609375
42,"Dell XPS 15 (i7, 32GB, $1500)","Apple MacBook Pro 14-inch (M3, 32GB, $2220)",-0.41259765625,-1.0849609375
42,"Dell XPS 15 (i7, 32GB, $1500)","Apple MacBook Pro 16-inch (M3, 64GB, $2800)",-0.41259765625,-1.0849609375
42,"Lenovo ThinkPad X1 Carbon (Ryzen 7, 32GB, $1400)","ASUS VivoBook 15 (i3, 8GB, $450)",-0.382080078125,-1.1474609375
42,"Lenovo ThinkPad X1 Carbon (Ryzen 7, 32GB, $1400)","Lenovo IdeaPad 3 (i5, 8GB, $550)",-0.40234375,-1.10546875
42,"Lenovo ThinkPad X1 Carbon (Ryzen 7, 32GB, $1400)","HP Pavilion 15 (Ryzen 5, 8GB, $600)",-0.35791015625,-1.201171875
42,"Lenovo ThinkPad X1 Carbon (Ryzen 7, 32GB, $1400)","ASUS ZenBook 14 (i5, 16GB, $700)",-0.41796875,-1.07421875
42,"Lenovo ThinkPad X1 Carbon (Ryzen 7, 32GB, $1400)","Lenovo ThinkPad E14 (Ryzen 5, 16GB, $800)",-0.39208984375,-1.1259765625
42,"Lenovo ThinkPad X1 Carbon (Ryzen 7, 32GB, $1400)","Dell Inspiron 16 (i7, 16GB, $1100)",-0.39208984375,-1.1259765625
42,"Lenovo ThinkPad X1 Carbon (Ryzen 7, 32GB, $1400)","HP Spectre x360 (Ryzen 7, 32GB, $1200)",-0.3720703125,-1.1689453125
42,"Lenovo ThinkPad X1 Carbon (Ryzen 7, 32GB, $1400)","Dell XPS 15 (i7, 32GB, $1500)",-0.397216796875,-1.1162109375
42,"Lenovo ThinkPad X1 Carbon (Ryzen 7, 32GB, $1400)","Apple MacBook Air M3 (M3, 16GB, $1800)",-0.3349609375,-1.2568359375
42,"Lenovo ThinkPad X1 Carbon (Ryzen 7, 32GB, $1400)","Apple MacBook Pro 14-inch (M3, 32GB, $2220)",-0.32177734375,-1.291015625
42,"Lenovo ThinkPad X1 Carbon (Ryzen 7, 32GB, $1400)","Apple MacBook Pro 16-inch (M3, 64GB, $2800)",-0.32177734375,-1.291015625
42,"Apple MacBook Air M3 (M3, 16GB, $1800)","ASUS VivoBook 15 (i3, 8GB, $450)",-0.39208984375,-1.1259765625
42,"Apple MacBook Air M3 (M3, 16GB, $1800)","Lenovo IdeaPad 3 (i5, 8GB, $550)",-0.382080078125,-1.1474609375
42,"Apple MacBook Air M3 (M3, 16GB, $1800)","HP Pavilion 15 (Ryzen 5, 8GB, $600)",-0.362548828125,-1.1904296875
42,"Apple MacBook Air M3 (M3, 16GB, $1800)","ASUS ZenBook 14 (i5, 16GB, $700)",-0.4453125,-1.0234375
42,"Apple MacBook Air M3 (M3, 16GB, $1800)","Lenovo ThinkPad E14 (Ryzen 5, 16GB, $800)",-0.382080078125,-1.1474609375
42,"Apple MacBook Air M3 (M3, 16GB, $1800)","Dell Inspiron 16 (i7, 16GB, $1100)",-0.42333984375,-1.064453125
42,"Apple MacBook Air M3 (M3, 16GB, $1800)","HP Spectre x360 (Ryzen 7, 32GB, $1200)",-0.367431640625,-1.1796875
42,"Apple MacBook Air M3 (M3, 16GB, $1800)","Dell XPS 15 (i7, 32GB, $1500)",-0.407470703125,-1.0947265625
42,"Apple MacBook Air M3 (M3, 16GB, $1800)","Lenovo ThinkPad X1 Carbon (Ryzen 7, 32GB, $1400)",-0.397216796875,-1.1162109375
42,"Apple MacBook Air M3 (M3, 16GB, $1800)","Apple MacBook Pro 14-inch (M3, 32GB, $2220)",-0.4453125,-1.0234375
42,"Apple MacBook Air M3 (M3, 16GB, $1800)","Apple MacBook Pro 16-inch (M3, 64GB, $2800)",-0.4287109375,-1.0537109375
42,"Apple MacBook Pro 14-inch (M3, 32GB, $2220)","ASUS VivoBook 15 (i3, 8GB, $450)",-0.33056640625,-1.267578125
42,"Apple MacBook Pro 14-inch (M3, 32GB, $2220)","Lenovo IdeaPad 3 (i5, 8GB, $550)",-0.322021484375,-1.291015625
42,"Apple MacBook Pro 14-inch (M3, 32GB, $2220)","HP Pavilion 15 (Ryzen 5, 8GB, $600)",-0.313232421875,-1.3134765625
42,"Apple MacBook Pro 14-inch (M3, 32GB, $2220)","ASUS ZenBook 14 (i5, 16GB, $700)",-0.367431640625,-1.1796875
42,"Apple MacBook Pro 14-inch (M3, 32GB, $2220)","Lenovo ThinkPad E14 (Ryzen 5, 16GB, $800)",-0.30908203125,-1.3251953125
42,"Apple MacBook Pro 14-inch (M3, 32GB, $2220)","Dell Inspiron 16 (i7, 16GB, $1100)",-0.343994140625,-1.234375
42,"Apple MacBook Pro 14-inch (M3, 32GB, $2220)","HP Spectre x360 (Ryzen 7, 32GB, $1200)",-0.32177734375,-1.291015625
42,"Apple MacBook Pro 14-inch (M3, 32GB, $2220)","Dell XPS 15 (i7, 32GB, $1500)",-0.362548828125,-1.1904296875
42,"Apple MacBook Pro 14-inch (M3, 32GB, $2220)","Lenovo ThinkPad X1 Carbon (Ryzen 7, 32GB, $1400)",-0.343994140625,-1.234375
42,"Apple MacBook Pro 14-inch (M3, 32GB, $2220)","Apple MacBook Air M3 (M3, 16GB, $1800)",-0.391845703125,-1.1259765625
42,"Apple MacBook Pro 14-inch (M3, 32GB, $2220)","Apple MacBook Pro 16-inch (M3, 64GB, $2800)",-0.402099609375,-1.10546875
42,"Apple MacBook Pro 16-inch (M3, 64GB, $2800)","ASUS VivoBook 15 (i3, 8GB, $450)",-0.343994140625,-1.234375
42,"Apple MacBook Pro 16-inch (M3, 64GB, $2800)","Lenovo IdeaPad 3 (i5, 8GB, $550)",-0.3349609375,-1.2568359375
42,"Apple MacBook Pro 16-inch (M3, 64GB, $2800)","HP Pavilion 15 (Ryzen 5, 8GB, $600)",-0.326171875,-1.279296875
42,"Apple MacBook Pro 16-inch (M3, 64GB, $2800)","ASUS ZenBook 14 (i5, 16GB, $700)",-0.402099609375,-1.10546875
42,"Apple MacBook Pro 16-inch (M3, 64GB, $2800)","Lenovo ThinkPad E14 (Ryzen 5, 16GB, $800)",-0.326171875,-1.279296875
42,"Apple MacBook Pro 16-inch (M3, 64GB, $2800)","Dell Inspiron 16 (i7, 16GB, $1100)",-0.3720703125,-1.1689453125
42,"Apple MacBook Pro 16-inch (M3, 64GB, $2800)","HP Spectre x360 (Ryzen 7, 32GB, $1200)",-0.3349609375,-1.2568359375
42,"Apple MacBook Pro 16-inch (M3, 64GB, $2800)","Dell XPS 15 (i7, 32GB, $1500)",-0.3720703125,-1.1689453125
42,"Apple MacBook Pro 16-inch (M3, 64GB, $2800)","Lenovo ThinkPad X1 Carbon (Ryzen 7, 32GB, $1400)",-0.35791015625,-1.201171875
42,"Apple MacBook Pro 16-inch (M3, 64GB, $2800)","Apple MacBook Air M3 (M3, 16GB, $1800)",-0.434326171875,-1.0439453125
42,"Apple MacBook Pro 16-inch (M3, 64GB, $2800)","Apple MacBook Pro 14-inch (M3, 32GB, $2220)",-0.402099609375,-1.10546875
