Color,BT_Score
purple,0.5588790902069789
green,0.25726696178281117
yellow,-0.0008774337208521388
blue,-0.3775565324585415
red,-0.43771208581038223
