Color,BT_Score
blue,0.03201844640084772
red,0.032017849816959654
green,0.01600723895272438
yellow,-0.01600488030740621
purple,-0.06403865486313265
