Color,BT_Score
purple,0.6164652753254103
green,0.2588199607464077
yellow,0.023951930872385674
blue,-0.4147729594698859
red,-0.48446420747435326
