Color,BT_Score
purple,0.21071716820535613
green,0.10525480759959294
blue,0.024542319596605466
yellow,-0.023838361559825216
red,-0.31667593384175063
