Color,BT_Score
purple,0.03200426717931748
green,-1.0375230203862884e-06
red,-0.007998688702784307
blue,-0.008002396580913285
yellow,-0.016002144372606608
