Color,BT_Score
purple,0.5511774384287094
green,0.18342707877209818
yellow,-0.007500598372082834
blue,-0.12360113026832664
red,-0.6035027885603768
